cohort,feature_set,subsample_n,pattern_size,ancestor_size,n_shared,mean_abs_diff
prostate,baseline,40000,16,13,13,0.17141428805572634
prostate,baseline,40000,18,16,16,0.048734216084758926
prostate,baseline,40000,19,18,18,0.01801424023927361
prostate,baseline,40000,20,13,13,0.13129949145893607
prostate,baseline,40000,26,20,20,0.14989677205851637
prostate,baseline,40000,26,19,19,0.12417075324210099
prostate,baseline,40000,31,20,20,0.04511254178988015
prostate,baseline,40000,31,13,13,0.1284605368644472
prostate,baseline,40000,32,20,20,0.04742170415470661
prostate,baseline,40000,32,13,13,0.12648988890370993
prostate,baseline,40000,32,31,31,0.015638338873015915
prostate,baseline,40000,32,20,20,0.01780174949096906
prostate,baseline,40000,33,31,31,0.003190026679909917
prostate,baseline,40000,33,32,32,0.01310852217108277
prostate,baseline,40000,34,33,33,0.009466358056572116
prostate,baseline,40000,34,32,32,0.013774939004626816
prostate,baseline,40000,34,31,31,0.022805306276380867
prostate,baseline,40000,35,34,34,0.05648395693488173
prostate,baseline,40000,37,33,33,0.11262514982364102
prostate,baseline,40000,37,32,32,0.1065401410435001
prostate,baseline,40000,37,16,16,0.15075220646662366
prostate,baseline,40000,37,33,33,0.11182016559535066
prostate,baseline,40000,37,32,32,0.007277476537582779
prostate,baseline,40000,38,37,37,0.01173518091812063
prostate,baseline,40000,38,32,32,0.017021481147858862
prostate,baseline,40000,38,32,32,0.11160107010328482
prostate,baseline,40000,38,31,31,0.018867241608160005
prostate,baseline,40000,38,35,35,0.004514283215342311
prostate,baseline,40000,38,32,32,0.12668695334600266
prostate,baseline,40000,38,16,16,0.20668628381857912
prostate,baseline,40000,39,38,38,0.05017957036801957
prostate,baseline,40000,40,39,39,0.008250520981665673
prostate,baseline,40000,40,35,35,0.006487087045668449
prostate,baseline,40000,40,33,33,0.12026523579129753
prostate,baseline,40000,42,37,37,0.1096090812695186
prostate,baseline,40000,42,16,16,0.19280262236544277
prostate,baseline,40000,43,37,37,0.11739147993522397
prostate,baseline,40000,43,16,16,0.21555181181680666
prostate,baseline,40000,46,34,34,0.19850139376343287
prostate,baseline,40000,46,33,33,0.18544548513904427
prostate,baseline,40000,48,37,37,0.05657955362013357
prostate,baseline,40000,49,38,38,0.027086077192370356
prostate,baseline,40000,49,34,34,0.11896604086608101
prostate,baseline,40000,49,34,34,0.023461837967607774
prostate,baseline,40000,49,13,13,0.23445144139466892
prostate,baseline,40000,50,20,20,0.12983594880770874
prostate,baseline,40000,51,40,40,0.01428398892220759
prostate,baseline,40000,51,38,38,0.01591632576859765
prostate,baseline,40000,51,34,34,0.12235668976062597
prostate,baseline,40000,51,16,16,0.16122514978216165
prostate,baseline,40000,52,51,51,0.02030442863781666
prostate,baseline,40000,52,49,49,0.05041397665887723
prostate,baseline,40000,53,34,34,0.027447635673102502
prostate,baseline,40000,53,40,40,0.015280768392750142
prostate,baseline,40000,53,38,38,0.015331450919435741
prostate,baseline,40000,53,34,34,0.11388707373187679
prostate,baseline,40000,54,33,33,0.02043177538243977
prostate,baseline,40000,54,34,34,0.03066992913104028
prostate,baseline,40000,54,33,33,0.029986229833375618
prostate,baseline,40000,54,52,52,0.24946063319146747
prostate,baseline,40000,54,50,50,0.17045876049952477
prostate,baseline,40000,54,46,46,0.2039971158407475
prostate,baseline,40000,54,49,49,0.19800501373508061
prostate,baseline,40000,55,20,20,0.036981479336395985
prostate,baseline,40000,55,37,37,0.09896654251534191
prostate,baseline,40000,55,16,16,0.17981395230254976
prostate,baseline,40000,55,32,32,0.14187295667563726
prostate,baseline,40000,55,31,31,0.14611170127293005
prostate,baseline,40000,55,32,32,0.07330905643428934
prostate,baseline,40000,55,32,32,0.13504335731088143
prostate,baseline,40000,55,31,31,0.058094893853123886
prostate,baseline,40000,55,32,32,0.10836207825981645
prostate,baseline,40000,55,31,31,0.10823596463130399
prostate,baseline,40000,55,16,16,0.19182053093123094
prostate,baseline,40000,56,20,20,0.05865093066775173
prostate,baseline,40000,56,20,20,0.06118447341870907
prostate,baseline,40000,56,52,52,0.006042158096286304
prostate,baseline,40000,56,48,48,0.026694466342029193
prostate,baseline,40000,57,56,56,0.0037338920368229513
prostate,baseline,40000,57,49,49,0.12517085981813775
prostate,baseline,40000,57,34,34,0.15220197317433426
prostate,baseline,40000,57,32,32,0.13416253793330432
prostate,baseline,40000,57,35,35,0.016544810944329972
prostate,baseline,40000,57,33,33,0.12337211556306046
prostate,baseline,40000,57,13,13,0.25212787128235187
prostate,baseline,40000,57,32,32,0.12528860006729953
prostate,baseline,40000,57,26,26,0.13308562263710777
prostate,baseline,40000,59,26,26,0.1985830781678746
prostate,baseline,40000,59,46,46,0.0739389698929626
prostate,baseline,40000,59,13,13,0.1316753385298619
prostate,baseline,40000,59,37,37,0.07781648099979885
prostate,baseline,40000,59,34,34,0.1337174620199978
prostate,baseline,40000,59,26,26,0.05542679742848547
prostate,baseline,40000,59,33,33,0.015698786613071867
prostate,baseline,40000,59,34,34,0.03230082584929761
prostate,baseline,40000,59,20,20,0.16284282319323612
prostate,baseline,40000,60,34,34,0.10453741561069456
prostate,baseline,40000,60,33,33,0.10503477455689342
prostate,baseline,40000,60,34,34,0.17965195369491174
prostate,baseline,40000,60,33,33,0.18701550664689323
prostate,baseline,40000,60,20,20,0.04652276992027827
prostate,baseline,40000,60,48,48,0.01118893543464444
prostate,baseline,40000,60,59,59,0.010313489146020078
prostate,baseline,40000,60,34,34,0.015226186102794095
prostate,baseline,40000,60,32,32,0.03502670618408035
prostate,baseline,40000,60,31,31,0.03578532289903575
prostate,baseline,40000,60,59,59,0.1398730853666915
prostate,baseline,40000,60,49,49,0.05861376092242861
prostate,baseline,40000,61,59,59,0.09763581403870945
prostate,baseline,40000,61,54,54,0.10201189096690401
prostate,baseline,40000,61,32,32,0.19150950824721114
prostate,baseline,40000,61,60,60,0.02599954605721988
prostate,baseline,40000,61,59,59,0.002461041904622514
prostate,baseline,40000,61,54,54,0.014446707587705322
prostate,baseline,40000,61,54,54,0.012676014846771092
prostate,baseline,40000,61,60,60,0.16254316900067423
prostate,baseline,40000,61,20,20,0.2491703687450785
prostate,baseline,40000,61,20,20,0.20430764828125056
prostate,baseline,40000,61,13,13,0.25200083404937185
prostate,baseline,40000,62,20,20,0.17887440831799112
prostate,baseline,40000,62,56,56,0.09007421278504604
prostate,baseline,40000,62,55,55,0.09627333920604028
prostate,baseline,40000,62,43,43,0.09247582038010847
prostate,baseline,40000,62,42,42,0.1090668732463523
prostate,baseline,40000,62,38,38,0.10555195524175824
prostate,baseline,40000,62,37,37,0.1908511284413989
prostate,baseline,40000,62,26,26,0.1634577589458019
prostate,baseline,40000,62,61,61,0.26597822737924764
prostate,baseline,40000,62,32,32,0.027881364445160574
prostate,baseline,40000,62,32,32,0.12567941678062908
prostate,baseline,40000,62,31,31,0.03268068146189972
prostate,baseline,40000,62,20,20,0.09389905648641375
prostate,baseline,40000,62,61,61,0.12119454523706125
prostate,baseline,40000,62,34,34,0.12447676807101388
prostate,baseline,40000,62,61,61,0.024030407399174634
prostate,baseline,40000,62,61,61,0.07913814272123276
prostate,baseline,40000,62,60,60,0.01618504596162075
prostate,baseline,40000,62,61,61,0.17025182097828323
prostate,baseline,40000,62,61,61,0.05209394826153177
prostate,baseline,40000,62,60,60,0.05426155183277197
prostate,baseline,40000,62,59,59,0.0437979341205062
prostate,baseline,40000,62,61,61,0.15710645755513564
prostate,baseline,40000,62,59,59,0.1498932864958818
prostate,baseline,40000,62,54,54,0.14585015134001625
prostate,baseline,40000,63,60,60,0.07644573289462624
prostate,baseline,40000,63,54,54,0.13356185118569772
prostate,baseline,40000,63,37,37,0.07353626751974615
prostate,baseline,40000,63,33,33,0.12633994268367216
prostate,baseline,40000,63,60,60,0.10716287700685952
prostate,baseline,40000,63,62,62,0.265121090596484
prostate,baseline,40000,63,62,62,0.24283577989728147
prostate,baseline,40000,63,20,20,0.1872598356322651
prostate,baseline,40000,63,33,33,0.027471029867310367
prostate,baseline,40000,63,20,20,0.17315897569953853
prostate,baseline,40000,63,62,62,0.16260052250096388
prostate,baseline,40000,63,62,62,0.12284209916475126
prostate,baseline,40000,63,60,60,0.012794967680975374
prostate,baseline,40000,63,34,34,0.02576244183867805
prostate,baseline,40000,63,32,32,0.12915147202044971
prostate,baseline,40000,63,31,31,0.13140780499446364
prostate,baseline,40000,63,32,32,0.0349586001627132
prostate,baseline,40000,63,20,20,0.14781176874513463
prostate,baseline,40000,63,32,32,0.1495753161426404
prostate,baseline,40000,63,26,26,0.10258536418458862
prostate,baseline,40000,63,20,20,0.05843151256232715
prostate,baseline,40000,63,34,34,0.026189128608302692
prostate,baseline,40000,63,33,33,0.0291028668723502
prostate,baseline,40000,63,62,62,0.05008177259268205
prostate,baseline,40000,63,62,62,0.10897458717277667
prostate,baseline,40000,63,26,26,0.04727162950858918
prostate,baseline,40000,63,20,20,0.04438251135179121
prostate,baseline,40000,63,62,62,0.15974112187335518
prostate,baseline,40000,63,60,60,0.09350644405230578
prostate,baseline,40000,63,54,54,0.192135876439284
prostate,baseline,40000,63,34,34,0.2317490831148628
prostate,baseline,40000,63,56,56,0.015750760773818706
prostate,baseline,40000,63,53,53,0.00877155491373127
prostate,baseline,40000,63,51,51,0.010841691667744326
prostate,baseline,40000,64,34,34,0.02315130640369527
prostate,baseline,40000,64,33,33,0.028564405740174256
prostate,baseline,40000,64,20,20,0.34516180529158064
prostate,baseline,40000,64,63,63,0.10316896135408823
prostate,baseline,40000,64,55,55,0.08328808661491985
prostate,baseline,40000,64,32,32,0.15731126367082565
prostate,baseline,40000,64,31,31,0.16114403278369602
prostate,baseline,40000,64,63,63,0.005248217601379026
prostate,baseline,40000,64,55,55,0.011448130260858417
prostate,baseline,40000,64,53,53,0.01062806762661582
prostate,baseline,40000,64,63,63,0.01663131641601033
prostate,baseline,40000,64,61,61,0.12605126351317356
prostate,baseline,40000,64,32,32,0.03123101510704702
prostate,baseline,40000,64,63,63,0.005338252788227848
prostate,baseline,40000,64,34,34,0.11272326231865973
prostate,baseline,40000,64,33,33,0.11699250204468355
prostate,baseline,40000,64,56,56,0.22662073054074888
prostate,baseline,40000,64,53,53,0.25029706201231755
prostate,baseline,40000,64,51,51,0.2538821431074818
prostate,baseline,40000,64,55,55,0.08950067831242507
prostate,baseline,40000,64,60,60,0.07193502595597741
prostate,baseline,40000,64,59,59,0.0193519924380031
prostate,baseline,40000,64,38,38,0.019883211122731108
prostate,baseline,40000,64,34,34,0.016278443430099765
prostate,baseline,40000,64,32,32,0.03062888402826386
prostate,baseline,40000,64,53,53,0.08949597392302441
prostate,baseline,40000,64,33,33,0.12657574082493903
prostate,baseline,40000,64,20,20,0.0612627542029192
prostate,baseline,40000,64,34,34,0.02702043694259093
prostate,baseline,40000,64,32,32,0.07710015933680942
prostate,baseline,40000,64,38,38,0.028576886707328206
prostate,baseline,40000,64,34,34,0.11730756384634063
prostate,baseline,40000,64,34,34,0.025363242973064914
prostate,baseline,40000,64,63,63,0.017814034382580488
prostate,baseline,40000,64,63,63,0.30420280717496506
prostate,baseline,40000,64,60,60,0.3168370557016367
prostate,baseline,40000,64,20,20,0.1457423052342109
prostate,baseline,40000,64,13,13,0.2538631800929709
prostate,baseline,40000,64,63,63,0.25950536850631023
prostate,baseline,40000,64,62,62,0.24628077515157384
prostate,baseline,40000,64,62,62,0.239500770766283
prostate,baseline,40000,64,20,20,0.06271217566708523
prostate,baseline,40000,64,62,62,0.03933528473642937
prostate,baseline,40000,64,56,56,0.17411826889478846
prostate,baseline,40000,65,60,60,0.12945399168161678
prostate,baseline,40000,65,59,59,0.13806093127237296
prostate,baseline,40000,65,59,59,0.14392111999679474
prostate,baseline,40000,65,64,64,0.0048506131570909185
prostate,baseline,40000,65,60,60,0.18146779431648188
prostate,baseline,40000,65,59,59,0.18742758507461196
prostate,baseline,40000,65,59,59,0.18559999758427112
prostate,baseline,40000,65,64,64,0.01530404010105354
prostate,baseline,40000,65,63,63,0.07490510411220767
prostate,baseline,40000,65,55,55,0.0108363378091097
prostate,baseline,40000,65,64,64,0.15746792292471867
prostate,baseline,40000,65,60,60,0.023465490329044793
prostate,baseline,40000,65,59,59,0.05115738874366881
prostate,baseline,40000,65,59,59,0.09538409322030436
prostate,baseline,40000,65,54,54,0.09798760641570135
prostate,baseline,40000,65,37,37,0.10638835787086945
prostate,baseline,40000,65,34,34,0.13455466290138005
prostate,baseline,40000,65,26,26,0.11102342950622045
prostate,baseline,40000,65,64,64,0.014304290658614851
prostate,baseline,40000,65,64,64,0.07866212839834869
prostate,baseline,40000,65,64,64,0.032419013806153085
prostate,baseline,40000,65,64,64,0.00453056796029936
prostate,baseline,40000,65,64,64,0.005714590638104121
prostate,baseline,40000,65,62,62,0.020496572460396354
prostate,baseline,40000,65,48,48,0.1269312484111509
prostate,baseline,40000,65,64,64,0.04344902845435275
prostate,baseline,40000,65,63,63,0.0036586444921406914
prostate,baseline,40000,65,60,60,0.014984035271864439
prostate,baseline,40000,65,57,57,0.010435794005414601
prostate,baseline,40000,65,32,32,0.040161421964442744
prostate,baseline,40000,65,37,37,0.15650735384354278
prostate,baseline,40000,65,64,64,0.01696193750489958
prostate,baseline,40000,65,64,64,0.004807566392075096
prostate,baseline,40000,65,61,61,0.07696725100211307
prostate,baseline,40000,65,49,49,0.009624992203076626
prostate,baseline,40000,65,38,38,0.17144632548721472
prostate,baseline,40000,65,64,64,0.0028904671211866452
prostate,baseline,40000,65,64,64,0.007868573062473407
prostate,baseline,40000,65,63,63,0.0019793782868437228
prostate,baseline,40000,65,34,34,0.022611709248906552
prostate,baseline,40000,65,55,55,0.276655038345314
prostate,baseline,40000,65,46,46,0.347722099594529
prostate,baseline,40000,65,20,20,0.059071225174067286
prostate,baseline,40000,65,63,63,0.13593588462450185
prostate,baseline,40000,65,34,34,0.18086256217566896
prostate,baseline,40000,65,64,64,0.13113668944969217
prostate,baseline,40000,65,20,20,0.1767841512474213
prostate,baseline,40000,65,64,64,0.11080620128760926
prostate,baseline,40000,65,62,62,0.10134842706840441
prostate,baseline,40000,65,60,60,0.15170011131803512
prostate,baseline,40000,66,20,20,0.1778558733535013
prostate,baseline,40000,66,20,20,0.11839654515817663
prostate,baseline,40000,66,65,65,0.11650229740734874
prostate,baseline,40000,66,63,63,0.11639396932159168
prostate,baseline,40000,66,65,65,0.1292941526299727
prostate,baseline,40000,66,60,60,0.12260507482297973
prostate,baseline,40000,66,37,37,0.07087278366090828
prostate,baseline,40000,66,26,26,0.0927420331006837
prostate,baseline,40000,66,34,34,0.12031341547281886
prostate,baseline,40000,66,34,34,0.02650885164436247
prostate,baseline,40000,66,65,65,0.010252078589340383
prostate,baseline,40000,66,65,65,0.018948052088370696
prostate,baseline,40000,66,65,65,0.04372877798902224
prostate,baseline,40000,66,57,57,0.008269209535815319
prostate,baseline,40000,66,26,26,0.27458669424372095
prostate,baseline,40000,66,34,34,0.02381420657256985
prostate,baseline,40000,66,33,33,0.02819581379749802
prostate,baseline,40000,66,65,65,0.11915741733412956
prostate,baseline,40000,66,57,57,0.027099083263459993
prostate,baseline,40000,66,56,56,0.0509829816911813
prostate,baseline,40000,66,32,32,0.07314743148188839
prostate,baseline,40000,66,31,31,0.05654377984384104
prostate,baseline,40000,66,65,65,0.002848556268732358
prostate,baseline,40000,66,53,53,0.009858893267046576
prostate,baseline,40000,66,33,33,0.029061136283891703
prostate,baseline,40000,66,65,65,0.19942582539510564
prostate,baseline,40000,66,62,62,0.09545129304824156
prostate,baseline,40000,66,65,65,0.16781554048818764
prostate,baseline,40000,66,62,62,0.09728567839099482
prostate,baseline,40000,66,26,26,0.14026246641086473
prostate,baseline,40000,66,65,65,0.18878843748125684
prostate,baseline,40000,66,63,63,0.14978128398476942
prostate,baseline,40000,66,20,20,0.03894825270925029
prostate,baseline,40000,66,20,20,0.2025685113561988
prostate,baseline,40000,66,38,38,0.2309632542636462
prostate,baseline,40000,66,34,34,0.22833158695456846
prostate,baseline,40000,66,65,65,0.04115366529373682
prostate,baseline,40000,66,65,65,0.09048026064982621
prostate,baseline,40000,66,63,63,0.0261004263268174
prostate,baseline,40000,66,65,65,0.13423476955885877
prostate,baseline,40000,66,46,46,0.12624397010259322
prostate,baseline,40000,66,20,20,0.17484170504336088
prostate,baseline,40000,66,65,65,0.029359064471183208
prostate,baseline,40000,66,65,65,0.007878421729094974
prostate,baseline,40000,66,65,65,0.07737208297673498
prostate,baseline,40000,66,62,62,0.007954300088798527
prostate,baseline,40000,66,34,34,0.024230643127648797
prostate,baseline,40000,66,33,33,0.029054477281456315
prostate,baseline,40000,66,64,64,0.1517453627830727
prostate,baseline,40000,67,38,38,0.02927723821723759
prostate,baseline,40000,67,34,34,0.11776207387697879
prostate,baseline,40000,67,34,34,0.023528043851178192
prostate,baseline,40000,67,66,66,0.059345276912754714
prostate,baseline,40000,67,65,65,0.019821968317187407
prostate,baseline,40000,67,64,64,0.0905295798178935
prostate,baseline,40000,67,63,63,0.027827362075068876
prostate,baseline,40000,67,59,59,0.052178765189290904
prostate,baseline,40000,67,64,64,0.010701677057902384
prostate,baseline,40000,67,38,38,0.025104214653778278
prostate,baseline,40000,67,34,34,0.11536582830845502
prostate,baseline,40000,67,34,34,0.023323368387268718
prostate,baseline,40000,67,38,38,0.1790756357970439
prostate,baseline,40000,67,32,32,0.17607367447472144
prostate,baseline,40000,67,20,20,0.06210939654781802
prostate,baseline,40000,67,66,66,0.17014487246891657
prostate,baseline,40000,67,49,49,0.2214553150580872
prostate,baseline,40000,67,62,62,0.017339552302132664
prostate,baseline,40000,67,53,53,0.015255446573788342
prostate,baseline,40000,67,33,33,0.02648864599825818
prostate,baseline,40000,67,53,53,0.012161421584865457
prostate,baseline,40000,67,33,33,0.02827417506506752
prostate,baseline,40000,67,64,64,0.06945574035405389
prostate,baseline,40000,67,37,37,0.02855886514552658
prostate,baseline,40000,67,66,66,0.19221227136382074
prostate,baseline,40000,67,66,66,0.10529309285866728
prostate,baseline,40000,67,65,65,0.08797953768535731
prostate,baseline,40000,67,50,50,0.0990978493360395
prostate,baseline,40000,67,66,66,0.11851017806210143
prostate,baseline,40000,67,65,65,0.07131476333477711
prostate,baseline,40000,67,64,64,0.05546968238350948
prostate,baseline,40000,67,63,63,0.06060116442061402
prostate,baseline,40000,67,62,62,0.08493245740604471
prostate,baseline,40000,67,57,57,0.05165911014420807
prostate,baseline,40000,67,57,57,0.0664508097703345
prostate,baseline,40000,67,20,20,0.12405421660168343
prostate,baseline,40000,67,34,34,0.0705993544228596
prostate,baseline,40000,67,33,33,0.07503897150889606
prostate,baseline,40000,67,32,32,0.1454992232237078
prostate,baseline,40000,67,34,34,0.08847492955384824
prostate,baseline,40000,67,33,33,0.08979076851146768
prostate,baseline,40000,67,56,56,0.01416992101680764
prostate,baseline,40000,67,32,32,0.02676790402845755
prostate,baseline,40000,67,20,20,0.062304925636069416
prostate,baseline,40000,67,66,66,0.21710676785070213
prostate,baseline,40000,67,66,66,0.0908286431640344
prostate,baseline,40000,67,66,66,0.14105743956053865
prostate,baseline,40000,67,62,62,0.0896252860420638
prostate,baseline,40000,67,55,55,0.06353555642930078
prostate,baseline,40000,67,66,66,0.14117648233912541
prostate,baseline,40000,67,46,46,0.04662013717552272
prostate,baseline,40000,67,64,64,0.005758735986092405
prostate,baseline,40000,67,63,63,0.06284290036738614
prostate,baseline,40000,67,66,66,0.03895702376031584
prostate,baseline,40000,67,64,64,0.038922225172080466
prostate,baseline,40000,67,63,63,0.009587237094963728
prostate,baseline,40000,67,34,34,0.024455029778977944
prostate,baseline,40000,67,20,20,0.1874683822104221
prostate,baseline,40000,67,66,66,0.04505728883943016
prostate,baseline,40000,67,34,34,0.023573159642879853
prostate,baseline,40000,67,65,65,0.1995511693108807
prostate,baseline,40000,67,65,65,0.13262935013859914
prostate,baseline,40000,67,65,65,0.23414798651412158
prostate,baseline,40000,67,61,61,0.19311476846318926
prostate,baseline,40000,67,63,63,0.07058600239083383
prostate,baseline,40000,67,37,37,0.029786065117769694
prostate,baseline,40000,67,34,34,0.11630053736142107
prostate,baseline,40000,67,51,51,0.014582082379544814
prostate,baseline,40000,67,26,26,0.2610583891075985
prostate,baseline,40000,67,66,66,0.19671264482099315
prostate,baseline,40000,67,66,66,0.10240899748786128
prostate,baseline,40000,67,63,63,0.06782966236174924
prostate,baseline,40000,67,49,49,0.051927884802844125
prostate,baseline,40000,67,65,65,0.17663005442470772
prostate,baseline,40000,67,65,65,0.14815843655293695
prostate,baseline,40000,67,63,63,0.1931809228935613
prostate,baseline,40000,67,49,49,0.18522860996101756
prostate,baseline,40000,67,46,46,0.14777932259167814
prostate,baseline,40000,67,34,34,0.024015890453524546
prostate,baseline,40000,67,33,33,0.028877021948825864
prostate,baseline,40000,67,63,63,0.06881886976391893
prostate,baseline,40000,67,37,37,0.023027653821671316
prostate,baseline,40000,67,66,66,0.01670833305046067
prostate,baseline,40000,67,66,66,0.006218862046501467
prostate,baseline,40000,67,65,65,0.0033575419210592787
prostate,baseline,40000,67,64,64,0.0037891849652027087
prostate,baseline,40000,67,64,64,0.006942044143221437
prostate,baseline,40000,67,64,64,0.01301373105542452
prostate,baseline,40000,67,54,54,0.023473953313155604
prostate,baseline,40000,68,67,67,0.3142644086423654
prostate,baseline,40000,68,67,67,0.10157687546939953
prostate,baseline,40000,68,67,67,0.17825968292504601
prostate,baseline,40000,68,67,67,0.054252927495186766
prostate,baseline,40000,68,63,63,0.12602176770560927
prostate,baseline,40000,68,62,62,0.023848445448926104
prostate,baseline,40000,68,65,65,0.04367012258408529
prostate,baseline,40000,68,40,40,0.14480005214351993
prostate,baseline,40000,68,38,38,0.13857052317566754
prostate,baseline,40000,68,34,34,0.11514968497703815
prostate,baseline,40000,68,20,20,0.13632138725085044
prostate,baseline,40000,68,67,67,0.019031780928600556
prostate,baseline,40000,68,55,55,0.09224617162518933
prostate,baseline,40000,68,53,53,0.09467986332352583
prostate,baseline,40000,68,52,52,0.014837262588061204
prostate,baseline,40000,68,67,67,0.155539052058663
prostate,baseline,40000,68,67,67,0.08512673392332702
prostate,baseline,40000,68,38,38,0.13120324588185256
prostate,baseline,40000,68,37,37,0.15437568742847427
prostate,baseline,40000,68,34,34,0.15813071838342532
prostate,baseline,40000,68,34,34,0.1410585637928852
prostate,baseline,40000,68,26,26,0.1367688452757682
prostate,baseline,40000,68,67,67,0.15055263730535934
prostate,baseline,40000,68,65,65,0.005413176549015082
prostate,baseline,40000,68,37,37,0.028213203315617597
prostate,baseline,40000,68,34,34,0.11581373898279483
prostate,baseline,40000,68,63,63,0.30181777545620964
prostate,baseline,40000,68,56,56,0.34844844229679434
prostate,baseline,40000,68,31,31,0.3156055230435028
prostate,baseline,40000,68,60,60,0.04650003382168783
prostate,baseline,40000,68,56,56,0.017889534400993334
prostate,baseline,40000,68,53,53,0.09519263556283938
prostate,baseline,40000,68,67,67,0.14931236823996147
prostate,baseline,40000,68,67,67,0.2110172768836935
prostate,baseline,40000,68,54,54,0.03900116786464385
prostate,baseline,40000,68,67,67,0.11265167564585092
prostate,baseline,40000,68,67,67,0.09676921445171031
prostate,baseline,40000,68,64,64,0.060643253604802966
prostate,baseline,40000,68,63,63,0.11268558014535983
prostate,baseline,40000,68,67,67,0.14915130048820177
prostate,baseline,40000,68,61,61,0.026418461379620013
prostate,baseline,40000,68,67,67,0.26906269744438027
prostate,baseline,40000,68,65,65,0.03691744269866699
prostate,baseline,40000,68,67,67,0.0066690168642843115
prostate,baseline,40000,68,65,65,0.006699464690560416
prostate,baseline,40000,68,34,34,0.021239263934700423
prostate,baseline,40000,68,66,66,0.08459408019727074
prostate,baseline,40000,68,64,64,0.1448628195185323
prostate,baseline,40000,68,63,63,0.09370243774751846
prostate,baseline,40000,68,62,62,0.11467606433919017
prostate,baseline,40000,68,67,67,0.006869085149797813
prostate,baseline,40000,68,67,67,0.0012853891551636162
prostate,baseline,40000,68,67,67,0.017544723340178456
prostate,baseline,40000,68,67,67,0.0025573128352110036
prostate,baseline,40000,68,66,66,0.0023931966029419756
prostate,baseline,40000,68,65,65,0.00552694762762967
prostate,baseline,40000,68,67,67,0.22792730104552977
prostate,baseline,40000,68,67,67,0.252386413635112
prostate,baseline,40000,68,62,62,0.2586955601360262
prostate,baseline,40000,68,67,67,0.041232159432745774
prostate,baseline,40000,68,67,67,0.005541696948973926
prostate,baseline,40000,68,48,48,0.026613782180306716
prostate,baseline,40000,68,48,48,0.13206665596985218
prostate,baseline,40000,68,67,67,0.17332525135368088
prostate,baseline,40000,68,66,66,0.10155586024456748
prostate,baseline,40000,68,64,64,0.09300196488405295
prostate,baseline,40000,68,57,57,0.08043320771287264
prostate,baseline,40000,68,48,48,0.09176848756487725
prostate,baseline,40000,68,42,42,0.04207880788438149
prostate,baseline,40000,68,40,40,0.10202022916968093
prostate,baseline,40000,68,38,38,0.10225813300171636
prostate,baseline,40000,68,38,38,0.035937086386190926
prostate,baseline,40000,68,37,37,0.14390331956940505
prostate,baseline,40000,68,33,33,0.10044532595314133
prostate,baseline,40000,68,60,60,0.0063933811130540705
prostate,baseline,40000,68,67,67,0.22526123655449637
prostate,baseline,40000,68,60,60,0.17867984421244304
prostate,baseline,40000,68,34,34,0.16430273644605392
prostate,baseline,40000,68,26,26,0.25894157444862875
prostate,baseline,40000,68,67,67,0.09994047841928155
prostate,baseline,40000,68,49,49,0.03967867914633515
prostate,baseline,40000,68,67,67,0.12562600323007966
prostate,baseline,40000,68,49,49,0.07677684003750393
prostate,baseline,40000,68,65,65,0.1221637823097396
prostate,baseline,40000,68,64,64,0.09253876535447815
prostate,baseline,40000,68,55,55,0.055034070080616546
prostate,baseline,40000,68,55,55,0.039307235086955036
prostate,baseline,40000,68,56,56,0.029532753826676583
prostate,baseline,40000,68,63,63,0.10796755146351772
prostate,baseline,40000,68,55,55,0.12622277150062236
prostate,baseline,40000,68,67,67,0.0027477034202024833
prostate,baseline,40000,68,67,67,0.008935784981449424
prostate,baseline,40000,68,64,64,0.014402282599515759
prostate,baseline,40000,68,65,65,0.18252978073111156
prostate,baseline,40000,68,33,33,0.23150228206414822
prostate,baseline,40000,68,67,67,0.0041914862857398245
prostate,baseline,40000,68,67,67,0.025626028165926747
prostate,baseline,40000,68,67,67,0.007200410655521638
prostate,baseline,40000,68,67,67,0.045519400477535
prostate,baseline,40000,68,65,65,0.04338866530429903
prostate,baseline,40000,68,67,67,0.18057740361094085
prostate,baseline,40000,68,62,62,0.16606461649726995
prostate,baseline,40000,68,67,67,0.0511199626927841
prostate,baseline,40000,68,67,67,0.1272808443004274
prostate,baseline,40000,68,65,65,0.014430014084599934
prostate,baseline,40000,68,67,67,0.25040192048090637
prostate,baseline,40000,68,60,60,0.2961392820259365
prostate,baseline,40000,68,61,61,0.025106178034260154
prostate,baseline,40000,69,34,34,0.06702051712187462
prostate,baseline,40000,69,37,37,0.1208715788245008
prostate,baseline,40000,69,34,34,0.12145278135873122
prostate,baseline,40000,69,26,26,0.1875956327053333
prostate,baseline,40000,69,68,68,0.009792584408676091
prostate,baseline,40000,69,68,68,0.08078533728148612
prostate,baseline,40000,69,67,67,0.004538808709524015
prostate,baseline,40000,69,67,67,0.04107849175681226
prostate,baseline,40000,69,66,66,0.017922125146035018
prostate,baseline,40000,69,60,60,0.10627303620897637
prostate,baseline,40000,69,68,68,0.1944298480447516
prostate,baseline,40000,69,68,68,0.1369700664805361
prostate,baseline,40000,69,68,68,0.2326819345432766
prostate,baseline,40000,69,63,63,0.161385403577825
prostate,baseline,40000,69,68,68,0.07845237252953917
prostate,baseline,40000,69,66,66,0.00890867687120884
prostate,baseline,40000,69,64,64,0.04966501582550889
prostate,baseline,40000,69,63,63,0.04976673763401192
prostate,baseline,40000,69,34,34,0.022213573265480322
prostate,baseline,40000,69,33,33,0.02673705583484654
prostate,baseline,40000,69,68,68,0.016939840222999897
prostate,baseline,40000,69,66,66,0.0038059060930758118
prostate,baseline,40000,69,65,65,0.015330058174209626
prostate,baseline,40000,69,65,65,0.015510314474932991
prostate,baseline,40000,69,65,65,0.06705910327607371
prostate,baseline,40000,69,63,63,0.013674048745380387
prostate,baseline,40000,69,62,62,0.0067324089845908885
prostate,baseline,40000,69,60,60,0.017063359933128422
prostate,baseline,40000,69,49,49,0.01737720310519821
prostate,baseline,40000,69,68,68,0.05228858148542545
prostate,baseline,40000,69,68,68,0.10228072499437837
prostate,baseline,40000,69,68,68,0.05586689820196083
prostate,baseline,40000,69,68,68,0.07532212134466662
prostate,baseline,40000,69,66,66,0.11643468611304622
prostate,baseline,40000,69,65,65,0.1068431549453775
prostate,baseline,40000,69,49,49,0.0374333207987012
prostate,baseline,40000,69,65,65,0.01742333911314047
prostate,baseline,40000,69,64,64,0.019946501127063455
prostate,baseline,40000,69,33,33,0.02810965354554375
prostate,baseline,40000,69,68,68,0.13443246362535827
prostate,baseline,40000,69,65,65,0.07954489661206762
prostate,baseline,40000,69,56,56,0.2515277077535628
prostate,baseline,40000,69,34,34,0.023298305626003893
prostate,baseline,40000,69,33,33,0.028752135241671088
prostate,baseline,40000,69,34,34,0.024121624888620043
prostate,baseline,40000,69,33,33,0.028904580328120114
prostate,baseline,40000,69,20,20,0.04315998090915289
prostate,baseline,40000,69,63,63,0.005767508306693304
prostate,baseline,40000,69,68,68,0.1024458304050597
prostate,baseline,40000,69,68,68,0.17390167242110294
prostate,baseline,40000,69,20,20,0.0392016486107142
prostate,baseline,40000,69,67,67,0.11648680291412282
prostate,baseline,40000,69,66,66,0.11184790264490956
prostate,baseline,40000,69,66,66,0.01943449766728947
prostate,baseline,40000,69,65,65,0.044420973337513145
prostate,baseline,40000,69,63,63,0.035863415540952966
prostate,baseline,40000,69,60,60,0.1035101071307535
prostate,baseline,40000,69,49,49,0.13904376166936272
prostate,baseline,40000,69,34,34,0.3145967219132804
prostate,baseline,40000,69,33,33,0.32318405917695736
prostate,baseline,40000,69,67,67,0.027814924291707892
prostate,baseline,40000,69,55,55,0.15626206991005862
prostate,baseline,40000,69,66,66,0.010581157036635275
prostate,baseline,40000,69,55,55,0.015150342689353336
prostate,baseline,40000,69,64,64,0.20574697583651141
prostate,baseline,40000,69,63,63,0.012225619408309305
prostate,baseline,40000,69,33,33,0.024655296451973497
prostate,baseline,40000,69,33,33,0.020699937636269063
prostate,baseline,40000,69,38,38,0.10493733116463924
prostate,baseline,40000,69,37,37,0.11237636796936927
prostate,baseline,40000,69,34,34,0.15489685570059664
prostate,baseline,40000,69,34,34,0.11060457629656806
prostate,baseline,40000,69,64,64,0.16562563572220904
prostate,baseline,40000,69,49,49,0.1472243622932727
prostate,baseline,40000,69,13,13,0.14113517626714336
prostate,baseline,40000,69,34,34,0.023246979442106297
prostate,baseline,40000,69,33,33,0.02803242756772423
prostate,baseline,40000,69,68,68,0.0028202426681309
prostate,baseline,40000,69,68,68,0.04067080147083741
prostate,baseline,40000,69,65,65,0.01230242190070016
prostate,baseline,40000,69,65,65,0.005415557067371725
prostate,baseline,40000,69,63,63,0.006417427338230123
prostate,baseline,40000,69,68,68,0.17259826141624693
prostate,baseline,40000,69,50,50,0.0996227188148775
prostate,baseline,40000,69,46,46,0.17896699327263418
prostate,baseline,40000,69,34,34,0.021940826915656755
prostate,baseline,40000,69,33,33,0.024666636334722367
prostate,baseline,40000,69,20,20,0.12839268293492037
prostate,baseline,40000,69,67,67,0.1503496375231106
prostate,baseline,40000,69,63,63,0.1539516936262079
prostate,baseline,40000,69,53,53,0.16124771561741064
prostate,baseline,40000,69,60,60,0.17566244017867258
prostate,baseline,40000,69,56,56,0.18595106117055413
prostate,baseline,40000,69,33,33,0.02574536549811248
prostate,baseline,40000,69,49,49,0.15943360971880605
prostate,baseline,40000,69,33,33,0.22151266708177078
prostate,baseline,40000,69,33,33,0.02479490653706634
prostate,baseline,40000,69,20,20,0.054957214837498124
prostate,baseline,40000,69,68,68,0.005865389103545313
prostate,baseline,40000,69,68,68,0.0017567210752681168
prostate,baseline,40000,69,68,68,0.019407542544732884
prostate,baseline,40000,69,66,66,0.04317987287206552
prostate,baseline,40000,69,66,66,0.01307437340173144
prostate,baseline,40000,69,64,64,0.08358938699548576
prostate,baseline,40000,69,34,34,0.022713853187721306
prostate,baseline,40000,69,33,33,0.026989953183617854
prostate,baseline,40000,69,20,20,0.13093876679454863
prostate,baseline,40000,69,65,65,0.010031563098742244
prostate,baseline,40000,69,63,63,0.02782186539423968
prostate,baseline,40000,69,62,62,0.044348426412758817
prostate,baseline,40000,69,55,55,0.09194459346613126
prostate,baseline,40000,69,49,49,0.13984586226020387
prostate,baseline,40000,69,49,49,0.14701794402563828
prostate,baseline,40000,69,37,37,0.2189741432713035
prostate,baseline,40000,69,37,37,0.06443614179794137
prostate,baseline,40000,69,34,34,0.12348167329544439
prostate,baseline,40000,69,26,26,0.04772932805298485
prostate,baseline,40000,69,20,20,0.16313038711755684
prostate,baseline,40000,69,55,55,0.1299113746579371
prostate,baseline,40000,69,37,37,0.19073597838296408
prostate,baseline,40000,69,34,34,0.17776127444741446
prostate,baseline,40000,69,26,26,0.18566507215862993
prostate,baseline,40000,69,68,68,0.10165965601380922
prostate,baseline,40000,69,63,63,0.03142580748594031
prostate,baseline,40000,69,49,49,0.035104099083396983
prostate,baseline,40000,70,69,69,0.1414813261563011
prostate,baseline,40000,70,69,69,0.009738837537722147
prostate,baseline,40000,70,67,67,0.00571838197658595
prostate,baseline,40000,70,53,53,0.20941761033004064
prostate,baseline,40000,70,37,37,0.2467910749944422
prostate,baseline,40000,70,26,26,0.24338683498530425
prostate,baseline,40000,70,20,20,0.21500138737134927
prostate,baseline,40000,70,69,69,0.090994427052478
prostate,baseline,40000,70,67,67,0.08782707962454639
prostate,baseline,40000,70,65,65,0.10412836816171986
prostate,baseline,40000,70,20,20,0.13584279819308503
prostate,baseline,40000,70,69,69,0.034997384194371844
prostate,baseline,40000,70,69,69,0.14164285116637215
prostate,baseline,40000,70,66,66,0.09180630845670523
prostate,baseline,40000,70,32,32,0.03216937161727946
prostate,baseline,40000,70,64,64,0.04789145420712549
prostate,baseline,40000,70,63,63,0.04174960448770333
prostate,baseline,40000,70,60,60,0.08083862406186292
prostate,baseline,40000,70,66,66,0.28261367217266326
prostate,baseline,40000,70,60,60,0.2810479921914327
prostate,baseline,40000,70,57,57,0.2764413554279913
prostate,baseline,40000,70,38,38,0.1281634113633586
prostate,baseline,40000,70,34,34,0.0898870713130474
prostate,baseline,40000,70,69,69,0.15385849286835324
prostate,baseline,40000,70,65,65,0.10658769407828428
prostate,baseline,40000,70,61,61,0.022569691877712208
prostate,baseline,40000,70,46,46,0.11694027884764985
prostate,baseline,40000,70,31,31,0.02687365161125908
prostate,baseline,40000,70,51,51,0.12561182532415463
prostate,baseline,40000,70,26,26,0.14520974487207947
prostate,baseline,40000,70,69,69,0.16795588308907752
prostate,baseline,40000,70,67,67,0.12222515529929988
prostate,baseline,40000,70,67,67,0.006653290371980421
prostate,baseline,40000,70,66,66,0.0656230426729054
prostate,baseline,40000,70,63,63,0.11659474464088129
prostate,baseline,40000,70,49,49,0.03938582960542453
prostate,baseline,40000,70,68,68,0.18888930882569374
prostate,baseline,40000,70,63,63,0.12419241179552215
prostate,baseline,40000,70,61,61,0.12387836841396219
prostate,baseline,40000,70,69,69,0.15460444356263325
prostate,baseline,40000,70,69,69,0.10627598007226519
prostate,baseline,40000,70,49,49,0.03809635394144647
prostate,baseline,40000,70,33,33,0.18201098916166022
prostate,baseline,40000,70,69,69,0.12194535792010308
prostate,baseline,40000,70,49,49,0.10464069209793717
prostate,baseline,40000,70,48,48,0.026959775517636994
prostate,baseline,40000,70,40,40,0.02478254543142997
prostate,baseline,40000,70,34,34,0.12433647821780568
prostate,baseline,40000,70,69,69,0.04138034495740147
prostate,baseline,40000,70,69,69,0.01928300444450055
prostate,baseline,40000,70,69,69,0.0038458451479212548
prostate,baseline,40000,70,57,57,0.017474259186383016
prostate,baseline,40000,70,69,69,0.04139847209554874
prostate,baseline,40000,70,69,69,0.10380251771328526
prostate,baseline,40000,70,68,68,0.04347011810137693
prostate,baseline,40000,70,66,66,0.036302575286168794
prostate,baseline,40000,70,64,64,0.16596175861083562
prostate,baseline,40000,70,63,63,0.17169717625875272
prostate,baseline,40000,70,62,62,0.1651511798716277
prostate,baseline,40000,70,60,60,0.16884774205788364
prostate,baseline,40000,70,68,68,0.08136456703566972
prostate,baseline,40000,70,63,63,0.044695436866737596
prostate,baseline,40000,70,62,62,0.026675357647325697
prostate,baseline,40000,70,69,69,0.18283942872669565
prostate,baseline,40000,70,63,63,0.10919817190826901
prostate,baseline,40000,70,69,69,0.002808420575619564
prostate,baseline,40000,70,63,63,0.010667930919684866
prostate,baseline,40000,70,34,34,0.026040893179940416
prostate,baseline,40000,70,69,69,0.0010173721628228018
prostate,baseline,40000,70,69,69,0.008375790223430083
prostate,baseline,40000,70,67,67,0.2292428336464732
prostate,baseline,40000,70,66,66,0.19525249733531308
prostate,baseline,40000,70,62,62,0.19373095649194452
prostate,baseline,40000,70,57,57,0.22393860920875883
prostate,baseline,40000,70,34,34,0.16676712155643905
prostate,baseline,40000,70,33,33,0.17762211966674146
prostate,baseline,40000,70,63,63,0.07226921150614715
prostate,baseline,40000,70,38,38,0.031309326803046864
prostate,baseline,40000,70,34,34,0.11901488359069706
prostate,baseline,40000,70,34,34,0.02594445013569337
prostate,baseline,40000,70,59,59,0.15054785092042375
prostate,baseline,40000,70,33,33,0.028282572509569573
prostate,baseline,40000,70,32,32,0.026619356480971537
prostate,baseline,40000,70,63,63,0.2592875064973839
prostate,baseline,40000,70,56,56,0.24616818430610335
prostate,baseline,40000,70,48,48,0.02668680715719482
prostate,baseline,40000,70,40,40,0.02505890316341066
prostate,baseline,40000,70,38,38,0.025916806361889148
prostate,baseline,40000,70,34,34,0.12317306715490357
prostate,baseline,40000,70,69,69,0.061473422646676344
prostate,baseline,40000,70,69,69,0.15490243379756227
prostate,baseline,40000,70,61,61,0.0918366392997193
prostate,baseline,40000,70,56,56,0.02448371902417751
prostate,baseline,40000,70,32,32,0.032454633616728554
prostate,baseline,40000,70,31,31,0.03255982049556634
prostate,baseline,40000,70,69,69,0.13326823410739116
prostate,baseline,40000,70,67,67,0.004504802394497488
prostate,baseline,40000,70,63,63,0.008906313143197888
prostate,baseline,40000,70,53,53,0.016183070590353236
prostate,baseline,40000,70,67,67,0.03514126794304378
prostate,baseline,40000,70,26,26,0.045601286740464965
prostate,baseline,40000,70,68,68,0.13792359782244984
prostate,baseline,40000,70,66,66,0.13918208331207227
prostate,baseline,40000,70,68,68,0.19169519703000337
prostate,baseline,40000,70,61,61,0.18879180706031173
prostate,baseline,40000,70,60,60,0.2089389152724167
prostate,baseline,40000,70,68,68,0.3145831818574194
prostate,baseline,40000,70,66,66,0.3094315359541917
prostate,baseline,40000,70,62,62,0.2880810278052304
prostate,baseline,40000,70,55,55,0.27530350926519637
prostate,baseline,40000,70,20,20,0.042726292694238374
prostate,baseline,40000,70,69,69,0.08257772339265974
prostate,baseline,40000,70,49,49,0.11399594600939977
prostate,baseline,40000,70,69,69,0.24910734593171893
prostate,baseline,40000,70,67,67,0.16836642993236528
prostate,baseline,40000,70,53,53,0.14920849530539515
prostate,baseline,40000,70,33,33,0.17999802580303653
prostate,baseline,40000,70,68,68,0.2135719190993759
prostate,baseline,40000,70,68,68,0.20670603444671123
prostate,baseline,40000,70,67,67,0.23346056615602853
prostate,baseline,40000,70,64,64,0.2554415867077723
prostate,baseline,40000,70,67,67,0.19178085930983682
prostate,baseline,40000,70,66,66,0.14707962338792405
prostate,baseline,40000,70,69,69,0.06353560622255956
prostate,baseline,40000,71,68,68,0.03680643425615916
prostate,baseline,40000,71,55,55,0.06451426036361879
prostate,baseline,40000,71,70,70,0.002689182437423264
prostate,baseline,40000,71,67,67,0.04482160409672667
prostate,baseline,40000,71,65,65,0.0770268590019909
prostate,baseline,40000,71,64,64,0.12424597499382084
prostate,baseline,40000,71,67,67,0.017857695928908186
prostate,baseline,40000,71,64,64,0.06994383999156249
prostate,baseline,40000,71,69,69,0.09989434729332752
prostate,baseline,40000,71,70,70,0.09415686090333322
prostate,baseline,40000,71,66,66,0.008646169020245079
prostate,baseline,40000,71,63,63,0.048617567737521954
prostate,baseline,40000,71,62,62,0.06665755606212374
prostate,baseline,40000,71,69,69,0.004104952341904627
prostate,baseline,40000,71,66,66,0.011374074875710532
prostate,baseline,40000,71,64,64,0.006198009116761069
prostate,baseline,40000,71,70,70,0.18402796220117645
prostate,baseline,40000,71,61,61,0.08214847346488363
prostate,baseline,40000,71,70,70,0.02666870911385413
prostate,baseline,40000,71,70,70,0.13726522536354002
prostate,baseline,40000,71,62,62,0.18745420572273785
prostate,baseline,40000,71,62,62,0.15075032083888257
prostate,baseline,40000,71,38,38,0.15667592417636578
prostate,baseline,40000,71,34,34,0.11008104373407339
prostate,baseline,40000,71,34,34,0.1652210867223027
prostate,baseline,40000,71,70,70,0.039625224448554354
prostate,baseline,40000,71,70,70,0.0014823024261416506
prostate,baseline,40000,71,70,70,0.001447412167668335
prostate,baseline,40000,71,68,68,0.00787831333836354
prostate,baseline,40000,71,68,68,0.03592414186282073
prostate,baseline,40000,71,63,63,0.009298806787838612
prostate,baseline,40000,71,70,70,0.04818766860562757
prostate,baseline,40000,71,68,68,0.13043632053596665
prostate,baseline,40000,71,67,67,0.14989893083924552
prostate,baseline,40000,71,69,69,0.14848808867149238
prostate,baseline,40000,71,67,67,0.14649938896597203
prostate,baseline,40000,71,65,65,0.021888559138937686
prostate,baseline,40000,71,33,33,0.17585090874583012
prostate,baseline,40000,71,32,32,0.172373629485519
prostate,baseline,40000,71,63,63,0.14105902190000158
prostate,baseline,40000,71,56,56,0.10711862085693864
prostate,baseline,40000,71,70,70,0.1662208923821288
prostate,baseline,40000,71,66,66,0.04081735074203842
prostate,baseline,40000,71,65,65,0.0366387321357325
prostate,baseline,40000,71,33,33,0.07262824018819125
prostate,baseline,40000,71,70,70,0.01717328908237629
prostate,baseline,40000,71,70,70,0.003467059210332004
prostate,baseline,40000,71,68,68,0.01663153474312477
prostate,baseline,40000,71,67,67,0.00488222033956021
prostate,baseline,40000,71,67,67,0.06655236715730109
prostate,baseline,40000,71,66,66,0.007139498445549521
prostate,baseline,40000,71,65,65,0.017638887997667253
prostate,baseline,40000,71,63,63,0.0189537037088387
prostate,baseline,40000,71,49,49,0.016290530763673965
prostate,baseline,40000,71,70,70,0.017007140074332544
prostate,baseline,40000,71,65,65,0.018943153694488662
prostate,baseline,40000,71,54,54,0.02672813579756727
prostate,baseline,40000,71,70,70,0.011536499018404676
prostate,baseline,40000,71,69,69,0.12467287753938724
prostate,baseline,40000,71,69,69,0.0862688984433551
prostate,baseline,40000,71,67,67,0.08811904187863706
prostate,baseline,40000,71,57,57,0.08700842773462952
prostate,baseline,40000,71,55,55,0.2502321260428269
prostate,baseline,40000,71,69,69,0.006784316055527177
prostate,baseline,40000,71,68,68,0.031088123808196692
prostate,baseline,40000,71,68,68,0.07591700932300917
prostate,baseline,40000,71,67,67,0.06398582812731046
prostate,baseline,40000,71,64,64,0.08357096725273211
prostate,baseline,40000,71,62,62,0.026989696257153566
prostate,baseline,40000,71,70,70,0.31875709483853976
prostate,baseline,40000,71,70,70,0.01684739294417339
prostate,baseline,40000,71,70,70,0.0010895297029162596
prostate,baseline,40000,71,68,68,0.0037247057968086334
prostate,baseline,40000,71,68,68,0.0032195040844338646
prostate,baseline,40000,71,70,70,0.016314475377445084
prostate,baseline,40000,71,70,70,0.0013960338931341305
prostate,baseline,40000,71,66,66,0.006896168723726076
prostate,baseline,40000,71,64,64,0.00733976077594841
prostate,baseline,40000,71,60,60,0.00828244117785108
prostate,baseline,40000,71,20,20,0.2134163783808852
prostate,baseline,40000,71,16,16,0.406444135668577
prostate,baseline,40000,71,34,34,0.15668523805215903
prostate,baseline,40000,71,26,26,0.16779554397947025
prostate,baseline,40000,71,70,70,0.043578584097330474
prostate,baseline,40000,71,65,65,0.0388518506681266
prostate,baseline,40000,71,64,64,0.05675821570457438
prostate,baseline,40000,71,63,63,0.04778130898954266
prostate,baseline,40000,71,67,67,0.12131707250810753
prostate,baseline,40000,71,49,49,0.03604443063390063
prostate,baseline,40000,71,64,64,0.0044762361545100495
prostate,baseline,40000,71,33,33,0.02763046142213156
prostate,baseline,40000,71,70,70,0.019078821876664424
prostate,baseline,40000,71,70,70,0.1088269035131833
prostate,baseline,40000,71,68,68,0.06121322059067906
prostate,baseline,40000,71,70,70,0.3080430781047625
prostate,baseline,40000,71,70,70,0.09593874276603122
prostate,baseline,40000,71,70,70,0.011902156371223252
prostate,baseline,40000,71,69,69,0.04177850116133431
prostate,baseline,40000,71,68,68,0.010366659517661013
prostate,baseline,40000,71,67,67,0.010473148696408403
prostate,baseline,40000,71,66,66,0.06791843432053317
prostate,baseline,40000,71,65,65,0.042653331140430795
prostate,baseline,40000,71,65,65,0.022750068289878266
prostate,baseline,40000,71,57,57,0.06260363086583656
prostate,baseline,40000,71,67,67,0.023036633557982064
prostate,baseline,40000,71,55,55,0.20340139340907742
prostate,baseline,40000,71,69,69,0.004225663594227854
prostate,baseline,40000,71,69,69,0.005029514415981893
prostate,baseline,40000,71,69,69,0.005837555037099076
prostate,baseline,40000,71,64,64,0.005859180957097313
prostate,baseline,40000,71,67,67,0.005070042013322502
prostate,baseline,40000,71,67,67,0.03928631336059561
prostate,baseline,40000,71,64,64,0.007872022972879332
prostate,baseline,40000,71,63,63,0.16556737448746525
prostate,baseline,40000,71,70,70,0.14472592702611173
prostate,baseline,40000,71,66,66,0.02561635987842329
prostate,baseline,40000,71,70,70,0.07644318340918874
prostate,baseline,40000,71,69,69,0.003980821487792688
prostate,baseline,40000,71,64,64,0.03816701197849229
prostate,baseline,40000,71,63,63,0.02353100740164154
prostate,baseline,40000,71,67,67,0.10790359120585569
prostate,baseline,40000,71,65,65,0.08399855297473773
prostate,baseline,40000,71,57,57,0.08244100507135822
prostate,baseline,40000,71,20,20,0.08017225995911847
prostate,baseline,40000,71,70,70,0.2294150045752021
prostate,baseline,40000,71,67,67,0.3005819007584035
prostate,baseline,40000,71,63,63,0.2815799504049626
prostate,baseline,40000,71,70,70,0.13313673195411355
prostate,baseline,40000,71,69,69,0.144645364417386
prostate,baseline,40000,71,67,67,0.06601646291431172
prostate,baseline,40000,71,67,67,0.06380400885849245
prostate,baseline,40000,71,66,66,0.06827587482470886
prostate,baseline,40000,71,65,65,0.0732988515485376
prostate,baseline,40000,71,60,60,0.07399383478829348
prostate,baseline,40000,71,55,55,0.025110350187239828
prostate,baseline,40000,71,49,49,0.09476711448060923
prostate,baseline,40000,71,20,20,0.042627114131462994
prostate,baseline,40000,71,33,33,0.024789530047653968
prostate,baseline,40000,71,34,34,0.1869712022902212
prostate,baseline,40000,71,40,40,0.24883483388652977
prostate,baseline,40000,71,38,38,0.25810537364006636
prostate,baseline,40000,71,34,34,0.23158473332516674
prostate,baseline,40000,71,70,70,0.08818841164702172
prostate,baseline,40000,71,70,70,0.16902898410559045
prostate,baseline,40000,71,70,70,0.053009457522824044
prostate,baseline,40000,71,67,67,0.08933768121908242
prostate,baseline,40000,71,69,69,0.0180189091030131
prostate,baseline,40000,71,69,69,0.009750944685203626
prostate,baseline,40000,71,68,68,0.004365081741251258
prostate,baseline,40000,71,68,68,0.004990281787520362
prostate,baseline,40000,71,67,67,0.09744144476072819
prostate,baseline,40000,71,64,64,0.09921468814572353
prostate,baseline,40000,71,51,51,0.11408674502123363
prostate,baseline,40000,71,56,56,0.3242616258212024
prostate,baseline,40000,71,26,26,0.2839391892504286
prostate,baseline,40000,71,20,20,0.059474608075940204
prostate,baseline,40000,71,64,64,0.005819994215053689
prostate,baseline,40000,71,31,31,0.031907984034253586
prostate,baseline,40000,71,68,68,0.2580826419463849
prostate,baseline,40000,71,66,66,0.2592073975347989
prostate,baseline,40000,71,66,66,0.2418170895045063
prostate,baseline,40000,71,64,64,0.23170928092479603
prostate,baseline,40000,71,63,63,0.2427125204674003
prostate,baseline,40000,71,63,63,0.2303519462144645
prostate,baseline,40000,71,62,62,0.26092497771610673
prostate,baseline,40000,71,59,59,0.2573743903470445
prostate,baseline,40000,71,57,57,0.24259911845157686
prostate,baseline,40000,71,70,70,0.016670628842311158
prostate,baseline,40000,71,68,68,0.0060172755913135536
prostate,baseline,40000,71,68,68,0.007027207402060518
prostate,baseline,40000,71,59,59,0.14793128153870178
prostate,baseline,40000,71,26,26,0.21937413966727426
prostate,baseline,40000,71,69,69,0.00651918185584951
prostate,baseline,40000,71,67,67,0.00857047203671415
prostate,baseline,40000,71,31,31,0.03233523742227157
prostate,baseline,40000,72,68,68,0.022851711995211126
prostate,baseline,40000,72,68,68,0.15330715640515907
prostate,baseline,40000,72,71,71,0.30490303881951425
prostate,baseline,40000,72,68,68,0.20341745567734
prostate,baseline,40000,72,68,68,0.3035398062434722
prostate,baseline,40000,72,33,33,0.022104362915770018
prostate,baseline,40000,72,71,71,0.11178509386735906
prostate,baseline,40000,72,71,71,0.0222164782290945
prostate,baseline,40000,72,63,63,0.04833041622684636
prostate,baseline,40000,72,71,71,0.10159021011069348
prostate,baseline,40000,72,69,69,0.03480512250116282
prostate,baseline,40000,72,69,69,0.011833302950778347
prostate,baseline,40000,72,32,32,0.03330200359966365
prostate,baseline,40000,72,31,31,0.03351513818479846
prostate,baseline,40000,72,65,65,0.07752058402953894
prostate,baseline,40000,72,63,63,0.02686256899279692
prostate,baseline,40000,72,13,13,0.2160730999460196
prostate,baseline,40000,72,67,67,0.0664640542945869
prostate,baseline,40000,72,67,67,0.11615421353862414
prostate,baseline,40000,72,64,64,0.08751503568098215
prostate,baseline,40000,72,71,71,0.09576511354931067
prostate,baseline,40000,72,69,69,0.025456462107735875
prostate,baseline,40000,72,68,68,0.05604591230971384
prostate,baseline,40000,72,71,71,0.019378330631987895
prostate,baseline,40000,72,71,71,0.04085788290910831
prostate,baseline,40000,72,71,71,0.004631043417470685
prostate,baseline,40000,72,55,55,0.017325218916993065
prostate,baseline,40000,72,71,71,0.14821822030849222
prostate,baseline,40000,72,68,68,0.09901602178772548
prostate,baseline,40000,72,61,61,0.022715806890060898
prostate,baseline,40000,72,70,70,0.19372324667453095
prostate,baseline,40000,72,69,69,0.1674191161450554
prostate,baseline,40000,72,69,69,0.18748426530589288
prostate,baseline,40000,72,66,66,0.14880755567863738
prostate,baseline,40000,72,69,69,0.007888483166899534
prostate,baseline,40000,72,20,20,0.24329394061523732
prostate,baseline,40000,72,18,18,0.32890053594769264
prostate,baseline,40000,72,71,71,0.08067836156235961
prostate,baseline,40000,72,68,68,0.14500146628726546
prostate,baseline,40000,72,66,66,0.16272422824516217
prostate,baseline,40000,72,65,65,0.13728876048418281
prostate,baseline,40000,72,65,65,0.14683600666383081
prostate,baseline,40000,72,57,57,0.11680549136260916
prostate,baseline,40000,72,55,55,0.14701791804483896
prostate,baseline,40000,72,43,43,0.16212995637306873
prostate,baseline,40000,72,42,42,0.15773514063662888
prostate,baseline,40000,72,38,38,0.1686901260254165
prostate,baseline,40000,72,34,34,0.02559926180700994
prostate,baseline,40000,72,33,33,0.025369348470681327
prostate,baseline,40000,72,63,63,0.20116085569244754
prostate,baseline,40000,72,62,62,0.2004996570806965
prostate,baseline,40000,72,51,51,0.2167307043731605
prostate,baseline,40000,72,69,69,0.017789255490126794
prostate,baseline,40000,72,69,69,0.004291695416886574
prostate,baseline,40000,72,69,69,0.003449937581852796
prostate,baseline,40000,72,68,68,0.0029296551340599773
prostate,baseline,40000,72,66,66,0.010986997640764926
prostate,baseline,40000,72,55,55,0.012400022628752378
prostate,baseline,40000,72,71,71,0.0537601971870127
prostate,baseline,40000,72,71,71,0.05456912923353125
prostate,baseline,40000,72,70,70,0.04139485468854158
prostate,baseline,40000,72,70,70,0.04106254508847141
prostate,baseline,40000,72,69,69,0.03953497848043428
prostate,baseline,40000,72,68,68,0.04183525594984668
prostate,baseline,40000,72,62,62,0.04453992224327249
prostate,baseline,40000,72,61,61,0.025227965884275092
prostate,baseline,40000,72,71,71,0.14816214381816425
prostate,baseline,40000,72,71,71,0.2383905567001983
prostate,baseline,40000,72,46,46,0.25876985939305747
prostate,baseline,40000,72,69,69,0.005138654491205939
prostate,baseline,40000,72,67,67,0.07843499175121611
prostate,baseline,40000,72,20,20,0.10799588555864759
prostate,baseline,40000,72,59,59,0.1430283382078884
prostate,baseline,40000,72,69,69,0.004578781803946259
prostate,baseline,40000,72,68,68,0.04656853212178508
prostate,baseline,40000,72,63,63,0.09504745156964876
prostate,baseline,40000,72,63,63,0.11406521843785063
prostate,baseline,40000,72,62,62,0.10728801489580536
prostate,baseline,40000,72,38,38,0.1547964587346354
prostate,baseline,40000,72,34,34,0.16110887093755819
prostate,baseline,40000,72,69,69,0.13692018902232472
prostate,baseline,40000,72,67,67,0.10758646409210688
prostate,baseline,40000,72,64,64,0.12603226226026604
prostate,baseline,40000,72,49,49,0.0474861857117445
prostate,baseline,40000,72,69,69,0.21431713938790103
prostate,baseline,40000,72,69,69,0.2356117797979865
prostate,baseline,40000,72,68,68,0.01856328069156778
prostate,baseline,40000,72,69,69,0.005154483184443283
prostate,baseline,40000,72,69,69,0.012664537562469956
prostate,baseline,40000,72,68,68,0.06573685953634764
prostate,baseline,40000,72,69,69,0.003279065716537069
prostate,baseline,40000,72,69,69,0.004929176778532385
prostate,baseline,40000,72,69,69,0.004629273866278562
prostate,baseline,40000,72,69,69,0.0027465455565232355
prostate,baseline,40000,72,69,69,0.0031648789291963604
prostate,baseline,40000,72,20,20,0.23924278227490653
prostate,baseline,40000,72,65,65,0.04034936710371739
prostate,baseline,40000,72,33,33,0.14746464103497886
prostate,baseline,40000,72,70,70,0.1158874035028197
prostate,baseline,40000,72,70,70,0.1768648826064628
prostate,baseline,40000,72,63,63,0.1738279032879152
prostate,baseline,40000,72,71,71,0.02574324171174373
prostate,baseline,40000,72,68,68,0.20632756107852057
prostate,baseline,40000,72,66,66,0.19868399600784076
prostate,baseline,40000,72,65,65,0.178255051811601
prostate,baseline,40000,72,65,65,0.1643421737207404
prostate,baseline,40000,72,61,61,0.18627791682026051
prostate,baseline,40000,72,55,55,0.1920363502605931
prostate,baseline,40000,72,43,43,0.19999668663464054
prostate,baseline,40000,72,42,42,0.1921857544092332
prostate,baseline,40000,72,38,38,0.21742339126683924
prostate,baseline,40000,72,71,71,0.0062184651303663074
prostate,baseline,40000,72,71,71,0.13142113955424337
prostate,baseline,40000,72,71,71,0.02390662135499867
prostate,baseline,40000,72,71,71,0.09119343572703888
prostate,baseline,40000,72,69,69,0.020868505099075656
prostate,baseline,40000,72,69,69,0.018209085642521945
prostate,baseline,40000,72,71,71,0.05956177853120015
prostate,baseline,40000,72,71,71,0.16424477753728578
prostate,baseline,40000,72,46,46,0.03525135578003241
prostate,baseline,40000,72,20,20,0.2550559090121033
prostate,baseline,40000,72,71,71,0.0022918633366375107
prostate,baseline,40000,72,70,70,0.00211923214095418
prostate,baseline,40000,72,69,69,0.003889569902168649
prostate,baseline,40000,72,69,69,0.009181355736883109
prostate,baseline,40000,72,59,59,0.019249824849540374
prostate,baseline,40000,72,66,66,0.33398112392662865
prostate,baseline,40000,72,60,60,0.3172838399988586
prostate,baseline,40000,72,60,60,0.01775398752995492
prostate,baseline,40000,72,69,69,0.08953987575715895
prostate,baseline,40000,72,68,68,0.0931475395331801
prostate,baseline,40000,72,67,67,0.1385962934479702
prostate,baseline,40000,72,62,62,0.016165959722628645
prostate,baseline,40000,72,71,71,0.11749524108867666
prostate,baseline,40000,72,68,68,0.053064678678991006
prostate,baseline,40000,72,55,55,0.03962850630988779
prostate,baseline,40000,72,71,71,0.18314621141397655
prostate,baseline,40000,72,71,71,0.2265165376746845
prostate,baseline,40000,72,20,20,0.21056403134283733
prostate,baseline,40000,72,69,69,0.004584524758776086
prostate,baseline,40000,72,68,68,0.06689417599826128
prostate,baseline,40000,72,71,71,0.0028069482392245266
prostate,baseline,40000,72,71,71,0.09576078820616611
prostate,baseline,40000,72,69,69,0.004143398051378852
prostate,baseline,40000,72,67,67,0.008623028701573023
prostate,baseline,40000,72,71,71,0.14642872939789886
prostate,baseline,40000,72,66,66,0.03885362598520693
prostate,baseline,40000,72,63,63,0.050585983779175524
prostate,baseline,40000,72,62,62,0.04433170543222103
prostate,baseline,40000,72,48,48,0.03577088615785286
prostate,baseline,40000,72,40,40,0.03399274123476845
prostate,baseline,40000,72,34,34,0.13499160056259793
prostate,baseline,40000,72,71,71,0.2674637397581022
prostate,baseline,40000,72,65,65,0.26456482254740216
prostate,baseline,40000,72,63,63,0.21699998591728553
prostate,baseline,40000,72,61,61,0.21781790969528916
prostate,baseline,40000,72,60,60,0.25645095143613783
prostate,baseline,40000,72,49,49,0.2675171911661837
prostate,baseline,40000,72,71,71,0.14531222706453986
prostate,baseline,40000,72,71,71,0.09918421744660989
prostate,baseline,40000,72,71,71,0.1277026489649909
prostate,baseline,40000,72,32,32,0.19676611606126598
prostate,baseline,40000,72,31,31,0.19794183422647288
prostate,baseline,40000,72,26,26,0.2418017488468402
prostate,baseline,40000,72,70,70,0.141293632130613
prostate,baseline,40000,72,68,68,0.02521354149549745
prostate,baseline,40000,72,67,67,0.09377446801695932
prostate,baseline,40000,72,65,65,0.02472170907096149
prostate,baseline,40000,72,64,64,0.075385109543742
prostate,baseline,40000,72,71,71,0.06574421960615888
prostate,baseline,40000,72,70,70,0.011167712378475185
prostate,baseline,40000,72,71,71,0.15764587094195762
prostate,baseline,40000,72,71,71,0.01235287897556263
prostate,baseline,40000,72,70,70,0.05223871609511854
prostate,baseline,40000,72,64,64,0.05293849595784741
prostate,baseline,40000,72,64,64,0.02398174723967802
prostate,baseline,40000,72,70,70,0.00391037410168676
prostate,baseline,40000,72,69,69,0.005310475885930569
prostate,baseline,40000,72,70,70,0.15887597605139664
prostate,baseline,40000,72,66,66,0.04664570231387256
prostate,baseline,40000,72,64,64,0.1639291677135312
prostate,baseline,40000,72,71,71,0.06103994494241028
prostate,baseline,40000,72,71,71,0.02194031030516311
prostate,baseline,40000,72,68,68,0.03956265129287975
prostate,baseline,40000,72,69,69,0.0046563890420143455
prostate,baseline,40000,72,71,71,0.15847503395667958
prostate,baseline,40000,72,60,60,0.06553784779223097
prostate,baseline,40000,72,20,20,0.17531233899205242
prostate,baseline,40000,72,56,56,0.10362926937401215
prostate,baseline,40000,72,51,51,0.09893624284345616
prostate,baseline,40000,72,31,31,0.1319786200833208
prostate,baseline,40000,72,26,26,0.14427274021312794
prostate,baseline,40000,72,71,71,0.016595524677004782
prostate,baseline,40000,72,69,69,0.00716725698734319
prostate,baseline,40000,72,68,68,0.004816491206542594
prostate,baseline,40000,72,67,67,0.006276489316074771
prostate,baseline,40000,72,66,66,0.007836389478629042
prostate,baseline,40000,72,32,32,0.03223330104991302
prostate,baseline,40000,72,31,31,0.0329338191092717
prostate,baseline,40000,72,20,20,0.28968024831176936
prostate,baseline,40000,72,69,69,0.00683899902251898
prostate,baseline,40000,72,71,71,0.15475660165847602
prostate,baseline,40000,72,32,32,0.03017486930571069
prostate,baseline,40000,72,31,31,0.030210772393011693
prostate,baseline,40000,72,71,71,0.15470065207506484
prostate,baseline,40000,72,65,65,0.025973975344859374
prostate,baseline,40000,72,65,65,0.032116687882138985
prostate,baseline,40000,72,71,71,0.04507272831819532
prostate,baseline,40000,72,71,71,0.02550470215945224
prostate,baseline,40000,72,69,69,0.006184649031042611
prostate,baseline,40000,72,69,69,0.040858679346185846
prostate,baseline,40000,72,68,68,0.005175040531494229
prostate,baseline,40000,72,53,53,0.01354515591506882
prostate,baseline,40000,72,71,71,0.15717715252951467
prostate,baseline,40000,72,65,65,0.04840131578719168
prostate,baseline,40000,72,59,59,0.0529506448865834
prostate,baseline,40000,72,20,20,0.18878860196185848
prostate,baseline,40000,72,70,70,0.002754909027731338
prostate,baseline,40000,72,69,69,0.006358217033833642
prostate,baseline,40000,72,20,20,0.18205939085036446
prostate,baseline,40000,72,69,69,0.004479212220174517
prostate,baseline,40000,72,71,71,0.009102527187254378
prostate,baseline,40000,72,69,69,0.0058867822209938804
prostate,baseline,40000,72,71,71,0.102851239432228
prostate,baseline,40000,72,69,69,0.061960532546643424
prostate,baseline,40000,72,69,69,0.018423574191738932
prostate,baseline,40000,72,66,66,0.09481205035011962
prostate,baseline,40000,72,71,71,0.09488106418271959
prostate,baseline,40000,72,49,49,0.1415281881548874
prostate,baseline,40000,72,59,59,0.05481279104064179
prostate,baseline,40000,72,64,64,0.07579102020295488
prostate,baseline,40000,72,64,64,0.08323104669166176
prostate,baseline,40000,72,64,64,0.04403338973055
prostate,baseline,40000,72,68,68,0.10397273536275235
prostate,baseline,40000,72,67,67,0.07167216893742491
prostate,baseline,40000,72,70,70,0.00881638704703949
prostate,baseline,40000,72,64,64,0.0058893881472725585
prostate,baseline,40000,72,71,71,0.008141269468073966
prostate,baseline,40000,72,69,69,0.006051140800184194
prostate,baseline,40000,72,68,68,0.004754240475596855
prostate,baseline,40000,72,67,67,0.006039469845893384
prostate,baseline,40000,72,65,65,0.0072133221661721415
prostate,baseline,40000,72,64,64,0.017380885918065338
prostate,baseline,40000,72,64,64,0.018285093673145042
prostate,baseline,40000,72,63,63,0.00792408719431153
prostate,baseline,40000,72,59,59,0.027047090875709164
prostate,baseline,40000,72,71,71,0.10524685712595387
prostate,baseline,40000,72,70,70,0.1291906172901494
prostate,baseline,40000,72,69,69,0.12978276756401846
prostate,baseline,40000,72,64,64,0.17296854848593496
prostate,baseline,40000,72,60,60,0.14060407713965087
prostate,baseline,40000,72,57,57,0.1721484443604974
prostate,baseline,40000,72,51,51,0.17916447524850823
prostate,baseline,40000,72,69,69,0.14362725468381024
prostate,baseline,40000,72,34,34,0.1874695229295052
prostate,baseline,40000,72,71,71,0.15403004188727218
prostate,baseline,40000,72,71,71,0.09152127913701531
prostate,baseline,40000,72,66,66,0.12930145987104025
prostate,baseline,40000,72,57,57,0.22427497239786018
prostate,baseline,40000,72,49,49,0.24491040018271448
prostate,baseline,40000,72,39,39,0.30807044627810504
prostate,baseline,40000,72,48,48,0.10843991272016436
prostate,baseline,40000,72,40,40,0.11875778870376616
prostate,baseline,40000,72,34,34,0.08736533718660071
prostate,baseline,40000,72,69,69,0.05826213070183779
prostate,baseline,40000,72,70,70,0.13348743719352182
prostate,baseline,40000,72,64,64,0.13229305831152532
prostate,baseline,40000,72,64,64,0.005653557736250406
prostate,baseline,40000,72,33,33,0.027561477472133885
prostate,baseline,40000,72,69,69,0.15516069104346877
prostate,baseline,40000,72,67,67,0.1647407590447169
prostate,baseline,40000,72,64,64,0.16646307379720826
prostate,baseline,40000,72,16,16,0.36796309093019974
prostate,baseline,40000,72,64,64,0.05091206454440628
prostate,baseline,40000,72,64,64,0.09344878716530615
prostate,baseline,40000,72,63,63,0.05395786981615822
prostate,baseline,40000,72,34,34,0.09384116275489697
prostate,baseline,40000,72,33,33,0.09428422099933575
prostate,baseline,40000,72,69,69,0.005290767150041491
prostate,baseline,40000,72,71,71,0.14212992427570734
prostate,baseline,40000,72,71,71,0.04714092740651067
prostate,baseline,40000,72,71,71,0.0060937800125909535
prostate,baseline,40000,72,60,60,0.018986094756534486
prostate,baseline,40000,72,71,71,0.20203826758163188
prostate,baseline,40000,72,64,64,0.018021986642327955
prostate,baseline,40000,72,64,64,0.018533887659479675
prostate,baseline,40000,72,71,71,0.00125684401632738
prostate,baseline,40000,72,71,71,0.017552545728189636
prostate,baseline,40000,72,55,55,0.013819354883164704
prostate,baseline,40000,72,54,54,0.025897856424208967
prostate,baseline,40000,72,13,13,0.13599389406682721
prostate,baseline,40000,72,71,71,0.07060849563704594
prostate,baseline,40000,72,69,69,0.018311835715280656
prostate,baseline,40000,72,64,64,0.04031555903700605
prostate,baseline,40000,73,70,70,0.09716473371274326
prostate,baseline,40000,73,69,69,0.1448967317658305
prostate,baseline,40000,73,72,72,0.0920392227536446
prostate,baseline,40000,73,64,64,0.14172093484060033
prostate,baseline,40000,73,72,72,0.20437816545333798
prostate,baseline,40000,73,72,72,0.06426078009315819
prostate,baseline,40000,73,71,71,0.09263418268108871
prostate,baseline,40000,73,68,68,0.1318447074495799
prostate,baseline,40000,73,68,68,0.1396785672350461
prostate,baseline,40000,73,65,65,0.16415883263936515
prostate,baseline,40000,73,64,64,0.17348420868154646
prostate,baseline,40000,73,53,53,0.22388608848199998
prostate,baseline,40000,73,49,49,0.26653857893319893
prostate,baseline,40000,73,26,26,0.2872045900262337
prostate,baseline,40000,73,72,72,0.0013314540280840758
prostate,baseline,40000,73,72,72,0.01699666108058708
prostate,baseline,40000,73,54,54,0.02676125773510044
prostate,baseline,40000,73,72,72,0.016841342534388726
prostate,baseline,40000,73,61,61,0.025586755348755645
prostate,baseline,40000,73,72,72,0.1547387756880915
prostate,baseline,40000,73,68,68,0.16849639016682524
prostate,baseline,40000,73,66,66,0.17238590410524265
prostate,baseline,40000,73,64,64,0.2824007465886862
prostate,baseline,40000,73,63,63,0.21995634779646261
prostate,baseline,40000,73,63,63,0.22011175627275179
prostate,baseline,40000,73,50,50,0.19510779101595335
prostate,baseline,40000,73,61,61,0.023724880670525722
prostate,baseline,40000,73,70,70,0.08892147186866825
prostate,baseline,40000,73,67,67,0.02873676279496459
prostate,baseline,40000,73,71,71,0.08067763951792702
prostate,baseline,40000,73,64,64,0.041743264175232254
prostate,baseline,40000,73,68,68,0.13233932622345604
prostate,baseline,40000,73,66,66,0.18671162871111607
prostate,baseline,40000,73,65,65,0.18767716294046916
prostate,baseline,40000,73,62,62,0.18389873647881774
prostate,baseline,40000,73,70,70,0.16868546050309466
prostate,baseline,40000,73,69,69,0.2698604090750197
prostate,baseline,40000,73,68,68,0.231067498598709
prostate,baseline,40000,73,68,68,0.14090565531510582
prostate,baseline,40000,73,59,59,0.22465855656253314
prostate,baseline,40000,73,54,54,0.11740511411142045
prostate,baseline,40000,73,68,68,0.005441514066119585
prostate,baseline,40000,73,53,53,0.013700843410381304
prostate,baseline,40000,73,71,71,0.08825599371455695
prostate,baseline,40000,73,71,71,0.09390549547378955
prostate,baseline,40000,73,72,72,0.184956504383131
prostate,baseline,40000,73,72,72,0.1668391796123362
prostate,baseline,40000,73,67,67,0.009191683454880391
prostate,baseline,40000,73,61,61,0.027960513724061577
prostate,baseline,40000,73,69,69,0.14536694322047955
prostate,baseline,40000,73,61,61,0.027680829378605932
prostate,baseline,40000,73,69,69,0.052945150663234464
prostate,baseline,40000,73,68,68,0.07645970178393668
prostate,baseline,40000,73,64,64,0.044625703266147725
prostate,baseline,40000,73,62,62,0.03769511760955475
prostate,baseline,40000,73,53,53,0.15854876202980445
prostate,baseline,40000,73,62,62,0.028535957321519024
prostate,baseline,40000,73,72,72,0.13753737163558621
prostate,baseline,40000,73,72,72,0.12098456047864382
prostate,baseline,40000,73,70,70,0.01361408114302238
prostate,baseline,40000,73,66,66,0.08510535611296445
prostate,baseline,40000,73,72,72,0.13803810383312645
prostate,baseline,40000,73,72,72,0.04744273851253001
prostate,baseline,40000,73,63,63,0.03706301294101649
prostate,baseline,40000,73,61,61,0.03406708388085699
prostate,baseline,40000,73,68,68,0.11398639215168367
prostate,baseline,40000,73,66,66,0.10906940558698805
prostate,baseline,40000,73,64,64,0.16380393016683714
prostate,baseline,40000,73,63,63,0.17194939853843605
prostate,baseline,40000,73,63,63,0.17298397634932255
prostate,baseline,40000,73,63,63,0.18923259697414305
prostate,baseline,40000,73,69,69,0.14983926636041114
prostate,baseline,40000,73,72,72,0.15654958489114493
prostate,baseline,40000,73,72,72,0.05824739009631495
prostate,baseline,40000,73,72,72,0.010044232501606723
prostate,baseline,40000,73,70,70,0.007599661969513625
prostate,baseline,40000,73,72,72,0.11254648863935378
prostate,baseline,40000,73,72,72,0.13407644486032388
prostate,baseline,40000,73,71,71,0.060297070074912064
prostate,baseline,40000,73,70,70,0.028039405245999533
prostate,baseline,40000,73,72,72,0.06159784728314926
prostate,baseline,40000,73,71,71,0.0199643076547625
prostate,baseline,40000,73,43,43,0.20705279031112472
prostate,baseline,40000,73,42,42,0.21185994595355367
prostate,baseline,40000,73,40,40,0.2138665710380077
prostate,baseline,40000,73,38,38,0.21331012447408407
prostate,baseline,40000,73,38,38,0.21213375016309657
prostate,baseline,40000,73,37,37,0.24429992398786593
prostate,baseline,40000,73,34,34,0.20964259945008767
prostate,baseline,40000,73,26,26,0.2709380904138191
prostate,baseline,40000,73,32,32,0.03213398678421277
prostate,baseline,40000,73,31,31,0.03294347408439161
prostate,baseline,40000,73,72,72,0.002310733886322476
prostate,baseline,40000,73,65,65,0.02041183390967708
prostate,baseline,40000,73,72,72,0.32066271351906406
prostate,baseline,40000,73,56,56,0.1655871872102836
prostate,baseline,40000,73,53,53,0.1661098245987218
prostate,baseline,40000,73,52,52,0.16114767054371265
prostate,baseline,40000,73,32,32,0.061714484013570416
prostate,baseline,40000,73,72,72,0.01670190326205674
prostate,baseline,40000,73,72,72,0.0012440040696840332
prostate,baseline,40000,73,69,69,0.0052784463166249355
prostate,baseline,40000,73,72,72,0.048996513608519886
prostate,baseline,40000,73,72,72,0.15999824445626654
prostate,baseline,40000,73,46,46,0.054852117874608024
prostate,baseline,40000,73,72,72,0.0025375509806735727
prostate,baseline,40000,73,72,72,0.016778142971030093
prostate,baseline,40000,73,72,72,0.0015197074432002824
prostate,baseline,40000,73,72,72,0.001459492997305091
prostate,baseline,40000,73,70,70,0.005404992837660763
prostate,baseline,40000,73,67,67,0.31648924148811297
prostate,baseline,40000,73,72,72,0.28255567121766517
prostate,baseline,40000,73,72,72,0.2969452401159527
prostate,baseline,40000,73,72,72,0.06223806938246046
prostate,baseline,40000,73,72,72,0.08950272283711819
prostate,baseline,40000,73,67,67,0.03607861365912283
prostate,baseline,40000,73,64,64,0.011535939731593767
prostate,baseline,40000,73,72,72,0.0622415666815174
prostate,baseline,40000,73,68,68,0.03796422258884447
prostate,baseline,40000,73,64,64,0.015579720151902988
prostate,baseline,40000,73,72,72,0.005349487236452273
prostate,baseline,40000,73,71,71,0.026283045799411167
prostate,baseline,40000,73,70,70,0.0050191687229184925
prostate,baseline,40000,73,69,69,0.005974769295046906
prostate,baseline,40000,73,67,67,0.0767359790393966
prostate,baseline,40000,73,59,59,0.033520983348478986
prostate,baseline,40000,73,72,72,0.1475311823620885
prostate,baseline,40000,73,69,69,0.008734636808254731
prostate,baseline,40000,73,62,62,0.03760908626146044
prostate,baseline,40000,73,72,72,0.1540316971488142
prostate,baseline,40000,73,46,46,0.06188824348336189
prostate,baseline,40000,73,68,68,0.0982237078167056
prostate,baseline,40000,73,49,49,0.14502710534376587
prostate,baseline,40000,73,70,70,0.016173431423625033
prostate,baseline,40000,73,69,69,0.0686451496727398
prostate,baseline,40000,73,38,38,0.030777240266304323
prostate,baseline,40000,73,34,34,0.02423535473354621
prostate,baseline,40000,73,72,72,0.1568557404395551
prostate,baseline,40000,73,72,72,0.20915752697774265
prostate,baseline,40000,73,67,67,0.03280463428883738
prostate,baseline,40000,73,72,72,0.14008684588491277
prostate,baseline,40000,73,72,72,0.10815677803217853
prostate,baseline,40000,73,69,69,0.01625255292007112
prostate,baseline,40000,73,66,66,0.021530817202492926
prostate,baseline,40000,73,70,70,0.30931176911845804
prostate,baseline,40000,73,63,63,0.3141702397139632
prostate,baseline,40000,73,50,50,0.31967658720587394
prostate,baseline,40000,73,56,56,0.030378481519543678
prostate,baseline,40000,73,34,34,0.024326923492933594
prostate,baseline,40000,73,56,56,0.032478680669597436
prostate,baseline,40000,73,53,53,0.02793850011706604
prostate,baseline,40000,73,52,52,0.011002362349360214
prostate,baseline,40000,73,72,72,0.0010501705109359953
prostate,baseline,40000,73,72,72,0.004911812954033613
prostate,baseline,40000,73,72,72,0.008292373953053859
prostate,baseline,40000,73,72,72,0.004618794870265858
prostate,baseline,40000,73,72,72,0.0018844908310450617
prostate,baseline,40000,73,72,72,0.00303793244512219
prostate,baseline,40000,73,72,72,0.0026933298281110307
prostate,baseline,40000,73,72,72,0.0021623167134573007
prostate,baseline,40000,73,72,72,0.0015371120152074165
prostate,baseline,40000,73,72,72,0.001295487465052611
prostate,baseline,40000,73,72,72,0.0008866115179758298
prostate,baseline,40000,73,71,71,0.0036641423394646075
prostate,baseline,40000,73,71,71,0.0022315029971942436
prostate,baseline,40000,73,70,70,0.0025035517242557813
prostate,baseline,40000,73,70,70,0.004495388661330607
prostate,baseline,40000,73,70,70,0.008812682653095715
prostate,baseline,40000,73,66,66,0.005400452164409032
prostate,baseline,40000,73,72,72,0.01633353141253062
prostate,baseline,40000,73,72,72,0.1670088562200964
prostate,baseline,40000,73,72,72,0.20357281963265225
prostate,baseline,40000,73,66,66,0.13779853008146795
prostate,baseline,40000,73,72,72,0.029955172269875468
prostate,baseline,40000,73,72,72,0.07388032835119052
prostate,baseline,40000,73,71,71,0.0046354600701733195
prostate,baseline,40000,73,67,67,0.019465049871470942
prostate,baseline,40000,73,72,72,0.2242342404182078
prostate,baseline,40000,73,67,67,0.033588559453851134
prostate,baseline,40000,73,61,61,0.19431917857866807
prostate,baseline,40000,73,72,72,0.17741154608078402
prostate,baseline,40000,73,72,72,0.09125575005113788
prostate,baseline,40000,73,70,70,0.02067483304022777
prostate,baseline,40000,73,72,72,0.29809805821150565
prostate,baseline,40000,73,72,72,0.1925233859620753
prostate,baseline,40000,73,72,72,0.019889286035638214
prostate,baseline,40000,73,71,71,0.15988022520131537
prostate,baseline,40000,73,71,71,0.106432371371756
prostate,baseline,40000,73,20,20,0.06394020583228585
prostate,baseline,40000,73,37,37,0.06179935668077447
prostate,baseline,40000,73,72,72,0.06922641052611853
prostate,baseline,40000,73,72,72,0.0360021177069684
prostate,baseline,40000,73,72,72,0.15406032010192355
prostate,baseline,40000,73,46,46,0.04885778728067665
prostate,baseline,40000,73,72,72,0.0026394481905845724
prostate,baseline,40000,73,53,53,0.014248922325305544
prostate,baseline,40000,73,72,72,0.0025921429760721094
prostate,baseline,40000,73,68,68,0.005377191682945259
prostate,baseline,40000,73,69,69,0.08172473335229874
prostate,baseline,40000,73,37,37,0.06592390322680657
prostate,baseline,40000,73,71,71,0.20482037107221815
prostate,baseline,40000,73,66,66,0.1690366693377731
prostate,baseline,40000,73,67,67,0.03829802928908174
prostate,baseline,40000,73,26,26,0.06640471081591158
prostate,baseline,40000,73,69,69,0.06370879916888776
prostate,baseline,40000,73,67,67,0.008002514711748924
prostate,baseline,40000,73,68,68,0.27213241488801204
prostate,baseline,40000,73,68,68,0.251604296499925
prostate,baseline,40000,73,68,68,0.2400891044596478
prostate,baseline,40000,73,66,66,0.23091577037970432
prostate,baseline,40000,73,66,66,0.13695495475343966
prostate,baseline,40000,73,63,63,0.21521441551914705
prostate,baseline,40000,73,57,57,0.18812804338802888
prostate,baseline,40000,73,57,57,0.19460878698511155
prostate,baseline,40000,73,57,57,0.21089050995823608
prostate,baseline,40000,73,72,72,0.18394506852735565
prostate,baseline,40000,73,72,72,0.146827064406911
prostate,baseline,40000,73,67,67,0.012035301910938724
prostate,baseline,40000,73,70,70,0.17363840410657505
prostate,baseline,40000,73,63,63,0.1519084903569111
prostate,baseline,40000,73,67,67,0.08402921547692593
prostate,baseline,40000,73,19,19,0.23869321413852956
prostate,baseline,40000,73,65,65,0.00893504873059881
prostate,baseline,40000,73,64,64,0.013702398151918373
prostate,baseline,40000,73,60,60,0.25165736001670425
prostate,baseline,40000,73,56,56,0.2652669859124137
prostate,baseline,40000,73,53,53,0.25854804842780327
prostate,baseline,40000,73,52,52,0.27643490471506155
prostate,baseline,40000,73,50,50,0.2363018435500555
prostate,baseline,40000,73,46,46,0.2684233583811344
prostate,baseline,40000,73,43,43,0.2908767971172035
prostate,baseline,40000,73,42,42,0.2892905873383832
prostate,baseline,40000,73,38,38,0.2970376876680781
prostate,baseline,40000,73,37,37,0.29407987520623313
prostate,baseline,40000,73,26,26,0.32068132691373885
prostate,baseline,40000,73,72,72,0.056723175980567024
prostate,baseline,40000,73,72,72,0.01931701216574848
prostate,baseline,40000,73,72,72,0.1607910047861055
prostate,baseline,40000,73,71,71,0.01973046925311511
prostate,baseline,40000,73,68,68,0.017225421750749374
prostate,baseline,40000,73,72,72,0.1264691421823706
prostate,baseline,40000,73,72,72,0.052181473628534425
prostate,baseline,40000,73,70,70,0.045431700194125325
prostate,baseline,40000,73,72,72,0.008325669696373645
prostate,baseline,40000,73,69,69,0.018100375672048318
prostate,baseline,40000,73,69,69,0.017580323597230402
prostate,baseline,40000,73,69,69,0.00462822687161154
prostate,baseline,40000,73,72,72,0.08752339502504912
prostate,baseline,40000,73,72,72,0.0796128974934308
prostate,baseline,40000,73,70,70,0.014788279660878256
prostate,baseline,40000,73,69,69,0.08619697776629645
prostate,baseline,40000,73,72,72,0.01728541994689737
prostate,baseline,40000,73,71,71,0.004256500173772449
prostate,baseline,40000,73,70,70,0.011517639681217506
prostate,baseline,40000,73,67,67,0.007226143891652262
prostate,baseline,40000,73,72,72,0.07362317031262759
prostate,baseline,40000,73,60,60,0.02439559109961964
prostate,baseline,40000,73,72,72,0.009435164302399577
prostate,baseline,40000,73,66,66,0.009764859019169222
prostate,baseline,40000,73,64,64,0.08910372812620093
prostate,baseline,40000,73,64,64,0.08959825033443497
prostate,baseline,40000,73,38,38,0.027827682713560568
prostate,baseline,40000,73,72,72,0.03274858047668743
prostate,baseline,40000,73,72,72,0.07447342338065902
prostate,baseline,40000,73,71,71,0.028278480155739028
prostate,baseline,40000,73,71,71,0.014858703952503135
prostate,baseline,40000,73,72,72,0.14164253697380666
prostate,baseline,40000,73,70,70,0.2124754777844697
prostate,baseline,40000,73,68,68,0.20118478733532547
prostate,baseline,40000,73,67,67,0.23358275876252185
prostate,baseline,40000,73,63,63,0.1912673770676395
prostate,baseline,40000,73,72,72,0.1395389926344642
prostate,baseline,40000,73,72,72,0.05354811491846058
prostate,baseline,40000,73,72,72,0.01386228564389717
prostate,baseline,40000,73,72,72,0.006861141750471787
prostate,baseline,40000,73,72,72,0.10651660824147699
prostate,baseline,40000,73,70,70,0.16507322547618278
prostate,baseline,40000,73,70,70,0.1665091416083296
prostate,baseline,40000,73,70,70,0.15471077606990963
prostate,baseline,40000,73,68,68,0.1464080958790012
prostate,baseline,40000,73,70,70,0.0505912317615365
prostate,baseline,40000,73,64,64,0.022791247606805475
prostate,baseline,40000,73,72,72,0.07348316180513553
prostate,baseline,40000,73,68,68,0.01655294952111405
prostate,baseline,40000,73,67,67,0.01637452971273439
prostate,baseline,40000,73,64,64,0.0434890641907273
prostate,baseline,40000,73,72,72,0.1586140393059261
prostate,baseline,40000,73,71,71,0.155602236455928
prostate,baseline,40000,73,70,70,0.11866835782096863
prostate,baseline,40000,73,69,69,0.1549226603713955
prostate,baseline,40000,73,67,67,0.15803723407523276
prostate,baseline,40000,73,55,55,0.16499062924112368
prostate,baseline,40000,73,63,63,0.10039833436125445
prostate,baseline,40000,73,62,62,0.08994023897202551
prostate,baseline,40000,73,51,51,0.1332718904383932
prostate,baseline,40000,73,72,72,0.05997143179197961
prostate,baseline,40000,73,63,63,0.0330656561485902
prostate,baseline,40000,73,72,72,0.16578796200348575
prostate,baseline,40000,73,72,72,0.09088977573167736
prostate,baseline,40000,73,72,72,0.08015268842037271
prostate,baseline,40000,73,70,70,0.057516436960451084
prostate,baseline,40000,73,72,72,0.2098539937790188
prostate,baseline,40000,73,63,63,0.04320424299507427
prostate,baseline,40000,73,72,72,0.1331322420258602
prostate,baseline,40000,73,72,72,0.0074968828759319605
prostate,baseline,40000,73,72,72,0.010220633125320105
prostate,baseline,40000,73,69,69,0.004617620296875447
prostate,baseline,40000,73,69,69,0.018335152229645376
prostate,baseline,40000,73,63,63,0.01946738208706001
prostate,baseline,40000,73,72,72,0.12995433969760864
prostate,baseline,40000,73,72,72,0.11133483120270754
prostate,baseline,40000,73,70,70,0.15104165637343978
prostate,baseline,40000,73,68,68,0.14911518459618514
prostate,baseline,40000,73,67,67,0.16682893357172643
prostate,baseline,40000,73,63,63,0.16277493611338617
prostate,baseline,40000,73,55,55,0.014369909399544571
prostate,baseline,40000,73,70,70,0.1268741699980083
prostate,baseline,40000,73,49,49,0.0689831974340694
prostate,baseline,40000,73,72,72,0.214244340639253
prostate,baseline,40000,73,72,72,0.038804503653628614
prostate,baseline,40000,73,72,72,0.025945385208305676
prostate,baseline,40000,73,72,72,0.027270987753352224
prostate,baseline,40000,73,72,72,0.007882616001293669
prostate,baseline,40000,73,72,72,0.023659683567986655
prostate,baseline,40000,73,72,72,0.05558694734918839
prostate,baseline,40000,73,69,69,0.014153023068704845
prostate,baseline,40000,73,69,69,0.04448747650816658
prostate,baseline,40000,73,72,72,0.12436610480881057
prostate,baseline,40000,73,20,20,0.35676692459692866
prostate,baseline,40000,73,64,64,0.1046689335230786
prostate,baseline,40000,73,63,63,0.12610322370600655
prostate,baseline,40000,73,57,57,0.05530017159031505
prostate,baseline,40000,73,72,72,0.0023628993027462477
prostate,baseline,40000,73,72,72,0.016869341443175232
prostate,baseline,40000,73,71,71,0.0034914347920754004
prostate,baseline,40000,73,70,70,0.1626847634972809
prostate,baseline,40000,73,70,70,0.1265762496628581
prostate,baseline,40000,73,66,66,0.12989072382222946
prostate,baseline,40000,73,63,63,0.22240927087793783
prostate,baseline,40000,73,72,72,0.1978463233547551
prostate,baseline,40000,73,71,71,0.24361222566257218
prostate,baseline,40000,73,70,70,0.26497748719266817
prostate,baseline,40000,73,68,68,0.22450021710632456
prostate,baseline,40000,73,67,67,0.18713004039398073
prostate,baseline,40000,73,67,67,0.23095555670629475
prostate,baseline,40000,73,66,66,0.22039876235743938
prostate,baseline,40000,73,54,54,0.1304517082094558
prostate,baseline,40000,73,72,72,0.01792079702922612
prostate,baseline,40000,73,71,71,0.0029763319074350924
prostate,baseline,40000,73,65,65,0.012142771320434693
prostate,baseline,40000,73,72,72,0.14878208391913259
prostate,baseline,40000,73,65,65,0.02807634186717779
prostate,baseline,40000,73,62,62,0.18146613269221823
prostate,baseline,40000,73,72,72,0.012738595913441187
prostate,baseline,40000,73,72,72,0.00997109629970989
prostate,baseline,40000,73,72,72,0.1092450852453214
prostate,baseline,40000,73,69,69,0.048560427961855335
prostate,baseline,40000,73,69,69,0.015788228644141533
prostate,baseline,40000,73,69,69,0.01587263681023934
prostate,baseline,40000,73,57,57,0.029467219764193493
prostate,baseline,40000,73,32,32,0.18919899600044665
prostate,baseline,40000,73,31,31,0.19865099872573946
prostate,baseline,40000,73,26,26,0.21617589691339145
prostate,baseline,40000,73,67,67,0.13299887338880304
prostate,baseline,40000,73,64,64,0.11950954243296733
prostate,baseline,40000,73,55,55,0.1313991702097414
prostate,baseline,40000,73,49,49,0.16546667779852697
prostate,baseline,40000,73,37,37,0.18805342787941884
prostate,baseline,40000,73,52,52,0.18323926590823986
prostate,baseline,40000,73,42,42,0.18952538658206952
prostate,baseline,40000,73,38,38,0.1928792069148538
prostate,baseline,40000,73,37,37,0.21140199887790173
prostate,baseline,40000,73,70,70,0.33484456119220085
prostate,baseline,40000,73,67,67,0.33303092727597017
prostate,baseline,40000,73,67,67,0.3497173388255992
prostate,baseline,40000,73,64,64,0.3267038484392558
prostate,baseline,40000,73,20,20,0.22875208744370507
prostate,baseline,40000,73,69,69,0.1585527476150829
prostate,baseline,40000,73,64,64,0.16663158141436316
prostate,baseline,40000,73,72,72,0.0031817899704616893
prostate,baseline,40000,73,72,72,0.019115947231871044
prostate,baseline,40000,73,72,72,0.004115932162262336
prostate,baseline,40000,73,71,71,0.002496393049973876
prostate,baseline,40000,73,67,67,0.00632914711726839
prostate,baseline,40000,73,54,54,0.022366858509543192
prostate,baseline,40000,73,72,72,0.002532943210819242
prostate,baseline,40000,73,72,72,0.016764654291483393
prostate,baseline,40000,73,66,66,0.006838379270091038
prostate,baseline,40000,73,71,71,0.07688829614788568
prostate,baseline,40000,73,70,70,0.007602201985249976
prostate,baseline,40000,73,53,53,0.07656283151462256
prostate,baseline,40000,73,55,55,0.1420845720785464
prostate,baseline,40000,73,71,71,0.05056957542777992
prostate,baseline,40000,73,70,70,0.07020824083144783
prostate,baseline,40000,73,69,69,0.050185872737048734
prostate,baseline,40000,73,67,67,0.10363230647150172
prostate,baseline,40000,73,55,55,0.07683450455987745
prostate,baseline,40000,73,42,42,0.044053313635912285
prostate,baseline,40000,73,38,38,0.03572192278284654
prostate,baseline,40000,73,72,72,0.043489200115055214
prostate,baseline,40000,73,72,72,0.08881877498383228
prostate,baseline,40000,73,72,72,0.022014783416281103
prostate,baseline,40000,73,70,70,0.040149326256123406
prostate,baseline,40000,73,70,70,0.025637329298438864
prostate,baseline,40000,73,72,72,0.067978503073896
prostate,baseline,40000,73,72,72,0.10897089668559623
prostate,baseline,40000,73,70,70,0.08742626721167836
prostate,baseline,40000,73,69,69,0.15763397598526732
prostate,baseline,40000,73,68,68,0.1653687897047772
prostate,baseline,40000,73,71,71,0.11598283137195228
prostate,baseline,40000,73,69,69,0.10574061989081518
prostate,baseline,40000,73,69,69,0.016677729300091725
prostate,baseline,40000,73,67,67,0.08263107270378627
prostate,baseline,40000,73,72,72,0.06582158092955548
prostate,baseline,40000,73,72,72,0.13981226946187672
prostate,baseline,40000,73,72,72,0.007642786168206674
prostate,baseline,40000,73,72,72,0.028190248352430423
prostate,baseline,40000,73,65,65,0.03431755406042581
prostate,baseline,40000,73,71,71,0.0031767191928787878
prostate,baseline,40000,73,68,68,0.0058058403134229565
prostate,baseline,40000,73,67,67,0.00851319567739304
prostate,baseline,40000,73,71,71,0.105982354735745
prostate,baseline,40000,73,69,69,0.012501010029220341
prostate,baseline,40000,73,67,67,0.07364333103987289
prostate,baseline,40000,73,72,72,0.011623736854270745
prostate,baseline,40000,73,72,72,0.02165258602260388
prostate,baseline,40000,73,69,69,0.06887426496120994
prostate,baseline,40000,73,67,67,0.07410981108237666
prostate,baseline,40000,73,51,51,0.027487251225927843
prostate,baseline,40000,73,71,71,0.12310518456652565
prostate,baseline,40000,73,63,63,0.019853269183638264
prostate,baseline,40000,73,61,61,0.0857623010134143
prostate,baseline,40000,73,72,72,0.08563840709211286
prostate,baseline,40000,73,72,72,0.07565931632868145
prostate,baseline,40000,74,73,73,0.04539338535107998
prostate,baseline,40000,74,73,73,0.0043140549831803855
prostate,baseline,40000,74,73,73,0.15531992643377712
prostate,baseline,40000,74,71,71,0.021737641830436107
prostate,baseline,40000,74,67,67,0.04500924752974341
prostate,baseline,40000,74,73,73,0.18308377957689434
prostate,baseline,40000,74,73,73,0.004257050151841275
prostate,baseline,40000,74,72,72,0.15694566369081564
prostate,baseline,40000,74,73,73,0.006269867590323872
prostate,baseline,40000,74,73,73,0.1528265620579995
prostate,baseline,40000,74,73,73,0.04819785148438029
prostate,baseline,40000,74,71,71,0.023233202337833544
prostate,baseline,40000,74,68,68,0.024976394729485412
prostate,baseline,40000,74,73,73,0.027416361189153842
prostate,baseline,40000,74,73,73,0.012905826281508796
prostate,baseline,40000,74,73,73,0.07171863538292002
prostate,baseline,40000,74,72,72,0.005888944070317043
prostate,baseline,40000,74,72,72,0.036367699161459516
prostate,baseline,40000,74,38,38,0.028393493470675536
prostate,baseline,40000,74,34,34,0.11862034356030907
prostate,baseline,40000,74,34,34,0.02307719839573255
prostate,baseline,40000,74,55,55,0.11194774640089611
prostate,baseline,40000,74,49,49,0.10818413524720476
prostate,baseline,40000,74,37,37,0.16187401904667195
prostate,baseline,40000,74,26,26,0.12534086328837996
prostate,baseline,40000,74,69,69,0.22068898947551946
prostate,baseline,40000,74,64,64,0.2309242394015052
prostate,baseline,40000,74,73,73,0.05111233062636838
prostate,baseline,40000,74,73,73,0.14277534411275347
prostate,baseline,40000,74,70,70,0.02229881573751774
prostate,baseline,40000,74,73,73,0.11303944265243225
prostate,baseline,40000,74,73,73,0.15178190879940964
prostate,baseline,40000,74,72,72,0.14747593139961698
prostate,baseline,40000,74,67,67,0.15582586788684377
prostate,baseline,40000,74,64,64,0.13956176243332527
prostate,baseline,40000,74,73,73,0.07340012325202282
prostate,baseline,40000,74,68,68,0.0718886442907702
prostate,baseline,40000,74,43,43,0.053080599837305814
prostate,baseline,40000,74,42,42,0.061027886516980795
prostate,baseline,40000,74,38,38,0.05860075971429977
prostate,baseline,40000,74,37,37,0.16397669478211113
prostate,baseline,40000,74,26,26,0.11771392984052688
prostate,baseline,40000,74,73,73,0.009266094637618592
prostate,baseline,40000,74,70,70,0.005972876741375115
prostate,baseline,40000,74,67,67,0.018742795986660184
prostate,baseline,40000,74,65,65,0.0061548645612605445
prostate,baseline,40000,74,38,38,0.024174490736951947
prostate,baseline,40000,74,34,34,0.11300461663302767
prostate,baseline,40000,74,34,34,0.021375182825756723
prostate,baseline,40000,74,73,73,0.07530747934815481
prostate,baseline,40000,74,73,73,0.00925131945589552
prostate,baseline,40000,74,73,73,0.14165073396781436
prostate,baseline,40000,74,59,59,0.06424061895437325
prostate,baseline,40000,74,73,73,0.032209943168327364
prostate,baseline,40000,74,73,73,0.0028391967993383676
prostate,baseline,40000,74,71,71,0.014719738136332193
prostate,baseline,40000,74,70,70,0.06313790631555476
prostate,baseline,40000,74,64,64,0.006852767005034589
prostate,baseline,40000,74,73,73,0.04056632546134837
prostate,baseline,40000,74,64,64,0.010430695275691636
prostate,baseline,40000,74,72,72,0.016043307341562223
prostate,baseline,40000,74,67,67,0.01766132299820576
prostate,baseline,40000,74,64,64,0.013726043326706662
prostate,baseline,40000,74,59,59,0.02451860951734117
prostate,baseline,40000,74,50,50,0.31751609701965683
prostate,baseline,40000,74,73,73,0.15317165846437425
prostate,baseline,40000,74,71,71,0.01634242606673259
prostate,baseline,40000,74,71,71,0.0681891400628871
prostate,baseline,40000,74,72,72,0.1815591929299099
prostate,baseline,40000,74,72,72,0.17341193028349294
prostate,baseline,40000,74,70,70,0.16371099928033703
prostate,baseline,40000,74,69,69,0.1615404696939305
prostate,baseline,40000,74,68,68,0.028578174096950387
prostate,baseline,40000,74,67,67,0.17335083695121428
prostate,baseline,40000,74,73,73,0.15985517941470465
prostate,baseline,40000,74,73,73,0.11698109052880028
prostate,baseline,40000,74,64,64,0.10794378516073716
prostate,baseline,40000,74,37,37,0.06969221416744796
prostate,baseline,40000,74,26,26,0.08731527722835632
prostate,baseline,40000,74,73,73,0.1028050726224073
prostate,baseline,40000,74,73,73,0.27214808511388466
prostate,baseline,40000,74,73,73,0.19472177170866456
prostate,baseline,40000,74,73,73,0.2989798513805519
prostate,baseline,40000,74,67,67,0.046495701425535385
prostate,baseline,40000,74,73,73,0.12515497212689025
prostate,baseline,40000,74,68,68,0.1330068393688038
prostate,baseline,40000,74,66,66,0.14009645473610127
prostate,baseline,40000,74,62,62,0.15061803377375121
prostate,baseline,40000,74,73,73,0.12978449892736738
prostate,baseline,40000,74,71,71,0.13793003125523584
prostate,baseline,40000,74,73,73,0.001049746354043408
prostate,baseline,40000,74,73,73,0.004585184506919401
prostate,baseline,40000,74,72,72,0.0019436225414575182
prostate,baseline,40000,74,72,72,0.009541278195981375
prostate,baseline,40000,74,71,71,0.009919141889438989
prostate,baseline,40000,74,71,71,0.003674340384987425
prostate,baseline,40000,74,71,71,0.003804664407422128
prostate,baseline,40000,74,72,72,0.1538633253127398
prostate,baseline,40000,74,72,72,0.11524045559454245
prostate,baseline,40000,74,73,73,0.04523054040229021
prostate,baseline,40000,74,73,73,0.15477603396276615
prostate,baseline,40000,74,73,73,0.11083479372841325
prostate,baseline,40000,74,73,73,0.15824393740983245
prostate,baseline,40000,74,66,66,0.02121589904822957
prostate,baseline,40000,74,48,48,0.026506645206142168
prostate,baseline,40000,74,40,40,0.023534211229864193
prostate,baseline,40000,74,73,73,0.10513681454988019
prostate,baseline,40000,74,71,71,0.02605345233294249
prostate,baseline,40000,74,73,73,0.01497391334129044
prostate,baseline,40000,74,55,55,0.14785806087993492
prostate,baseline,40000,74,73,73,0.003106736404018477
prostate,baseline,40000,74,73,73,0.003234255580333693
prostate,baseline,40000,74,73,73,0.015062094097634971
prostate,baseline,40000,74,73,73,0.005732392674321355
prostate,baseline,40000,74,73,73,0.1552614400855501
prostate,baseline,40000,74,73,73,0.00611139333642258
prostate,baseline,40000,74,73,73,0.01449560739669178
prostate,baseline,40000,74,73,73,0.009517810556459018
prostate,baseline,40000,74,72,72,0.004586719003599622
prostate,baseline,40000,74,72,72,0.006645313400359002
prostate,baseline,40000,74,71,71,0.020184034382120762
prostate,baseline,40000,74,71,71,0.01575086129661895
prostate,baseline,40000,74,71,71,0.026906303490360255
prostate,baseline,40000,74,73,73,0.17475281057904993
prostate,baseline,40000,74,73,73,0.014700260075822938
prostate,baseline,40000,74,73,73,0.15832890075597453
prostate,baseline,40000,74,73,73,0.0025232639442943137
prostate,baseline,40000,74,73,73,0.003013721784720559
prostate,baseline,40000,74,73,73,0.001038566929310694
prostate,baseline,40000,74,73,73,0.0006990868796168649
prostate,baseline,40000,74,73,73,0.001191833654261948
prostate,baseline,40000,74,73,73,0.0017832508836965824
prostate,baseline,40000,74,73,73,0.016584377121558788
prostate,baseline,40000,74,73,73,0.001344980443677793
prostate,baseline,40000,74,73,73,0.0016190901971195365
prostate,baseline,40000,74,73,73,0.003638670436000649
prostate,baseline,40000,74,73,73,0.0019210938181879569
prostate,baseline,40000,74,73,73,0.0034492790628679877
prostate,baseline,40000,74,73,73,0.0035429593331831517
prostate,baseline,40000,74,73,73,0.0009113618749033053
prostate,baseline,40000,74,73,73,0.004727222437252474
prostate,baseline,40000,74,73,73,0.009351066807680105
prostate,baseline,40000,74,73,73,0.005311035574233897
prostate,baseline,40000,74,73,73,0.001316279370046456
prostate,baseline,40000,74,73,73,0.009156106611557543
prostate,baseline,40000,74,72,72,0.0018814811636312667
prostate,baseline,40000,74,72,72,0.0029643369084649154
prostate,baseline,40000,74,71,71,0.006177213574838565
prostate,baseline,40000,74,71,71,0.01141942918054345
prostate,baseline,40000,74,71,71,0.0049464722206318925
prostate,baseline,40000,74,71,71,0.002846867810825809
prostate,baseline,40000,74,67,67,0.006576101168539077
prostate,baseline,40000,74,64,64,0.13340140164887807
prostate,baseline,40000,74,37,37,0.1645386113907925
prostate,baseline,40000,74,26,26,0.15510657987905865
prostate,baseline,40000,74,73,73,0.026319677325826112
prostate,baseline,40000,74,73,73,0.06560402441859108
prostate,baseline,40000,74,73,73,0.013416452530169745
prostate,baseline,40000,74,73,73,0.09684417332243686
prostate,baseline,40000,74,73,73,0.13337146095855135
prostate,baseline,40000,74,73,73,0.1547543401942506
prostate,baseline,40000,74,73,73,0.04459109701226842
prostate,baseline,40000,74,71,71,0.026282943413645326
prostate,baseline,40000,74,68,68,0.09295468304179885
prostate,baseline,40000,74,62,62,0.03756686797682117
prostate,baseline,40000,74,73,73,0.013496247780836215
prostate,baseline,40000,74,73,73,0.08356783339109695
prostate,baseline,40000,74,73,73,0.04394441693394622
prostate,baseline,40000,74,73,73,0.08357870364635708
prostate,baseline,40000,74,68,68,0.0443149557291808
prostate,baseline,40000,74,72,72,0.15330573402473566
prostate,baseline,40000,74,60,60,0.07398330762235046
prostate,baseline,40000,74,71,71,0.06746106842257782
prostate,baseline,40000,74,71,71,0.007518595648672062
prostate,baseline,40000,74,68,68,0.07161523327061815
prostate,baseline,40000,74,73,73,0.046243254158859985
prostate,baseline,40000,74,73,73,0.037682830001668326
prostate,baseline,40000,74,73,73,0.04913732198158069
prostate,baseline,40000,74,73,73,0.031365017449980374
prostate,baseline,40000,74,72,72,0.0038961951784605023
prostate,baseline,40000,74,67,67,0.018707755541153254
prostate,baseline,40000,74,56,56,0.028942462649577987
prostate,baseline,40000,74,73,73,0.14733420979533865
prostate,baseline,40000,74,72,72,0.03166768837106292
prostate,baseline,40000,74,72,72,0.013372324458201856
prostate,baseline,40000,74,66,66,0.07655352774630755
prostate,baseline,40000,74,66,66,0.08921336144880809
prostate,baseline,40000,74,65,65,0.12071746079701252
prostate,baseline,40000,74,65,65,0.09825366638896675
prostate,baseline,40000,74,64,64,0.10519108412214587
prostate,baseline,40000,74,64,64,0.055337696061770345
prostate,baseline,40000,74,62,62,0.08136565490264479
prostate,baseline,40000,74,55,55,0.08809323952912364
prostate,baseline,40000,74,67,67,0.02236223094477619
prostate,baseline,40000,74,63,63,0.007443626270505524
prostate,baseline,40000,74,71,71,0.1601335387208944
prostate,baseline,40000,74,60,60,0.08761743609242126
prostate,baseline,40000,74,51,51,0.08380977380630565
prostate,baseline,40000,74,26,26,0.09460787771611902
prostate,baseline,40000,74,69,69,0.017185715587376933
prostate,baseline,40000,74,37,37,0.06344092364205545
prostate,baseline,40000,74,38,38,0.09802012879489751
prostate,baseline,40000,74,32,32,0.09528713541130582
prostate,baseline,40000,74,73,73,0.0738213016265361
prostate,baseline,40000,74,73,73,0.024380659750507547
prostate,baseline,40000,74,61,61,0.19508613294017743
prostate,baseline,40000,74,73,73,0.15427090320814077
prostate,baseline,40000,74,68,68,0.0305042794406692
prostate,baseline,40000,74,62,62,0.03737271111613447
prostate,baseline,40000,74,53,53,0.16111580853820162
prostate,baseline,40000,74,73,73,0.05139455872880432
prostate,baseline,40000,74,70,70,0.036476161514586644
prostate,baseline,40000,74,73,73,0.1995698855612485
prostate,baseline,40000,74,72,72,0.2564405933655336
prostate,baseline,40000,74,68,68,0.2313357851402318
prostate,baseline,40000,74,20,20,0.1344833112546913
prostate,baseline,40000,74,71,71,0.26047392166547084
prostate,baseline,40000,74,70,70,0.21440421090750278
prostate,baseline,40000,74,70,70,0.22654167085267218
prostate,baseline,40000,74,66,66,0.23859903811337657
prostate,baseline,40000,74,42,42,0.2901287274810963
prostate,baseline,40000,74,38,38,0.30918659379731045
prostate,baseline,40000,74,73,73,0.036543700245009116
prostate,baseline,40000,74,73,73,0.054229654543853936
prostate,baseline,40000,74,71,71,0.028942780248679276
prostate,baseline,40000,74,70,70,0.05152749164039031
prostate,baseline,40000,74,64,64,0.040789749162649186
prostate,baseline,40000,74,73,73,0.040582016575286164
prostate,baseline,40000,74,73,73,0.0007099957317475884
prostate,baseline,40000,74,40,40,0.03385245772702363
prostate,baseline,40000,74,73,73,0.16760745176151037
prostate,baseline,40000,74,71,71,0.06872795344641552
prostate,baseline,40000,74,73,73,0.047400476950900196
prostate,baseline,40000,74,73,73,0.15709014373383998
prostate,baseline,40000,74,68,68,0.024870320931174725
prostate,baseline,40000,74,66,66,0.11565706235298585
prostate,baseline,40000,74,26,26,0.14838980536465604
prostate,baseline,40000,74,73,73,0.01711609885860167
prostate,baseline,40000,74,73,73,0.014094378084604476
prostate,baseline,40000,74,73,73,0.01587644214866447
prostate,baseline,40000,74,73,73,0.05050842620335158
prostate,baseline,40000,74,73,73,0.004367354434045979
prostate,baseline,40000,74,73,73,0.037626821338937765
prostate,baseline,40000,74,73,73,0.012795040164807824
prostate,baseline,40000,74,73,73,0.0060774767794794776
prostate,baseline,40000,74,72,72,0.01953542373132057
prostate,baseline,40000,74,72,72,0.0061888878998611
prostate,baseline,40000,74,72,72,0.0144643013797254
prostate,baseline,40000,74,71,71,0.00826400506661058
prostate,baseline,40000,74,71,71,0.040142624503210815
prostate,baseline,40000,74,67,67,0.016293527611919278
prostate,baseline,40000,74,32,32,0.0334600410170563
prostate,baseline,40000,74,31,31,0.033486010834222334
prostate,baseline,40000,74,67,67,0.08415456150133759
prostate,baseline,40000,74,52,52,0.018873526592396175
prostate,baseline,40000,74,73,73,0.07222409682513156
prostate,baseline,40000,74,72,72,0.011465208798664027
prostate,baseline,40000,74,70,70,0.03500752717582248
prostate,baseline,40000,74,73,73,0.023207676670555
prostate,baseline,40000,74,69,69,0.013055254804605175
prostate,baseline,40000,74,67,67,0.09741771229063398
prostate,baseline,40000,74,67,67,0.09555726939779315
prostate,baseline,40000,74,65,65,0.08981976326284595
prostate,baseline,40000,74,73,73,0.06986196134039989
prostate,baseline,40000,74,73,73,0.2503432232094176
prostate,baseline,40000,74,66,66,0.20071955265863792
prostate,baseline,40000,74,73,73,0.15491473930736427
prostate,baseline,40000,74,68,68,0.0220585790557317
prostate,baseline,40000,74,73,73,0.010296944016804817
prostate,baseline,40000,74,73,73,0.0034698569808789847
prostate,baseline,40000,74,71,71,0.012404478334423383
prostate,baseline,40000,74,69,69,0.07945430916879148
prostate,baseline,40000,74,57,57,0.01897154988573426
prostate,baseline,40000,74,40,40,0.02083031652795848
prostate,baseline,40000,74,73,73,0.01279720537076504
prostate,baseline,40000,74,72,72,0.07763614932945354
prostate,baseline,40000,74,63,63,0.059913546896544295
prostate,baseline,40000,74,66,66,0.16166903456070147
prostate,baseline,40000,74,34,34,0.19536835239283462
prostate,baseline,40000,74,16,16,0.36242555314683683
prostate,baseline,40000,74,55,55,0.1273647400933633
prostate,baseline,40000,74,71,71,0.1941575248992509
prostate,baseline,40000,74,49,49,0.20299747651675987
prostate,baseline,40000,74,48,48,0.20579820429936876
prostate,baseline,40000,74,73,73,0.09951974853969103
prostate,baseline,40000,74,73,73,0.2055435909875006
prostate,baseline,40000,74,73,73,0.12479228236481028
prostate,baseline,40000,74,54,54,0.047273968623645385
prostate,baseline,40000,74,62,62,0.030562228434286867
prostate,baseline,40000,74,73,73,0.14751444246921905
prostate,baseline,40000,74,73,73,0.11530129786908574
prostate,baseline,40000,74,73,73,0.15552103821667865
prostate,baseline,40000,74,73,73,0.10673177555340424
prostate,baseline,40000,74,71,71,0.08084210938886631
prostate,baseline,40000,74,73,73,0.14693428139022033
prostate,baseline,40000,74,68,68,0.023530842691904155
prostate,baseline,40000,74,68,68,0.08571848722524607
prostate,baseline,40000,74,73,73,0.009363963711961245
prostate,baseline,40000,74,73,73,0.14224767276031938
prostate,baseline,40000,74,71,71,0.10348516194581174
prostate,baseline,40000,74,51,51,0.056221492545798196
prostate,baseline,40000,74,73,73,0.18124859726201947
prostate,baseline,40000,74,68,68,0.1555278377492609
prostate,baseline,40000,74,64,64,0.3285707764991831
prostate,baseline,40000,74,64,64,0.3173715263669037
prostate,baseline,40000,74,64,64,0.34484525116275233
prostate,baseline,40000,74,63,63,0.27586236425413163
prostate,baseline,40000,74,62,62,0.33023052759928184
prostate,baseline,40000,74,61,61,0.27096425348023007
prostate,baseline,40000,74,60,60,0.3453493411678576
prostate,baseline,40000,74,56,56,0.34103276587751824
prostate,baseline,40000,74,73,73,0.311580939609124
prostate,baseline,40000,74,60,60,0.3066336148423388
prostate,baseline,40000,74,72,72,0.008843076730625723
prostate,baseline,40000,74,55,55,0.15048682647982095
prostate,baseline,40000,74,73,73,0.02824563788273048
prostate,baseline,40000,74,55,55,0.11456161084078931
prostate,baseline,40000,74,73,73,0.25828986185720854
prostate,baseline,40000,74,69,69,0.23250808136681608
prostate,baseline,40000,74,20,20,0.19707028318511263
prostate,baseline,40000,74,67,67,0.021036328531379586
prostate,baseline,40000,74,62,62,0.030030210835995063
prostate,baseline,40000,74,53,53,0.07557048281947497
prostate,baseline,40000,74,73,73,0.09880778689569034
prostate,baseline,40000,74,62,62,0.03908359585138173
prostate,baseline,40000,74,60,60,0.007020272299412766
prostate,baseline,40000,74,69,69,0.10720730025888103
prostate,baseline,40000,74,73,73,0.05382302273301364
prostate,baseline,40000,74,73,73,0.21675239240404937
prostate,baseline,40000,74,73,73,0.3201548896417569
prostate,baseline,40000,74,73,73,0.3142186551024078
prostate,baseline,40000,74,64,64,0.04343404322593699
prostate,baseline,40000,74,73,73,0.16077350258069192
prostate,baseline,40000,74,73,73,0.02990494728003838
prostate,baseline,40000,74,73,73,0.20584443652658233
prostate,baseline,40000,74,71,71,0.0994807738019916
prostate,baseline,40000,74,67,67,0.026176486752265554
prostate,baseline,40000,74,67,67,0.043221667212351024
prostate,baseline,40000,74,73,73,0.011619157020202855
prostate,baseline,40000,74,73,73,0.0859710695845412
prostate,baseline,40000,74,70,70,0.07390623688407323
prostate,baseline,40000,74,60,60,0.04293480649479446
prostate,baseline,40000,74,71,71,0.09517767288665609
prostate,baseline,40000,74,37,37,0.0600003764618684
prostate,baseline,40000,74,73,73,0.1548983805107125
prostate,baseline,40000,74,68,68,0.01956614413609156
prostate,baseline,40000,74,72,72,0.10411590862039666
prostate,baseline,40000,74,72,72,0.09250792975495334
prostate,baseline,40000,74,72,72,0.04727171335800736
prostate,baseline,40000,74,72,72,0.09986440663122494
prostate,baseline,40000,74,71,71,0.017786172720907007
prostate,baseline,40000,74,69,69,0.08214561948899934
prostate,baseline,40000,74,71,71,0.17589022457883405
prostate,baseline,40000,74,73,73,0.07462509443469253
prostate,baseline,40000,74,73,73,0.02544365264677593
prostate,baseline,40000,74,67,67,0.019903971672948734
prostate,baseline,40000,74,63,63,0.053118494755544705
prostate,baseline,40000,74,73,73,0.1626292585092459
prostate,baseline,40000,74,69,69,0.1325899835084913
prostate,baseline,40000,74,73,73,0.15778393242948446
prostate,baseline,40000,74,73,73,0.1638286841962481
prostate,baseline,40000,74,66,66,0.10284320440365992
prostate,baseline,40000,74,34,34,0.2752956436143227
prostate,baseline,40000,74,33,33,0.2746679962471182
prostate,baseline,40000,74,73,73,0.15776944890760475
prostate,baseline,40000,74,73,73,0.1121689157114764
prostate,baseline,40000,74,71,71,0.18273871701951805
prostate,baseline,40000,74,71,71,0.17660744058220687
prostate,baseline,40000,74,70,70,0.1737133273369762
prostate,baseline,40000,74,68,68,0.09469290543233204
prostate,baseline,40000,74,60,60,0.15680651326202666
prostate,baseline,40000,74,72,72,0.013176115979104818
prostate,baseline,40000,74,71,71,0.027437146530928068
prostate,baseline,40000,74,55,55,0.10463211507107852
prostate,baseline,40000,74,73,73,0.19719434151222795
prostate,baseline,40000,74,68,68,0.1546379638531789
prostate,baseline,40000,74,66,66,0.16360542417707946
prostate,baseline,40000,74,73,73,0.15771363100393782
prostate,baseline,40000,74,70,70,0.033989476767968915
prostate,baseline,40000,74,73,73,0.12788360840311078
prostate,baseline,40000,74,73,73,0.011528104285968522
prostate,baseline,40000,74,73,73,0.008280938757151994
prostate,baseline,40000,74,73,73,0.015240257357685225
prostate,baseline,40000,74,72,72,0.015607387820443217
prostate,baseline,40000,74,26,26,0.30743159918880175
prostate,baseline,40000,74,73,73,0.2510472706910385
prostate,baseline,40000,74,73,73,0.2811092953031373
prostate,baseline,40000,74,70,70,0.11530536653748852
prostate,baseline,40000,74,64,64,0.03445354643354194
prostate,baseline,40000,74,72,72,0.2116649546969246
prostate,baseline,40000,74,64,64,0.22055806658785904
prostate,baseline,40000,74,73,73,0.11005462372683836
prostate,baseline,40000,74,70,70,0.00926672950766604
prostate,baseline,40000,74,69,69,0.0262078236129347
prostate,baseline,40000,74,72,72,0.12893724942548232
prostate,baseline,40000,74,72,72,0.12516753090704397
prostate,baseline,40000,74,70,70,0.13577233458335655
prostate,baseline,40000,74,70,70,0.013162005671531168
prostate,baseline,40000,74,70,70,0.12392180583513743
prostate,baseline,40000,74,69,69,0.09466392889889871
prostate,baseline,40000,74,73,73,0.05388067951474657
prostate,baseline,40000,74,73,73,0.16055890322105915
prostate,baseline,40000,74,73,73,0.00842736585411862
prostate,baseline,40000,74,73,73,0.007559726626734138
prostate,baseline,40000,74,73,73,0.03713215152412588
prostate,baseline,40000,74,73,73,0.0839067296880087
prostate,baseline,40000,74,72,72,0.011071631019470856
prostate,baseline,40000,74,71,71,0.007722657865496253
prostate,baseline,40000,74,70,70,0.0867426503839885
prostate,baseline,40000,74,63,63,0.055223009059729114
prostate,baseline,40000,74,73,73,0.0987456442861645
prostate,baseline,40000,74,71,71,0.00522394544730378
prostate,baseline,40000,74,68,68,0.07439128900908903
prostate,baseline,40000,74,51,51,0.04827323356862288
prostate,baseline,40000,74,73,73,0.09843037224055469
prostate,baseline,40000,74,72,72,0.0390267360767461
prostate,baseline,40000,74,70,70,0.04627711148503868
prostate,baseline,40000,74,60,60,0.03337469322068099
prostate,baseline,40000,74,73,73,0.10140418307745326
prostate,baseline,40000,74,70,70,0.009360386110281112
prostate,baseline,40000,74,69,69,0.00451432207939176
prostate,baseline,40000,74,71,71,0.15727393749343044
prostate,baseline,40000,74,40,40,0.24502499526317195
prostate,baseline,40000,74,38,38,0.23933361305406203
prostate,baseline,40000,74,34,34,0.21790215289895976
prostate,baseline,40000,74,73,73,0.04655814465083481
prostate,baseline,40000,74,73,73,0.09282371440532233
prostate,baseline,40000,74,66,66,0.2498642477085576
prostate,baseline,40000,74,48,48,0.2850674644355072
prostate,baseline,40000,74,40,40,0.2789264266629216
prostate,baseline,40000,74,72,72,0.17195244817356103
prostate,baseline,40000,74,72,72,0.1734783164531785
prostate,baseline,40000,74,71,71,0.020197077477538412
prostate,baseline,40000,74,70,70,0.16139948977569488
prostate,baseline,40000,74,73,73,0.06910542232926549
prostate,baseline,40000,74,73,73,0.07654359316306064
prostate,baseline,40000,74,73,73,0.09303963977640331
prostate,baseline,40000,74,73,73,0.061481403260375246
prostate,baseline,40000,74,73,73,0.004585028439717976
prostate,baseline,40000,74,73,73,0.15918904285548394
prostate,baseline,40000,74,71,71,0.03254094181990644
prostate,baseline,40000,74,70,70,0.06395922541917022
prostate,baseline,40000,74,68,68,0.005128957239150955
prostate,baseline,40000,74,56,56,0.023452810559619033
prostate,baseline,40000,74,55,55,0.07118632465582182
prostate,baseline,40000,74,73,73,0.032780044830798126
prostate,baseline,40000,74,73,73,0.0761753390939615
prostate,baseline,40000,74,73,73,0.034772836623672566
prostate,baseline,40000,74,72,72,0.011081210864202
prostate,baseline,40000,74,67,67,0.023438528821872844
prostate,baseline,40000,74,59,59,0.11541652309685306
prostate,baseline,40000,74,16,16,0.20050811370708865
prostate,baseline,40000,74,73,73,0.0986778901431394
prostate,baseline,40000,74,73,73,0.1438631274566205
prostate,baseline,40000,74,73,73,0.12577669531136373
prostate,baseline,40000,74,68,68,0.08222973987464512
prostate,baseline,40000,74,57,57,0.04520219230693759
prostate,baseline,40000,74,69,69,0.09964749903048405
prostate,baseline,40000,74,69,69,0.09770776384776429
prostate,baseline,40000,74,37,37,0.060578695677274294
prostate,baseline,40000,74,72,72,0.09881463870810829
prostate,baseline,40000,74,69,69,0.15126697756357146
prostate,baseline,40000,74,73,73,0.15625682823332226
prostate,baseline,40000,74,62,62,0.033103252085268695
prostate,baseline,40000,74,73,73,0.13001726988407247
prostate,baseline,40000,74,73,73,0.17320435724562142
prostate,baseline,40000,74,72,72,0.01740639083859405
prostate,baseline,40000,74,61,61,0.03956496888463565
prostate,baseline,40000,74,69,69,0.1139732339277416
prostate,baseline,40000,74,67,67,0.02930215728302863
prostate,baseline,40000,74,63,63,0.10625300177571441
prostate,baseline,40000,74,73,73,0.006964071289086687
prostate,baseline,40000,74,73,73,0.14845069946644515
prostate,baseline,40000,74,63,63,0.03132154104700798
prostate,baseline,40000,74,61,61,0.03138378471012755
prostate,baseline,40000,74,63,63,0.2345980517283661
prostate,baseline,40000,74,51,51,0.2594657149956919
prostate,baseline,40000,74,49,49,0.24515768935981094
prostate,baseline,40000,74,26,26,0.3293464268800176
prostate,baseline,40000,74,69,69,0.195191113619078
prostate,baseline,40000,74,73,73,0.045417761405004226
prostate,baseline,40000,74,73,73,0.15773542231650503
prostate,baseline,40000,74,68,68,0.019906851806071716
prostate,baseline,40000,74,73,73,0.221325799076078
prostate,baseline,40000,74,73,73,0.14745999509935784
prostate,baseline,40000,74,72,72,0.10995753739934314
prostate,baseline,40000,74,67,67,0.11491694038021967
prostate,baseline,40000,74,64,64,0.07778293313566942
prostate,baseline,40000,74,37,37,0.14173993316658293
prostate,baseline,40000,74,34,34,0.1352356368258593
prostate,baseline,40000,74,73,73,0.07255634936583745
prostate,baseline,40000,74,71,71,0.038240096182300114
prostate,baseline,40000,74,70,70,0.03222823539651543
prostate,baseline,40000,74,63,63,0.05190194139809206
prostate,baseline,40000,74,73,73,0.1558939564664216
prostate,baseline,40000,74,70,70,0.1906451085473607
prostate,baseline,40000,74,65,65,0.025028670078756275
prostate,baseline,40000,74,55,55,0.07919705972544815
prostate,baseline,40000,74,53,53,0.07954460343015259
prostate,baseline,40000,74,49,49,0.016339219167393483
prostate,baseline,40000,74,67,67,0.16643070004218546
prostate,baseline,40000,74,65,65,0.13884997364352822
prostate,baseline,40000,74,26,26,0.26858930747165444
prostate,baseline,40000,74,51,51,0.07406656620635661
prostate,baseline,40000,74,38,38,0.10539796579491467
prostate,baseline,40000,74,38,38,0.03512544962903862
prostate,baseline,40000,74,32,32,0.1328508766714686
prostate,baseline,40000,74,73,73,0.18965868904157202
prostate,baseline,40000,74,73,73,0.1491610067507987
prostate,baseline,40000,74,73,73,0.04842431301299152
prostate,baseline,40000,74,72,72,0.10414531172826348
prostate,baseline,40000,74,72,72,0.04037737911046416
prostate,baseline,40000,74,72,72,0.05841691876812954
prostate,baseline,40000,74,71,71,0.028251112975269034
prostate,baseline,40000,74,71,71,0.008444693392556817
prostate,baseline,40000,74,67,67,0.1750999483127907
prostate,baseline,40000,74,39,39,0.21988931704779086
prostate,baseline,40000,74,69,69,0.12811274575394876
prostate,baseline,40000,74,68,68,0.128334471284261
prostate,baseline,40000,74,53,53,0.135542697526826
prostate,baseline,40000,74,73,73,0.29762231209719536
prostate,baseline,40000,74,70,70,0.16631940095775025
prostate,baseline,40000,74,66,66,0.28682061772395206
prostate,baseline,40000,74,64,64,0.28356463744168314
prostate,baseline,40000,74,63,63,0.25186988736773336
prostate,baseline,40000,74,62,62,0.31042427751817314
prostate,baseline,40000,74,73,73,0.27298175444357725
prostate,baseline,40000,74,73,73,0.22154889676793094
prostate,baseline,40000,74,64,64,0.09367817860306878
prostate,baseline,40000,74,26,26,0.1571615228941203
prostate,baseline,40000,74,70,70,0.004303094779103303
prostate,baseline,40000,74,67,67,0.018586962484651557
prostate,baseline,40000,74,73,73,0.035005515391171
prostate,baseline,40000,74,73,73,0.05226617267513578
prostate,baseline,40000,74,72,72,0.03015840802196187
prostate,baseline,40000,74,71,71,0.025635439236962505
prostate,baseline,40000,74,67,67,0.010771629793637674
prostate,baseline,40000,74,60,60,0.05289850228338985
prostate,baseline,40000,75,72,72,0.20437798284825187
prostate,baseline,40000,75,61,61,0.1238415421329389
prostate,baseline,40000,75,74,74,0.0021738490648120336
prostate,baseline,40000,75,69,69,0.06868466237351202
prostate,baseline,40000,75,69,69,0.06617165785675316
prostate,baseline,40000,75,67,67,0.01091597974950336
prostate,baseline,40000,75,74,74,0.2383791411607418
prostate,baseline,40000,75,70,70,0.27963958859671617
prostate,baseline,40000,75,74,74,0.18055317352987404
prostate,baseline,40000,75,74,74,0.19125296027368063
prostate,baseline,40000,75,74,74,0.137539103856359
prostate,baseline,40000,75,73,73,0.13031643754993963
prostate,baseline,40000,75,49,49,0.07287453599862194
prostate,baseline,40000,75,72,72,0.09070853506490151
prostate,baseline,40000,75,71,71,0.024220386542283548
prostate,baseline,40000,75,67,67,0.10703938639654269
prostate,baseline,40000,75,67,67,0.11910764138067145
prostate,baseline,40000,75,74,74,0.05817588273886738
prostate,baseline,40000,75,74,74,0.09980880947651598
prostate,baseline,40000,75,72,72,0.010439450048393015
prostate,baseline,40000,75,60,60,0.03118097004902094
prostate,baseline,40000,75,74,74,0.2912068065251006
prostate,baseline,40000,75,74,74,0.28608015084762
prostate,baseline,40000,75,74,74,0.0064126600401932824
prostate,baseline,40000,75,74,74,0.01860617334656771
prostate,baseline,40000,75,74,74,0.09848752027427371
prostate,baseline,40000,75,74,74,0.0035552059261597007
prostate,baseline,40000,75,74,74,0.0035739198083046472
prostate,baseline,40000,75,74,74,0.024073135581474094
prostate,baseline,40000,75,74,74,0.007135774602002713
prostate,baseline,40000,75,74,74,0.00909644280133313
prostate,baseline,40000,75,73,73,0.012010659068510184
prostate,baseline,40000,75,72,72,0.025641281173409233
prostate,baseline,40000,75,72,72,0.005995384043476216
prostate,baseline,40000,75,72,72,0.031926687742809365
prostate,baseline,40000,75,68,68,0.010587460663218659
prostate,baseline,40000,75,34,34,0.24965269418688393
prostate,baseline,40000,75,33,33,0.24148464495572752
prostate,baseline,40000,75,69,69,0.13883098347317213
prostate,baseline,40000,75,68,68,0.0805795115116676
prostate,baseline,40000,75,65,65,0.10669400463632164
prostate,baseline,40000,75,55,55,0.14958488215280197
prostate,baseline,40000,75,51,51,0.16627561068464367
prostate,baseline,40000,75,49,49,0.18655577129733464
prostate,baseline,40000,75,42,42,0.17955805259019464
prostate,baseline,40000,75,38,38,0.18652451435512277
prostate,baseline,40000,75,74,74,0.2569222820448323
prostate,baseline,40000,75,74,74,0.11282110751095788
prostate,baseline,40000,75,74,74,0.009661660340345352
prostate,baseline,40000,75,69,69,0.23869245270514802
prostate,baseline,40000,75,66,66,0.0662472692162264
prostate,baseline,40000,75,54,54,0.13021037581091127
prostate,baseline,40000,75,74,74,0.09246558204486892
prostate,baseline,40000,75,72,72,0.03521141099582572
prostate,baseline,40000,75,72,72,0.09090576831538764
prostate,baseline,40000,75,37,37,0.05783885767480287
prostate,baseline,40000,75,74,74,0.005663693208106123
prostate,baseline,40000,75,74,74,0.010343617850338754
prostate,baseline,40000,75,74,74,0.07488131567423516
prostate,baseline,40000,75,74,74,0.03321680233672335
prostate,baseline,40000,75,74,74,0.008193307796953694
prostate,baseline,40000,75,74,74,0.03214399800164113
prostate,baseline,40000,75,74,74,0.03135355409979927
prostate,baseline,40000,75,74,74,0.04078023310568171
prostate,baseline,40000,75,74,74,0.005702665944881685
prostate,baseline,40000,75,74,74,0.01368061694488458
prostate,baseline,40000,75,74,74,0.006659923822673744
prostate,baseline,40000,75,74,74,0.007170856157111825
prostate,baseline,40000,75,74,74,0.02004152277429787
prostate,baseline,40000,75,74,74,0.004687478826484286
prostate,baseline,40000,75,74,74,0.004041034951866892
prostate,baseline,40000,75,74,74,0.007406982991064237
prostate,baseline,40000,75,74,74,0.033345020485484454
prostate,baseline,40000,75,73,73,0.008608447504493404
prostate,baseline,40000,75,72,72,0.04966824364615517
prostate,baseline,40000,75,72,72,0.018494977996227523
prostate,baseline,40000,75,72,72,0.02819742289851463
prostate,baseline,40000,75,72,72,0.013228054238892685
prostate,baseline,40000,75,68,68,0.03573298251958379
prostate,baseline,40000,75,74,74,0.008751441936406461
prostate,baseline,40000,75,74,74,0.032029254886210515
prostate,baseline,40000,75,74,74,0.019033515884342902
prostate,baseline,40000,75,74,74,0.01222308701736939
prostate,baseline,40000,75,74,74,0.01555223964553242
prostate,baseline,40000,75,74,74,0.015986087507671963
prostate,baseline,40000,75,74,74,0.015848677910255814
prostate,baseline,40000,75,74,74,0.0482761801020906
prostate,baseline,40000,75,74,74,0.009574655497497276
prostate,baseline,40000,75,74,74,0.15690780270634186
prostate,baseline,40000,75,74,74,0.021715741601274586
prostate,baseline,40000,75,74,74,0.018816870372717294
prostate,baseline,40000,75,74,74,0.0175501812548867
prostate,baseline,40000,75,74,74,0.004976753101744275
prostate,baseline,40000,75,74,74,0.016514425349605327
prostate,baseline,40000,75,74,74,0.01923450353888091
prostate,baseline,40000,75,74,74,0.01363600534695035
prostate,baseline,40000,75,74,74,0.012301460613832513
prostate,baseline,40000,75,74,74,0.008743037368081115
prostate,baseline,40000,75,74,74,0.008325337200473815
prostate,baseline,40000,75,73,73,0.02689750777783385
prostate,baseline,40000,75,73,73,0.012786556051112239
prostate,baseline,40000,75,72,72,0.024797790548142542
prostate,baseline,40000,75,72,72,0.018212962320801215
prostate,baseline,40000,75,72,72,0.0321820772352052
prostate,baseline,40000,75,68,68,0.04321796002673779
prostate,baseline,40000,75,69,69,0.17473106745012218
prostate,baseline,40000,75,69,69,0.17510524707280814
prostate,baseline,40000,75,74,74,0.17682446370265756
prostate,baseline,40000,75,68,68,0.08436458720671833
prostate,baseline,40000,75,60,60,0.13275346102489516
prostate,baseline,40000,75,74,74,0.18043196108252957
prostate,baseline,40000,75,74,74,0.14363686113056
prostate,baseline,40000,75,73,73,0.2161029725157482
prostate,baseline,40000,75,70,70,0.2260894510038478
prostate,baseline,40000,75,70,70,0.2223625319522849
prostate,baseline,40000,75,59,59,0.14122931388860008
prostate,baseline,40000,75,20,20,0.1038017184233426
prostate,baseline,40000,75,74,74,0.13211455481193085
prostate,baseline,40000,75,73,73,0.18032054551446347
prostate,baseline,40000,75,73,73,0.16932521481838098
prostate,baseline,40000,75,72,72,0.01194310352968842
prostate,baseline,40000,75,71,71,0.1819354861186961
prostate,baseline,40000,75,70,70,0.04934995848683479
prostate,baseline,40000,75,68,68,0.1809022281896121
prostate,baseline,40000,75,65,65,0.1283954368672663
prostate,baseline,40000,75,56,56,0.15646731305014838
prostate,baseline,40000,75,51,51,0.14094150868134903
prostate,baseline,40000,75,71,71,0.14301498474368748
prostate,baseline,40000,75,70,70,0.15393632899922843
prostate,baseline,40000,75,68,68,0.13765264043280875
prostate,baseline,40000,75,65,65,0.08431305758690014
prostate,baseline,40000,75,74,74,0.04728997790342106
prostate,baseline,40000,75,72,72,0.07022967517236665
prostate,baseline,40000,75,42,42,0.04142900137067518
prostate,baseline,40000,75,38,38,0.03408641261202041
prostate,baseline,40000,75,74,74,0.11348576992569831
prostate,baseline,40000,75,67,67,0.06553094124602683
prostate,baseline,40000,75,65,65,0.05164646254822002
prostate,baseline,40000,75,64,64,0.06584693314250925
prostate,baseline,40000,75,63,63,0.06879426073152553
prostate,baseline,40000,75,63,63,0.030634460525638823
prostate,baseline,40000,75,68,68,0.10386470621735071
prostate,baseline,40000,75,64,64,0.04466201892175943
prostate,baseline,40000,75,53,53,0.08335373555855746
prostate,baseline,40000,75,74,74,0.1460533742090307
prostate,baseline,40000,75,72,72,0.12505403293358153
prostate,baseline,40000,75,71,71,0.0910549255759187
prostate,baseline,40000,75,72,72,0.11413842822030655
prostate,baseline,40000,75,64,64,0.033030832357136525
prostate,baseline,40000,75,74,74,0.14764603083218686
prostate,baseline,40000,75,74,74,0.11245695701877043
prostate,baseline,40000,75,63,63,0.041545329920103256
prostate,baseline,40000,75,74,74,0.06828149508035106
prostate,baseline,40000,75,73,73,0.15484426897025858
prostate,baseline,40000,75,72,72,0.15289173231590636
prostate,baseline,40000,75,67,67,0.1390627271589396
prostate,baseline,40000,75,73,73,0.1310215580702947
prostate,baseline,40000,75,63,63,0.10192471611091383
prostate,baseline,40000,75,74,74,0.0038744861512528006
prostate,baseline,40000,75,74,74,0.01465805059664074
prostate,baseline,40000,75,74,74,0.0038306453248519866
prostate,baseline,40000,75,74,74,0.002836939858095382
prostate,baseline,40000,75,74,74,0.004173179055585777
prostate,baseline,40000,75,72,72,0.002007139132367026
prostate,baseline,40000,75,72,72,0.007423961210489702
prostate,baseline,40000,75,68,68,0.006243371011636522
prostate,baseline,40000,75,74,74,0.11186965542107595
prostate,baseline,40000,75,74,74,0.15133447904511776
prostate,baseline,40000,75,66,66,0.023049265396441282
prostate,baseline,40000,75,71,71,0.03948373585572856
prostate,baseline,40000,75,67,67,0.08211953777825501
prostate,baseline,40000,75,48,48,0.03532661319624345
prostate,baseline,40000,75,74,74,0.03982219814640293
prostate,baseline,40000,75,65,65,0.015676734916212465
prostate,baseline,40000,75,38,38,0.2189214048919833
prostate,baseline,40000,75,34,34,0.19791323331433303
prostate,baseline,40000,75,34,34,0.24022225228865846
prostate,baseline,40000,75,74,74,0.07283982926443641
prostate,baseline,40000,75,74,74,0.02867428791394514
prostate,baseline,40000,75,74,74,0.08744349237105871
prostate,baseline,40000,75,69,69,0.03585786765274261
prostate,baseline,40000,75,73,73,0.15701613371446088
prostate,baseline,40000,75,73,73,0.09818757356130607
prostate,baseline,40000,75,73,73,0.1346143860466064
prostate,baseline,40000,75,71,71,0.09629227708078682
prostate,baseline,40000,75,71,71,0.10106054522943266
prostate,baseline,40000,75,69,69,0.1296711944299336
prostate,baseline,40000,75,69,69,0.06235998968976795
prostate,baseline,40000,75,62,62,0.04007167830220717
prostate,baseline,40000,75,74,74,0.2182603943408828
prostate,baseline,40000,75,74,74,0.0319934921507503
prostate,baseline,40000,75,74,74,0.2731924984493036
prostate,baseline,40000,75,67,67,0.08775536485729907
prostate,baseline,40000,75,63,63,0.08784971487977589
prostate,baseline,40000,75,51,51,0.08704124908462237
prostate,baseline,40000,75,26,26,0.10765896682017753
prostate,baseline,40000,75,74,74,0.006316145277179518
prostate,baseline,40000,75,74,74,0.005378291413312263
prostate,baseline,40000,75,74,74,0.11427359301601628
prostate,baseline,40000,75,74,74,0.15569851474999447
prostate,baseline,40000,75,74,74,0.025103171506062342
prostate,baseline,40000,75,74,74,0.019421855886385012
prostate,baseline,40000,75,72,72,0.033259677172427074
prostate,baseline,40000,75,65,65,0.009536969961409595
prostate,baseline,40000,75,64,64,0.13939046311297026
prostate,baseline,40000,75,40,40,0.18736786308572587
prostate,baseline,40000,75,38,38,0.1872320782606128
prostate,baseline,40000,75,74,74,0.2541266534788167
prostate,baseline,40000,75,74,74,0.2528048428268305
prostate,baseline,40000,75,73,73,0.22222018845814015
prostate,baseline,40000,75,74,74,0.016343473007320964
prostate,baseline,40000,75,74,74,0.004848010692213071
prostate,baseline,40000,75,72,72,0.005099795857084446
prostate,baseline,40000,75,72,72,0.00480790799730455
prostate,baseline,40000,75,71,71,0.06543807092955632
prostate,baseline,40000,75,74,74,0.00047395325100768024
prostate,baseline,40000,75,73,73,0.004756327556395259
prostate,baseline,40000,75,71,71,0.06749943818762734
prostate,baseline,40000,75,67,67,0.007751465971934957
prostate,baseline,40000,75,70,70,0.08031770122081547
prostate,baseline,40000,75,65,65,0.13892838096408922
prostate,baseline,40000,75,64,64,0.044925342978885424
prostate,baseline,40000,75,63,63,0.032857904461586686
prostate,baseline,40000,75,57,57,0.038047712974996796
prostate,baseline,40000,75,57,57,0.0485093492139534
prostate,baseline,40000,75,20,20,0.12978198278028336
prostate,baseline,40000,75,35,35,0.10596172935082712
prostate,baseline,40000,75,33,33,0.10397333322184116
prostate,baseline,40000,75,69,69,0.1055803123593483
prostate,baseline,40000,75,19,19,0.15503561452813533
prostate,baseline,40000,75,65,65,0.2521614708365449
prostate,baseline,40000,75,62,62,0.32646050407425214
prostate,baseline,40000,75,62,62,0.28181667217108475
prostate,baseline,40000,75,53,53,0.2883777925554425
prostate,baseline,40000,75,65,65,0.12545814015173704
prostate,baseline,40000,75,57,57,0.15628254117066695
prostate,baseline,40000,75,49,49,0.1678728579129044
prostate,baseline,40000,75,74,74,0.19035438230907048
prostate,baseline,40000,75,74,74,0.2326247153214845
prostate,baseline,40000,75,73,73,0.11678141730480246
prostate,baseline,40000,75,74,74,0.14083492998819702
prostate,baseline,40000,75,74,74,0.08801022266832506
prostate,baseline,40000,75,73,73,0.04414520999110273
prostate,baseline,40000,75,74,74,0.058912119701612115
prostate,baseline,40000,75,74,74,0.11258078648374757
prostate,baseline,40000,75,74,74,0.1548540066649614
prostate,baseline,40000,75,72,72,0.011609594259568713
prostate,baseline,40000,75,74,74,0.07072302750973283
prostate,baseline,40000,75,74,74,0.08896316644665228
prostate,baseline,40000,75,72,72,0.05956967551042726
prostate,baseline,40000,75,72,72,0.002847566679206608
prostate,baseline,40000,75,71,71,0.008399958049849568
prostate,baseline,40000,75,71,71,0.06663736501905107
prostate,baseline,40000,75,71,71,0.022155784693584316
prostate,baseline,40000,75,74,74,0.001957707574641144
prostate,baseline,40000,75,74,74,0.041003712272162735
prostate,baseline,40000,75,72,72,0.005689115404870131
prostate,baseline,40000,75,72,72,0.0032173196071655255
prostate,baseline,40000,75,53,53,0.018786490440462413
prostate,baseline,40000,75,74,74,0.12388971372470663
prostate,baseline,40000,75,74,74,0.27006160153934894
prostate,baseline,40000,75,74,74,0.14562575822742005
prostate,baseline,40000,75,74,74,0.055648809554974456
prostate,baseline,40000,75,72,72,0.07486611952930167
prostate,baseline,40000,75,74,74,0.03209813902928718
prostate,baseline,40000,75,71,71,0.08228171199461567
prostate,baseline,40000,75,70,70,0.11149806939980035
prostate,baseline,40000,75,69,69,0.07987859963445265
prostate,baseline,40000,75,62,62,0.030948267233580316
prostate,baseline,40000,75,71,71,0.08571009254600519
prostate,baseline,40000,75,71,71,0.05688560110321894
prostate,baseline,40000,75,69,69,0.08085504608398408
prostate,baseline,40000,75,69,69,0.05674316588875019
prostate,baseline,40000,75,55,55,0.0804999363302564
prostate,baseline,40000,75,64,64,0.10245271843869383
prostate,baseline,40000,75,64,64,0.10137264566337029
prostate,baseline,40000,75,51,51,0.06483021112977308
prostate,baseline,40000,75,26,26,0.06750578307455381
prostate,baseline,40000,75,65,65,0.2760035113816446
prostate,baseline,40000,75,63,63,0.31297499058610095
prostate,baseline,40000,75,62,62,0.3148274052566503
prostate,baseline,40000,75,49,49,0.3280040508445676
prostate,baseline,40000,75,48,48,0.32367811994549117
prostate,baseline,40000,75,42,42,0.33216020714870426
prostate,baseline,40000,75,40,40,0.3262195728268947
prostate,baseline,40000,75,38,38,0.3014920182247638
prostate,baseline,40000,75,37,37,0.29979964893257716
prostate,baseline,40000,75,34,34,0.27704871314260626
prostate,baseline,40000,75,74,74,0.01085028286065794
prostate,baseline,40000,75,74,74,0.015259193523076439
prostate,baseline,40000,75,74,74,0.0038539397725104326
prostate,baseline,40000,75,69,69,0.006905645566731037
prostate,baseline,40000,75,72,72,0.19845954618307463
prostate,baseline,40000,75,72,72,0.20824092645300848
prostate,baseline,40000,75,72,72,0.2055878013745078
prostate,baseline,40000,75,70,70,0.20756164975874639
prostate,baseline,40000,75,74,74,0.11399808611728501
prostate,baseline,40000,75,64,64,0.039655657629984714
prostate,baseline,40000,75,63,63,0.03183807676824323
prostate,baseline,40000,75,74,74,0.13733996475921337
prostate,baseline,40000,75,72,72,0.09872175754604612
prostate,baseline,40000,75,68,68,0.08458901749113273
prostate,baseline,40000,75,74,74,0.11413012706793454
prostate,baseline,40000,75,74,74,0.020225610693857105
prostate,baseline,40000,75,74,74,0.09600186264310859
prostate,baseline,40000,75,72,72,0.042955778692900695
prostate,baseline,40000,75,70,70,0.0556106671591038
prostate,baseline,40000,75,69,69,0.0572652519395005
prostate,baseline,40000,75,60,60,0.03329907305339077
prostate,baseline,40000,75,71,71,0.01843726973386157
prostate,baseline,40000,75,56,56,0.02743792453733846
prostate,baseline,40000,75,69,69,0.1220890310414103
prostate,baseline,40000,75,55,55,0.034547738437034306
prostate,baseline,40000,75,74,74,0.1772396276975403
prostate,baseline,40000,75,72,72,0.1350908213553841
prostate,baseline,40000,75,72,72,0.11184454686455468
prostate,baseline,40000,75,67,67,0.12269402674660677
prostate,baseline,40000,75,64,64,0.026617499416442897
prostate,baseline,40000,75,74,74,0.09579754461247413
prostate,baseline,40000,75,74,74,0.17940756140222414
prostate,baseline,40000,75,68,68,0.005709035401258626
prostate,baseline,40000,75,74,74,0.0886431913461979
prostate,baseline,40000,75,74,74,0.07052673039885211
prostate,baseline,40000,75,74,74,0.03887203503016206
prostate,baseline,40000,75,70,70,0.06906613472609642
prostate,baseline,40000,75,64,64,0.0720381285502956
prostate,baseline,40000,75,56,56,0.024338000333592173
prostate,baseline,40000,75,34,34,0.023562266581072924
prostate,baseline,40000,75,74,74,0.1383739959482697
prostate,baseline,40000,75,74,74,0.08268107476065763
prostate,baseline,40000,75,74,74,0.07059664705687387
prostate,baseline,40000,75,60,60,0.04067093452973269
prostate,baseline,40000,75,74,74,0.14802312745154442
prostate,baseline,40000,75,65,65,0.08484775890244443
prostate,baseline,40000,75,63,63,0.1679775977820306
prostate,baseline,40000,75,51,51,0.1934635207852692
prostate,baseline,40000,75,74,74,0.24525368882061788
prostate,baseline,40000,75,74,74,0.16372736983965527
prostate,baseline,40000,75,74,74,0.17457421949385052
prostate,baseline,40000,75,74,74,0.22555137877754897
prostate,baseline,40000,75,74,74,0.1216351193792084
prostate,baseline,40000,75,69,69,0.020204613819932028
prostate,baseline,40000,75,72,72,0.16735621246533197
prostate,baseline,40000,75,74,74,0.15515418307121812
prostate,baseline,40000,75,73,73,0.003839464981034336
prostate,baseline,40000,75,72,72,0.0037698048425891775
prostate,baseline,40000,75,69,69,0.07874595609548855
prostate,baseline,40000,75,74,74,0.10839883030634169
prostate,baseline,40000,75,74,74,0.1480675910357396
prostate,baseline,40000,75,66,66,0.021147668355418283
prostate,baseline,40000,75,74,74,0.16081213552917786
prostate,baseline,40000,75,74,74,0.22339262755805303
prostate,baseline,40000,75,74,74,0.06334854809392093
prostate,baseline,40000,75,73,73,0.03461672318389512
prostate,baseline,40000,75,72,72,0.0023495605094828948
prostate,baseline,40000,75,71,71,0.04024440150713157
prostate,baseline,40000,75,70,70,0.0786731061694509
prostate,baseline,40000,75,48,48,0.02153631078317614
prostate,baseline,40000,75,74,74,0.03880593773818199
prostate,baseline,40000,75,74,74,0.0014442237964693231
prostate,baseline,40000,75,71,71,0.0065813660494889415
prostate,baseline,40000,75,56,56,0.01907470946901437
prostate,baseline,40000,75,71,71,0.1618077074929715
prostate,baseline,40000,75,70,70,0.17037868397969466
prostate,baseline,40000,75,61,61,0.1410310879918104
prostate,baseline,40000,75,46,46,0.22002858764800487
prostate,baseline,40000,75,73,73,0.3106533518659744
prostate,baseline,40000,75,72,72,0.31735873816401317
prostate,baseline,40000,75,62,62,0.17523956761381226
prostate,baseline,40000,75,62,62,0.2837100617728678
prostate,baseline,40000,75,73,73,0.1530878182819455
prostate,baseline,40000,75,69,69,0.07554384992608598
prostate,baseline,40000,75,65,65,0.10065332508428886
prostate,baseline,40000,75,59,59,0.047483990626866805
prostate,baseline,40000,75,49,49,0.16811491296385342
prostate,baseline,40000,75,72,72,0.023565906061429907
prostate,baseline,40000,75,69,69,0.10594332370896327
prostate,baseline,40000,75,67,67,0.07096910273569915
prostate,baseline,40000,75,74,74,0.04423818899444969
prostate,baseline,40000,75,74,74,0.13562328386993566
prostate,baseline,40000,75,74,74,0.25155588177252347
prostate,baseline,40000,75,74,74,0.29612093805797307
prostate,baseline,40000,75,74,74,0.09647575632703212
prostate,baseline,40000,75,74,74,0.15624331127938385
prostate,baseline,40000,75,70,70,0.22061835007876515
prostate,baseline,40000,75,67,67,0.2542528659361407
prostate,baseline,40000,75,65,65,0.23478722950223907
prostate,baseline,40000,75,74,74,0.19471344058606646
prostate,baseline,40000,75,73,73,0.2752962772668376
prostate,baseline,40000,75,73,73,0.2110082957740755
prostate,baseline,40000,75,73,73,0.25512559995795336
prostate,baseline,40000,75,74,74,0.10005434341431839
prostate,baseline,40000,75,72,72,0.08394734846286933
prostate,baseline,40000,75,72,72,0.09248674236207391
prostate,baseline,40000,75,16,16,0.296332987092477
prostate,baseline,40000,75,74,74,0.29650313004589196
prostate,baseline,40000,75,74,74,0.22021250961700217
prostate,baseline,40000,75,74,74,0.06846311925975612
prostate,baseline,40000,75,74,74,0.2786485014147729
prostate,baseline,40000,75,74,74,0.011121850716672583
prostate,baseline,40000,75,74,74,0.15240127578882853
prostate,baseline,40000,75,73,73,0.13109793437506884
prostate,baseline,40000,75,74,74,0.07072209265396116
prostate,baseline,40000,75,74,74,0.15385859127478296
prostate,baseline,40000,75,74,74,0.11577099254164214
prostate,baseline,40000,75,74,74,0.0411845975467626
prostate,baseline,40000,75,64,64,0.0386642103935284
prostate,baseline,40000,75,20,20,0.18726703398592717
prostate,baseline,40000,75,74,74,0.2867352487306837
prostate,baseline,40000,75,74,74,0.2937222159235015
prostate,baseline,40000,75,69,69,0.033984219968268115
prostate,baseline,40000,75,72,72,0.11482746271758165
prostate,baseline,40000,75,70,70,0.11413886450058955
prostate,baseline,40000,75,64,64,0.040807915427088684
prostate,baseline,40000,75,63,63,0.03245862193622655
prostate,baseline,40000,75,56,56,0.12153002728549457
prostate,baseline,40000,75,74,74,0.265982510583167
prostate,baseline,40000,75,74,74,0.2423059022383364
prostate,baseline,40000,75,72,72,0.011414942194723035
prostate,baseline,40000,75,62,62,0.06811824381745137
prostate,baseline,40000,75,74,74,0.014804065532639814
prostate,baseline,40000,75,72,72,0.20301481428507642
prostate,baseline,40000,75,70,70,0.2154633431319972
prostate,baseline,40000,75,69,69,0.20334733349227663
prostate,baseline,40000,75,68,68,0.15579306791568087
prostate,baseline,40000,75,61,61,0.13734019878289613
prostate,baseline,40000,75,74,74,0.006707393965366059
prostate,baseline,40000,75,73,73,0.17672340571792994
prostate,baseline,40000,75,56,56,0.14201360802178034
prostate,baseline,40000,75,49,49,0.07225863922141532
prostate,baseline,40000,75,31,31,0.1430318422226037
prostate,baseline,40000,75,74,74,0.10659165050098454
prostate,baseline,40000,75,74,74,0.15106345567244803
prostate,baseline,40000,75,63,63,0.039131271401028116
prostate,baseline,40000,75,74,74,0.011832765450706403
prostate,baseline,40000,75,74,74,0.14163284222101416
prostate,baseline,40000,75,74,74,0.009444210667314244
prostate,baseline,40000,75,74,74,0.02163968333494002
prostate,baseline,40000,75,74,74,0.016695002944761197
prostate,baseline,40000,75,74,74,0.04897076272697241
prostate,baseline,40000,75,74,74,0.009648485322964667
prostate,baseline,40000,75,74,74,0.013155997655971184
prostate,baseline,40000,75,73,73,0.011070924506691516
prostate,baseline,40000,75,68,68,0.013479920827737753
prostate,baseline,40000,75,74,74,0.11607175980120452
prostate,baseline,40000,75,71,71,0.18629330966028373
prostate,baseline,40000,75,68,68,0.2074465632920497
prostate,baseline,40000,75,69,69,0.10998780518621172
prostate,baseline,40000,75,67,67,0.07408483241993016
prostate,baseline,40000,75,74,74,0.04932939910405445
prostate,baseline,40000,75,74,74,0.21066302494640304
prostate,baseline,40000,75,73,73,0.15577469852987877
prostate,baseline,40000,75,37,37,0.11150527788327792
prostate,baseline,40000,75,34,34,0.1233872618294904
prostate,baseline,40000,75,26,26,0.15312981240486184
prostate,baseline,40000,75,74,74,0.1565300196398024
prostate,baseline,40000,75,74,74,0.002560954112737295
prostate,baseline,40000,75,59,59,0.08857479159201934
prostate,baseline,40000,75,74,74,0.0480360225720269
prostate,baseline,40000,75,74,74,0.14058403646510398
prostate,baseline,40000,75,74,74,0.19457303984442062
prostate,baseline,40000,75,74,74,0.10158844331039153
prostate,baseline,40000,75,73,73,0.007204042479502672
prostate,baseline,40000,75,60,60,0.18261131586613322
prostate,baseline,40000,75,38,38,0.21988370345128977
prostate,baseline,40000,75,32,32,0.19123590887280675
prostate,baseline,40000,75,74,74,0.1372073335383667
prostate,baseline,40000,75,74,74,0.03344712500144781
prostate,baseline,40000,75,74,74,0.025615441586463006
prostate,baseline,40000,75,72,72,0.033741609320330504
prostate,baseline,40000,75,68,68,0.0443831891599023
prostate,baseline,40000,75,72,72,0.09071387095470104
prostate,baseline,40000,75,16,16,0.19747848713087124
prostate,baseline,40000,75,74,74,0.02835778823758589
prostate,baseline,40000,75,74,74,0.1525447444945001
prostate,baseline,40000,75,74,74,0.008824128388717606
prostate,baseline,40000,75,74,74,0.02771965291654354
prostate,baseline,40000,75,72,72,0.0715052668217218
prostate,baseline,40000,75,74,74,0.09860199480236029
prostate,baseline,40000,75,73,73,0.033936065914843445
prostate,baseline,40000,75,74,74,0.1480089826657702
prostate,baseline,40000,75,73,73,0.15120953096371548
prostate,baseline,40000,75,70,70,0.14501240044080335
prostate,baseline,40000,75,68,68,0.03339411797410298
prostate,baseline,40000,75,74,74,0.05480823796901977
prostate,baseline,40000,75,69,69,0.08632736077219502
prostate,baseline,40000,75,55,55,0.09089744147765995
prostate,baseline,40000,75,73,73,0.25039225812832167
prostate,baseline,40000,75,73,73,0.22866558798879558
prostate,baseline,40000,75,20,20,0.13223553576506122
prostate,baseline,40000,75,70,70,0.3077356951690468
prostate,baseline,40000,75,70,70,0.3452023530347551
prostate,baseline,40000,75,69,69,0.33767344486572193
prostate,baseline,40000,75,68,68,0.33388626775228447
prostate,baseline,40000,75,55,55,0.34697867263761956
prostate,baseline,40000,75,60,60,0.04418833555264158
prostate,baseline,40000,75,57,57,0.019718851433022915
prostate,baseline,40000,75,53,53,0.09351947417157971
prostate,baseline,40000,75,74,74,0.12961771672633943
prostate,baseline,40000,75,73,73,0.19269437886967977
prostate,baseline,40000,75,73,73,0.21826892835838027
prostate,baseline,40000,75,71,71,0.19456857418784534
prostate,baseline,40000,75,68,68,0.21613449743401478
prostate,baseline,40000,75,71,71,0.1866791482171515
prostate,baseline,40000,75,74,74,0.17772497662312997
prostate,baseline,40000,75,74,74,0.10949715408992142
prostate,baseline,40000,75,74,74,0.054332111660591965
prostate,baseline,40000,75,74,74,0.15509038447150295
prostate,baseline,40000,75,74,74,0.10153263093414729
prostate,baseline,40000,75,74,74,0.032583301869496595
prostate,baseline,40000,75,73,73,0.0641934101262739
prostate,baseline,40000,75,69,69,0.019405143307460175
prostate,baseline,40000,75,67,67,0.08001395454641046
prostate,baseline,40000,75,74,74,0.09822871183726821
prostate,baseline,40000,75,74,74,0.15373741902404534
prostate,baseline,40000,75,72,72,0.03481358158937356
prostate,baseline,40000,75,71,71,0.018898957393023007
prostate,baseline,40000,75,74,74,0.10943681985942785
prostate,baseline,40000,75,74,74,0.05166135578538568
prostate,baseline,40000,75,74,74,0.19325977437772598
prostate,baseline,40000,75,73,73,0.19814232173438237
prostate,baseline,40000,75,72,72,0.168963114757966
prostate,baseline,40000,75,70,70,0.1553527371548529
prostate,baseline,40000,75,66,66,0.169065411347481
prostate,baseline,40000,75,74,74,0.014203563844050188
prostate,baseline,40000,75,73,73,0.004786228585765825
prostate,baseline,40000,75,71,71,0.06396256356454177
prostate,baseline,40000,75,63,63,0.00827113237601263
prostate,baseline,40000,75,74,74,0.2057967853258244
prostate,baseline,40000,75,74,74,0.14664188941663112
prostate,baseline,40000,75,74,74,0.012622845032554439
prostate,baseline,40000,75,74,74,0.024046726755585494
prostate,baseline,40000,75,60,60,0.11282228110069853
prostate,baseline,40000,75,59,59,0.13240712883717043
prostate,baseline,40000,75,59,59,0.14467198111333143
prostate,baseline,40000,75,55,55,0.07365024036607302
prostate,baseline,40000,75,42,42,0.04608581211710204
prostate,baseline,40000,75,38,38,0.04274485604746711
prostate,baseline,40000,75,73,73,0.05828453180342796
prostate,baseline,40000,75,74,74,0.056892930380453705
prostate,baseline,40000,75,74,74,0.10493340748048267
prostate,baseline,40000,75,74,74,0.15432420680698195
prostate,baseline,40000,75,57,57,0.020925799069908126
prostate,baseline,40000,75,74,74,0.14713345602198347
prostate,baseline,40000,75,69,69,0.11824075101988496
prostate,baseline,40000,75,32,32,0.12464113262761811
prostate,baseline,40000,75,31,31,0.12935277499634504
prostate,baseline,40000,75,74,74,0.06168074357986451
prostate,baseline,40000,75,74,74,0.1048526347267433
prostate,baseline,40000,75,72,72,0.012713957665230516
prostate,baseline,40000,75,71,71,0.07199114196103719
prostate,baseline,40000,75,69,69,0.09177351912165763
prostate,baseline,40000,75,67,67,0.09464820330151259
prostate,baseline,40000,75,64,64,0.1227382245749853
prostate,baseline,40000,75,37,37,0.1566665696927604
prostate,baseline,40000,75,38,38,0.02430243565065816
prostate,baseline,40000,75,34,34,0.022593446755478898
prostate,baseline,40000,75,33,33,0.11778686598783564
prostate,baseline,40000,75,74,74,0.04472590137828746
prostate,baseline,40000,75,69,69,0.10892894211249439
prostate,baseline,40000,75,51,51,0.08960254320258819
prostate,baseline,40000,75,72,72,0.02145202754213714
prostate,baseline,40000,75,73,73,0.11969403586351207
prostate,baseline,40000,75,72,72,0.19927410083991642
prostate,baseline,40000,75,70,70,0.20854470712354795
prostate,baseline,40000,75,63,63,0.1632735705759862
prostate,baseline,40000,75,63,63,0.2325931250075567
prostate,baseline,40000,75,63,63,0.05040745056462521
prostate,baseline,40000,75,71,71,0.03474152289112415
prostate,baseline,40000,75,65,65,0.12615722230971238
prostate,baseline,40000,75,63,63,0.0338976811090342
prostate,baseline,40000,75,62,62,0.0889024897872844
prostate,baseline,40000,75,57,57,0.04063558033150428
prostate,baseline,40000,75,57,57,0.04941098742260469
prostate,baseline,40000,75,74,74,0.24010640099078595
prostate,baseline,40000,75,74,74,0.14483725551306453
prostate,baseline,40000,75,74,74,0.20714972940146045
prostate,baseline,40000,75,70,70,0.16131551638374209
prostate,baseline,40000,75,67,67,0.19363712304374361
prostate,baseline,40000,75,74,74,0.11933678119171605
prostate,baseline,40000,75,72,72,0.03285364983692583
prostate,baseline,40000,75,71,71,0.08846035093837853
prostate,baseline,40000,76,75,75,0.039332658555784016
prostate,baseline,40000,76,74,74,0.006460726786306859
prostate,baseline,40000,76,53,53,0.01884115387035537
prostate,baseline,40000,76,75,75,0.15028397353680725
prostate,baseline,40000,76,75,75,0.08828671595212469
prostate,baseline,40000,76,75,75,0.005896196303218128
prostate,baseline,40000,76,73,73,0.07425120715727093
prostate,baseline,40000,76,63,63,0.057598713748671246
prostate,baseline,40000,76,75,75,0.15327261668072803
prostate,baseline,40000,76,75,75,0.010683520191468454
prostate,baseline,40000,76,75,75,0.034621512195862424
prostate,baseline,40000,76,73,73,0.01665696758771296
prostate,baseline,40000,76,75,75,0.11302855012607589
prostate,baseline,40000,76,75,75,0.028882192184138778
prostate,baseline,40000,76,66,66,0.020087088553481416
prostate,baseline,40000,76,73,73,0.038183307179010514
prostate,baseline,40000,76,73,73,0.02541152165888853
prostate,baseline,40000,76,75,75,0.14132539196848737
prostate,baseline,40000,76,75,75,0.16121115652713297
prostate,baseline,40000,76,69,69,0.2318022557461669
prostate,baseline,40000,76,68,68,0.20776504024464668
prostate,baseline,40000,76,64,64,0.231992652134848
prostate,baseline,40000,76,63,63,0.21437440437592534
prostate,baseline,40000,76,74,74,0.1719183482546001
prostate,baseline,40000,76,74,74,0.17193936004120833
prostate,baseline,40000,76,74,74,0.1714344368982287
prostate,baseline,40000,76,68,68,0.08733005041571094
prostate,baseline,40000,76,71,71,0.2329230593096596
prostate,baseline,40000,76,69,69,0.250581560622422
prostate,baseline,40000,76,69,69,0.22305056420482133
prostate,baseline,40000,76,68,68,0.2701937731323044
prostate,baseline,40000,76,61,61,0.23827590208176777
prostate,baseline,40000,76,75,75,0.062120866434737215
prostate,baseline,40000,76,75,75,0.17315039741463417
prostate,baseline,40000,76,67,67,0.04434124466374943
prostate,baseline,40000,76,75,75,0.008461525451272234
prostate,baseline,40000,76,75,75,0.041140674555953355
prostate,baseline,40000,76,75,75,0.018776639822587086
prostate,baseline,40000,76,75,75,0.003181213839074417
prostate,baseline,40000,76,75,75,0.001219803955766263
prostate,baseline,40000,76,74,74,0.0024981861242954206
prostate,baseline,40000,76,72,72,0.0030702597763086403
prostate,baseline,40000,76,71,71,0.005623198518697789
prostate,baseline,40000,76,70,70,0.007044700280472663
prostate,baseline,40000,76,33,33,0.17011967195452923
prostate,baseline,40000,76,16,16,0.27157072875162785
prostate,baseline,40000,76,60,60,0.02120788196326366
prostate,baseline,40000,76,75,75,0.17154746600818666
prostate,baseline,40000,76,75,75,0.0067100892133615305
prostate,baseline,40000,76,75,75,0.030032314801838544
prostate,baseline,40000,76,75,75,0.08234455374847881
prostate,baseline,40000,76,69,69,0.02800438234401305
prostate,baseline,40000,76,68,68,0.027772322734157362
prostate,baseline,40000,76,75,75,0.1057568957844967
prostate,baseline,40000,76,73,73,0.08855055904648453
prostate,baseline,40000,76,73,73,0.30231782682906244
prostate,baseline,40000,76,72,72,0.32993082877808005
prostate,baseline,40000,76,70,70,0.34329754586462535
prostate,baseline,40000,76,63,63,0.229155980519196
prostate,baseline,40000,76,63,63,0.312133047823925
prostate,baseline,40000,76,75,75,0.31517396643630374
prostate,baseline,40000,76,75,75,0.286061077179634
prostate,baseline,40000,76,74,74,0.03523030160337759
prostate,baseline,40000,76,73,73,0.1300165179643629
prostate,baseline,40000,76,68,68,0.037942284428470974
prostate,baseline,40000,76,32,32,0.2933188941508175
prostate,baseline,40000,76,31,31,0.3027878694094981
prostate,baseline,40000,76,26,26,0.3173676879069075
prostate,baseline,40000,76,75,75,0.17568734638583222
prostate,baseline,40000,76,75,75,0.013094166454007248
prostate,baseline,40000,76,73,73,0.04857062631307835
prostate,baseline,40000,76,75,75,0.16887537891999624
prostate,baseline,40000,76,75,75,0.0027643426968984725
prostate,baseline,40000,76,75,75,0.055365680745686145
prostate,baseline,40000,76,63,63,0.08283691492793878
prostate,baseline,40000,76,71,71,0.14486469426737159
prostate,baseline,40000,76,16,16,0.414492970426903
prostate,baseline,40000,76,53,53,0.22069938675319442
prostate,baseline,40000,76,51,51,0.2266184035094651
prostate,baseline,40000,76,48,48,0.24772432804125658
prostate,baseline,40000,76,68,68,0.12089588903680151
prostate,baseline,40000,76,64,64,0.04792149939897188
prostate,baseline,40000,76,73,73,0.08337868113681048
prostate,baseline,40000,76,51,51,0.13839657761874158
prostate,baseline,40000,76,72,72,0.10931812728776667
prostate,baseline,40000,76,64,64,0.10063306468688918
prostate,baseline,40000,76,51,51,0.13067559079655425
prostate,baseline,40000,76,75,75,0.08688642299174086
prostate,baseline,40000,76,75,75,0.02086754410848456
prostate,baseline,40000,76,72,72,0.04423170745224422
prostate,baseline,40000,76,72,72,0.027814879317975723
prostate,baseline,40000,76,71,71,0.06275359933826014
prostate,baseline,40000,76,68,68,0.04866064171617694
prostate,baseline,40000,76,67,67,0.08059372389596542
prostate,baseline,40000,76,65,65,0.0846282755779634
prostate,baseline,40000,76,65,65,0.049647301849273816
prostate,baseline,40000,76,64,64,0.09397872607755037
prostate,baseline,40000,76,63,63,0.06465433988302852
prostate,baseline,40000,76,68,68,0.08936381136650741
prostate,baseline,40000,76,64,64,0.1297481208529365
prostate,baseline,40000,76,56,56,0.1153448814509992
prostate,baseline,40000,76,53,53,0.1263822027807459
prostate,baseline,40000,76,73,73,0.2645469824151592
prostate,baseline,40000,76,72,72,0.28410342176290043
prostate,baseline,40000,76,70,70,0.09997773727190025
prostate,baseline,40000,76,75,75,0.24596608176079238
prostate,baseline,40000,76,75,75,0.25887633473845356
prostate,baseline,40000,76,75,75,0.2281639375098964
prostate,baseline,40000,76,73,73,0.030575214224225874
prostate,baseline,40000,76,75,75,0.20216442757379924
prostate,baseline,40000,76,75,75,0.1188263806358529
prostate,baseline,40000,76,69,69,0.19007132804495694
prostate,baseline,40000,76,69,69,0.17060496695807958
prostate,baseline,40000,76,72,72,0.08808267686225671
prostate,baseline,40000,76,72,72,0.10749160947468689
prostate,baseline,40000,76,63,63,0.09224161849577231
prostate,baseline,40000,76,16,16,0.29775954285071526
prostate,baseline,40000,76,74,74,0.19817426955155382
prostate,baseline,40000,76,74,74,0.19646415482302962
prostate,baseline,40000,76,74,74,0.20018387748168023
prostate,baseline,40000,76,72,72,0.22192177701461457
prostate,baseline,40000,76,75,75,0.04028545729630701
prostate,baseline,40000,76,65,65,0.014568710577962862
prostate,baseline,40000,76,57,57,0.023223305876885317
prostate,baseline,40000,76,38,38,0.026730477576369722
prostate,baseline,40000,76,75,75,0.10759611815874436
prostate,baseline,40000,76,71,71,0.10492133676261804
prostate,baseline,40000,76,75,75,0.1197401805020106
prostate,baseline,40000,76,73,73,0.09398115625674257
prostate,baseline,40000,76,72,72,0.17683786085740602
prostate,baseline,40000,76,72,72,0.22532649027485258
prostate,baseline,40000,76,71,71,0.24554964510505392
prostate,baseline,40000,76,70,70,0.18085725393680507
prostate,baseline,40000,76,70,70,0.24430264342688385
prostate,baseline,40000,76,70,70,0.2725461383181112
prostate,baseline,40000,76,68,68,0.1942253620005172
prostate,baseline,40000,76,68,68,0.20978078011439866
prostate,baseline,40000,76,68,68,0.2149822732340987
prostate,baseline,40000,76,68,68,0.25233919444094915
prostate,baseline,40000,76,63,63,0.20065875625286156
prostate,baseline,40000,76,61,61,0.2655351170971312
prostate,baseline,40000,76,69,69,0.043187885361627466
prostate,baseline,40000,76,75,75,0.026438775737048854
prostate,baseline,40000,76,75,75,0.28503985140616295
prostate,baseline,40000,76,75,75,0.016817690823941973
prostate,baseline,40000,76,75,75,0.24920629474620198
prostate,baseline,40000,76,75,75,0.0376009482001275
prostate,baseline,40000,76,73,73,0.13656216293210424
prostate,baseline,40000,76,63,63,0.08890772220223722
prostate,baseline,40000,76,71,71,0.18399305278793587
prostate,baseline,40000,76,73,73,0.06640290277320005
prostate,baseline,40000,76,51,51,0.04196985375312552
prostate,baseline,40000,76,75,75,0.22599941747700322
prostate,baseline,40000,76,74,74,0.007589490366535098
prostate,baseline,40000,76,70,70,0.16258892640163863
prostate,baseline,40000,76,65,65,0.2074422455695968
prostate,baseline,40000,76,60,60,0.1954144680257334
prostate,baseline,40000,76,75,75,0.1641847597992357
prostate,baseline,40000,76,73,73,0.10884129045907326
prostate,baseline,40000,76,64,64,0.09503041042218022
prostate,baseline,40000,76,75,75,0.003540509599940003
prostate,baseline,40000,76,75,75,0.002645073394077724
prostate,baseline,40000,76,75,75,0.016874755601516345
prostate,baseline,40000,76,75,75,0.03898973597534307
prostate,baseline,40000,76,74,74,0.0027180176256232634
prostate,baseline,40000,76,74,74,0.004264173414142106
prostate,baseline,40000,76,70,70,0.006642288937684266
prostate,baseline,40000,76,75,75,0.11241438849916272
prostate,baseline,40000,76,74,74,0.018150046272600008
prostate,baseline,40000,76,68,68,0.11600196709186343
prostate,baseline,40000,76,57,57,0.07579735008498925
prostate,baseline,40000,76,73,73,0.07255524117301448
prostate,baseline,40000,76,19,19,0.20299277699203502
prostate,baseline,40000,76,56,56,0.20056402953083513
prostate,baseline,40000,76,75,75,0.17752603583996973
prostate,baseline,40000,76,75,75,0.14859947114446478
prostate,baseline,40000,76,75,75,0.010441806178957685
prostate,baseline,40000,76,75,75,0.017006764017366924
prostate,baseline,40000,76,74,74,0.012494790156653819
prostate,baseline,40000,76,73,73,0.01192922572726466
prostate,baseline,40000,76,73,73,0.004292674006983388
prostate,baseline,40000,76,73,73,0.010330851102509376
prostate,baseline,40000,76,71,71,0.01479582934449321
prostate,baseline,40000,76,66,66,0.060737000777555894
prostate,baseline,40000,76,75,75,0.042065484019967354
prostate,baseline,40000,76,75,75,0.01857830117659717
prostate,baseline,40000,76,72,72,0.00436131298548691
prostate,baseline,40000,76,70,70,0.019507431640709335
prostate,baseline,40000,76,70,70,0.008202687431282154
prostate,baseline,40000,76,26,26,0.22069708947193398
prostate,baseline,40000,76,75,75,0.11324749091410836
prostate,baseline,40000,76,70,70,0.0759021317385135
prostate,baseline,40000,76,66,66,0.02554412582991736
prostate,baseline,40000,76,63,63,0.08647056965777819
prostate,baseline,40000,76,75,75,0.01611640207373054
prostate,baseline,40000,76,75,75,0.04906541830678325
prostate,baseline,40000,76,73,73,0.06396577555711248
prostate,baseline,40000,76,68,68,0.06978045034355711
prostate,baseline,40000,76,37,37,0.13032221740148706
prostate,baseline,40000,76,73,73,0.03375614260277228
prostate,baseline,40000,76,72,72,0.06725663940398918
prostate,baseline,40000,76,72,72,0.017703725442453005
prostate,baseline,40000,76,67,67,0.006548234823912137
prostate,baseline,40000,76,59,59,0.029766098480846322
prostate,baseline,40000,76,59,59,0.08350820468789777
prostate,baseline,40000,76,55,55,0.16249339811728802
prostate,baseline,40000,76,49,49,0.1977780234881993
prostate,baseline,40000,76,43,43,0.2145411263841116
prostate,baseline,40000,76,42,42,0.22151252228476626
prostate,baseline,40000,76,40,40,0.21793370748648294
prostate,baseline,40000,76,38,38,0.214940876580403
prostate,baseline,40000,76,38,38,0.21900212144620798
prostate,baseline,40000,76,37,37,0.24850930803092597
prostate,baseline,40000,76,50,50,0.2761558780816048
prostate,baseline,40000,76,26,26,0.37803723116370064
prostate,baseline,40000,76,73,73,0.17437976090160115
prostate,baseline,40000,76,59,59,0.19249988819791827
prostate,baseline,40000,76,75,75,0.13565478496851127
prostate,baseline,40000,76,71,71,0.10633526824231143
prostate,baseline,40000,76,75,75,0.10793749423411467
prostate,baseline,40000,76,73,73,0.04242664544683752
prostate,baseline,40000,76,73,73,0.07885828895009069
prostate,baseline,40000,76,75,75,0.11736526196266177
prostate,baseline,40000,76,75,75,0.0500395487322234
prostate,baseline,40000,76,43,43,0.31738041284337504
prostate,baseline,40000,76,42,42,0.32783816280345573
prostate,baseline,40000,76,40,40,0.3350910418247074
prostate,baseline,40000,76,38,38,0.2852767518361368
prostate,baseline,40000,76,38,38,0.2742974479809142
prostate,baseline,40000,76,37,37,0.3442107598539713
prostate,baseline,40000,76,34,34,0.28514409313027744
prostate,baseline,40000,76,26,26,0.3152187859246468
prostate,baseline,40000,76,75,75,0.016593331531257936
prostate,baseline,40000,76,73,73,0.004111417214939242
prostate,baseline,40000,76,72,72,0.06673809052093377
prostate,baseline,40000,76,66,66,0.007075433171569764
prostate,baseline,40000,76,62,62,0.009322207385291952
prostate,baseline,40000,76,75,75,0.1490737783374784
prostate,baseline,40000,76,69,69,0.08979957439212204
prostate,baseline,40000,76,75,75,0.01997072084465543
prostate,baseline,40000,76,55,55,0.08974752026673008
prostate,baseline,40000,76,75,75,0.1843839292496907
prostate,baseline,40000,76,75,75,0.19093051598806915
prostate,baseline,40000,76,75,75,0.25415216209681674
prostate,baseline,40000,76,26,26,0.06958990219564219
prostate,baseline,40000,76,75,75,0.13560113230271795
prostate,baseline,40000,76,75,75,0.1607275394739953
prostate,baseline,40000,76,71,71,0.1112589028469334
prostate,baseline,40000,76,40,40,0.12819699580324148
prostate,baseline,40000,76,34,34,0.09676089600200444
prostate,baseline,40000,76,75,75,0.3224148756880566
prostate,baseline,40000,76,75,75,0.24090278176333166
prostate,baseline,40000,76,75,75,0.30308551122998384
prostate,baseline,40000,76,75,75,0.22678119778364514
prostate,baseline,40000,76,75,75,0.1661742296333336
prostate,baseline,40000,76,75,75,0.1491699048751672
prostate,baseline,40000,76,75,75,0.01057200289892208
prostate,baseline,40000,76,75,75,0.03257275488157772
prostate,baseline,40000,76,75,75,0.014017214657300396
prostate,baseline,40000,76,75,75,0.01619919847114394
prostate,baseline,40000,76,75,75,0.01329033355695497
prostate,baseline,40000,76,75,75,0.05425634743809678
prostate,baseline,40000,76,75,75,0.005559828156750104
prostate,baseline,40000,76,73,73,0.019232119386118733
prostate,baseline,40000,76,73,73,0.022895025408708372
prostate,baseline,40000,76,69,69,0.0285353986375308
prostate,baseline,40000,76,69,69,0.022282561315235552
prostate,baseline,40000,76,75,75,0.1331924502030487
prostate,baseline,40000,76,74,74,0.1356644615846033
prostate,baseline,40000,76,63,63,0.1253588710220236
prostate,baseline,40000,76,72,72,0.06372300156266449
prostate,baseline,40000,76,64,64,0.015610063588003851
prostate,baseline,40000,76,75,75,0.13100306828595915
prostate,baseline,40000,76,75,75,0.23160755765741034
prostate,baseline,40000,76,75,75,0.152925025779677
prostate,baseline,40000,76,74,74,0.03135753365781965
prostate,baseline,40000,76,73,73,0.024367839066208097
prostate,baseline,40000,76,74,74,0.1341974698841313
prostate,baseline,40000,76,71,71,0.08877886221247523
prostate,baseline,40000,76,75,75,0.13728949750264988
prostate,baseline,40000,76,75,75,0.21455260046297567
prostate,baseline,40000,76,75,75,0.24599598160542238
prostate,baseline,40000,76,74,74,0.12518437281428468
prostate,baseline,40000,76,73,73,0.15566238700245222
prostate,baseline,40000,76,71,71,0.06115830135679479
prostate,baseline,40000,76,69,69,0.15914689478334768
prostate,baseline,40000,76,69,69,0.08587127986052476
prostate,baseline,40000,76,68,68,0.15677326041586187
prostate,baseline,40000,76,67,67,0.15012907149195673
prostate,baseline,40000,76,64,64,0.1669925495019997
prostate,baseline,40000,76,60,60,0.15274657070939104
prostate,baseline,40000,76,75,75,0.17987822418162908
prostate,baseline,40000,76,75,75,0.04561062547304923
prostate,baseline,40000,76,75,75,0.06702150256919376
prostate,baseline,40000,76,75,75,0.03875301491838136
prostate,baseline,40000,76,75,75,0.08236215629840934
prostate,baseline,40000,76,75,75,0.017314971456277074
prostate,baseline,40000,76,75,75,0.03565571637502465
prostate,baseline,40000,76,75,75,0.00922265587942559
prostate,baseline,40000,76,75,75,0.03747953406507343
prostate,baseline,40000,76,75,75,0.036468050696196276
prostate,baseline,40000,76,74,74,0.007917174260638074
prostate,baseline,40000,76,74,74,0.007225515740254585
prostate,baseline,40000,76,74,74,0.03713100842358677
prostate,baseline,40000,76,74,74,0.03656205678213441
prostate,baseline,40000,76,73,73,0.007263355517066977
prostate,baseline,40000,76,73,73,0.034489656476000954
prostate,baseline,40000,76,69,69,0.03902854550344584
prostate,baseline,40000,76,75,75,0.1195015644641408
prostate,baseline,40000,76,75,75,0.022526235597008476
prostate,baseline,40000,76,75,75,0.003553797383253256
prostate,baseline,40000,76,73,73,0.013282194110519953
prostate,baseline,40000,76,74,74,0.00380159343495474
prostate,baseline,40000,76,73,73,0.013837698334867445
prostate,baseline,40000,76,72,72,0.06487272521178035
prostate,baseline,40000,76,59,59,0.030485208731744998
prostate,baseline,40000,76,59,59,0.14072543676177493
prostate,baseline,40000,76,59,59,0.14286606012798753
prostate,baseline,40000,76,37,37,0.12780475991721152
prostate,baseline,40000,76,73,73,0.04170394889288631
prostate,baseline,40000,76,66,66,0.010070578699404933
prostate,baseline,40000,76,38,38,0.02948323402079658
prostate,baseline,40000,76,32,32,0.06251403437832598
prostate,baseline,40000,76,64,64,0.016232931281736508
prostate,baseline,40000,76,75,75,0.00967055615003656
prostate,baseline,40000,76,73,73,0.08998708225734155
prostate,baseline,40000,76,16,16,0.19781787956588281
prostate,baseline,40000,76,73,73,0.1548034712739939
prostate,baseline,40000,76,72,72,0.11204724820672955
prostate,baseline,40000,76,64,64,0.1500929043163099
prostate,baseline,40000,76,63,63,0.15928436650119354
prostate,baseline,40000,76,63,63,0.16696840573944946
prostate,baseline,40000,76,74,74,0.17096301735498984
prostate,baseline,40000,76,69,69,0.18669264187984902
prostate,baseline,40000,76,66,66,0.058052122884488175
prostate,baseline,40000,76,63,63,0.20188547213450053
prostate,baseline,40000,76,63,63,0.10474673910981214
prostate,baseline,40000,76,59,59,0.08620749922625617
prostate,baseline,40000,76,73,73,0.10675475989744872
prostate,baseline,40000,76,70,70,0.06681367690756754
prostate,baseline,40000,76,75,75,0.2452371050967577
prostate,baseline,40000,76,75,75,0.16122291074631734
prostate,baseline,40000,76,75,75,0.22220249588086574
prostate,baseline,40000,76,75,75,0.01791116324879685
prostate,baseline,40000,76,75,75,0.22302279350627505
prostate,baseline,40000,76,75,75,0.013800726953892548
prostate,baseline,40000,76,63,63,0.08120693045560816
prostate,baseline,40000,76,60,60,0.13325705596135048
prostate,baseline,40000,76,55,55,0.13349853112026328
prostate,baseline,40000,76,74,74,0.2430820236957505
prostate,baseline,40000,76,74,74,0.20288225078020225
prostate,baseline,40000,76,68,68,0.21483490753149423
prostate,baseline,40000,76,75,75,0.1599440128042933
prostate,baseline,40000,76,75,75,0.02963567779843239
prostate,baseline,40000,76,75,75,0.09493048935562458
prostate,baseline,40000,76,75,75,0.03689542511859053
prostate,baseline,40000,76,73,73,0.07919377320878461
prostate,baseline,40000,76,73,73,0.012591965137718535
prostate,baseline,40000,76,70,70,0.027711093372800692
prostate,baseline,40000,76,49,49,0.2182737146320566
prostate,baseline,40000,76,48,48,0.21101308091554616
prostate,baseline,40000,76,43,43,0.23165185805664776
prostate,baseline,40000,76,42,42,0.23811632900192223
prostate,baseline,40000,76,40,40,0.23669869261716583
prostate,baseline,40000,76,38,38,0.2313618712809121
prostate,baseline,40000,76,38,38,0.2259685229146898
prostate,baseline,40000,76,37,37,0.24252718532763326
prostate,baseline,40000,76,34,34,0.20973890305122236
prostate,baseline,40000,76,26,26,0.26085757727990233
prostate,baseline,40000,76,75,75,0.2847261036377555
prostate,baseline,40000,76,75,75,0.04707876686404083
prostate,baseline,40000,76,75,75,0.2937832758443657
prostate,baseline,40000,76,73,73,0.12167049048636039
prostate,baseline,40000,76,74,74,0.011261808541822477
prostate,baseline,40000,76,56,56,0.11403917737828641
prostate,baseline,40000,76,73,73,0.005654351563012502
prostate,baseline,40000,76,70,70,0.08844527355732008
prostate,baseline,40000,76,75,75,0.1576492191547404
prostate,baseline,40000,76,72,72,0.08136922671610836
prostate,baseline,40000,76,75,75,0.040801051507848615
prostate,baseline,40000,76,74,74,0.005821053250950462
prostate,baseline,40000,76,53,53,0.02726184648210518
prostate,baseline,40000,76,72,72,0.24011323852805924
prostate,baseline,40000,76,60,60,0.21392194321172436
prostate,baseline,40000,76,75,75,0.02403632808266956
prostate,baseline,40000,76,69,69,0.1251826865199861
prostate,baseline,40000,76,66,66,0.08001682430953332
prostate,baseline,40000,76,75,75,0.03833672482758422
prostate,baseline,40000,76,75,75,0.04524799567524907
prostate,baseline,40000,76,73,73,0.10369527955894701
prostate,baseline,40000,76,73,73,0.051566299585020674
prostate,baseline,40000,76,70,70,0.23746522398639022
prostate,baseline,40000,76,70,70,0.2173226007137999
prostate,baseline,40000,76,66,66,0.18733117258866683
prostate,baseline,40000,76,63,63,0.24538156019154617
prostate,baseline,40000,76,63,63,0.18228260750321248
prostate,baseline,40000,76,61,61,0.1683638726229323
prostate,baseline,40000,76,59,59,0.17555348457697154
prostate,baseline,40000,76,74,74,0.03516841218141922
prostate,baseline,40000,76,73,73,0.09875327877163168
prostate,baseline,40000,76,75,75,0.017195500374003768
prostate,baseline,40000,76,75,75,0.03953614183250391
prostate,baseline,40000,76,74,74,0.003458473256600014
prostate,baseline,40000,76,73,73,0.009769772281205532
prostate,baseline,40000,76,66,66,0.008248552106488465
prostate,baseline,40000,76,75,75,0.13251435133048328
prostate,baseline,40000,76,75,75,0.23356454202217128
prostate,baseline,40000,76,73,73,0.10709065532196431
prostate,baseline,40000,76,37,37,0.07484156527101954
prostate,baseline,40000,76,75,75,0.14488568423580048
prostate,baseline,40000,76,72,72,0.08509099207668108
prostate,baseline,40000,76,75,75,0.038892386841174666
prostate,baseline,40000,76,75,75,0.008121521995754688
prostate,baseline,40000,76,75,75,0.026157568512068196
prostate,baseline,40000,76,75,75,0.12468642319542766
prostate,baseline,40000,76,75,75,0.03208057702716942
prostate,baseline,40000,76,73,73,0.033762531593572606
prostate,baseline,40000,76,72,72,0.10450878681574324
prostate,baseline,40000,76,75,75,0.03166527983913501
prostate,baseline,40000,76,70,70,0.10141252186878971
prostate,baseline,40000,76,69,69,0.1241794796991762
prostate,baseline,40000,76,68,68,0.12697117229324917
prostate,baseline,40000,76,67,67,0.13254867019583597
prostate,baseline,40000,76,56,56,0.1499386869546085
prostate,baseline,40000,76,53,53,0.13066637672919693
prostate,baseline,40000,76,52,52,0.0964883420239096
prostate,baseline,40000,76,75,75,0.0880731566044308
prostate,baseline,40000,76,75,75,0.007017543112078763
prostate,baseline,40000,76,72,72,0.1566220149222383
prostate,baseline,40000,76,70,70,0.16164153905307882
prostate,baseline,40000,76,67,67,0.15168663504071908
prostate,baseline,40000,76,75,75,0.0036329405398743053
prostate,baseline,40000,76,74,74,0.012143578275863908
prostate,baseline,40000,76,71,71,0.07704244604377099
prostate,baseline,40000,76,71,71,0.040887677145028764
prostate,baseline,40000,76,53,53,0.019351434881962715
prostate,baseline,40000,76,75,75,0.03250104124619095
prostate,baseline,40000,76,75,75,0.12065775643134045
prostate,baseline,40000,76,73,73,0.019496435041981768
prostate,baseline,40000,76,72,72,0.05132205741588659
prostate,baseline,40000,76,75,75,0.16800877798089422
prostate,baseline,40000,76,75,75,0.26817064273878966
prostate,baseline,40000,76,75,75,0.20045226586795345
prostate,baseline,40000,76,75,75,0.11843218621673375
prostate,baseline,40000,76,75,75,0.1481452286470909
prostate,baseline,40000,76,75,75,0.08764770735481145
prostate,baseline,40000,76,75,75,0.05590457177624016
prostate,baseline,40000,76,73,73,0.06919236248528395
prostate,baseline,40000,76,75,75,0.16634662730027786
prostate,baseline,40000,76,75,75,0.2183026736116941
prostate,baseline,40000,76,75,75,0.1175803978545912
prostate,baseline,40000,76,73,73,0.031863990387990496
prostate,baseline,40000,76,72,72,0.07291956126992283
prostate,baseline,40000,76,71,71,0.10233267803562753
prostate,baseline,40000,76,71,71,0.04755053129618003
prostate,baseline,40000,76,75,75,0.020359466907249275
prostate,baseline,40000,76,72,72,0.04059139963466139
prostate,baseline,40000,76,71,71,0.043394437572867026
prostate,baseline,40000,76,71,71,0.07977943557266495
prostate,baseline,40000,76,70,70,0.01616242012467467
prostate,baseline,40000,76,70,70,0.005572882996012631
prostate,baseline,40000,76,37,37,0.10429262251924043
prostate,baseline,40000,76,34,34,0.13096377855058663
prostate,baseline,40000,76,26,26,0.1130555358218462
prostate,baseline,40000,76,62,62,0.12118978305551284
prostate,baseline,40000,76,60,60,0.16540242676772116
prostate,baseline,40000,76,57,57,0.16794300545085658
prostate,baseline,40000,76,57,57,0.14645280987083256
prostate,baseline,40000,76,55,55,0.19451238398570045
prostate,baseline,40000,76,53,53,0.16750116564061696
prostate,baseline,40000,76,68,68,0.1580303893990555
prostate,baseline,40000,76,50,50,0.07496230008860433
prostate,baseline,40000,76,57,57,0.07381099954829802
prostate,baseline,40000,76,53,53,0.1400603688901835
prostate,baseline,40000,76,63,63,0.09296273750761495
prostate,baseline,40000,76,37,37,0.13569129967584584
prostate,baseline,40000,76,74,74,0.09557991768789885
prostate,baseline,40000,76,74,74,0.11737889716090671
prostate,baseline,40000,76,60,60,0.09018674372630017
prostate,baseline,40000,76,75,75,0.17465610366337145
prostate,baseline,40000,76,66,66,0.054668611655016464
prostate,baseline,40000,76,63,63,0.10335663479634805
prostate,baseline,40000,76,59,59,0.08543833483525598
prostate,baseline,40000,76,60,60,0.11806844641612506
prostate,baseline,40000,76,32,32,0.2313455151191347
prostate,baseline,40000,76,65,65,0.01611448708469329
prostate,baseline,40000,76,74,74,0.21893662655034643
prostate,baseline,40000,76,73,73,0.10379666796543292
prostate,baseline,40000,76,64,64,0.12312011275579134
prostate,baseline,40000,76,37,37,0.1074566080302638
prostate,baseline,40000,76,26,26,0.16236034523677564
prostate,baseline,40000,76,75,75,0.12847316087668995
prostate,baseline,40000,76,75,75,0.08723909996897446
prostate,baseline,40000,76,75,75,0.03466332171271167
prostate,baseline,40000,76,70,70,0.09265639065361948
prostate,baseline,40000,76,26,26,0.06781543782914662
prostate,baseline,40000,76,75,75,0.04362977288062231
prostate,baseline,40000,76,75,75,0.0980480407383146
prostate,baseline,40000,76,75,75,0.030827791183299525
prostate,baseline,40000,76,72,72,0.029274146102027263
prostate,baseline,40000,76,72,72,0.013537557840875647
prostate,baseline,40000,76,75,75,0.01224557000385051
prostate,baseline,40000,76,75,75,0.16996298088775985
prostate,baseline,40000,76,75,75,0.2234481984020887
prostate,baseline,40000,76,69,69,0.22895762638529035
prostate,baseline,40000,76,69,69,0.23492153503795882
prostate,baseline,40000,76,69,69,0.22599031317522975
prostate,baseline,40000,76,69,69,0.23598451146475397
prostate,baseline,40000,76,68,68,0.22076630545339473
prostate,baseline,40000,76,46,46,0.2904455415620985
prostate,baseline,40000,76,75,75,0.00424654192856723
prostate,baseline,40000,76,75,75,0.014842855589646901
prostate,baseline,40000,76,74,74,0.007276058264144329
prostate,baseline,40000,76,74,74,0.0073561568895344365
prostate,baseline,40000,76,73,73,0.0055932432461206875
prostate,baseline,40000,76,73,73,0.08891085131414275
prostate,baseline,40000,76,68,68,0.039011276640479535
prostate,baseline,40000,76,72,72,0.23107269841820852
prostate,baseline,40000,76,71,71,0.1084894554828201
prostate,baseline,40000,76,68,68,0.04619168178154446
prostate,baseline,40000,76,68,68,0.18057456683107964
prostate,baseline,40000,76,68,68,0.21575355648531241
prostate,baseline,40000,76,63,63,0.19768871741504046
prostate,baseline,40000,76,53,53,0.21203439913685612
prostate,baseline,40000,76,75,75,0.17253725111966564
prostate,baseline,40000,76,66,66,0.054210620081104
prostate,baseline,40000,76,73,73,0.013271231003982536
prostate,baseline,40000,76,69,69,0.09314719812712557
prostate,baseline,40000,76,64,64,0.08300475247115935
prostate,baseline,40000,76,73,73,0.17335190584703536
prostate,baseline,40000,76,73,73,0.09811649294530378
prostate,baseline,40000,76,73,73,0.10853826499689583
prostate,baseline,40000,76,73,73,0.1549131752242987
prostate,baseline,40000,76,72,72,0.036000819516034066
prostate,baseline,40000,76,68,68,0.1143374600599529
prostate,baseline,40000,76,75,75,0.15355567639755197
prostate,baseline,40000,76,75,75,0.00836083885022545
prostate,baseline,40000,76,75,75,0.036935619780463017
prostate,baseline,40000,76,75,75,0.0042820192193569325
prostate,baseline,40000,76,72,72,0.016315296538389517
prostate,baseline,40000,76,61,61,0.04534707851147389
prostate,baseline,40000,76,74,74,0.28936914951718595
prostate,baseline,40000,76,71,71,0.2775293923811854
prostate,baseline,40000,76,68,68,0.24757090014098165
prostate,baseline,40000,76,46,46,0.29830936861263685
prostate,baseline,40000,76,75,75,0.012517744518327302
prostate,baseline,40000,76,75,75,0.10808367847796421
prostate,baseline,40000,76,75,75,0.008594800915248536
prostate,baseline,40000,76,75,75,0.044549361364177635
prostate,baseline,40000,76,75,75,0.009840906083329532
prostate,baseline,40000,76,75,75,0.02694275500235658
prostate,baseline,40000,76,75,75,0.0070476836204240246
prostate,baseline,40000,76,75,75,0.013083597029447294
prostate,baseline,40000,76,74,74,0.017485255050689798
prostate,baseline,40000,76,73,73,0.028982737898363992
prostate,baseline,40000,76,72,72,0.10124698981822844
prostate,baseline,40000,76,62,62,0.05889557113988992
prostate,baseline,40000,76,75,75,0.1302063238433881
prostate,baseline,40000,76,71,71,0.08365284558015305
prostate,baseline,40000,76,67,67,0.19414506274732482
prostate,baseline,40000,76,63,63,0.22253689563988352
prostate,baseline,40000,76,63,63,0.2254212124798746
prostate,baseline,40000,76,62,62,0.23396096265037672
prostate,baseline,40000,76,49,49,0.21047863328654173
prostate,baseline,40000,76,38,38,0.2488416062738493
prostate,baseline,40000,76,34,34,0.24883596236570008
prostate,baseline,40000,76,75,75,0.0021691910752146206
prostate,baseline,40000,76,74,74,0.004516485323194273
prostate,baseline,40000,76,72,72,0.0651802736473805
prostate,baseline,40000,76,71,71,0.017517363411830168
prostate,baseline,40000,76,74,74,0.04236124763991306
prostate,baseline,40000,76,73,73,0.06583067483732465
prostate,baseline,40000,76,51,51,0.027046072827023017
prostate,baseline,40000,76,75,75,0.2573046543300165
prostate,baseline,40000,76,75,75,0.2964406990190744
prostate,baseline,40000,76,75,75,0.1617330386907507
prostate,baseline,40000,76,75,75,0.06312271075954004
prostate,baseline,40000,76,75,75,0.011698118947321074
prostate,baseline,40000,76,75,75,0.0991981646761569
prostate,baseline,40000,76,74,74,0.0486527806857701
prostate,baseline,40000,76,70,70,0.03755344663556614
prostate,baseline,40000,76,63,63,0.06077691862147062
prostate,baseline,40000,76,72,72,0.002736611548930957
prostate,baseline,40000,76,68,68,0.08418857457530708
prostate,baseline,40000,76,38,38,0.21210190208429922
prostate,baseline,40000,76,34,34,0.17842572159785822
prostate,baseline,40000,76,34,34,0.20064218889979474
prostate,baseline,40000,76,75,75,0.0033995263332587096
prostate,baseline,40000,76,74,74,0.01662722489173285
prostate,baseline,40000,76,72,72,0.06593035076915643
prostate,baseline,40000,76,71,71,0.023226349324206485
prostate,baseline,40000,76,49,49,0.016381045850999393
prostate,baseline,40000,76,75,75,0.19044050213329713
prostate,baseline,40000,76,63,63,0.21242694855826919
prostate,baseline,40000,76,74,74,0.15850401666304925
prostate,baseline,40000,76,74,74,0.15015944720312407
prostate,baseline,40000,76,74,74,0.15210561964861943
prostate,baseline,40000,76,69,69,0.08886362684664133
prostate,baseline,40000,76,75,75,0.09250444614103251
prostate,baseline,40000,76,72,72,0.07534625986050034
prostate,baseline,40000,76,71,71,0.09801727528150338
prostate,baseline,40000,76,69,69,0.1407944346807692
prostate,baseline,40000,76,67,67,0.13306332437838256
prostate,baseline,40000,76,75,75,0.01988617218992495
prostate,baseline,40000,76,75,75,0.037417429218762045
prostate,baseline,40000,76,75,75,0.15785553252744666
prostate,baseline,40000,76,72,72,0.08520760253995346
prostate,baseline,40000,76,70,70,0.04680382532980788
prostate,baseline,40000,76,74,74,0.1957627915971574
prostate,baseline,40000,76,72,72,0.17152688665358223
prostate,baseline,40000,76,65,65,0.11388030384430153
prostate,baseline,40000,76,64,64,0.23382436632441939
prostate,baseline,40000,76,63,63,0.22302365023991963
prostate,baseline,40000,76,63,63,0.16283973943254182
prostate,baseline,40000,76,63,63,0.23093198811571872
prostate,baseline,40000,76,63,63,0.05154736312110376
prostate,baseline,40000,76,64,64,0.04434759259652491
prostate,baseline,40000,76,73,73,0.011318370213335233
prostate,baseline,40000,76,71,71,0.0784424493189635
prostate,baseline,40000,76,67,67,0.013736049910807128
prostate,baseline,40000,76,63,63,0.01598384236848747
prostate,baseline,40000,76,56,56,0.16187536999006147
prostate,baseline,40000,76,49,49,0.17073646973768244
prostate,baseline,40000,76,32,32,0.18054994505497343
prostate,baseline,40000,76,31,31,0.1821878713567029
prostate,baseline,40000,76,75,75,0.2639592216170924
prostate,baseline,40000,76,75,75,0.23138886400412276
prostate,baseline,40000,76,75,75,0.2506912317695065
prostate,baseline,40000,76,75,75,0.16648884464871425
prostate,baseline,40000,76,63,63,0.08408273506441069
prostate,baseline,40000,76,20,20,0.11284551115728825
prostate,baseline,40000,76,71,71,0.12459664348226991
prostate,baseline,40000,76,71,71,0.17737985244917873
prostate,baseline,40000,76,70,70,0.12524352136382666
prostate,baseline,40000,76,69,69,0.14893443281477498
prostate,baseline,40000,76,69,69,0.11780437011311243
prostate,baseline,40000,76,59,59,0.1343865086087312
prostate,baseline,40000,76,73,73,0.011136124247226528
prostate,baseline,40000,76,69,69,0.08108568313681341
prostate,baseline,40000,76,67,67,0.015000768027902974
prostate,baseline,40000,76,56,56,0.02271489843275843
prostate,baseline,40000,76,53,53,0.018720114262979044
prostate,baseline,40000,76,51,51,0.014654467360233302
prostate,baseline,40000,76,73,73,0.0038062886922753713
prostate,baseline,40000,76,73,73,0.014313394189972368
prostate,baseline,40000,76,62,62,0.007853693265891469
prostate,baseline,40000,76,74,74,0.13503032358479336
prostate,baseline,40000,76,70,70,0.08316149948789536
prostate,baseline,40000,76,69,69,0.08448791676146332
prostate,baseline,40000,76,75,75,0.172837591365626
prostate,baseline,40000,76,75,75,0.08275819056771141
prostate,baseline,40000,76,69,69,0.025927046647892377
prostate,baseline,40000,76,75,75,0.21653363837005452
prostate,baseline,40000,76,75,75,0.024945532379048715
prostate,baseline,40000,76,75,75,0.16270323625119407
prostate,baseline,40000,76,75,75,0.0664461383805754
prostate,baseline,40000,76,74,74,0.025223273489420737
prostate,baseline,40000,76,74,74,0.026031486801064103
prostate,baseline,40000,76,73,73,0.027672103960174648
prostate,baseline,40000,76,73,73,0.03476028460247514
prostate,baseline,40000,76,73,73,0.0790586879119788
prostate,baseline,40000,76,75,75,0.3194497997433587
prostate,baseline,40000,76,75,75,0.026276739946077866
prostate,baseline,40000,76,75,75,0.16995969768790503
prostate,baseline,40000,76,75,75,0.3101079266932901
prostate,baseline,40000,76,72,72,0.15778859648189472
prostate,baseline,40000,76,75,75,0.14108823574709284
prostate,baseline,40000,76,72,72,0.08386211982392816
prostate,baseline,40000,76,75,75,0.00651865504969417
prostate,baseline,40000,76,75,75,0.1068551059490059
prostate,baseline,40000,76,70,70,0.13071996151963927
prostate,baseline,40000,76,60,60,0.11422081087314581
prostate,baseline,40000,76,75,75,0.281741681547705
prostate,baseline,40000,76,75,75,0.1542744635256352
prostate,baseline,40000,76,75,75,0.12982875082062834
prostate,baseline,40000,76,72,72,0.06918520297549319
prostate,baseline,40000,76,70,70,0.05995250777235289
prostate,baseline,40000,76,32,32,0.11114830851974919
prostate,baseline,40000,76,74,74,0.3270843262958997
prostate,baseline,40000,76,71,71,0.29013965893500226
prostate,baseline,40000,76,63,63,0.3165195641789786
prostate,baseline,40000,76,75,75,0.07133975540284662
prostate,baseline,40000,76,75,75,0.268448940595812
prostate,baseline,40000,76,75,75,0.2692770954492754
prostate,baseline,40000,76,75,75,0.2527257242366827
prostate,baseline,40000,76,75,75,0.22339444466598835
prostate,baseline,40000,76,56,56,0.2195346650747529
prostate,baseline,40000,76,31,31,0.2468645876294139
prostate,baseline,40000,76,75,75,0.2680075324233615
prostate,baseline,40000,76,69,69,0.29179855050017306
prostate,baseline,40000,76,75,75,0.08613112188829297
prostate,baseline,40000,76,75,75,0.030313980325295028
prostate,baseline,40000,76,75,75,0.0073464509603376185
prostate,baseline,40000,76,73,73,0.014557448458408008
prostate,baseline,40000,76,75,75,0.1491397776777465
prostate,baseline,40000,76,75,75,0.11102166685925854
prostate,baseline,40000,76,75,75,0.004836165049852784
prostate,baseline,40000,76,75,75,0.010737932881102316
prostate,baseline,40000,76,75,75,0.05723553571994904
prostate,baseline,40000,76,75,75,0.007631478915601558
prostate,baseline,40000,76,75,75,0.009698953101775546
prostate,baseline,40000,76,75,75,0.009410803908792752
prostate,baseline,40000,76,75,75,0.007085089460225627
prostate,baseline,40000,76,75,75,0.019390782723616436
prostate,baseline,40000,76,75,75,0.02125504653600274
prostate,baseline,40000,76,74,74,0.00699274318708542
prostate,baseline,40000,76,74,74,0.0099687816347804
prostate,baseline,40000,76,73,73,0.018770511981988282
prostate,baseline,40000,76,73,73,0.02870390953785435
prostate,baseline,40000,76,70,70,0.023882222591184953
prostate,baseline,40000,76,67,67,0.09603593512183886
prostate,baseline,40000,76,19,19,0.1707887744349033
prostate,baseline,40000,76,75,75,0.005779027293320696
prostate,baseline,40000,76,74,74,0.10327865769333552
prostate,baseline,40000,76,73,73,0.007700549422055746
prostate,baseline,40000,76,73,73,0.08952613372082646
prostate,baseline,40000,77,76,76,0.1942835589906686
prostate,baseline,40000,77,72,72,0.11812495785235193
prostate,baseline,40000,77,76,76,0.12719763276176108
prostate,baseline,40000,77,74,74,0.008654290574310471
prostate,baseline,40000,77,73,73,0.08008936749939728
prostate,baseline,40000,77,65,65,0.029063882549862013
prostate,baseline,40000,77,65,65,0.12937983530922034
prostate,baseline,40000,77,76,76,0.018826455565475266
prostate,baseline,40000,77,76,76,0.042172777352685965
prostate,baseline,40000,77,66,66,0.012818722168712203
prostate,baseline,40000,77,76,76,0.13885429708829955
prostate,baseline,40000,77,76,76,0.1512567842846125
prostate,baseline,40000,77,75,75,0.01164430770172157
prostate,baseline,40000,77,70,70,0.019723457757251314
prostate,baseline,40000,77,57,57,0.08187802586577696
prostate,baseline,40000,77,59,59,0.19881255849727672
prostate,baseline,40000,77,20,20,0.28086785485616944
prostate,baseline,40000,77,69,69,0.07309524900357423
prostate,baseline,40000,77,67,67,0.01994372951516285
prostate,baseline,40000,77,55,55,0.07810122964344371
prostate,baseline,40000,77,38,38,0.0263948449502246
prostate,baseline,40000,77,34,34,0.11641180253103295
prostate,baseline,40000,77,34,34,0.02228179546242892
prostate,baseline,40000,77,51,51,0.3214399538039578
prostate,baseline,40000,77,20,20,0.3029041128704713
prostate,baseline,40000,77,76,76,0.1437172215127843
prostate,baseline,40000,77,76,76,0.12269034467835932
prostate,baseline,40000,77,74,74,0.1561462087888997
prostate,baseline,40000,77,76,76,0.006190251335581439
prostate,baseline,40000,77,76,76,0.03969978444496163
prostate,baseline,40000,77,76,76,0.019462080435337967
prostate,baseline,40000,77,76,76,0.04005334744302297
prostate,baseline,40000,77,76,76,0.037325791800196295
prostate,baseline,40000,77,76,76,0.043245613013436816
prostate,baseline,40000,77,75,75,0.017699011111470552
prostate,baseline,40000,77,74,74,0.0918364776426777
prostate,baseline,40000,77,74,74,0.04193096232414149
prostate,baseline,40000,77,74,74,0.016710469229061317
prostate,baseline,40000,77,64,64,0.07845404531201895
prostate,baseline,40000,77,56,56,0.09927028593707878
prostate,baseline,40000,77,31,31,0.13371663247296114
prostate,baseline,40000,77,26,26,0.11790751548831745
prostate,baseline,40000,77,76,76,0.002433709101602962
prostate,baseline,40000,77,73,73,0.06656915544516799
prostate,baseline,40000,77,76,76,0.17854404798047924
prostate,baseline,40000,77,72,72,0.10031747378343844
prostate,baseline,40000,77,76,76,0.001784190736133335
prostate,baseline,40000,77,76,76,0.16749163476091392
prostate,baseline,40000,77,76,76,0.004313721959900951
prostate,baseline,40000,77,76,76,0.002322381272033897
prostate,baseline,40000,77,74,74,0.01525972481454876
prostate,baseline,40000,77,73,73,0.0666751570201781
prostate,baseline,40000,77,70,70,0.006758510977812646
prostate,baseline,40000,77,75,75,0.1846263899718465
prostate,baseline,40000,77,74,74,0.07634029516090603
prostate,baseline,40000,77,76,76,0.10586353659990498
prostate,baseline,40000,77,70,70,0.09704199028175682
prostate,baseline,40000,77,74,74,0.08623929180279476
prostate,baseline,40000,77,74,74,0.10609792294559811
prostate,baseline,40000,77,65,65,0.03674733798229268
prostate,baseline,40000,77,75,75,0.011721897218893247
prostate,baseline,40000,77,72,72,0.07648469744312243
prostate,baseline,40000,77,70,70,0.005152054045400577
prostate,baseline,40000,77,65,65,0.014628922219849804
prostate,baseline,40000,77,57,57,0.02335458146685472
prostate,baseline,40000,77,56,56,0.04862445805806551
prostate,baseline,40000,77,73,73,0.06698205769402468
prostate,baseline,40000,77,65,65,0.017971272847417254
prostate,baseline,40000,77,60,60,0.019767945124668944
prostate,baseline,40000,77,71,71,0.2682053370964668
prostate,baseline,40000,77,70,70,0.3017820314277133
prostate,baseline,40000,77,70,70,0.26996986762577146
prostate,baseline,40000,77,68,68,0.29908597298892575
prostate,baseline,40000,77,67,67,0.2832205357911345
prostate,baseline,40000,77,67,67,0.29176352470771233
prostate,baseline,40000,77,66,66,0.2637610976331364
prostate,baseline,40000,77,51,51,0.2670592691010675
prostate,baseline,40000,77,75,75,0.20572038169597623
prostate,baseline,40000,77,74,74,0.1481160861420522
prostate,baseline,40000,77,72,72,0.14688252994757026
prostate,baseline,40000,77,72,72,0.15614010221878794
prostate,baseline,40000,77,71,71,0.16179190740521907
prostate,baseline,40000,77,70,70,0.08927677127657796
prostate,baseline,40000,77,66,66,0.08819991955166219
prostate,baseline,40000,77,73,73,0.21042943523183658
prostate,baseline,40000,77,57,57,0.14928876268451235
prostate,baseline,40000,77,57,57,0.08344508214604059
prostate,baseline,40000,77,37,37,0.28849197523183684
prostate,baseline,40000,77,73,73,0.17862742604192053
prostate,baseline,40000,77,63,63,0.08203954882768642
prostate,baseline,40000,77,32,32,0.21312298802579377
prostate,baseline,40000,77,74,74,0.09004865810003476
prostate,baseline,40000,77,65,65,0.03681491967157418
prostate,baseline,40000,77,76,76,0.06250960949480074
prostate,baseline,40000,77,76,76,0.12205615705807915
prostate,baseline,40000,77,74,74,0.022376172535800168
prostate,baseline,40000,77,73,73,0.08679925333685833
prostate,baseline,40000,77,76,76,0.08468974348978599
prostate,baseline,40000,77,75,75,0.10952525721182042
prostate,baseline,40000,77,65,65,0.09685893605133426
prostate,baseline,40000,77,76,76,0.18139771944281477
prostate,baseline,40000,77,76,76,0.1763334747413
prostate,baseline,40000,77,74,74,0.07109915516669162
prostate,baseline,40000,77,76,76,0.22286216878089302
prostate,baseline,40000,77,76,76,0.16435906641057593
prostate,baseline,40000,77,76,76,0.25421092356495584
prostate,baseline,40000,77,76,76,0.073072532053351
prostate,baseline,40000,77,76,76,0.015013758939311716
prostate,baseline,40000,77,76,76,0.1067938792214784
prostate,baseline,40000,77,74,74,0.04461990563507254
prostate,baseline,40000,77,64,64,0.02645470453370142
prostate,baseline,40000,77,63,63,0.052821915612768014
prostate,baseline,40000,77,37,37,0.06964363425960526
prostate,baseline,40000,77,34,34,0.13471515562658018
prostate,baseline,40000,77,76,76,0.15260036515644432
prostate,baseline,40000,77,74,74,0.014218238084624893
prostate,baseline,40000,77,74,74,0.1309440139497655
prostate,baseline,40000,77,70,70,0.04564551742262962
prostate,baseline,40000,77,76,76,0.003066248723573881
prostate,baseline,40000,77,74,74,0.012548329445507994
prostate,baseline,40000,77,74,74,0.0157971185470784
prostate,baseline,40000,77,72,72,0.09900672883592126
prostate,baseline,40000,77,72,72,0.051830235511666996
prostate,baseline,40000,77,71,71,0.08051042568402447
prostate,baseline,40000,77,70,70,0.09016994922785561
prostate,baseline,40000,77,68,68,0.11246617669315732
prostate,baseline,40000,77,65,65,0.0649261578344685
prostate,baseline,40000,77,64,64,0.06767292518751078
prostate,baseline,40000,77,53,53,0.08812469377627292
prostate,baseline,40000,77,76,76,0.061879740884033335
prostate,baseline,40000,77,76,76,0.29095417669560536
prostate,baseline,40000,77,76,76,0.24520979698652035
prostate,baseline,40000,77,76,76,0.31182796985751166
prostate,baseline,40000,77,74,74,0.19544182775056979
prostate,baseline,40000,77,73,73,0.07648257930950753
prostate,baseline,40000,77,76,76,0.17217605442397507
prostate,baseline,40000,77,72,72,0.1077858132747997
prostate,baseline,40000,77,76,76,0.003195871332524264
prostate,baseline,40000,77,76,76,0.16794923643197782
prostate,baseline,40000,77,72,72,0.11000949648951187
prostate,baseline,40000,77,76,76,0.22055500372476447
prostate,baseline,40000,77,76,76,0.12901880559920872
prostate,baseline,40000,77,74,74,0.017737074638654877
prostate,baseline,40000,77,74,74,0.046148025318807
prostate,baseline,40000,77,72,72,0.09376431172180362
prostate,baseline,40000,77,75,75,0.3374364570448126
prostate,baseline,40000,77,75,75,0.27530907614462513
prostate,baseline,40000,77,75,75,0.26349091140933223
prostate,baseline,40000,77,72,72,0.28710872635221507
prostate,baseline,40000,77,70,70,0.2776159788161326
prostate,baseline,40000,77,70,70,0.30799326771690255
prostate,baseline,40000,77,54,54,0.24811302800387394
prostate,baseline,40000,77,76,76,0.020483112776453212
prostate,baseline,40000,77,76,76,0.07312534527405115
prostate,baseline,40000,77,75,75,0.18910911357478957
prostate,baseline,40000,77,70,70,0.1498613156776273
prostate,baseline,40000,77,70,70,0.150388766139849
prostate,baseline,40000,77,68,68,0.14259591131385846
prostate,baseline,40000,77,76,76,0.15472195178004086
prostate,baseline,40000,77,73,73,0.0894058423271416
prostate,baseline,40000,77,65,65,0.013695919288691174
prostate,baseline,40000,77,76,76,0.30048911792605
prostate,baseline,40000,77,73,73,0.15878812224677005
prostate,baseline,40000,77,75,75,0.19461058941356707
prostate,baseline,40000,77,64,64,0.19559913608499158
prostate,baseline,40000,77,60,60,0.2201186335434477
prostate,baseline,40000,77,75,75,0.011912126709758001
prostate,baseline,40000,77,69,69,0.08211305966590951
prostate,baseline,40000,77,67,67,0.04403006655066003
prostate,baseline,40000,77,65,65,0.012858946148885247
prostate,baseline,40000,77,64,64,0.08595992777541575
prostate,baseline,40000,77,57,57,0.022066825404109616
prostate,baseline,40000,77,40,40,0.024168287019252197
prostate,baseline,40000,77,38,38,0.02490938920144035
prostate,baseline,40000,77,76,76,0.16276971915393457
prostate,baseline,40000,77,76,76,0.01929028273687329
prostate,baseline,40000,77,74,74,0.014880408718888549
prostate,baseline,40000,77,74,74,0.004170114609516065
prostate,baseline,40000,77,72,72,0.04290971850569001
prostate,baseline,40000,77,72,72,0.08193267479807907
prostate,baseline,40000,77,76,76,0.10624923736654389
prostate,baseline,40000,77,74,74,0.019658942458141863
prostate,baseline,40000,77,71,71,0.08331664606331156
prostate,baseline,40000,77,76,76,0.07584353203680676
prostate,baseline,40000,77,76,76,0.012918528339099145
prostate,baseline,40000,77,76,76,0.08564163994158189
prostate,baseline,40000,77,76,76,0.1519319858798495
prostate,baseline,40000,77,76,76,0.005910763494444232
prostate,baseline,40000,77,76,76,0.009617106784813331
prostate,baseline,40000,77,76,76,0.008044235563890468
prostate,baseline,40000,77,76,76,0.024269160504543596
prostate,baseline,40000,77,75,75,0.007620878703089839
prostate,baseline,40000,77,75,75,0.012985236725863773
prostate,baseline,40000,77,74,74,0.07754057755252759
prostate,baseline,40000,77,74,74,0.019183507937402387
prostate,baseline,40000,77,74,74,0.01529985299165837
prostate,baseline,40000,77,76,76,0.22028682492549875
prostate,baseline,40000,77,76,76,0.24029008249570696
prostate,baseline,40000,77,76,76,0.17547402458131392
prostate,baseline,40000,77,76,76,0.1969100724182331
prostate,baseline,40000,77,76,76,0.2275808165654065
prostate,baseline,40000,77,76,76,0.1490483390248428
prostate,baseline,40000,77,76,76,0.27990252865935344
prostate,baseline,40000,77,76,76,0.14983217288213557
prostate,baseline,40000,77,76,76,0.27629670904237474
prostate,baseline,40000,77,76,76,0.11794519028227098
prostate,baseline,40000,77,76,76,0.15235110054010872
prostate,baseline,40000,77,76,76,0.06355354141299888
prostate,baseline,40000,77,20,20,0.2036187604908073
prostate,baseline,40000,77,75,75,0.19093954607996547
prostate,baseline,40000,77,75,75,0.2685380667576575
prostate,baseline,40000,77,69,69,0.24385012300383113
prostate,baseline,40000,77,66,66,0.2535222175453131
prostate,baseline,40000,77,76,76,0.17698869620300234
prostate,baseline,40000,77,69,69,0.09977189408073253
prostate,baseline,40000,77,68,68,0.09454061233438245
prostate,baseline,40000,77,63,63,0.10812890135892897
prostate,baseline,40000,77,60,60,0.11455886138792111
prostate,baseline,40000,77,51,51,0.13009076053769805
prostate,baseline,40000,77,26,26,0.13956246070243997
prostate,baseline,40000,77,63,63,0.05328081850306292
prostate,baseline,40000,77,72,72,0.11207155674061624
prostate,baseline,40000,77,70,70,0.08665538860668039
prostate,baseline,40000,77,69,69,0.1178087359791668
prostate,baseline,40000,77,68,68,0.11924945892315954
prostate,baseline,40000,77,65,65,0.03343408302370757
prostate,baseline,40000,77,55,55,0.08954291522483142
prostate,baseline,40000,77,49,49,0.11058952234714385
prostate,baseline,40000,77,72,72,0.07832755707547048
prostate,baseline,40000,77,65,65,0.017078429513041445
prostate,baseline,40000,77,76,76,0.0062527636560912115
prostate,baseline,40000,77,76,76,0.039968782060526384
prostate,baseline,40000,77,75,75,0.004411791416095491
prostate,baseline,40000,77,73,73,0.00612410666022887
prostate,baseline,40000,77,73,73,0.006674596886809753
prostate,baseline,40000,77,73,73,0.2276122702670624
prostate,baseline,40000,77,69,69,0.23571624452004875
prostate,baseline,40000,77,68,68,0.22711563166907944
prostate,baseline,40000,77,67,67,0.2273538591392597
prostate,baseline,40000,77,66,66,0.18294500593631002
prostate,baseline,40000,77,63,63,0.2577120438438569
prostate,baseline,40000,77,63,63,0.19185576688659495
prostate,baseline,40000,77,61,61,0.16020292621453558
prostate,baseline,40000,77,59,59,0.18483867227137177
prostate,baseline,40000,77,76,76,0.05508603105155525
prostate,baseline,40000,77,76,76,0.10950093016375502
prostate,baseline,40000,77,76,76,0.01199313683071733
prostate,baseline,40000,77,75,75,0.010260555985645898
prostate,baseline,40000,77,74,74,0.03314174201236182
prostate,baseline,40000,77,71,71,0.08651602178134772
prostate,baseline,40000,77,68,68,0.01800210123800203
prostate,baseline,40000,77,74,74,0.015195594995854475
prostate,baseline,40000,77,73,73,0.06675324176761868
prostate,baseline,40000,77,65,65,0.017715326762232773
prostate,baseline,40000,77,69,69,0.12219539365289764
prostate,baseline,40000,77,69,69,0.1157293738772208
prostate,baseline,40000,77,38,38,0.16893038057176554
prostate,baseline,40000,77,34,34,0.17556096286799772
prostate,baseline,40000,77,76,76,0.17962976037118486
prostate,baseline,40000,77,72,72,0.0937345434892071
prostate,baseline,40000,77,72,72,0.1264384603319168
prostate,baseline,40000,77,54,54,0.15171083744636357
prostate,baseline,40000,77,38,38,0.1389618717249071
prostate,baseline,40000,77,34,34,0.14324107776746284
prostate,baseline,40000,77,33,33,0.12870734680937657
prostate,baseline,40000,77,76,76,0.030828148041166025
prostate,baseline,40000,77,76,76,0.18789703775853597
prostate,baseline,40000,77,76,76,0.25429220487224574
prostate,baseline,40000,77,76,76,0.16723017357643286
prostate,baseline,40000,77,74,74,0.06232782087279962
prostate,baseline,40000,77,76,76,0.10900238077131781
prostate,baseline,40000,77,76,76,0.04224523774361691
prostate,baseline,40000,77,76,76,0.03931059444901475
prostate,baseline,40000,77,74,74,0.017149711002551745
prostate,baseline,40000,77,74,74,0.024216441071690176
prostate,baseline,40000,77,76,76,0.10010391406144549
prostate,baseline,40000,77,75,75,0.04611201888614381
prostate,baseline,40000,77,74,74,0.01649428290284686
prostate,baseline,40000,77,72,72,0.08149568436783107
prostate,baseline,40000,77,72,72,0.06957983997152814
prostate,baseline,40000,77,71,71,0.0591696302838015
prostate,baseline,40000,77,64,64,0.05565016181132559
prostate,baseline,40000,77,76,76,0.25776110371006383
prostate,baseline,40000,77,46,46,0.3072253197693347
prostate,baseline,40000,77,76,76,0.08887992478876665
prostate,baseline,40000,77,76,76,0.026660244122099098
prostate,baseline,40000,77,76,76,0.17236065606449538
prostate,baseline,40000,77,76,76,0.07385684707378361
prostate,baseline,40000,77,76,76,0.1999977940126863
prostate,baseline,40000,77,74,74,0.10933719402166937
prostate,baseline,40000,77,74,74,0.003071973767293519
prostate,baseline,40000,77,56,56,0.019906321534239626
prostate,baseline,40000,77,38,38,0.02429252022179102
prostate,baseline,40000,77,34,34,0.12294053388596854
prostate,baseline,40000,77,76,76,0.05084817336813039
prostate,baseline,40000,77,76,76,0.029705978492077446
prostate,baseline,40000,77,76,76,0.10036803656985126
prostate,baseline,40000,77,76,76,0.044057734524262246
prostate,baseline,40000,77,76,76,0.006563234195990454
prostate,baseline,40000,77,67,67,0.0370349947140954
prostate,baseline,40000,77,75,75,0.17637462858825217
prostate,baseline,40000,77,65,65,0.032656370002963155
prostate,baseline,40000,77,67,67,0.027033969763701496
prostate,baseline,40000,77,56,56,0.03197005008868871
prostate,baseline,40000,77,55,55,0.09041901559934229
prostate,baseline,40000,77,40,40,0.03198006988551333
prostate,baseline,40000,77,38,38,0.02881269517207396
prostate,baseline,40000,77,34,34,0.1336148873395933
prostate,baseline,40000,77,74,74,0.012906943874146317
prostate,baseline,40000,77,72,72,0.014448095668237543
prostate,baseline,40000,77,71,71,0.06872970295906672
prostate,baseline,40000,77,63,63,0.01566675155205854
prostate,baseline,40000,77,62,62,0.007325617352743476
prostate,baseline,40000,77,38,38,0.028781984500594614
prostate,baseline,40000,77,76,76,0.27480216179099354
prostate,baseline,40000,77,76,76,0.3234013849516639
prostate,baseline,40000,77,72,72,0.0843144135726207
prostate,baseline,40000,77,72,72,0.10037853049585929
prostate,baseline,40000,77,65,65,0.11762818025630592
prostate,baseline,40000,77,63,63,0.07919841359131691
prostate,baseline,40000,77,56,56,0.10718245508195924
prostate,baseline,40000,77,38,38,0.1213230029155377
prostate,baseline,40000,77,76,76,0.04535935122899343
prostate,baseline,40000,77,76,76,0.10772081243995175
prostate,baseline,40000,77,76,76,0.026715179938777544
prostate,baseline,40000,77,71,71,0.0848481075378157
prostate,baseline,40000,77,70,70,0.09470295334188046
prostate,baseline,40000,77,63,63,0.10684500779059501
prostate,baseline,40000,77,63,63,0.11646193080960757
prostate,baseline,40000,77,72,72,0.016084133394878224
prostate,baseline,40000,77,72,72,0.06813406097466819
prostate,baseline,40000,77,49,49,0.018188442232192466
prostate,baseline,40000,77,75,75,0.027672698510197494
prostate,baseline,40000,77,75,75,0.22727816170017992
prostate,baseline,40000,77,75,75,0.23010575713189885
prostate,baseline,40000,77,74,74,0.06556018030780154
prostate,baseline,40000,77,73,73,0.22606130411385356
prostate,baseline,40000,77,70,70,0.04603638684540206
prostate,baseline,40000,77,69,69,0.2409248591817219
prostate,baseline,40000,77,68,68,0.1944928664756103
prostate,baseline,40000,77,76,76,0.27682862729511043
prostate,baseline,40000,77,76,76,0.2516020147638766
prostate,baseline,40000,77,76,76,0.08296592434332713
prostate,baseline,40000,77,73,73,0.22842643465547566
prostate,baseline,40000,77,73,73,0.2090221442104978
prostate,baseline,40000,77,73,73,0.18752732580759096
prostate,baseline,40000,77,72,72,0.11940492314330371
prostate,baseline,40000,77,76,76,0.11596606227999959
prostate,baseline,40000,77,76,76,0.08182052056226703
prostate,baseline,40000,77,74,74,0.03205273367772846
prostate,baseline,40000,77,73,73,0.07811723656240097
prostate,baseline,40000,77,63,63,0.07173759743521078
prostate,baseline,40000,77,75,75,0.2677177017023082
prostate,baseline,40000,77,75,75,0.2830722441376621
prostate,baseline,40000,77,75,75,0.2564264324403697
prostate,baseline,40000,77,74,74,0.30270132470546646
prostate,baseline,40000,77,74,74,0.30907282768470823
prostate,baseline,40000,77,69,69,0.29153442091044285
prostate,baseline,40000,77,68,68,0.14835785901560225
prostate,baseline,40000,77,26,26,0.20945548287365254
prostate,baseline,40000,77,71,71,0.20011783198124825
prostate,baseline,40000,77,68,68,0.16127828818131573
prostate,baseline,40000,77,67,67,0.21738723014812353
prostate,baseline,40000,77,66,66,0.08652950311543707
prostate,baseline,40000,77,64,64,0.19287467514362572
prostate,baseline,40000,77,64,64,0.17372688160466387
prostate,baseline,40000,77,63,63,0.2068752556696634
prostate,baseline,40000,77,63,63,0.20316475930497235
prostate,baseline,40000,77,62,62,0.22097769191173963
prostate,baseline,40000,77,38,38,0.2631844845720814
prostate,baseline,40000,77,76,76,0.005117639143530567
prostate,baseline,40000,77,72,72,0.07833751783360575
prostate,baseline,40000,77,76,76,0.189987927102129
prostate,baseline,40000,77,74,74,0.15700711382379196
prostate,baseline,40000,77,69,69,0.18501211821858798
prostate,baseline,40000,77,76,76,0.26876449240347444
prostate,baseline,40000,77,76,76,0.2929599531889848
prostate,baseline,40000,77,73,73,0.10513914589317361
prostate,baseline,40000,77,54,54,0.14780279663242873
prostate,baseline,40000,77,53,53,0.13187726943249206
prostate,baseline,40000,77,49,49,0.15848295253402825
prostate,baseline,40000,77,76,76,0.1481617972469087
prostate,baseline,40000,77,74,74,0.08917794914125203
prostate,baseline,40000,77,76,76,0.18434046389812275
prostate,baseline,40000,77,76,76,0.2413897341177055
prostate,baseline,40000,77,76,76,0.24271362522395293
prostate,baseline,40000,77,69,69,0.0835322483321061
prostate,baseline,40000,77,67,67,0.027259348149355312
prostate,baseline,40000,77,56,56,0.03417246826628818
prostate,baseline,40000,77,40,40,0.03413088514439563
prostate,baseline,40000,77,76,76,0.05881608025002507
prostate,baseline,40000,77,76,76,0.026129874814517402
prostate,baseline,40000,77,76,76,0.22707471225189302
prostate,baseline,40000,77,73,73,0.0769456850933443
prostate,baseline,40000,77,70,70,0.12630805795573946
prostate,baseline,40000,77,63,63,0.08632844815114812
prostate,baseline,40000,77,67,67,0.16306985967312648
prostate,baseline,40000,77,63,63,0.1515363700300226
prostate,baseline,40000,77,26,26,0.26163893719850967
prostate,baseline,40000,77,76,76,0.1445291677498978
prostate,baseline,40000,77,76,76,0.0718251004012392
prostate,baseline,40000,77,76,76,0.07938540807445822
prostate,baseline,40000,77,76,76,0.010889095303974894
prostate,baseline,40000,77,76,76,0.004515740036484741
prostate,baseline,40000,77,76,76,0.04325725459820847
prostate,baseline,40000,77,76,76,0.11179570477686022
prostate,baseline,40000,77,76,76,0.00424469458217688
prostate,baseline,40000,77,76,76,0.057416115514225465
prostate,baseline,40000,77,76,76,0.057206711356745495
prostate,baseline,40000,77,76,76,0.021229209161420615
prostate,baseline,40000,77,76,76,0.008747562922571362
prostate,baseline,40000,77,76,76,0.01745194846845959
prostate,baseline,40000,77,74,74,0.013496771787088375
prostate,baseline,40000,77,71,71,0.038486409162725596
prostate,baseline,40000,77,76,76,0.18076429683269
prostate,baseline,40000,77,76,76,0.010980676188434057
prostate,baseline,40000,77,76,76,0.08861907200376822
prostate,baseline,40000,77,76,76,0.014211580571971968
prostate,baseline,40000,77,76,76,0.12797829258652269
prostate,baseline,40000,77,76,76,0.0029413927537367815
prostate,baseline,40000,77,76,76,0.05453580044608955
prostate,baseline,40000,77,76,76,0.013692088590009494
prostate,baseline,40000,77,76,76,0.032925967098988276
prostate,baseline,40000,77,76,76,0.022099727883571705
prostate,baseline,40000,77,76,76,0.011858942172129742
prostate,baseline,40000,77,76,76,0.011008984440982505
prostate,baseline,40000,77,75,75,0.013654848199359302
prostate,baseline,40000,77,70,70,0.021284918202207903
prostate,baseline,40000,77,76,76,0.24692319891905826
prostate,baseline,40000,77,76,76,0.25842806405819563
prostate,baseline,40000,77,76,76,0.08983988723242205
prostate,baseline,40000,77,75,75,0.07221461279141056
prostate,baseline,40000,77,75,75,0.05121142282628606
prostate,baseline,40000,77,76,76,0.007995237380617698
prostate,baseline,40000,77,75,75,0.010394448806831382
prostate,baseline,40000,77,74,74,0.08868806545761872
prostate,baseline,40000,77,74,74,0.002583328178041419
prostate,baseline,40000,77,73,73,0.06610216044959458
prostate,baseline,40000,77,69,69,0.025398132952171984
prostate,baseline,40000,77,74,74,0.17756072105102153
prostate,baseline,40000,77,56,56,0.20498885001624578
prostate,baseline,40000,77,69,69,0.09925392410376666
prostate,baseline,40000,77,68,68,0.09370558506206669
prostate,baseline,40000,77,60,60,0.11400211104226338
prostate,baseline,40000,77,51,51,0.12939611884782296
prostate,baseline,40000,77,26,26,0.14070386586134162
prostate,baseline,40000,77,75,75,0.10918089542234619
prostate,baseline,40000,77,57,57,0.07711581248382604
prostate,baseline,40000,77,75,75,0.28852749843037845
prostate,baseline,40000,77,75,75,0.24387410634732978
prostate,baseline,40000,77,72,72,0.25860953267934866
prostate,baseline,40000,77,70,70,0.26761100081238026
prostate,baseline,40000,77,69,69,0.2743265658870897
prostate,baseline,40000,77,69,69,0.27165496512883563
prostate,baseline,40000,77,57,57,0.2602906670856556
prostate,baseline,40000,77,76,76,0.09396055141317916
prostate,baseline,40000,77,76,76,0.26205557943338803
prostate,baseline,40000,77,76,76,0.1500210055556859
prostate,baseline,40000,77,76,76,0.052351266461735727
prostate,baseline,40000,77,76,76,0.05326551475545921
prostate,baseline,40000,77,76,76,0.10469666288128643
prostate,baseline,40000,77,74,74,0.022829145098336563
prostate,baseline,40000,77,76,76,0.0169359831636752
prostate,baseline,40000,77,73,73,0.06736632082903629
prostate,baseline,40000,77,69,69,0.021018403047989916
prostate,baseline,40000,77,53,53,0.12592048349339488
prostate,baseline,40000,77,76,76,0.17738187137482533
prostate,baseline,40000,77,74,74,0.020270881425570174
prostate,baseline,40000,77,72,72,0.13061577471283947
prostate,baseline,40000,77,76,76,0.06538000731394265
prostate,baseline,40000,77,76,76,0.18012649869678454
prostate,baseline,40000,77,76,76,0.0913436603951031
prostate,baseline,40000,77,71,71,0.020727041800074935
prostate,baseline,40000,77,76,76,0.23208703132970185
prostate,baseline,40000,77,76,76,0.11892038677656513
prostate,baseline,40000,77,76,76,0.10422003136120558
prostate,baseline,40000,77,76,76,0.22148704189730015
prostate,baseline,40000,77,76,76,0.1728696189316082
prostate,baseline,40000,77,71,71,0.19571324251862748
prostate,baseline,40000,77,64,64,0.15846937281732
prostate,baseline,40000,77,61,61,0.08524273879244003
prostate,baseline,40000,77,76,76,0.04084079267883863
prostate,baseline,40000,77,76,76,0.2376987359689518
prostate,baseline,40000,77,76,76,0.32108312642547604
prostate,baseline,40000,77,76,76,0.27710525910084904
prostate,baseline,40000,77,75,75,0.037753129608111176
prostate,baseline,40000,77,74,74,0.18426500571557466
prostate,baseline,40000,77,67,67,0.08892632257984778
prostate,baseline,40000,77,63,63,0.1364776112223415
prostate,baseline,40000,77,52,52,0.11278554101586283
prostate,baseline,40000,77,76,76,0.267151557425278
prostate,baseline,40000,77,76,76,0.22538846517959077
prostate,baseline,40000,77,76,76,0.2763116218424287
prostate,baseline,40000,77,76,76,0.028184212925932383
prostate,baseline,40000,77,75,75,0.2960186235762196
prostate,baseline,40000,77,74,74,0.33017011119119843
prostate,baseline,40000,77,76,76,0.1507450038440554
prostate,baseline,40000,77,73,73,0.07499468064498992
prostate,baseline,40000,77,76,76,0.013779881482924541
prostate,baseline,40000,77,76,76,0.11559538847324013
prostate,baseline,40000,77,76,76,0.008407284473881348
prostate,baseline,40000,77,73,73,0.08042650320940102
prostate,baseline,40000,77,34,34,0.12327014741844282
prostate,baseline,40000,77,26,26,0.16574217934322127
prostate,baseline,40000,77,76,76,0.14116826070290198
prostate,baseline,40000,77,74,74,0.09182443617277639
prostate,baseline,40000,77,76,76,0.10855290312846594
prostate,baseline,40000,77,71,71,0.08849644944441779
prostate,baseline,40000,77,69,69,0.014428038237729557
prostate,baseline,40000,77,76,76,0.03708711952918525
prostate,baseline,40000,77,76,76,0.10745152233921255
prostate,baseline,40000,77,74,74,0.08874916376111008
prostate,baseline,40000,77,71,71,0.017836906485545957
prostate,baseline,40000,77,76,76,0.10601522072394783
prostate,baseline,40000,77,76,76,0.15381717264738734
prostate,baseline,40000,77,76,76,0.014356812603988318
prostate,baseline,40000,77,74,74,0.0733377388356144
prostate,baseline,40000,77,76,76,0.009285731088067363
prostate,baseline,40000,77,76,76,0.041061035197862916
prostate,baseline,40000,77,74,74,0.0033912096188474196
prostate,baseline,40000,77,65,65,0.026614394614622724
prostate,baseline,40000,77,57,57,0.03437372833500652
prostate,baseline,40000,77,55,55,0.019432499074353467
prostate,baseline,40000,77,76,76,0.010632100302480347
prostate,baseline,40000,77,76,76,0.04041219598860842
prostate,baseline,40000,77,70,70,0.005262512472161524
prostate,baseline,40000,77,65,65,0.014538758254658939
prostate,baseline,40000,77,56,56,0.2226105556935217
prostate,baseline,40000,77,76,76,0.0034629090006399028
prostate,baseline,40000,77,76,76,0.0009568543915090648
prostate,baseline,40000,77,76,76,0.0198903302386955
prostate,baseline,40000,77,76,76,0.041075403328807235
prostate,baseline,40000,77,74,74,0.011707774637043256
prostate,baseline,40000,77,74,74,0.014636792812410987
prostate,baseline,40000,77,74,74,0.07358963553860745
prostate,baseline,40000,77,51,51,0.07491003153106979
prostate,baseline,40000,77,42,42,0.043914863601671315
prostate,baseline,40000,77,38,38,0.0367836178484335
prostate,baseline,40000,77,37,37,0.1479157185579814
prostate,baseline,40000,77,76,76,0.17909340083519187
prostate,baseline,40000,77,75,75,0.010651932021365553
prostate,baseline,40000,77,72,72,0.06073636532374476
prostate,baseline,40000,77,71,71,0.13415875873345662
prostate,baseline,40000,77,76,76,0.12900272760184683
prostate,baseline,40000,77,76,76,0.009387071141371337
prostate,baseline,40000,77,76,76,0.006402584607351058
prostate,baseline,40000,77,76,76,0.05953169004483693
prostate,baseline,40000,77,76,76,0.19696804673370366
prostate,baseline,40000,77,71,71,0.14686991104808156
prostate,baseline,40000,77,70,70,0.1414144901370166
prostate,baseline,40000,77,51,51,0.14873870375922113
prostate,baseline,40000,77,68,68,0.08457318074330573
prostate,baseline,40000,77,67,67,0.08571855691309335
prostate,baseline,40000,77,64,64,0.09105677736102216
prostate,baseline,40000,77,38,38,0.03031080616465042
prostate,baseline,40000,77,64,64,0.11749077742541264
prostate,baseline,40000,77,64,64,0.11700803307296331
prostate,baseline,40000,77,63,63,0.07715912514690534
prostate,baseline,40000,77,51,51,0.09010086718108211
prostate,baseline,40000,77,74,74,0.008617987381806042
prostate,baseline,40000,77,74,74,0.0530031438008339
prostate,baseline,40000,77,73,73,0.08140576353503269
prostate,baseline,40000,77,76,76,0.00477487465670134
prostate,baseline,40000,77,73,73,0.06665134110120789
prostate,baseline,40000,77,67,67,0.13309981976991433
prostate,baseline,40000,77,64,64,0.1071538114230161
prostate,baseline,40000,77,55,55,0.14544256897037386
prostate,baseline,40000,77,75,75,0.21035217174135531
prostate,baseline,40000,77,72,72,0.17794373122611068
prostate,baseline,40000,77,72,72,0.19294221386160537
prostate,baseline,40000,77,72,72,0.1995717166083445
prostate,baseline,40000,77,71,71,0.18016787030728038
prostate,baseline,40000,77,70,70,0.10519852589008001
prostate,baseline,40000,77,69,69,0.17567353843131417
prostate,baseline,40000,77,69,69,0.1798471680575504
prostate,baseline,40000,77,64,64,0.16793174136555578
prostate,baseline,40000,77,57,57,0.16931414551724275
prostate,baseline,40000,77,76,76,0.16610682303129792
prostate,baseline,40000,77,32,32,0.2900545036045912
prostate,baseline,40000,77,31,31,0.2925262975009249
prostate,baseline,40000,77,20,20,0.3142171155240602
prostate,baseline,40000,77,16,16,0.46350269642164993
prostate,baseline,40000,77,75,75,0.01614853443515389
prostate,baseline,40000,77,73,73,0.06537377472691586
prostate,baseline,40000,77,76,76,0.10728538030346409
prostate,baseline,40000,77,60,60,0.09661075189685843
prostate,baseline,40000,77,76,76,0.1346963502541055
prostate,baseline,40000,77,76,76,0.15030703668631004
prostate,baseline,40000,77,76,76,0.049771639996025914
prostate,baseline,40000,77,73,73,0.08253788543921592
prostate,baseline,40000,77,76,76,0.2575787069731741
prostate,baseline,40000,77,75,75,0.2617103872442152
prostate,baseline,40000,77,74,74,0.16030864888434138
prostate,baseline,40000,77,76,76,0.016864392593773116
prostate,baseline,40000,77,73,73,0.06594461498252512
prostate,baseline,40000,77,70,70,0.016621410321141197
prostate,baseline,40000,77,63,63,0.017599929047437856
prostate,baseline,40000,77,63,63,0.01586603192008386
prostate,baseline,40000,77,62,62,0.008228120407244008
prostate,baseline,40000,77,76,76,0.21914839606847197
prostate,baseline,40000,77,66,66,0.2378629914433003
prostate,baseline,40000,77,76,76,0.10714662827053398
prostate,baseline,40000,77,76,76,0.24964366239796898
prostate,baseline,40000,77,76,76,0.2588470131179767
prostate,baseline,40000,77,76,76,0.0010369488361279095
prostate,baseline,40000,77,76,76,0.21941990573989686
prostate,baseline,40000,77,64,64,0.07452983518015222
prostate,baseline,40000,77,20,20,0.2574582464721869
prostate,baseline,40000,77,16,16,0.315712503640649
prostate,baseline,40000,77,75,75,0.006410559578895278
prostate,baseline,40000,77,74,74,0.011702072190795899
prostate,baseline,40000,77,74,74,0.11379114801342737
prostate,baseline,40000,77,74,74,0.08433311426870731
prostate,baseline,40000,77,71,71,0.09273045101339182
prostate,baseline,40000,77,64,64,0.16641268098027134
prostate,baseline,40000,77,26,26,0.26012549989572364
prostate,baseline,40000,77,60,60,0.1409288060326141
prostate,baseline,40000,77,55,55,0.11679998791605473
prostate,baseline,40000,77,54,54,0.15311689646095553
prostate,baseline,40000,77,40,40,0.1232355879793823
prostate,baseline,40000,77,34,34,0.11533027735996401
prostate,baseline,40000,77,76,76,0.12095056422099698
prostate,baseline,40000,77,74,74,0.006787732786182254
prostate,baseline,40000,77,76,76,0.17022273483018746
prostate,baseline,40000,77,74,74,0.01780125337759309
prostate,baseline,40000,77,73,73,0.08217413474934833
prostate,baseline,40000,77,71,71,0.1170661778083742
prostate,baseline,40000,77,57,57,0.1700845124856455
prostate,baseline,40000,77,38,38,0.21289508740632493
prostate,baseline,40000,77,34,34,0.16364698100584207
prostate,baseline,40000,77,76,76,0.11805589264204701
prostate,baseline,40000,77,76,76,0.18454356158505
prostate,baseline,40000,77,67,67,0.1870534546874147
prostate,baseline,40000,77,66,66,0.18998052858419764
prostate,baseline,40000,77,56,56,0.20866732505948504
prostate,baseline,40000,77,50,50,0.15156209297552223
prostate,baseline,40000,77,19,19,0.3237128826635284
prostate,baseline,40000,77,76,76,0.007509938225971409
prostate,baseline,40000,77,74,74,0.09594972829548279
prostate,baseline,40000,77,37,37,0.11870335931606635
prostate,baseline,40000,77,73,73,0.09921994068117287
prostate,baseline,40000,77,73,73,0.10675539780600342
prostate,baseline,40000,77,73,73,0.15025001003931351
prostate,baseline,40000,77,32,32,0.18187480157540636
prostate,baseline,40000,77,76,76,0.038509367996222885
prostate,baseline,40000,77,74,74,0.03644520628044373
prostate,baseline,40000,77,74,74,0.08387392377584954
prostate,baseline,40000,77,63,63,0.061155905285838516
prostate,baseline,40000,77,76,76,0.17251142802530417
prostate,baseline,40000,77,76,76,0.2985944921645264
prostate,baseline,40000,77,75,75,0.31443402626926586
prostate,baseline,40000,77,73,73,0.08107637059237313
prostate,baseline,40000,77,72,72,0.12619676470697538
prostate,baseline,40000,77,49,49,0.1491263250813502
prostate,baseline,40000,77,76,76,0.18596619656426294
prostate,baseline,40000,77,75,75,0.251636175058637
prostate,baseline,40000,77,74,74,0.2489460813713625
prostate,baseline,40000,77,73,73,0.17744560503465814
prostate,baseline,40000,77,73,73,0.13208775353323757
prostate,baseline,40000,77,66,66,0.18813171235095616
prostate,baseline,40000,77,65,65,0.1993328635490472
prostate,baseline,40000,77,38,38,0.19072040071607024
prostate,baseline,40000,77,68,68,0.09432118745753788
prostate,baseline,40000,77,66,66,0.026546951582735262
prostate,baseline,40000,77,53,53,0.1497631048879896
prostate,baseline,40000,77,75,75,0.20745404554726796
prostate,baseline,40000,77,72,72,0.23333675217695948
prostate,baseline,40000,77,69,69,0.210681236543796
prostate,baseline,40000,77,59,59,0.22478778109110553
prostate,baseline,40000,77,76,76,0.30073943092013405
prostate,baseline,40000,77,76,76,0.21111553646133938
prostate,baseline,40000,77,76,76,0.28989210790117864
prostate,baseline,40000,77,64,64,0.1163375301384571
prostate,baseline,40000,77,69,69,0.12749290040776493
prostate,baseline,40000,77,68,68,0.13029901277414102
prostate,baseline,40000,77,26,26,0.14063434678753547
prostate,baseline,40000,77,65,65,0.13315858957426596
prostate,baseline,40000,77,73,73,0.17678080691679093
prostate,baseline,40000,77,63,63,0.15507930454815538
prostate,baseline,40000,77,76,76,0.05057017913456239
prostate,baseline,40000,77,76,76,0.03767400996820307
prostate,baseline,40000,77,75,75,0.03593167003166286
prostate,baseline,40000,77,74,74,0.014482188678488387
prostate,baseline,40000,77,74,74,0.048089775986004335
prostate,baseline,40000,77,74,74,0.025599456778416727
prostate,baseline,40000,77,71,71,0.0907644011906758
prostate,baseline,40000,77,76,76,0.004313319351807123
prostate,baseline,40000,77,76,76,0.17533992029780296
prostate,baseline,40000,77,76,76,0.0681508140357811
prostate,baseline,40000,77,76,76,0.10531183824334991
prostate,baseline,40000,77,76,76,0.16902874423198935
prostate,baseline,40000,77,73,73,0.09257396699455045
prostate,baseline,40000,77,72,72,0.03871547763903566
prostate,baseline,40000,77,75,75,0.12207007972481267
prostate,baseline,40000,77,64,64,0.09492189241988515
prostate,baseline,40000,77,51,51,0.12976577077763427
prostate,baseline,40000,77,74,74,0.06501262510073866
prostate,baseline,40000,77,73,73,0.004500339540005065
prostate,baseline,40000,77,32,32,0.03489263115077503
prostate,baseline,40000,77,72,72,0.09839698553927814
prostate,baseline,40000,77,60,60,0.10311475263904878
prostate,baseline,40000,77,38,38,0.14370360615902383
prostate,baseline,40000,77,34,34,0.1488587369137616
prostate,baseline,40000,77,74,74,0.09930362823288366
prostate,baseline,40000,77,16,16,0.22320894423349802
prostate,baseline,40000,77,76,76,0.10751162290511279
prostate,baseline,40000,77,76,76,0.006762262390142855
prostate,baseline,40000,77,75,75,0.05753219963395531
prostate,baseline,40000,77,74,74,0.0806422730209057
prostate,baseline,40000,77,72,72,0.11020795742296025
prostate,baseline,40000,77,75,75,0.2899264256677972
prostate,baseline,40000,77,75,75,0.28220498807290406
prostate,baseline,40000,77,69,69,0.25938808884717135
prostate,baseline,40000,77,68,68,0.26037298165061684
prostate,baseline,40000,77,68,68,0.29014217922328395
prostate,baseline,40000,77,76,76,0.12308811296718503
prostate,baseline,40000,77,76,76,0.02065560372739884
prostate,baseline,40000,77,72,72,0.07144587518167851
prostate,baseline,40000,77,70,70,0.04647568405209757
prostate,baseline,40000,77,73,73,0.3041233879941942
prostate,baseline,40000,77,71,71,0.32124963703217163
prostate,baseline,40000,77,60,60,0.32470403221765237
prostate,baseline,40000,77,62,62,0.15311822076725742
prostate,baseline,40000,77,56,56,0.15188007049468005
prostate,baseline,40000,77,49,49,0.1374429796224728
prostate,baseline,40000,77,48,48,0.17337551539393803
prostate,baseline,40000,77,40,40,0.18777568960509772
prostate,baseline,40000,77,38,38,0.18753964540781254
prostate,baseline,40000,77,34,34,0.1635955045494412
prostate,baseline,40000,77,73,73,0.08794444232849671
prostate,baseline,40000,77,51,51,0.058159139763857046
prostate,baseline,40000,77,75,75,0.004003725065170207
prostate,baseline,40000,77,72,72,0.022536596939227563
prostate,baseline,40000,77,60,60,0.018464537041470403
prostate,baseline,40000,77,53,53,0.0812217719597956
prostate,baseline,40000,77,74,74,0.3078605749765261
prostate,baseline,40000,77,59,59,0.16525724372724146
prostate,baseline,40000,77,57,57,0.17775403805594472
prostate,baseline,40000,77,76,76,0.12324685358178494
prostate,baseline,40000,77,49,49,0.09295251070401508
prostate,baseline,40000,77,74,74,0.008076038464890594
prostate,baseline,40000,77,71,71,0.06973340157626665
prostate,baseline,40000,77,71,71,0.10355686221542144
prostate,baseline,40000,77,76,76,0.03165276851716618
prostate,baseline,40000,77,69,69,0.2584346142663365
prostate,baseline,40000,77,67,67,0.23286312041318966
prostate,baseline,40000,77,67,67,0.26482981913400355
prostate,baseline,40000,77,65,65,0.2467517904836478
prostate,baseline,40000,77,65,65,0.22496487642559612
prostate,baseline,40000,77,65,65,0.24981930783062056
prostate,baseline,40000,77,55,55,0.2890197409954169
prostate,baseline,40000,77,76,76,0.048858775821724466
prostate,baseline,40000,77,75,75,0.03614749278025786
prostate,baseline,40000,77,75,75,0.008210294931068795
prostate,baseline,40000,77,71,71,0.1036621529862156
prostate,baseline,40000,77,76,76,0.017099024275273232
prostate,baseline,40000,77,73,73,0.013995644780287102
prostate,baseline,40000,77,73,73,0.06827375082074638
prostate,baseline,40000,77,71,71,0.0049987646438058074
prostate,baseline,40000,77,75,75,0.007097512829735293
prostate,baseline,40000,77,74,74,0.05056269262878113
prostate,baseline,40000,77,71,71,0.12378662675802045
prostate,baseline,40000,77,69,69,0.11283282588284974
prostate,baseline,40000,77,68,68,0.08227895251750031
prostate,baseline,40000,77,66,66,0.1187704769691118
prostate,baseline,40000,77,43,43,0.09318709656325151
prostate,baseline,40000,77,42,42,0.10823697110745056
prostate,baseline,40000,77,38,38,0.09745299999136893
prostate,baseline,40000,77,73,73,0.12829666733106662
prostate,baseline,40000,77,67,67,0.13718829650713038
prostate,baseline,40000,77,64,64,0.13552791831445138
prostate,baseline,40000,77,60,60,0.11724529827106252
prostate,baseline,40000,77,76,76,0.057292775235146365
prostate,baseline,40000,77,55,55,0.08703116245214572
prostate,baseline,40000,77,37,37,0.16050634889210183
prostate,baseline,40000,77,34,34,0.1586341751764628
prostate,baseline,40000,77,26,26,0.14711006454732953
prostate,baseline,40000,77,72,72,0.15328276078621825
prostate,baseline,40000,77,56,56,0.15567065571866381
prostate,baseline,40000,77,38,38,0.16266315588345848
prostate,baseline,40000,77,34,34,0.15426718917776147
prostate,baseline,40000,77,76,76,0.2586209697657405
prostate,baseline,40000,77,76,76,0.2998779934029063
prostate,baseline,40000,77,63,63,0.22035546625962718
prostate,baseline,40000,77,76,76,0.008328154793790237
prostate,baseline,40000,77,74,74,0.029193254908017524
prostate,baseline,40000,77,74,74,0.06326743444849317
prostate,baseline,40000,77,73,73,0.31934919019485436
prostate,baseline,40000,77,73,73,0.3166133634575216
prostate,baseline,40000,77,71,71,0.28409438367082024
prostate,baseline,40000,77,69,69,0.3276977410528055
prostate,baseline,40000,77,69,69,0.27227846639843634
prostate,baseline,40000,77,69,69,0.2935661108604572
prostate,baseline,40000,77,68,68,0.32420266992435526
prostate,baseline,40000,77,66,66,0.3059390411266625
prostate,baseline,40000,77,60,60,0.33041420145831407
prostate,baseline,40000,77,73,73,0.1771851794220456
prostate,baseline,40000,77,67,67,0.02627376992016619
prostate,baseline,40000,77,76,76,0.15519055487893
prostate,baseline,40000,77,76,76,0.20523861419544898
prostate,baseline,40000,77,76,76,0.04196243937195557
prostate,baseline,40000,77,75,75,0.028126813554308256
prostate,baseline,40000,77,75,75,0.0695952187312827
prostate,baseline,40000,77,74,74,0.044290033233434355
prostate,baseline,40000,77,74,74,0.008280596988751752
prostate,baseline,40000,77,76,76,0.008953416529993931
prostate,baseline,40000,77,76,76,0.009509669836744509
prostate,baseline,40000,77,76,76,0.03125215943558546
prostate,baseline,40000,77,76,76,0.10474462803795145
prostate,baseline,40000,77,75,75,0.009298954139048212
prostate,baseline,40000,77,72,72,0.0971541877792325
prostate,baseline,40000,77,76,76,0.2804856655890447
prostate,baseline,40000,77,76,76,0.2413897341177055
prostate,baseline,40000,77,76,76,0.2984567285980413
prostate,baseline,40000,77,56,56,0.13969211524738576
prostate,baseline,40000,77,53,53,0.12507344658565714
prostate,baseline,40000,77,51,51,0.08589026826268889
prostate,baseline,40000,77,76,76,0.11911365830394041
prostate,baseline,40000,77,76,76,0.008504951313272566
prostate,baseline,40000,77,76,76,0.19741455295358792
prostate,baseline,40000,77,76,76,0.010128593540766662
prostate,baseline,40000,77,76,76,0.003560592606295796
prostate,baseline,40000,77,76,76,0.16989841513284326
prostate,baseline,40000,77,75,75,0.011623581955432429
prostate,baseline,40000,77,75,75,0.013737336027964776
prostate,baseline,40000,77,75,75,0.004268646927707433
prostate,baseline,40000,77,74,74,0.05986704149153151
prostate,baseline,40000,77,67,67,0.021868751393857546
prostate,baseline,40000,77,74,74,0.09024384175139376
prostate,baseline,40000,77,51,51,0.13383717596177339
prostate,baseline,40000,77,37,37,0.16120925218101415
prostate,baseline,40000,77,76,76,0.12008180099671947
prostate,baseline,40000,77,74,74,0.13738058420888394
prostate,baseline,40000,77,51,51,0.15973420253823345
prostate,baseline,40000,77,37,37,0.17013286351685145
prostate,baseline,40000,77,76,76,0.037516430343929576
prostate,baseline,40000,77,76,76,0.015371272736224514
prostate,baseline,40000,77,74,74,0.013037964945434627
prostate,baseline,40000,77,74,74,0.07065763743893316
prostate,baseline,40000,77,59,59,0.03193465613504789
prostate,baseline,40000,77,37,37,0.11714921767876338
prostate,baseline,40000,77,34,34,0.12033323925329642
prostate,baseline,40000,77,26,26,0.16029567935540937
prostate,baseline,40000,77,76,76,0.021354576753964575
prostate,baseline,40000,77,76,76,0.006056626873312658
prostate,baseline,40000,77,76,76,0.011423165668208312
prostate,baseline,40000,77,76,76,0.10536404576036766
prostate,baseline,40000,77,74,74,0.08536971352173887
prostate,baseline,40000,77,74,74,0.015365640324074507
prostate,baseline,40000,77,76,76,0.002802574549813574
prostate,baseline,40000,77,76,76,0.0012554789183659197
prostate,baseline,40000,77,72,72,0.07824354398161547
prostate,baseline,40000,77,67,67,0.008145031627668447
prostate,baseline,40000,77,74,74,0.020289836419906136
prostate,baseline,40000,77,71,71,0.08610308411419575
prostate,baseline,40000,77,75,75,0.2622831871355972
prostate,baseline,40000,77,70,70,0.2425413430668734
prostate,baseline,40000,77,69,69,0.2673719268064872
prostate,baseline,40000,77,69,69,0.2632906853463545
prostate,baseline,40000,77,59,59,0.2279264199874427
prostate,baseline,40000,77,68,68,0.19744120634326084
prostate,baseline,40000,77,65,65,0.13438955435157612
prostate,baseline,40000,77,64,64,0.1362636006194139
prostate,baseline,40000,77,64,64,0.09891115412949318
prostate,baseline,40000,77,64,64,0.03568281437940525
prostate,baseline,40000,77,62,62,0.10035549100341362
prostate,baseline,40000,77,56,56,0.13220406333033916
prostate,baseline,40000,77,34,34,0.1536158452468279
prostate,baseline,40000,77,76,76,0.0021882157740091097
prostate,baseline,40000,77,76,76,0.038592556679363454
prostate,baseline,40000,77,75,75,0.004602999643950014
prostate,baseline,40000,77,75,75,0.008024647262075163
prostate,baseline,40000,77,74,74,0.006597860437137122
prostate,baseline,40000,77,73,73,0.007392344234476295
prostate,baseline,40000,77,73,73,0.005572075589040677
prostate,baseline,40000,77,26,26,0.2174142939470148
prostate,baseline,40000,77,65,65,0.01564003680821501
prostate,baseline,40000,77,73,73,0.1368962523674379
prostate,baseline,40000,77,72,72,0.09100452985913082
prostate,baseline,40000,77,71,71,0.10793698046309065
prostate,baseline,40000,77,71,71,0.16742189643469166
prostate,baseline,40000,77,69,69,0.17160565565278008
prostate,baseline,40000,77,69,69,0.15438044068714327
prostate,baseline,40000,77,68,68,0.14418238823471502
prostate,baseline,40000,77,67,67,0.18835861181283717
prostate,baseline,40000,77,55,55,0.19029407547585134
prostate,baseline,40000,77,51,51,0.14902037732709086
prostate,baseline,40000,77,49,49,0.10098537477699707
prostate,baseline,40000,77,37,37,0.16809718908579516
prostate,baseline,40000,77,26,26,0.19326628140837837
prostate,baseline,40000,77,76,76,0.009558023328795675
prostate,baseline,40000,77,76,76,0.005667979435566617
prostate,baseline,40000,77,76,76,0.0034749751045852536
prostate,baseline,40000,77,76,76,0.0018870839220000268
prostate,baseline,40000,77,75,75,0.004330701735284243
prostate,baseline,40000,77,75,75,0.00183584848599335
prostate,baseline,40000,77,74,74,0.011363392989059055
prostate,baseline,40000,77,74,74,0.010737396401405735
prostate,baseline,40000,77,74,74,0.015051848335445154
prostate,baseline,40000,77,74,74,0.0038655268186167544
prostate,baseline,40000,77,73,73,0.06462949754237618
prostate,baseline,40000,77,70,70,0.005941972339184832
prostate,baseline,40000,78,77,77,0.1733950461573774
prostate,baseline,40000,78,75,75,0.060630246243856226
prostate,baseline,40000,78,74,74,0.05450643518177049
prostate,baseline,40000,78,77,77,0.0014698490595502788
prostate,baseline,40000,78,75,75,0.08551554267322974
prostate,baseline,40000,78,74,74,0.07073852960332468
prostate,baseline,40000,78,77,77,0.12575960089906732
prostate,baseline,40000,78,75,75,0.09216336678987874
prostate,baseline,40000,78,76,76,0.006853767037630482
prostate,baseline,40000,78,72,72,0.08682622997249351
prostate,baseline,40000,78,63,63,0.03765075946966713
prostate,baseline,40000,78,77,77,0.14946813278621893
prostate,baseline,40000,78,76,76,0.28169431038371684
prostate,baseline,40000,78,74,74,0.20653108736297948
prostate,baseline,40000,78,74,74,0.20978578986719248
prostate,baseline,40000,78,74,74,0.21924346280113002
prostate,baseline,40000,78,73,73,0.24787928991050825
prostate,baseline,40000,78,66,66,0.23589021501442245
prostate,baseline,40000,78,77,77,0.16340152981630934
prostate,baseline,40000,78,77,77,0.07748821677049635
prostate,baseline,40000,78,76,76,0.22239904313891354
prostate,baseline,40000,78,76,76,0.18153970047139775
prostate,baseline,40000,78,75,75,0.05414990046839673
prostate,baseline,40000,78,26,26,0.08645660556578598
prostate,baseline,40000,78,77,77,0.008981376259604336
prostate,baseline,40000,78,74,74,0.1254470298320361
prostate,baseline,40000,78,73,73,0.0770797970059206
prostate,baseline,40000,78,73,73,0.11824955231597582
prostate,baseline,40000,78,72,72,0.11791149525251961
prostate,baseline,40000,78,71,71,0.050956198460380686
prostate,baseline,40000,78,65,65,0.14153857384469518
prostate,baseline,40000,78,64,64,0.04198395105105501
prostate,baseline,40000,78,63,63,0.03972451483219829
prostate,baseline,40000,78,60,60,0.09332588017127315
prostate,baseline,40000,78,57,57,0.03300076285821087
prostate,baseline,40000,78,57,57,0.04278298626000401
prostate,baseline,40000,78,76,76,0.0196669264336868
prostate,baseline,40000,78,74,74,0.04313582246485247
prostate,baseline,40000,78,73,73,0.08135059482722573
prostate,baseline,40000,78,72,72,0.005619979486470125
prostate,baseline,40000,78,72,72,0.04165409724620642
prostate,baseline,40000,78,68,68,0.018134230636388637
prostate,baseline,40000,78,60,60,0.04554133864856788
prostate,baseline,40000,78,77,77,0.041858587188915504
prostate,baseline,40000,78,76,76,0.005351881076797949
prostate,baseline,40000,78,65,65,0.02501871103756015
prostate,baseline,40000,78,72,72,0.09286391837689101
prostate,baseline,40000,78,37,37,0.08305003662163332
prostate,baseline,40000,78,26,26,0.06786497250132194
prostate,baseline,40000,78,77,77,0.0892453149621856
prostate,baseline,40000,78,77,77,0.10811317030890917
prostate,baseline,40000,78,77,77,0.05915147936071034
prostate,baseline,40000,78,74,74,0.09221683696779479
prostate,baseline,40000,78,67,67,0.19423442708519667
prostate,baseline,40000,78,66,66,0.07334500384059817
prostate,baseline,40000,78,62,62,0.046506457642386555
prostate,baseline,40000,78,57,57,0.17784550415170383
prostate,baseline,40000,78,77,77,0.20232269459802368
prostate,baseline,40000,78,76,76,0.22801663616184478
prostate,baseline,40000,78,76,76,0.20793377666236698
prostate,baseline,40000,78,73,73,0.25210201842860325
prostate,baseline,40000,78,72,72,0.2831277211745918
prostate,baseline,40000,78,63,63,0.27844605599645395
prostate,baseline,40000,78,16,16,0.43991856341666974
prostate,baseline,40000,78,77,77,0.0487917239346644
prostate,baseline,40000,78,77,77,0.011311041227924982
prostate,baseline,40000,78,77,77,0.023003058974445118
prostate,baseline,40000,78,77,77,0.11593916434372722
prostate,baseline,40000,78,77,77,0.05580424246958762
prostate,baseline,40000,78,68,68,0.07927193189644881
prostate,baseline,40000,78,66,66,0.14134319697063005
prostate,baseline,40000,78,65,65,0.09923952819738296
prostate,baseline,40000,78,55,55,0.09628025018144819
prostate,baseline,40000,78,43,43,0.0690315730202671
prostate,baseline,40000,78,42,42,0.07728073376583137
prostate,baseline,40000,78,38,38,0.07512762356275332
prostate,baseline,40000,78,77,77,0.06954282984726783
prostate,baseline,40000,78,77,77,0.02397824053262957
prostate,baseline,40000,78,77,77,0.28043035964257024
prostate,baseline,40000,78,77,77,0.2150067725153632
prostate,baseline,40000,78,77,77,0.007969793893991993
prostate,baseline,40000,78,77,77,0.1521410049282913
prostate,baseline,40000,78,77,77,0.051836257875370724
prostate,baseline,40000,78,77,77,0.27004598209763186
prostate,baseline,40000,78,76,76,0.13834774328809915
prostate,baseline,40000,78,76,76,0.11511477999440226
prostate,baseline,40000,78,77,77,0.2587982923717088
prostate,baseline,40000,78,77,77,0.16812621585976972
prostate,baseline,40000,78,77,77,0.013184859829444173
prostate,baseline,40000,78,77,77,0.08364718985377848
prostate,baseline,40000,78,77,77,0.01327204173954787
prostate,baseline,40000,78,77,77,0.2634954015646199
prostate,baseline,40000,78,75,75,0.1450086165994396
prostate,baseline,40000,78,68,68,0.038975436644749645
prostate,baseline,40000,78,73,73,0.14475850358684247
prostate,baseline,40000,78,71,71,0.08911612350441696
prostate,baseline,40000,78,68,68,0.13250925744483474
prostate,baseline,40000,78,38,38,0.2057605240284756
prostate,baseline,40000,78,38,38,0.1817826701442916
prostate,baseline,40000,78,32,32,0.19169657572711618
prostate,baseline,40000,78,76,76,0.10221737527214776
prostate,baseline,40000,78,72,72,0.035038703254075126
prostate,baseline,40000,78,71,71,0.05702516148011062
prostate,baseline,40000,78,65,65,0.04650476769489802
prostate,baseline,40000,78,63,63,0.10517969759962184
prostate,baseline,40000,78,77,77,0.106221704055161
prostate,baseline,40000,78,77,77,0.17685369183003313
prostate,baseline,40000,78,77,77,0.012862775305104492
prostate,baseline,40000,78,76,76,0.10067358764258535
prostate,baseline,40000,78,57,57,0.12692897027201147
prostate,baseline,40000,78,69,69,0.16714827602929772
prostate,baseline,40000,78,68,68,0.17133624344416137
prostate,baseline,40000,78,26,26,0.27203342985492535
prostate,baseline,40000,78,73,73,0.16256659293409295
prostate,baseline,40000,78,71,71,0.1494392904245271
prostate,baseline,40000,78,63,63,0.16487533535394983
prostate,baseline,40000,78,77,77,0.055097398352643004
prostate,baseline,40000,78,77,77,0.11088137381220524
prostate,baseline,40000,78,73,73,0.025029686713696046
prostate,baseline,40000,78,73,73,0.06675536328650612
prostate,baseline,40000,78,73,73,0.08067602708075686
prostate,baseline,40000,78,72,72,0.09851201626315886
prostate,baseline,40000,78,71,71,0.08491344785785682
prostate,baseline,40000,78,59,59,0.05058511714276068
prostate,baseline,40000,78,66,66,0.019306138254408987
prostate,baseline,40000,78,77,77,0.21197802763869597
prostate,baseline,40000,78,77,77,0.02728732646272934
prostate,baseline,40000,78,76,76,0.23624455653243112
prostate,baseline,40000,78,71,71,0.22786282268972652
prostate,baseline,40000,78,71,71,0.24987802091377107
prostate,baseline,40000,78,59,59,0.2499854074171487
prostate,baseline,40000,78,77,77,0.17053450545960563
prostate,baseline,40000,78,75,75,0.04739008715303677
prostate,baseline,40000,78,75,75,0.016158719336057614
prostate,baseline,40000,78,74,74,0.09247292558965843
prostate,baseline,40000,78,72,72,0.05581977497812961
prostate,baseline,40000,78,76,76,0.05014279642966896
prostate,baseline,40000,78,76,76,0.04213235949037879
prostate,baseline,40000,78,75,75,0.044119823430424455
prostate,baseline,40000,78,73,73,0.07950147442702964
prostate,baseline,40000,78,70,70,0.042689915997105275
prostate,baseline,40000,78,66,66,0.016339208707150606
prostate,baseline,40000,78,59,59,0.15831658764966888
prostate,baseline,40000,78,53,53,0.14810769879074318
prostate,baseline,40000,78,26,26,0.1920724841245923
prostate,baseline,40000,78,76,76,0.14916926435124891
prostate,baseline,40000,78,76,76,0.14948821169396076
prostate,baseline,40000,78,75,75,0.15018282655610032
prostate,baseline,40000,78,74,74,0.08225704626193413
prostate,baseline,40000,78,70,70,0.1526118058016401
prostate,baseline,40000,78,66,66,0.029973234145131852
prostate,baseline,40000,78,76,76,0.33064510897498484
prostate,baseline,40000,78,71,71,0.3242206205236843
prostate,baseline,40000,78,71,71,0.3117256273002511
prostate,baseline,40000,78,77,77,0.08343487812203165
prostate,baseline,40000,78,76,76,0.2214340185934987
prostate,baseline,40000,78,76,76,0.05760042055852019
prostate,baseline,40000,78,76,76,0.04422973284421248
prostate,baseline,40000,78,75,75,0.09121110517200477
prostate,baseline,40000,78,77,77,0.16391621405483
prostate,baseline,40000,78,75,75,0.04933532730668998
prostate,baseline,40000,78,74,74,0.0985239924197131
prostate,baseline,40000,78,77,77,0.01952556596582286
prostate,baseline,40000,78,77,77,0.005600270352943387
prostate,baseline,40000,78,77,77,0.04086482501311829
prostate,baseline,40000,78,77,77,0.11896353170222698
prostate,baseline,40000,78,77,77,0.019338355160182414
prostate,baseline,40000,78,74,74,0.023147381211713818
prostate,baseline,40000,78,74,74,0.06688183445606405
prostate,baseline,40000,78,74,74,0.019826621940314218
prostate,baseline,40000,78,71,71,0.03447283520261608
prostate,baseline,40000,78,76,76,0.024541246175747534
prostate,baseline,40000,78,72,72,0.10799916269261571
prostate,baseline,40000,78,65,65,0.03462722717810584
prostate,baseline,40000,78,76,76,0.21103834631046003
prostate,baseline,40000,78,75,75,0.06932260128364132
prostate,baseline,40000,78,73,73,0.2127475105184333
prostate,baseline,40000,78,67,67,0.050753394425396274
prostate,baseline,40000,78,59,59,0.11671878087917804
prostate,baseline,40000,78,19,19,0.22167549819903137
prostate,baseline,40000,78,76,76,0.05751406452099535
prostate,baseline,40000,78,18,18,0.3072679578665131
prostate,baseline,40000,78,77,77,0.2828329543824288
prostate,baseline,40000,78,77,77,0.2579420300765315
prostate,baseline,40000,78,73,73,0.1823215230076472
prostate,baseline,40000,78,76,76,0.01927155081659595
prostate,baseline,40000,78,75,75,0.04443698381499579
prostate,baseline,40000,78,72,72,0.04164361730027969
prostate,baseline,40000,78,68,68,0.018252328431536385
prostate,baseline,40000,78,68,68,0.08365555718637369
prostate,baseline,40000,78,67,67,0.0824861272170025
prostate,baseline,40000,78,66,66,0.01676841999782869
prostate,baseline,40000,78,55,55,0.0195361685731293
prostate,baseline,40000,78,40,40,0.11905978076781491
prostate,baseline,40000,78,38,38,0.11285914917571013
prostate,baseline,40000,78,34,34,0.11144914898086408
prostate,baseline,40000,78,77,77,0.017149798334134946
prostate,baseline,40000,78,77,77,0.09886417845929173
prostate,baseline,40000,78,77,77,0.16429028127091355
prostate,baseline,40000,78,77,77,0.10231152978988751
prostate,baseline,40000,78,76,76,0.06270354774939026
prostate,baseline,40000,78,73,73,0.13190804616096957
prostate,baseline,40000,78,73,73,0.01916840566334947
prostate,baseline,40000,78,72,72,0.022698291935664028
prostate,baseline,40000,78,77,77,0.32743999539465135
prostate,baseline,40000,78,77,77,0.2885664857842584
prostate,baseline,40000,78,75,75,0.21205276868530892
prostate,baseline,40000,78,77,77,0.041730539606289335
prostate,baseline,40000,78,77,77,0.01918074245144084
prostate,baseline,40000,78,77,77,0.0028281924039368052
prostate,baseline,40000,78,69,69,0.031175166472788857
prostate,baseline,40000,78,53,53,0.10440197772470376
prostate,baseline,40000,78,77,77,0.017731089975610348
prostate,baseline,40000,78,75,75,0.13183060154132017
prostate,baseline,40000,78,74,74,0.06988729478197853
prostate,baseline,40000,78,67,67,0.14482885958396155
prostate,baseline,40000,78,77,77,0.04070501856043182
prostate,baseline,40000,78,76,76,0.018875514751950196
prostate,baseline,40000,78,77,77,0.0577985012189316
prostate,baseline,40000,78,74,74,0.088994229875301
prostate,baseline,40000,78,77,77,0.17234839018388298
prostate,baseline,40000,78,74,74,0.1494234002173483
prostate,baseline,40000,78,74,74,0.12027859768322707
prostate,baseline,40000,78,74,74,0.11266499890074873
prostate,baseline,40000,78,77,77,0.007488825311870805
prostate,baseline,40000,78,77,77,0.040371370836365494
prostate,baseline,40000,78,77,77,0.01951842174252072
prostate,baseline,40000,78,76,76,0.006077221476875075
prostate,baseline,40000,78,75,75,0.005163074198576023
prostate,baseline,40000,78,77,77,0.16551773353066304
prostate,baseline,40000,78,77,77,0.11822358669923859
prostate,baseline,40000,78,72,72,0.047079202001474946
prostate,baseline,40000,78,77,77,0.15832992007799415
prostate,baseline,40000,78,77,77,0.10036270088895385
prostate,baseline,40000,78,72,72,0.019552679384097195
prostate,baseline,40000,78,70,70,0.12672655459596774
prostate,baseline,40000,78,69,69,0.13532033031954094
prostate,baseline,40000,78,77,77,0.03936328864935379
prostate,baseline,40000,78,77,77,0.051255770480045114
prostate,baseline,40000,78,76,76,0.1186968933011915
prostate,baseline,40000,78,77,77,0.041247841214544854
prostate,baseline,40000,78,73,73,0.01408375468568405
prostate,baseline,40000,78,66,66,0.011840022011162271
prostate,baseline,40000,78,65,65,0.023051260613070165
prostate,baseline,40000,78,60,60,0.03227548807188691
prostate,baseline,40000,78,55,55,0.018240593622628132
prostate,baseline,40000,78,39,39,0.03781491601250928
prostate,baseline,40000,78,75,75,0.162994156465778
prostate,baseline,40000,78,74,74,0.10608943427775173
prostate,baseline,40000,78,51,51,0.17194921163114374
prostate,baseline,40000,78,48,48,0.18772530287878664
prostate,baseline,40000,78,42,42,0.18051615129739323
prostate,baseline,40000,78,39,39,0.20213492498776908
prostate,baseline,40000,78,38,38,0.18763952218319976
prostate,baseline,40000,78,37,37,0.20286839729834538
prostate,baseline,40000,78,73,73,0.2824494008472373
prostate,baseline,40000,78,71,71,0.29585340318780207
prostate,baseline,40000,78,70,70,0.3289909038581441
prostate,baseline,40000,78,69,69,0.32219682363925095
prostate,baseline,40000,78,77,77,0.17762067267578252
prostate,baseline,40000,78,63,63,0.08650785255435942
prostate,baseline,40000,78,61,61,0.08364068766159793
prostate,baseline,40000,78,77,77,0.020894200297109217
prostate,baseline,40000,78,77,77,0.02344636537341809
prostate,baseline,40000,78,77,77,0.023612040545137717
prostate,baseline,40000,78,77,77,0.09852257711842692
prostate,baseline,40000,78,75,75,0.020467867485242333
prostate,baseline,40000,78,73,73,0.08052378047838292
prostate,baseline,40000,78,77,77,0.21155121533134955
prostate,baseline,40000,78,77,77,0.04380581881539146
prostate,baseline,40000,78,72,72,0.08499143998720196
prostate,baseline,40000,78,71,71,0.08111290406502554
prostate,baseline,40000,78,67,67,0.05076856118989632
prostate,baseline,40000,78,66,66,0.011007905721353118
prostate,baseline,40000,78,65,65,0.024230254679413026
prostate,baseline,40000,78,63,63,0.045521190905155905
prostate,baseline,40000,78,63,63,0.05078478487020637
prostate,baseline,40000,78,63,63,0.08478639346954747
prostate,baseline,40000,78,62,62,0.043234203894090356
prostate,baseline,40000,78,60,60,0.03489758254140407
prostate,baseline,40000,78,55,55,0.019845576960907614
prostate,baseline,40000,78,40,40,0.0340091515001534
prostate,baseline,40000,78,77,77,0.24704935032483913
prostate,baseline,40000,78,73,73,0.19891285395163125
prostate,baseline,40000,78,73,73,0.04770320677323325
prostate,baseline,40000,78,73,73,0.07999394901311693
prostate,baseline,40000,78,72,72,0.005576237653389857
prostate,baseline,40000,78,68,68,0.017862845771079616
prostate,baseline,40000,78,60,60,0.04548952829489498
prostate,baseline,40000,78,77,77,0.20690980533869271
prostate,baseline,40000,78,77,77,0.13999866785540394
prostate,baseline,40000,78,77,77,0.21715336871144464
prostate,baseline,40000,78,72,72,0.030492924375881705
prostate,baseline,40000,78,76,76,0.0038327927212093217
prostate,baseline,40000,78,75,75,0.04379563814664549
prostate,baseline,40000,78,73,73,0.010046688592920287
prostate,baseline,40000,78,73,73,0.08061457053690561
prostate,baseline,40000,78,72,72,0.04863648677848974
prostate,baseline,40000,78,70,70,0.04350422251638243
prostate,baseline,40000,78,56,56,0.05369371103200249
prostate,baseline,40000,78,43,43,0.052917326102018734
prostate,baseline,40000,78,42,42,0.06161848678775093
prostate,baseline,40000,78,38,38,0.06364608620186438
prostate,baseline,40000,78,19,19,0.20869161979885467
prostate,baseline,40000,78,64,64,0.14453293591062927
prostate,baseline,40000,78,60,60,0.10467419299444033
prostate,baseline,40000,78,57,57,0.07861825167195201
prostate,baseline,40000,78,57,57,0.15249697415953498
prostate,baseline,40000,78,55,55,0.12352933637359516
prostate,baseline,40000,78,48,48,0.1225836686861196
prostate,baseline,40000,78,40,40,0.13330949195526914
prostate,baseline,40000,78,38,38,0.1280466780500906
prostate,baseline,40000,78,51,51,0.2664058249130208
prostate,baseline,40000,78,48,48,0.2990424579436813
prostate,baseline,40000,78,43,43,0.2822897206049077
prostate,baseline,40000,78,42,42,0.2851471475597408
prostate,baseline,40000,78,38,38,0.2901423515395235
prostate,baseline,40000,78,37,37,0.28168654488802336
prostate,baseline,40000,78,26,26,0.30629472309067635
prostate,baseline,40000,78,77,77,0.20506841570512285
prostate,baseline,40000,78,75,75,0.050591140723141415
prostate,baseline,40000,78,75,75,0.14574913325110658
prostate,baseline,40000,78,77,77,0.10198695222016846
prostate,baseline,40000,78,77,77,0.011343835432947013
prostate,baseline,40000,78,75,75,0.016919882844758476
prostate,baseline,40000,78,74,74,0.02849976208718744
prostate,baseline,40000,78,74,74,0.05130866696997314
prostate,baseline,40000,78,73,73,0.09427487256425476
prostate,baseline,40000,78,77,77,0.15798359075036394
prostate,baseline,40000,78,75,75,0.1183559022031842
prostate,baseline,40000,78,77,77,0.13999056159228718
prostate,baseline,40000,78,77,77,0.15715222148018415
prostate,baseline,40000,78,75,75,0.13462130909010236
prostate,baseline,40000,78,77,77,0.17755170888375948
prostate,baseline,40000,78,77,77,0.1746103467724152
prostate,baseline,40000,78,73,73,0.01649875301237478
prostate,baseline,40000,78,77,77,0.026863201669433234
prostate,baseline,40000,78,77,77,0.11707716419737384
prostate,baseline,40000,78,75,75,0.015006551550577674
prostate,baseline,40000,78,75,75,0.021336881414415487
prostate,baseline,40000,78,75,75,0.047059200786221916
prostate,baseline,40000,78,74,74,0.08380946685464008
prostate,baseline,40000,78,71,71,0.02666168678885431
prostate,baseline,40000,78,71,71,0.01810536984243371
prostate,baseline,40000,78,71,71,0.2941011854768882
prostate,baseline,40000,78,77,77,0.005926428694439172
prostate,baseline,40000,78,77,77,0.052746104012069125
prostate,baseline,40000,78,77,77,0.10267894639622098
prostate,baseline,40000,78,75,75,0.023641377909235695
prostate,baseline,40000,78,75,75,0.035889360763870864
prostate,baseline,40000,78,72,72,0.03196685093844345
prostate,baseline,40000,78,70,70,0.022496806067394765
prostate,baseline,40000,78,77,77,0.05876848210788838
prostate,baseline,40000,78,77,77,0.1692099623161947
prostate,baseline,40000,78,65,65,0.0318299272576812
prostate,baseline,40000,78,74,74,0.30798571567120586
prostate,baseline,40000,78,71,71,0.29185349045087733
prostate,baseline,40000,78,67,67,0.3053049918710633
prostate,baseline,40000,78,65,65,0.2466532060991913
prostate,baseline,40000,78,63,63,0.278695082576879
prostate,baseline,40000,78,63,63,0.2926923186481106
prostate,baseline,40000,78,63,63,0.2921188527977049
prostate,baseline,40000,78,61,61,0.2477731819206914
prostate,baseline,40000,78,60,60,0.3035524381604002
prostate,baseline,40000,78,39,39,0.29820332175832026
prostate,baseline,40000,78,77,77,0.16941851412527292
prostate,baseline,40000,78,77,77,0.05232299445585463
prostate,baseline,40000,78,74,74,0.12432026205373306
prostate,baseline,40000,78,74,74,0.12245432758208638
prostate,baseline,40000,78,74,74,0.12534105720959549
prostate,baseline,40000,78,77,77,0.04764691536642062
prostate,baseline,40000,78,77,77,0.10385661294495466
prostate,baseline,40000,78,77,77,0.08362882632966905
prostate,baseline,40000,78,68,68,0.01531261728014664
prostate,baseline,40000,78,66,66,0.020876928955712082
prostate,baseline,40000,78,75,75,0.16327810362484352
prostate,baseline,40000,78,68,68,0.19356434932855107
prostate,baseline,40000,78,67,67,0.17322268397185492
prostate,baseline,40000,78,64,64,0.173758096377574
prostate,baseline,40000,78,77,77,0.019139007888502976
prostate,baseline,40000,78,77,77,0.04168904583918006
prostate,baseline,40000,78,72,72,0.00402471962585325
prostate,baseline,40000,78,66,66,0.0122095838392871
prostate,baseline,40000,78,55,55,0.019780965290018635
prostate,baseline,40000,78,77,77,0.14642594683103313
prostate,baseline,40000,78,77,77,0.006942958769697015
prostate,baseline,40000,78,77,77,0.17239577758363034
prostate,baseline,40000,78,74,74,0.09117810397147895
prostate,baseline,40000,78,66,66,0.13358688879210795
prostate,baseline,40000,78,68,68,0.2018574014614699
prostate,baseline,40000,78,68,68,0.18011691610008906
prostate,baseline,40000,78,67,67,0.045905753668321336
prostate,baseline,40000,78,55,55,0.22777815000931984
prostate,baseline,40000,78,53,53,0.18910207925573383
prostate,baseline,40000,78,77,77,0.0009186322589214549
prostate,baseline,40000,78,77,77,0.04152070196953036
prostate,baseline,40000,78,73,73,0.007042119201665095
prostate,baseline,40000,78,75,75,0.03691591401330916
prostate,baseline,40000,78,68,68,0.10370995006049777
prostate,baseline,40000,78,77,77,0.14359844115619863
prostate,baseline,40000,78,77,77,0.20251383520792998
prostate,baseline,40000,78,73,73,0.15245717302308473
prostate,baseline,40000,78,54,54,0.04830697593196277
prostate,baseline,40000,78,77,77,0.16965370776698488
prostate,baseline,40000,78,77,77,0.21743671163464112
prostate,baseline,40000,78,77,77,0.0
prostate,baseline,40000,78,77,77,0.18512131149679942
prostate,baseline,40000,78,75,75,0.1084437564788396
prostate,baseline,40000,78,77,77,0.009277652422697541
prostate,baseline,40000,78,77,77,0.17994749399775728
prostate,baseline,40000,78,77,77,0.07015255176915647
prostate,baseline,40000,78,77,77,0.059848518325354934
prostate,baseline,40000,78,77,77,0.012729076712275692
prostate,baseline,40000,78,77,77,0.024265145809784058
prostate,baseline,40000,78,77,77,0.2244611608278221
prostate,baseline,40000,78,77,77,0.14231149539072338
prostate,baseline,40000,78,76,76,0.022609660836597687
prostate,baseline,40000,78,76,76,0.030832637433945785
prostate,baseline,40000,78,75,75,0.012264829754123449
prostate,baseline,40000,78,74,74,0.008158932369942867
prostate,baseline,40000,78,69,69,0.10403898129345626
prostate,baseline,40000,78,63,63,0.05250522734352584
prostate,baseline,40000,78,64,64,0.14342713666086687
prostate,baseline,40000,78,16,16,0.2865304402360328
prostate,baseline,40000,78,77,77,0.030094745479630865
prostate,baseline,40000,78,76,76,0.04268338970159078
prostate,baseline,40000,78,75,75,0.09174070656300681
prostate,baseline,40000,78,55,55,0.03810800574252327
prostate,baseline,40000,78,77,77,0.149342087748637
prostate,baseline,40000,78,77,77,0.023734685937535305
prostate,baseline,40000,78,77,77,0.0915823633376389
prostate,baseline,40000,78,77,77,0.06275541535311459
prostate,baseline,40000,78,77,77,0.030570864005179624
prostate,baseline,40000,78,76,76,0.013811313352355158
prostate,baseline,40000,78,74,74,0.09917201076146313
prostate,baseline,40000,78,72,72,0.10080203716970922
prostate,baseline,40000,78,63,63,0.05082098609687803
prostate,baseline,40000,78,77,77,0.14075418048884758
prostate,baseline,40000,78,77,77,0.2520851782641853
prostate,baseline,40000,78,77,77,0.28170605286243533
prostate,baseline,40000,78,77,77,0.0006587994018992057
prostate,baseline,40000,78,77,77,0.019228266526518278
prostate,baseline,40000,78,77,77,0.00034304107795108177
prostate,baseline,40000,78,73,73,0.0803216604588541
prostate,baseline,40000,78,55,55,0.019776185041398265
prostate,baseline,40000,78,73,73,0.16947590199792262
prostate,baseline,40000,78,77,77,0.13568448621273335
prostate,baseline,40000,78,72,72,0.10247431835854354
prostate,baseline,40000,78,71,71,0.04481610071810636
prostate,baseline,40000,78,77,77,0.06817607400678799
prostate,baseline,40000,78,77,77,0.21829400050604295
prostate,baseline,40000,78,77,77,0.04898320042092529
prostate,baseline,40000,78,77,77,0.2842982064868569
prostate,baseline,40000,78,76,76,0.010696602299101238
prostate,baseline,40000,78,77,77,0.042221009152191714
prostate,baseline,40000,78,73,73,0.01067699802859737
prostate,baseline,40000,78,72,72,0.005592510052956779
prostate,baseline,40000,78,68,68,0.017823136733072942
prostate,baseline,40000,78,77,77,0.1096137921743462
prostate,baseline,40000,78,76,76,0.19681918282150082
prostate,baseline,40000,78,72,72,0.139980537367594
prostate,baseline,40000,78,77,77,0.1082031790421605
prostate,baseline,40000,78,76,76,0.022930859252592212
prostate,baseline,40000,78,74,74,0.06997839283428359
prostate,baseline,40000,78,72,72,0.08681226695869945
prostate,baseline,40000,78,57,57,0.06155143168038728
prostate,baseline,40000,78,77,77,0.019219116024851095
prostate,baseline,40000,78,77,77,0.17090844589009535
prostate,baseline,40000,78,72,72,0.16077558725458851
prostate,baseline,40000,78,77,77,0.15939634124833002
prostate,baseline,40000,78,74,74,0.09132892370923917
prostate,baseline,40000,78,20,20,0.2867006238602611
prostate,baseline,40000,78,76,76,0.08036633187660651
prostate,baseline,40000,78,18,18,0.16821637826498603
prostate,baseline,40000,78,77,77,0.04158903382005991
prostate,baseline,40000,78,77,77,0.019240126783585717
prostate,baseline,40000,78,76,76,0.004336424146837574
prostate,baseline,40000,78,73,73,0.010692363697752921
prostate,baseline,40000,78,68,68,0.008170333728277397
prostate,baseline,40000,78,68,68,0.018467645018913164
prostate,baseline,40000,78,65,65,0.22367028860210322
prostate,baseline,40000,78,65,65,0.22168825352396443
prostate,baseline,40000,78,61,61,0.23612560688829448
prostate,baseline,40000,78,77,77,0.12853605803407755
prostate,baseline,40000,78,77,77,0.07220677944065233
prostate,baseline,40000,78,74,74,0.1361787364690288
prostate,baseline,40000,78,68,68,0.13411896312954838
prostate,baseline,40000,78,66,66,0.12749028650659278
prostate,baseline,40000,78,77,77,0.17321611261751554
prostate,baseline,40000,78,76,76,0.014337244258463435
prostate,baseline,40000,78,73,73,0.12209116847444712
prostate,baseline,40000,78,72,72,0.10736686645227225
prostate,baseline,40000,78,70,70,0.0607375221546231
prostate,baseline,40000,78,65,65,0.07295185979715624
prostate,baseline,40000,78,65,65,0.1248755620611537
prostate,baseline,40000,78,63,63,0.08533622353802896
prostate,baseline,40000,78,56,56,0.11412370697875554
prostate,baseline,40000,78,77,77,0.18776015848239225
prostate,baseline,40000,78,77,77,0.15427324570265497
prostate,baseline,40000,78,77,77,0.029580958603877536
prostate,baseline,40000,78,77,77,0.05232401960723997
prostate,baseline,40000,78,76,76,0.12977671551870015
prostate,baseline,40000,78,75,75,0.018997522499403143
prostate,baseline,40000,78,65,65,0.02546291964241499
prostate,baseline,40000,78,77,77,0.15456623462042263
prostate,baseline,40000,78,75,75,0.08370771042613614
prostate,baseline,40000,78,77,77,0.04228307181832541
prostate,baseline,40000,78,77,77,0.10988525853819817
prostate,baseline,40000,78,70,70,0.08839620736713028
prostate,baseline,40000,78,68,68,0.0971841501968308
prostate,baseline,40000,78,59,59,0.1351217636283072
prostate,baseline,40000,78,20,20,0.17060479890838115
prostate,baseline,40000,78,20,20,0.18686572279719238
prostate,baseline,40000,78,18,18,0.26015544719745126
prostate,baseline,40000,78,77,77,0.09766154557287579
prostate,baseline,40000,78,76,76,0.21588963709682343
prostate,baseline,40000,78,77,77,0.1159182954437781
prostate,baseline,40000,78,75,75,0.06273358422530881
prostate,baseline,40000,78,57,57,0.03483130028222297
prostate,baseline,40000,78,77,77,0.1748184076266085
prostate,baseline,40000,78,75,75,0.018267356645195184
prostate,baseline,40000,78,72,72,0.15658024094249848
prostate,baseline,40000,78,72,72,0.08294299383121893
prostate,baseline,40000,78,70,70,0.1331608153838481
prostate,baseline,40000,78,77,77,0.11434452489477961
prostate,baseline,40000,78,74,74,0.03803133994516462
prostate,baseline,40000,78,72,72,0.17804558733165887
prostate,baseline,40000,78,63,63,0.16374959442744436
prostate,baseline,40000,78,77,77,0.0647915477116397
prostate,baseline,40000,78,77,77,0.014523731412279186
prostate,baseline,40000,78,77,77,0.02105180273278524
prostate,baseline,40000,78,77,77,0.0178282158696357
prostate,baseline,40000,78,77,77,0.14030600924450742
prostate,baseline,40000,78,77,77,0.06544974579288872
prostate,baseline,40000,78,77,77,0.007110980547794653
prostate,baseline,40000,78,77,77,0.10708575334730183
prostate,baseline,40000,78,73,73,0.08911701269827181
prostate,baseline,40000,78,71,71,0.05222991936209057
prostate,baseline,40000,78,77,77,0.16410381095903956
prostate,baseline,40000,78,76,76,0.09221913982669586
prostate,baseline,40000,78,77,77,0.10074708095670913
prostate,baseline,40000,78,75,75,0.08243650287277522
prostate,baseline,40000,78,77,77,0.019467179769945064
prostate,baseline,40000,78,73,73,0.08219643991681849
prostate,baseline,40000,78,72,72,0.042674431604714146
prostate,baseline,40000,78,52,52,0.01686247314390026
prostate,baseline,40000,78,66,66,0.031474153425772894
prostate,baseline,40000,78,77,77,0.24867307149943654
prostate,baseline,40000,78,76,76,0.1940718332981131
prostate,baseline,40000,78,67,67,0.1884165012746216
prostate,baseline,40000,78,77,77,0.11194695468151983
prostate,baseline,40000,78,71,71,0.09911356104865027
prostate,baseline,40000,78,71,71,0.11637370811352957
prostate,baseline,40000,78,77,77,0.00748227406947196
prostate,baseline,40000,78,77,77,0.014545954361887775
prostate,baseline,40000,78,77,77,0.0019276404747515302
prostate,baseline,40000,78,77,77,0.14563076340931738
prostate,baseline,40000,78,75,75,0.008857158414646661
prostate,baseline,40000,78,75,75,0.012097416127259331
prostate,baseline,40000,78,75,75,0.00939042065222163
prostate,baseline,40000,78,74,74,0.07463866140328572
prostate,baseline,40000,78,77,77,0.1968692639969568
prostate,baseline,40000,78,77,77,0.18244636484143853
prostate,baseline,40000,78,74,74,0.08488455082922106
prostate,baseline,40000,78,71,71,0.016029546151500217
prostate,baseline,40000,78,77,77,0.05122168262513035
prostate,baseline,40000,78,77,77,0.012665240303018122
prostate,baseline,40000,78,77,77,0.17161872570492595
prostate,baseline,40000,78,75,75,0.13026517700230425
prostate,baseline,40000,78,73,73,0.12678901507960932
prostate,baseline,40000,78,67,67,0.12471829164201156
prostate,baseline,40000,78,77,77,0.0013352611558192528
prostate,baseline,40000,78,77,77,0.0022356246026733087
prostate,baseline,40000,78,77,77,0.0016561601755251795
prostate,baseline,40000,78,77,77,0.0014108273516555822
prostate,baseline,40000,78,77,77,0.0035735503830733326
prostate,baseline,40000,78,77,77,0.0014022640022089005
prostate,baseline,40000,78,77,77,0.002779808177590332
prostate,baseline,40000,78,77,77,0.0059730328938119425
prostate,baseline,40000,78,77,77,0.0021488649293638262
prostate,baseline,40000,78,77,77,0.0015788464273739792
prostate,baseline,40000,78,77,77,0.006166722646178251
prostate,baseline,40000,78,77,77,0.010779007009450515
prostate,baseline,40000,78,77,77,0.0018932733975079413
prostate,baseline,40000,78,77,77,0.03973279978437252
prostate,baseline,40000,78,76,76,0.004142683734813604
prostate,baseline,40000,78,76,76,0.0074341172301947535
prostate,baseline,40000,78,76,76,0.004542288676190037
prostate,baseline,40000,78,76,76,0.0016694209831586283
prostate,baseline,40000,78,75,75,0.010736695560580106
prostate,baseline,40000,78,75,75,0.0027896003337397855
prostate,baseline,40000,78,75,75,0.0063162998547776975
prostate,baseline,40000,78,75,75,0.0031036415778936447
prostate,baseline,40000,78,71,71,0.005662236669152407
prostate,baseline,40000,78,77,77,0.18090957211481937
prostate,baseline,40000,78,75,75,0.08157691738178005
prostate,baseline,40000,78,77,77,0.04486259549195319
prostate,baseline,40000,78,77,77,0.033798796063390736
prostate,baseline,40000,78,77,77,0.01360841844836456
prostate,baseline,40000,78,75,75,0.053463870128496314
prostate,baseline,40000,78,75,75,0.007565223344249713
prostate,baseline,40000,78,77,77,0.018949493022510252
prostate,baseline,40000,78,77,77,0.00273296204158015
prostate,baseline,40000,78,77,77,0.006496653570605874
prostate,baseline,40000,78,67,67,0.04489780808600171
prostate,baseline,40000,78,77,77,0.04385161504532985
prostate,baseline,40000,78,76,76,0.13248409303030131
prostate,baseline,40000,78,77,77,0.01332527935219532
prostate,baseline,40000,78,77,77,0.09496612115451017
prostate,baseline,40000,78,77,77,0.08458066360019553
prostate,baseline,40000,78,71,71,0.04987681288454042
prostate,baseline,40000,78,68,68,0.046253726414752845
prostate,baseline,40000,78,66,66,0.04369466125199123
prostate,baseline,40000,78,77,77,0.11165687556654466
prostate,baseline,40000,78,76,76,0.013892492048449702
prostate,baseline,40000,78,71,71,0.11155401202107547
prostate,baseline,40000,78,77,77,0.019271379002064295
prostate,baseline,40000,78,77,77,0.04099327319947804
prostate,baseline,40000,78,76,76,0.0033724690620381926
prostate,baseline,40000,78,75,75,0.0041955408520194
prostate,baseline,40000,78,75,75,0.06560745441708127
prostate,baseline,40000,78,75,75,0.06827089296781806
prostate,baseline,40000,78,77,77,0.1831721132953366
prostate,baseline,40000,78,74,74,0.05468225045767161
prostate,baseline,40000,78,71,71,0.17040954482486925
prostate,baseline,40000,78,46,46,0.20316394360546366
prostate,baseline,40000,78,77,77,0.24752303680407145
prostate,baseline,40000,78,77,77,0.21522245249530483
prostate,baseline,40000,78,77,77,0.22786370128806469
prostate,baseline,40000,78,76,76,0.02944970906229095
prostate,baseline,40000,78,76,76,0.072246764441537
prostate,baseline,40000,78,76,76,0.03374540423815538
prostate,baseline,40000,78,77,77,0.16138475298290123
prostate,baseline,40000,78,76,76,0.1217406305221644
prostate,baseline,40000,78,74,74,0.08836253147065742
prostate,baseline,40000,78,72,72,0.17380463598061627
prostate,baseline,40000,78,72,72,0.17703920913683305
prostate,baseline,40000,78,71,71,0.0635565075988024
prostate,baseline,40000,78,68,68,0.12720260088376975
prostate,baseline,40000,78,68,68,0.1624911300587104
prostate,baseline,40000,78,68,68,0.1788442261968468
prostate,baseline,40000,78,53,53,0.16570481346558666
prostate,baseline,40000,78,75,75,0.06754806294203074
prostate,baseline,40000,78,73,73,0.10489258959028398
prostate,baseline,40000,78,55,55,0.06856667201736394
prostate,baseline,40000,78,42,42,0.0344968913823016
prostate,baseline,40000,78,38,38,0.033565530472512414
prostate,baseline,40000,78,75,75,0.09320702076502749
prostate,baseline,40000,78,74,74,0.07095999986158881
prostate,baseline,40000,78,71,71,0.02278233950886497
prostate,baseline,40000,78,69,69,0.027413815501345595
prostate,baseline,40000,78,55,55,0.05583919748264429
prostate,baseline,40000,78,71,71,0.10175021573433617
prostate,baseline,40000,78,37,37,0.06692047622883508
prostate,baseline,40000,78,26,26,0.08598065305828352
prostate,baseline,40000,78,77,77,0.11542683601175853
prostate,baseline,40000,78,77,77,0.088188925134506
prostate,baseline,40000,78,73,73,0.09182578235832797
prostate,baseline,40000,78,39,39,0.25440681015187083
prostate,baseline,40000,78,77,77,0.04128738776289272
prostate,baseline,40000,78,75,75,0.01680498643045208
prostate,baseline,40000,78,75,75,0.004198675654173054
prostate,baseline,40000,78,72,72,0.005243710811641871
prostate,baseline,40000,78,77,77,0.12304561085150009
prostate,baseline,40000,78,77,77,0.23526829116892423
prostate,baseline,40000,78,77,77,0.10888435656305642
prostate,baseline,40000,78,72,72,0.07888629857443769
prostate,baseline,40000,78,63,63,0.05074999595048704
prostate,baseline,40000,78,76,76,0.17634595226621153
prostate,baseline,40000,78,67,67,0.09013800866844213
prostate,baseline,40000,78,77,77,0.005414782153513363
prostate,baseline,40000,78,64,64,0.17435220236362858
prostate,baseline,40000,78,71,71,0.10311357705427548
prostate,baseline,40000,78,26,26,0.13419420477417424
prostate,baseline,40000,78,77,77,0.09620797493474499
prostate,baseline,40000,78,77,77,0.02657398945802329
prostate,baseline,40000,78,77,77,0.03355664663578133
prostate,baseline,40000,78,76,76,0.01224558402481409
prostate,baseline,40000,78,75,75,0.019481619704018575
prostate,baseline,40000,78,73,73,0.09352278209094811
prostate,baseline,40000,78,72,72,0.049998359317643376
prostate,baseline,40000,78,77,77,0.1708723058553141
prostate,baseline,40000,78,70,70,0.11633586335584477
prostate,baseline,40000,78,77,77,0.12016643983982576
prostate,baseline,40000,78,74,74,0.07344571162280045
prostate,baseline,40000,78,77,77,0.05861022246497464
prostate,baseline,40000,78,77,77,0.10292837733732492
prostate,baseline,40000,78,77,77,0.1397102852204357
prostate,baseline,40000,78,77,77,0.0726711065635951
prostate,baseline,40000,78,77,77,0.026574818458352877
prostate,baseline,40000,78,77,77,0.14808224397615136
prostate,baseline,40000,78,72,72,0.09247581316018598
prostate,baseline,40000,78,65,65,0.07809294553035931
prostate,baseline,40000,78,60,60,0.08172739354925672
prostate,baseline,40000,78,55,55,0.07198601980875448
prostate,baseline,40000,78,51,51,0.0916633864542958
prostate,baseline,40000,78,26,26,0.1378938108707177
prostate,baseline,40000,78,77,77,0.009917426143111216
prostate,baseline,40000,78,77,77,0.09477099545356266
prostate,baseline,40000,78,77,77,0.1701844973620439
prostate,baseline,40000,78,76,76,0.03210764462547277
prostate,baseline,40000,78,74,74,0.08652165526854627
prostate,baseline,40000,78,73,73,0.12870597047327284
prostate,baseline,40000,78,73,73,0.009744065614117633
prostate,baseline,40000,78,69,69,0.007613254873914489
prostate,baseline,40000,78,77,77,0.04132882999860998
prostate,baseline,40000,78,76,76,0.006513077573602664
prostate,baseline,40000,78,72,72,0.1217672261292482
prostate,baseline,40000,78,72,72,0.09001136055072038
prostate,baseline,40000,78,70,70,0.15583601248615883
prostate,baseline,40000,78,66,66,0.025189053500705112
prostate,baseline,40000,78,53,53,0.14783718241961524
prostate,baseline,40000,78,77,77,0.07481026262517333
prostate,baseline,40000,78,77,77,0.17718900878141147
prostate,baseline,40000,78,73,73,0.12901761771630554
prostate,baseline,40000,78,61,61,0.08797074330429852
prostate,baseline,40000,78,50,50,0.09230189339368886
prostate,baseline,40000,78,69,69,0.12670327966824732
prostate,baseline,40000,78,68,68,0.13001115772792554
prostate,baseline,40000,78,38,38,0.18368758849041691
prostate,baseline,40000,78,77,77,0.11461670443358751
prostate,baseline,40000,78,77,77,0.010868326273062034
prostate,baseline,40000,78,76,76,0.033397815638438695
prostate,baseline,40000,78,75,75,0.03684173417567185
prostate,baseline,40000,78,74,74,0.07627233147610603
prostate,baseline,40000,78,74,74,0.021247452944350043
prostate,baseline,40000,78,74,74,0.011864243676485125
prostate,baseline,40000,78,72,72,0.08923672319809706
prostate,baseline,40000,78,66,66,0.048896718189469154
prostate,baseline,40000,78,77,77,0.15223750515857873
prostate,baseline,40000,78,74,74,0.08401837592671449
prostate,baseline,40000,78,53,53,0.09492318407900154
prostate,baseline,40000,78,37,37,0.09742810602604082
prostate,baseline,40000,78,26,26,0.10301023343940888
prostate,baseline,40000,78,77,77,0.13402086387313636
prostate,baseline,40000,78,77,77,0.03822573250644122
prostate,baseline,40000,78,75,75,0.07262734811354095
prostate,baseline,40000,78,68,68,0.02993409072865503
prostate,baseline,40000,78,77,77,0.16033407425032728
prostate,baseline,40000,78,75,75,0.020235035111299492
prostate,baseline,40000,78,74,74,0.07118675941881221
prostate,baseline,40000,78,77,77,0.16165285443249683
prostate,baseline,40000,78,77,77,0.1003465195906909
prostate,baseline,40000,78,72,72,0.023925967074903652
prostate,baseline,40000,78,57,57,0.1268464874319213
prostate,baseline,40000,78,77,77,0.0051847082651738634
prostate,baseline,40000,78,77,77,0.0028334317151433213
prostate,baseline,40000,78,77,77,0.0056580650144561675
prostate,baseline,40000,78,77,77,0.0037704614701292343
prostate,baseline,40000,78,77,77,0.003969449308933922
prostate,baseline,40000,78,77,77,0.0060793183626366275
prostate,baseline,40000,78,77,77,0.003694843702805664
prostate,baseline,40000,78,77,77,0.00463127350493817
prostate,baseline,40000,78,77,77,0.005046551116854608
prostate,baseline,40000,78,77,77,0.003605646963595724
prostate,baseline,40000,78,77,77,0.0029885869819196234
prostate,baseline,40000,78,77,77,0.0017711902258334476
prostate,baseline,40000,78,77,77,0.00169244410977543
prostate,baseline,40000,78,77,77,0.0010772648134181463
prostate,baseline,40000,78,77,77,0.00786353043487205
prostate,baseline,40000,78,77,77,0.01702020054882944
prostate,baseline,40000,78,76,76,0.0029748335248882506
prostate,baseline,40000,78,75,75,0.01446371017566998
prostate,baseline,40000,78,75,75,0.009713005819403276
prostate,baseline,40000,78,75,75,0.0027772143145695116
prostate,baseline,40000,78,75,75,0.004857021434414172
prostate,baseline,40000,78,75,75,0.011080231255769797
prostate,baseline,40000,78,75,75,0.014733592124039166
prostate,baseline,40000,78,71,71,0.007653018375529307
prostate,baseline,40000,78,77,77,0.0034776443468612053
prostate,baseline,40000,78,75,75,0.12451146427814415
prostate,baseline,40000,78,75,75,0.023701222909692767
prostate,baseline,40000,78,73,73,0.07505118252532413
prostate,baseline,40000,78,73,73,0.12234080503761013
prostate,baseline,40000,78,77,77,0.054041214079699
prostate,baseline,40000,78,77,77,0.004121364765803294
prostate,baseline,40000,78,77,77,0.017517215099248005
prostate,baseline,40000,78,77,77,0.012369104478361679
prostate,baseline,40000,78,77,77,0.1028388930047469
prostate,baseline,40000,78,77,77,0.02399114250648759
prostate,baseline,40000,78,75,75,0.0829916704818678
prostate,baseline,40000,78,77,77,0.10826887570967324
prostate,baseline,40000,78,62,62,0.30949783595300334
prostate,baseline,40000,78,57,57,0.24686477242378863
prostate,baseline,40000,78,49,49,0.3192552969287952
prostate,baseline,40000,78,48,48,0.3093369366493074
prostate,baseline,40000,78,40,40,0.3060732230422068
prostate,baseline,40000,78,38,38,0.29205399376282165
prostate,baseline,40000,78,34,34,0.28387940404446266
prostate,baseline,40000,78,66,66,0.030993812532201678
prostate,baseline,40000,78,77,77,0.0030141441229076327
prostate,baseline,40000,78,72,72,0.1728610746250812
prostate,baseline,40000,78,74,74,0.08781965869897128
prostate,baseline,40000,78,72,72,0.15660482745465915
prostate,baseline,40000,78,67,67,0.14763088001534325
prostate,baseline,40000,78,61,61,0.04810944288069022
prostate,baseline,40000,78,49,49,0.15969059338677333
prostate,baseline,40000,78,76,76,0.25716443443764164
prostate,baseline,40000,78,76,76,0.2270560579363814
prostate,baseline,40000,78,71,71,0.22288233679005803
prostate,baseline,40000,78,77,77,0.11877155198225117
prostate,baseline,40000,78,74,74,0.08532308603648711
prostate,baseline,40000,78,73,73,0.281148380087318
prostate,baseline,40000,78,69,69,0.3036923248054921
prostate,baseline,40000,78,38,38,0.2907144862255516
prostate,baseline,40000,78,34,34,0.3102437295941242
prostate,baseline,40000,78,77,77,0.10202749160861566
prostate,baseline,40000,78,76,76,0.04749435520811211
prostate,baseline,40000,78,74,74,0.014456990806988918
prostate,baseline,40000,78,72,72,0.09595926940917855
prostate,baseline,40000,78,64,64,0.09608177710645283
prostate,baseline,40000,78,77,77,0.10996810551572973
prostate,baseline,40000,78,73,73,0.09618375947314696
prostate,baseline,40000,78,70,70,0.06291821220177547
prostate,baseline,40000,78,64,64,0.06309633820640262
prostate,baseline,40000,78,77,77,0.167540391499405
prostate,baseline,40000,78,73,73,0.11089315060736288
prostate,baseline,40000,78,77,77,0.24290118641813643
prostate,baseline,40000,78,76,76,0.23113657467797588
prostate,baseline,40000,78,76,76,0.23978734680903233
prostate,baseline,40000,78,77,77,0.002135425909626615
prostate,baseline,40000,78,77,77,0.04166145527275933
prostate,baseline,40000,78,77,77,0.019113504366398026
prostate,baseline,40000,78,73,73,0.0078061556055401765
prostate,baseline,40000,78,68,68,0.008104930079670152
prostate,baseline,40000,78,77,77,0.04942479308615463
prostate,baseline,40000,78,76,76,0.10579636866933624
prostate,baseline,40000,78,74,74,0.02240749496103866
prostate,baseline,40000,78,73,73,0.10994090536593652
prostate,baseline,40000,78,70,70,0.07302207507077846
prostate,baseline,40000,78,77,77,0.17472843127672735
prostate,baseline,40000,78,72,72,0.16007445440682
prostate,baseline,40000,78,76,76,0.11515347962068315
prostate,baseline,40000,78,74,74,0.13074479300862552
prostate,baseline,40000,78,74,74,0.12349547081545782
prostate,baseline,40000,78,74,74,0.12158504894881283
prostate,baseline,40000,78,72,72,0.05193053578846041
prostate,baseline,40000,78,65,65,0.12457361350076604
prostate,baseline,40000,78,61,61,0.1014123183060328
prostate,baseline,40000,78,20,20,0.17433638544942637
prostate,baseline,40000,78,16,16,0.2649612770967249
prostate,baseline,40000,78,75,75,0.08611160358752148
prostate,baseline,40000,78,73,73,0.1284185464727367
prostate,baseline,40000,78,55,55,0.12692204488981884
prostate,baseline,40000,78,77,77,0.16545218454903757
prostate,baseline,40000,78,77,77,0.0045766388363405915
prostate,baseline,40000,78,75,75,0.11616728001425587
prostate,baseline,40000,78,74,74,0.13817785502130528
prostate,baseline,40000,78,74,74,0.10435703516885204
prostate,baseline,40000,78,74,74,0.1262656167623372
prostate,baseline,40000,78,77,77,0.12386887553178334
prostate,baseline,40000,78,70,70,0.08597415303353367
prostate,baseline,40000,78,69,69,0.08644756907828441
prostate,baseline,40000,78,77,77,0.005176637141589544
prostate,baseline,40000,78,77,77,0.00807037593107097
prostate,baseline,40000,78,77,77,0.05997894598820836
prostate,baseline,40000,78,72,72,0.10453213572024578
prostate,baseline,40000,78,77,77,0.009113404501205222
prostate,baseline,40000,78,77,77,0.004523528506549386
prostate,baseline,40000,78,75,75,0.009166631716082063
prostate,baseline,40000,78,75,75,0.03949094667109788
prostate,baseline,40000,78,74,74,0.06907345862603637
prostate,baseline,40000,78,72,72,0.10683014522667306
prostate,baseline,40000,78,77,77,0.15259780788636518
prostate,baseline,40000,78,76,76,0.02507348283152357
prostate,baseline,40000,78,73,73,0.11111134476219685
prostate,baseline,40000,78,77,77,0.16806854982615152
prostate,baseline,40000,78,77,77,0.05725171000914271
prostate,baseline,40000,78,77,77,0.027521403849874577
prostate,baseline,40000,78,76,76,0.013780125522141543
prostate,baseline,40000,78,75,75,0.14140403121740666
prostate,baseline,40000,78,75,75,0.02714180365301494
prostate,baseline,40000,78,75,75,0.019289922722142687
prostate,baseline,40000,78,71,71,0.04686491174390782
prostate,baseline,40000,78,77,77,0.02476991061066699
prostate,baseline,40000,78,77,77,0.12424226649141748
prostate,baseline,40000,78,77,77,0.1871647704132708
prostate,baseline,40000,78,77,77,0.2814963441959967
prostate,baseline,40000,78,77,77,0.007492371661045722
prostate,baseline,40000,78,77,77,0.22352734164812266
prostate,baseline,40000,78,77,77,0.1954705064281282
prostate,baseline,40000,78,69,69,0.25937973067142317
prostate,baseline,40000,78,67,67,0.03705391295465354
prostate,baseline,40000,78,72,72,0.13120864217038317
prostate,baseline,40000,78,69,69,0.02779199671943156
prostate,baseline,40000,78,68,68,0.1442148626334758
prostate,baseline,40000,78,68,68,0.13270597026867514
prostate,baseline,40000,78,53,53,0.13905135356126858
prostate,baseline,40000,78,75,75,0.15882810435918562
prostate,baseline,40000,78,77,77,0.0063080141130894335
prostate,baseline,40000,78,75,75,0.01614595915188903
prostate,baseline,40000,78,75,75,0.05083814368095056
prostate,baseline,40000,78,74,74,0.01898144676325914
prostate,baseline,40000,78,74,74,0.020871104447119114
prostate,baseline,40000,78,73,73,0.08072868579569603
prostate,baseline,40000,78,73,73,0.015232462156699893
prostate,baseline,40000,78,73,73,0.0194192245218076
prostate,baseline,40000,78,60,60,0.034701622245413996
prostate,baseline,40000,78,77,77,0.05828770713226913
prostate,baseline,40000,78,77,77,0.08922866801459077
prostate,baseline,40000,78,76,76,0.18631655704213096
prostate,baseline,40000,78,73,73,0.10572817989748233
prostate,baseline,40000,78,77,77,0.04083598326514222
prostate,baseline,40000,78,77,77,0.11201315948649858
prostate,baseline,40000,78,74,74,0.06426279028135932
prostate,baseline,40000,78,72,72,0.034434612016254765
prostate,baseline,40000,78,76,76,0.31842321461598894
prostate,baseline,40000,78,76,76,0.2762557275996087
prostate,baseline,40000,78,71,71,0.27896794805322084
prostate,baseline,40000,78,75,75,0.23565425006146298
prostate,baseline,40000,78,74,74,0.2950699434539454
prostate,baseline,40000,78,51,51,0.2609103835188231
prostate,baseline,40000,78,76,76,0.25654204941947506
prostate,baseline,40000,78,72,72,0.1721765142783826
prostate,baseline,40000,78,77,77,0.037922274983395614
prostate,baseline,40000,78,77,77,0.15936811686209593
prostate,baseline,40000,78,74,74,0.08181867282914515
prostate,baseline,40000,78,72,72,0.011878584205396173
prostate,baseline,40000,78,61,61,0.04505743526405592
prostate,baseline,40000,78,77,77,0.21637776645908322
prostate,baseline,40000,78,75,75,0.18535826659028126
prostate,baseline,40000,78,77,77,0.1988953826438867
prostate,baseline,40000,78,70,70,0.13163195839459155
prostate,baseline,40000,78,77,77,0.10955518285838493
prostate,baseline,40000,78,77,77,0.01440002631932568
prostate,baseline,40000,78,76,76,0.0302667438216944
prostate,baseline,40000,78,73,73,0.07860139759106065
prostate,baseline,40000,78,65,65,0.024994049814630527
prostate,baseline,40000,78,63,63,0.05943853304041701
prostate,baseline,40000,78,77,77,0.18713685974166738
prostate,baseline,40000,78,73,73,0.11186662405678786
prostate,baseline,40000,78,76,76,0.12008980743073586
prostate,baseline,40000,78,75,75,0.012259272596260978
prostate,baseline,40000,78,75,75,0.08851701724937003
prostate,baseline,40000,78,77,77,0.02606687005994057
prostate,baseline,40000,78,75,75,0.007476200541761956
prostate,baseline,40000,78,75,75,0.11889992670905637
prostate,baseline,40000,78,74,74,0.09384744733853645
prostate,baseline,40000,78,74,74,0.10880012741145152
prostate,baseline,40000,78,72,72,0.11746947605228272
prostate,baseline,40000,78,71,71,0.09852489101729632
prostate,baseline,40000,78,69,69,0.08568157374489731
prostate,baseline,40000,78,63,63,0.08681800098661092
prostate,baseline,40000,78,60,60,0.13078745380580875
prostate,baseline,40000,78,56,56,0.1382000115239419
prostate,baseline,40000,78,77,77,0.04145265027346502
prostate,baseline,40000,78,77,77,0.018992320273002114
prostate,baseline,40000,78,77,77,0.0028016198769021516
prostate,baseline,40000,78,73,73,0.014587677088929761
prostate,baseline,40000,78,68,68,0.19798846510977153
prostate,baseline,40000,78,67,67,0.21623314304280294
prostate,baseline,40000,78,62,62,0.22608145788581654
prostate,baseline,40000,78,74,74,0.12413959809608167
prostate,baseline,40000,78,71,71,0.1296234083375534
prostate,baseline,40000,78,69,69,0.13115145107578605
prostate,baseline,40000,78,67,67,0.14160855971550906
prostate,baseline,40000,78,65,65,0.0895679260337764
prostate,baseline,40000,78,63,63,0.135274629720352
prostate,baseline,40000,78,63,63,0.1595818166280872
prostate,baseline,40000,78,60,60,0.1485452874457484
prostate,baseline,40000,78,60,60,0.11800595734514756
prostate,baseline,40000,78,39,39,0.19185771337852714
prostate,baseline,40000,78,65,65,0.03351843773045686
prostate,baseline,40000,78,65,65,0.17739490344170236
prostate,baseline,40000,78,61,61,0.11470729787078367
prostate,baseline,40000,78,76,76,0.054150295131183836
prostate,baseline,40000,78,77,77,0.25849883225396963
prostate,baseline,40000,78,77,77,0.11262542603665912
prostate,baseline,40000,78,76,76,0.214081404007807
prostate,baseline,40000,78,73,73,0.22029629795095482
prostate,baseline,40000,78,77,77,0.009432894748994702
prostate,baseline,40000,78,75,75,0.041951804160201764
prostate,baseline,40000,78,73,73,0.008655238349211914
prostate,baseline,40000,78,72,72,0.08206154929438912
prostate,baseline,40000,78,66,66,0.013183264048213796
prostate,baseline,40000,78,56,56,0.05116553260173641
prostate,baseline,40000,78,77,77,0.003214298462279773
prostate,baseline,40000,78,77,77,0.3021913006648606
prostate,baseline,40000,78,77,77,0.14245622063574404
prostate,baseline,40000,78,77,77,0.14496377918321807
prostate,baseline,40000,78,77,77,0.19272308647574488
prostate,baseline,40000,78,77,77,0.245136676257145
prostate,baseline,40000,78,75,75,0.23255988764534835
prostate,baseline,40000,78,72,72,0.18240018373631817
prostate,baseline,40000,78,68,68,0.18836747657948347
prostate,baseline,40000,78,60,60,0.14455546270555605
prostate,baseline,40000,78,53,53,0.1524929231080314
prostate,baseline,40000,78,72,72,0.1454611019089166
prostate,baseline,40000,78,49,49,0.14489182814450544
prostate,baseline,40000,78,77,77,0.015210138931545452
prostate,baseline,40000,78,77,77,0.1740276346368369
prostate,baseline,40000,78,76,76,0.07777743462718752
prostate,baseline,40000,78,74,74,0.05247229233275963
prostate,baseline,40000,78,73,73,0.12782495015734197
prostate,baseline,40000,78,61,61,0.08829907986202239
prostate,baseline,40000,78,60,60,0.2354430684984161
prostate,baseline,40000,78,40,40,0.24686312763118198
prostate,baseline,40000,78,34,34,0.22293871169246937
prostate,baseline,40000,78,77,77,0.1643531613387115
prostate,baseline,40000,78,77,77,0.14347508770503126
prostate,baseline,40000,78,75,75,0.14565012112299466
prostate,baseline,40000,78,69,69,0.173054435926362
prostate,baseline,40000,78,68,68,0.09144377822257195
prostate,baseline,40000,78,68,68,0.13845244572639132
prostate,baseline,40000,78,68,68,0.2010037294075857
prostate,baseline,40000,78,68,68,0.17935955551430519
prostate,baseline,40000,78,64,64,0.181439099896565
prostate,baseline,40000,78,63,63,0.20308281993497662
prostate,baseline,40000,78,53,53,0.18785173705951452
prostate,baseline,40000,78,77,77,0.05787257562466824
prostate,baseline,40000,78,77,77,0.10485286755919647
prostate,baseline,40000,78,74,74,0.016170070022954973
prostate,baseline,40000,78,72,72,0.09857581139318329
prostate,baseline,40000,78,72,72,0.014663298484913014
prostate,baseline,40000,78,76,76,0.2336934118243577
prostate,baseline,40000,78,73,73,0.21870406837435913
prostate,baseline,40000,78,73,73,0.16525006093353317
prostate,baseline,40000,78,77,77,0.17228237303659058
prostate,baseline,40000,78,77,77,0.02067736693294318
prostate,baseline,40000,78,77,77,0.12562629456824717
prostate,baseline,40000,78,77,77,0.12134419809162275
prostate,baseline,40000,78,77,77,0.00954721116295382
prostate,baseline,40000,78,77,77,0.1798822116501987
prostate,baseline,40000,78,74,74,0.057088637853809285
prostate,baseline,40000,78,72,72,0.15565568324689005
prostate,baseline,40000,78,71,71,0.19171238095778956
prostate,baseline,40000,78,69,69,0.21472701989596238
prostate,baseline,40000,78,69,69,0.14185683066744428
prostate,baseline,40000,78,67,67,0.20260587550854564
prostate,baseline,40000,78,66,66,0.20142896071965094
prostate,baseline,40000,78,65,65,0.20888150586776197
prostate,baseline,40000,78,63,63,0.1990282855548153
prostate,baseline,40000,78,63,63,0.20307422653872761
prostate,baseline,40000,78,62,62,0.204262492811526
prostate,baseline,40000,78,60,60,0.21208734929495845
prostate,baseline,40000,78,55,55,0.2175563163803503
prostate,baseline,40000,78,39,39,0.24951324683616646
prostate,baseline,40000,78,77,77,0.1926756664531694
prostate,baseline,40000,78,26,26,0.14229413599618693
prostate,baseline,40000,78,77,77,0.15453852746993743
prostate,baseline,40000,78,74,74,0.08340134924697515
prostate,baseline,40000,78,77,77,0.18494105368784872
prostate,baseline,40000,78,77,77,0.18661894480196306
prostate,baseline,40000,78,74,74,0.1176632188638147
prostate,baseline,40000,78,74,74,0.10731267499778432
prostate,baseline,40000,78,70,70,0.021834202494350082
prostate,baseline,40000,78,75,75,0.0008169737574375651
prostate,baseline,40000,78,75,75,0.15282245394823424
prostate,baseline,40000,78,75,75,0.13286168017267588
prostate,baseline,40000,78,63,63,0.13549537343079865
prostate,baseline,40000,78,60,60,0.1405907798004941
prostate,baseline,40000,78,77,77,0.02405736465107829
prostate,baseline,40000,78,77,77,0.12516222268830485
prostate,baseline,40000,78,77,77,0.011144797359816695
prostate,baseline,40000,78,75,75,0.026713361647259574
prostate,baseline,40000,78,74,74,0.09359945764823774
prostate,baseline,40000,78,77,77,0.11448926463957658
prostate,baseline,40000,78,74,74,0.0883654699336876
prostate,baseline,40000,78,71,71,0.09002932531327618
prostate,baseline,40000,78,69,69,0.11093160915020177
prostate,baseline,40000,78,55,55,0.07488605416583503
prostate,baseline,40000,78,51,51,0.07493468726455495
prostate,baseline,40000,78,48,48,0.0975244961619142
prostate,baseline,40000,78,42,42,0.04185665368672747
prostate,baseline,40000,78,38,38,0.03519945784939028
prostate,baseline,40000,78,38,38,0.07414884239479475
prostate,baseline,40000,78,35,35,0.11564173471837792
prostate,baseline,40000,78,32,32,0.1309547148536455
prostate,baseline,40000,78,26,26,0.13690907983094192
prostate,baseline,40000,78,72,72,0.06507497223444757
prostate,baseline,40000,78,71,71,0.08562352334422037
prostate,baseline,40000,78,69,69,0.1259126322685152
prostate,baseline,40000,78,68,68,0.13374149081814074
prostate,baseline,40000,78,67,67,0.029043094809390668
prostate,baseline,40000,78,64,64,0.06464836752615793
prostate,baseline,40000,78,63,63,0.09999242943990912
prostate,baseline,40000,78,53,53,0.08491134022085906
prostate,baseline,40000,78,73,73,0.12277006808765381
prostate,baseline,40000,78,72,72,0.11483260847598463
prostate,baseline,40000,78,72,72,0.10768274916603045
prostate,baseline,40000,78,68,68,0.12168547700070655
prostate,baseline,40000,78,67,67,0.04052825498253973
prostate,baseline,40000,78,63,63,0.09597648840159603
prostate,baseline,40000,78,60,60,0.09388145191452005
prostate,baseline,40000,78,53,53,0.08694502985201506
prostate,baseline,40000,78,77,77,0.2061298531182813
prostate,baseline,40000,78,77,77,0.0694650413596209
prostate,baseline,40000,78,75,75,0.11672329227821171
prostate,baseline,40000,78,77,77,0.1301431211682375
prostate,baseline,40000,78,77,77,0.056600584088876624
prostate,baseline,40000,78,77,77,0.10518087286278338
prostate,baseline,40000,78,77,77,0.004985937903251111
prostate,baseline,40000,78,77,77,0.0027799640905990016
prostate,baseline,40000,78,77,77,0.0079227979970324
prostate,baseline,40000,78,77,77,0.022911608931787862
prostate,baseline,40000,78,77,77,0.008477872977173334
prostate,baseline,40000,78,77,77,0.038009284343230115
prostate,baseline,40000,78,76,76,0.009574978029680702
prostate,baseline,40000,78,75,75,0.015200712113348095
prostate,baseline,40000,78,75,75,0.08942842780292454
prostate,baseline,40000,78,75,75,0.039489595345203084
prostate,baseline,40000,78,77,77,0.19719630511828626
prostate,baseline,40000,78,77,77,0.23663407051071736
prostate,baseline,40000,78,77,77,0.142193871920079
prostate,baseline,40000,78,76,76,0.020151676046529888
prostate,baseline,40000,78,69,69,0.03430476937464852
prostate,baseline,40000,78,77,77,0.21807838197784732
prostate,baseline,40000,78,77,77,0.17468231666434342
prostate,baseline,40000,78,76,76,0.013986682639410544
prostate,baseline,40000,78,72,72,0.12103824160604454
prostate,baseline,40000,78,77,77,0.020044105473460947
prostate,baseline,40000,78,74,74,0.0774714777213675
prostate,baseline,40000,78,67,67,0.12962378907861596
prostate,baseline,40000,78,75,75,0.2628470409013635
prostate,baseline,40000,78,32,32,0.18794428500761295
prostate,baseline,40000,78,31,31,0.19166561918944927
prostate,baseline,40000,78,26,26,0.17580900751667505
prostate,baseline,40000,78,77,77,0.008514817011208455
prostate,baseline,40000,78,77,77,0.09697957487129232
prostate,baseline,40000,78,77,77,0.016626172678181353
prostate,baseline,40000,78,76,76,0.06647665554788652
prostate,baseline,40000,78,75,75,0.01216776265706131
prostate,baseline,40000,78,74,74,0.017249639742143864
prostate,baseline,40000,78,73,73,0.06821114176327392
prostate,baseline,40000,78,72,72,0.09494451855929285
prostate,baseline,40000,78,71,71,0.026907007523589287
prostate,baseline,40000,78,63,63,0.26360027167653477
prostate,baseline,40000,79,76,76,0.2892294896887609
prostate,baseline,40000,79,74,74,0.2813035656930511
prostate,baseline,40000,79,74,74,0.2634038659230315
prostate,baseline,40000,79,78,78,0.03166564174611806
prostate,baseline,40000,79,74,74,0.1163305573517246
prostate,baseline,40000,79,56,56,0.10641070176789105
prostate,baseline,40000,79,40,40,0.11025614768719968
prostate,baseline,40000,79,38,38,0.11018724016964128
prostate,baseline,40000,79,78,78,0.05344972705247351
prostate,baseline,40000,79,78,78,0.03696631523191366
prostate,baseline,40000,79,76,76,0.056508105436551034
prostate,baseline,40000,79,68,68,0.13933185992249136
prostate,baseline,40000,79,68,68,0.15008476464666737
prostate,baseline,40000,79,68,68,0.09683916513429199
prostate,baseline,40000,79,67,67,0.1532226527833477
prostate,baseline,40000,79,65,65,0.13566372218476247
prostate,baseline,40000,79,63,63,0.1384986704837161
prostate,baseline,40000,79,57,57,0.11106402427007553
prostate,baseline,40000,79,57,57,0.12631175317712004
prostate,baseline,40000,79,57,57,0.12661028514523162
prostate,baseline,40000,79,53,53,0.13148257528091387
prostate,baseline,40000,79,78,78,0.05777164894255556
prostate,baseline,40000,79,78,78,0.001715433213228401
prostate,baseline,40000,79,76,76,0.08664357605527334
prostate,baseline,40000,79,78,78,0.029908008461388993
prostate,baseline,40000,79,78,78,0.11189219838849056
prostate,baseline,40000,79,78,78,0.041294484920504027
prostate,baseline,40000,79,78,78,0.011428931542102951
prostate,baseline,40000,79,77,77,0.04958463109449141
prostate,baseline,40000,79,72,72,0.08342659833745353
prostate,baseline,40000,79,70,70,0.08734481299470837
prostate,baseline,40000,79,69,69,0.04440523152881411
prostate,baseline,40000,79,67,67,0.07222573242673938
prostate,baseline,40000,79,78,78,0.182136619423924
prostate,baseline,40000,79,77,77,0.07424131491152433
prostate,baseline,40000,79,77,77,0.08932825290542284
prostate,baseline,40000,79,77,77,0.0075029297766375895
prostate,baseline,40000,79,73,73,0.04814935746921905
prostate,baseline,40000,79,73,73,0.12991415035286152
prostate,baseline,40000,79,78,78,0.2708666757220367
prostate,baseline,40000,79,78,78,0.24601477971674912
prostate,baseline,40000,79,74,74,0.20504460806552158
prostate,baseline,40000,79,78,78,0.19169646661200807
prostate,baseline,40000,79,78,78,0.1481974441556489
prostate,baseline,40000,79,72,72,0.16106261787916804
prostate,baseline,40000,79,73,73,0.34045226396980327
prostate,baseline,40000,79,69,69,0.3216791805516647
prostate,baseline,40000,79,69,69,0.32360140372411395
prostate,baseline,40000,79,69,69,0.31965947925677063
prostate,baseline,40000,79,69,69,0.32299181603702154
prostate,baseline,40000,79,68,68,0.31185421338215447
prostate,baseline,40000,79,67,67,0.3606518556344099
prostate,baseline,40000,79,56,56,0.3624030977429515
prostate,baseline,40000,79,53,53,0.3520383879916841
prostate,baseline,40000,79,52,52,0.3763624034571451
prostate,baseline,40000,79,50,50,0.34741577327457485
prostate,baseline,40000,79,46,46,0.3548016353229041
prostate,baseline,40000,79,77,77,0.13211130647044958
prostate,baseline,40000,79,75,75,0.1049429955538291
prostate,baseline,40000,79,75,75,0.12540415809853922
prostate,baseline,40000,79,75,75,0.10983352524238185
prostate,baseline,40000,79,74,74,0.11908590756052058
prostate,baseline,40000,79,64,64,0.043796014861023184
prostate,baseline,40000,79,63,63,0.10859995323863668
prostate,baseline,40000,79,78,78,0.05788214830443444
prostate,baseline,40000,79,78,78,0.019273014272683856
prostate,baseline,40000,79,78,78,0.015002797620013206
prostate,baseline,40000,79,78,78,0.11410751086725437
prostate,baseline,40000,79,77,77,0.015294862299930734
prostate,baseline,40000,79,73,73,0.09968783111848242
prostate,baseline,40000,79,78,78,0.17376046136070813
prostate,baseline,40000,79,77,77,0.05387229449561695
prostate,baseline,40000,79,73,73,0.16642880341338093
prostate,baseline,40000,79,78,78,0.0279592349474977
prostate,baseline,40000,79,78,78,0.002538797492792606
prostate,baseline,40000,79,78,78,0.003770751602384246
prostate,baseline,40000,79,78,78,0.0031596534352293904
prostate,baseline,40000,79,78,78,0.0036806881312495634
prostate,baseline,40000,79,78,78,0.05459836694161689
prostate,baseline,40000,79,78,78,0.004339663617479221
prostate,baseline,40000,79,78,78,0.02682913752531844
prostate,baseline,40000,79,78,78,0.0030957105307340676
prostate,baseline,40000,79,78,78,0.01040160926645365
prostate,baseline,40000,79,77,77,0.008040784863926339
prostate,baseline,40000,79,77,77,0.029271031791883846
prostate,baseline,40000,79,76,76,0.009926144747550726
prostate,baseline,40000,79,76,76,0.027320650791991002
prostate,baseline,40000,79,76,76,0.031102657421557465
prostate,baseline,40000,79,71,71,0.04273423943327373
prostate,baseline,40000,79,78,78,0.06264363405318993
prostate,baseline,40000,79,78,78,0.01868588185200346
prostate,baseline,40000,79,78,78,0.012221941968516732
prostate,baseline,40000,79,78,78,0.17564858534482558
prostate,baseline,40000,79,73,73,0.1626554526421297
prostate,baseline,40000,79,78,78,0.1754634100953842
prostate,baseline,40000,79,76,76,0.3322557748052337
prostate,baseline,40000,79,78,78,0.17493098122298623
prostate,baseline,40000,79,78,78,0.03649326423573675
prostate,baseline,40000,79,74,74,0.11920904497532105
prostate,baseline,40000,79,78,78,0.17079940619785375
prostate,baseline,40000,79,76,76,0.09610769736058512
prostate,baseline,40000,79,76,76,0.038402858202529255
prostate,baseline,40000,79,75,75,0.1075105448406507
prostate,baseline,40000,79,64,64,0.24502458788341497
prostate,baseline,40000,79,60,60,0.2236429187926466
prostate,baseline,40000,79,57,57,0.1965405468555026
prostate,baseline,40000,79,57,57,0.25120964536003104
prostate,baseline,40000,79,55,55,0.2617583045685447
prostate,baseline,40000,79,48,48,0.25221975594708357
prostate,baseline,40000,79,40,40,0.251549785402547
prostate,baseline,40000,79,38,38,0.26196795619902863
prostate,baseline,40000,79,78,78,0.036181855459360646
prostate,baseline,40000,79,73,73,0.10781939894470068
prostate,baseline,40000,79,78,78,0.20649497556345742
prostate,baseline,40000,79,73,73,0.1531082429710437
prostate,baseline,40000,79,26,26,0.21398190947049714
prostate,baseline,40000,79,78,78,0.12578449386611765
prostate,baseline,40000,79,78,78,0.19550039184046047
prostate,baseline,40000,79,76,76,0.1418860555101332
prostate,baseline,40000,79,76,76,0.1166565544623053
prostate,baseline,40000,79,69,69,0.13413400676062445
prostate,baseline,40000,79,69,69,0.13425977150831792
prostate,baseline,40000,79,78,78,0.11040630609367551
prostate,baseline,40000,79,78,78,0.02572619281771182
prostate,baseline,40000,79,77,77,0.042282540640316786
prostate,baseline,40000,79,74,74,0.08084084252599619
prostate,baseline,40000,79,78,78,0.0322274220447522
prostate,baseline,40000,79,78,78,0.017822319018423106
prostate,baseline,40000,79,75,75,0.12393642457892326
prostate,baseline,40000,79,75,75,0.057174332556794244
prostate,baseline,40000,79,74,74,0.11421384222358189
prostate,baseline,40000,79,67,67,0.0973215483727675
prostate,baseline,40000,79,76,76,0.20531034065105222
prostate,baseline,40000,79,74,74,0.21348577503527907
prostate,baseline,40000,79,68,68,0.16669458328848358
prostate,baseline,40000,79,64,64,0.1905817591855706
prostate,baseline,40000,79,78,78,0.12462646584951227
prostate,baseline,40000,79,78,78,0.055002356103383575
prostate,baseline,40000,79,76,76,0.038144761986768416
prostate,baseline,40000,79,78,78,0.10852055560608644
prostate,baseline,40000,79,78,78,0.07667954596974637
prostate,baseline,40000,79,32,32,0.11999489038501243
prostate,baseline,40000,79,26,26,0.13730127204516063
prostate,baseline,40000,79,78,78,0.009063213486173527
prostate,baseline,40000,79,78,78,0.1333712286646984
prostate,baseline,40000,79,78,78,0.13648172562529137
prostate,baseline,40000,79,76,76,0.011540475336250982
prostate,baseline,40000,79,76,76,0.03418267357161251
prostate,baseline,40000,79,75,75,0.08210612811559694
prostate,baseline,40000,79,78,78,0.16835342843023282
prostate,baseline,40000,79,77,77,0.01681732606635937
prostate,baseline,40000,79,73,73,0.1591952148679584
prostate,baseline,40000,79,78,78,0.054847965136564876
prostate,baseline,40000,79,78,78,0.015072836513814419
prostate,baseline,40000,79,78,78,0.08374498214177037
prostate,baseline,40000,79,78,78,0.17630329818919194
prostate,baseline,40000,79,78,78,0.04295181915478261
prostate,baseline,40000,79,78,78,0.044326123154540174
prostate,baseline,40000,79,78,78,0.04428144155220701
prostate,baseline,40000,79,78,78,0.05576964295448096
prostate,baseline,40000,79,78,78,0.043047173013293215
prostate,baseline,40000,79,76,76,0.041006439556316346
prostate,baseline,40000,79,76,76,0.06850126738020405
prostate,baseline,40000,79,76,76,0.043478006379329845
prostate,baseline,40000,79,72,72,0.06315767740723
prostate,baseline,40000,79,78,78,0.1103881511798441
prostate,baseline,40000,79,77,77,0.01780409449147527
prostate,baseline,40000,79,72,72,0.09974484351102743
prostate,baseline,40000,79,70,70,0.10855746111351627
prostate,baseline,40000,79,69,69,0.022303815077025644
prostate,baseline,40000,79,78,78,0.1971678754824644
prostate,baseline,40000,79,78,78,0.13282818249152056
prostate,baseline,40000,79,78,78,0.20549456498141686
prostate,baseline,40000,79,78,78,0.13061749669498962
prostate,baseline,40000,79,78,78,0.2555545477463072
prostate,baseline,40000,79,78,78,0.14508819386796293
prostate,baseline,40000,79,77,77,0.04013547773904065
prostate,baseline,40000,79,74,74,0.1690785702449562
prostate,baseline,40000,79,78,78,0.15945916623044765
prostate,baseline,40000,79,78,78,0.06139583618672729
prostate,baseline,40000,79,78,78,0.10383228328579523
prostate,baseline,40000,79,77,77,0.07735192221425682
prostate,baseline,40000,79,72,72,0.12323544005465276
prostate,baseline,40000,79,78,78,0.09245273801465882
prostate,baseline,40000,79,78,78,0.004225741847103951
prostate,baseline,40000,79,76,76,0.14511455835736167
prostate,baseline,40000,79,64,64,0.1928655240071905
prostate,baseline,40000,79,78,78,0.18198047746296261
prostate,baseline,40000,79,78,78,0.05520556886958035
prostate,baseline,40000,79,74,74,0.12922861580735773
prostate,baseline,40000,79,73,73,0.052227217890374225
prostate,baseline,40000,79,78,78,0.16930403801298224
prostate,baseline,40000,79,77,77,0.05456527027180792
prostate,baseline,40000,79,74,74,0.11655571517202382
prostate,baseline,40000,79,71,71,0.06931786757270084
prostate,baseline,40000,79,77,77,0.16646963784649849
prostate,baseline,40000,79,77,77,0.1903886814797095
prostate,baseline,40000,79,77,77,0.1572520063675699
prostate,baseline,40000,79,73,73,0.17290765631096272
prostate,baseline,40000,79,73,73,0.13459771874178333
prostate,baseline,40000,79,70,70,0.20738577709156017
prostate,baseline,40000,79,77,77,0.2813872444329557
prostate,baseline,40000,79,76,76,0.3024473734291192
prostate,baseline,40000,79,69,69,0.2449334474543389
prostate,baseline,40000,79,78,78,0.21433536338898299
prostate,baseline,40000,79,76,76,0.22850981732899878
prostate,baseline,40000,79,76,76,0.1806523685903166
prostate,baseline,40000,79,74,74,0.2821231693614916
prostate,baseline,40000,79,74,74,0.19158211830194685
prostate,baseline,40000,79,74,74,0.21816298351021923
prostate,baseline,40000,79,66,66,0.21666497140931448
prostate,baseline,40000,79,65,65,0.24727811631082397
prostate,baseline,40000,79,38,38,0.23487516454305227
prostate,baseline,40000,79,32,32,0.23387874135208778
prostate,baseline,40000,79,78,78,0.1154135573929453
prostate,baseline,40000,79,78,78,0.05941943708905904
prostate,baseline,40000,79,78,78,0.017667230963707096
prostate,baseline,40000,79,78,78,0.01343271319342068
prostate,baseline,40000,79,78,78,0.047840553175369206
prostate,baseline,40000,79,78,78,0.007270227038672607
prostate,baseline,40000,79,76,76,0.0676704562849684
prostate,baseline,40000,79,76,76,0.021308993071244897
prostate,baseline,40000,79,78,78,0.2983108280972087
prostate,baseline,40000,79,73,73,0.19465475350285025
prostate,baseline,40000,79,73,73,0.22619337933458467
prostate,baseline,40000,79,78,78,0.08384020393614433
prostate,baseline,40000,79,78,78,0.19187598434715566
prostate,baseline,40000,79,78,78,0.11971929065284322
prostate,baseline,40000,79,78,78,0.17532291139661593
prostate,baseline,40000,79,78,78,0.044275176173612985
prostate,baseline,40000,79,78,78,0.017048790942425524
prostate,baseline,40000,79,78,78,0.06348578570274503
prostate,baseline,40000,79,76,76,0.04017047273660681
prostate,baseline,40000,79,78,78,0.03711084499644075
prostate,baseline,40000,79,73,73,0.0921646329028586
prostate,baseline,40000,79,78,78,0.05149002981953026
prostate,baseline,40000,79,75,75,0.07285807926144271
prostate,baseline,40000,79,75,75,0.03393896673975203
prostate,baseline,40000,79,67,67,0.08489546826168654
prostate,baseline,40000,79,76,76,0.006229235701337502
prostate,baseline,40000,79,74,74,0.11498986024147173
prostate,baseline,40000,79,72,72,0.09996942939275727
prostate,baseline,40000,79,72,72,0.08258141071160074
prostate,baseline,40000,79,72,72,0.08961324512307973
prostate,baseline,40000,79,78,78,0.18257942655194737
prostate,baseline,40000,79,78,78,0.1109103669904045
prostate,baseline,40000,79,75,75,0.06006421912451842
prostate,baseline,40000,79,74,74,0.08528793358528969
prostate,baseline,40000,79,70,70,0.06083324459077228
prostate,baseline,40000,79,67,67,0.0305343848756779
prostate,baseline,40000,79,78,78,0.2303353767250495
prostate,baseline,40000,79,78,78,0.26608238456835237
prostate,baseline,40000,79,78,78,0.2119192293909266
prostate,baseline,40000,79,78,78,0.16097912592728222
prostate,baseline,40000,79,73,73,0.16314108792731352
prostate,baseline,40000,79,68,68,0.020335111275252633
prostate,baseline,40000,79,78,78,0.3015346419203412
prostate,baseline,40000,79,73,73,0.2344463675868388
prostate,baseline,40000,79,78,78,0.09813036175013476
prostate,baseline,40000,79,78,78,0.17873452977488527
prostate,baseline,40000,79,76,76,0.13725308860649835
prostate,baseline,40000,79,78,78,0.17481884789229207
prostate,baseline,40000,79,78,78,0.08194579293085866
prostate,baseline,40000,79,78,78,0.07821056455593328
prostate,baseline,40000,79,78,78,0.14533766599890008
prostate,baseline,40000,79,77,77,0.07436844400306598
prostate,baseline,40000,79,74,74,0.11456500773309748
prostate,baseline,40000,79,77,77,0.1258863643688409
prostate,baseline,40000,79,76,76,0.1299077495594869
prostate,baseline,40000,79,76,76,0.01649228978059417
prostate,baseline,40000,79,75,75,0.09691206954509532
prostate,baseline,40000,79,64,64,0.13435418975879787
prostate,baseline,40000,79,57,57,0.11786862495848031
prostate,baseline,40000,79,78,78,0.09132182412120676
prostate,baseline,40000,79,77,77,0.11260604271393194
prostate,baseline,40000,79,77,77,0.17376051577246276
prostate,baseline,40000,79,75,75,0.11926582427959379
prostate,baseline,40000,79,75,75,0.08626637672306894
prostate,baseline,40000,79,73,73,0.09416478135221569
prostate,baseline,40000,79,72,72,0.017708157540264464
prostate,baseline,40000,79,78,78,0.11262056541736741
prostate,baseline,40000,79,75,75,0.058850673344186644
prostate,baseline,40000,79,70,70,0.0692818812677611
prostate,baseline,40000,79,67,67,0.030378536535010773
prostate,baseline,40000,79,67,67,0.08928874132617008
prostate,baseline,40000,79,64,64,0.06135018143987396
prostate,baseline,40000,79,63,63,0.09696757702492823
prostate,baseline,40000,79,78,78,0.06089092130527275
prostate,baseline,40000,79,78,78,0.13915978735707127
prostate,baseline,40000,79,73,73,0.1598387389517284
prostate,baseline,40000,79,78,78,0.17420163343067585
prostate,baseline,40000,79,78,78,0.04257425761116389
prostate,baseline,40000,79,78,78,0.06445839413745386
prostate,baseline,40000,79,78,78,0.04367850932773702
prostate,baseline,40000,79,75,75,0.059163572635554725
prostate,baseline,40000,79,72,72,0.10781528401457385
prostate,baseline,40000,79,78,78,0.19378901105316823
prostate,baseline,40000,79,73,73,0.1310048855054129
prostate,baseline,40000,79,78,78,0.3631069172032731
prostate,baseline,40000,79,78,78,0.2969893103572427
prostate,baseline,40000,79,76,76,0.23816138060211123
prostate,baseline,40000,79,77,77,0.26001489120594934
prostate,baseline,40000,79,77,77,0.22795924444007287
prostate,baseline,40000,79,76,76,0.2629530944853402
prostate,baseline,40000,79,76,76,0.19398533621747008
prostate,baseline,40000,79,75,75,0.26992774598676533
prostate,baseline,40000,79,72,72,0.25359103748436795
prostate,baseline,40000,79,71,71,0.2622794794558305
prostate,baseline,40000,79,77,77,0.23855702603854384
prostate,baseline,40000,79,77,77,0.21014384401889596
prostate,baseline,40000,79,76,76,0.16998396205559416
prostate,baseline,40000,79,72,72,0.19777039936721144
prostate,baseline,40000,79,72,72,0.0988953189338384
prostate,baseline,40000,79,67,67,0.10244010601567584
prostate,baseline,40000,79,64,64,0.07998342263013189
prostate,baseline,40000,79,26,26,0.12137732974111383
prostate,baseline,40000,79,78,78,0.12896992415471983
prostate,baseline,40000,79,73,73,0.10089976045439335
prostate,baseline,40000,79,69,69,0.028205883813574115
prostate,baseline,40000,79,67,67,0.10349284370019213
prostate,baseline,40000,79,19,19,0.31294420773880044
prostate,baseline,40000,79,78,78,0.005203824682552663
prostate,baseline,40000,79,78,78,0.15379653713458222
prostate,baseline,40000,79,77,77,0.014726062658556522
prostate,baseline,40000,79,76,76,0.02515787006559072
prostate,baseline,40000,79,75,75,0.10179642764956692
prostate,baseline,40000,79,70,70,0.021986059452113488
prostate,baseline,40000,79,78,78,0.3058474498177002
prostate,baseline,40000,79,75,75,0.20319178071794364
prostate,baseline,40000,79,78,78,0.17334715747097612
prostate,baseline,40000,79,76,76,0.08206355031491959
prostate,baseline,40000,79,73,73,0.016235124234607424
prostate,baseline,40000,79,78,78,0.1248824078216856
prostate,baseline,40000,79,73,73,0.0906779597886719
prostate,baseline,40000,79,67,67,0.028025470719455214
prostate,baseline,40000,79,78,78,0.01079381096409731
prostate,baseline,40000,79,78,78,0.04098281408004809
prostate,baseline,40000,79,78,78,0.10030617385674064
prostate,baseline,40000,79,78,78,0.015267844943779273
prostate,baseline,40000,79,77,77,0.04836271993205112
prostate,baseline,40000,79,75,75,0.05104542664564139
prostate,baseline,40000,79,74,74,0.0844590593168397
prostate,baseline,40000,79,78,78,0.2921026158383146
prostate,baseline,40000,79,77,77,0.3041624534925553
prostate,baseline,40000,79,76,76,0.1898633694748243
prostate,baseline,40000,79,66,66,0.11342027800286043
prostate,baseline,40000,79,63,63,0.10522062119158339
prostate,baseline,40000,79,57,57,0.055993295267922794
prostate,baseline,40000,79,78,78,0.18150230134193557
prostate,baseline,40000,79,78,78,0.07538055069146446
prostate,baseline,40000,79,77,77,0.09171070193279113
prostate,baseline,40000,79,77,77,0.004913875980385227
prostate,baseline,40000,79,73,73,0.05305888233105917
prostate,baseline,40000,79,77,77,0.22964555722331448
prostate,baseline,40000,79,71,71,0.18685112767067968
prostate,baseline,40000,79,70,70,0.20942917481104933
prostate,baseline,40000,79,69,69,0.20596245841104335
prostate,baseline,40000,79,67,67,0.20518770914185058
prostate,baseline,40000,79,66,66,0.1765773856527915
prostate,baseline,40000,79,75,75,0.22829749120629217
prostate,baseline,40000,79,64,64,0.1950940847824244
prostate,baseline,40000,79,63,63,0.24772997214581122
prostate,baseline,40000,79,63,63,0.17365559370585884
prostate,baseline,40000,79,59,59,0.18802440715699092
prostate,baseline,40000,79,54,54,0.07328391005743938
prostate,baseline,40000,79,53,53,0.19568441384687663
prostate,baseline,40000,79,75,75,0.22207906009282893
prostate,baseline,40000,79,68,68,0.19522402528590416
prostate,baseline,40000,79,63,63,0.15377811179184459
prostate,baseline,40000,79,53,53,0.19128750558133042
prostate,baseline,40000,79,78,78,0.06639982302940589
prostate,baseline,40000,79,76,76,0.07127090834452436
prostate,baseline,40000,79,78,78,0.1415144669212868
prostate,baseline,40000,79,78,78,0.19709114479703313
prostate,baseline,40000,79,73,73,0.16097804229673993
prostate,baseline,40000,79,78,78,0.009312728162922045
prostate,baseline,40000,79,78,78,0.10701541187447966
prostate,baseline,40000,79,75,75,0.09906954464743908
prostate,baseline,40000,79,77,77,0.06880077272458433
prostate,baseline,40000,79,18,18,0.2295474871838708
prostate,baseline,40000,79,78,78,0.020648753203958724
prostate,baseline,40000,79,78,78,0.2169949960082768
prostate,baseline,40000,79,78,78,0.21472441148807234
prostate,baseline,40000,79,78,78,0.2677743905457889
prostate,baseline,40000,79,78,78,0.022824459389824536
prostate,baseline,40000,79,78,78,0.012144143553710107
prostate,baseline,40000,79,78,78,0.12402142696659187
prostate,baseline,40000,79,78,78,0.0453324783409772
prostate,baseline,40000,79,78,78,0.006061816092353707
prostate,baseline,40000,79,76,76,0.02401878506204081
prostate,baseline,40000,79,76,76,0.03927419079721949
prostate,baseline,40000,79,75,75,0.015350923931519222
prostate,baseline,40000,79,75,75,0.07512589217275546
prostate,baseline,40000,79,72,72,0.020774129922644068
prostate,baseline,40000,79,77,77,0.10707055963491129
prostate,baseline,40000,79,73,73,0.09136886796664806
prostate,baseline,40000,79,71,71,0.11347881063228923
prostate,baseline,40000,79,78,78,0.15393260793216534
prostate,baseline,40000,79,76,76,0.14460683876420172
prostate,baseline,40000,79,75,75,0.2078291201389187
prostate,baseline,40000,79,73,73,0.15759875089838424
prostate,baseline,40000,79,73,73,0.17079485841796402
prostate,baseline,40000,79,72,72,0.20536584841109
prostate,baseline,40000,79,69,69,0.1874523472904407
prostate,baseline,40000,79,68,68,0.1660592930933896
prostate,baseline,40000,79,68,68,0.19558888033914149
prostate,baseline,40000,79,67,67,0.1771032643001393
prostate,baseline,40000,79,66,66,0.15096209470230956
prostate,baseline,40000,79,64,64,0.1539928246621186
prostate,baseline,40000,79,63,63,0.10291680903969978
prostate,baseline,40000,79,63,63,0.15698243571083736
prostate,baseline,40000,79,57,57,0.1535111101888612
prostate,baseline,40000,79,57,57,0.15101424393099355
prostate,baseline,40000,79,78,78,0.10736015664935895
prostate,baseline,40000,79,78,78,0.036832357055032884
prostate,baseline,40000,79,78,78,0.015514295271913928
prostate,baseline,40000,79,77,77,0.00792430735789392
prostate,baseline,40000,79,76,76,0.04464660122987332
prostate,baseline,40000,79,76,76,0.013696829084816786
prostate,baseline,40000,79,76,76,0.09852249364017766
prostate,baseline,40000,79,68,68,0.026130169796085494
prostate,baseline,40000,79,78,78,0.04568302452928449
prostate,baseline,40000,79,78,78,0.11692221432926693
prostate,baseline,40000,79,78,78,0.055277919025062974
prostate,baseline,40000,79,76,76,0.03761204992875516
prostate,baseline,40000,79,78,78,0.0067234895592192334
prostate,baseline,40000,79,78,78,0.004560117471623102
prostate,baseline,40000,79,78,78,0.04035232944594184
prostate,baseline,40000,79,74,74,0.06398862141384792
prostate,baseline,40000,79,73,73,0.0949862358677168
prostate,baseline,40000,79,78,78,0.009764866297190894
prostate,baseline,40000,79,77,77,0.12673216506349386
prostate,baseline,40000,79,77,77,0.130404240792483
prostate,baseline,40000,79,77,77,0.12451346541082442
prostate,baseline,40000,79,78,78,0.10381257125222888
prostate,baseline,40000,79,77,77,0.029784700002370042
prostate,baseline,40000,79,76,76,0.037204231772628084
prostate,baseline,40000,79,73,73,0.08745124241557004
prostate,baseline,40000,79,72,72,0.05120370390016411
prostate,baseline,40000,79,67,67,0.02815949572960132
prostate,baseline,40000,79,63,63,0.1045348212497002
prostate,baseline,40000,79,78,78,0.12793407548291613
prostate,baseline,40000,79,75,75,0.06232473899294528
prostate,baseline,40000,79,75,75,0.05761668981224811
prostate,baseline,40000,79,74,74,0.08618722152731882
prostate,baseline,40000,79,78,78,0.2482015066111719
prostate,baseline,40000,79,72,72,0.2475594147294214
prostate,baseline,40000,79,72,72,0.20764885990806276
prostate,baseline,40000,79,72,72,0.20864330368958425
prostate,baseline,40000,79,70,70,0.26220444025545825
prostate,baseline,40000,79,70,70,0.26449755878507386
prostate,baseline,40000,79,78,78,0.18308870321055226
prostate,baseline,40000,79,76,76,0.18380146448155807
prostate,baseline,40000,79,76,76,0.18916478211186735
prostate,baseline,40000,79,73,73,0.21103163611126807
prostate,baseline,40000,79,78,78,0.2214971401797856
prostate,baseline,40000,79,78,78,0.013875008511834567
prostate,baseline,40000,79,78,78,0.06391642247437876
prostate,baseline,40000,79,73,73,0.18755113695195208
prostate,baseline,40000,79,73,73,0.23048955993792244
prostate,baseline,40000,79,73,73,0.18154454585793942
prostate,baseline,40000,79,69,69,0.07164825362731135
prostate,baseline,40000,79,78,78,0.08159458080747331
prostate,baseline,40000,79,78,78,0.10155174402362972
prostate,baseline,40000,79,76,76,0.030992476693427494
prostate,baseline,40000,79,75,75,0.0719435113760413
prostate,baseline,40000,79,78,78,0.17076641105003898
prostate,baseline,40000,79,78,78,0.019618421828927243
prostate,baseline,40000,79,77,77,0.02589085712416352
prostate,baseline,40000,79,77,77,0.005168029766662841
prostate,baseline,40000,79,76,76,0.021882423716511452
prostate,baseline,40000,79,76,76,0.05442532481988873
prostate,baseline,40000,79,74,74,0.1091066543902672
prostate,baseline,40000,79,78,78,0.19800386245566298
prostate,baseline,40000,79,78,78,0.18193161623298365
prostate,baseline,40000,79,78,78,0.10836847128741195
prostate,baseline,40000,79,72,72,0.1435306957291183
prostate,baseline,40000,79,72,72,0.1192066658099031
prostate,baseline,40000,79,71,71,0.09994141550394492
prostate,baseline,40000,79,67,67,0.13034684007086061
prostate,baseline,40000,79,78,78,0.005876536113612567
prostate,baseline,40000,79,78,78,0.016707387641468518
prostate,baseline,40000,79,78,78,0.01605865060117934
prostate,baseline,40000,79,78,78,0.034986141727871886
prostate,baseline,40000,79,78,78,0.020766538937979147
prostate,baseline,40000,79,78,78,0.011758728916892322
prostate,baseline,40000,79,78,78,0.1209051152017048
prostate,baseline,40000,79,78,78,0.00822432162426063
prostate,baseline,40000,79,78,78,0.020544930807122483
prostate,baseline,40000,79,78,78,0.010989180952548515
prostate,baseline,40000,79,78,78,0.011682398341618523
prostate,baseline,40000,79,77,77,0.005483004635472378
prostate,baseline,40000,79,77,77,0.010180447263727256
prostate,baseline,40000,79,77,77,0.019210169653292183
prostate,baseline,40000,79,76,76,0.012100562333375193
prostate,baseline,40000,79,76,76,0.020213550476095854
prostate,baseline,40000,79,76,76,0.01577303908035115
prostate,baseline,40000,79,76,76,0.02381491593367882
prostate,baseline,40000,79,75,75,0.02253331840627231
prostate,baseline,40000,79,72,72,0.031764626260729685
prostate,baseline,40000,79,78,78,0.22056814561258747
prostate,baseline,40000,79,75,75,0.08156678127943165
prostate,baseline,40000,79,73,73,0.17369568106531316
prostate,baseline,40000,79,72,72,0.029260221927920254
prostate,baseline,40000,79,72,72,0.2612730434535211
prostate,baseline,40000,79,73,73,0.19240322037900853
prostate,baseline,40000,79,71,71,0.19084949712881907
prostate,baseline,40000,79,68,68,0.2038190780797252
prostate,baseline,40000,79,68,68,0.17305423230761
prostate,baseline,40000,79,66,66,0.062445319944982924
prostate,baseline,40000,79,66,66,0.1599174062972296
prostate,baseline,40000,79,51,51,0.19970010486993942
prostate,baseline,40000,79,37,37,0.25795763563579027
prostate,baseline,40000,79,78,78,0.18329674572462923
prostate,baseline,40000,79,69,69,0.1905183527052882
prostate,baseline,40000,79,78,78,0.12774617313202044
prostate,baseline,40000,79,78,78,0.0154158133272027
prostate,baseline,40000,79,78,78,0.05857855742465103
prostate,baseline,40000,79,78,78,0.0034583366618623997
prostate,baseline,40000,79,78,78,0.1925948446512783
prostate,baseline,40000,79,78,78,0.08595236194835189
prostate,baseline,40000,79,78,78,0.01639344660480963
prostate,baseline,40000,79,78,78,0.005156257177719934
prostate,baseline,40000,79,77,77,0.00840479003029778
prostate,baseline,40000,79,76,76,0.047145001012090744
prostate,baseline,40000,79,76,76,0.0234494345162115
prostate,baseline,40000,79,75,75,0.008594570725339912
prostate,baseline,40000,79,74,74,0.03202731613309797
prostate,baseline,40000,79,72,72,0.030039457769151068
prostate,baseline,40000,79,78,78,0.1786541112184874
prostate,baseline,40000,79,71,71,0.031705789020877194
prostate,baseline,40000,79,76,76,0.022356563803998728
prostate,baseline,40000,79,75,75,0.07003578769253789
prostate,baseline,40000,79,73,73,0.1082955776313971
prostate,baseline,40000,79,69,69,0.05627469197097001
prostate,baseline,40000,79,67,67,0.039449070534520035
prostate,baseline,40000,79,78,78,0.10374108789938195
prostate,baseline,40000,79,73,73,0.021438329759879002
prostate,baseline,40000,79,72,72,0.09080789585904823
prostate,baseline,40000,79,68,68,0.09983149368869088
prostate,baseline,40000,79,73,73,0.2228876428402011
prostate,baseline,40000,79,63,63,0.3016884618567939
prostate,baseline,40000,79,78,78,0.1039563520502028
prostate,baseline,40000,79,78,78,0.05333766647909853
prostate,baseline,40000,79,78,78,0.007999080259520333
prostate,baseline,40000,79,78,78,0.04249672236012416
prostate,baseline,40000,79,78,78,0.05774710597922683
prostate,baseline,40000,79,78,78,0.1412518956576379
prostate,baseline,40000,79,73,73,0.10426140926320258
prostate,baseline,40000,79,72,72,0.10746356388008531
prostate,baseline,40000,79,77,77,0.293796032990054
prostate,baseline,40000,79,77,77,0.2783709028702481
prostate,baseline,40000,79,76,76,0.2997086674394142
prostate,baseline,40000,79,75,75,0.1917440151343352
prostate,baseline,40000,79,74,74,0.2568354526423205
prostate,baseline,40000,79,78,78,0.2222356596086668
prostate,baseline,40000,79,78,78,0.1802555992286873
prostate,baseline,40000,79,78,78,0.02961346414278504
prostate,baseline,40000,79,78,78,0.2271365502225438
prostate,baseline,40000,79,78,78,0.25207584304653874
prostate,baseline,40000,79,77,77,0.06590338365161945
prostate,baseline,40000,79,76,76,0.008797713975938164
prostate,baseline,40000,79,74,74,0.04514965364182072
prostate,baseline,40000,79,74,74,0.15299264193641735
prostate,baseline,40000,79,73,73,0.029033891523783686
prostate,baseline,40000,79,76,76,0.07144392847993591
prostate,baseline,40000,79,16,16,0.22034490329733342
prostate,baseline,40000,79,78,78,0.04673543180724684
prostate,baseline,40000,79,77,77,0.07239901666353289
prostate,baseline,40000,79,76,76,0.09632887560712881
prostate,baseline,40000,79,51,51,0.144700683334922
prostate,baseline,40000,79,73,73,0.1061741739045208
prostate,baseline,40000,79,67,67,0.03648598178921373
prostate,baseline,40000,79,78,78,0.24126514273753066
prostate,baseline,40000,79,78,78,0.20653261240341295
prostate,baseline,40000,79,66,66,0.16693894581968666
prostate,baseline,40000,79,78,78,0.06650344005833393
prostate,baseline,40000,79,75,75,0.056865962192036955
prostate,baseline,40000,79,73,73,0.07652103090470316
prostate,baseline,40000,79,66,66,0.22663797828845644
prostate,baseline,40000,79,55,55,0.221803290665344
prostate,baseline,40000,79,46,46,0.2516301954222319
prostate,baseline,40000,79,37,37,0.2724015961059134
prostate,baseline,40000,79,26,26,0.3333196031840912
prostate,baseline,40000,79,78,78,0.1207140320286751
prostate,baseline,40000,79,69,69,0.05965686516639079
prostate,baseline,40000,79,73,73,0.1611012345977939
prostate,baseline,40000,79,66,66,0.18019950155558015
prostate,baseline,40000,79,78,78,0.044214249472621675
prostate,baseline,40000,79,77,77,0.1671040628728701
prostate,baseline,40000,79,77,77,0.173144965711762
prostate,baseline,40000,79,77,77,0.17440825736338125
prostate,baseline,40000,79,77,77,0.28099535401645964
prostate,baseline,40000,79,77,77,0.28248155218506715
prostate,baseline,40000,79,77,77,0.29548300660862287
prostate,baseline,40000,79,74,74,0.19461223669059216
prostate,baseline,40000,79,72,72,0.27960453607184516
prostate,baseline,40000,79,78,78,0.04604561943840606
prostate,baseline,40000,79,76,76,0.076121328763967
prostate,baseline,40000,79,76,76,0.01249544733405727
prostate,baseline,40000,79,78,78,0.27785941566454625
prostate,baseline,40000,79,78,78,0.22682976367513286
prostate,baseline,40000,79,73,73,0.20980687967245357
prostate,baseline,40000,79,67,67,0.12343520404146993
prostate,baseline,40000,79,78,78,0.17213016832997774
prostate,baseline,40000,79,75,75,0.11867171168394249
prostate,baseline,40000,79,78,78,0.06262205816373315
prostate,baseline,40000,79,76,76,0.07231667223494853
prostate,baseline,40000,79,73,73,0.005297140740408341
prostate,baseline,40000,79,78,78,0.12536625467481105
prostate,baseline,40000,79,77,77,0.010962540316350767
prostate,baseline,40000,79,77,77,0.014331483376662922
prostate,baseline,40000,79,75,75,0.14170335432435693
prostate,baseline,40000,79,74,74,0.10069043287620645
prostate,baseline,40000,79,71,71,0.12307880942274595
prostate,baseline,40000,79,69,69,0.12473045669553354
prostate,baseline,40000,79,51,51,0.14756494179219903
prostate,baseline,40000,79,77,77,0.21352959077060252
prostate,baseline,40000,79,71,71,0.193802680724665
prostate,baseline,40000,79,78,78,0.12447090685633426
prostate,baseline,40000,79,69,69,0.017109468692195588
prostate,baseline,40000,79,61,61,0.13608919041221626
prostate,baseline,40000,79,59,59,0.14646558164888132
prostate,baseline,40000,79,55,55,0.12909385553439295
prostate,baseline,40000,79,78,78,0.23769673534335894
prostate,baseline,40000,79,78,78,0.266332367057672
prostate,baseline,40000,79,76,76,0.23364282337868347
prostate,baseline,40000,79,78,78,0.06885368861425398
prostate,baseline,40000,79,78,78,0.14001390278488504
prostate,baseline,40000,79,78,78,0.005859150387859038
prostate,baseline,40000,79,78,78,0.1643616845620196
prostate,baseline,40000,79,76,76,0.14472552981623873
prostate,baseline,40000,79,72,72,0.03382345976613813
prostate,baseline,40000,79,72,72,0.03372033339019969
prostate,baseline,40000,79,70,70,0.0246891735433461
prostate,baseline,40000,79,66,66,0.043032015154181924
prostate,baseline,40000,79,78,78,0.17443053134391504
prostate,baseline,40000,79,74,74,0.23040143855280185
prostate,baseline,40000,79,26,26,0.22806302892664568
prostate,baseline,40000,79,76,76,0.09902422216523743
prostate,baseline,40000,79,74,74,0.11640032068554829
prostate,baseline,40000,79,42,42,0.05708031694017915
prostate,baseline,40000,79,38,38,0.05453716833692562
prostate,baseline,40000,79,71,71,0.028276878426916553
prostate,baseline,40000,79,78,78,0.10885001907028194
prostate,baseline,40000,79,77,77,0.20042024972104558
prostate,baseline,40000,79,73,73,0.14665319981528904
prostate,baseline,40000,79,78,78,0.1224090757434642
prostate,baseline,40000,79,75,75,0.06416884237126196
prostate,baseline,40000,79,74,74,0.09268627914339592
prostate,baseline,40000,79,78,78,0.31666969246228743
prostate,baseline,40000,79,76,76,0.2871122682606195
prostate,baseline,40000,79,75,75,0.18947894002980956
prostate,baseline,40000,79,78,78,0.009626039464551307
prostate,baseline,40000,79,78,78,0.047675774923984615
prostate,baseline,40000,79,78,78,0.04018845346492294
prostate,baseline,40000,79,78,78,0.004982755014390242
prostate,baseline,40000,79,78,78,0.03914064068044375
prostate,baseline,40000,79,78,78,0.005870771616095563
prostate,baseline,40000,79,78,78,0.006917082379235697
prostate,baseline,40000,79,78,78,0.010575705422999819
prostate,baseline,40000,79,78,78,0.15358040872058637
prostate,baseline,40000,79,78,78,0.0018475873088121175
prostate,baseline,40000,79,78,78,0.01564811237632411
prostate,baseline,40000,79,78,78,0.013943298104827874
prostate,baseline,40000,79,77,77,0.009977647457030234
prostate,baseline,40000,79,77,77,0.0062942150715014225
prostate,baseline,40000,79,76,76,0.007415230723452782
prostate,baseline,40000,79,76,76,0.023311848313773875
prostate,baseline,40000,79,76,76,0.011293046065908105
prostate,baseline,40000,79,76,76,0.006770186058096742
prostate,baseline,40000,79,72,72,0.04766674018310876
prostate,baseline,40000,79,78,78,0.13556904616615406
prostate,baseline,40000,79,78,78,0.13115892880261684
prostate,baseline,40000,79,75,75,0.07188332788592237
prostate,baseline,40000,79,78,78,0.2161814233471462
prostate,baseline,40000,79,78,78,0.17588385802963855
prostate,baseline,40000,79,78,78,0.1730832802444982
prostate,baseline,40000,79,76,76,0.04180751567953809
prostate,baseline,40000,79,75,75,0.2017382371583156
prostate,baseline,40000,79,78,78,0.17609890718432789
prostate,baseline,40000,79,76,76,0.11260785219023506
prostate,baseline,40000,79,75,75,0.12032605910401678
prostate,baseline,40000,79,72,72,0.10268781489359771
prostate,baseline,40000,79,78,78,0.0006672750464840312
prostate,baseline,40000,79,78,78,0.0020625196169220352
prostate,baseline,40000,79,78,78,0.002216906731398759
prostate,baseline,40000,79,78,78,0.001225442011794977
prostate,baseline,40000,79,78,78,0.0014408100882079078
prostate,baseline,40000,79,78,78,0.006488601834100353
prostate,baseline,40000,79,78,78,0.001122890468448915
prostate,baseline,40000,79,78,78,0.008654615534612718
prostate,baseline,40000,79,78,78,0.004285152861207135
prostate,baseline,40000,79,78,78,0.0036615552863710835
prostate,baseline,40000,79,78,78,0.0019090493876009558
prostate,baseline,40000,79,78,78,0.0019077299986472085
prostate,baseline,40000,79,78,78,0.0014480284750053442
prostate,baseline,40000,79,78,78,0.0003895282442837275
prostate,baseline,40000,79,78,78,0.0012746738316319586
prostate,baseline,40000,79,78,78,0.001171714103473871
prostate,baseline,40000,79,78,78,0.0014092630927355924
prostate,baseline,40000,79,78,78,0.0006054706506026742
prostate,baseline,40000,79,78,78,0.019094539091268382
prostate,baseline,40000,79,78,78,0.0021899244945101414
prostate,baseline,40000,79,78,78,0.0032353739894117285
prostate,baseline,40000,79,78,78,0.0016932909229275717
prostate,baseline,40000,79,78,78,0.004241089998594695
prostate,baseline,40000,79,78,78,0.04195377128100199
prostate,baseline,40000,79,78,78,0.0059216350994568965
prostate,baseline,40000,79,78,78,0.0024918442965853344
prostate,baseline,40000,79,78,78,0.0046391097638542695
prostate,baseline,40000,79,78,78,0.008041951009336539
prostate,baseline,40000,79,77,77,0.003465877217434077
prostate,baseline,40000,79,76,76,0.004370564148123995
prostate,baseline,40000,79,76,76,0.01595757713888276
prostate,baseline,40000,79,76,76,0.0023955493798678553
prostate,baseline,40000,79,76,76,0.012341404841319003
prostate,baseline,40000,79,76,76,0.011739325925316279
prostate,baseline,40000,79,76,76,0.006406094678330414
prostate,baseline,40000,79,72,72,0.005472664704692493
prostate,baseline,40000,79,73,73,0.166514332130679
prostate,baseline,40000,79,73,73,0.1596799943555483
prostate,baseline,40000,79,65,65,0.17699300372803417
prostate,baseline,40000,79,63,63,0.1044348762887816
prostate,baseline,40000,79,60,60,0.15122671941538662
prostate,baseline,40000,79,55,55,0.15235500787231912
prostate,baseline,40000,79,78,78,0.24442154793256385
prostate,baseline,40000,79,78,78,0.2643438410535161
prostate,baseline,40000,79,76,76,0.18187325615064753
prostate,baseline,40000,79,78,78,0.24910739779581903
prostate,baseline,40000,79,75,75,0.11623880109662915
prostate,baseline,40000,79,75,75,0.014718047475252174
prostate,baseline,40000,79,75,75,0.08394444907472919
prostate,baseline,40000,79,73,73,0.0999884494764174
prostate,baseline,40000,79,78,78,0.1848043669874261
prostate,baseline,40000,79,78,78,0.04496401802262307
prostate,baseline,40000,79,77,77,0.09587727569716036
prostate,baseline,40000,79,74,74,0.13134713993729452
prostate,baseline,40000,79,76,76,0.004821448621912147
prostate,baseline,40000,79,74,74,0.11333767684109083
prostate,baseline,40000,79,74,74,0.062105997369062506
prostate,baseline,40000,79,72,72,0.08716683586487148
prostate,baseline,40000,79,72,72,0.10214280107751102
prostate,baseline,40000,79,70,70,0.08772521604792057
prostate,baseline,40000,79,78,78,0.11311131995039933
prostate,baseline,40000,79,78,78,0.05479142466024676
prostate,baseline,40000,79,76,76,0.0806696519690604
prostate,baseline,40000,79,78,78,0.009588133550682281
prostate,baseline,40000,79,78,78,0.016189657898893633
prostate,baseline,40000,79,78,78,0.05338034016330065
prostate,baseline,40000,79,78,78,0.17627846329942976
prostate,baseline,40000,79,77,77,0.010635998932791418
prostate,baseline,40000,79,76,76,0.022163368830580815
prostate,baseline,40000,79,76,76,0.05104551034849099
prostate,baseline,40000,79,76,76,0.0194291895269664
prostate,baseline,40000,79,75,75,0.017774673853593638
prostate,baseline,40000,79,75,75,0.08204441502382455
prostate,baseline,40000,79,66,66,0.03956374091802496
prostate,baseline,40000,79,78,78,0.06207319198126561
prostate,baseline,40000,79,78,78,0.10651435809959615
prostate,baseline,40000,79,78,78,0.020335695547431264
prostate,baseline,40000,79,78,78,0.07101927264352341
prostate,baseline,40000,79,78,78,0.0857174813236032
prostate,baseline,40000,79,78,78,0.012381520266018183
prostate,baseline,40000,79,78,78,0.02023391402046771
prostate,baseline,40000,79,73,73,0.03462390516314911
prostate,baseline,40000,79,78,78,0.10886568907138482
prostate,baseline,40000,79,78,78,0.049073723173291825
prostate,baseline,40000,79,78,78,0.04964747534917332
prostate,baseline,40000,79,77,77,0.007832644316750967
prostate,baseline,40000,79,77,77,0.008748472268179375
prostate,baseline,40000,79,20,20,0.34780429688253073
prostate,baseline,40000,79,78,78,0.18507125009715927
prostate,baseline,40000,79,78,78,0.2406322981253449
prostate,baseline,40000,79,78,78,0.23633773257572357
prostate,baseline,40000,79,75,75,0.21189688651842534
prostate,baseline,40000,79,78,78,0.18928251121338494
prostate,baseline,40000,79,78,78,0.14928945264887838
prostate,baseline,40000,79,66,66,0.026039492861177283
prostate,baseline,40000,79,78,78,0.10384900563795404
prostate,baseline,40000,79,78,78,0.20805575253229136
prostate,baseline,40000,79,75,75,0.02244263169350968
prostate,baseline,40000,79,73,73,0.17837635194300902
prostate,baseline,40000,79,72,72,0.15731858691333964
prostate,baseline,40000,79,67,67,0.16188814879848687
prostate,baseline,40000,79,65,65,0.1659801107861479
prostate,baseline,40000,79,55,55,0.19367659390649197
prostate,baseline,40000,79,78,78,0.2504348802781517
prostate,baseline,40000,79,78,78,0.10115727981064501
prostate,baseline,40000,79,78,78,0.12008610400746558
prostate,baseline,40000,79,78,78,0.020556600137659146
prostate,baseline,40000,79,77,77,0.012604431811791971
prostate,baseline,40000,79,76,76,0.06443752400246622
prostate,baseline,40000,79,69,69,0.2966247284895839
prostate,baseline,40000,79,68,68,0.2537427324762146
prostate,baseline,40000,79,68,68,0.30677220974932107
prostate,baseline,40000,79,68,68,0.27198101334271396
prostate,baseline,40000,79,67,67,0.2612644168272533
prostate,baseline,40000,79,64,64,0.29155209808286214
prostate,baseline,40000,79,64,64,0.243627643417189
prostate,baseline,40000,79,63,63,0.27610587139247145
prostate,baseline,40000,79,63,63,0.25730423173665906
prostate,baseline,40000,79,53,53,0.2558406086186835
prostate,baseline,40000,79,77,77,0.07524951264050445
prostate,baseline,40000,79,76,76,0.11192827009827494
prostate,baseline,40000,79,74,74,0.20024027460915841
prostate,baseline,40000,79,73,73,0.13247438819653748
prostate,baseline,40000,79,65,65,0.16959410659146787
prostate,baseline,40000,79,78,78,0.03790649541541908
prostate,baseline,40000,79,78,78,0.037588407195407396
prostate,baseline,40000,79,78,78,0.0059100948124923515
prostate,baseline,40000,79,77,77,0.04116582015202614
prostate,baseline,40000,79,77,77,0.040228631745898615
prostate,baseline,40000,79,73,73,0.10461297680063336
prostate,baseline,40000,79,71,71,0.06995055525492408
prostate,baseline,40000,79,77,77,0.2663676489652364
prostate,baseline,40000,79,76,76,0.2403095660164979
prostate,baseline,40000,79,74,74,0.1837378433755233
prostate,baseline,40000,79,78,78,0.11494979382933838
prostate,baseline,40000,79,76,76,0.022947684395180228
prostate,baseline,40000,79,76,76,0.0968797451099641
prostate,baseline,40000,79,75,75,0.0679019194505817
prostate,baseline,40000,79,77,77,0.009204314468275075
prostate,baseline,40000,79,73,73,0.09120964288296171
prostate,baseline,40000,79,51,51,0.06298214243708206
prostate,baseline,40000,79,37,37,0.07932669845456992
prostate,baseline,40000,79,78,78,0.1275186854262884
prostate,baseline,40000,79,77,77,0.007252006695821006
prostate,baseline,40000,79,76,76,0.05132417528152943
prostate,baseline,40000,79,74,74,0.09294793346051036
prostate,baseline,40000,79,78,78,0.03637573380130372
prostate,baseline,40000,79,78,78,0.1459877506535477
prostate,baseline,40000,79,77,77,0.18873455727908298
prostate,baseline,40000,79,77,77,0.1893128117609139
prostate,baseline,40000,79,73,73,0.18321047646337
prostate,baseline,40000,79,70,70,0.21367909918052047
prostate,baseline,40000,79,78,78,0.2225774351417872
prostate,baseline,40000,79,78,78,0.2359561752222995
prostate,baseline,40000,79,77,77,0.04581810538708694
prostate,baseline,40000,79,77,77,0.019698878455090857
prostate,baseline,40000,79,76,76,0.2008762925563754
prostate,baseline,40000,79,77,77,0.26218302648651975
prostate,baseline,40000,79,76,76,0.25681623205227133
prostate,baseline,40000,79,74,74,0.1252722119230379
prostate,baseline,40000,79,74,74,0.23261684706119679
prostate,baseline,40000,79,73,73,0.2933639477151128
prostate,baseline,40000,79,78,78,0.23960961518633392
prostate,baseline,40000,79,78,78,0.2221775559935574
prostate,baseline,40000,79,76,76,0.16264013292571117
prostate,baseline,40000,79,75,75,0.009959619520885404
prostate,baseline,40000,79,43,43,0.097575471913377
prostate,baseline,40000,79,42,42,0.11340225170935646
prostate,baseline,40000,79,40,40,0.1267931633119888
prostate,baseline,40000,79,38,38,0.12021420487870316
prostate,baseline,40000,79,38,38,0.10455880357116153
prostate,baseline,40000,79,37,37,0.19923159622945125
prostate,baseline,40000,79,34,34,0.1832027835143412
prostate,baseline,40000,79,26,26,0.17914483490047906
prostate,baseline,40000,79,78,78,0.17954640485259327
prostate,baseline,40000,79,73,73,0.15925740410484865
prostate,baseline,40000,79,78,78,0.12361516289243746
prostate,baseline,40000,79,69,69,0.0984315606531341
prostate,baseline,40000,79,78,78,0.28711408847558334
prostate,baseline,40000,79,75,75,0.3310985415356429
prostate,baseline,40000,79,73,73,0.2742566421037175
prostate,baseline,40000,79,72,72,0.2158009860211053
prostate,baseline,40000,79,78,78,0.008428606377274344
prostate,baseline,40000,79,78,78,0.18540502134053397
prostate,baseline,40000,79,78,78,0.0900426949070748
prostate,baseline,40000,79,77,77,0.02674248041974287
prostate,baseline,40000,79,77,77,0.2017055419854718
prostate,baseline,40000,79,75,75,0.19703489865198495
prostate,baseline,40000,79,75,75,0.22470163373391472
prostate,baseline,40000,79,75,75,0.1806807799924797
prostate,baseline,40000,79,74,74,0.18370177957775322
prostate,baseline,40000,79,60,60,0.14445775147752254
prostate,baseline,40000,79,78,78,0.17901754991515584
prostate,baseline,40000,79,78,78,0.09152064650691415
prostate,baseline,40000,79,75,75,0.19149062557461372
prostate,baseline,40000,79,66,66,0.25277924767803484
prostate,baseline,40000,79,63,63,0.2132800933543909
prostate,baseline,40000,79,61,61,0.22241700877467277
prostate,baseline,40000,79,57,57,0.23126701513480738
prostate,baseline,40000,79,78,78,0.30989657033411355
prostate,baseline,40000,79,77,77,0.2759178288492998
prostate,baseline,40000,79,78,78,0.11394498644468055
prostate,baseline,40000,79,78,78,0.08766780846599324
prostate,baseline,40000,79,76,76,0.01155831020466908
prostate,baseline,40000,79,78,78,0.22699016517325588
prostate,baseline,40000,79,78,78,0.19394321748164364
prostate,baseline,40000,79,78,78,0.04499873562229153
prostate,baseline,40000,79,78,78,0.21900772162743998
prostate,baseline,40000,79,78,78,0.11388892585200551
prostate,baseline,40000,79,78,78,0.0015712389164312063
prostate,baseline,40000,79,70,70,0.025966221566115378
prostate,baseline,40000,79,75,75,0.059046943997893314
prostate,baseline,40000,79,73,73,0.10464063454421027
prostate,baseline,40000,79,67,67,0.03932887623074372
prostate,baseline,40000,79,53,53,0.09309852295586804
prostate,baseline,40000,79,78,78,0.21963456458618325
prostate,baseline,40000,79,70,70,0.12177331175591449
prostate,baseline,40000,79,78,78,0.17229892009325287
prostate,baseline,40000,79,74,74,0.14187754393000926
prostate,baseline,40000,79,78,78,0.0323377017341659
prostate,baseline,40000,79,78,78,0.07280897249492786
prostate,baseline,40000,79,76,76,0.00992378352006469
prostate,baseline,40000,79,76,76,0.027287370747769664
prostate,baseline,40000,79,78,78,0.1949612162979007
prostate,baseline,40000,79,78,78,0.11246157622860949
prostate,baseline,40000,79,73,73,0.16706642513115497
prostate,baseline,40000,79,78,78,0.31615801321489767
prostate,baseline,40000,79,78,78,0.29200819829558927
prostate,baseline,40000,79,73,73,0.23566507705220033
prostate,baseline,40000,79,78,78,0.028233951605488875
prostate,baseline,40000,79,78,78,0.2902529240091442
prostate,baseline,40000,79,78,78,0.32696966762645635
prostate,baseline,40000,79,73,73,0.21500946927107437
prostate,baseline,40000,79,78,78,0.10669230405175788
prostate,baseline,40000,79,77,77,0.05056293420344167
prostate,baseline,40000,79,70,70,0.07822395167769458
prostate,baseline,40000,79,67,67,0.028008747455867535
prostate,baseline,40000,79,67,67,0.08725265767853854
prostate,baseline,40000,79,26,26,0.24579029710476324
prostate,baseline,40000,79,78,78,0.2613209149373918
prostate,baseline,40000,79,77,77,0.19535818146547948
prostate,baseline,40000,79,74,74,0.20299218343571016
prostate,baseline,40000,79,68,68,0.22370668820318682
prostate,baseline,40000,79,66,66,0.08490031891663194
prostate,baseline,40000,79,54,54,0.14203387669284806
prostate,baseline,40000,79,77,77,0.10539177107959424
prostate,baseline,40000,79,76,76,0.13285495028572522
prostate,baseline,40000,79,75,75,0.0804714507370908
prostate,baseline,40000,79,75,75,0.08416312352694078
prostate,baseline,40000,79,74,74,0.11798752610058373
prostate,baseline,40000,79,74,74,0.11223197504110378
prostate,baseline,40000,79,74,74,0.097268181883667
prostate,baseline,40000,79,78,78,0.17986817357002122
prostate,baseline,40000,79,78,78,0.08899102021142484
prostate,baseline,40000,79,67,67,0.03654177862351794
prostate,baseline,40000,79,78,78,0.11465597330861484
prostate,baseline,40000,79,78,78,0.17567973858270566
prostate,baseline,40000,79,78,78,0.12734122869096484
prostate,baseline,40000,79,71,71,0.0400493398942733
prostate,baseline,40000,79,66,66,0.123757800842724
prostate,baseline,40000,79,78,78,0.20602865158749878
prostate,baseline,40000,79,78,78,0.2627763649640882
prostate,baseline,40000,79,78,78,0.28169393304858953
prostate,baseline,40000,79,74,74,0.1996078464033637
prostate,baseline,40000,79,78,78,0.19823586069342197
prostate,baseline,40000,79,70,70,0.14105352385241643
prostate,baseline,40000,79,77,77,0.040878602391656825
prostate,baseline,40000,79,77,77,0.003973712892034459
prostate,baseline,40000,79,75,75,0.007122206000955191
prostate,baseline,40000,79,73,73,0.10501942090604093
prostate,baseline,40000,79,78,78,0.1548521833991486
prostate,baseline,40000,79,78,78,0.1079792287886645
prostate,baseline,40000,79,74,74,0.10503990644566456
prostate,baseline,40000,79,71,71,0.15857631857431798
prostate,baseline,40000,79,18,18,0.28567782859906105
prostate,baseline,40000,79,78,78,0.28006411908019385
prostate,baseline,40000,79,78,78,0.24300844214603734
prostate,baseline,40000,79,78,78,0.021756557542193095
prostate,baseline,40000,79,75,75,0.15848446208677378
prostate,baseline,40000,79,78,78,0.18720397169855624
prostate,baseline,40000,79,78,78,0.21765704124670202
prostate,baseline,40000,79,78,78,0.13830242276208993
prostate,baseline,40000,79,78,78,0.007956944141634177
prostate,baseline,40000,79,76,76,0.06528274029554836
prostate,baseline,40000,79,75,75,0.12602699795417244
prostate,baseline,40000,79,71,71,0.3007061664961673
prostate,baseline,40000,79,26,26,0.2785878354949705
prostate,baseline,40000,79,78,78,0.17571307578025666
prostate,baseline,40000,79,76,76,0.08113319785509936
prostate,baseline,40000,79,73,73,0.014394846781367253
prostate,baseline,40000,79,26,26,0.11596335274304645
prostate,baseline,40000,79,77,77,0.21897117045745396
prostate,baseline,40000,79,65,65,0.20981502432231494
prostate,baseline,40000,79,60,60,0.21515976871477271
prostate,baseline,40000,79,55,55,0.19763091076233155
prostate,baseline,40000,79,51,51,0.20302078317105557
prostate,baseline,40000,79,78,78,0.07684640557169432
prostate,baseline,40000,79,78,78,0.17937587542132807
prostate,baseline,40000,79,78,78,0.0805702383956028
prostate,baseline,40000,79,78,78,0.12447587298313782
prostate,baseline,40000,79,70,70,0.07980831771680183
prostate,baseline,40000,79,77,77,0.3130340308087045
prostate,baseline,40000,79,77,77,0.32115558609274875
prostate,baseline,40000,79,74,74,0.291808015088698
prostate,baseline,40000,79,72,72,0.21055252426891324
prostate,baseline,40000,79,68,68,0.08115730781757202
prostate,baseline,40000,79,73,73,0.2711263833373541
prostate,baseline,40000,79,66,66,0.27748371626585144
prostate,baseline,40000,79,55,55,0.32544232499914133
prostate,baseline,40000,79,74,74,0.1887088946256635
prostate,baseline,40000,79,26,26,0.2667861129880282
prostate,baseline,40000,79,78,78,0.02049230155024944
prostate,baseline,40000,79,78,78,0.17424528577471252
prostate,baseline,40000,79,78,78,0.06257772334949115
prostate,baseline,40000,79,69,69,0.05084789582953953
prostate,baseline,40000,79,67,67,0.05536181023727071
prostate,baseline,40000,79,78,78,0.28786547819728686
prostate,baseline,40000,79,72,72,0.22543964393167087
prostate,baseline,40000,79,78,78,0.17471233482177867
prostate,baseline,40000,79,78,78,0.08967603055565389
prostate,baseline,40000,79,77,77,0.007565811340834229
prostate,baseline,40000,79,78,78,0.03867056111326619
prostate,baseline,40000,79,78,78,0.022700220096768538
prostate,baseline,40000,79,78,78,0.10386551530154775
prostate,baseline,40000,79,78,78,0.051375315699227875
prostate,baseline,40000,79,72,72,0.03845232677852766
prostate,baseline,40000,79,76,76,0.09482773322744066
prostate,baseline,40000,79,38,38,0.16608608339109235
prostate,baseline,40000,79,78,78,0.10550480729148148
prostate,baseline,40000,79,77,77,0.011713872044022008
prostate,baseline,40000,79,77,77,0.01568612888081278
prostate,baseline,40000,79,76,76,0.08670213380842746
prostate,baseline,40000,79,73,73,0.06914350386174874
prostate,baseline,40000,79,71,71,0.02755943822638917
prostate,baseline,40000,79,70,70,0.036341277616350795
prostate,baseline,40000,79,78,78,0.17595627880965767
prostate,baseline,40000,79,74,74,0.052530845148785324
prostate,baseline,40000,79,73,73,0.16552391744753256
prostate,baseline,40000,79,68,68,0.04982436211312108
prostate,baseline,40000,79,77,77,0.32095918828726233
prostate,baseline,40000,79,77,77,0.3115115632111585
prostate,baseline,40000,79,74,74,0.30807444104967713
prostate,baseline,40000,79,26,26,0.2176393418280916
prostate,baseline,40000,79,78,78,0.11033288333720201
prostate,baseline,40000,79,78,78,0.008869499231031632
prostate,baseline,40000,79,78,78,0.0028875780069100667
prostate,baseline,40000,79,78,78,0.11566823995676262
prostate,baseline,40000,79,76,76,0.033319567630841374
prostate,baseline,40000,79,76,76,0.10043825351065741
prostate,baseline,40000,79,76,76,0.01128837590007673
prostate,baseline,40000,79,69,69,0.019713573571331838
prostate,baseline,40000,79,66,66,0.03421861751313897
prostate,baseline,40000,79,78,78,0.26007386865994064
prostate,baseline,40000,79,78,78,0.10060838278488496
prostate,baseline,40000,79,74,74,0.14605993913074405
prostate,baseline,40000,79,78,78,0.05310357019863559
prostate,baseline,40000,79,77,77,0.058925616654270395
prostate,baseline,40000,79,76,76,0.0927175984949067
prostate,baseline,40000,79,74,74,0.029587595631783332
prostate,baseline,40000,79,73,73,0.029838395371927683
prostate,baseline,40000,79,73,73,0.10772818981015712
prostate,baseline,40000,79,78,78,0.09650153562829318
prostate,baseline,40000,79,74,74,0.12955178555147723
prostate,baseline,40000,79,78,78,0.0391739452415413
prostate,baseline,40000,79,78,78,0.05270749503396765
prostate,baseline,40000,79,55,55,0.09561214238278676
prostate,baseline,40000,79,78,78,0.02004181867373355
prostate,baseline,40000,79,78,78,0.11432548269314766
prostate,baseline,40000,79,76,76,0.069078746294068
prostate,baseline,40000,79,76,76,0.024990703885188915
prostate,baseline,40000,79,78,78,0.20793500085134065
prostate,baseline,40000,79,78,78,0.19427937304939075
prostate,baseline,40000,79,77,77,0.16838276159649854
prostate,baseline,40000,79,76,76,0.12284623997799048
prostate,baseline,40000,79,16,16,0.2763679646849852
prostate,baseline,40000,79,78,78,0.23224701101864645
prostate,baseline,40000,79,78,78,0.2404889057130219
prostate,baseline,40000,79,77,77,0.2511054409446066
prostate,baseline,40000,79,74,74,0.2095137113059695
prostate,baseline,40000,79,73,73,0.13560650563294635
prostate,baseline,40000,79,70,70,0.1471112466967394
prostate,baseline,40000,79,65,65,0.15424261803240727
prostate,baseline,40000,79,65,65,0.1546047205274176
prostate,baseline,40000,79,72,72,0.10980249496819552
prostate,baseline,40000,79,67,67,0.03775430705787354
prostate,baseline,40000,79,78,78,0.017558075235093746
prostate,baseline,40000,79,78,78,0.13809817408972508
prostate,baseline,40000,79,75,75,0.07084183615633614
prostate,baseline,40000,79,73,73,0.10861741329251261
prostate,baseline,40000,79,73,73,0.04599824994519497
prostate,baseline,40000,79,78,78,0.014200969829297177
prostate,baseline,40000,79,78,78,0.15229713388827842
prostate,baseline,40000,79,74,74,0.11126059550104225
prostate,baseline,40000,79,74,74,0.025440463142090818
prostate,baseline,40000,79,67,67,0.11957835820545497
prostate,baseline,40000,79,78,78,0.023459044657290422
prostate,baseline,40000,79,78,78,0.019864925283006325
prostate,baseline,40000,79,78,78,0.025145847626315946
prostate,baseline,40000,79,78,78,0.05035696904669432
prostate,baseline,40000,79,78,78,0.055539800626378484
prostate,baseline,40000,79,78,78,0.10219093976002187
prostate,baseline,40000,79,78,78,0.15008540011533922
prostate,baseline,40000,79,78,78,0.14088083828594639
prostate,baseline,40000,79,75,75,0.08346584573717596
prostate,baseline,40000,79,78,78,0.008117337337091168
prostate,baseline,40000,79,78,78,0.0659900471325218
prostate,baseline,40000,79,78,78,0.04427117962927735
prostate,baseline,40000,79,78,78,0.17479489355459302
prostate,baseline,40000,79,78,78,0.06522383690251148
prostate,baseline,40000,79,76,76,0.1328348903791572
prostate,baseline,40000,79,74,74,0.23539034871654027
prostate,baseline,40000,79,73,73,0.19090725442696083
prostate,baseline,40000,79,78,78,0.18572371971452578
prostate,baseline,40000,79,78,78,0.14718726195820173
prostate,baseline,40000,79,72,72,0.023514910964873903
prostate,baseline,40000,79,72,72,0.060041782431315936
prostate,baseline,40000,79,57,57,0.16119631031814982
prostate,baseline,40000,79,78,78,0.07815204622810408
prostate,baseline,40000,79,78,78,0.17809715376017163
prostate,baseline,40000,79,76,76,0.04647648712335955
prostate,baseline,40000,79,76,76,0.133827683453966
prostate,baseline,40000,79,76,76,0.09748749550563493
prostate,baseline,40000,79,71,71,0.05556643649658239
prostate,baseline,40000,79,78,78,0.0792017475140685
prostate,baseline,40000,79,75,75,0.052271731451515556
prostate,baseline,40000,79,78,78,0.06907329037182998
prostate,baseline,40000,79,78,78,0.09768636821789001
prostate,baseline,40000,79,75,75,0.10252170536579461
prostate,baseline,40000,79,78,78,0.09680901090216759
prostate,baseline,40000,79,78,78,0.04293415438656223
prostate,baseline,40000,79,78,78,0.09022869727871824
prostate,baseline,40000,79,78,78,0.11003797359183774
prostate,baseline,40000,79,77,77,0.06947372311849824
prostate,baseline,40000,79,73,73,0.09073147056235857
prostate,baseline,40000,79,69,69,0.08940654386811597
prostate,baseline,40000,79,67,67,0.03806621446019786
prostate,baseline,40000,79,64,64,0.06435036681090081
prostate,baseline,40000,79,67,67,0.1924495340948713
prostate,baseline,40000,79,67,67,0.21607710005690378
prostate,baseline,40000,79,37,37,0.2505328844402499
prostate,baseline,40000,79,26,26,0.25477176545830826
prostate,baseline,40000,79,78,78,0.17576721227817996
prostate,baseline,40000,79,76,76,0.06727050270761946
prostate,baseline,40000,79,73,73,0.11760838580600809
prostate,baseline,40000,79,71,71,0.06888457564422135
prostate,baseline,40000,79,68,68,0.132223300712589
prostate,baseline,40000,79,78,78,0.17305885690567283
prostate,baseline,40000,79,68,68,0.09990883453700158
prostate,baseline,40000,79,78,78,0.02488007552676242
prostate,baseline,40000,79,78,78,0.023401256532466663
prostate,baseline,40000,79,78,78,0.022895217797255812
prostate,baseline,40000,79,78,78,0.045660340122109185
prostate,baseline,40000,79,78,78,0.04645997281732764
prostate,baseline,40000,79,78,78,0.030302020774114806
prostate,baseline,40000,79,78,78,0.008139834553057735
prostate,baseline,40000,79,78,78,0.013681846245866994
prostate,baseline,40000,79,78,78,0.1105771164727576
prostate,baseline,40000,79,78,78,0.00492840615443252
prostate,baseline,40000,79,78,78,0.027810897899275017
prostate,baseline,40000,79,78,78,0.025117293649529276
prostate,baseline,40000,79,78,78,0.026428813433625083
prostate,baseline,40000,79,77,77,0.029917179704736417
prostate,baseline,40000,79,77,77,0.028878161057461275
prostate,baseline,40000,79,76,76,0.03111679449440576
prostate,baseline,40000,79,76,76,0.06271024402895838
prostate,baseline,40000,79,76,76,0.01811177818455074
prostate,baseline,40000,79,76,76,0.029218266602677515
prostate,baseline,40000,79,70,70,0.02963880392380401
prostate,baseline,40000,79,78,78,0.16582013947003332
prostate,baseline,40000,79,78,78,0.12210549391651764
prostate,baseline,40000,79,74,74,0.11525563637154128
prostate,baseline,40000,79,78,78,0.1074634378882102
prostate,baseline,40000,79,78,78,0.0404860435434053
prostate,baseline,40000,79,78,78,0.05397327199722751
prostate,baseline,40000,79,78,78,0.017527453855111612
prostate,baseline,40000,79,76,76,0.0726526376445746
prostate,baseline,40000,79,26,26,0.06886341648872471
prostate,baseline,40000,79,78,78,0.142472791932236
prostate,baseline,40000,79,70,70,0.10692455954738675
prostate,baseline,40000,79,78,78,0.12450012291619765
prostate,baseline,40000,79,78,78,0.028729638049572397
prostate,baseline,40000,79,78,78,0.21603299938132772
prostate,baseline,40000,79,76,76,0.18042176950742517
prostate,baseline,40000,79,78,78,0.11292442996793063
prostate,baseline,40000,79,77,77,0.026725816697875587
prostate,baseline,40000,79,76,76,0.04314898695641542
prostate,baseline,40000,79,74,74,0.04552006736299367
prostate,baseline,40000,79,72,72,0.050572079128157324
prostate,baseline,40000,79,67,67,0.08186014006974773
prostate,baseline,40000,79,65,65,0.02761265268234882
prostate,baseline,40000,79,78,78,0.2543945346424168
prostate,baseline,40000,79,77,77,0.23955296705147217
prostate,baseline,40000,79,76,76,0.1630166203115547
prostate,baseline,40000,79,77,77,0.2752311104593682
prostate,baseline,40000,79,67,67,0.27731009000403095
prostate,baseline,40000,79,53,53,0.3183669761209898
prostate,baseline,40000,79,78,78,0.059699007924066974
prostate,baseline,40000,79,77,77,0.04215208525809194
prostate,baseline,40000,79,77,77,0.007581891698856371
prostate,baseline,40000,79,77,77,0.00603801584517411
prostate,baseline,40000,79,76,76,0.0676608565594458
prostate,baseline,40000,79,72,72,0.04902908558567887
prostate,baseline,40000,79,77,77,0.01288061004208232
prostate,baseline,40000,79,72,72,0.10913228156961788
prostate,baseline,40000,79,70,70,0.09208559872610465
prostate,baseline,40000,79,37,37,0.09956494612093338
prostate,baseline,40000,79,75,75,0.31677451922090666
prostate,baseline,40000,79,72,72,0.26580298905253513
prostate,baseline,40000,79,51,51,0.27254090104020606
prostate,baseline,40000,79,78,78,0.10763747830334423
prostate,baseline,40000,79,74,74,0.03954351898169906
prostate,baseline,40000,79,74,74,0.07751870191763104
prostate,baseline,40000,79,72,72,0.04595687796178138
prostate,baseline,40000,79,65,65,0.023691405472996738
prostate,baseline,40000,79,78,78,0.24735935660996744
prostate,baseline,40000,79,78,78,0.3018815283573434
prostate,baseline,40000,79,76,76,0.2232469419213661
prostate,baseline,40000,79,78,78,0.011897422661238718
prostate,baseline,40000,79,77,77,0.2095064459597688
prostate,baseline,40000,79,74,74,0.11714271307701345
prostate,baseline,40000,79,74,74,0.16636900956722983
prostate,baseline,40000,79,78,78,0.16874120298976772
prostate,baseline,40000,79,78,78,0.2923330836277103
prostate,baseline,40000,79,78,78,0.244759836269789
prostate,baseline,40000,79,76,76,0.22455608458661597
prostate,baseline,40000,79,77,77,0.006360344808032342
prostate,baseline,40000,79,73,73,0.017818254891119132
prostate,baseline,40000,79,72,72,0.09644952419322717
prostate,baseline,40000,79,78,78,0.05141290317599042
prostate,baseline,40000,79,78,78,0.06370882549855751
prostate,baseline,40000,79,78,78,0.11045278615537538
prostate,baseline,40000,79,76,76,0.011363450819879089
prostate,baseline,40000,79,76,76,0.0769206466628539
prostate,baseline,40000,79,73,73,0.01722782952325976
prostate,baseline,40000,79,78,78,0.09320664385172206
prostate,baseline,40000,79,78,78,0.06192458312578639
prostate,baseline,40000,79,78,78,0.19162763003360062
prostate,baseline,40000,79,78,78,0.03093879998061057
prostate,baseline,40000,79,73,73,0.11841234606662011
prostate,baseline,40000,79,78,78,0.12057514339465565
prostate,baseline,40000,79,78,78,0.21205173572912422
prostate,baseline,40000,79,78,78,0.12102142533192026
prostate,baseline,40000,79,78,78,0.16812437346786102
prostate,baseline,40000,79,78,78,0.034115343928190815
prostate,baseline,40000,79,77,77,0.03494845952549356
prostate,baseline,40000,79,74,74,0.050298245359467114
prostate,baseline,40000,80,79,79,0.2945433302246751
prostate,baseline,40000,80,77,77,0.16879832375340895
prostate,baseline,40000,80,68,68,0.2358781898084023
prostate,baseline,40000,80,79,79,0.20268043604116084
prostate,baseline,40000,80,79,79,0.011255826930745385
prostate,baseline,40000,80,77,77,0.07562200176621708
prostate,baseline,40000,80,73,73,0.024099791292959236
prostate,baseline,40000,80,72,72,0.19068929565538795
prostate,baseline,40000,80,56,56,0.20487987241720187
prostate,baseline,40000,80,38,38,0.23236300516208894
prostate,baseline,40000,80,37,37,0.21298768757256178
prostate,baseline,40000,80,34,34,0.2350627796872351
prostate,baseline,40000,80,79,79,0.24321621264364493
prostate,baseline,40000,80,79,79,0.263151057027443
prostate,baseline,40000,80,79,79,0.0041307290970171604
prostate,baseline,40000,80,79,79,0.1888362827469595
prostate,baseline,40000,80,79,79,0.03034857152891704
prostate,baseline,40000,80,79,79,0.14677151469714128
prostate,baseline,40000,80,79,79,0.02151579133615391
prostate,baseline,40000,80,79,79,0.09902491082095591
prostate,baseline,40000,80,79,79,0.004495612150117022
prostate,baseline,40000,80,79,79,0.2395436637864228
prostate,baseline,40000,80,77,77,0.06932445489236354
prostate,baseline,40000,80,73,73,0.05770661697935764
prostate,baseline,40000,80,64,64,0.08011230592970617
prostate,baseline,40000,80,77,77,0.3190112941845327
prostate,baseline,40000,80,77,77,0.3184763641273962
prostate,baseline,40000,80,74,74,0.2540770653884243
prostate,baseline,40000,80,71,71,0.2986197751228473
prostate,baseline,40000,80,78,78,0.299895459589695
prostate,baseline,40000,80,76,76,0.27501398417757644
prostate,baseline,40000,80,73,73,0.27639938577565876
prostate,baseline,40000,80,72,72,0.2554035776934007
prostate,baseline,40000,80,67,67,0.1307945246897726
prostate,baseline,40000,80,78,78,0.013139013730010678
prostate,baseline,40000,80,71,71,0.15786661985187955
prostate,baseline,40000,80,67,67,0.16776158568342742
prostate,baseline,40000,80,65,65,0.09257715017213623
prostate,baseline,40000,80,63,63,0.14771397762414967
prostate,baseline,40000,80,63,63,0.16216149280654055
prostate,baseline,40000,80,60,60,0.17995307642114794
prostate,baseline,40000,80,78,78,0.23037592494001424
prostate,baseline,40000,80,73,73,0.21356656695027929
prostate,baseline,40000,80,79,79,0.1719420558294192
prostate,baseline,40000,80,79,79,0.19887226802653585
prostate,baseline,40000,80,73,73,0.15666888908078183
prostate,baseline,40000,80,72,72,0.03301860902804849
prostate,baseline,40000,80,79,79,0.25823645314979043
prostate,baseline,40000,80,78,78,0.2614496304935955
prostate,baseline,40000,80,78,78,0.25644773002716137
prostate,baseline,40000,80,68,68,0.059274555491099
prostate,baseline,40000,80,79,79,0.21048027573862155
prostate,baseline,40000,80,79,79,0.01887915550275705
prostate,baseline,40000,80,79,79,0.036454971023567394
prostate,baseline,40000,80,74,74,0.16387627759984424
prostate,baseline,40000,80,79,79,0.1387758824736745
prostate,baseline,40000,80,79,79,0.1812151981713482
prostate,baseline,40000,80,74,74,0.14782175347868315
prostate,baseline,40000,80,79,79,0.14782772915918013
prostate,baseline,40000,80,79,79,0.197369062827864
prostate,baseline,40000,80,78,78,0.3094563289553988
prostate,baseline,40000,80,77,77,0.24787750828296856
prostate,baseline,40000,80,75,75,0.32797697723333563
prostate,baseline,40000,80,73,73,0.3011618254351443
prostate,baseline,40000,80,73,73,0.27152959835444546
prostate,baseline,40000,80,70,70,0.2756265263889988
prostate,baseline,40000,80,67,67,0.2791749009662414
prostate,baseline,40000,80,66,66,0.314869496536058
prostate,baseline,40000,80,66,66,0.2767050932589319
prostate,baseline,40000,80,63,63,0.26793903713740713
prostate,baseline,40000,80,61,61,0.25550884371083077
prostate,baseline,40000,80,59,59,0.2803851536538699
prostate,baseline,40000,80,79,79,0.23165848800307795
prostate,baseline,40000,80,79,79,0.17655212606648477
prostate,baseline,40000,80,79,79,0.2938286277274151
prostate,baseline,40000,80,77,77,0.0679096130243276
prostate,baseline,40000,80,69,69,0.09464175311856991
prostate,baseline,40000,80,32,32,0.12380653506433127
prostate,baseline,40000,80,31,31,0.12862192103886153
prostate,baseline,40000,80,26,26,0.1389628845397415
prostate,baseline,40000,80,79,79,0.28913560423832474
prostate,baseline,40000,80,79,79,0.02961742961086738
prostate,baseline,40000,80,79,79,0.3095159863865105
prostate,baseline,40000,80,76,76,0.18016097678960044
prostate,baseline,40000,80,71,71,0.03459889864647436
prostate,baseline,40000,80,79,79,0.10825404974702495
prostate,baseline,40000,80,77,77,0.01012762386724979
prostate,baseline,40000,80,74,74,0.10226965191981321
prostate,baseline,40000,80,74,74,0.10753454535264047
prostate,baseline,40000,80,79,79,0.021684403424412406
prostate,baseline,40000,80,79,79,0.28109338002587525
prostate,baseline,40000,80,79,79,0.11096555112645878
prostate,baseline,40000,80,79,79,0.16994216072903578
prostate,baseline,40000,80,79,79,0.20262319913127044
prostate,baseline,40000,80,79,79,0.015509388629012489
prostate,baseline,40000,80,79,79,0.02260199086463163
prostate,baseline,40000,80,79,79,0.18210585837009313
prostate,baseline,40000,80,77,77,0.010830921071398096
prostate,baseline,40000,80,76,76,0.1180110327236901
prostate,baseline,40000,80,76,76,0.006415968914021392
prostate,baseline,40000,80,73,73,0.015093056974492544
prostate,baseline,40000,80,66,66,0.25287646084825877
prostate,baseline,40000,80,63,63,0.21425481609038163
prostate,baseline,40000,80,61,61,0.2227442312081867
prostate,baseline,40000,80,57,57,0.23100652154435944
prostate,baseline,40000,80,79,79,0.08930294683312155
prostate,baseline,40000,80,79,79,0.14010607993876723
prostate,baseline,40000,80,77,77,0.10096174437652522
prostate,baseline,40000,80,75,75,0.1484979470692445
prostate,baseline,40000,80,79,79,0.022379901940631598
prostate,baseline,40000,80,79,79,0.05709639652900797
prostate,baseline,40000,80,79,79,0.03445149818707586
prostate,baseline,40000,80,79,79,0.023807652054865933
prostate,baseline,40000,80,79,79,0.1711582898479113
prostate,baseline,40000,80,77,77,0.01641035193039394
prostate,baseline,40000,80,77,77,0.08939773430490748
prostate,baseline,40000,80,79,79,0.23251941930037065
prostate,baseline,40000,80,79,79,0.1418702335190231
prostate,baseline,40000,80,79,79,0.21889550577292005
prostate,baseline,40000,80,69,69,0.13248421559609005
prostate,baseline,40000,80,77,77,0.3236859018591077
prostate,baseline,40000,80,77,77,0.3001338856459778
prostate,baseline,40000,80,74,74,0.2506780549910909
prostate,baseline,40000,80,79,79,0.11422964838804921
prostate,baseline,40000,80,79,79,0.18138629109101
prostate,baseline,40000,80,79,79,0.04614023867475646
prostate,baseline,40000,80,77,77,0.010301782504882116
prostate,baseline,40000,80,77,77,0.09963058103869384
prostate,baseline,40000,80,76,76,0.12586600946237936
prostate,baseline,40000,80,79,79,0.1530106439153394
prostate,baseline,40000,80,79,79,0.11829261736242033
prostate,baseline,40000,80,79,79,0.07858099451250224
prostate,baseline,40000,80,79,79,0.06348758469502255
prostate,baseline,40000,80,79,79,0.3179676978948468
prostate,baseline,40000,80,79,79,0.2924790113903518
prostate,baseline,40000,80,79,79,0.18576654501929196
prostate,baseline,40000,80,79,79,0.03177358757868981
prostate,baseline,40000,80,76,76,0.19481675979180654
prostate,baseline,40000,80,71,71,0.048100800793424645
prostate,baseline,40000,80,79,79,0.22797361825286394
prostate,baseline,40000,80,79,79,0.2897597260704985
prostate,baseline,40000,80,74,74,0.23727080443943102
prostate,baseline,40000,80,56,56,0.11193306524041007
prostate,baseline,40000,80,34,34,0.1365965221947081
prostate,baseline,40000,80,32,32,0.12949097369557663
prostate,baseline,40000,80,26,26,0.1318955142130815
prostate,baseline,40000,80,79,79,0.24083804059994024
prostate,baseline,40000,80,79,79,0.1725200205496847
prostate,baseline,40000,80,79,79,0.08144833012116201
prostate,baseline,40000,80,76,76,0.03191365648630047
prostate,baseline,40000,80,76,76,0.14925638411325579
prostate,baseline,40000,80,79,79,0.05560456575919095
prostate,baseline,40000,80,79,79,0.11148535382596385
prostate,baseline,40000,80,77,77,0.08423191800678784
prostate,baseline,40000,80,76,76,0.013561534635311623
prostate,baseline,40000,80,70,70,0.030387239027607028
prostate,baseline,40000,80,79,79,0.22638960863918797
prostate,baseline,40000,80,79,79,0.1589091332122183
prostate,baseline,40000,80,79,79,0.25684660356535427
prostate,baseline,40000,80,38,38,0.1279493604614839
prostate,baseline,40000,80,37,37,0.16402456187768738
prostate,baseline,40000,80,34,34,0.15960105563438173
prostate,baseline,40000,80,34,34,0.13086495537633192
prostate,baseline,40000,80,26,26,0.13882720952563427
prostate,baseline,40000,80,79,79,0.1374451929856484
prostate,baseline,40000,80,69,69,0.10793301417403495
prostate,baseline,40000,80,72,72,0.13653089386523903
prostate,baseline,40000,80,72,72,0.11400899321845943
prostate,baseline,40000,80,70,70,0.12133188282111601
prostate,baseline,40000,80,49,49,0.16832542911257664
prostate,baseline,40000,80,37,37,0.19204953480479792
prostate,baseline,40000,80,79,79,0.3404139681645414
prostate,baseline,40000,80,78,78,0.25003392982105765
prostate,baseline,40000,80,73,73,0.2808329165149157
prostate,baseline,40000,80,70,70,0.2771295285515671
prostate,baseline,40000,80,78,78,0.06998400977525217
prostate,baseline,40000,80,78,78,0.1900622782868742
prostate,baseline,40000,80,78,78,0.19641123801003452
prostate,baseline,40000,80,73,73,0.15691307317275582
prostate,baseline,40000,80,63,63,0.21720213633520044
prostate,baseline,40000,80,63,63,0.23533160918071908
prostate,baseline,40000,80,43,43,0.21107394098484572
prostate,baseline,40000,80,40,40,0.18195202748487477
prostate,baseline,40000,80,38,38,0.18331732434413725
prostate,baseline,40000,80,38,38,0.2269343458898685
prostate,baseline,40000,80,37,37,0.18787504947590486
prostate,baseline,40000,80,34,34,0.14771675504774331
prostate,baseline,40000,80,26,26,0.20170417031615628
prostate,baseline,40000,80,78,78,0.18878231574521748
prostate,baseline,40000,80,78,78,0.22875250080882742
prostate,baseline,40000,80,78,78,0.17789059778777425
prostate,baseline,40000,80,78,78,0.10368672267938042
prostate,baseline,40000,80,78,78,0.18041614402049963
prostate,baseline,40000,80,78,78,0.10673626324491586
prostate,baseline,40000,80,77,77,0.1830366709772989
prostate,baseline,40000,80,76,76,0.15510873130735792
prostate,baseline,40000,80,76,76,0.01795495966091298
prostate,baseline,40000,80,74,74,0.18222488689411118
prostate,baseline,40000,80,79,79,0.19172157892901284
prostate,baseline,40000,80,60,60,0.16118785962092239
prostate,baseline,40000,80,69,69,0.148378526927254
prostate,baseline,40000,80,26,26,0.1853256835309489
prostate,baseline,40000,80,79,79,0.22261697706838457
prostate,baseline,40000,80,79,79,0.0793446945809901
prostate,baseline,40000,80,79,79,0.1336717968636658
prostate,baseline,40000,80,79,79,0.2312348781241936
prostate,baseline,40000,80,79,79,0.104410969946276
prostate,baseline,40000,80,79,79,0.21273775029943073
prostate,baseline,40000,80,75,75,0.15186156564052708
prostate,baseline,40000,80,79,79,0.10395160798752136
prostate,baseline,40000,80,79,79,0.1686542729705457
prostate,baseline,40000,80,79,79,0.005743770843065577
prostate,baseline,40000,80,79,79,0.032315760718527535
prostate,baseline,40000,80,77,77,0.0210596757164747
prostate,baseline,40000,80,76,76,0.09798245943474002
prostate,baseline,40000,80,74,74,0.07440366022093774
prostate,baseline,40000,80,79,79,0.2721774493755484
prostate,baseline,40000,80,79,79,0.1897851276452333
prostate,baseline,40000,80,76,76,0.2396502450467841
prostate,baseline,40000,80,79,79,0.25888510126912223
prostate,baseline,40000,80,79,79,0.18721588154224644
prostate,baseline,40000,80,78,78,0.09788372563774744
prostate,baseline,40000,80,78,78,0.10410646236119135
prostate,baseline,40000,80,77,77,0.03158027499414536
prostate,baseline,40000,80,76,76,0.10632669266178012
prostate,baseline,40000,80,75,75,0.1920959126277838
prostate,baseline,40000,80,74,74,0.0941260792829624
prostate,baseline,40000,80,74,74,0.19483890037541735
prostate,baseline,40000,80,79,79,0.08281331388912663
prostate,baseline,40000,80,79,79,0.070632570035624
prostate,baseline,40000,80,76,76,0.05417267440528786
prostate,baseline,40000,80,74,74,0.13206709879456502
prostate,baseline,40000,80,71,71,0.057386419854263127
prostate,baseline,40000,80,79,79,0.15650208403570126
prostate,baseline,40000,80,79,79,0.12588473483955448
prostate,baseline,40000,80,79,79,0.08927390997595414
prostate,baseline,40000,80,77,77,0.06829220711438973
prostate,baseline,40000,80,79,79,0.03903471945268204
prostate,baseline,40000,80,79,79,0.04547950911882816
prostate,baseline,40000,80,79,79,0.007219140362009442
prostate,baseline,40000,80,79,79,0.03905737320067904
prostate,baseline,40000,80,79,79,0.03906645856162094
prostate,baseline,40000,80,79,79,0.0041101601229395525
prostate,baseline,40000,80,79,79,0.0378949087601129
prostate,baseline,40000,80,79,79,0.004293494976579008
prostate,baseline,40000,80,79,79,0.024017087345267973
prostate,baseline,40000,80,79,79,0.007290753385826083
prostate,baseline,40000,80,79,79,0.05698450804837189
prostate,baseline,40000,80,79,79,0.0137875759334783
prostate,baseline,40000,80,79,79,0.00861347114660832
prostate,baseline,40000,80,79,79,0.040320435683442776
prostate,baseline,40000,80,79,79,0.00689611213788763
prostate,baseline,40000,80,79,79,0.00537888921167173
prostate,baseline,40000,80,79,79,0.013728660388074345
prostate,baseline,40000,80,79,79,0.004804594781530997
prostate,baseline,40000,80,79,79,0.03904501593158384
prostate,baseline,40000,80,79,79,0.012617804302501298
prostate,baseline,40000,80,79,79,0.03810941129852853
prostate,baseline,40000,80,79,79,0.007858601926391729
prostate,baseline,40000,80,78,78,0.008405894641582316
prostate,baseline,40000,80,78,78,0.005826454164365362
prostate,baseline,40000,80,78,78,0.051150442895785034
prostate,baseline,40000,80,77,77,0.037134861885767936
prostate,baseline,40000,80,77,77,0.033557661306556595
prostate,baseline,40000,80,77,77,0.034438020834677556
prostate,baseline,40000,80,73,73,0.051219736162580874
prostate,baseline,40000,80,79,79,0.1837555240365254
prostate,baseline,40000,80,79,79,0.012210961733609789
prostate,baseline,40000,80,79,79,0.09352119826942865
prostate,baseline,40000,80,79,79,0.21303369653022683
prostate,baseline,40000,80,79,79,0.07527970112446183
prostate,baseline,40000,80,79,79,0.19023642196129092
prostate,baseline,40000,80,72,72,0.051248427980635475
prostate,baseline,40000,80,79,79,0.12894864284599736
prostate,baseline,40000,80,79,79,0.16890296237833397
prostate,baseline,40000,80,79,79,0.05935186652179889
prostate,baseline,40000,80,77,77,0.036515849968969956
prostate,baseline,40000,80,75,75,0.12738850941157273
prostate,baseline,40000,80,71,71,0.026736237767214607
prostate,baseline,40000,80,79,79,0.006623981092232731
prostate,baseline,40000,80,79,79,0.010045451154087764
prostate,baseline,40000,80,79,79,0.1649489090915184
prostate,baseline,40000,80,79,79,0.07810505844823061
prostate,baseline,40000,80,79,79,0.13014248411385546
prostate,baseline,40000,80,74,74,0.0810858856021833
prostate,baseline,40000,80,79,79,0.24868584344861075
prostate,baseline,40000,80,79,79,0.22901130176131723
prostate,baseline,40000,80,79,79,0.027862096815237943
prostate,baseline,40000,80,78,78,0.2390804584510459
prostate,baseline,40000,80,75,75,0.20613486701734124
prostate,baseline,40000,80,79,79,0.1361164471027116
prostate,baseline,40000,80,79,79,0.18341628009411387
prostate,baseline,40000,80,77,77,0.17244364295570477
prostate,baseline,40000,80,79,79,0.1218348497857187
prostate,baseline,40000,80,74,74,0.11464766385822063
prostate,baseline,40000,80,78,78,0.26213946768360813
prostate,baseline,40000,80,78,78,0.2615655928113376
prostate,baseline,40000,80,77,77,0.22193250374066484
prostate,baseline,40000,80,75,75,0.24789386128768295
prostate,baseline,40000,80,71,71,0.21497971265656105
prostate,baseline,40000,80,68,68,0.05766419653491394
prostate,baseline,40000,80,79,79,0.20051304510134085
prostate,baseline,40000,80,79,79,0.27633091353513695
prostate,baseline,40000,80,73,73,0.24545344502189329
prostate,baseline,40000,80,73,73,0.2500534281205533
prostate,baseline,40000,80,79,79,0.05645023949504264
prostate,baseline,40000,80,79,79,0.1803673640615209
prostate,baseline,40000,80,77,77,0.01809419772549704
prostate,baseline,40000,80,76,76,0.07792691530723098
prostate,baseline,40000,80,74,74,0.1661675378172297
prostate,baseline,40000,80,79,79,0.3088683416738887
prostate,baseline,40000,80,79,79,0.018138821096103434
prostate,baseline,40000,80,79,79,0.28041257805720576
prostate,baseline,40000,80,79,79,0.16567164008648097
prostate,baseline,40000,80,79,79,0.28739022090554855
prostate,baseline,40000,80,79,79,0.1587460822390903
prostate,baseline,40000,80,79,79,0.25638950616123724
prostate,baseline,40000,80,77,77,0.22125735519583384
prostate,baseline,40000,80,79,79,0.11500640863069289
prostate,baseline,40000,80,79,79,0.06166647682465926
prostate,baseline,40000,80,79,79,0.004557305603951043
prostate,baseline,40000,80,79,79,0.011586431287049646
prostate,baseline,40000,80,79,79,0.18137284748094892
prostate,baseline,40000,80,77,77,0.08946576241997226
prostate,baseline,40000,80,76,76,0.03833262039190435
prostate,baseline,40000,80,76,76,0.07627875254841611
prostate,baseline,40000,80,55,55,0.04949138419771035
prostate,baseline,40000,80,79,79,0.17952379070843177
prostate,baseline,40000,80,79,79,0.10591280711601354
prostate,baseline,40000,80,79,79,0.06045822972915848
prostate,baseline,40000,80,77,77,0.004985425007002325
prostate,baseline,40000,80,75,75,0.125600959927872
prostate,baseline,40000,80,79,79,0.15885776125701526
prostate,baseline,40000,80,79,79,0.19431261506175984
prostate,baseline,40000,80,79,79,0.1968976413027289
prostate,baseline,40000,80,79,79,0.11126449681098358
prostate,baseline,40000,80,75,75,0.14571609911476224
prostate,baseline,40000,80,76,76,0.21952948183583132
prostate,baseline,40000,80,76,76,0.15757712747758004
prostate,baseline,40000,80,76,76,0.21418282401563768
prostate,baseline,40000,80,75,75,0.23913360073151754
prostate,baseline,40000,80,75,75,0.22490986669502722
prostate,baseline,40000,80,71,71,0.22036707362136487
prostate,baseline,40000,80,77,77,0.31849951776775937
prostate,baseline,40000,80,73,73,0.3050526923405586
prostate,baseline,40000,80,71,71,0.3219413282150298
prostate,baseline,40000,80,71,71,0.10987902733338208
prostate,baseline,40000,80,68,68,0.16199933151066223
prostate,baseline,40000,80,66,66,0.07801635413256357
prostate,baseline,40000,80,63,63,0.1595955416982828
prostate,baseline,40000,80,62,62,0.04216435951599971
prostate,baseline,40000,80,53,53,0.15769653569720607
prostate,baseline,40000,80,79,79,0.13082337105601888
prostate,baseline,40000,80,78,78,0.17427392970078573
prostate,baseline,40000,80,78,78,0.060968324672666316
prostate,baseline,40000,80,78,78,0.16700213264267885
prostate,baseline,40000,80,77,77,0.18156273674486967
prostate,baseline,40000,80,77,77,0.17998216444141937
prostate,baseline,40000,80,76,76,0.1900329542789472
prostate,baseline,40000,80,76,76,0.02082525174495991
prostate,baseline,40000,80,76,76,0.17730246869229607
prostate,baseline,40000,80,75,75,0.1272948739114925
prostate,baseline,40000,80,75,75,0.1654619509276275
prostate,baseline,40000,80,79,79,0.17408400514530956
prostate,baseline,40000,80,77,77,0.16131855224208658
prostate,baseline,40000,80,68,68,0.04234846052817194
prostate,baseline,40000,80,78,78,0.057325764968266635
prostate,baseline,40000,80,78,78,0.06613168019255027
prostate,baseline,40000,80,78,78,0.110175077163389
prostate,baseline,40000,80,73,73,0.10206255497084878
prostate,baseline,40000,80,73,73,0.13059734363800535
prostate,baseline,40000,80,71,71,0.0423091873530847
prostate,baseline,40000,80,79,79,0.0581675787484143
prostate,baseline,40000,80,79,79,0.10735686577001664
prostate,baseline,40000,80,74,74,0.10839915481923598
prostate,baseline,40000,80,65,65,0.09953864261023573
prostate,baseline,40000,80,77,77,0.09665888481911825
prostate,baseline,40000,80,68,68,0.11159373496432201
prostate,baseline,40000,80,42,42,0.05504035803103996
prostate,baseline,40000,80,38,38,0.05265821292140092
prostate,baseline,40000,80,78,78,0.26154111249818573
prostate,baseline,40000,80,77,77,0.2792976412492413
prostate,baseline,40000,80,77,77,0.24444061553146848
prostate,baseline,40000,80,74,74,0.231153524375095
prostate,baseline,40000,80,73,73,0.2279787950453692
prostate,baseline,40000,80,73,73,0.26191276217747395
prostate,baseline,40000,80,73,73,0.23972275716556082
prostate,baseline,40000,80,73,73,0.24396029029696853
prostate,baseline,40000,80,73,73,0.24781794193436676
prostate,baseline,40000,80,73,73,0.2278224558040034
prostate,baseline,40000,80,73,73,0.22998663037120431
prostate,baseline,40000,80,73,73,0.2591634281976964
prostate,baseline,40000,80,73,73,0.2366061562385136
prostate,baseline,40000,80,72,72,0.24960180676150573
prostate,baseline,40000,80,72,72,0.2419705977600424
prostate,baseline,40000,80,72,72,0.2651982669605195
prostate,baseline,40000,80,71,71,0.24009176726655318
prostate,baseline,40000,80,70,70,0.23045107430620057
prostate,baseline,40000,80,70,70,0.23103155781127568
prostate,baseline,40000,80,64,64,0.24849014061888935
prostate,baseline,40000,80,79,79,0.13413137705773232
prostate,baseline,40000,80,78,78,0.0712439162487278
prostate,baseline,40000,80,79,79,0.1936470617886979
prostate,baseline,40000,80,79,79,0.1579503327375078
prostate,baseline,40000,80,54,54,0.04445602485032492
prostate,baseline,40000,80,79,79,0.035888612629987514
prostate,baseline,40000,80,79,79,0.07353379761092853
prostate,baseline,40000,80,79,79,0.1778959500383099
prostate,baseline,40000,80,79,79,0.029821827766107745
prostate,baseline,40000,80,78,78,0.01231203668332194
prostate,baseline,40000,80,77,77,0.07101026341692117
prostate,baseline,40000,80,77,77,0.025656292993757667
prostate,baseline,40000,80,77,77,0.0851722407587559
prostate,baseline,40000,80,75,75,0.10955690300631642
prostate,baseline,40000,80,75,75,0.022108645370732292
prostate,baseline,40000,80,79,79,0.0033038730898433317
prostate,baseline,40000,80,79,79,0.08945903727742684
prostate,baseline,40000,80,79,79,0.0068369653428721755
prostate,baseline,40000,80,79,79,0.09659662803218161
prostate,baseline,40000,80,78,78,0.0037560827906930293
prostate,baseline,40000,80,75,75,0.0876479162539465
prostate,baseline,40000,80,79,79,0.23219406800540052
prostate,baseline,40000,80,79,79,0.22641844549718695
prostate,baseline,40000,80,76,76,0.1143923645818579
prostate,baseline,40000,80,79,79,0.1246122285144159
prostate,baseline,40000,80,78,78,0.19366774795790315
prostate,baseline,40000,80,73,73,0.22317064494378816
prostate,baseline,40000,80,79,79,0.016419919605921773
prostate,baseline,40000,80,74,74,0.09737688387883901
prostate,baseline,40000,80,79,79,0.05615988520693124
prostate,baseline,40000,80,79,79,0.08748566351883402
prostate,baseline,40000,80,79,79,0.113015392351659
prostate,baseline,40000,80,78,78,0.014299284753428195
prostate,baseline,40000,80,78,78,0.2285824923004649
prostate,baseline,40000,80,76,76,0.2611930272649263
prostate,baseline,40000,80,74,74,0.23036316224563586
prostate,baseline,40000,80,78,78,0.2000236875104873
prostate,baseline,40000,80,78,78,0.17623565438444222
prostate,baseline,40000,80,77,77,0.1881697287714808
prostate,baseline,40000,80,77,77,0.11609095083785524
prostate,baseline,40000,80,76,76,0.14428764711687317
prostate,baseline,40000,80,76,76,0.17719848573503436
prostate,baseline,40000,80,67,67,0.15872210234618683
prostate,baseline,40000,80,79,79,0.135188112915835
prostate,baseline,40000,80,77,77,0.3386309030022343
prostate,baseline,40000,80,73,73,0.3243638543014545
prostate,baseline,40000,80,67,67,0.32916673000661734
prostate,baseline,40000,80,79,79,0.0977068517080974
prostate,baseline,40000,80,79,79,0.10025429107203347
prostate,baseline,40000,80,79,79,0.2062706392159698
prostate,baseline,40000,80,74,74,0.17113340667404486
prostate,baseline,40000,80,74,74,0.04575972740965113
prostate,baseline,40000,80,79,79,0.31339689077454735
prostate,baseline,40000,80,77,77,0.28741298966289136
prostate,baseline,40000,80,75,75,0.3040259203561331
prostate,baseline,40000,80,75,75,0.29956061094771785
prostate,baseline,40000,80,64,64,0.3111614614169119
prostate,baseline,40000,80,16,16,0.4154329712610266
prostate,baseline,40000,80,79,79,0.12447624573640481
prostate,baseline,40000,80,77,77,0.1106276205859077
prostate,baseline,40000,80,79,79,0.29034713684657104
prostate,baseline,40000,80,79,79,0.3398379976885285
prostate,baseline,40000,80,67,67,0.15116379558771104
prostate,baseline,40000,80,51,51,0.1532475859693982
prostate,baseline,40000,80,49,49,0.14867953469880904
prostate,baseline,40000,80,26,26,0.19027174735934732
prostate,baseline,40000,80,77,77,0.2540333039076453
prostate,baseline,40000,80,77,77,0.25346647964600305
prostate,baseline,40000,80,77,77,0.24717126031215225
prostate,baseline,40000,80,77,77,0.24869986059878602
prostate,baseline,40000,80,60,60,0.23379773046910962
prostate,baseline,40000,80,79,79,0.016284913015231075
prostate,baseline,40000,80,79,79,0.3170856367963269
prostate,baseline,40000,80,79,79,0.2587994651504991
prostate,baseline,40000,80,77,77,0.019890988617538678
prostate,baseline,40000,80,76,76,0.20196596566289515
prostate,baseline,40000,80,79,79,0.10827779537134322
prostate,baseline,40000,80,77,77,0.0820372764737465
prostate,baseline,40000,80,76,76,0.014739700801712935
prostate,baseline,40000,80,73,73,0.06642669912296023
prostate,baseline,40000,80,70,70,0.030277790309856976
prostate,baseline,40000,80,79,79,0.062015053801193994
prostate,baseline,40000,80,79,79,0.11146030825149292
prostate,baseline,40000,80,79,79,0.007649158480355498
prostate,baseline,40000,80,79,79,0.04994405721014859
prostate,baseline,40000,80,77,77,0.007393933604744871
prostate,baseline,40000,80,76,76,0.008854438904850593
prostate,baseline,40000,80,73,73,0.01792641761457719
prostate,baseline,40000,80,79,79,0.21723215807259094
prostate,baseline,40000,80,79,79,0.010687885388792721
prostate,baseline,40000,80,79,79,0.23523655698154777
prostate,baseline,40000,80,79,79,0.28998192526027977
prostate,baseline,40000,80,77,77,0.1722755769561956
prostate,baseline,40000,80,79,79,0.23709228438682284
prostate,baseline,40000,80,79,79,0.024543943314239685
prostate,baseline,40000,80,79,79,0.25660182837361456
prostate,baseline,40000,80,77,77,0.16458081308353595
prostate,baseline,40000,80,79,79,0.0157355827587995
prostate,baseline,40000,80,79,79,0.21797651367890208
prostate,baseline,40000,80,79,79,0.25080665145564973
prostate,baseline,40000,80,77,77,0.18588731564592448
prostate,baseline,40000,80,72,72,0.19349787917823996
prostate,baseline,40000,80,79,79,0.1803600447132749
prostate,baseline,40000,80,79,79,0.18389925353167721
prostate,baseline,40000,80,78,78,0.24967227911372517
prostate,baseline,40000,80,78,78,0.2861950161481224
prostate,baseline,40000,80,78,78,0.31396468224792123
prostate,baseline,40000,80,74,74,0.31305913493670795
prostate,baseline,40000,80,66,66,0.25995397723804
prostate,baseline,40000,80,64,64,0.23026637831250132
prostate,baseline,40000,80,79,79,0.2976090034100656
prostate,baseline,40000,80,78,78,0.22655759192383298
prostate,baseline,40000,80,73,73,0.2390209549433462
prostate,baseline,40000,80,78,78,0.13310019378323798
prostate,baseline,40000,80,78,78,0.22716138294112986
prostate,baseline,40000,80,78,78,0.1402800535717868
prostate,baseline,40000,80,78,78,0.16449722932539274
prostate,baseline,40000,80,76,76,0.021026899435051663
prostate,baseline,40000,80,75,75,0.192028599758672
prostate,baseline,40000,80,75,75,0.18406064563355826
prostate,baseline,40000,80,75,75,0.19320799533487618
prostate,baseline,40000,80,75,75,0.1278754757886186
prostate,baseline,40000,80,74,74,0.1885019551675904
prostate,baseline,40000,80,72,72,0.1668179365556547
prostate,baseline,40000,80,65,65,0.16504068469166094
prostate,baseline,40000,80,76,76,0.14280132299213164
prostate,baseline,40000,80,76,76,0.06953678949132745
prostate,baseline,40000,80,64,64,0.11111694031002264
prostate,baseline,40000,80,79,79,0.28035436059269575
prostate,baseline,40000,80,76,76,0.20818219024924864
prostate,baseline,40000,80,76,76,0.20866421418357292
prostate,baseline,40000,80,79,79,0.23270190184815961
prostate,baseline,40000,80,74,74,0.2678449114660071
prostate,baseline,40000,80,72,72,0.22652853985350457
prostate,baseline,40000,80,79,79,0.17376505192766042
prostate,baseline,40000,80,79,79,0.14179634617653677
prostate,baseline,40000,80,74,74,0.09314373135237071
prostate,baseline,40000,80,79,79,0.23321018328554305
prostate,baseline,40000,80,74,74,0.24009847774666404
prostate,baseline,40000,80,73,73,0.23590974904535825
prostate,baseline,40000,80,72,72,0.26787541055397873
prostate,baseline,40000,80,57,57,0.24618612260047626
prostate,baseline,40000,80,51,51,0.24800677644736344
prostate,baseline,40000,80,19,19,0.37224323210566806
prostate,baseline,40000,80,79,79,0.14468395700254966
prostate,baseline,40000,80,79,79,0.17965299980017027
prostate,baseline,40000,80,66,66,0.027905150345884755
prostate,baseline,40000,80,70,70,0.0840977148404093
prostate,baseline,40000,80,67,67,0.14846210470163557
prostate,baseline,40000,80,64,64,0.1179404422435529
prostate,baseline,40000,80,79,79,0.28056362809489277
prostate,baseline,40000,80,77,77,0.25628037195296627
prostate,baseline,40000,80,74,74,0.29539917506452884
prostate,baseline,40000,80,79,79,0.11139047548892943
prostate,baseline,40000,80,79,79,0.07128959670805406
prostate,baseline,40000,80,77,77,0.07808390151319576
prostate,baseline,40000,80,77,77,0.03114374200870555
prostate,baseline,40000,80,79,79,0.0558186418587604
prostate,baseline,40000,80,79,79,0.008468898206492515
prostate,baseline,40000,80,79,79,0.09456996529799837
prostate,baseline,40000,80,77,77,0.016926979591568313
prostate,baseline,40000,80,77,77,0.01792916652964039
prostate,baseline,40000,80,79,79,0.27659373622783906
prostate,baseline,40000,80,79,79,0.19451609683155097
prostate,baseline,40000,80,79,79,0.27479456307709244
prostate,baseline,40000,80,76,76,0.1778287861022739
prostate,baseline,40000,80,77,77,0.22630770432824152
prostate,baseline,40000,80,75,75,0.21205064869665727
prostate,baseline,40000,80,74,74,0.2373991134625335
prostate,baseline,40000,80,71,71,0.022060292193718068
prostate,baseline,40000,80,79,79,0.21319301757119574
prostate,baseline,40000,80,63,63,0.12495851776632547
prostate,baseline,40000,80,61,61,0.13601701490584392
prostate,baseline,40000,80,79,79,0.04232665693242432
prostate,baseline,40000,80,79,79,0.006202181925806325
prostate,baseline,40000,80,79,79,0.02171247552337218
prostate,baseline,40000,80,79,79,0.06540269436981502
prostate,baseline,40000,80,79,79,0.003228077966750688
prostate,baseline,40000,80,79,79,0.0057564394376706796
prostate,baseline,40000,80,79,79,0.011570857745269237
prostate,baseline,40000,80,79,79,0.036597931871426605
prostate,baseline,40000,80,79,79,0.010387769158563142
prostate,baseline,40000,80,79,79,0.016613872267466013
prostate,baseline,40000,80,79,79,0.01242388250966479
prostate,baseline,40000,80,79,79,0.12356708738480722
prostate,baseline,40000,80,79,79,0.01008436972105194
prostate,baseline,40000,80,79,79,0.003470327458936755
prostate,baseline,40000,80,79,79,0.014076831095510178
prostate,baseline,40000,80,78,78,0.02632723504556666
prostate,baseline,40000,80,78,78,0.022763630886541358
prostate,baseline,40000,80,78,78,0.008442858364878729
prostate,baseline,40000,80,77,77,0.0065997376680615215
prostate,baseline,40000,80,77,77,0.022376152859464253
prostate,baseline,40000,80,77,77,0.018278964362100646
prostate,baseline,40000,80,77,77,0.008784418673921789
prostate,baseline,40000,80,73,73,0.013879683214441638
prostate,baseline,40000,80,79,79,0.06564923871233964
prostate,baseline,40000,80,79,79,0.20359140425765265
prostate,baseline,40000,80,79,79,0.10006857633812136
prostate,baseline,40000,80,79,79,0.017392767884018855
prostate,baseline,40000,80,78,78,0.006604116921174133
prostate,baseline,40000,80,78,78,0.013309347566118722
prostate,baseline,40000,80,78,78,0.03298946467293779
prostate,baseline,40000,80,73,73,0.023698099356720414
prostate,baseline,40000,80,75,75,0.10614024965209409
prostate,baseline,40000,80,73,73,0.07905765610695838
prostate,baseline,40000,80,51,51,0.09289643375026634
prostate,baseline,40000,80,70,70,0.3063854503312904
prostate,baseline,40000,80,63,63,0.32541916393519305
prostate,baseline,40000,80,55,55,0.31614640212896705
prostate,baseline,40000,80,49,49,0.3438132279961619
prostate,baseline,40000,80,43,43,0.3099585980268296
prostate,baseline,40000,80,42,42,0.30193931746518493
prostate,baseline,40000,80,38,38,0.2882093347333143
prostate,baseline,40000,80,37,37,0.3220911934304737
prostate,baseline,40000,80,79,79,0.14652019085705673
prostate,baseline,40000,80,75,75,0.27204923270943515
prostate,baseline,40000,80,79,79,0.19073472449632894
prostate,baseline,40000,80,79,79,0.02975814493714576
prostate,baseline,40000,80,74,74,0.15652726272125123
prostate,baseline,40000,80,79,79,0.10578482693806561
prostate,baseline,40000,80,79,79,0.12878170172673728
prostate,baseline,40000,80,72,72,0.19573318610223303
prostate,baseline,40000,80,79,79,0.10722438206986958
prostate,baseline,40000,80,76,76,0.09500361940056554
prostate,baseline,40000,80,75,75,0.05815341813589171
prostate,baseline,40000,80,73,73,0.1049405526996918
prostate,baseline,40000,80,71,71,0.03997050946621404
prostate,baseline,40000,80,70,70,0.10559050587257146
prostate,baseline,40000,80,79,79,0.13969967565352648
prostate,baseline,40000,80,74,74,0.1599125347511304
prostate,baseline,40000,80,66,66,0.17605645263932754
prostate,baseline,40000,80,26,26,0.2456125601388742
prostate,baseline,40000,80,79,79,0.2776029296742923
prostate,baseline,40000,80,79,79,0.3212998630453633
prostate,baseline,40000,80,79,79,0.03880666830960849
prostate,baseline,40000,80,77,77,0.12818748262307675
prostate,baseline,40000,80,77,77,0.07861277695283414
prostate,baseline,40000,80,76,76,0.16891450785020445
prostate,baseline,40000,80,77,77,0.14023234535744442
prostate,baseline,40000,80,75,75,0.16258358893358857
prostate,baseline,40000,80,55,55,0.16479362231438174
prostate,baseline,40000,80,79,79,0.12066185242814663
prostate,baseline,40000,80,79,79,0.19400855141678408
prostate,baseline,40000,80,79,79,0.014236251462263538
prostate,baseline,40000,80,77,77,0.030410561161741154
prostate,baseline,40000,80,77,77,0.03452900101405866
prostate,baseline,40000,80,77,77,0.043989026747301034
prostate,baseline,40000,80,76,76,0.13950663250398002
prostate,baseline,40000,80,79,79,0.24985956711604496
prostate,baseline,40000,80,79,79,0.0007524599181726274
prostate,baseline,40000,80,79,79,0.20949020433329515
prostate,baseline,40000,80,79,79,0.25885507333923435
prostate,baseline,40000,80,79,79,0.030151231117643586
prostate,baseline,40000,80,75,75,0.18570322277978124
prostate,baseline,40000,80,79,79,0.15545954201378906
prostate,baseline,40000,80,79,79,0.2022951352272713
prostate,baseline,40000,80,74,74,0.15924767253295075
prostate,baseline,40000,80,79,79,0.022462813087861373
prostate,baseline,40000,80,67,67,0.14739220989121624
prostate,baseline,40000,80,56,56,0.15343482886277013
prostate,baseline,40000,80,38,38,0.2036602794582751
prostate,baseline,40000,80,79,79,0.051362116211506055
prostate,baseline,40000,80,79,79,0.08573526119193885
prostate,baseline,40000,80,77,77,0.08520557180877195
prostate,baseline,40000,80,77,77,0.017902598975264875
prostate,baseline,40000,80,76,76,0.0451317671201509
prostate,baseline,40000,80,76,76,0.04326094994618317
prostate,baseline,40000,80,73,73,0.07819869792731247
prostate,baseline,40000,80,79,79,0.24482479451154934
prostate,baseline,40000,80,79,79,0.20323830855935573
prostate,baseline,40000,80,79,79,0.2987933164559088
prostate,baseline,40000,80,77,77,0.10677380722303104
prostate,baseline,40000,80,77,77,0.19134148574113555
prostate,baseline,40000,80,79,79,0.10952757333690881
prostate,baseline,40000,80,74,74,0.07019677515036858
prostate,baseline,40000,80,70,70,0.1084787623080816
prostate,baseline,40000,80,65,65,0.10043527184508964
prostate,baseline,40000,80,57,57,0.07651662636156265
prostate,baseline,40000,80,42,42,0.22547913257086044
prostate,baseline,40000,80,39,39,0.247157852537564
prostate,baseline,40000,80,38,38,0.22534099072119892
prostate,baseline,40000,80,37,37,0.24192350177625935
prostate,baseline,40000,80,79,79,0.1155443117021152
prostate,baseline,40000,80,79,79,0.013345385561350244
prostate,baseline,40000,80,77,77,0.0882136445912119
prostate,baseline,40000,80,75,75,0.1111697061492485
prostate,baseline,40000,80,78,78,0.2489017991259584
prostate,baseline,40000,80,77,77,0.21400730593143694
prostate,baseline,40000,80,77,77,0.24213527485111205
prostate,baseline,40000,80,77,77,0.21128351401129228
prostate,baseline,40000,80,77,77,0.22759475112634578
prostate,baseline,40000,80,76,76,0.09750279740957683
prostate,baseline,40000,80,74,74,0.11877174189433605
prostate,baseline,40000,80,42,42,0.05810866034099106
prostate,baseline,40000,80,77,77,0.04564662544584901
prostate,baseline,40000,80,77,77,0.07187529986473445
prostate,baseline,40000,80,76,76,0.08148243309261191
prostate,baseline,40000,80,55,55,0.037847522629450576
prostate,baseline,40000,80,79,79,0.2673069932580628
prostate,baseline,40000,80,79,79,0.2556840276414224
prostate,baseline,40000,80,79,79,0.2681168302560291
prostate,baseline,40000,80,77,77,0.21870673031071455
prostate,baseline,40000,80,77,77,0.1848008073100414
prostate,baseline,40000,80,76,76,0.11459653320283253
prostate,baseline,40000,80,69,69,0.023332318840789686
prostate,baseline,40000,80,64,64,0.18679227613019272
prostate,baseline,40000,80,79,79,0.3120944051781205
prostate,baseline,40000,80,79,79,0.23905318125918254
prostate,baseline,40000,80,79,79,0.15704033551277477
prostate,baseline,40000,80,77,77,0.1193876155175876
prostate,baseline,40000,80,79,79,0.07001781040918534
prostate,baseline,40000,80,79,79,0.21879580119992786
prostate,baseline,40000,80,74,74,0.12421266039562644
prostate,baseline,40000,80,79,79,0.076921825418191
prostate,baseline,40000,80,79,79,0.14966911177679085
prostate,baseline,40000,80,77,77,0.1013163858350068
prostate,baseline,40000,80,77,77,0.02538790617647347
prostate,baseline,40000,80,77,77,0.06398780642914509
prostate,baseline,40000,80,76,76,0.1261870353314801
prostate,baseline,40000,80,78,78,0.2441432990412826
prostate,baseline,40000,80,79,79,0.11876773153094441
prostate,baseline,40000,80,62,62,0.12281437288169995
prostate,baseline,40000,80,76,76,0.07979709776557861
prostate,baseline,40000,80,65,65,0.08024412478679847
prostate,baseline,40000,80,55,55,0.06654589298482444
prostate,baseline,40000,80,42,42,0.033419138250780175
prostate,baseline,40000,80,38,38,0.03501350524690414
prostate,baseline,40000,80,37,37,0.1313767377667813
prostate,baseline,40000,80,79,79,0.10462474255734192
prostate,baseline,40000,80,79,79,0.02325050323178761
prostate,baseline,40000,80,79,79,0.058893135030723236
prostate,baseline,40000,80,77,77,0.03307858418432019
prostate,baseline,40000,80,74,74,0.09574495270198669
prostate,baseline,40000,80,79,79,0.0512436742152063
prostate,baseline,40000,80,79,79,0.10410436777461891
prostate,baseline,40000,80,78,78,0.07617011295488489
prostate,baseline,40000,80,59,59,0.1089255137593007
prostate,baseline,40000,80,26,26,0.13864280236216947
prostate,baseline,40000,80,77,77,0.1432838399432342
prostate,baseline,40000,80,74,74,0.16884618092210438
prostate,baseline,40000,80,51,51,0.1687842825189783
prostate,baseline,40000,80,79,79,0.1682595234905029
prostate,baseline,40000,80,78,78,0.0692191183000239
prostate,baseline,40000,80,79,79,0.22558236577744692
prostate,baseline,40000,80,79,79,0.1881058371215369
prostate,baseline,40000,80,76,76,0.13863305009535723
prostate,baseline,40000,80,73,73,0.14994584679218928
prostate,baseline,40000,80,72,72,0.01830326965377481
prostate,baseline,40000,80,71,71,0.16457215660791222
prostate,baseline,40000,80,70,70,0.12528051649799654
prostate,baseline,40000,80,69,69,0.14100768059388163
prostate,baseline,40000,80,69,69,0.06925665227367889
prostate,baseline,40000,80,34,34,0.20423444266119495
prostate,baseline,40000,80,79,79,0.1553068489058439
prostate,baseline,40000,80,79,79,0.10073427525970177
prostate,baseline,40000,80,74,74,0.016634477317991347
prostate,baseline,40000,80,75,75,0.07280759564821858
prostate,baseline,40000,80,75,75,0.10189965976904031
prostate,baseline,40000,80,72,72,0.09276497281283021
prostate,baseline,40000,80,68,68,0.03265475005142525
prostate,baseline,40000,80,67,67,0.09487164347711596
prostate,baseline,40000,80,79,79,0.19103291266891112
prostate,baseline,40000,80,75,75,0.3286666823097955
prostate,baseline,40000,80,79,79,0.17813754258225784
prostate,baseline,40000,80,77,77,0.14402320211464512
prostate,baseline,40000,80,73,73,0.15867282525473994
prostate,baseline,40000,80,71,71,0.14140200864101551
prostate,baseline,40000,80,68,68,0.035182846816117046
prostate,baseline,40000,80,79,79,0.0971794152663434
prostate,baseline,40000,80,79,79,0.1070838648490154
prostate,baseline,40000,80,79,79,0.19438034630352224
prostate,baseline,40000,80,77,77,0.1547236178885984
prostate,baseline,40000,80,26,26,0.2136336110563361
prostate,baseline,40000,80,79,79,0.25472616948141785
prostate,baseline,40000,80,79,79,0.23969420464455993
prostate,baseline,40000,80,79,79,0.02614182069919366
prostate,baseline,40000,80,74,74,0.2385248341375749
prostate,baseline,40000,80,79,79,0.10554718738894105
prostate,baseline,40000,80,77,77,0.0849604145531428
prostate,baseline,40000,80,77,77,0.058676399647238094
prostate,baseline,40000,80,77,77,0.05775064300266625
prostate,baseline,40000,80,75,75,0.05637607995889566
prostate,baseline,40000,80,74,74,0.06952016709670338
prostate,baseline,40000,80,71,71,0.044217047861060524
prostate,baseline,40000,80,69,69,0.06708592406496892
prostate,baseline,40000,80,79,79,0.17319055516913623
prostate,baseline,40000,80,74,74,0.16239031017388927
prostate,baseline,40000,80,68,68,0.0394978671653612
prostate,baseline,40000,80,79,79,0.2843504702862573
prostate,baseline,40000,80,79,79,0.3240434115438026
prostate,baseline,40000,80,79,79,0.11147456372303094
prostate,baseline,40000,80,79,79,0.1265844798268422
prostate,baseline,40000,80,77,77,0.023630929490411783
prostate,baseline,40000,80,75,75,0.12757503201238626
prostate,baseline,40000,80,74,74,0.12412634282159338
prostate,baseline,40000,80,78,78,0.19423868064405553
prostate,baseline,40000,80,76,76,0.0978296636815759
prostate,baseline,40000,80,79,79,0.12128321505884423
prostate,baseline,40000,80,77,77,0.08252570825552664
prostate,baseline,40000,80,77,77,0.06601672536146463
prostate,baseline,40000,80,74,74,0.021104135555957085
prostate,baseline,40000,80,79,79,0.04937503612267216
prostate,baseline,40000,80,79,79,0.02558509503004662
prostate,baseline,40000,80,79,79,0.18916055129639897
prostate,baseline,40000,80,79,79,0.0063159864507065415
prostate,baseline,40000,80,79,79,0.12122866732268317
prostate,baseline,40000,80,79,79,0.0668120155529085
prostate,baseline,40000,80,77,77,0.10950868345710248
prostate,baseline,40000,80,77,77,0.1656391519948206
prostate,baseline,40000,80,72,72,0.07210490672017235
prostate,baseline,40000,80,60,60,0.1866876136435924
prostate,baseline,40000,80,54,54,0.19041586381575348
prostate,baseline,40000,80,51,51,0.2012864884797307
prostate,baseline,40000,80,37,37,0.24377448103572835
prostate,baseline,40000,80,79,79,0.19540062598088526
prostate,baseline,40000,80,79,79,0.2841810589551056
prostate,baseline,40000,80,79,79,0.19256021900217665
prostate,baseline,40000,80,77,77,0.15003767376330235
prostate,baseline,40000,80,79,79,0.2281776643176051
prostate,baseline,40000,80,79,79,0.2739141177275719
prostate,baseline,40000,80,77,77,0.1995656569534329
prostate,baseline,40000,80,78,78,0.34341361508122487
prostate,baseline,40000,80,78,78,0.2521499122923308
prostate,baseline,40000,80,78,78,0.3468979635066334
prostate,baseline,40000,80,77,77,0.3483355517985246
prostate,baseline,40000,80,63,63,0.27455066592935246
prostate,baseline,40000,80,61,61,0.2915714829365704
prostate,baseline,40000,80,78,78,0.290781682782815
prostate,baseline,40000,80,77,77,0.2858468869502278
prostate,baseline,40000,80,77,77,0.31224097749617435
prostate,baseline,40000,80,77,77,0.28865277191783667
prostate,baseline,40000,80,77,77,0.28523319002905484
prostate,baseline,40000,80,77,77,0.21872478197474468
prostate,baseline,40000,80,69,69,0.2731933215874475
prostate,baseline,40000,80,79,79,0.09687740342807599
prostate,baseline,40000,80,79,79,0.02275480325979249
prostate,baseline,40000,80,79,79,0.03780687217008364
prostate,baseline,40000,80,78,78,0.012520576980716104
prostate,baseline,40000,80,78,78,0.04781784127682942
prostate,baseline,40000,80,77,77,0.07037031614721126
prostate,baseline,40000,80,79,79,0.1795636409714035
prostate,baseline,40000,80,73,73,0.1661188526299541
prostate,baseline,40000,80,68,68,0.16615189302248454
prostate,baseline,40000,80,68,68,0.03835673976021094
prostate,baseline,40000,80,79,79,0.07298107514138127
prostate,baseline,40000,80,79,79,0.08662163463795307
prostate,baseline,40000,80,79,79,0.002997460472103955
prostate,baseline,40000,80,79,79,0.030081556195124776
prostate,baseline,40000,80,79,79,0.033902105331103195
prostate,baseline,40000,80,79,79,0.14816900202471733
prostate,baseline,40000,80,79,79,0.006934443125171804
prostate,baseline,40000,80,79,79,0.005404885620102652
prostate,baseline,40000,80,78,78,0.016596572297400886
prostate,baseline,40000,80,77,77,0.047694334134989115
prostate,baseline,40000,80,76,76,0.00726223973462631
prostate,baseline,40000,80,76,76,0.00820811230523681
prostate,baseline,40000,80,73,73,0.02436836122125169
prostate,baseline,40000,80,67,67,0.0391422294915359
prostate,baseline,40000,80,79,79,0.020325891828993657
prostate,baseline,40000,80,79,79,0.10445223170856296
prostate,baseline,40000,80,79,79,0.05682830172265571
prostate,baseline,40000,80,74,74,0.09956620845407768
prostate,baseline,40000,80,79,79,0.048270941109490983
prostate,baseline,40000,80,78,78,0.13882418913767777
prostate,baseline,40000,80,78,78,0.09080660156409841
prostate,baseline,40000,80,78,78,0.09499458199046432
prostate,baseline,40000,80,74,74,0.1191312306943832
prostate,baseline,40000,80,72,72,0.11980775046122123
prostate,baseline,40000,80,68,68,0.023794529580356553
prostate,baseline,40000,80,65,65,0.09295508882634128
prostate,baseline,40000,80,72,72,0.09745719248802717
prostate,baseline,40000,80,72,72,0.1122142033800167
prostate,baseline,40000,80,67,67,0.0992247782734631
prostate,baseline,40000,80,55,55,0.0995527389793818
prostate,baseline,40000,80,49,49,0.11075267362948998
prostate,baseline,40000,80,37,37,0.11835352716301165
prostate,baseline,40000,80,78,78,0.20586151911001424
prostate,baseline,40000,80,78,78,0.21104416939447107
prostate,baseline,40000,80,75,75,0.22776815345717685
prostate,baseline,40000,80,74,74,0.15337804839362254
prostate,baseline,40000,80,73,73,0.19562308072062082
prostate,baseline,40000,80,79,79,0.16143950348188324
prostate,baseline,40000,80,79,79,0.019261861857511775
prostate,baseline,40000,80,79,79,0.005877859009829208
prostate,baseline,40000,80,79,79,0.007930858717250158
prostate,baseline,40000,80,79,79,0.01547465819050391
prostate,baseline,40000,80,79,79,0.016885369896342504
prostate,baseline,40000,80,78,78,0.015692379864842464
prostate,baseline,40000,80,77,77,0.07864995755788502
prostate,baseline,40000,80,77,77,0.009099234119689215
prostate,baseline,40000,80,74,74,0.02187918624028314
prostate,baseline,40000,80,74,74,0.01580969831913227
prostate,baseline,40000,80,78,78,0.08998282908566457
prostate,baseline,40000,80,77,77,0.11856194164797404
prostate,baseline,40000,80,77,77,0.1410042152571742
prostate,baseline,40000,80,76,76,0.14146170277438747
prostate,baseline,40000,80,75,75,0.12731771773289466
prostate,baseline,40000,80,73,73,0.017090867214598383
prostate,baseline,40000,80,72,72,0.12580562682801213
prostate,baseline,40000,80,68,68,0.024607855674638583
prostate,baseline,40000,80,79,79,0.09067503449277811
prostate,baseline,40000,80,79,79,0.05005810105024881
prostate,baseline,40000,80,78,78,0.01935959495068574
prostate,baseline,40000,80,78,78,0.11639572403941831
prostate,baseline,40000,80,75,75,0.12216198428871818
prostate,baseline,40000,80,74,74,0.12843120378311332
prostate,baseline,40000,80,62,62,0.16797501782929966
prostate,baseline,40000,80,76,76,0.19912223575775118
prostate,baseline,40000,80,76,76,0.21296297801992203
prostate,baseline,40000,80,79,79,0.107125204764551
prostate,baseline,40000,80,79,79,0.005870593161747588
prostate,baseline,40000,80,79,79,0.01827205590743409
prostate,baseline,40000,80,79,79,0.007965285344795707
prostate,baseline,40000,80,79,79,0.009100976163709215
prostate,baseline,40000,80,79,79,0.0305487031077943
prostate,baseline,40000,80,79,79,0.014880270626648772
prostate,baseline,40000,80,79,79,0.0019139255230155605
prostate,baseline,40000,80,78,78,0.010624546678676567
prostate,baseline,40000,80,77,77,0.03018455971455914
prostate,baseline,40000,80,77,77,0.011571344123225523
prostate,baseline,40000,80,77,77,0.012990150382358078
prostate,baseline,40000,80,75,75,0.015421975817044598
prostate,baseline,40000,80,74,74,0.023683216233722968
prostate,baseline,40000,80,73,73,0.031691862904483115
prostate,baseline,40000,80,79,79,0.12490236135773446
prostate,baseline,40000,80,77,77,0.02040620315894466
prostate,baseline,40000,80,74,74,0.13287911487804144
prostate,baseline,40000,80,72,72,0.022994535121664526
prostate,baseline,40000,80,79,79,0.21232993846949708
prostate,baseline,40000,80,62,62,0.1546206710878814
prostate,baseline,40000,80,79,79,0.10308713424075103
prostate,baseline,40000,80,78,78,0.025713987805408935
prostate,baseline,40000,80,77,77,0.059185506944929335
prostate,baseline,40000,80,76,76,0.07439866125840795
prostate,baseline,40000,80,75,75,0.07801258003419594
prostate,baseline,40000,80,75,75,0.07346091350753405
prostate,baseline,40000,80,74,74,0.01682874473324769
prostate,baseline,40000,80,73,73,0.09419018566021947
prostate,baseline,40000,80,70,70,0.09779697335898521
prostate,baseline,40000,80,67,67,0.09345619363887481
prostate,baseline,40000,80,79,79,0.1420814479042238
prostate,baseline,40000,80,77,77,0.042694219855822745
prostate,baseline,40000,80,72,72,0.1641315040720163
prostate,baseline,40000,80,63,63,0.14957559921099167
prostate,baseline,40000,80,63,63,0.1376510540975512
prostate,baseline,40000,80,63,63,0.17531205920071227
prostate,baseline,40000,80,62,62,0.14578036105364808
prostate,baseline,40000,80,59,59,0.12149121470332276
prostate,baseline,40000,80,79,79,0.16129564038541974
prostate,baseline,40000,80,79,79,0.10641823684016102
prostate,baseline,40000,80,76,76,0.058078985965653696
prostate,baseline,40000,80,74,74,0.12904352586927867
prostate,baseline,40000,80,69,69,0.13230871247414133
prostate,baseline,40000,80,79,79,0.15687319870726155
prostate,baseline,40000,80,78,78,0.2048934216595521
prostate,baseline,40000,80,77,77,0.2002574640782601
prostate,baseline,40000,80,78,78,0.16652823175113043
prostate,baseline,40000,80,78,78,0.1678637936958143
prostate,baseline,40000,80,75,75,0.1381646333316154
prostate,baseline,40000,80,66,66,0.15983074538146402
prostate,baseline,40000,80,79,79,0.056828877469022966
prostate,baseline,40000,80,79,79,0.008206563072894664
prostate,baseline,40000,80,79,79,0.14456747349236065
prostate,baseline,40000,80,79,79,0.1378588572190496
prostate,baseline,40000,80,79,79,0.030174400260170937
prostate,baseline,40000,80,79,79,0.009856515882726903
prostate,baseline,40000,80,78,78,0.00715253539614664
prostate,baseline,40000,80,77,77,0.011350346014530686
prostate,baseline,40000,80,77,77,0.01199044992136
prostate,baseline,40000,80,77,77,0.015520544751416386
prostate,baseline,40000,80,77,77,0.028522157351160593
prostate,baseline,40000,80,76,76,0.0802958737251685
prostate,baseline,40000,80,73,73,0.019379018661526914
prostate,baseline,40000,80,79,79,0.039841531312054916
prostate,baseline,40000,80,79,79,0.05720347128339873
prostate,baseline,40000,80,79,79,0.005031463348871796
prostate,baseline,40000,80,77,77,0.06749391364270081
prostate,baseline,40000,80,79,79,0.05236553026478238
prostate,baseline,40000,80,79,79,0.17284545263160847
prostate,baseline,40000,80,78,78,0.0076688574614814774
prostate,baseline,40000,80,74,74,0.15960629818249172
prostate,baseline,40000,80,79,79,0.2096714948023519
prostate,baseline,40000,80,68,68,0.21251818125045155
prostate,baseline,40000,80,79,79,0.14459508387486728
prostate,baseline,40000,80,72,72,0.018079600932327213
prostate,baseline,40000,80,62,62,0.11138041899277888
prostate,baseline,40000,80,79,79,0.00969062032866779
prostate,baseline,40000,80,78,78,0.0063484830310000335
prostate,baseline,40000,80,77,77,0.02224040667849813
prostate,baseline,40000,80,77,77,0.05811387537324805
prostate,baseline,40000,80,79,79,0.029023355747338237
prostate,baseline,40000,80,79,79,0.02699925616229076
prostate,baseline,40000,80,79,79,0.008358792256476419
prostate,baseline,40000,80,79,79,0.03544945071809307
prostate,baseline,40000,80,79,79,0.006204544339019086
prostate,baseline,40000,80,79,79,0.022209858589890934
prostate,baseline,40000,80,79,79,0.011468386121003014
prostate,baseline,40000,80,79,79,0.020491057874437824
prostate,baseline,40000,80,79,79,0.012509252648233885
prostate,baseline,40000,80,79,79,0.04992047620960525
prostate,baseline,40000,80,79,79,0.007925602173434129
prostate,baseline,40000,80,79,79,0.10896382252702697
prostate,baseline,40000,80,79,79,0.005593997425990405
prostate,baseline,40000,80,79,79,0.02344595858076005
prostate,baseline,40000,80,79,79,0.028185427325404605
prostate,baseline,40000,80,79,79,0.030569123549732416
prostate,baseline,40000,80,79,79,0.027888427661312082
prostate,baseline,40000,80,79,79,0.0507160516287292
prostate,baseline,40000,80,79,79,0.025820674528842794
prostate,baseline,40000,80,79,79,0.02428501317876558
prostate,baseline,40000,80,79,79,0.029325967122211374
prostate,baseline,40000,80,78,78,0.021940157037161293
prostate,baseline,40000,80,78,78,0.03139437078874387
prostate,baseline,40000,80,78,78,0.029207238644402153
prostate,baseline,40000,80,77,77,0.01978356208739538
prostate,baseline,40000,80,77,77,0.02981791679549863
prostate,baseline,40000,80,77,77,0.029882746373903424
prostate,baseline,40000,80,77,77,0.015573828437172378
prostate,baseline,40000,80,77,77,0.03208042413450133
prostate,baseline,40000,80,73,73,0.04125027396854744
prostate,baseline,40000,80,79,79,0.10842510920963382
prostate,baseline,40000,80,79,79,0.26957254676977926
prostate,baseline,40000,80,76,76,0.12499237319523504
prostate,baseline,40000,80,75,75,0.19788024209030053
prostate,baseline,40000,80,79,79,0.17813735987128035
prostate,baseline,40000,80,78,78,0.10350916594073602
prostate,baseline,40000,80,77,77,0.10413017730602234
prostate,baseline,40000,80,74,74,0.18012052945433624
prostate,baseline,40000,80,68,68,0.04753607535374537
prostate,baseline,40000,80,67,67,0.33091855859717934
prostate,baseline,40000,80,56,56,0.3142504520874071
prostate,baseline,40000,80,40,40,0.3312996852339996
prostate,baseline,40000,80,79,79,0.21817676679809642
prostate,baseline,40000,80,79,79,0.24140434169074565
prostate,baseline,40000,80,74,74,0.19403854453222452
prostate,baseline,40000,80,79,79,0.1138407604652172
prostate,baseline,40000,80,79,79,0.0860687886848843
prostate,baseline,40000,80,78,78,0.0517192794670399
prostate,baseline,40000,80,69,69,0.11278574869461457
prostate,baseline,40000,80,68,68,0.026106335886691024
prostate,baseline,40000,80,79,79,0.1092437122897098
prostate,baseline,40000,80,78,78,0.18320323666681188
prostate,baseline,40000,80,77,77,0.19276462972055566
prostate,baseline,40000,80,75,75,0.17415927733417788
prostate,baseline,40000,80,75,75,0.12842141605011417
prostate,baseline,40000,80,74,74,0.19774120991651162
prostate,baseline,40000,80,62,62,0.20080726620255365
prostate,baseline,40000,80,79,79,0.14972624656374156
prostate,baseline,40000,80,71,71,0.09619092726438394
prostate,baseline,40000,80,70,70,0.08829038905138319
prostate,baseline,40000,80,63,63,0.14903267734904754
prostate,baseline,40000,80,79,79,0.2325239412328728
prostate,baseline,40000,80,77,77,0.18629719093328723
prostate,baseline,40000,80,79,79,0.2037600571866693
prostate,baseline,40000,80,72,72,0.224996387166381
prostate,baseline,40000,80,68,68,0.17199133625373308
prostate,baseline,40000,80,78,78,0.16870403683580296
prostate,baseline,40000,80,77,77,0.13178114223542786
prostate,baseline,40000,80,77,77,0.14081811614280648
prostate,baseline,40000,80,75,75,0.13871646217891048
prostate,baseline,40000,80,72,72,0.06663539965240484
prostate,baseline,40000,80,68,68,0.2762029957097263
prostate,baseline,40000,80,68,68,0.25678734611571497
prostate,baseline,40000,80,67,67,0.2706313264226951
prostate,baseline,40000,80,66,66,0.17425631066861924
prostate,baseline,40000,80,53,53,0.2184399091935893
prostate,baseline,40000,80,79,79,0.26196003909915094
prostate,baseline,40000,80,78,78,0.22106498997728885
prostate,baseline,40000,80,78,78,0.25811952008625905
prostate,baseline,40000,80,73,73,0.23024056693129827
prostate,baseline,40000,80,70,70,0.25116121144519626
prostate,baseline,40000,80,79,79,0.006948180565577612
prostate,baseline,40000,80,76,76,0.0784348073770321
prostate,baseline,40000,80,74,74,0.08674145458510103
prostate,baseline,40000,80,79,79,0.17500712929512066
prostate,baseline,40000,80,74,74,0.16308576953791007
prostate,baseline,40000,80,68,68,0.03956215818571673
prostate,baseline,40000,80,79,79,0.08707431565545946
prostate,baseline,40000,80,79,79,0.1083349801486126
prostate,baseline,40000,80,75,75,0.10689603441201889
prostate,baseline,40000,80,72,72,0.10287410228081445
prostate,baseline,40000,80,71,71,0.11586583963327846
prostate,baseline,40000,80,65,65,0.08783727273979823
prostate,baseline,40000,80,65,65,0.16008630119736106
prostate,baseline,40000,80,63,63,0.1353517678694286
prostate,baseline,40000,80,37,37,0.18897035581462113
prostate,baseline,40000,80,78,78,0.11886180706778468
prostate,baseline,40000,80,78,78,0.14062645442041757
prostate,baseline,40000,80,78,78,0.12293169061440604
prostate,baseline,40000,80,78,78,0.11404876408298467
prostate,baseline,40000,80,77,77,0.11681321368632759
prostate,baseline,40000,80,76,76,0.12550150282014116
prostate,baseline,40000,80,73,73,0.015990971862420753
prostate,baseline,40000,80,69,69,0.08710049845330896
prostate,baseline,40000,80,68,68,0.027264977309244685
prostate,baseline,40000,80,67,67,0.1287200489372408
prostate,baseline,40000,80,78,78,0.33174268894826764
prostate,baseline,40000,80,71,71,0.29207552546323234
prostate,baseline,40000,80,69,69,0.3344487238868571
prostate,baseline,40000,80,68,68,0.09069451655022276
prostate,baseline,40000,80,79,79,0.09259885953446978
prostate,baseline,40000,80,79,79,0.0601369153316687
prostate,baseline,40000,80,79,79,0.08909163537081652
prostate,baseline,40000,80,79,79,0.13439653226300374
prostate,baseline,40000,80,78,78,0.07081770024906948
prostate,baseline,40000,80,73,73,0.04486035680476105
prostate,baseline,40000,80,79,79,0.007910176359515577
prostate,baseline,40000,80,79,79,0.01013162111840895
prostate,baseline,40000,80,79,79,0.08253783285305749
prostate,baseline,40000,80,79,79,0.009135386501953772
prostate,baseline,40000,80,79,79,0.1036546728071865
prostate,baseline,40000,80,79,79,0.0032442699245056198
prostate,baseline,40000,80,79,79,0.014383122529658673
prostate,baseline,40000,80,77,77,0.032359983146023064
prostate,baseline,40000,80,77,77,0.04573326094477535
prostate,baseline,40000,80,77,77,0.022200628647262913
prostate,baseline,40000,80,76,76,0.06984497056403548
prostate,baseline,40000,80,73,73,0.02144461264698304
prostate,baseline,40000,80,71,71,0.017845002696830734
prostate,baseline,40000,80,79,79,0.17936422736077592
prostate,baseline,40000,80,79,79,0.10901983177603952
prostate,baseline,40000,80,79,79,0.016686630718710842
prostate,baseline,40000,80,75,75,0.12608899927503098
prostate,baseline,40000,80,79,79,0.24060203150192117
prostate,baseline,40000,80,79,79,0.20720941344317634
prostate,baseline,40000,80,69,69,0.11840465056705059
prostate,baseline,40000,80,26,26,0.1449622281523953
prostate,baseline,40000,80,79,79,0.051991591798946024
prostate,baseline,40000,80,79,79,0.17749465691245117
prostate,baseline,40000,80,77,77,0.08253607801974527
prostate,baseline,40000,80,79,79,0.1336780898563961
prostate,baseline,40000,80,79,79,0.10741354022348924
prostate,baseline,40000,80,73,73,0.11042908960566042
prostate,baseline,40000,80,71,71,0.0374536541644953
prostate,baseline,40000,80,69,69,0.10368566030160033
prostate,baseline,40000,80,79,79,0.13715105911233316
prostate,baseline,40000,80,73,73,0.1155598095011867
prostate,baseline,40000,80,72,72,0.03691062736685884
prostate,baseline,40000,80,71,71,0.07858330852048928
prostate,baseline,40000,80,77,77,0.09988983164766381
prostate,baseline,40000,80,77,77,0.007396445758811513
prostate,baseline,40000,80,68,68,0.09294443937333825
prostate,baseline,40000,80,74,74,0.16421097350739605
prostate,baseline,40000,80,51,51,0.22577160564214313
prostate,baseline,40000,80,26,26,0.2571448739127808
prostate,baseline,40000,80,79,79,0.23482167820220634
prostate,baseline,40000,80,79,79,0.138909839944186
prostate,baseline,40000,80,79,79,0.19808120101908228
prostate,baseline,40000,80,79,79,0.0673654066763854
prostate,baseline,40000,80,79,79,0.096560078322732
prostate,baseline,40000,80,79,79,0.09266374354084729
prostate,baseline,40000,80,75,75,0.13480206021316926
prostate,baseline,40000,80,69,69,0.1600531978151256
prostate,baseline,40000,80,66,66,0.15644419507993262
prostate,baseline,40000,80,56,56,0.17633572655557858
prostate,baseline,40000,80,51,51,0.17073695195995736
prostate,baseline,40000,80,49,49,0.1600902865440647
prostate,baseline,40000,80,26,26,0.19630750397727412
prostate,baseline,40000,80,79,79,0.2477998831917866
prostate,baseline,40000,80,79,79,0.09577445279812462
prostate,baseline,40000,80,79,79,0.22712740274033846
prostate,baseline,40000,80,78,78,0.02513455865962433
prostate,baseline,40000,80,77,77,0.05397140767178884
prostate,baseline,40000,80,77,77,0.23356348095352591
prostate,baseline,40000,80,55,55,0.07346894418340984
prostate,baseline,40000,80,26,26,0.14062338208441066
prostate,baseline,40000,80,79,79,0.1140425319971222
prostate,baseline,40000,80,78,78,0.04715840177138649
prostate,baseline,40000,80,77,77,0.09689653437669589
prostate,baseline,40000,80,76,76,0.04303173192893933
prostate,baseline,40000,80,79,79,0.008186404624503178
prostate,baseline,40000,80,79,79,0.0570292508431381
prostate,baseline,40000,80,79,79,0.11032093404194751
prostate,baseline,40000,80,77,77,0.016181732031354232
prostate,baseline,40000,80,74,74,0.10298905350674581
prostate,baseline,40000,80,73,73,0.028187675501316276
prostate,baseline,40000,80,66,66,0.1336740559266364
prostate,baseline,40000,80,51,51,0.1821960094520743
prostate,baseline,40000,80,79,79,0.007145981661915319
prostate,baseline,40000,80,79,79,0.0532186989808287
prostate,baseline,40000,80,79,79,0.012508962519055606
prostate,baseline,40000,80,79,79,0.04354256105911845
prostate,baseline,40000,80,79,79,0.051300248611530166
prostate,baseline,40000,80,79,79,0.04374679290067375
prostate,baseline,40000,80,79,79,0.04045472442530545
prostate,baseline,40000,80,79,79,0.04337225775146161
prostate,baseline,40000,80,79,79,0.007457611912909052
prostate,baseline,40000,80,79,79,0.008662182540214858
prostate,baseline,40000,80,79,79,0.04192787864004383
prostate,baseline,40000,80,79,79,0.08610681434518826
prostate,baseline,40000,80,79,79,0.1787830540798297
prostate,baseline,40000,80,79,79,0.00837118171632476
prostate,baseline,40000,80,79,79,0.01205164620412723
prostate,baseline,40000,80,79,79,0.005432511155328459
prostate,baseline,40000,80,79,79,0.04221691082856765
prostate,baseline,40000,80,79,79,0.01628958162883798
prostate,baseline,40000,80,79,79,0.052728685361770215
prostate,baseline,40000,80,79,79,0.012058001404505959
prostate,baseline,40000,80,79,79,0.04198594578567612
prostate,baseline,40000,80,79,79,0.04059915250637316
prostate,baseline,40000,80,78,78,0.04199719070861129
prostate,baseline,40000,80,78,78,0.007022478913659098
prostate,baseline,40000,80,78,78,0.014964317964363016
prostate,baseline,40000,80,78,78,0.010593157897003611
prostate,baseline,40000,80,77,77,0.008997666921501883
prostate,baseline,40000,80,77,77,0.03326491438818827
prostate,baseline,40000,80,77,77,0.019665236634270687
prostate,baseline,40000,80,77,77,0.013467386697448002
prostate,baseline,40000,80,77,77,0.017915716934790663
prostate,baseline,40000,80,73,73,0.03512252300568382
prostate,baseline,40000,80,71,71,0.2137524629771222
prostate,baseline,40000,80,69,69,0.2274713682974766
prostate,baseline,40000,80,68,68,0.18610950995858833
prostate,baseline,40000,80,68,68,0.1862035432731826
prostate,baseline,40000,80,68,68,0.2356821117188043
prostate,baseline,40000,80,64,64,0.2138064271766449
prostate,baseline,40000,80,64,64,0.27781296606688116
prostate,baseline,40000,80,63,63,0.20331867359717976
prostate,baseline,40000,80,79,79,0.24563166468011227
prostate,baseline,40000,80,79,79,0.19623988252574934
prostate,baseline,40000,80,77,77,0.14499789655353215
prostate,baseline,40000,80,77,77,0.030532267808800213
prostate,baseline,40000,80,76,76,0.15962895991824722
prostate,baseline,40000,80,68,68,0.19534049107655993
prostate,baseline,40000,80,65,65,0.14506977218674907
prostate,baseline,40000,80,57,57,0.21137964899185321
prostate,baseline,40000,80,57,57,0.15945651257062168
prostate,baseline,40000,80,55,55,0.20547587570763412
prostate,baseline,40000,80,55,55,0.20252031088320302
prostate,baseline,40000,80,53,53,0.22350077291796547
prostate,baseline,40000,80,42,42,0.22848070646793725
prostate,baseline,40000,80,38,38,0.22816836402736818
prostate,baseline,40000,80,37,37,0.24212652771264237
prostate,baseline,40000,80,77,77,0.0700462601533396
prostate,baseline,40000,80,42,42,0.03553354197115255
prostate,baseline,40000,80,38,38,0.033999809962999894
prostate,baseline,40000,80,37,37,0.1341497090092763
prostate,baseline,40000,80,77,77,0.09216443498351347
prostate,baseline,40000,80,51,51,0.06653363697655915
prostate,baseline,40000,80,37,37,0.12068479359592355
prostate,baseline,40000,81,80,80,0.15702301185316475
prostate,baseline,40000,81,75,75,0.14576730617805975
prostate,baseline,40000,81,68,68,0.08299169539989709
prostate,baseline,40000,81,80,80,0.1127571694045979
prostate,baseline,40000,81,74,74,0.1048145545057447
prostate,baseline,40000,81,63,63,0.08450562194373792
prostate,baseline,40000,81,80,80,0.1463263579583455
prostate,baseline,40000,81,80,80,0.2122036905293528
prostate,baseline,40000,81,80,80,0.10630258969464354
prostate,baseline,40000,81,80,80,0.03222963079602536
prostate,baseline,40000,81,80,80,0.18812120188194473
prostate,baseline,40000,81,80,80,0.07103463522127848
prostate,baseline,40000,81,80,80,0.06344274602953663
prostate,baseline,40000,81,80,80,0.017488705421518973
prostate,baseline,40000,81,80,80,0.09870729134227002
prostate,baseline,40000,81,80,80,0.14048310577022147
prostate,baseline,40000,81,79,79,0.0374307223231381
prostate,baseline,40000,81,77,77,0.01843317517926048
prostate,baseline,40000,81,77,77,0.11503383918866258
prostate,baseline,40000,81,80,80,0.18818120031498817
prostate,baseline,40000,81,79,79,0.1307718325387695
prostate,baseline,40000,81,80,80,0.23191704936260643
prostate,baseline,40000,81,80,80,0.22825660501989503
prostate,baseline,40000,81,80,80,0.19567698983335918
prostate,baseline,40000,81,78,78,0.08040533289650126
prostate,baseline,40000,81,77,77,0.09647934023653233
prostate,baseline,40000,81,73,73,0.3257322265277655
prostate,baseline,40000,81,72,72,0.3333234277140067
prostate,baseline,40000,81,60,60,0.329961495439162
prostate,baseline,40000,81,80,80,0.1259388051100841
prostate,baseline,40000,81,80,80,0.0794960823779149
prostate,baseline,40000,81,80,80,0.059905718177907075
prostate,baseline,40000,81,75,75,0.17202930569247063
prostate,baseline,40000,81,72,72,0.09895826460994048
prostate,baseline,40000,81,77,77,0.041170808916903834
prostate,baseline,40000,81,77,77,0.0632793028885275
prostate,baseline,40000,81,77,77,0.0767181536981614
prostate,baseline,40000,81,75,75,0.08885995599876864
prostate,baseline,40000,81,75,75,0.015757938106052864
prostate,baseline,40000,81,74,74,0.022669034089464222
prostate,baseline,40000,81,80,80,0.0703452756919222
prostate,baseline,40000,81,80,80,0.17561833011230016
prostate,baseline,40000,81,75,75,0.14094548015169248
prostate,baseline,40000,81,80,80,0.2055053358003815
prostate,baseline,40000,81,75,75,0.32432847887026667
prostate,baseline,40000,81,80,80,0.19529121283202977
prostate,baseline,40000,81,79,79,0.18555451365486925
prostate,baseline,40000,81,75,75,0.22467506942453697
prostate,baseline,40000,81,79,79,0.23451515049529856
prostate,baseline,40000,81,79,79,0.27752269269524615
prostate,baseline,40000,81,79,79,0.24490588732473653
prostate,baseline,40000,81,79,79,0.20547277833939062
prostate,baseline,40000,81,78,78,0.26634668841728953
prostate,baseline,40000,81,76,76,0.2571416115465656
prostate,baseline,40000,81,75,75,0.2532952703898716
prostate,baseline,40000,81,75,75,0.230590073141224
prostate,baseline,40000,81,74,74,0.27327439471330267
prostate,baseline,40000,81,74,74,0.25373247494099066
prostate,baseline,40000,81,74,74,0.2658625073029391
prostate,baseline,40000,81,74,74,0.28680025038997714
prostate,baseline,40000,81,74,74,0.2264315269812349
prostate,baseline,40000,81,66,66,0.2218368433329161
prostate,baseline,40000,81,54,54,0.15109364362461217
prostate,baseline,40000,81,80,80,0.13572400321233985
prostate,baseline,40000,81,80,80,0.005575902469305091
prostate,baseline,40000,81,79,79,0.12418952789598617
prostate,baseline,40000,81,78,78,0.016941973559480482
prostate,baseline,40000,81,76,76,0.13561258979057936
prostate,baseline,40000,81,80,80,0.19068905431988
prostate,baseline,40000,81,79,79,0.16572627036578133
prostate,baseline,40000,81,74,74,0.17105323530460023
prostate,baseline,40000,81,74,74,0.1867837402630016
prostate,baseline,40000,81,67,67,0.24306112810233008
prostate,baseline,40000,81,66,66,0.20660123294521868
prostate,baseline,40000,81,80,80,0.29826356294179607
prostate,baseline,40000,81,74,74,0.2207036905714564
prostate,baseline,40000,81,62,62,0.28188445147305785
prostate,baseline,40000,81,79,79,0.16985887967360266
prostate,baseline,40000,81,79,79,0.18477758854099538
prostate,baseline,40000,81,79,79,0.17608585285243256
prostate,baseline,40000,81,78,78,0.19087993455192756
prostate,baseline,40000,81,75,75,0.22894184893173128
prostate,baseline,40000,81,80,80,0.17045615151319277
prostate,baseline,40000,81,80,80,0.24261548691485432
prostate,baseline,40000,81,80,80,0.11205363721388872
prostate,baseline,40000,81,80,80,0.24804776922838706
prostate,baseline,40000,81,79,79,0.16997306039545712
prostate,baseline,40000,81,77,77,0.01116891083133722
prostate,baseline,40000,81,71,71,0.10961487441606878
prostate,baseline,40000,81,66,66,0.08346628316310402
prostate,baseline,40000,81,64,64,0.13945121926211423
prostate,baseline,40000,81,63,63,0.16166001133282212
prostate,baseline,40000,81,62,62,0.04506586866611319
prostate,baseline,40000,81,75,75,0.2829047299550635
prostate,baseline,40000,81,74,74,0.28041059113043754
prostate,baseline,40000,81,72,72,0.28718440104849535
prostate,baseline,40000,81,72,72,0.25772756534356467
prostate,baseline,40000,81,70,70,0.26443619137008206
prostate,baseline,40000,81,68,68,0.2624579394401273
prostate,baseline,40000,81,66,66,0.2216123238385282
prostate,baseline,40000,81,57,57,0.25357256776116405
prostate,baseline,40000,81,79,79,0.15079341394574516
prostate,baseline,40000,81,76,76,0.12780533099703523
prostate,baseline,40000,81,75,75,0.12350972740352185
prostate,baseline,40000,81,74,74,0.11711912841194069
prostate,baseline,40000,81,72,72,0.20191036377131558
prostate,baseline,40000,81,72,72,0.12249926031832532
prostate,baseline,40000,81,80,80,0.23608388806433583
prostate,baseline,40000,81,80,80,0.03787075461447219
prostate,baseline,40000,81,80,80,0.05397150988471977
prostate,baseline,40000,81,80,80,0.2831065349992253
prostate,baseline,40000,81,75,75,0.23288244580853823
prostate,baseline,40000,81,80,80,0.1987220739066679
prostate,baseline,40000,81,80,80,0.1371843797005551
prostate,baseline,40000,81,75,75,0.20192205675593983
prostate,baseline,40000,81,76,76,0.28460774733816374
prostate,baseline,40000,81,80,80,0.11979171831165474
prostate,baseline,40000,81,75,75,0.1351541644770373
prostate,baseline,40000,81,72,72,0.018632914111128288
prostate,baseline,40000,81,80,80,0.2607950942092656
prostate,baseline,40000,81,80,80,0.3060003939450146
prostate,baseline,40000,81,78,78,0.05309391051577551
prostate,baseline,40000,81,32,32,0.3498406245653016
prostate,baseline,40000,81,31,31,0.36087687705474897
prostate,baseline,40000,81,26,26,0.37238846130763775
prostate,baseline,40000,81,69,69,0.11711045903452753
prostate,baseline,40000,81,64,64,0.12613325236664263
prostate,baseline,40000,81,38,38,0.13096481537116342
prostate,baseline,40000,81,37,37,0.16758343377107507
prostate,baseline,40000,81,34,34,0.1335658801939363
prostate,baseline,40000,81,26,26,0.14384742855577334
prostate,baseline,40000,81,80,80,0.09504004562790325
prostate,baseline,40000,81,80,80,0.27931564707613327
prostate,baseline,40000,81,80,80,0.24418819028983735
prostate,baseline,40000,81,78,78,0.017908000143966634
prostate,baseline,40000,81,75,75,0.22259180583102756
prostate,baseline,40000,81,80,80,0.23369592678659382
prostate,baseline,40000,81,80,80,0.2614618117156312
prostate,baseline,40000,81,79,79,0.2442644204274676
prostate,baseline,40000,81,75,75,0.2187984582037631
prostate,baseline,40000,81,80,80,0.0040748611712625215
prostate,baseline,40000,81,80,80,0.1659673885190863
prostate,baseline,40000,81,80,80,0.021468686735591498
prostate,baseline,40000,81,80,80,0.15843931963740418
prostate,baseline,40000,81,80,80,0.29571392070048924
prostate,baseline,40000,81,78,78,0.10762744844634511
prostate,baseline,40000,81,74,74,0.049279900795073675
prostate,baseline,40000,81,68,68,0.10811837835518733
prostate,baseline,40000,81,80,80,0.09668562916301997
prostate,baseline,40000,81,78,78,0.10108175839436336
prostate,baseline,40000,81,77,77,0.040898780123100734
prostate,baseline,40000,81,76,76,0.07934067112043572
prostate,baseline,40000,81,80,80,0.11401064922831487
prostate,baseline,40000,81,80,80,0.06500608149293016
prostate,baseline,40000,81,80,80,0.032976458521836415
prostate,baseline,40000,81,80,80,0.003727793619274088
prostate,baseline,40000,81,80,80,0.19114780706602028
prostate,baseline,40000,81,79,79,0.027926563161961706
prostate,baseline,40000,81,78,78,0.004409805745996607
prostate,baseline,40000,81,78,78,0.020182193859510564
prostate,baseline,40000,81,78,78,0.030684484397360958
prostate,baseline,40000,81,80,80,0.08479995868173726
prostate,baseline,40000,81,80,80,0.2440901754445727
prostate,baseline,40000,81,80,80,0.25143557593183324
prostate,baseline,40000,81,80,80,0.20118999796215525
prostate,baseline,40000,81,79,79,0.06362304872802697
prostate,baseline,40000,81,78,78,0.1623855210654027
prostate,baseline,40000,81,80,80,0.173502136046889
prostate,baseline,40000,81,80,80,0.24685388047944262
prostate,baseline,40000,81,80,80,0.28169011257582477
prostate,baseline,40000,81,77,77,0.14428696543470004
prostate,baseline,40000,81,80,80,0.1881539887795503
prostate,baseline,40000,81,80,80,0.2590133624049716
prostate,baseline,40000,81,80,80,0.03568748078840232
prostate,baseline,40000,81,80,80,0.2778478119087648
prostate,baseline,40000,81,79,79,0.09589656880420551
prostate,baseline,40000,81,77,77,0.16730938501363335
prostate,baseline,40000,81,80,80,0.017686819082942874
prostate,baseline,40000,81,80,80,0.13976445415888664
prostate,baseline,40000,81,78,78,0.13606803136096465
prostate,baseline,40000,81,77,77,0.106430755861897
prostate,baseline,40000,81,80,80,0.014019341087703491
prostate,baseline,40000,81,79,79,0.12461912809300524
prostate,baseline,40000,81,79,79,0.1262093511009331
prostate,baseline,40000,81,78,78,0.0681998461580992
prostate,baseline,40000,81,79,79,0.22994188223686246
prostate,baseline,40000,81,74,74,0.19494810368280807
prostate,baseline,40000,81,72,72,0.15813039552987615
prostate,baseline,40000,81,71,71,0.2065604317109336
prostate,baseline,40000,81,68,68,0.1726797325350197
prostate,baseline,40000,81,66,66,0.08176825931592473
prostate,baseline,40000,81,64,64,0.19709243874817683
prostate,baseline,40000,81,63,63,0.20410126086677893
prostate,baseline,40000,81,80,80,0.11258610038210608
prostate,baseline,40000,81,78,78,0.08271704741944538
prostate,baseline,40000,81,78,78,0.024355361037395985
prostate,baseline,40000,81,78,78,0.029904314965657874
prostate,baseline,40000,81,77,77,0.022983314786601962
prostate,baseline,40000,81,77,77,0.06643514515006818
prostate,baseline,40000,81,80,80,0.24464613946259978
prostate,baseline,40000,81,80,80,0.16936930478754916
prostate,baseline,40000,81,80,80,0.18357499588302195
prostate,baseline,40000,81,80,80,0.283144717509037
prostate,baseline,40000,81,78,78,0.030428187725338705
prostate,baseline,40000,81,78,78,0.05831436211149217
prostate,baseline,40000,81,80,80,0.24193117741941955
prostate,baseline,40000,81,80,80,0.041405330741851376
prostate,baseline,40000,81,80,80,0.027319942709031163
prostate,baseline,40000,81,80,80,0.20605289816438827
prostate,baseline,40000,81,71,71,0.030412338897886384
prostate,baseline,40000,81,80,80,0.22296796425516127
prostate,baseline,40000,81,80,80,0.15677271825023098
prostate,baseline,40000,81,75,75,0.16543137996387558
prostate,baseline,40000,81,79,79,0.2765851485598578
prostate,baseline,40000,81,73,73,0.1783685002176428
prostate,baseline,40000,81,71,71,0.25907409874290843
prostate,baseline,40000,81,68,68,0.22865752541763557
prostate,baseline,40000,81,80,80,0.02500301147618996
prostate,baseline,40000,81,80,80,0.1397935442391289
prostate,baseline,40000,81,80,80,0.21211848442962342
prostate,baseline,40000,81,79,79,0.04022679420884815
prostate,baseline,40000,81,78,78,0.06737404577279182
prostate,baseline,40000,81,80,80,0.2579573286303679
prostate,baseline,40000,81,78,78,0.16963976779056816
prostate,baseline,40000,81,80,80,0.019499824421892957
prostate,baseline,40000,81,80,80,0.08313513445564766
prostate,baseline,40000,81,80,80,0.16097411925151386
prostate,baseline,40000,81,80,80,0.06659866913212827
prostate,baseline,40000,81,79,79,0.02790802267524095
prostate,baseline,40000,81,79,79,0.05710800362993726
prostate,baseline,40000,81,79,79,0.02269502437113513
prostate,baseline,40000,81,78,78,0.013702974480149802
prostate,baseline,40000,81,78,78,0.012948577486150038
prostate,baseline,40000,81,74,74,0.0381148072309246
prostate,baseline,40000,81,72,72,0.05344051754568628
prostate,baseline,40000,81,68,68,0.048023814003415766
prostate,baseline,40000,81,80,80,0.008250606781239575
prostate,baseline,40000,81,79,79,0.1661197400839856
prostate,baseline,40000,81,78,78,0.11458706889762806
prostate,baseline,40000,81,77,77,0.1294581742340761
prostate,baseline,40000,81,76,76,0.14191749268320844
prostate,baseline,40000,81,76,76,0.15949582859831954
prostate,baseline,40000,81,74,74,0.14274062292670348
prostate,baseline,40000,81,74,74,0.1345335546686994
prostate,baseline,40000,81,80,80,0.20175103444148976
prostate,baseline,40000,81,80,80,0.008244264632579337
prostate,baseline,40000,81,76,76,0.11493811589010478
prostate,baseline,40000,81,75,75,0.08027535959032385
prostate,baseline,40000,81,74,74,0.020108288004302366
prostate,baseline,40000,81,55,55,0.0991961323418229
prostate,baseline,40000,81,55,55,0.13229315455403823
prostate,baseline,40000,81,26,26,0.17710962992044116
prostate,baseline,40000,81,79,79,0.3096208094164825
prostate,baseline,40000,81,79,79,0.27777446802705924
prostate,baseline,40000,81,78,78,0.2793329826276962
prostate,baseline,40000,81,74,74,0.3069991263895416
prostate,baseline,40000,81,68,68,0.2809948471405741
prostate,baseline,40000,81,80,80,0.1620325774829157
prostate,baseline,40000,81,79,79,0.16298309186205412
prostate,baseline,40000,81,68,68,0.19865126341287703
prostate,baseline,40000,81,64,64,0.202997339320592
prostate,baseline,40000,81,64,64,0.17089437169809898
prostate,baseline,40000,81,76,76,0.11544497934247355
prostate,baseline,40000,81,75,75,0.08508607364899119
prostate,baseline,40000,81,76,76,0.13003584318946906
prostate,baseline,40000,81,19,19,0.2282129514482018
prostate,baseline,40000,81,80,80,0.2041612044266447
prostate,baseline,40000,81,80,80,0.22295178781534247
prostate,baseline,40000,81,75,75,0.19919199988810485
prostate,baseline,40000,81,80,80,0.0945152035965138
prostate,baseline,40000,81,80,80,0.09431800710576424
prostate,baseline,40000,81,80,80,0.015647069478277743
prostate,baseline,40000,81,80,80,0.1775114922567798
prostate,baseline,40000,81,80,80,0.0268097500249725
prostate,baseline,40000,81,80,80,0.017218357777478863
prostate,baseline,40000,81,78,78,0.09658876295031671
prostate,baseline,40000,81,70,70,0.060940579332506226
prostate,baseline,40000,81,80,80,0.2822941530220466
prostate,baseline,40000,81,73,73,0.27120192003374755
prostate,baseline,40000,81,70,70,0.26615279040665313
prostate,baseline,40000,81,80,80,0.09037405623014028
prostate,baseline,40000,81,80,80,0.13072343242388365
prostate,baseline,40000,81,78,78,0.06513000193220582
prostate,baseline,40000,81,78,78,0.0956872087202968
prostate,baseline,40000,81,76,76,0.13755046927264325
prostate,baseline,40000,81,80,80,0.16572296124795236
prostate,baseline,40000,81,80,80,0.14216989110427786
prostate,baseline,40000,81,80,80,0.2600578470334427
prostate,baseline,40000,81,79,79,0.13259493690178945
prostate,baseline,40000,81,76,76,0.17918030017498807
prostate,baseline,40000,81,79,79,0.1937748142372432
prostate,baseline,40000,81,74,74,0.18700032390438553
prostate,baseline,40000,81,80,80,0.18135100149926706
prostate,baseline,40000,81,65,65,0.18495805270814505
prostate,baseline,40000,81,80,80,0.2603938489107578
prostate,baseline,40000,81,76,76,0.23946484882194835
prostate,baseline,40000,81,68,68,0.19295704454175816
prostate,baseline,40000,81,50,50,0.19958682995239768
prostate,baseline,40000,81,16,16,0.35003841933313634
prostate,baseline,40000,81,68,68,0.08216301131908829
prostate,baseline,40000,81,43,43,0.09477875945543639
prostate,baseline,40000,81,42,42,0.10906242453185436
prostate,baseline,40000,81,38,38,0.10004887481021063
prostate,baseline,40000,81,37,37,0.19817994092290325
prostate,baseline,40000,81,26,26,0.17504695526287728
prostate,baseline,40000,81,78,78,0.0863246407437083
prostate,baseline,40000,81,77,77,0.06737852006066665
prostate,baseline,40000,81,62,62,0.1517855843244636
prostate,baseline,40000,81,56,56,0.14809188245738403
prostate,baseline,40000,81,51,51,0.16011523601860328
prostate,baseline,40000,81,38,38,0.19921608313127345
prostate,baseline,40000,81,37,37,0.20753026998940566
prostate,baseline,40000,81,34,34,0.1770076788264393
prostate,baseline,40000,81,34,34,0.21173036519620278
prostate,baseline,40000,81,26,26,0.22878686938977583
prostate,baseline,40000,81,78,78,0.11547455995377746
prostate,baseline,40000,81,78,78,0.17893888594704885
prostate,baseline,40000,81,77,77,0.13597675845732812
prostate,baseline,40000,81,75,75,0.13988312729748695
prostate,baseline,40000,81,72,72,0.12087719624857875
prostate,baseline,40000,81,71,71,0.1134811516123648
prostate,baseline,40000,81,71,71,0.1105384277438726
prostate,baseline,40000,81,69,69,0.13153754872323656
prostate,baseline,40000,81,66,66,0.07475328923343917
prostate,baseline,40000,81,62,62,0.05018314482742824
prostate,baseline,40000,81,80,80,0.10315817020353016
prostate,baseline,40000,81,79,79,0.022993547156843704
prostate,baseline,40000,81,78,78,0.12505851683016692
prostate,baseline,40000,81,78,78,0.12631892817282905
prostate,baseline,40000,81,75,75,0.13909462266505024
prostate,baseline,40000,81,74,74,0.10724828769111583
prostate,baseline,40000,81,77,77,0.08050328670470606
prostate,baseline,40000,81,74,74,0.09801731695313518
prostate,baseline,40000,81,80,80,0.22738308777780433
prostate,baseline,40000,81,80,80,0.22437848733968088
prostate,baseline,40000,81,80,80,0.2765262454654279
prostate,baseline,40000,81,77,77,0.17418559726884034
prostate,baseline,40000,81,74,74,0.11069731100018296
prostate,baseline,40000,81,79,79,0.1642106523339912
prostate,baseline,40000,81,79,79,0.16509064468790308
prostate,baseline,40000,81,76,76,0.1594606498060474
prostate,baseline,40000,81,75,75,0.1572445200498211
prostate,baseline,40000,81,68,68,0.11225996012674105
prostate,baseline,40000,81,80,80,0.03257187373815469
prostate,baseline,40000,81,80,80,0.14255677503821124
prostate,baseline,40000,81,80,80,0.3414755416273959
prostate,baseline,40000,81,80,80,0.23407032395367883
prostate,baseline,40000,81,80,80,0.010172864670601533
prostate,baseline,40000,81,80,80,0.02025169641127777
prostate,baseline,40000,81,80,80,0.009902881607624295
prostate,baseline,40000,81,80,80,0.017772468686954
prostate,baseline,40000,81,80,80,0.011185243904004213
prostate,baseline,40000,81,80,80,0.08676389696936138
prostate,baseline,40000,81,80,80,0.008695444050139639
prostate,baseline,40000,81,80,80,0.010627400528046126
prostate,baseline,40000,81,80,80,0.01564490910165949
prostate,baseline,40000,81,80,80,0.011612680420991563
prostate,baseline,40000,81,80,80,0.11300846439745164
prostate,baseline,40000,81,80,80,0.011116827784694326
prostate,baseline,40000,81,80,80,0.014542559008071707
prostate,baseline,40000,81,80,80,0.010189824212284492
prostate,baseline,40000,81,80,80,0.05314374782885324
prostate,baseline,40000,81,79,79,0.008311380236222451
prostate,baseline,40000,81,79,79,0.020589145179954627
prostate,baseline,40000,81,78,78,0.013527017096067878
prostate,baseline,40000,81,78,78,0.00931789660698223
prostate,baseline,40000,81,78,78,0.009573873110385355
prostate,baseline,40000,81,74,74,0.020172878567583735
prostate,baseline,40000,81,80,80,0.22551240131176523
prostate,baseline,40000,81,80,80,0.18274184105662888
prostate,baseline,40000,81,76,76,0.13695335642236353
prostate,baseline,40000,81,78,78,0.31723416173581487
prostate,baseline,40000,81,72,72,0.2527098561130591
prostate,baseline,40000,81,71,71,0.29689710635356514
prostate,baseline,40000,81,71,71,0.28066025563946534
prostate,baseline,40000,81,68,68,0.2842377437963654
prostate,baseline,40000,81,65,65,0.2909678333091892
prostate,baseline,40000,81,80,80,0.006640963533166619
prostate,baseline,40000,81,80,80,0.004735415563238379
prostate,baseline,40000,81,80,80,0.0980185374515711
prostate,baseline,40000,81,80,80,0.016392987634605595
prostate,baseline,40000,81,80,80,0.04103397189286399
prostate,baseline,40000,81,80,80,0.007589371168033832
prostate,baseline,40000,81,80,80,0.19889383459184218
prostate,baseline,40000,81,80,80,0.003090328948935393
prostate,baseline,40000,81,80,80,0.006679082988930542
prostate,baseline,40000,81,80,80,0.006354511905489602
prostate,baseline,40000,81,80,80,0.15494924070382102
prostate,baseline,40000,81,79,79,0.012493698285404546
prostate,baseline,40000,81,79,79,0.01779429890448088
prostate,baseline,40000,81,78,78,0.012337545704267403
prostate,baseline,40000,81,78,78,0.016133051637892467
prostate,baseline,40000,81,74,74,0.02264200108080787
prostate,baseline,40000,81,80,80,0.0458960684704554
prostate,baseline,40000,81,80,80,0.04540425298082282
prostate,baseline,40000,81,80,80,0.054873390688952806
prostate,baseline,40000,81,77,77,0.0894927727629887
prostate,baseline,40000,81,76,76,0.09319490228411173
prostate,baseline,40000,81,74,74,0.14765561443823183
prostate,baseline,40000,81,74,74,0.10163167058233534
prostate,baseline,40000,81,59,59,0.05819237471795173
prostate,baseline,40000,81,51,51,0.17909573645813354
prostate,baseline,40000,81,79,79,0.24411193946191398
prostate,baseline,40000,81,70,70,0.17425528958981795
prostate,baseline,40000,81,68,68,0.2214949230614072
prostate,baseline,40000,81,61,61,0.19665366247059238
prostate,baseline,40000,81,72,72,0.04376990008275448
prostate,baseline,40000,81,63,63,0.1462132474276387
prostate,baseline,40000,81,80,80,0.12167540847928167
prostate,baseline,40000,81,77,77,0.020123095652510144
prostate,baseline,40000,81,71,71,0.11655358599795279
prostate,baseline,40000,81,66,66,0.07742022409653371
prostate,baseline,40000,81,62,62,0.04967390919998943
prostate,baseline,40000,81,80,80,0.25590687284875
prostate,baseline,40000,81,77,77,0.27211135959795407
prostate,baseline,40000,81,76,76,0.19474749329051685
prostate,baseline,40000,81,75,75,0.24951059620333343
prostate,baseline,40000,81,69,69,0.26350867027306607
prostate,baseline,40000,81,80,80,0.29655216458686573
prostate,baseline,40000,81,80,80,0.34538209525562563
prostate,baseline,40000,81,75,75,0.22897840398643557
prostate,baseline,40000,81,80,80,0.06298158757407486
prostate,baseline,40000,81,75,75,0.1000916508147482
prostate,baseline,40000,81,66,66,0.04874914263373412
prostate,baseline,40000,81,71,71,0.20517642638767947
prostate,baseline,40000,81,68,68,0.19905504231047222
prostate,baseline,40000,81,64,64,0.20335588575123878
prostate,baseline,40000,81,79,79,0.34258047452566126
prostate,baseline,40000,81,78,78,0.29108957117360934
prostate,baseline,40000,81,78,78,0.3458993351153448
prostate,baseline,40000,81,75,75,0.22899375722408288
prostate,baseline,40000,81,80,80,0.14555255361276548
prostate,baseline,40000,81,80,80,0.001246404232209198
prostate,baseline,40000,81,80,80,0.1690663369114692
prostate,baseline,40000,81,80,80,0.005984407484332125
prostate,baseline,40000,81,80,80,0.006922983082709905
prostate,baseline,40000,81,80,80,0.2566721319303935
prostate,baseline,40000,81,80,80,0.00610698330085996
prostate,baseline,40000,81,80,80,0.23544201122566935
prostate,baseline,40000,81,74,74,0.022826803007898706
prostate,baseline,40000,81,72,72,0.026593510063477564
prostate,baseline,40000,81,77,77,0.18283981404027197
prostate,baseline,40000,81,71,71,0.18934585403867313
prostate,baseline,40000,81,69,69,0.18892679276362132
prostate,baseline,40000,81,69,69,0.14621640943258593
prostate,baseline,40000,81,63,63,0.2039451868885213
prostate,baseline,40000,81,80,80,0.07428504255123014
prostate,baseline,40000,81,80,80,0.21690178478392025
prostate,baseline,40000,81,80,80,0.021017442126531193
prostate,baseline,40000,81,80,80,0.01681419630530561
prostate,baseline,40000,81,80,80,0.009133976534115656
prostate,baseline,40000,81,79,79,0.0167113066006849
prostate,baseline,40000,81,78,78,0.01792025618983458
prostate,baseline,40000,81,78,78,0.016289060727377635
prostate,baseline,40000,81,78,78,0.06782795948515943
prostate,baseline,40000,81,78,78,0.059515463813924044
prostate,baseline,40000,81,80,80,0.010900742815166056
prostate,baseline,40000,81,80,80,0.11399232580190222
prostate,baseline,40000,81,78,78,0.09736679763930194
prostate,baseline,40000,81,70,70,0.27999907233250004
prostate,baseline,40000,81,26,26,0.2503630891960778
prostate,baseline,40000,81,77,77,0.21224645806535833
prostate,baseline,40000,81,60,60,0.22324136183420418
prostate,baseline,40000,81,42,42,0.21117513380234906
prostate,baseline,40000,81,38,38,0.20308155709410855
prostate,baseline,40000,81,37,37,0.2373279658862067
prostate,baseline,40000,81,80,80,0.00929996200082577
prostate,baseline,40000,81,80,80,0.283548616391563
prostate,baseline,40000,81,80,80,0.13610755583802994
prostate,baseline,40000,81,76,76,0.24885600275130773
prostate,baseline,40000,81,80,80,0.190243363039207
prostate,baseline,40000,81,75,75,0.15917798979765332
prostate,baseline,40000,81,80,80,0.21943749255015543
prostate,baseline,40000,81,80,80,0.17590258524196295
prostate,baseline,40000,81,80,80,0.010217755002474774
prostate,baseline,40000,81,80,80,0.10677895426143871
prostate,baseline,40000,81,74,74,0.08782163758855267
prostate,baseline,40000,81,80,80,0.2695415717883001
prostate,baseline,40000,81,78,78,0.20971910661013915
prostate,baseline,40000,81,77,77,0.13632711574954662
prostate,baseline,40000,81,74,74,0.17300741564047192
prostate,baseline,40000,81,73,73,0.1600984813043707
prostate,baseline,40000,81,68,68,0.15337249708030046
prostate,baseline,40000,81,60,60,0.14720855514046371
prostate,baseline,40000,81,78,78,0.06433657316453348
prostate,baseline,40000,81,77,77,0.11647691191823921
prostate,baseline,40000,81,76,76,0.13975501825561845
prostate,baseline,40000,81,76,76,0.07224960590403982
prostate,baseline,40000,81,74,74,0.07871508077206472
prostate,baseline,40000,81,80,80,0.17994121748382583
prostate,baseline,40000,81,80,80,0.24636089905433356
prostate,baseline,40000,81,80,80,0.22311152473130313
prostate,baseline,40000,81,76,76,0.1307056269967848
prostate,baseline,40000,81,80,80,0.26415123722036693
prostate,baseline,40000,81,80,80,0.2743408025901456
prostate,baseline,40000,81,80,80,0.16616015990763713
prostate,baseline,40000,81,78,78,0.1578013047615887
prostate,baseline,40000,81,77,77,0.20962821127594256
prostate,baseline,40000,81,80,80,0.2851416133201182
prostate,baseline,40000,81,80,80,0.20881963779400176
prostate,baseline,40000,81,78,78,0.13262507854352257
prostate,baseline,40000,81,76,76,0.25379470555817474
prostate,baseline,40000,81,79,79,0.25088012161160517
prostate,baseline,40000,81,78,78,0.1479972141353861
prostate,baseline,40000,81,76,76,0.1787045378941612
prostate,baseline,40000,81,80,80,0.24755020994587618
prostate,baseline,40000,81,80,80,0.1535563299474109
prostate,baseline,40000,81,75,75,0.24497594890985858
prostate,baseline,40000,81,79,79,0.2666389287498885
prostate,baseline,40000,81,77,77,0.26044793367699115
prostate,baseline,40000,81,73,73,0.23486839193173512
prostate,baseline,40000,81,72,72,0.169775746665839
prostate,baseline,40000,81,68,68,0.26995977482583444
prostate,baseline,40000,81,77,77,0.24871693756113888
prostate,baseline,40000,81,77,77,0.266659917417685
prostate,baseline,40000,81,75,75,0.2909041321695701
prostate,baseline,40000,81,75,75,0.23616932893526585
prostate,baseline,40000,81,71,71,0.2688922613930009
prostate,baseline,40000,81,70,70,0.2392010469005132
prostate,baseline,40000,81,64,64,0.23335149978381287
prostate,baseline,40000,81,79,79,0.24158877716134478
prostate,baseline,40000,81,71,71,0.21049974928727516
prostate,baseline,40000,81,63,63,0.16327732797301014
prostate,baseline,40000,81,78,78,0.0744095608905911
prostate,baseline,40000,81,76,76,0.07875209835906065
prostate,baseline,40000,81,75,75,0.10430958228903235
prostate,baseline,40000,81,74,74,0.16902512172329523
prostate,baseline,40000,81,69,69,0.18658086540181779
prostate,baseline,40000,81,68,68,0.2000995645101178
prostate,baseline,40000,81,38,38,0.24344861281958272
prostate,baseline,40000,81,34,34,0.24215659765493558
prostate,baseline,40000,81,80,80,0.037095305488417864
prostate,baseline,40000,81,80,80,0.011367640958098694
prostate,baseline,40000,81,80,80,0.02976784234744102
prostate,baseline,40000,81,80,80,0.014915454357791774
prostate,baseline,40000,81,80,80,0.010458057965359948
prostate,baseline,40000,81,80,80,0.004162279431330003
prostate,baseline,40000,81,80,80,0.020993395786302615
prostate,baseline,40000,81,80,80,0.004086717324807516
prostate,baseline,40000,81,80,80,0.061238494919465605
prostate,baseline,40000,81,80,80,0.007853600641580314
prostate,baseline,40000,81,80,80,0.07817270359703773
prostate,baseline,40000,81,80,80,0.1786657966086325
prostate,baseline,40000,81,80,80,0.01271613039276886
prostate,baseline,40000,81,80,80,0.004896981063398342
prostate,baseline,40000,81,80,80,0.004023662566719094
prostate,baseline,40000,81,80,80,0.10721393731412973
prostate,baseline,40000,81,79,79,0.014660447573236993
prostate,baseline,40000,81,79,79,0.014135514238548726
prostate,baseline,40000,81,78,78,0.005399251538230189
prostate,baseline,40000,81,78,78,0.005439720101567948
prostate,baseline,40000,81,78,78,0.0056306320264349705
prostate,baseline,40000,81,78,78,0.010737403681414109
prostate,baseline,40000,81,78,78,0.020326282369191095
prostate,baseline,40000,81,78,78,0.03799834486517695
prostate,baseline,40000,81,78,78,0.007258469148443227
prostate,baseline,40000,81,74,74,0.021671098040539242
prostate,baseline,40000,81,80,80,0.13198804325662697
prostate,baseline,40000,81,51,51,0.21467961895595178
prostate,baseline,40000,81,20,20,0.18363134491035746
prostate,baseline,40000,81,53,53,0.10471238355037353
prostate,baseline,40000,81,43,43,0.0712619107158254
prostate,baseline,40000,81,42,42,0.07921293678125702
prostate,baseline,40000,81,38,38,0.07630065536286064
prostate,baseline,40000,81,37,37,0.16875593108641018
prostate,baseline,40000,81,26,26,0.14666454419458724
prostate,baseline,40000,81,80,80,0.1527723486909403
prostate,baseline,40000,81,80,80,0.22024138942429392
prostate,baseline,40000,81,80,80,0.03284735473699735
prostate,baseline,40000,81,78,78,0.13900129702873623
prostate,baseline,40000,81,78,78,0.033580529067650196
prostate,baseline,40000,81,77,77,0.14555774324428747
prostate,baseline,40000,81,79,79,0.2677787638154381
prostate,baseline,40000,81,79,79,0.22133760827923096
prostate,baseline,40000,81,77,77,0.21925045197866508
prostate,baseline,40000,81,74,74,0.24294933694366777
prostate,baseline,40000,81,74,74,0.03479436346045931
prostate,baseline,40000,81,74,74,0.17725632373782702
prostate,baseline,40000,81,73,73,0.2706442305755418
prostate,baseline,40000,81,80,80,0.007070654761120626
prostate,baseline,40000,81,80,80,0.028850657715203277
prostate,baseline,40000,81,80,80,0.19556731641406566
prostate,baseline,40000,81,79,79,0.03211968052620117
prostate,baseline,40000,81,78,78,0.08021189518463565
prostate,baseline,40000,81,74,74,0.018358093068388707
prostate,baseline,40000,81,72,72,0.13022829766161226
prostate,baseline,40000,81,62,62,0.1507242177486379
prostate,baseline,40000,81,57,57,0.1754078134783992
prostate,baseline,40000,81,55,55,0.17744211501697824
prostate,baseline,40000,81,80,80,0.07922617841929813
prostate,baseline,40000,81,80,80,0.14525752607391368
prostate,baseline,40000,81,80,80,0.17978826961932076
prostate,baseline,40000,81,75,75,0.1506222669046102
prostate,baseline,40000,81,72,72,0.052657266783007244
prostate,baseline,40000,81,72,72,0.05427245546095286
prostate,baseline,40000,81,80,80,0.2145219565445013
prostate,baseline,40000,81,78,78,0.1790639839539311
prostate,baseline,40000,81,74,74,0.039638773441043
prostate,baseline,40000,81,73,73,0.18099837945855213
prostate,baseline,40000,81,72,72,0.17010060144477562
prostate,baseline,40000,81,80,80,0.01768741174804216
prostate,baseline,40000,81,80,80,0.04948299605911934
prostate,baseline,40000,81,80,80,0.00400951029403291
prostate,baseline,40000,81,80,80,0.0022919325517000867
prostate,baseline,40000,81,80,80,0.007302907171945422
prostate,baseline,40000,81,80,80,0.011033730058150774
prostate,baseline,40000,81,78,78,0.030844163860945538
prostate,baseline,40000,81,78,78,0.011853514140437312
prostate,baseline,40000,81,78,78,0.013610522252580984
prostate,baseline,40000,81,78,78,0.009613346908698995
prostate,baseline,40000,81,78,78,0.09750740633625936
prostate,baseline,40000,81,77,77,0.07093709067898683
prostate,baseline,40000,81,74,74,0.03533884610597589
prostate,baseline,40000,81,80,80,0.030749871006808295
prostate,baseline,40000,81,80,80,0.20513925907616404
prostate,baseline,40000,81,80,80,0.03632840345884926
prostate,baseline,40000,81,79,79,0.049091943923920196
prostate,baseline,40000,81,78,78,0.05950062363230811
prostate,baseline,40000,81,74,74,0.04578233193968987
prostate,baseline,40000,81,76,76,0.17938467223472293
prostate,baseline,40000,81,74,74,0.17801292982458033
prostate,baseline,40000,81,72,72,0.16338645698143173
prostate,baseline,40000,81,49,49,0.1842758608756899
prostate,baseline,40000,81,79,79,0.17851155119281562
prostate,baseline,40000,81,74,74,0.15997427178426996
prostate,baseline,40000,81,73,73,0.15970039053302093
prostate,baseline,40000,81,73,73,0.17992560919879025
prostate,baseline,40000,81,79,79,0.1955368451743609
prostate,baseline,40000,81,79,79,0.18203017951244985
prostate,baseline,40000,81,78,78,0.16169700398343362
prostate,baseline,40000,81,77,77,0.14967308515764086
prostate,baseline,40000,81,76,76,0.15764011350657173
prostate,baseline,40000,81,75,75,0.13751242314458798
prostate,baseline,40000,81,74,74,0.17287238995979506
prostate,baseline,40000,81,74,74,0.1507390876001886
prostate,baseline,40000,81,79,79,0.30375999106203694
prostate,baseline,40000,81,72,72,0.34248672089105897
prostate,baseline,40000,81,80,80,0.0338336479705606
prostate,baseline,40000,81,80,80,0.2714789681360916
prostate,baseline,40000,81,80,80,0.10097249225956828
prostate,baseline,40000,81,78,78,0.2165958090252434
prostate,baseline,40000,81,80,80,0.11598382361244411
prostate,baseline,40000,81,80,80,0.13274584537433975
prostate,baseline,40000,81,80,80,0.192284712549037
prostate,baseline,40000,81,80,80,0.2920662207142718
prostate,baseline,40000,81,80,80,0.03720804269986623
prostate,baseline,40000,81,79,79,0.017906184600066606
prostate,baseline,40000,81,78,78,0.04268460407296653
prostate,baseline,40000,81,78,78,0.012697343095046599
prostate,baseline,40000,81,78,78,0.0592612227677969
prostate,baseline,40000,81,78,78,0.08589040029406575
prostate,baseline,40000,81,80,80,0.060018103763535044
prostate,baseline,40000,81,80,80,0.03168167210630931
prostate,baseline,40000,81,78,78,0.08805183148715069
prostate,baseline,40000,81,78,78,0.018424552911653125
prostate,baseline,40000,81,80,80,0.008036747094295867
prostate,baseline,40000,81,80,80,0.1451244559456884
prostate,baseline,40000,81,80,80,0.03323747957021729
prostate,baseline,40000,81,80,80,0.034645418245588845
prostate,baseline,40000,81,80,80,0.02861171041757531
prostate,baseline,40000,81,80,80,0.036419351590807086
prostate,baseline,40000,81,80,80,0.026612679612518748
prostate,baseline,40000,81,80,80,0.006041887340702692
prostate,baseline,40000,81,80,80,0.03542020849413067
prostate,baseline,40000,81,80,80,0.04143436027749249
prostate,baseline,40000,81,79,79,0.009329043128908306
prostate,baseline,40000,81,78,78,0.010492808020795883
prostate,baseline,40000,81,78,78,0.04396314147410692
prostate,baseline,40000,81,77,77,0.010157726345562324
prostate,baseline,40000,81,71,71,0.042069407997499676
prostate,baseline,40000,81,80,80,0.15011315547346155
prostate,baseline,40000,81,80,80,0.0712122847719668
prostate,baseline,40000,81,78,78,0.13068897130858534
prostate,baseline,40000,81,76,76,0.0830034549238978
prostate,baseline,40000,81,80,80,0.09594057932170552
prostate,baseline,40000,81,77,77,0.19611761647976736
prostate,baseline,40000,81,77,77,0.1662796845503548
prostate,baseline,40000,81,77,77,0.12803051667873938
prostate,baseline,40000,81,73,73,0.16149117362904017
prostate,baseline,40000,81,38,38,0.21034273245037907
prostate,baseline,40000,81,78,78,0.24529371782475223
prostate,baseline,40000,81,78,78,0.23004447718498183
prostate,baseline,40000,81,78,78,0.22800014724665935
prostate,baseline,40000,81,78,78,0.2407909528050161
prostate,baseline,40000,81,77,77,0.23012926088772007
prostate,baseline,40000,81,75,75,0.25114956549245365
prostate,baseline,40000,81,75,75,0.20520035858596622
prostate,baseline,40000,81,74,74,0.24397631826072488
prostate,baseline,40000,81,74,74,0.2709848346829581
prostate,baseline,40000,81,74,74,0.22612573737110483
prostate,baseline,40000,81,66,66,0.20529053008417203
prostate,baseline,40000,81,66,66,0.20055081084966508
prostate,baseline,40000,81,54,54,0.2097698798964205
prostate,baseline,40000,81,54,54,0.21172895830919267
prostate,baseline,40000,81,80,80,0.010835723259132518
prostate,baseline,40000,81,80,80,0.041480862761415035
prostate,baseline,40000,81,80,80,0.0061367222775088465
prostate,baseline,40000,81,79,79,0.008341914467515291
prostate,baseline,40000,81,78,78,0.0635993422019216
prostate,baseline,40000,81,78,78,0.006562375511005749
prostate,baseline,40000,81,72,72,0.010958967901848768
prostate,baseline,40000,81,75,75,0.14992279605834472
prostate,baseline,40000,81,73,73,0.1413949770675685
prostate,baseline,40000,81,64,64,0.11595220758816968
prostate,baseline,40000,81,80,80,0.12669185765235355
prostate,baseline,40000,81,80,80,0.11052591622399348
prostate,baseline,40000,81,80,80,0.012224424269624884
prostate,baseline,40000,81,80,80,0.1890655310044141
prostate,baseline,40000,81,79,79,0.040966423672514296
prostate,baseline,40000,81,79,79,0.039062789629151946
prostate,baseline,40000,81,78,78,0.10175586531479307
prostate,baseline,40000,81,78,78,0.04162499513456842
prostate,baseline,40000,81,77,77,0.1692557146890115
prostate,baseline,40000,81,80,80,0.22973423975314144
prostate,baseline,40000,81,71,71,0.1990476689416147
prostate,baseline,40000,81,80,80,0.28700388490575535
prostate,baseline,40000,81,78,78,0.2979809111908087
prostate,baseline,40000,81,76,76,0.219521767757017
prostate,baseline,40000,81,80,80,0.20497152585336353
prostate,baseline,40000,81,79,79,0.06734430542194299
prostate,baseline,40000,81,80,80,0.24670495096694317
prostate,baseline,40000,81,79,79,0.16013906764154248
prostate,baseline,40000,81,77,77,0.14547191749521632
prostate,baseline,40000,81,75,75,0.21789772320608317
prostate,baseline,40000,81,72,72,0.2883260286331204
prostate,baseline,40000,81,80,80,0.19192487736570452
prostate,baseline,40000,81,80,80,0.07007124726889905
prostate,baseline,40000,81,80,80,0.15389344108593045
prostate,baseline,40000,81,78,78,0.05633274802479919
prostate,baseline,40000,81,79,79,0.26900664190237406
prostate,baseline,40000,81,77,77,0.2846377814049332
prostate,baseline,40000,81,74,74,0.2492363489689444
prostate,baseline,40000,81,80,80,0.17487680956394244
prostate,baseline,40000,81,80,80,0.012455860742131444
prostate,baseline,40000,81,80,80,0.015211292561039046
prostate,baseline,40000,81,80,80,0.008771725398956744
prostate,baseline,40000,81,80,80,0.008290962115816534
prostate,baseline,40000,81,80,80,0.057161215570268965
prostate,baseline,40000,81,80,80,0.01777974428487224
prostate,baseline,40000,81,80,80,0.006604287127646244
prostate,baseline,40000,81,80,80,0.011301557477732593
prostate,baseline,40000,81,79,79,0.012597642820832316
prostate,baseline,40000,81,79,79,0.007312195580487516
prostate,baseline,40000,81,79,79,0.010583458970559512
prostate,baseline,40000,81,78,78,0.013306950569839668
prostate,baseline,40000,81,78,78,0.021138503621626895
prostate,baseline,40000,81,78,78,0.0137054563842446
prostate,baseline,40000,81,78,78,0.010820730189093904
prostate,baseline,40000,81,74,74,0.024300767420759383
prostate,baseline,40000,81,80,80,0.25454774318559414
prostate,baseline,40000,81,80,80,0.3008781174865839
prostate,baseline,40000,81,80,80,0.23661543037220065
prostate,baseline,40000,81,78,78,0.13661017789722463
prostate,baseline,40000,81,76,76,0.10917912818064517
prostate,baseline,40000,81,75,75,0.08680811590116783
prostate,baseline,40000,81,55,55,0.11504915265320062
prostate,baseline,40000,81,43,43,0.08896160001368304
prostate,baseline,40000,81,42,42,0.10458286623320054
prostate,baseline,40000,81,38,38,0.0978529421844091
prostate,baseline,40000,81,79,79,0.202018840716124
prostate,baseline,40000,81,78,78,0.013139226617173488
prostate,baseline,40000,81,71,71,0.09407017109739264
prostate,baseline,40000,81,71,71,0.1886806329625719
prostate,baseline,40000,81,79,79,0.3122789978338822
prostate,baseline,40000,81,79,79,0.31412952050634946
prostate,baseline,40000,81,80,80,0.21353406650179166
prostate,baseline,40000,81,80,80,0.23983341684229248
prostate,baseline,40000,81,80,80,0.15860035339942122
prostate,baseline,40000,81,76,76,0.18595992117875415
prostate,baseline,40000,81,79,79,0.2863741474233709
prostate,baseline,40000,81,78,78,0.2823188889853348
prostate,baseline,40000,81,75,75,0.29907710445835356
prostate,baseline,40000,81,75,75,0.24951121140017188
prostate,baseline,40000,81,74,74,0.2573194521345168
prostate,baseline,40000,81,78,78,0.08702988368604371
prostate,baseline,40000,81,75,75,0.15080607795107318
prostate,baseline,40000,81,63,63,0.1693836240272602
prostate,baseline,40000,81,55,55,0.14469769506266697
prostate,baseline,40000,81,80,80,0.22014844903542546
prostate,baseline,40000,81,80,80,0.2517839838294955
prostate,baseline,40000,81,80,80,0.10841841179479172
prostate,baseline,40000,81,80,80,0.11667523890574291
prostate,baseline,40000,81,80,80,0.017599343778080805
prostate,baseline,40000,81,78,78,0.03350887139129075
prostate,baseline,40000,81,80,80,0.011687574754501072
prostate,baseline,40000,81,71,71,0.15013027770473966
prostate,baseline,40000,81,70,70,0.14779534926513677
prostate,baseline,40000,81,51,51,0.14857248391542335
prostate,baseline,40000,81,49,49,0.1465750812023458
prostate,baseline,40000,81,80,80,0.021962588074030124
prostate,baseline,40000,81,80,80,0.005093691966117836
prostate,baseline,40000,81,80,80,0.011352800696624062
prostate,baseline,40000,81,80,80,0.011581127748738602
prostate,baseline,40000,81,80,80,0.14320664041370934
prostate,baseline,40000,81,80,80,0.18445234899861024
prostate,baseline,40000,81,79,79,0.01608455708779858
prostate,baseline,40000,81,79,79,0.006573433195028315
prostate,baseline,40000,81,78,78,0.05394936765200757
prostate,baseline,40000,81,80,80,0.1813976610323757
prostate,baseline,40000,81,68,68,0.1467421294812743
prostate,baseline,40000,81,79,79,0.24970524830440402
prostate,baseline,40000,81,77,77,0.16425570300779943
prostate,baseline,40000,81,74,74,0.15754888356873517
prostate,baseline,40000,81,74,74,0.18575646420534436
prostate,baseline,40000,81,80,80,0.007532051337436056
prostate,baseline,40000,81,78,78,0.06744978316290472
prostate,baseline,40000,81,77,77,0.0775858905477796
prostate,baseline,40000,81,75,75,0.00924425464563991
prostate,baseline,40000,81,80,80,0.009656614707285894
prostate,baseline,40000,81,80,80,0.024452951084609775
prostate,baseline,40000,81,80,80,0.008667643073111301
prostate,baseline,40000,81,80,80,0.06411744838049775
prostate,baseline,40000,81,80,80,0.03960393860872626
prostate,baseline,40000,81,80,80,0.03528449192384523
prostate,baseline,40000,81,79,79,0.0066024749305309905
prostate,baseline,40000,81,78,78,0.09434748969956752
prostate,baseline,40000,81,78,78,0.03156351669995623
prostate,baseline,40000,81,62,62,0.024981459497224006
prostate,baseline,40000,81,59,59,0.1343293071031062
prostate,baseline,40000,81,57,57,0.094151392364546
prostate,baseline,40000,81,55,55,0.11851520319894772
prostate,baseline,40000,81,53,53,0.13608309659319406
prostate,baseline,40000,81,80,80,0.18649086255633807
prostate,baseline,40000,81,80,80,0.1874679549345252
prostate,baseline,40000,81,78,78,0.1858105581744257
prostate,baseline,40000,81,76,76,0.17975903591057923
prostate,baseline,40000,81,75,75,0.029172485838680356
prostate,baseline,40000,81,80,80,0.2004063319834918
prostate,baseline,40000,81,80,80,0.1594863554141992
prostate,baseline,40000,81,79,79,0.2666693371365676
prostate,baseline,40000,81,80,80,0.2560281375163095
prostate,baseline,40000,81,79,79,0.18424871792525224
prostate,baseline,40000,81,75,75,0.20089787714464427
prostate,baseline,40000,81,80,80,0.25751430725770685
prostate,baseline,40000,81,80,80,0.030005164705959663
prostate,baseline,40000,81,80,80,0.08906609697502961
prostate,baseline,40000,81,80,80,0.054631962768675865
prostate,baseline,40000,81,78,78,0.009558808127342498
prostate,baseline,40000,81,75,75,0.07416564346328923
prostate,baseline,40000,81,80,80,0.23476687970832932
prostate,baseline,40000,81,80,80,0.26017983229199465
prostate,baseline,40000,81,80,80,0.14146108654957557
prostate,baseline,40000,81,80,80,0.01042167388319296
prostate,baseline,40000,81,80,80,0.2165724251466424
prostate,baseline,40000,81,80,80,0.2370693086938767
prostate,baseline,40000,81,78,78,0.025917227832123173
prostate,baseline,40000,81,78,78,0.09172443384681428
prostate,baseline,40000,81,77,77,0.12767483372571464
prostate,baseline,40000,81,80,80,0.10309775963023493
prostate,baseline,40000,81,80,80,0.11595831936702035
prostate,baseline,40000,81,80,80,0.02222918818225799
prostate,baseline,40000,81,79,79,0.017154118307216824
prostate,baseline,40000,81,79,79,0.06964964018784099
prostate,baseline,40000,81,80,80,0.1254444692615692
prostate,baseline,40000,81,80,80,0.11536386843266655
prostate,baseline,40000,81,75,75,0.12325771537251747
prostate,baseline,40000,81,75,75,0.14991021338835853
prostate,baseline,40000,81,26,26,0.2267209896140691
prostate,baseline,40000,81,80,80,0.2425252483315014
prostate,baseline,40000,81,74,74,0.2636565169912211
prostate,baseline,40000,81,68,68,0.22375332298103867
prostate,baseline,40000,81,73,73,0.15202625061904176
prostate,baseline,40000,81,26,26,0.21531873464938453
prostate,baseline,40000,81,78,78,0.008228773475643818
prostate,baseline,40000,81,80,80,0.20914404237959006
prostate,baseline,40000,81,80,80,0.24418185275047657
prostate,baseline,40000,81,79,79,0.21521410533197846
prostate,baseline,40000,81,76,76,0.18888833010507208
prostate,baseline,40000,81,80,80,0.11252752897324902
prostate,baseline,40000,81,80,80,0.2577869792507209
prostate,baseline,40000,81,80,80,0.30496480020498906
prostate,baseline,40000,81,79,79,0.053131331008689185
prostate,baseline,40000,81,79,79,0.04312401399066119
prostate,baseline,40000,81,77,77,0.1814503373406484
prostate,baseline,40000,81,80,80,0.10030874278227202
prostate,baseline,40000,81,78,78,0.012898438793783341
prostate,baseline,40000,81,77,77,0.11244603267284334
prostate,baseline,40000,81,74,74,0.15388031823585555
prostate,baseline,40000,81,73,73,0.14584975543054063
prostate,baseline,40000,81,71,71,0.11558458282011985
prostate,baseline,40000,81,69,69,0.13672644346557117
prostate,baseline,40000,81,67,67,0.15889132758986801
prostate,baseline,40000,81,63,63,0.1655398139775171
prostate,baseline,40000,81,80,80,0.11932872346982078
prostate,baseline,40000,81,80,80,0.14777251811859377
prostate,baseline,40000,81,75,75,0.14400279144836114
prostate,baseline,40000,81,72,72,0.013140203218227887
prostate,baseline,40000,81,68,68,0.08489950034911717
prostate,baseline,40000,81,80,80,0.11068056384508791
prostate,baseline,40000,81,79,79,0.01697969616354744
prostate,baseline,40000,81,78,78,0.08789083224026081
prostate,baseline,40000,81,77,77,0.07212737928780408
prostate,baseline,40000,81,77,77,0.03775150405964033
prostate,baseline,40000,81,80,80,0.11668544818459739
prostate,baseline,40000,81,78,78,0.055679709121724145
prostate,baseline,40000,81,76,76,0.040135940099231104
prostate,baseline,40000,81,79,79,0.16706557797150037
prostate,baseline,40000,81,79,79,0.1681620904577172
prostate,baseline,40000,81,78,78,0.2447366508969632
prostate,baseline,40000,81,77,77,0.23514520319190663
prostate,baseline,40000,81,69,69,0.22491349642988376
prostate,baseline,40000,81,61,61,0.1799941936379843
prostate,baseline,40000,81,80,80,0.25915259580364347
prostate,baseline,40000,81,69,69,0.266141359050028
prostate,baseline,40000,81,80,80,0.05371078538607417
prostate,baseline,40000,81,80,80,0.0394361441074651
prostate,baseline,40000,81,80,80,0.06209348290328853
prostate,baseline,40000,81,78,78,0.10021886389988997
prostate,baseline,40000,81,80,80,0.286400367483714
prostate,baseline,40000,81,79,79,0.23913054814936358
prostate,baseline,40000,81,79,79,0.14864138174404587
prostate,baseline,40000,81,75,75,0.20888905193115379
prostate,baseline,40000,81,79,79,0.3330580053951265
prostate,baseline,40000,81,77,77,0.31606520837086716
prostate,baseline,40000,81,77,77,0.3273600351842679
prostate,baseline,40000,81,73,73,0.07857199635423931
prostate,baseline,40000,81,67,67,0.10489658320538844
prostate,baseline,40000,81,51,51,0.12009645660410842
prostate,baseline,40000,81,26,26,0.17060578711979763
prostate,baseline,40000,81,78,78,0.047871824806984695
prostate,baseline,40000,81,78,78,0.011173118907009776
prostate,baseline,40000,81,77,77,0.05256398477513579
prostate,baseline,40000,81,76,76,0.12314117842577606
prostate,baseline,40000,81,74,74,0.013152524385434504
prostate,baseline,40000,81,80,80,0.03571931541734338
prostate,baseline,40000,81,80,80,0.00860464556983008
prostate,baseline,40000,81,79,79,0.019890605203933723
prostate,baseline,40000,81,78,78,0.06495961923186322
prostate,baseline,40000,81,80,80,0.010334260931935185
prostate,baseline,40000,81,80,80,0.11003299228821191
prostate,baseline,40000,81,80,80,0.012128367219657923
prostate,baseline,40000,81,80,80,0.008325220888453421
prostate,baseline,40000,81,80,80,0.008383608565177498
prostate,baseline,40000,81,80,80,0.025796705626429904
prostate,baseline,40000,81,80,80,0.010766461580373749
prostate,baseline,40000,81,80,80,0.005765749186908634
prostate,baseline,40000,81,80,80,0.01747883879837779
prostate,baseline,40000,81,80,80,0.024195763804520154
prostate,baseline,40000,81,80,80,0.005568015316147713
prostate,baseline,40000,81,80,80,0.010689292148771293
prostate,baseline,40000,81,80,80,0.05729342980557931
prostate,baseline,40000,81,80,80,0.01764578948206113
prostate,baseline,40000,81,80,80,0.017112650307620776
prostate,baseline,40000,81,80,80,0.01877044611087445
prostate,baseline,40000,81,79,79,0.016048120108894816
prostate,baseline,40000,81,79,79,0.016153331891280296
prostate,baseline,40000,81,78,78,0.03079025997988028
prostate,baseline,40000,81,78,78,0.018521465637033264
prostate,baseline,40000,81,78,78,0.014374371785554488
prostate,baseline,40000,81,78,78,0.01877918719026903
prostate,baseline,40000,81,77,77,0.08874637937685513
prostate,baseline,40000,81,74,74,0.09888963320270232
prostate,baseline,40000,81,38,38,0.12606218860106538
prostate,baseline,40000,81,34,34,0.13508964264068776
prostate,baseline,40000,81,80,80,0.0689949156524735
prostate,baseline,40000,81,76,76,0.08143145235696506
prostate,baseline,40000,81,74,74,0.18904312450341607
prostate,baseline,40000,81,80,80,0.271762662914168
prostate,baseline,40000,81,80,80,0.18573769797014747
prostate,baseline,40000,81,77,77,0.17142325749750428
prostate,baseline,40000,81,80,80,0.013644738311607382
prostate,baseline,40000,81,80,80,0.20910128971882108
prostate,baseline,40000,81,80,80,0.22462651222973246
prostate,baseline,40000,81,78,78,0.1273106945401741
prostate,baseline,40000,81,72,72,0.23214817726631123
prostate,baseline,40000,81,26,26,0.25936606538328105
prostate,baseline,40000,81,75,75,0.25841168134052317
prostate,baseline,40000,81,74,74,0.2443498035602625
prostate,baseline,40000,81,72,72,0.25475479075597224
prostate,baseline,40000,81,71,71,0.20194726656327225
prostate,baseline,40000,81,70,70,0.22934222109721455
prostate,baseline,40000,81,70,70,0.14802613578087712
prostate,baseline,40000,81,70,70,0.24750026682627052
prostate,baseline,40000,81,68,68,0.18007885404045204
prostate,baseline,40000,81,68,68,0.25889295911522814
prostate,baseline,40000,81,66,66,0.17679052495478692
prostate,baseline,40000,81,64,64,0.2241371184996418
prostate,baseline,40000,81,80,80,0.0016027315719522029
prostate,baseline,40000,81,80,80,0.08055005758378138
prostate,baseline,40000,81,80,80,0.27781990014958774
prostate,baseline,40000,81,80,80,0.24425602414583164
prostate,baseline,40000,81,80,80,0.14998321447176802
prostate,baseline,40000,81,78,78,0.21605704465142267
prostate,baseline,40000,81,78,78,0.13133604089359283
prostate,baseline,40000,81,80,80,0.09051404784386555
prostate,baseline,40000,81,78,78,0.07454680832845331
prostate,baseline,40000,81,75,75,0.28139452535762727
prostate,baseline,40000,81,75,75,0.23056651746701812
prostate,baseline,40000,81,75,75,0.28224588151115476
prostate,baseline,40000,81,72,72,0.2283455812521646
prostate,baseline,40000,81,69,69,0.2943065709838611
prostate,baseline,40000,81,69,69,0.23820184574165626
prostate,baseline,40000,81,68,68,0.2505345647553953
prostate,baseline,40000,81,68,68,0.2770873588966657
prostate,baseline,40000,81,67,67,0.26488907044116733
prostate,baseline,40000,81,79,79,0.29286104733189533
prostate,baseline,40000,81,78,78,0.19008482202906218
prostate,baseline,40000,81,75,75,0.08478324000501213
prostate,baseline,40000,81,74,74,0.02218203112518211
prostate,baseline,40000,81,67,67,0.1194320331424508
prostate,baseline,40000,81,55,55,0.09863570031813867
prostate,baseline,40000,81,80,80,0.27199495668078727
prostate,baseline,40000,81,79,79,0.1689538611609903
prostate,baseline,40000,81,78,78,0.2224291696442323
prostate,baseline,40000,81,74,74,0.3088217108040669
prostate,baseline,40000,81,73,73,0.07311035746225589
prostate,baseline,40000,81,80,80,0.08708094965948412
prostate,baseline,40000,81,80,80,0.21359593613062575
prostate,baseline,40000,81,80,80,0.22674704579684413
prostate,baseline,40000,81,78,78,0.1812736368188346
prostate,baseline,40000,81,80,80,0.05840026868763576
prostate,baseline,40000,81,77,77,0.22224517185684795
prostate,baseline,40000,81,80,80,0.2714389346421351
prostate,baseline,40000,81,80,80,0.15598984257571225
prostate,baseline,40000,81,80,80,0.023964259116601376
prostate,baseline,40000,81,80,80,0.014443491462718611
prostate,baseline,40000,81,80,80,0.30434836871496523
prostate,baseline,40000,81,79,79,0.012687123383810199
prostate,baseline,40000,81,79,79,0.018245553639321434
prostate,baseline,40000,81,78,78,0.10867876224484983
prostate,baseline,40000,81,80,80,0.25612788936985514
prostate,baseline,40000,81,79,79,0.2310655699823672
prostate,baseline,40000,81,75,75,0.25919880155488867
prostate,baseline,40000,81,80,80,0.23686495735406526
prostate,baseline,40000,81,80,80,0.2211742263654833
prostate,baseline,40000,81,80,80,0.26338626874369403
prostate,baseline,40000,81,77,77,0.18984909954358567
prostate,baseline,40000,81,80,80,0.16520936958916127
prostate,baseline,40000,81,80,80,0.2826151232009389
prostate,baseline,40000,81,80,80,0.0300662510255472
prostate,baseline,40000,81,80,80,0.006532662964048487
prostate,baseline,40000,81,80,80,0.3106442937475077
prostate,baseline,40000,81,79,79,0.0898048273528911
prostate,baseline,40000,81,80,80,0.06469433857178916
prostate,baseline,40000,81,78,78,0.06975852770163175
prostate,baseline,40000,81,77,77,0.003040182090603444
prostate,baseline,40000,81,68,68,0.020337956780870678
prostate,baseline,40000,81,80,80,0.19257518302584198
prostate,baseline,40000,81,72,72,0.19188248108155664
prostate,baseline,40000,81,68,68,0.17227311461221523
prostate,baseline,40000,81,66,66,0.07391753933917992
prostate,baseline,40000,81,80,80,0.06526825096333869
prostate,baseline,40000,81,80,80,0.14448303950830638
prostate,baseline,40000,81,73,73,0.15883679148352095
prostate,baseline,40000,81,80,80,0.018742483471421077
prostate,baseline,40000,81,80,80,0.20576407901896077
prostate,baseline,40000,81,78,78,0.14202142013799146
prostate,baseline,40000,81,77,77,0.1303396396012257
prostate,baseline,40000,81,79,79,0.227868774210167
prostate,baseline,40000,81,80,80,0.23044605217337893
prostate,baseline,40000,81,80,80,0.21767393955491787
prostate,baseline,40000,81,79,79,0.07551720320933424
prostate,baseline,40000,81,80,80,0.30521726225074824
prostate,baseline,40000,81,73,73,0.2680733300999956
prostate,baseline,40000,81,80,80,0.08897277908075
prostate,baseline,40000,81,79,79,0.06614990858160674
prostate,baseline,40000,81,78,78,0.21924169376873118
prostate,baseline,40000,81,75,75,0.1795359977760645
prostate,baseline,40000,81,70,70,0.18047290597015392
prostate,baseline,40000,81,26,26,0.23827367687491663
prostate,baseline,40000,81,80,80,0.11734576356065274
prostate,baseline,40000,81,80,80,0.013175457327736612
prostate,baseline,40000,81,74,74,0.11956457181335202
prostate,baseline,40000,81,68,68,0.13905149173759648
prostate,baseline,40000,81,67,67,0.146378870908688
prostate,baseline,40000,81,80,80,0.19817773733202798
prostate,baseline,40000,81,80,80,0.10821989134167236
prostate,baseline,40000,81,79,79,0.26302143385435567
prostate,baseline,40000,81,74,74,0.2799340263093203
prostate,baseline,40000,81,80,80,0.2852994288648418
prostate,baseline,40000,81,79,79,0.2390880430558168
prostate,baseline,40000,81,79,79,0.2373194755928435
prostate,baseline,40000,81,77,77,0.12594768364223835
prostate,baseline,40000,81,74,74,0.13072369047280627
prostate,baseline,40000,81,68,68,0.2943260138655707
prostate,baseline,40000,82,81,81,0.017004887079799472
prostate,baseline,40000,82,81,81,0.020239408324890008
prostate,baseline,40000,82,81,81,0.12317094448671916
prostate,baseline,40000,82,81,81,0.015093878734632256
prostate,baseline,40000,82,81,81,0.04721750552967956
prostate,baseline,40000,82,79,79,0.06800725552316485
prostate,baseline,40000,82,73,73,0.02467240826113827
prostate,baseline,40000,82,73,73,0.10116929971948418
prostate,baseline,40000,82,72,72,0.05209785520764712
prostate,baseline,40000,82,66,66,0.08833927725051585
prostate,baseline,40000,82,38,38,0.12160034653660311
prostate,baseline,40000,82,38,38,0.10280181241885439
prostate,baseline,40000,82,80,80,0.27349594126994237
prostate,baseline,40000,82,80,80,0.2696531670732528
prostate,baseline,40000,82,75,75,0.27598393491038575
prostate,baseline,40000,82,69,69,0.21404638057898598
prostate,baseline,40000,82,69,69,0.24505410538954153
prostate,baseline,40000,82,81,81,0.02993193333672647
prostate,baseline,40000,82,81,81,0.24083638651490383
prostate,baseline,40000,82,81,81,0.11667196118238703
prostate,baseline,40000,82,81,81,0.2573443770731741
prostate,baseline,40000,82,81,81,0.1622102165887225
prostate,baseline,40000,82,80,80,0.06455154893208445
prostate,baseline,40000,82,77,77,0.025506365187475635
prostate,baseline,40000,82,81,81,0.2378047887674381
prostate,baseline,40000,82,81,81,0.029350560193386256
prostate,baseline,40000,82,78,78,0.12768431795322
prostate,baseline,40000,82,76,76,0.14746760147167484
prostate,baseline,40000,82,81,81,0.07074987215550477
prostate,baseline,40000,82,81,81,0.0019050039149876602
prostate,baseline,40000,82,81,81,0.16180908052948084
prostate,baseline,40000,82,81,81,0.0784603142481217
prostate,baseline,40000,82,81,81,0.1999348801164362
prostate,baseline,40000,82,81,81,0.26845559796875784
prostate,baseline,40000,82,81,81,0.003346085310955195
prostate,baseline,40000,82,78,78,0.10811383685526753
prostate,baseline,40000,82,76,76,0.15866555882456276
prostate,baseline,40000,82,74,74,0.10546856026954554
prostate,baseline,40000,82,72,72,0.09961218956024154
prostate,baseline,40000,82,59,59,0.14966271416938015
prostate,baseline,40000,82,59,59,0.138169406467718
prostate,baseline,40000,82,55,55,0.13685484646066648
prostate,baseline,40000,82,19,19,0.2224145731548145
prostate,baseline,40000,82,81,81,0.2709043704504298
prostate,baseline,40000,82,81,81,0.2278678899296641
prostate,baseline,40000,82,81,81,0.21597951369302362
prostate,baseline,40000,82,76,76,0.1712972936520603
prostate,baseline,40000,82,81,81,0.04979223670888837
prostate,baseline,40000,82,81,81,0.009632918031453924
prostate,baseline,40000,82,81,81,0.053977665656947255
prostate,baseline,40000,82,79,79,0.061995036824823525
prostate,baseline,40000,82,78,78,0.17501285009000403
prostate,baseline,40000,82,77,77,0.04429995268131678
prostate,baseline,40000,82,75,75,0.20484946486146727
prostate,baseline,40000,82,55,55,0.20127012614997514
prostate,baseline,40000,82,42,42,0.2178264584182063
prostate,baseline,40000,82,38,38,0.21255426210029066
prostate,baseline,40000,82,81,81,0.019553067919403873
prostate,baseline,40000,82,81,81,0.20837000721210958
prostate,baseline,40000,82,81,81,0.21796519882578833
prostate,baseline,40000,82,76,76,0.1771359762214885
prostate,baseline,40000,82,81,81,0.24927686764724366
prostate,baseline,40000,82,81,81,0.21449497918157454
prostate,baseline,40000,82,79,79,0.011167632055336357
prostate,baseline,40000,82,76,76,0.1746356653137063
prostate,baseline,40000,82,81,81,0.25106535043523814
prostate,baseline,40000,82,81,81,0.11251716836370108
prostate,baseline,40000,82,79,79,0.17683583359901128
prostate,baseline,40000,82,78,78,0.18246275995452518
prostate,baseline,40000,82,81,81,0.15050908604727173
prostate,baseline,40000,82,81,81,0.23172413082813906
prostate,baseline,40000,82,81,81,0.2886498131675472
prostate,baseline,40000,82,80,80,0.019002606841698584
prostate,baseline,40000,82,79,79,0.010595895900214524
prostate,baseline,40000,82,79,79,0.03076356677676213
prostate,baseline,40000,82,76,76,0.010782143189847429
prostate,baseline,40000,82,81,81,0.007945696033017691
prostate,baseline,40000,82,79,79,0.1282782718991877
prostate,baseline,40000,82,76,76,0.18500728840282668
prostate,baseline,40000,82,81,81,0.13954772511405378
prostate,baseline,40000,82,80,80,0.010104344536880472
prostate,baseline,40000,82,80,80,0.15384767363948063
prostate,baseline,40000,82,77,77,0.18211872540114593
prostate,baseline,40000,82,74,74,0.27025460335804313
prostate,baseline,40000,82,74,74,0.21178652517605237
prostate,baseline,40000,82,69,69,0.17984887193406734
prostate,baseline,40000,82,69,69,0.16275819853531334
prostate,baseline,40000,82,81,81,0.08759978917339306
prostate,baseline,40000,82,81,81,0.15178065555201684
prostate,baseline,40000,82,80,80,0.005029321714904646
prostate,baseline,40000,82,79,79,0.11687215470282103
prostate,baseline,40000,82,79,79,0.037081666514106035
prostate,baseline,40000,82,81,81,0.2084428566892367
prostate,baseline,40000,82,81,81,0.20952003327534338
prostate,baseline,40000,82,79,79,0.16904866451636003
prostate,baseline,40000,82,78,78,0.13549732586106703
prostate,baseline,40000,82,19,19,0.31909964008858954
prostate,baseline,40000,82,81,81,0.030602272374345423
prostate,baseline,40000,82,81,81,0.009202671897474804
prostate,baseline,40000,82,81,81,0.010031874636061908
prostate,baseline,40000,82,81,81,0.11831984204671797
prostate,baseline,40000,82,81,81,0.2043024344233358
prostate,baseline,40000,82,81,81,0.003494492133138217
prostate,baseline,40000,82,79,79,0.07056884144856373
prostate,baseline,40000,82,79,79,0.05708292289827194
prostate,baseline,40000,82,79,79,0.01804427633589606
prostate,baseline,40000,82,79,79,0.03427718680330411
prostate,baseline,40000,82,75,75,0.02528471542074
prostate,baseline,40000,82,74,74,0.2814213036510834
prostate,baseline,40000,82,73,73,0.20322136465958776
prostate,baseline,40000,82,71,71,0.21851550630377722
prostate,baseline,40000,82,70,70,0.2689127225165897
prostate,baseline,40000,82,69,69,0.27717959814290655
prostate,baseline,40000,82,59,59,0.24021503621580817
prostate,baseline,40000,82,81,81,0.10968843524596114
prostate,baseline,40000,82,80,80,0.01842373583971791
prostate,baseline,40000,82,77,77,0.09227495226343684
prostate,baseline,40000,82,77,77,0.07830143387300012
prostate,baseline,40000,82,75,75,0.10336449628829278
prostate,baseline,40000,82,72,72,0.11611815840202785
prostate,baseline,40000,82,71,71,0.10233117565671852
prostate,baseline,40000,82,63,63,0.10601961771516658
prostate,baseline,40000,82,81,81,0.010276759651409123
prostate,baseline,40000,82,81,81,0.037917980277806754
prostate,baseline,40000,82,79,79,0.007857251932200188
prostate,baseline,40000,82,78,78,0.08157858520883335
prostate,baseline,40000,82,76,76,0.09187845865815156
prostate,baseline,40000,82,69,69,0.06598088473678605
prostate,baseline,40000,82,81,81,0.1738298311492223
prostate,baseline,40000,82,80,80,0.012618007009324366
prostate,baseline,40000,82,79,79,0.0075724915847409915
prostate,baseline,40000,82,76,76,0.15591811291711383
prostate,baseline,40000,82,74,74,0.13023305883786102
prostate,baseline,40000,82,81,81,0.0017699109973148385
prostate,baseline,40000,82,81,81,0.007168209079273655
prostate,baseline,40000,82,81,81,0.016698830546869742
prostate,baseline,40000,82,81,81,0.005047445992315386
prostate,baseline,40000,82,81,81,0.1502699244280837
prostate,baseline,40000,82,81,81,0.07376429355149126
prostate,baseline,40000,82,81,81,0.19532391328661278
prostate,baseline,40000,82,81,81,0.026136295482218058
prostate,baseline,40000,82,79,79,0.017729993695391095
prostate,baseline,40000,82,79,79,0.03549176581263948
prostate,baseline,40000,82,79,79,0.007938340459260776
prostate,baseline,40000,82,79,79,0.05800220510754495
prostate,baseline,40000,82,79,79,0.004961244842432429
prostate,baseline,40000,82,75,75,0.02350283797418358
prostate,baseline,40000,82,81,81,0.21372694763795463
prostate,baseline,40000,82,81,81,0.24569794698177522
prostate,baseline,40000,82,81,81,0.21001351312291572
prostate,baseline,40000,82,81,81,0.08468600851696646
prostate,baseline,40000,82,81,81,0.10263772242005229
prostate,baseline,40000,82,79,79,0.11970178014754132
prostate,baseline,40000,82,81,81,0.09435252492076293
prostate,baseline,40000,82,81,81,0.24948201140570644
prostate,baseline,40000,82,77,77,0.29859183691841085
prostate,baseline,40000,82,75,75,0.31400273852095884
prostate,baseline,40000,82,73,73,0.2935587860252541
prostate,baseline,40000,82,73,73,0.28106638922176863
prostate,baseline,40000,82,65,65,0.29189272641661973
prostate,baseline,40000,82,63,63,0.27713916621741025
prostate,baseline,40000,82,61,61,0.27242256060899367
prostate,baseline,40000,82,51,51,0.3393548890497242
prostate,baseline,40000,82,37,37,0.28155139327105677
prostate,baseline,40000,82,81,81,0.15357088759951437
prostate,baseline,40000,82,79,79,0.08182926367423791
prostate,baseline,40000,82,77,77,0.1238213742571723
prostate,baseline,40000,82,81,81,0.14821678953899162
prostate,baseline,40000,82,79,79,0.10613188647173495
prostate,baseline,40000,82,78,78,0.08913827043334321
prostate,baseline,40000,82,75,75,0.014469913558128994
prostate,baseline,40000,82,81,81,0.2638935504589622
prostate,baseline,40000,82,81,81,0.23417669141462685
prostate,baseline,40000,82,81,81,0.242474435666916
prostate,baseline,40000,82,81,81,0.04887504798124205
prostate,baseline,40000,82,79,79,0.05698286788477499
prostate,baseline,40000,82,78,78,0.23140970944928776
prostate,baseline,40000,82,81,81,0.23973413863523277
prostate,baseline,40000,82,79,79,0.16989360703697004
prostate,baseline,40000,82,78,78,0.1304168818257572
prostate,baseline,40000,82,81,81,0.2159733638202737
prostate,baseline,40000,82,81,81,0.27789589864764724
prostate,baseline,40000,82,79,79,0.23082292704722934
prostate,baseline,40000,82,78,78,0.09943206764655058
prostate,baseline,40000,82,76,76,0.09356851505593057
prostate,baseline,40000,82,55,55,0.07379194869619352
prostate,baseline,40000,82,81,81,0.14950462528468733
prostate,baseline,40000,82,81,81,0.1929017426590968
prostate,baseline,40000,82,66,66,0.12150859705743242
prostate,baseline,40000,82,76,76,0.08444348657725077
prostate,baseline,40000,82,63,63,0.12717387618779136
prostate,baseline,40000,82,38,38,0.07813834602098463
prostate,baseline,40000,82,72,72,0.212809248265448
prostate,baseline,40000,82,26,26,0.2127469451607438
prostate,baseline,40000,82,68,68,0.13854269796980484
prostate,baseline,40000,82,66,66,0.15250153137321354
prostate,baseline,40000,82,64,64,0.15577259366736512
prostate,baseline,40000,82,63,63,0.13210365106625627
prostate,baseline,40000,82,57,57,0.11539149068932977
prostate,baseline,40000,82,55,55,0.13714196565603748
prostate,baseline,40000,82,81,81,0.11945810250870778
prostate,baseline,40000,82,81,81,0.21753404650312186
prostate,baseline,40000,82,80,80,0.02093257733439723
prostate,baseline,40000,82,79,79,0.07264296694198508
prostate,baseline,40000,82,79,79,0.09999837954172171
prostate,baseline,40000,82,81,81,0.02232303618980342
prostate,baseline,40000,82,81,81,0.00663990784882084
prostate,baseline,40000,82,81,81,0.29996661621722953
prostate,baseline,40000,82,81,81,0.34448986090886147
prostate,baseline,40000,82,79,79,0.12752382049623778
prostate,baseline,40000,82,79,79,0.10198684663427893
prostate,baseline,40000,82,76,76,0.06544761477461851
prostate,baseline,40000,82,70,70,0.1547503159717073
prostate,baseline,40000,82,32,32,0.21514860272519823
prostate,baseline,40000,82,26,26,0.26603930151967353
prostate,baseline,40000,82,81,81,0.19957848143091886
prostate,baseline,40000,82,81,81,0.22283084420916766
prostate,baseline,40000,82,81,81,0.22836138731571368
prostate,baseline,40000,82,81,81,0.08994463217341082
prostate,baseline,40000,82,79,79,0.14321142156965316
prostate,baseline,40000,82,78,78,0.1951190461778119
prostate,baseline,40000,82,78,78,0.04551099497700827
prostate,baseline,40000,82,62,62,0.12277838309690702
prostate,baseline,40000,82,57,57,0.17047544150740385
prostate,baseline,40000,82,57,57,0.14616866913520674
prostate,baseline,40000,82,55,55,0.19920748026950577
prostate,baseline,40000,82,53,53,0.16569669026820444
prostate,baseline,40000,82,53,53,0.1795807163823123
prostate,baseline,40000,82,79,79,0.11286737717772259
prostate,baseline,40000,82,69,69,0.17279333997500457
prostate,baseline,40000,82,81,81,0.25424872455750863
prostate,baseline,40000,82,79,79,0.24385311678800856
prostate,baseline,40000,82,79,79,0.15924391913004374
prostate,baseline,40000,82,79,79,0.23871897403406728
prostate,baseline,40000,82,77,77,0.23144106860383915
prostate,baseline,40000,82,75,75,0.22895447419161083
prostate,baseline,40000,82,81,81,0.12465481422630259
prostate,baseline,40000,82,81,81,0.06203324759979608
prostate,baseline,40000,82,81,81,0.2688849665254437
prostate,baseline,40000,82,81,81,0.20205591225776323
prostate,baseline,40000,82,78,78,0.07634942135752165
prostate,baseline,40000,82,78,78,0.0025663741163668785
prostate,baseline,40000,82,81,81,0.11452008289884362
prostate,baseline,40000,82,76,76,0.11803714067740288
prostate,baseline,40000,82,81,81,0.18374449115281488
prostate,baseline,40000,82,80,80,0.2588346126696666
prostate,baseline,40000,82,79,79,0.28680902648535245
prostate,baseline,40000,82,74,74,0.15868056385572457
prostate,baseline,40000,82,77,77,0.17945441804496848
prostate,baseline,40000,82,51,51,0.2727279192041048
prostate,baseline,40000,82,18,18,0.33630744203971646
prostate,baseline,40000,82,81,81,0.062515953179438
prostate,baseline,40000,82,81,81,0.2845228511011693
prostate,baseline,40000,82,81,81,0.16789239616380122
prostate,baseline,40000,82,81,81,0.17391053487261654
prostate,baseline,40000,82,81,81,0.1652997103841214
prostate,baseline,40000,82,77,77,0.12780446993249944
prostate,baseline,40000,82,76,76,0.15012798082862214
prostate,baseline,40000,82,81,81,0.07046603595078466
prostate,baseline,40000,82,81,81,0.2036692189135474
prostate,baseline,40000,82,81,81,0.26015932927479146
prostate,baseline,40000,82,81,81,0.2553041190631531
prostate,baseline,40000,82,81,81,0.027064994607717975
prostate,baseline,40000,82,81,81,0.006590028781311475
prostate,baseline,40000,82,80,80,0.06006718927374579
prostate,baseline,40000,82,79,79,0.1338810469570043
prostate,baseline,40000,82,79,79,0.004658541282315825
prostate,baseline,40000,82,79,79,0.0629582425783443
prostate,baseline,40000,82,81,81,0.2467017089323159
prostate,baseline,40000,82,81,81,0.09753786086391678
prostate,baseline,40000,82,81,81,0.01545323825366581
prostate,baseline,40000,82,81,81,0.026274611463543762
prostate,baseline,40000,82,81,81,0.2439325127157376
prostate,baseline,40000,82,81,81,0.19214715839641835
prostate,baseline,40000,82,78,78,0.1864442373786496
prostate,baseline,40000,82,81,81,0.07562876682562776
prostate,baseline,40000,82,81,81,0.03335904038505135
prostate,baseline,40000,82,80,80,0.00948968608515308
prostate,baseline,40000,82,79,79,0.06541677209846271
prostate,baseline,40000,82,81,81,0.2565255146591549
prostate,baseline,40000,82,76,76,0.18420512033311084
prostate,baseline,40000,82,81,81,0.07179203515688072
prostate,baseline,40000,82,81,81,0.03638466389803557
prostate,baseline,40000,82,81,81,0.05639064545823458
prostate,baseline,40000,82,81,81,0.0450438760277218
prostate,baseline,40000,82,81,81,0.006746057072727076
prostate,baseline,40000,82,79,79,0.05446854781664296
prostate,baseline,40000,82,79,79,0.015339941923801687
prostate,baseline,40000,82,79,79,0.009040566580918752
prostate,baseline,40000,82,79,79,0.007955648272769907
prostate,baseline,40000,82,79,79,0.06655637248377569
prostate,baseline,40000,82,79,79,0.03662666350434153
prostate,baseline,40000,82,75,75,0.0094162809389724
prostate,baseline,40000,82,69,69,0.0669553713406733
prostate,baseline,40000,82,81,81,0.038979455528220214
prostate,baseline,40000,82,81,81,0.013955081769828327
prostate,baseline,40000,82,81,81,0.005913425234018688
prostate,baseline,40000,82,81,81,0.07054460860482042
prostate,baseline,40000,82,81,81,0.18290133478588383
prostate,baseline,40000,82,81,81,0.002968333694278673
prostate,baseline,40000,82,81,81,0.013651840674030071
prostate,baseline,40000,82,80,80,0.048929642940994014
prostate,baseline,40000,82,79,79,0.011118892900434808
prostate,baseline,40000,82,79,79,0.055623707546044905
prostate,baseline,40000,82,81,81,0.030071012407727277
prostate,baseline,40000,82,81,81,0.039052342006538766
prostate,baseline,40000,82,81,81,0.011194077342795122
prostate,baseline,40000,82,81,81,0.0919246689052088
prostate,baseline,40000,82,81,81,0.012315218176194189
prostate,baseline,40000,82,80,80,0.00808154413752821
prostate,baseline,40000,82,79,79,0.016312640120598472
prostate,baseline,40000,82,79,79,0.012711518996288378
prostate,baseline,40000,82,79,79,0.07695879696442806
prostate,baseline,40000,82,78,78,0.04227110999107689
prostate,baseline,40000,82,81,81,0.18184298838265633
prostate,baseline,40000,82,76,76,0.18806194706521598
prostate,baseline,40000,82,81,81,0.2571402844104907
prostate,baseline,40000,82,80,80,0.2719274734796164
prostate,baseline,40000,82,80,80,0.22880503426336407
prostate,baseline,40000,82,80,80,0.14598410655659386
prostate,baseline,40000,82,77,77,0.21350724319390016
prostate,baseline,40000,82,78,78,0.24466004081170972
prostate,baseline,40000,82,78,78,0.1504529872420469
prostate,baseline,40000,82,77,77,0.1632201091471037
prostate,baseline,40000,82,73,73,0.07364088564093624
prostate,baseline,40000,82,55,55,0.08984882082546829
prostate,baseline,40000,82,43,43,0.05150266638186634
prostate,baseline,40000,82,38,38,0.06239419598910943
prostate,baseline,40000,82,19,19,0.2114603204752404
prostate,baseline,40000,82,81,81,0.024145636377094878
prostate,baseline,40000,82,81,81,0.11069410667652975
prostate,baseline,40000,82,78,78,0.05879442616999052
prostate,baseline,40000,82,77,77,0.09456699368911468
prostate,baseline,40000,82,76,76,0.05953054598362002
prostate,baseline,40000,82,76,76,0.1180942269536748
prostate,baseline,40000,82,78,78,0.08189587833907837
prostate,baseline,40000,82,68,68,0.030703364182046586
prostate,baseline,40000,82,64,64,0.12118789407212963
prostate,baseline,40000,82,55,55,0.07981042180321492
prostate,baseline,40000,82,81,81,0.27787325464552387
prostate,baseline,40000,82,26,26,0.35844907010324584
prostate,baseline,40000,82,81,81,0.18947896924462296
prostate,baseline,40000,82,81,81,0.23307862884531422
prostate,baseline,40000,82,81,81,0.0006632865811731042
prostate,baseline,40000,82,80,80,0.1895042111002013
prostate,baseline,40000,82,80,80,0.012692437580195028
prostate,baseline,40000,82,80,80,0.11340432453358158
prostate,baseline,40000,82,79,79,0.019470534220584215
prostate,baseline,40000,82,79,79,0.3268760606860419
prostate,baseline,40000,82,76,76,0.3148931575943059
prostate,baseline,40000,82,74,74,0.3134817677669598
prostate,baseline,40000,82,72,72,0.2910344913934041
prostate,baseline,40000,82,70,70,0.3368269851390643
prostate,baseline,40000,82,81,81,0.16284906842780716
prostate,baseline,40000,82,81,81,0.2500068436512335
prostate,baseline,40000,82,81,81,0.03523306162684541
prostate,baseline,40000,82,78,78,0.12315502968218744
prostate,baseline,40000,82,81,81,0.23020548637117608
prostate,baseline,40000,82,81,81,0.2459836663705806
prostate,baseline,40000,82,81,81,0.2132515535181964
prostate,baseline,40000,82,78,78,0.10261696139416884
prostate,baseline,40000,82,81,81,0.010543423648542535
prostate,baseline,40000,82,81,81,0.23565731731697087
prostate,baseline,40000,82,81,81,0.15525941921201825
prostate,baseline,40000,82,81,81,0.20823681006846867
prostate,baseline,40000,82,81,81,0.022660494892414115
prostate,baseline,40000,82,81,81,0.14032702934650282
prostate,baseline,40000,82,81,81,0.009200032135018403
prostate,baseline,40000,82,79,79,0.10598958420707076
prostate,baseline,40000,82,78,78,0.009590602535316515
prostate,baseline,40000,82,77,77,0.038092520252985373
prostate,baseline,40000,82,75,75,0.022553602691050254
prostate,baseline,40000,82,73,73,0.0369376861620734
prostate,baseline,40000,82,69,69,0.06496428089935424
prostate,baseline,40000,82,81,81,0.03863547816225158
prostate,baseline,40000,82,81,81,0.05914567719441948
prostate,baseline,40000,82,79,79,0.06610654497558342
prostate,baseline,40000,82,81,81,0.2356817748433262
prostate,baseline,40000,82,81,81,0.2552235918732818
prostate,baseline,40000,82,80,80,0.17618133967731123
prostate,baseline,40000,82,77,77,0.19551419506169973
prostate,baseline,40000,82,81,81,0.25366963661279246
prostate,baseline,40000,82,81,81,0.20851252439284207
prostate,baseline,40000,82,81,81,0.3133517927770036
prostate,baseline,40000,82,76,76,0.21133410238860528
prostate,baseline,40000,82,81,81,0.26921227827891486
prostate,baseline,40000,82,81,81,0.02662888345547
prostate,baseline,40000,82,81,81,0.3012353810660208
prostate,baseline,40000,82,79,79,0.07084788992076345
prostate,baseline,40000,82,76,76,0.2235383824283362
prostate,baseline,40000,82,72,72,0.0686022510739395
prostate,baseline,40000,82,81,81,0.022903502577597625
prostate,baseline,40000,82,81,81,0.03225309964525488
prostate,baseline,40000,82,81,81,0.13080714792748296
prostate,baseline,40000,82,81,81,0.017549675624392847
prostate,baseline,40000,82,81,81,0.21492578440581928
prostate,baseline,40000,82,80,80,0.05280098194538942
prostate,baseline,40000,82,75,75,0.05764991692158175
prostate,baseline,40000,82,80,80,0.2560812494445557
prostate,baseline,40000,82,77,77,0.1925214187371433
prostate,baseline,40000,82,77,77,0.2672486084943111
prostate,baseline,40000,82,77,77,0.28402469638073324
prostate,baseline,40000,82,77,77,0.26441423061601865
prostate,baseline,40000,82,77,77,0.24392832029853917
prostate,baseline,40000,82,81,81,0.048138335340659935
prostate,baseline,40000,82,81,81,0.10375346433824272
prostate,baseline,40000,82,79,79,0.06319130541711389
prostate,baseline,40000,82,81,81,0.16980461712309386
prostate,baseline,40000,82,78,78,0.09063506789018591
prostate,baseline,40000,82,76,76,0.014933914827182794
prostate,baseline,40000,82,76,76,0.15506520665343898
prostate,baseline,40000,82,81,81,0.17843860307348441
prostate,baseline,40000,82,79,79,0.007159925186057272
prostate,baseline,40000,82,74,74,0.15675940971085295
prostate,baseline,40000,82,74,74,0.1374075103567524
prostate,baseline,40000,82,72,72,0.08978896896284665
prostate,baseline,40000,82,81,81,0.04880193104788238
prostate,baseline,40000,82,81,81,0.02932297644312929
prostate,baseline,40000,82,81,81,0.11681829739068596
prostate,baseline,40000,82,76,76,0.11063407031549392
prostate,baseline,40000,82,76,76,0.07626336620490942
prostate,baseline,40000,82,80,80,0.13926466548087119
prostate,baseline,40000,82,78,78,0.22530866373731057
prostate,baseline,40000,82,77,77,0.18154413040372186
prostate,baseline,40000,82,67,67,0.15225711288787055
prostate,baseline,40000,82,62,62,0.12663878041977444
prostate,baseline,40000,82,57,57,0.1740689274287138
prostate,baseline,40000,82,57,57,0.14963176572368375
prostate,baseline,40000,82,55,55,0.20151161168495785
prostate,baseline,40000,82,53,53,0.18545763897104015
prostate,baseline,40000,82,81,81,0.007051057651731548
prostate,baseline,40000,82,81,81,0.0026001806515407694
prostate,baseline,40000,82,81,81,0.2448679694949845
prostate,baseline,40000,82,81,81,0.218617523793856
prostate,baseline,40000,82,81,81,0.008911147951848882
prostate,baseline,40000,82,81,81,0.014506629661489526
prostate,baseline,40000,82,81,81,0.017793892750762434
prostate,baseline,40000,82,80,80,0.015448626210038072
prostate,baseline,40000,82,79,79,0.005035483926920802
prostate,baseline,40000,82,79,79,0.06300060863774413
prostate,baseline,40000,82,81,81,0.05524568473444051
prostate,baseline,40000,82,81,81,0.04038956652680856
prostate,baseline,40000,82,79,79,0.003096641434739274
prostate,baseline,40000,82,79,79,0.005935847998904045
prostate,baseline,40000,82,79,79,0.07252045081170602
prostate,baseline,40000,82,81,81,0.016386470865091613
prostate,baseline,40000,82,81,81,0.010811337017061107
prostate,baseline,40000,82,81,81,0.011336751419062971
prostate,baseline,40000,82,81,81,0.017260807298782762
prostate,baseline,40000,82,81,81,0.008919159642597362
prostate,baseline,40000,82,81,81,0.010691686779737397
prostate,baseline,40000,82,81,81,0.12349115474526087
prostate,baseline,40000,82,81,81,0.022806458635318133
prostate,baseline,40000,82,81,81,0.022850771551954734
prostate,baseline,40000,82,81,81,0.008604415985088213
prostate,baseline,40000,82,81,81,0.018232774622610134
prostate,baseline,40000,82,81,81,0.011966746596856823
prostate,baseline,40000,82,81,81,0.12597797642311812
prostate,baseline,40000,82,81,81,0.016252266838787062
prostate,baseline,40000,82,80,80,0.019775528684156007
prostate,baseline,40000,82,79,79,0.01169599501111343
prostate,baseline,40000,82,79,79,0.03727839435666224
prostate,baseline,40000,82,76,76,0.018337650753227658
prostate,baseline,40000,82,75,75,0.026398503282461856
prostate,baseline,40000,82,81,81,0.01848887354917757
prostate,baseline,40000,82,81,81,0.019357242730222064
prostate,baseline,40000,82,81,81,0.06259370199798227
prostate,baseline,40000,82,80,80,0.0048271457671557085
prostate,baseline,40000,82,79,79,0.0680760501289687
prostate,baseline,40000,82,81,81,0.26226510577891277
prostate,baseline,40000,82,81,81,0.2538008570162032
prostate,baseline,40000,82,81,81,0.02911522669701586
prostate,baseline,40000,82,80,80,0.2198474434285827
prostate,baseline,40000,82,79,79,0.045226254595379045
prostate,baseline,40000,82,78,78,0.2611724013306151
prostate,baseline,40000,82,80,80,0.0435928610861786
prostate,baseline,40000,82,80,80,0.005577342572011127
prostate,baseline,40000,82,77,77,0.11883886935503161
prostate,baseline,40000,82,76,76,0.08599625972906277
prostate,baseline,40000,82,69,69,0.0907067078026742
prostate,baseline,40000,82,81,81,0.15707838497569707
prostate,baseline,40000,82,78,78,0.09930194371250478
prostate,baseline,40000,82,81,81,0.2512991852305942
prostate,baseline,40000,82,78,78,0.22151980002744304
prostate,baseline,40000,82,78,78,0.21916541997141145
prostate,baseline,40000,82,78,78,0.23804935008875525
prostate,baseline,40000,82,75,75,0.08649870892873925
prostate,baseline,40000,82,75,75,0.273623046506108
prostate,baseline,40000,82,73,73,0.244783758632813
prostate,baseline,40000,82,72,72,0.21770823932328187
prostate,baseline,40000,82,68,68,0.2902101750108541
prostate,baseline,40000,82,81,81,0.3009328596351189
prostate,baseline,40000,82,75,75,0.29599009252352637
prostate,baseline,40000,82,69,69,0.23122655238756237
prostate,baseline,40000,82,68,68,0.29864818740520044
prostate,baseline,40000,82,66,66,0.24600386379760408
prostate,baseline,40000,82,81,81,0.29514131440106284
prostate,baseline,40000,82,81,81,0.01404618565788762
prostate,baseline,40000,82,81,81,0.2568661112351316
prostate,baseline,40000,82,81,81,0.03030545556924167
prostate,baseline,40000,82,81,81,0.13448011469502236
prostate,baseline,40000,82,81,81,0.028801703597154647
prostate,baseline,40000,82,80,80,0.09389359815018758
prostate,baseline,40000,82,80,80,0.044990721517885926
prostate,baseline,40000,82,79,79,0.01266350375745411
prostate,baseline,40000,82,79,79,0.01762354351684899
prostate,baseline,40000,82,81,81,0.0652720979869942
prostate,baseline,40000,82,81,81,0.03953343744001807
prostate,baseline,40000,82,81,81,0.062380337257366476
prostate,baseline,40000,82,81,81,0.09126228345699448
prostate,baseline,40000,82,81,81,0.027338508032294324
prostate,baseline,40000,82,81,81,0.14351831597919176
prostate,baseline,40000,82,81,81,0.02371502233165339
prostate,baseline,40000,82,80,80,0.014585507658099527
prostate,baseline,40000,82,80,80,0.03837173785175073
prostate,baseline,40000,82,80,80,0.02003312957875137
prostate,baseline,40000,82,79,79,0.01748325291839026
prostate,baseline,40000,82,79,79,0.013489520454848532
prostate,baseline,40000,82,78,78,0.03333675014844039
prostate,baseline,40000,82,75,75,0.03215642236529285
prostate,baseline,40000,82,81,81,0.1731917561031727
prostate,baseline,40000,82,78,78,0.09590408585975493
prostate,baseline,40000,82,76,76,0.13868679717090657
prostate,baseline,40000,82,80,80,0.3023306669921371
prostate,baseline,40000,82,78,78,0.1856477443626474
prostate,baseline,40000,82,74,74,0.2939710109261453
prostate,baseline,40000,82,80,80,0.1980101328677574
prostate,baseline,40000,82,80,80,0.09068361959702742
prostate,baseline,40000,82,78,78,0.19630447005956844
prostate,baseline,40000,82,75,75,0.18427691292428797
prostate,baseline,40000,82,80,80,0.23422378551766299
prostate,baseline,40000,82,68,68,0.20499942761945408
prostate,baseline,40000,82,66,66,0.12108329805240507
prostate,baseline,40000,82,81,81,0.3005781914897007
prostate,baseline,40000,82,81,81,0.29352144627469395
prostate,baseline,40000,82,79,79,0.13613875941300785
prostate,baseline,40000,82,81,81,0.06437644356829124
prostate,baseline,40000,82,81,81,0.13077051400531076
prostate,baseline,40000,82,79,79,0.06720932733304047
prostate,baseline,40000,82,81,81,0.279386267151597
prostate,baseline,40000,82,76,76,0.05743638722012887
prostate,baseline,40000,82,81,81,0.12026740854006844
prostate,baseline,40000,82,81,81,0.17151326480063625
prostate,baseline,40000,82,81,81,0.015423272786702755
prostate,baseline,40000,82,79,79,0.14473186071623598
prostate,baseline,40000,82,78,78,0.12309200013297467
prostate,baseline,40000,82,81,81,0.2762055872536078
prostate,baseline,40000,82,81,81,0.16133315692259825
prostate,baseline,40000,82,79,79,0.19694581845783365
prostate,baseline,40000,82,78,78,0.1450004759792256
prostate,baseline,40000,82,78,78,0.07770346109288111
prostate,baseline,40000,82,70,70,0.033517128901875394
prostate,baseline,40000,82,68,68,0.06073538631227273
prostate,baseline,40000,82,64,64,0.12517733122667296
prostate,baseline,40000,82,81,81,0.23088973530590956
prostate,baseline,40000,82,81,81,0.2805699473616264
prostate,baseline,40000,82,81,81,0.23791002810479764
prostate,baseline,40000,82,81,81,0.012783744781843047
prostate,baseline,40000,82,79,79,0.18258382127189854
prostate,baseline,40000,82,77,77,0.26739711820993955
prostate,baseline,40000,82,77,77,0.19967055509972234
prostate,baseline,40000,82,81,81,0.14577667871526379
prostate,baseline,40000,82,81,81,0.0889252736172467
prostate,baseline,40000,82,79,79,0.1955970350828902
prostate,baseline,40000,82,77,77,0.1883371304277289
prostate,baseline,40000,82,77,77,0.19851707506012653
prostate,baseline,40000,82,81,81,0.188753864064021
prostate,baseline,40000,82,81,81,0.07844071191359141
prostate,baseline,40000,82,78,78,0.20898312814249154
prostate,baseline,40000,82,75,75,0.1950530441751259
prostate,baseline,40000,82,81,81,0.10939870083943648
prostate,baseline,40000,82,80,80,0.24134542679364862
prostate,baseline,40000,82,75,75,0.21243135380741449
prostate,baseline,40000,82,72,72,0.20213992540270814
prostate,baseline,40000,82,68,68,0.19880786302262332
prostate,baseline,40000,82,72,72,0.034795240437233026
prostate,baseline,40000,82,81,81,0.31265531517367434
prostate,baseline,40000,82,80,80,0.3098933103306229
prostate,baseline,40000,82,81,81,0.005275074221951841
prostate,baseline,40000,82,81,81,0.18842828730200084
prostate,baseline,40000,82,81,81,0.2715933865806063
prostate,baseline,40000,82,81,81,0.0017227791993453675
prostate,baseline,40000,82,81,81,0.08408213984423987
prostate,baseline,40000,82,81,81,0.020456279987282135
prostate,baseline,40000,82,79,79,0.18722711976858603
prostate,baseline,40000,82,81,81,0.15581886278749746
prostate,baseline,40000,82,81,81,0.0796123031746679
prostate,baseline,40000,82,81,81,0.24097237061429705
prostate,baseline,40000,82,81,81,0.14535499824352718
prostate,baseline,40000,82,79,79,0.11264846912037908
prostate,baseline,40000,82,79,79,0.044921892581348745
prostate,baseline,40000,82,81,81,0.3096565436712257
prostate,baseline,40000,82,80,80,0.2662961668026659
prostate,baseline,40000,82,80,80,0.29671442863487413
prostate,baseline,40000,82,79,79,0.25181772320647927
prostate,baseline,40000,82,76,76,0.2192874784568297
prostate,baseline,40000,82,81,81,0.13772455225014868
prostate,baseline,40000,82,81,81,0.31451382077876255
prostate,baseline,40000,82,81,81,0.005378990748701504
prostate,baseline,40000,82,81,81,0.2840364729608703
prostate,baseline,40000,82,80,80,0.028655916903079837
prostate,baseline,40000,82,79,79,0.15121828165915221
prostate,baseline,40000,82,80,80,0.15439358935645006
prostate,baseline,40000,82,79,79,0.10507836322058672
prostate,baseline,40000,82,51,51,0.16989947616551132
prostate,baseline,40000,82,81,81,0.17426885510195805
prostate,baseline,40000,82,79,79,0.14824309609753578
prostate,baseline,40000,82,77,77,0.15417469270137488
prostate,baseline,40000,82,81,81,0.13432118135270546
prostate,baseline,40000,82,81,81,0.00702027120533514
prostate,baseline,40000,82,78,78,0.007964685666173784
prostate,baseline,40000,82,78,78,0.02064241265035441
prostate,baseline,40000,82,76,76,0.1080044780666013
prostate,baseline,40000,82,81,81,0.12022993355874871
prostate,baseline,40000,82,79,79,0.08089198383581335
prostate,baseline,40000,82,78,78,0.007492858793649409
prostate,baseline,40000,82,78,78,0.020640419297995656
prostate,baseline,40000,82,77,77,0.08843820485883044
prostate,baseline,40000,82,81,81,0.2722370318946544
prostate,baseline,40000,82,79,79,0.2907054400448088
prostate,baseline,40000,82,79,79,0.19576190786034445
prostate,baseline,40000,82,75,75,0.25876528568567647
prostate,baseline,40000,82,81,81,0.28421581673205565
prostate,baseline,40000,82,81,81,0.2177667067727153
prostate,baseline,40000,82,81,81,0.11262152487824915
prostate,baseline,40000,82,76,76,0.24233937715674694
prostate,baseline,40000,82,81,81,0.22861545121128263
prostate,baseline,40000,82,81,81,0.2099536590151631
prostate,baseline,40000,82,79,79,0.018478369431616397
prostate,baseline,40000,82,76,76,0.1731605877882296
prostate,baseline,40000,82,81,81,0.26332853377325255
prostate,baseline,40000,82,81,81,0.24353455830727433
prostate,baseline,40000,82,81,81,0.26503207428375836
prostate,baseline,40000,82,68,68,0.13949287505533384
prostate,baseline,40000,82,66,66,0.1516848591004616
prostate,baseline,40000,82,64,64,0.15583624847065206
prostate,baseline,40000,82,63,63,0.13161474371661594
prostate,baseline,40000,82,57,57,0.11484865507356432
prostate,baseline,40000,82,55,55,0.13887179247203
prostate,baseline,40000,82,81,81,0.11567499011264334
prostate,baseline,40000,82,79,79,0.07057908000864006
prostate,baseline,40000,82,78,78,0.08517570305109891
prostate,baseline,40000,82,76,76,0.06909855368114065
prostate,baseline,40000,82,59,59,0.03550075374286892
prostate,baseline,40000,82,77,77,0.08930714809373967
prostate,baseline,40000,82,59,59,0.04700874838063937
prostate,baseline,40000,82,34,34,0.20034946131494408
prostate,baseline,40000,82,81,81,0.17970940692222714
prostate,baseline,40000,82,81,81,0.006415125235667038
prostate,baseline,40000,82,81,81,0.26117348493801334
prostate,baseline,40000,82,81,81,0.08921546415030025
prostate,baseline,40000,82,77,77,0.13278749140073393
prostate,baseline,40000,82,80,80,0.2460537770914645
prostate,baseline,40000,82,79,79,0.11652056189465672
prostate,baseline,40000,82,79,79,0.20377962934750557
prostate,baseline,40000,82,78,78,0.2350287389845881
prostate,baseline,40000,82,76,76,0.16114911202747262
prostate,baseline,40000,82,72,72,0.24219296740736013
prostate,baseline,40000,82,71,71,0.24008771311222749
prostate,baseline,40000,82,66,66,0.21636167238269044
prostate,baseline,40000,82,62,62,0.23801283921254796
prostate,baseline,40000,82,79,79,0.1274751690926857
prostate,baseline,40000,82,76,76,0.1880594936604838
prostate,baseline,40000,82,81,81,0.21770689976859217
prostate,baseline,40000,82,81,81,0.273511720765002
prostate,baseline,40000,82,81,81,0.054363381535009185
prostate,baseline,40000,82,81,81,0.011355660490400052
prostate,baseline,40000,82,81,81,0.14914636045964055
prostate,baseline,40000,82,81,81,0.01264551160759931
prostate,baseline,40000,82,81,81,0.03667490064479314
prostate,baseline,40000,82,80,80,0.01445410686575018
prostate,baseline,40000,82,79,79,0.011985405784226737
prostate,baseline,40000,82,79,79,0.1392783722448678
prostate,baseline,40000,82,78,78,0.09888466466463719
prostate,baseline,40000,82,75,75,0.02451102015657968
prostate,baseline,40000,82,73,73,0.020330909732773655
prostate,baseline,40000,82,76,76,0.08784686886232299
prostate,baseline,40000,82,43,43,0.07568327071597443
prostate,baseline,40000,82,42,42,0.08285871586373629
prostate,baseline,40000,82,38,38,0.08150554293043848
prostate,baseline,40000,82,37,37,0.16902699580925704
prostate,baseline,40000,82,26,26,0.14932261462061341
prostate,baseline,40000,82,81,81,0.012167134818956043
prostate,baseline,40000,82,81,81,0.21867632774981832
prostate,baseline,40000,82,81,81,0.22395709021975463
prostate,baseline,40000,82,81,81,0.1944294197984528
prostate,baseline,40000,82,79,79,0.11486380731654694
prostate,baseline,40000,82,78,78,0.08162204237943922
prostate,baseline,40000,82,67,67,0.10519042210625543
prostate,baseline,40000,82,38,38,0.12408112291698829
prostate,baseline,40000,82,34,34,0.13254794672744574
prostate,baseline,40000,82,78,78,0.2799236816388609
prostate,baseline,40000,82,75,75,0.295723536326588
prostate,baseline,40000,82,75,75,0.2791293293963185
prostate,baseline,40000,82,70,70,0.10877764842595647
prostate,baseline,40000,82,81,81,0.2664451221546354
prostate,baseline,40000,82,79,79,0.18499262281713574
prostate,baseline,40000,82,79,79,0.27574929614666316
prostate,baseline,40000,82,75,75,0.2958102750393224
prostate,baseline,40000,82,80,80,0.18155329807387177
prostate,baseline,40000,82,79,79,0.20735752248695977
prostate,baseline,40000,82,73,73,0.16411539291096156
prostate,baseline,40000,82,81,81,0.175307436674757
prostate,baseline,40000,82,68,68,0.1469440256543966
prostate,baseline,40000,82,76,76,0.09186421449435056
prostate,baseline,40000,82,49,49,0.10906671056147889
prostate,baseline,40000,82,81,81,0.04987450784453457
prostate,baseline,40000,82,81,81,0.036680683331634656
prostate,baseline,40000,82,76,76,0.0792191645893177
prostate,baseline,40000,82,81,81,0.010850768560042004
prostate,baseline,40000,82,81,81,0.16770045391463273
prostate,baseline,40000,82,81,81,0.024555805665235287
prostate,baseline,40000,82,81,81,0.05841752823175947
prostate,baseline,40000,82,79,79,0.05191680364207074
prostate,baseline,40000,82,51,51,0.2576502637880881
prostate,baseline,40000,82,19,19,0.3677644760008832
prostate,baseline,40000,82,81,81,0.10949496011589538
prostate,baseline,40000,82,60,60,0.18000273561848135
prostate,baseline,40000,82,67,67,0.26166386303098293
prostate,baseline,40000,82,56,56,0.26406878457029154
prostate,baseline,40000,82,26,26,0.2589078675082976
prostate,baseline,40000,82,81,81,0.30476045686829517
prostate,baseline,40000,82,79,79,0.29835480259118213
prostate,baseline,40000,82,77,77,0.29578398347444324
prostate,baseline,40000,82,75,75,0.22196403569169243
prostate,baseline,40000,82,75,75,0.2539261616289386
prostate,baseline,40000,82,74,74,0.21464923733029023
prostate,baseline,40000,82,69,69,0.28998363196162597
prostate,baseline,40000,82,66,66,0.24614167932567954
prostate,baseline,40000,82,81,81,0.011563881020866336
prostate,baseline,40000,82,81,81,0.21511585242278328
prostate,baseline,40000,82,81,81,0.16073917988454758
prostate,baseline,40000,82,81,81,0.022795887713699697
prostate,baseline,40000,82,81,81,0.04501929815212071
prostate,baseline,40000,82,81,81,0.11561580502399371
prostate,baseline,40000,82,81,81,0.046875321558700785
prostate,baseline,40000,82,81,81,0.041919053842200536
prostate,baseline,40000,82,80,80,0.08593898307075007
prostate,baseline,40000,82,75,75,0.08402212189888393
prostate,baseline,40000,82,76,76,0.08583110476708869
prostate,baseline,40000,82,63,63,0.10286089298000185
prostate,baseline,40000,82,37,37,0.14844241577501927
prostate,baseline,40000,82,79,79,0.005739941560288765
prostate,baseline,40000,82,76,76,0.09204955775994503
prostate,baseline,40000,82,63,63,0.11965509243602311
prostate,baseline,40000,82,81,81,0.12223908367210616
prostate,baseline,40000,82,77,77,0.07923730203193512
prostate,baseline,40000,82,81,81,0.037955208024110995
prostate,baseline,40000,82,81,81,0.002359265825079544
prostate,baseline,40000,82,81,81,0.00559498693312269
prostate,baseline,40000,82,81,81,0.01701650953867713
prostate,baseline,40000,82,81,81,0.05286865013240029
prostate,baseline,40000,82,81,81,0.00665477210700162
prostate,baseline,40000,82,79,79,0.003487344769090065
prostate,baseline,40000,82,79,79,0.06618429154951978
prostate,baseline,40000,82,81,81,0.2162279540007613
prostate,baseline,40000,82,81,81,0.23394051784741587
prostate,baseline,40000,82,81,81,0.1705835687708386
prostate,baseline,40000,82,81,81,0.1970937293311966
prostate,baseline,40000,82,80,80,0.02199442589266233
prostate,baseline,40000,82,81,81,0.07707676809610224
prostate,baseline,40000,82,81,81,0.2186565544511298
prostate,baseline,40000,82,81,81,0.15133782272969878
prostate,baseline,40000,82,81,81,0.011601988467696205
prostate,baseline,40000,82,80,80,0.06499692703567841
prostate,baseline,40000,82,77,77,0.11310530494950964
prostate,baseline,40000,82,73,73,0.013638870225678024
prostate,baseline,40000,82,81,81,0.1451206093294698
prostate,baseline,40000,82,81,81,0.1863458399050116
prostate,baseline,40000,82,81,81,0.2672073753997895
prostate,baseline,40000,82,79,79,0.06215827226955373
prostate,baseline,40000,82,77,77,0.11937871237149682
prostate,baseline,40000,82,81,81,0.22572808977133552
prostate,baseline,40000,82,81,81,0.2921087732560479
prostate,baseline,40000,82,81,81,0.24463107845193477
prostate,baseline,40000,82,79,79,0.19772038893578692
prostate,baseline,40000,82,76,76,0.2575056366564906
prostate,baseline,40000,82,81,81,0.1339806549800222
prostate,baseline,40000,82,81,81,0.015597359336779033
prostate,baseline,40000,82,81,81,0.20179545782160566
prostate,baseline,40000,82,81,81,0.27809937944412544
prostate,baseline,40000,82,81,81,0.02652525764923434
prostate,baseline,40000,82,81,81,0.041960233724452796
prostate,baseline,40000,82,81,81,0.16098676734470477
prostate,baseline,40000,82,81,81,0.012906787824172216
prostate,baseline,40000,82,81,81,0.05500178043144808
prostate,baseline,40000,82,79,79,0.05614193612269989
prostate,baseline,40000,82,79,79,0.039704229965321546
prostate,baseline,40000,82,79,79,0.13164006546676202
prostate,baseline,40000,82,77,77,0.09105158313839745
prostate,baseline,40000,82,75,75,0.06509202672941984
prostate,baseline,40000,82,74,74,0.30241488272142464
prostate,baseline,40000,82,73,73,0.27950491199779015
prostate,baseline,40000,82,70,70,0.21725865088080612
prostate,baseline,40000,82,69,69,0.2777220233115969
prostate,baseline,40000,82,64,64,0.2767704953587146
prostate,baseline,40000,82,64,64,0.21393894696278926
prostate,baseline,40000,82,63,63,0.2673061503808026
prostate,baseline,40000,82,57,57,0.10468112492943928
prostate,baseline,40000,82,38,38,0.10764973862607445
prostate,baseline,40000,82,38,38,0.0820860002780834
prostate,baseline,40000,82,34,34,0.16203607338079348
prostate,baseline,40000,82,26,26,0.14768004925825112
prostate,baseline,40000,82,81,81,0.2642238713945597
prostate,baseline,40000,82,81,81,0.21115965909021914
prostate,baseline,40000,82,80,80,0.04575460086904785
prostate,baseline,40000,82,76,76,0.14149596690283942
prostate,baseline,40000,82,74,74,0.1961212198425611
prostate,baseline,40000,82,56,56,0.20617934350183745
prostate,baseline,40000,82,81,81,0.11736582485899699
prostate,baseline,40000,82,81,81,0.008542291587350415
prostate,baseline,40000,82,81,81,0.05853148502630336
prostate,baseline,40000,82,79,79,0.009975537621645667
prostate,baseline,40000,82,78,78,0.08705816464625167
prostate,baseline,40000,82,76,76,0.07843200046802641
prostate,baseline,40000,82,76,76,0.07588252283126759
prostate,baseline,40000,82,76,76,0.11429258118477963
prostate,baseline,40000,82,74,74,0.21075331181147794
prostate,baseline,40000,82,72,72,0.24550573531799788
prostate,baseline,40000,82,70,70,0.20559403213866514
prostate,baseline,40000,82,68,68,0.24145191384911263
prostate,baseline,40000,82,66,66,0.15688157277846154
prostate,baseline,40000,82,57,57,0.20091045065521765
prostate,baseline,40000,82,74,74,0.10429059472713147
prostate,baseline,40000,82,71,71,0.11252497837668703
prostate,baseline,40000,82,68,68,0.14027441654165554
prostate,baseline,40000,82,66,66,0.15429367202164357
prostate,baseline,40000,82,63,63,0.13191071056861184
prostate,baseline,40000,82,57,57,0.11807984162574567
prostate,baseline,40000,82,55,55,0.1372395999102654
prostate,baseline,40000,82,81,81,0.16642556422786278
prostate,baseline,40000,82,78,78,0.09691423947698423
prostate,baseline,40000,82,76,76,0.01799954695594351
prostate,baseline,40000,82,72,72,0.05719749295116551
prostate,baseline,40000,82,81,81,0.038995909870665556
prostate,baseline,40000,82,79,79,0.003798532703201695
prostate,baseline,40000,82,78,78,0.05073871455748652
prostate,baseline,40000,82,78,78,0.06986818879256675
prostate,baseline,40000,82,77,77,0.10633373939736902
prostate,baseline,40000,82,76,76,0.08455846369809637
prostate,baseline,40000,82,80,80,0.19952830008963618
prostate,baseline,40000,82,79,79,0.2236347428898766
prostate,baseline,40000,82,77,77,0.18748544148676308
prostate,baseline,40000,82,81,81,0.2757919773803111
prostate,baseline,40000,82,81,81,0.13333015381801488
prostate,baseline,40000,82,81,81,0.2665477771004855
prostate,baseline,40000,82,81,81,0.011005105589950907
prostate,baseline,40000,82,77,77,0.10516295390759546
prostate,baseline,40000,82,81,81,0.047118549956886455
prostate,baseline,40000,82,81,81,0.09731771944139966
prostate,baseline,40000,82,81,81,0.04658090168978239
prostate,baseline,40000,82,79,79,0.08630805748377221
prostate,baseline,40000,82,79,79,0.038284870099952954
prostate,baseline,40000,82,81,81,0.0161969235973559
prostate,baseline,40000,82,81,81,0.0880630168113965
prostate,baseline,40000,82,81,81,0.05272863450376927
prostate,baseline,40000,82,81,81,0.019206597798288857
prostate,baseline,40000,82,81,81,0.24711854507503736
prostate,baseline,40000,82,81,81,0.3002775028173783
prostate,baseline,40000,82,81,81,0.0014786818436050072
prostate,baseline,40000,82,79,79,0.09073685800831195
prostate,baseline,40000,82,79,79,0.08459013719058273
prostate,baseline,40000,82,81,81,0.039626005495071746
prostate,baseline,40000,82,81,81,0.012576515536246568
prostate,baseline,40000,82,81,81,0.01711165800254911
prostate,baseline,40000,82,81,81,0.11574809587089518
prostate,baseline,40000,82,81,81,0.014920994751619811
prostate,baseline,40000,82,81,81,0.022373192538470008
prostate,baseline,40000,82,80,80,0.008723359104376879
prostate,baseline,40000,82,79,79,0.02716093158745172
prostate,baseline,40000,82,79,79,0.09568846702593099
prostate,baseline,40000,82,79,79,0.012603722518405006
prostate,baseline,40000,82,79,79,0.03825259028791687
prostate,baseline,40000,82,78,78,0.07075387174222901
prostate,baseline,40000,82,76,76,0.024264239037174746
prostate,baseline,40000,82,73,73,0.025151108411734045
prostate,baseline,40000,82,80,80,0.18363494063072652
prostate,baseline,40000,82,80,80,0.2012074097562994
prostate,baseline,40000,82,79,79,0.05289747744869637
prostate,baseline,40000,82,70,70,0.06185548557560811
prostate,baseline,40000,82,70,70,0.18207793218904342
prostate,baseline,40000,82,81,81,0.04253261913159192
prostate,baseline,40000,82,79,79,0.08444360783872738
prostate,baseline,40000,82,42,42,0.17972747206329776
prostate,baseline,40000,82,38,38,0.18521941387069252
prostate,baseline,40000,82,81,81,0.19594291583489262
prostate,baseline,40000,82,79,79,0.16981174942600463
prostate,baseline,40000,82,76,76,0.16988768694950682
prostate,baseline,40000,82,81,81,0.05560066991926965
prostate,baseline,40000,82,78,78,0.0900440482448052
prostate,baseline,40000,82,77,77,0.10259130145994298
prostate,baseline,40000,82,76,76,0.1031727383485809
prostate,baseline,40000,82,66,66,0.13883164833598377
prostate,baseline,40000,82,81,81,0.12939409751709013
prostate,baseline,40000,82,81,81,0.058140497470495205
prostate,baseline,40000,82,81,81,0.19747748782460017
prostate,baseline,40000,82,79,79,0.07283643910200059
prostate,baseline,40000,83,60,60,0.24967951868787625
prostate,baseline,40000,83,56,56,0.2677709106644309
prostate,baseline,40000,83,55,55,0.26702499021382115
prostate,baseline,40000,83,54,54,0.2132479132893358
prostate,baseline,40000,83,53,53,0.2614351981448898
prostate,baseline,40000,83,53,53,0.2600538054289518
prostate,baseline,40000,83,42,42,0.28946790915767967
prostate,baseline,40000,83,38,38,0.27769742766309174
prostate,baseline,40000,83,37,37,0.27127709017386337
prostate,baseline,40000,83,82,82,0.18389661404471913
prostate,baseline,40000,83,82,82,0.2817214674526943
prostate,baseline,40000,83,80,80,0.22248607507273768
prostate,baseline,40000,83,80,80,0.18607485105678828
prostate,baseline,40000,83,79,79,0.19299036017463825
prostate,baseline,40000,83,82,82,0.2890201302708063
prostate,baseline,40000,83,80,80,0.0824306629160138
prostate,baseline,40000,83,78,78,0.22109721962433845
prostate,baseline,40000,83,82,82,0.18013254713895774
prostate,baseline,40000,83,82,82,0.23131853208751924
prostate,baseline,40000,83,80,80,0.08437098190237251
prostate,baseline,40000,83,79,79,0.17429852678161004
prostate,baseline,40000,83,82,82,0.039820227830738755
prostate,baseline,40000,83,79,79,0.07575825098241025
prostate,baseline,40000,83,77,77,0.09059984073772359
prostate,baseline,40000,83,80,80,0.22561623654276536
prostate,baseline,40000,83,80,80,0.2595527863070234
prostate,baseline,40000,83,79,79,0.19988549882075757
prostate,baseline,40000,83,79,79,0.20544092114288837
prostate,baseline,40000,83,79,79,0.17801074058034871
prostate,baseline,40000,83,79,79,0.22657522257672064
prostate,baseline,40000,83,72,72,0.22343128076178337
prostate,baseline,40000,83,80,80,0.2758450441589115
prostate,baseline,40000,83,64,64,0.27777357844539946
prostate,baseline,40000,83,50,50,0.24629743518250027
prostate,baseline,40000,83,82,82,0.03031334804461853
prostate,baseline,40000,83,78,78,0.20871511533180204
prostate,baseline,40000,83,75,75,0.19100739443896594
prostate,baseline,40000,83,82,82,0.03780612191839452
prostate,baseline,40000,83,80,80,0.06360021195961264
prostate,baseline,40000,83,80,80,0.024743384389594385
prostate,baseline,40000,83,79,79,0.07847987829147965
prostate,baseline,40000,83,81,81,0.05313428063482127
prostate,baseline,40000,83,18,18,0.22268965145457184
prostate,baseline,40000,83,82,82,0.06388168904259255
prostate,baseline,40000,83,82,82,0.09055346779033839
prostate,baseline,40000,83,82,82,0.1889625297944355
prostate,baseline,40000,83,77,77,0.12091349557202904
prostate,baseline,40000,83,82,82,0.18756230392336756
prostate,baseline,40000,83,81,81,0.012336241190562272
prostate,baseline,40000,83,78,78,0.1406062493726342
prostate,baseline,40000,83,77,77,0.12357157609790276
prostate,baseline,40000,83,82,82,0.18667491349227566
prostate,baseline,40000,83,79,79,0.14583978494123623
prostate,baseline,40000,83,77,77,0.15425579918663926
prostate,baseline,40000,83,82,82,0.027211294490005394
prostate,baseline,40000,83,82,82,0.0033510356574625515
prostate,baseline,40000,83,82,82,0.06952925663255383
prostate,baseline,40000,83,82,82,0.10950647684647037
prostate,baseline,40000,83,82,82,0.25324523639524094
prostate,baseline,40000,83,82,82,0.024348969962252817
prostate,baseline,40000,83,82,82,0.15862146793613102
prostate,baseline,40000,83,82,82,0.24035549050707933
prostate,baseline,40000,83,81,81,0.07397258084882566
prostate,baseline,40000,83,81,81,0.07312998185997703
prostate,baseline,40000,83,80,80,0.022097602891362415
prostate,baseline,40000,83,80,80,0.05147232933479564
prostate,baseline,40000,83,70,70,0.05985001358534735
prostate,baseline,40000,83,82,82,0.29002448778147677
prostate,baseline,40000,83,82,82,0.2670215915672564
prostate,baseline,40000,83,82,82,0.03391443948641274
prostate,baseline,40000,83,82,82,0.010816215045123439
prostate,baseline,40000,83,81,81,0.12157601521744138
prostate,baseline,40000,83,80,80,0.034133930814369016
prostate,baseline,40000,83,80,80,0.12621471029717551
prostate,baseline,40000,83,82,82,0.014844395685456561
prostate,baseline,40000,83,82,82,0.05222645256433382
prostate,baseline,40000,83,82,82,0.016333145880730704
prostate,baseline,40000,83,82,82,0.14348648856964552
prostate,baseline,40000,83,82,82,0.006998378383992078
prostate,baseline,40000,83,80,80,0.1074302036576222
prostate,baseline,40000,83,73,73,0.0187987342111205
prostate,baseline,40000,83,82,82,0.09383614634769143
prostate,baseline,40000,83,82,82,0.010146497069677138
prostate,baseline,40000,83,82,82,0.1267906367773796
prostate,baseline,40000,83,80,80,0.03735901975063101
prostate,baseline,40000,83,80,80,0.02021181596339579
prostate,baseline,40000,83,80,80,0.12306814099993761
prostate,baseline,40000,83,79,79,0.08460215255075965
prostate,baseline,40000,83,77,77,0.02997533260483872
prostate,baseline,40000,83,82,82,0.3270071712981654
prostate,baseline,40000,83,82,82,0.3087751200028764
prostate,baseline,40000,83,80,80,0.28526514315156304
prostate,baseline,40000,83,80,80,0.010214367105690873
prostate,baseline,40000,83,79,79,0.2289133555137809
prostate,baseline,40000,83,70,70,0.13995975152097398
prostate,baseline,40000,83,82,82,0.10889191343191136
prostate,baseline,40000,83,80,80,0.009361121128595652
prostate,baseline,40000,83,79,79,0.039503133432728044
prostate,baseline,40000,83,79,79,0.09765991090860165
prostate,baseline,40000,83,78,78,0.043507235897532213
prostate,baseline,40000,83,77,77,0.14285905316976885
prostate,baseline,40000,83,82,82,0.25175115276848203
prostate,baseline,40000,83,79,79,0.16047383833818973
prostate,baseline,40000,83,76,76,0.3084212864941276
prostate,baseline,40000,83,74,74,0.22037959599806173
prostate,baseline,40000,83,80,80,0.1268714678727672
prostate,baseline,40000,83,79,79,0.15097686647004482
prostate,baseline,40000,83,75,75,0.20848397569223623
prostate,baseline,40000,83,75,75,0.19509980416224437
prostate,baseline,40000,83,70,70,0.14846237271404814
prostate,baseline,40000,83,68,68,0.1608387519567873
prostate,baseline,40000,83,66,66,0.1191216021855962
prostate,baseline,40000,83,59,59,0.2351316218617969
prostate,baseline,40000,83,59,59,0.2142597120174034
prostate,baseline,40000,83,55,55,0.23675477187410146
prostate,baseline,40000,83,19,19,0.37973520028270435
prostate,baseline,40000,83,82,82,0.2654526623052287
prostate,baseline,40000,83,82,82,0.2479786459864701
prostate,baseline,40000,83,80,80,0.24016748713267594
prostate,baseline,40000,83,82,82,0.18259895843174717
prostate,baseline,40000,83,82,82,0.22436532809059365
prostate,baseline,40000,83,79,79,0.20679837366683
prostate,baseline,40000,83,78,78,0.14275776325598152
prostate,baseline,40000,83,77,77,0.07530770212573809
prostate,baseline,40000,83,76,76,0.08569891281584605
prostate,baseline,40000,83,72,72,0.11972177286533903
prostate,baseline,40000,83,63,63,0.0869482401006716
prostate,baseline,40000,83,38,38,0.18275732245877793
prostate,baseline,40000,83,34,34,0.19603159401810707
prostate,baseline,40000,83,82,82,0.1618840365470711
prostate,baseline,40000,83,82,82,0.2836591524191705
prostate,baseline,40000,83,82,82,0.27153657630290173
prostate,baseline,40000,83,76,76,0.2273163389063356
prostate,baseline,40000,83,81,81,0.2601820379751946
prostate,baseline,40000,83,81,81,0.19925306370539128
prostate,baseline,40000,83,80,80,0.22840619627116837
prostate,baseline,40000,83,76,76,0.2685247191581661
prostate,baseline,40000,83,75,75,0.2767053868675325
prostate,baseline,40000,83,71,71,0.25790734315508385
prostate,baseline,40000,83,82,82,0.23087588381936264
prostate,baseline,40000,83,82,82,0.28296327988353975
prostate,baseline,40000,83,82,82,0.06758238878482624
prostate,baseline,40000,83,77,77,0.07772634249985325
prostate,baseline,40000,83,79,79,0.2681479833772981
prostate,baseline,40000,83,66,66,0.2778791799899836
prostate,baseline,40000,83,64,64,0.25652083743302156
prostate,baseline,40000,83,82,82,0.2740272297262901
prostate,baseline,40000,83,79,79,0.20171252899283618
prostate,baseline,40000,83,76,76,0.2319469174658202
prostate,baseline,40000,83,76,76,0.2589444824057597
prostate,baseline,40000,83,82,82,0.10705740726862437
prostate,baseline,40000,83,82,82,0.2589629946352589
prostate,baseline,40000,83,81,81,0.0407810870914953
prostate,baseline,40000,83,80,80,0.19058418579584685
prostate,baseline,40000,83,82,82,0.019806880419400257
prostate,baseline,40000,83,82,82,0.0025751450959878765
prostate,baseline,40000,83,82,82,0.007865065604359008
prostate,baseline,40000,83,82,82,0.030614201461877565
prostate,baseline,40000,83,81,81,0.01142979165389161
prostate,baseline,40000,83,80,80,0.007044891768874758
prostate,baseline,40000,83,80,80,0.010936684019414989
prostate,baseline,40000,83,80,80,0.0715482139619629
prostate,baseline,40000,83,80,80,0.014236254687222288
prostate,baseline,40000,83,80,80,0.02934825606844734
prostate,baseline,40000,83,79,79,0.0809114399169754
prostate,baseline,40000,83,82,82,0.2874746012387729
prostate,baseline,40000,83,81,81,0.19453858940706834
prostate,baseline,40000,83,80,80,0.21635964453949827
prostate,baseline,40000,83,78,78,0.23801903831824647
prostate,baseline,40000,83,80,80,0.14844147453898998
prostate,baseline,40000,83,79,79,0.17297864630833246
prostate,baseline,40000,83,79,79,0.12299136821343663
prostate,baseline,40000,83,76,76,0.21652805597132105
prostate,baseline,40000,83,73,73,0.12470765317763066
prostate,baseline,40000,83,42,42,0.22665240438384354
prostate,baseline,40000,83,38,38,0.2256748459806147
prostate,baseline,40000,83,82,82,0.12088574089888288
prostate,baseline,40000,83,82,82,0.048969546526355906
prostate,baseline,40000,83,82,82,0.006932336700910366
prostate,baseline,40000,83,82,82,0.01052079560983244
prostate,baseline,40000,83,82,82,0.025660008019275975
prostate,baseline,40000,83,82,82,0.04424517353656186
prostate,baseline,40000,83,82,82,0.0060792701508542695
prostate,baseline,40000,83,80,80,0.01767138812135306
prostate,baseline,40000,83,80,80,0.015407419146449775
prostate,baseline,40000,83,80,80,0.006571509126976549
prostate,baseline,40000,83,80,80,0.03869410383465808
prostate,baseline,40000,83,80,80,0.09822374936618761
prostate,baseline,40000,83,80,80,0.016321667288007678
prostate,baseline,40000,83,76,76,0.022835408973195546
prostate,baseline,40000,83,82,82,0.004679354747322592
prostate,baseline,40000,83,82,82,0.06353189461742535
prostate,baseline,40000,83,82,82,0.17991417913988117
prostate,baseline,40000,83,82,82,0.013140173935491158
prostate,baseline,40000,83,82,82,0.09726858291203735
prostate,baseline,40000,83,80,80,0.13083383051778918
prostate,baseline,40000,83,70,70,0.03500824519577481
prostate,baseline,40000,83,78,78,0.01970052211357024
prostate,baseline,40000,83,82,82,0.06356690149002847
prostate,baseline,40000,83,82,82,0.11531682882495188
prostate,baseline,40000,83,80,80,0.01251016767309443
prostate,baseline,40000,83,80,80,0.08851943033885899
prostate,baseline,40000,83,78,78,0.10196373244638628
prostate,baseline,40000,83,74,74,0.2758570066220875
prostate,baseline,40000,83,73,73,0.29895201881385336
prostate,baseline,40000,83,61,61,0.21359128235908267
prostate,baseline,40000,83,51,51,0.28471225281785184
prostate,baseline,40000,83,26,26,0.3051824494730424
prostate,baseline,40000,83,82,82,0.2985109127101839
prostate,baseline,40000,83,82,82,0.12595564918974053
prostate,baseline,40000,83,82,82,0.24018238882626053
prostate,baseline,40000,83,77,77,0.21866314224895772
prostate,baseline,40000,83,77,77,0.11050232088317248
prostate,baseline,40000,83,69,69,0.13400559404638177
prostate,baseline,40000,83,69,69,0.12750061957509926
prostate,baseline,40000,83,43,43,0.12968826042643888
prostate,baseline,40000,83,42,42,0.14393025823907915
prostate,baseline,40000,83,40,40,0.15221973524178992
prostate,baseline,40000,83,38,38,0.13800615293405227
prostate,baseline,40000,83,37,37,0.19992166097405462
prostate,baseline,40000,83,82,82,0.10880569288513849
prostate,baseline,40000,83,82,82,0.11551726649197643
prostate,baseline,40000,83,82,82,0.2052049692885193
prostate,baseline,40000,83,82,82,0.008358411678173179
prostate,baseline,40000,83,82,82,0.017314384381222785
prostate,baseline,40000,83,82,82,0.029613596514772092
prostate,baseline,40000,83,80,80,0.07343773642666593
prostate,baseline,40000,83,80,80,0.07693615821059044
prostate,baseline,40000,83,80,80,0.03134988418147293
prostate,baseline,40000,83,76,76,0.0490944296040978
prostate,baseline,40000,83,26,26,0.33052227314530214
prostate,baseline,40000,83,82,82,0.2040603059400076
prostate,baseline,40000,83,81,81,0.21132236566315082
prostate,baseline,40000,83,80,80,0.17569227986658176
prostate,baseline,40000,83,72,72,0.16362050331363726
prostate,baseline,40000,83,72,72,0.17079915849421778
prostate,baseline,40000,83,82,82,0.05237597186793575
prostate,baseline,40000,83,82,82,0.12338731266960705
prostate,baseline,40000,83,82,82,0.19282161957168362
prostate,baseline,40000,83,82,82,0.10706203747721038
prostate,baseline,40000,83,80,80,0.156940757831657
prostate,baseline,40000,83,82,82,0.09537051124337283
prostate,baseline,40000,83,82,82,0.0019800185960507943
prostate,baseline,40000,83,82,82,0.005098754784753352
prostate,baseline,40000,83,82,82,0.24245339625506984
prostate,baseline,40000,83,82,82,0.2153727164309585
prostate,baseline,40000,83,81,81,0.00419101643422943
prostate,baseline,40000,83,80,80,0.01671025421703743
prostate,baseline,40000,83,79,79,0.04390725863900189
prostate,baseline,40000,83,79,79,0.08002780394240434
prostate,baseline,40000,83,77,77,0.09174053415925819
prostate,baseline,40000,83,82,82,0.29169553957528427
prostate,baseline,40000,83,77,77,0.22501230769104175
prostate,baseline,40000,83,75,75,0.27900506663544716
prostate,baseline,40000,83,82,82,0.22929499879422577
prostate,baseline,40000,83,82,82,0.06733226592925837
prostate,baseline,40000,83,82,82,0.2834922035953873
prostate,baseline,40000,83,77,77,0.0975910630363366
prostate,baseline,40000,83,82,82,0.14520303980645385
prostate,baseline,40000,83,82,82,0.007064685955316423
prostate,baseline,40000,83,77,77,0.07961934366354455
prostate,baseline,40000,83,76,76,0.1822849905698213
prostate,baseline,40000,83,69,69,0.2696113153334765
prostate,baseline,40000,83,64,64,0.2768295510629397
prostate,baseline,40000,83,62,62,0.279625588021915
prostate,baseline,40000,83,51,51,0.2790384322141592
prostate,baseline,40000,83,49,49,0.31309535631472846
prostate,baseline,40000,83,38,38,0.28187096347542684
prostate,baseline,40000,83,37,37,0.2633003145517724
prostate,baseline,40000,83,34,34,0.2249809906447137
prostate,baseline,40000,83,34,34,0.2746190248316641
prostate,baseline,40000,83,26,26,0.3194431463337348
prostate,baseline,40000,83,82,82,0.14571338832158293
prostate,baseline,40000,83,78,78,0.10665619238298539
prostate,baseline,40000,83,77,77,0.12066986189243774
prostate,baseline,40000,83,80,80,0.04814480914863041
prostate,baseline,40000,83,79,79,0.09909955270185095
prostate,baseline,40000,83,72,72,0.16360754950809414
prostate,baseline,40000,83,81,81,0.3006169329697433
prostate,baseline,40000,83,72,72,0.32161643923904437
prostate,baseline,40000,83,61,61,0.3147803417765109
prostate,baseline,40000,83,60,60,0.28843463458066043
prostate,baseline,40000,83,57,57,0.2904020108896832
prostate,baseline,40000,83,80,80,0.23783712073178753
prostate,baseline,40000,83,73,73,0.2598661437348915
prostate,baseline,40000,83,82,82,0.039622140619599705
prostate,baseline,40000,83,80,80,0.06743058152188004
prostate,baseline,40000,83,79,79,0.07689203985708355
prostate,baseline,40000,83,75,75,0.1406791643869389
prostate,baseline,40000,83,73,73,0.12303399447379293
prostate,baseline,40000,83,68,68,0.14763109911479969
prostate,baseline,40000,83,68,68,0.0927826931977365
prostate,baseline,40000,83,67,67,0.1234573262996724
prostate,baseline,40000,83,65,65,0.13092810469353663
prostate,baseline,40000,83,63,63,0.13816420954435712
prostate,baseline,40000,83,57,57,0.11256912624288451
prostate,baseline,40000,83,57,57,0.12546893692892597
prostate,baseline,40000,83,56,56,0.14409981404886651
prostate,baseline,40000,83,18,18,0.2438094339945487
prostate,baseline,40000,83,80,80,0.2284300173490157
prostate,baseline,40000,83,79,79,0.23655184299113702
prostate,baseline,40000,83,79,79,0.17908189487833678
prostate,baseline,40000,83,75,75,0.24920683831139626
prostate,baseline,40000,83,73,73,0.2513949231473058
prostate,baseline,40000,83,73,73,0.24431806227762376
prostate,baseline,40000,83,65,65,0.21948523611771126
prostate,baseline,40000,83,82,82,0.10770594426490025
prostate,baseline,40000,83,82,82,0.04183852314203468
prostate,baseline,40000,83,82,82,0.2646872626449029
prostate,baseline,40000,83,77,77,0.18106425642719437
prostate,baseline,40000,83,70,70,0.08276914939994201
prostate,baseline,40000,83,81,81,0.05742588622177715
prostate,baseline,40000,83,78,78,0.11976554624282681
prostate,baseline,40000,83,77,77,0.08568074069506255
prostate,baseline,40000,83,43,43,0.10118231966534168
prostate,baseline,40000,83,42,42,0.11614620259382136
prostate,baseline,40000,83,38,38,0.10889974081944631
prostate,baseline,40000,83,81,81,0.04859910572124257
prostate,baseline,40000,83,80,80,0.18353958340668608
prostate,baseline,40000,83,80,80,0.21893633778163868
prostate,baseline,40000,83,79,79,0.22889113827850327
prostate,baseline,40000,83,77,77,0.23469850814754475
prostate,baseline,40000,83,68,68,0.23467562258028876
prostate,baseline,40000,83,82,82,0.007739469515877933
prostate,baseline,40000,83,79,79,0.08505350341271195
prostate,baseline,40000,83,77,77,0.08880227596703215
prostate,baseline,40000,83,82,82,0.046763588035310964
prostate,baseline,40000,83,82,82,0.2765690591268918
prostate,baseline,40000,83,82,82,0.2312767743826625
prostate,baseline,40000,83,82,82,0.056473945838504735
prostate,baseline,40000,83,81,81,0.017966882556480653
prostate,baseline,40000,83,81,81,0.03633740093870778
prostate,baseline,40000,83,80,80,0.04454668850178628
prostate,baseline,40000,83,82,82,0.24374099949156242
prostate,baseline,40000,83,72,72,0.2811238919369815
prostate,baseline,40000,83,70,70,0.22397770453762111
prostate,baseline,40000,83,82,82,0.1292236293800424
prostate,baseline,40000,83,82,82,0.028142018973357354
prostate,baseline,40000,83,82,82,0.060456402773506994
prostate,baseline,40000,83,82,82,0.18629404937338798
prostate,baseline,40000,83,82,82,0.010578026766370076
prostate,baseline,40000,83,82,82,0.01029072941108766
prostate,baseline,40000,83,82,82,0.025817995605680908
prostate,baseline,40000,83,81,81,0.056639339628698535
prostate,baseline,40000,83,81,81,0.03958501792564712
prostate,baseline,40000,83,80,80,0.025055526399399536
prostate,baseline,40000,83,80,80,0.06752790770640635
prostate,baseline,40000,83,82,82,0.09211619837541031
prostate,baseline,40000,83,82,82,0.27256573184511473
prostate,baseline,40000,83,82,82,0.20522766213798913
prostate,baseline,40000,83,82,82,0.012231825980247258
prostate,baseline,40000,83,82,82,0.007658493555497854
prostate,baseline,40000,83,82,82,0.0007973624471000277
prostate,baseline,40000,83,77,77,0.16794449255964103
prostate,baseline,40000,83,70,70,0.13419708683782836
prostate,baseline,40000,83,82,82,0.27815384699579077
prostate,baseline,40000,83,82,82,0.2503018755880289
prostate,baseline,40000,83,77,77,0.2511562233529843
prostate,baseline,40000,83,82,82,0.11692394080596243
prostate,baseline,40000,83,82,82,0.059215431573466475
prostate,baseline,40000,83,82,82,0.053561092228129714
prostate,baseline,40000,83,82,82,0.004919249320679997
prostate,baseline,40000,83,81,81,0.014267182171930879
prostate,baseline,40000,83,80,80,0.078274875173283
prostate,baseline,40000,83,80,80,0.02946783968045092
prostate,baseline,40000,83,79,79,0.020110320823328524
prostate,baseline,40000,83,78,78,0.13280239285016687
prostate,baseline,40000,83,75,75,0.1338151896702724
prostate,baseline,40000,83,71,71,0.11787703964882953
prostate,baseline,40000,83,69,69,0.11131194368474107
prostate,baseline,40000,83,67,67,0.13783268485431768
prostate,baseline,40000,83,63,63,0.12019691458315657
prostate,baseline,40000,83,55,55,0.12937081007076465
prostate,baseline,40000,83,82,82,0.18297347340019596
prostate,baseline,40000,83,82,82,0.08392776374352623
prostate,baseline,40000,83,79,79,0.0832348164102532
prostate,baseline,40000,83,77,77,0.10521863026705804
prostate,baseline,40000,83,82,82,0.09732454623087988
prostate,baseline,40000,83,82,82,0.1084106115964813
prostate,baseline,40000,83,82,82,0.24002735670986067
prostate,baseline,40000,83,82,82,0.13414262261426108
prostate,baseline,40000,83,82,82,0.24693999882171222
prostate,baseline,40000,83,81,81,0.01902245209325956
prostate,baseline,40000,83,80,80,0.12457980831378682
prostate,baseline,40000,83,80,80,0.028463525759905413
prostate,baseline,40000,83,72,72,0.02912478640818757
prostate,baseline,40000,83,19,19,0.3739665151787075
prostate,baseline,40000,83,82,82,0.15115182999773236
prostate,baseline,40000,83,77,77,0.1198535302947394
prostate,baseline,40000,83,82,82,0.17255552338550972
prostate,baseline,40000,83,82,82,0.28208144148631903
prostate,baseline,40000,83,82,82,0.09384643569238042
prostate,baseline,40000,83,82,82,0.02937375113246933
prostate,baseline,40000,83,80,80,0.09778040728385978
prostate,baseline,40000,83,80,80,0.2161037040338479
prostate,baseline,40000,83,80,80,0.1437785706859153
prostate,baseline,40000,83,79,79,0.09869701843030841
prostate,baseline,40000,83,76,76,0.15165516932505987
prostate,baseline,40000,83,73,73,0.07154519080980298
prostate,baseline,40000,83,72,72,0.14487158950562315
prostate,baseline,40000,83,70,70,0.12828828018905516
prostate,baseline,40000,83,59,59,0.08428995649897861
prostate,baseline,40000,83,57,57,0.15861376917101616
prostate,baseline,40000,83,82,82,0.14728522146909084
prostate,baseline,40000,83,82,82,0.13942836140309464
prostate,baseline,40000,83,82,82,0.22292881489594693
prostate,baseline,40000,83,82,82,0.08842903962724694
prostate,baseline,40000,83,80,80,0.09182826515140839
prostate,baseline,40000,83,80,80,0.019682694506135183
prostate,baseline,40000,83,82,82,0.05552124104950992
prostate,baseline,40000,83,82,82,0.02150147744910896
prostate,baseline,40000,83,80,80,0.05565295197412505
prostate,baseline,40000,83,78,78,0.021947949810885756
prostate,baseline,40000,83,82,82,0.038749357297203246
prostate,baseline,40000,83,82,82,0.10447682489898813
prostate,baseline,40000,83,79,79,0.08221018050788262
prostate,baseline,40000,83,77,77,0.1006488586729058
prostate,baseline,40000,83,77,77,0.07748993668757473
prostate,baseline,40000,83,82,82,0.1634949723878155
prostate,baseline,40000,83,80,80,0.04878012356635457
prostate,baseline,40000,83,79,79,0.09649487885829068
prostate,baseline,40000,83,82,82,0.05473893321386594
prostate,baseline,40000,83,80,80,0.0055574740516469365
prostate,baseline,40000,83,77,77,0.08228109171301137
prostate,baseline,40000,83,78,78,0.018980947184856663
prostate,baseline,40000,83,69,69,0.12280561487971231
prostate,baseline,40000,83,68,68,0.125456238854049
prostate,baseline,40000,83,63,63,0.14116939063531636
prostate,baseline,40000,83,38,38,0.11894175092091834
prostate,baseline,40000,83,38,38,0.1016618169344565
prostate,baseline,40000,83,80,80,0.024406205628814043
prostate,baseline,40000,83,79,79,0.08836233631781037
prostate,baseline,40000,83,68,68,0.06424363332750566
prostate,baseline,40000,83,68,68,0.09021612211335273
prostate,baseline,40000,83,79,79,0.022635267664557774
prostate,baseline,40000,83,77,77,0.07663272198833355
prostate,baseline,40000,83,77,77,0.12112586804320673
prostate,baseline,40000,83,66,66,0.03031740282726848
prostate,baseline,40000,83,82,82,0.06616018903578882
prostate,baseline,40000,83,82,82,0.19211802850335535
prostate,baseline,40000,83,82,82,0.09936502925443737
prostate,baseline,40000,83,77,77,0.12849386925152056
prostate,baseline,40000,83,79,79,0.29094672124578763
prostate,baseline,40000,83,79,79,0.25990252918170487
prostate,baseline,40000,83,79,79,0.2903814852946413
prostate,baseline,40000,83,79,79,0.2426531830754851
prostate,baseline,40000,83,78,78,0.26125365906415454
prostate,baseline,40000,83,78,78,0.2862901447078079
prostate,baseline,40000,83,78,78,0.26996594210032604
prostate,baseline,40000,83,77,77,0.2585979283900328
prostate,baseline,40000,83,77,77,0.28999310108833026
prostate,baseline,40000,83,77,77,0.2593996130597668
prostate,baseline,40000,83,77,77,0.29120788874207787
prostate,baseline,40000,83,75,75,0.2545662460771123
prostate,baseline,40000,83,75,75,0.2758714575200234
prostate,baseline,40000,83,74,74,0.27767341538169477
prostate,baseline,40000,83,73,73,0.2572303290527241
prostate,baseline,40000,83,82,82,0.25123932741633137
prostate,baseline,40000,83,82,82,0.22527135326269876
prostate,baseline,40000,83,82,82,0.17130146761757092
prostate,baseline,40000,83,80,80,0.0560055593522268
prostate,baseline,40000,83,80,80,0.035914278737195604
prostate,baseline,40000,83,80,80,0.027591952747030874
prostate,baseline,40000,83,80,80,0.0804046891503675
prostate,baseline,40000,83,79,79,0.09061861136856005
prostate,baseline,40000,83,72,72,0.13026232559749518
prostate,baseline,40000,83,59,59,0.04658675851549494
prostate,baseline,40000,83,79,79,0.07526477879839039
prostate,baseline,40000,83,69,69,0.13471658740673428
prostate,baseline,40000,83,38,38,0.17898930641465918
prostate,baseline,40000,83,34,34,0.1913226400309136
prostate,baseline,40000,83,82,82,0.09251538541276141
prostate,baseline,40000,83,82,82,0.20434243897490983
prostate,baseline,40000,83,81,81,0.027237331394594173
prostate,baseline,40000,83,80,80,0.16600755135281203
prostate,baseline,40000,83,82,82,0.0644557829669141
prostate,baseline,40000,83,82,82,0.18904000936860546
prostate,baseline,40000,83,82,82,0.018149885570091655
prostate,baseline,40000,83,82,82,0.21832963072921455
prostate,baseline,40000,83,82,82,0.1484091366141311
prostate,baseline,40000,83,82,82,0.011912551888201174
prostate,baseline,40000,83,80,80,0.10816214424777523
prostate,baseline,40000,83,82,82,0.1027251309986772
prostate,baseline,40000,83,82,82,0.21644965065273472
prostate,baseline,40000,83,77,77,0.14193362316959982
prostate,baseline,40000,83,82,82,0.1769630064260643
prostate,baseline,40000,83,82,82,0.2712200070057119
prostate,baseline,40000,83,82,82,0.017704291578146694
prostate,baseline,40000,83,82,82,0.22195591576348306
prostate,baseline,40000,83,82,82,0.03789635265069567
prostate,baseline,40000,83,82,82,0.24207199371513566
prostate,baseline,40000,83,81,81,0.15732679825320695
prostate,baseline,40000,83,81,81,0.08711523060192052
prostate,baseline,40000,83,80,80,0.060434247999039625
prostate,baseline,40000,83,80,80,0.03614601607253398
prostate,baseline,40000,83,80,80,0.0672272319717821
prostate,baseline,40000,83,82,82,0.14191334140571948
prostate,baseline,40000,83,81,81,0.26548641048379645
prostate,baseline,40000,83,81,81,0.20244000117945274
prostate,baseline,40000,83,80,80,0.230991142711472
prostate,baseline,40000,83,67,67,0.0682667206576502
prostate,baseline,40000,83,81,81,0.20425683778355652
prostate,baseline,40000,83,77,77,0.1418783648500238
prostate,baseline,40000,83,77,77,0.18799975532424168
prostate,baseline,40000,83,82,82,0.11674543280924159
prostate,baseline,40000,83,73,73,0.08102690753876243
prostate,baseline,40000,83,82,82,0.1129784287382769
prostate,baseline,40000,83,82,82,0.005251677964460405
prostate,baseline,40000,83,82,82,0.05400725638251637
prostate,baseline,40000,83,80,80,0.08364011193876572
prostate,baseline,40000,83,80,80,0.04251962158520491
prostate,baseline,40000,83,82,82,0.05366044266433134
prostate,baseline,40000,83,80,80,0.049692048748322
prostate,baseline,40000,83,78,78,0.026882269770454083
prostate,baseline,40000,83,43,43,0.06365072350237701
prostate,baseline,40000,83,82,82,0.18370690888931915
prostate,baseline,40000,83,82,82,0.013788825516024797
prostate,baseline,40000,83,81,81,0.12186162206743417
prostate,baseline,40000,83,81,81,0.09574786493974642
prostate,baseline,40000,83,77,77,0.13542761951688817
prostate,baseline,40000,83,82,82,0.2413194324788054
prostate,baseline,40000,83,82,82,0.26738384820183303
prostate,baseline,40000,83,80,80,0.20933882352745536
prostate,baseline,40000,83,79,79,0.19992144422052102
prostate,baseline,40000,83,68,68,0.18405263819986625
prostate,baseline,40000,83,68,68,0.1788009601223115
prostate,baseline,40000,83,68,68,0.15765929317796049
prostate,baseline,40000,83,68,68,0.10588743451009068
prostate,baseline,40000,83,66,66,0.1632741325738563
prostate,baseline,40000,83,60,60,0.14654930380683756
prostate,baseline,40000,83,53,53,0.13636157540589128
prostate,baseline,40000,83,82,82,0.060738121735785126
prostate,baseline,40000,83,82,82,0.17981154578752356
prostate,baseline,40000,83,78,78,0.12988789293960346
prostate,baseline,40000,83,80,80,0.2594056953509549
prostate,baseline,40000,83,76,76,0.23522045355444457
prostate,baseline,40000,83,66,66,0.16629553582308784
prostate,baseline,40000,83,57,57,0.2615434978616823
prostate,baseline,40000,83,82,82,0.07898410535998794
prostate,baseline,40000,83,82,82,0.1872465223733915
prostate,baseline,40000,83,82,82,0.20660856953030585
prostate,baseline,40000,83,82,82,0.2741641597546152
prostate,baseline,40000,83,81,81,0.0007320958366102299
prostate,baseline,40000,83,81,81,0.0023414517769191224
prostate,baseline,40000,83,80,80,0.0015778105559376484
prostate,baseline,40000,83,82,82,0.0007886439904828909
prostate,baseline,40000,83,80,80,0.07353108115199128
prostate,baseline,40000,83,78,78,0.03415382654958871
prostate,baseline,40000,83,76,76,0.07960806845336145
prostate,baseline,40000,83,74,74,0.06339856660127761
prostate,baseline,40000,83,82,82,0.10759684796678126
prostate,baseline,40000,83,82,82,0.12133801224094307
prostate,baseline,40000,83,82,82,0.016552954166858442
prostate,baseline,40000,83,82,82,0.03409182576312964
prostate,baseline,40000,83,77,77,0.13083521182031072
prostate,baseline,40000,83,82,82,0.0371029714089191
prostate,baseline,40000,83,82,82,0.0028056902104414373
prostate,baseline,40000,83,81,81,0.007644181766506967
prostate,baseline,40000,83,80,80,0.06646282030688637
prostate,baseline,40000,83,79,79,0.09121732690901334
prostate,baseline,40000,83,80,80,0.021605283617639286
prostate,baseline,40000,83,80,80,0.06795615320438794
prostate,baseline,40000,83,79,79,0.07670313758216848
prostate,baseline,40000,83,74,74,0.024554474701894466
prostate,baseline,40000,83,82,82,0.2504425620485841
prostate,baseline,40000,83,82,82,0.1561575629352924
prostate,baseline,40000,83,81,81,0.05419726974371048
prostate,baseline,40000,83,80,80,0.18791706374852385
prostate,baseline,40000,83,77,77,0.2260638737687035
prostate,baseline,40000,83,82,82,0.08370793268809493
prostate,baseline,40000,83,82,82,0.004259210011062507
prostate,baseline,40000,83,82,82,0.13517894011844384
prostate,baseline,40000,83,82,82,0.19441363122177163
prostate,baseline,40000,83,80,80,0.010081651845183054
prostate,baseline,40000,83,80,80,0.17227181511195852
prostate,baseline,40000,83,79,79,0.13001099302709915
prostate,baseline,40000,83,82,82,0.25257907740568397
prostate,baseline,40000,83,82,82,0.2623004141920669
prostate,baseline,40000,83,82,82,0.0589441255455951
prostate,baseline,40000,83,80,80,0.01658295599750952
prostate,baseline,40000,83,77,77,0.0828406390045503
prostate,baseline,40000,83,82,82,0.11940388017530779
prostate,baseline,40000,83,82,82,0.10556972257049606
prostate,baseline,40000,83,82,82,0.02739807347098079
prostate,baseline,40000,83,80,80,0.06732829816739802
prostate,baseline,40000,83,79,79,0.04312102427144597
prostate,baseline,40000,83,79,79,0.01491533320784069
prostate,baseline,40000,83,78,78,0.0418252183940711
prostate,baseline,40000,83,82,82,0.14025608709305415
prostate,baseline,40000,83,82,82,0.22225807047096113
prostate,baseline,40000,83,80,80,0.17872752888731816
prostate,baseline,40000,83,78,78,0.18081598475997077
prostate,baseline,40000,83,82,82,0.16085939772854638
prostate,baseline,40000,83,82,82,0.21296334713626222
prostate,baseline,40000,83,80,80,0.009018181373897158
prostate,baseline,40000,83,79,79,0.1401152853851468
prostate,baseline,40000,83,77,77,0.17759343798055055
prostate,baseline,40000,83,82,82,0.06711084270523664
prostate,baseline,40000,83,82,82,0.30713833627799175
prostate,baseline,40000,83,82,82,0.30899821250261317
prostate,baseline,40000,83,81,81,0.012315504665129762
prostate,baseline,40000,83,80,80,0.07436512699446365
prostate,baseline,40000,83,82,82,0.024227330088719003
prostate,baseline,40000,83,82,82,0.17169715344308997
prostate,baseline,40000,83,82,82,0.09085125694167667
prostate,baseline,40000,83,74,74,0.1311837282062635
prostate,baseline,40000,83,82,82,0.01873373179559611
prostate,baseline,40000,83,76,76,0.0993849233427054
prostate,baseline,40000,83,75,75,0.07813934080572188
prostate,baseline,40000,83,72,72,0.13684926027407826
prostate,baseline,40000,83,68,68,0.13986123947636872
prostate,baseline,40000,83,66,66,0.15294561591383493
prostate,baseline,40000,83,64,64,0.15743821818914874
prostate,baseline,40000,83,57,57,0.11226911282928827
prostate,baseline,40000,83,56,56,0.14062527817133394
prostate,baseline,40000,83,81,81,0.005772070164020312
prostate,baseline,40000,83,78,78,0.11636736583292046
prostate,baseline,40000,83,77,77,0.08260001894166921
prostate,baseline,40000,83,75,75,0.06329540378886075
prostate,baseline,40000,83,74,74,0.19070632327066173
prostate,baseline,40000,83,74,74,0.2075343441988289
prostate,baseline,40000,83,74,74,0.2866653776014774
prostate,baseline,40000,83,73,73,0.22195229379631531
prostate,baseline,40000,83,72,72,0.17555123244497636
prostate,baseline,40000,83,72,72,0.1549650539394726
prostate,baseline,40000,83,71,71,0.15576197685881146
prostate,baseline,40000,83,70,70,0.17522233515564914
prostate,baseline,40000,83,70,70,0.23654107142844544
prostate,baseline,40000,83,70,70,0.23996711411997232
prostate,baseline,40000,83,69,69,0.21586624838536775
prostate,baseline,40000,83,68,68,0.18080575062479592
prostate,baseline,40000,83,68,68,0.17708781237555804
prostate,baseline,40000,83,65,65,0.18486604637443407
prostate,baseline,40000,83,53,53,0.14650165186422365
prostate,baseline,40000,83,82,82,0.20738827511152388
prostate,baseline,40000,83,82,82,0.11261629321593607
prostate,baseline,40000,83,80,80,0.1851535808479155
prostate,baseline,40000,83,79,79,0.17186244921812388
prostate,baseline,40000,83,82,82,0.16321230176757356
prostate,baseline,40000,83,82,82,0.19905486750367754
prostate,baseline,40000,83,80,80,0.20901624681832268
prostate,baseline,40000,83,79,79,0.15809747098992377
prostate,baseline,40000,83,82,82,0.11550586035581699
prostate,baseline,40000,83,82,82,0.012382051154112065
prostate,baseline,40000,83,80,80,0.022160089424485212
prostate,baseline,40000,83,79,79,0.15003438535072974
prostate,baseline,40000,83,76,76,0.08622238813224248
prostate,baseline,40000,83,75,75,0.12006786869108785
prostate,baseline,40000,83,75,75,0.09158226658189673
prostate,baseline,40000,83,74,74,0.014370923622492659
prostate,baseline,40000,83,72,72,0.1235761774512305
prostate,baseline,40000,83,68,68,0.09993275096852643
prostate,baseline,40000,83,82,82,0.19259637614888214
prostate,baseline,40000,83,78,78,0.1396455818742198
prostate,baseline,40000,83,77,77,0.12148571794716362
prostate,baseline,40000,83,76,76,0.09786533318607804
prostate,baseline,40000,83,75,75,0.06571372971872759
prostate,baseline,40000,83,72,72,0.11623786323276025
prostate,baseline,40000,83,79,79,0.14334660480016842
prostate,baseline,40000,83,74,74,0.032948914585931036
prostate,baseline,40000,83,74,74,0.19765585405699626
prostate,baseline,40000,83,73,73,0.14275487170404963
prostate,baseline,40000,83,72,72,0.20024385610984452
prostate,baseline,40000,83,69,69,0.19844585466408973
prostate,baseline,40000,83,68,68,0.20992382159514564
prostate,baseline,40000,83,82,82,0.25357928057509366
prostate,baseline,40000,83,82,82,0.01652726404493019
prostate,baseline,40000,83,82,82,0.20982348684904395
prostate,baseline,40000,83,82,82,0.3128498109141422
prostate,baseline,40000,83,82,82,0.02340446405291759
prostate,baseline,40000,83,82,82,0.0124776161886757
prostate,baseline,40000,83,82,82,0.009558499328913443
prostate,baseline,40000,83,80,80,0.09280109256179674
prostate,baseline,40000,83,80,80,0.06183217711039827
prostate,baseline,40000,83,82,82,0.016504832869921413
prostate,baseline,40000,83,82,82,0.009416509940920411
prostate,baseline,40000,83,82,82,0.06610161243813024
prostate,baseline,40000,83,82,82,0.012844856396524142
prostate,baseline,40000,83,82,82,0.10650200193261036
prostate,baseline,40000,83,82,82,0.05645614677770599
prostate,baseline,40000,83,80,80,0.0075245153767551035
prostate,baseline,40000,83,80,80,0.0901795386551422
prostate,baseline,40000,83,73,73,0.01789140742601698
prostate,baseline,40000,83,80,80,0.1367673231897156
prostate,baseline,40000,83,79,79,0.06153548557758589
prostate,baseline,40000,83,78,78,0.1090315108334357
prostate,baseline,40000,83,77,77,0.11863126798282078
prostate,baseline,40000,83,81,81,0.008701287148399848
prostate,baseline,40000,83,80,80,0.06915620390320601
prostate,baseline,40000,83,79,79,0.07603632679435851
prostate,baseline,40000,83,81,81,0.007769493990792439
prostate,baseline,40000,83,80,80,0.010056565285758342
prostate,baseline,40000,83,79,79,0.06788423390418667
prostate,baseline,40000,83,78,78,0.11712974720321546
prostate,baseline,40000,83,77,77,0.08357320643215578
prostate,baseline,40000,83,66,66,0.03257662643139413
prostate,baseline,40000,83,82,82,0.14962640238271963
prostate,baseline,40000,83,82,82,0.28750863005214555
prostate,baseline,40000,83,82,82,0.24437491300717903
prostate,baseline,40000,83,80,80,0.01673139846131521
prostate,baseline,40000,83,82,82,0.24021174405532697
prostate,baseline,40000,83,82,82,0.25469560215566894
prostate,baseline,40000,83,82,82,0.023712153839232423
prostate,baseline,40000,83,82,82,0.20979538141281184
prostate,baseline,40000,83,81,81,0.0018070069514530612
prostate,baseline,40000,83,80,80,0.045523566798441516
prostate,baseline,40000,83,82,82,0.24409306757702687
prostate,baseline,40000,83,82,82,0.2583710312732371
prostate,baseline,40000,83,82,82,0.021154663991050097
prostate,baseline,40000,83,82,82,0.26911435895624547
prostate,baseline,40000,83,80,80,0.06932347007863977
prostate,baseline,40000,83,82,82,0.004125693709799743
prostate,baseline,40000,83,82,82,0.01435241136287491
prostate,baseline,40000,83,82,82,0.21582222240511306
prostate,baseline,40000,83,82,82,0.021023168055899252
prostate,baseline,40000,83,82,82,0.1847788457180238
prostate,baseline,40000,83,82,82,0.03533103527042545
prostate,baseline,40000,83,82,82,0.01673765361901512
prostate,baseline,40000,83,80,80,0.11501294743238097
prostate,baseline,40000,83,73,73,0.049589980624965085
prostate,baseline,40000,83,82,82,0.020634233624447565
prostate,baseline,40000,83,80,80,0.0610772910124305
prostate,baseline,40000,83,77,77,0.12164789872874165
prostate,baseline,40000,83,71,71,0.11506771834045734
prostate,baseline,40000,83,82,82,0.23564646549140894
prostate,baseline,40000,83,82,82,0.26321133241809985
prostate,baseline,40000,83,80,80,0.048004436267288966
prostate,baseline,40000,83,80,80,0.2283966755638424
prostate,baseline,40000,83,72,72,0.17054298418714012
prostate,baseline,40000,83,82,82,0.025228177359494442
prostate,baseline,40000,83,80,80,0.0537876000197592
prostate,baseline,40000,83,78,78,0.09121060797295152
prostate,baseline,40000,83,81,81,0.14752354611634347
prostate,baseline,40000,83,80,80,0.23034289801424807
prostate,baseline,40000,83,80,80,0.18414990658668348
prostate,baseline,40000,83,82,82,0.12075479776972814
prostate,baseline,40000,83,79,79,0.08131793390608028
prostate,baseline,40000,83,79,79,0.0822294485204383
prostate,baseline,40000,83,77,77,0.11417219418891597
prostate,baseline,40000,83,77,77,0.08287629107386338
prostate,baseline,40000,83,76,76,0.08786258899031987
prostate,baseline,40000,83,73,73,0.08299573847962674
prostate,baseline,40000,83,59,59,0.047209234081337106
prostate,baseline,40000,83,82,82,0.29116984788532163
prostate,baseline,40000,83,82,82,0.29087907736613544
prostate,baseline,40000,83,82,82,0.16802601734521402
prostate,baseline,40000,83,80,80,0.16418589899919173
prostate,baseline,40000,83,82,82,0.05682072030745464
prostate,baseline,40000,83,82,82,0.00838097971850627
prostate,baseline,40000,83,82,82,0.04139400140956833
prostate,baseline,40000,83,82,82,0.0027205039401723224
prostate,baseline,40000,83,77,77,0.08496315851727407
prostate,baseline,40000,83,82,82,0.062426148670506255
prostate,baseline,40000,83,82,82,0.11510709448572988
prostate,baseline,40000,83,78,78,0.12133356101315937
prostate,baseline,40000,83,77,77,0.1200740112850466
prostate,baseline,40000,83,82,82,0.06481882431855937
prostate,baseline,40000,83,82,82,0.11247832367908496
prostate,baseline,40000,83,82,82,0.19860718868820226
prostate,baseline,40000,83,82,82,0.0946397438599432
prostate,baseline,40000,83,82,82,0.16402474058889477
prostate,baseline,40000,83,82,82,0.012948905947334647
prostate,baseline,40000,83,80,80,0.06465672469081216
prostate,baseline,40000,83,80,80,0.03787530702735503
prostate,baseline,40000,83,82,82,0.04862139585654378
prostate,baseline,40000,83,82,82,0.2030304157086255
prostate,baseline,40000,83,82,82,0.25204371928912045
prostate,baseline,40000,83,82,82,0.2797102319244795
prostate,baseline,40000,83,81,81,0.2561804189535733
prostate,baseline,40000,83,66,66,0.2956369906063399
prostate,baseline,40000,83,57,57,0.2921306119554974
prostate,baseline,40000,83,71,71,0.2467588350619108
prostate,baseline,40000,83,70,70,0.24278070376681515
prostate,baseline,40000,83,70,70,0.24839771082838097
prostate,baseline,40000,83,64,64,0.2621222053489413
prostate,baseline,40000,83,82,82,0.14659571756176715
prostate,baseline,40000,83,82,82,0.06218738237329753
prostate,baseline,40000,83,80,80,0.014459731864134174
prostate,baseline,40000,83,77,77,0.11541869682377447
prostate,baseline,40000,83,82,82,0.0373443469322367
prostate,baseline,40000,83,78,78,0.1053745326289577
prostate,baseline,40000,83,74,74,0.05476961151292207
prostate,baseline,40000,83,52,52,0.10027566569397377
prostate,baseline,40000,83,82,82,0.011216796499729897
prostate,baseline,40000,83,81,81,0.22318195940697474
prostate,baseline,40000,83,76,76,0.2076612414366158
prostate,baseline,40000,83,76,76,0.2569895348327555
prostate,baseline,40000,83,79,79,0.1627163507888091
prostate,baseline,40000,83,79,79,0.10570208659052413
prostate,baseline,40000,83,78,78,0.18667296465415698
prostate,baseline,40000,83,78,78,0.18721556306594755
prostate,baseline,40000,83,78,78,0.16555434638143515
prostate,baseline,40000,83,76,76,0.11249977460205736
prostate,baseline,40000,83,76,76,0.18643144014142773
prostate,baseline,40000,83,75,75,0.17221032274526699
prostate,baseline,40000,83,81,81,0.19071095731750426
prostate,baseline,40000,83,49,49,0.23084110916050066
prostate,baseline,40000,83,82,82,0.24078913319220557
prostate,baseline,40000,83,82,82,0.16784925904829404
prostate,baseline,40000,83,68,68,0.2657167531783621
prostate,baseline,40000,83,82,82,0.12366796982759122
prostate,baseline,40000,83,79,79,0.07092452287287176
prostate,baseline,40000,83,76,76,0.09925657287044787
prostate,baseline,40000,83,82,82,0.01979101255196961
prostate,baseline,40000,83,82,82,0.10626860888727542
prostate,baseline,40000,83,78,78,0.0950870426873695
prostate,baseline,40000,83,77,77,0.11305725494048706
prostate,baseline,40000,83,76,76,0.07448547189214626
prostate,baseline,40000,83,73,73,0.13158714530241225
prostate,baseline,40000,83,68,68,0.13862169354293005
prostate,baseline,40000,83,66,66,0.15239495043422582
prostate,baseline,40000,83,64,64,0.15269357445941534
prostate,baseline,40000,83,63,63,0.1304025331408699
prostate,baseline,40000,83,57,57,0.11702204200961994
prostate,baseline,40000,83,55,55,0.13534432841803437
prostate,baseline,40000,83,82,82,0.14276109281148808
prostate,baseline,40000,83,82,82,0.22310682063624251
prostate,baseline,40000,83,81,81,0.09001985235057013
prostate,baseline,40000,83,81,81,0.17785829878690176
prostate,baseline,40000,83,81,81,0.02828980755248154
prostate,baseline,40000,83,79,79,0.0741318162558238
prostate,baseline,40000,83,75,75,0.11940667339203195
prostate,baseline,40000,83,72,72,0.11677665442242254
prostate,baseline,40000,83,70,70,0.11781870251522213
prostate,baseline,40000,83,68,68,0.05496962995082473
prostate,baseline,40000,83,68,68,0.07747808263882641
prostate,baseline,40000,83,56,56,0.1250289278621812
prostate,baseline,40000,83,82,82,0.006895106432796452
prostate,baseline,40000,83,82,82,0.008265335596333424
prostate,baseline,40000,83,78,78,0.14172437129258345
prostate,baseline,40000,83,77,77,0.07413859206054076
prostate,baseline,40000,83,77,77,0.07459779740065108
prostate,baseline,40000,83,76,76,0.1114307129417385
prostate,baseline,40000,83,75,75,0.0806082367612298
prostate,baseline,40000,83,73,73,0.11767707965628399
prostate,baseline,40000,83,69,69,0.07643491094138097
prostate,baseline,40000,83,71,71,0.10393572317986928
prostate,baseline,40000,83,68,68,0.1447268502378599
prostate,baseline,40000,83,68,68,0.15630159004529928
prostate,baseline,40000,83,68,68,0.09720505049461689
prostate,baseline,40000,83,60,60,0.139143094569314
prostate,baseline,40000,83,57,57,0.11755307489759907
prostate,baseline,40000,83,57,57,0.13137511674502983
prostate,baseline,40000,83,53,53,0.13568561214773386
prostate,baseline,40000,83,81,81,0.14516477198077501
prostate,baseline,40000,83,81,81,0.1821583904519511
prostate,baseline,40000,83,81,81,0.1613349929503356
prostate,baseline,40000,83,80,80,0.12607988103733078
prostate,baseline,40000,83,80,80,0.013547260551045031
prostate,baseline,40000,83,73,73,0.09891444930108798
prostate,baseline,40000,83,82,82,0.29158842159446885
prostate,baseline,40000,83,76,76,0.2281131739495032
prostate,baseline,40000,83,82,82,0.1791093331538919
prostate,baseline,40000,83,79,79,0.08474188412099541
prostate,baseline,40000,83,76,76,0.18237187427358825
prostate,baseline,40000,83,68,68,0.16067576620227594
prostate,baseline,40000,83,67,67,0.16498540209242066
prostate,baseline,40000,83,64,64,0.17675131975094055
prostate,baseline,40000,83,38,38,0.20882865267332823
prostate,baseline,40000,83,38,38,0.18013626684459447
prostate,baseline,40000,83,26,26,0.1964285478629491
prostate,baseline,40000,83,75,75,0.15844358141736017
prostate,baseline,40000,83,72,72,0.1750372762191509
prostate,baseline,40000,83,72,72,0.1405059246657756
prostate,baseline,40000,83,68,68,0.18067251770466017
prostate,baseline,40000,83,68,68,0.15572131346301374
prostate,baseline,40000,83,68,68,0.10882017987994153
prostate,baseline,40000,83,66,66,0.15561370249323003
prostate,baseline,40000,83,82,82,0.1438812431668623
prostate,baseline,40000,83,79,79,0.15296387178399615
prostate,baseline,40000,83,76,76,0.24719688999771022
prostate,baseline,40000,83,74,74,0.21045088376059934
prostate,baseline,40000,83,74,74,0.2025497312682422
prostate,baseline,40000,83,74,74,0.020343060075885284
prostate,baseline,40000,83,69,69,0.09153147303689571
prostate,baseline,40000,83,68,68,0.09583261336430511
prostate,baseline,40000,83,53,53,0.13578115593585358
prostate,baseline,40000,83,81,81,0.06512348680571822
prostate,baseline,40000,83,79,79,0.08981003965464279
prostate,baseline,40000,83,82,82,0.2546852182352053
prostate,baseline,40000,83,80,80,0.25186373610314616
prostate,baseline,40000,83,80,80,0.25720518748609433
prostate,baseline,40000,83,75,75,0.205013323149937
prostate,baseline,40000,83,75,75,0.17782136820259611
prostate,baseline,40000,83,68,68,0.20567835940991205
prostate,baseline,40000,83,66,66,0.20676631590363284
prostate,baseline,40000,83,65,65,0.18113061433465796
prostate,baseline,40000,83,43,43,0.18327966156199704
prostate,baseline,40000,83,80,80,0.24285290548416266
prostate,baseline,40000,83,80,80,0.25178237072603216
prostate,baseline,40000,83,79,79,0.20465996655612848
prostate,baseline,40000,83,78,78,0.2134710888307312
prostate,baseline,40000,83,74,74,0.1777802785374419
prostate,baseline,40000,83,74,74,0.1772137849272934
prostate,baseline,40000,83,72,72,0.19673104462773316
prostate,baseline,40000,83,76,76,0.08488434508001075
prostate,baseline,40000,83,75,75,0.11534056501094055
prostate,baseline,40000,83,75,75,0.08760990268673942
prostate,baseline,40000,83,74,74,0.01741425767234501
prostate,baseline,40000,83,82,82,0.1663147019738672
prostate,baseline,40000,83,82,82,0.2496512111971136
prostate,baseline,40000,83,80,80,0.2502309902614712
prostate,baseline,40000,83,79,79,0.2029746153468325
prostate,baseline,40000,83,82,82,0.016614854009050106
prostate,baseline,40000,83,80,80,0.04961684637514323
prostate,baseline,40000,83,68,68,0.0893835303055223
prostate,baseline,40000,83,66,66,0.14755414328280006
prostate,baseline,40000,83,43,43,0.06435447448063113
prostate,baseline,40000,83,75,75,0.13816387949001693
prostate,baseline,40000,83,74,74,0.16679254593256096
prostate,baseline,40000,83,68,68,0.13810155404011631
prostate,baseline,40000,83,82,82,0.12959939679967014
prostate,baseline,40000,83,82,82,0.25658216556558183
prostate,baseline,40000,83,80,80,0.20428343176517946
prostate,baseline,40000,83,78,78,0.258146902213101
prostate,baseline,40000,83,78,78,0.13715694709042228
prostate,baseline,40000,83,74,74,0.131619288310308
prostate,baseline,40000,83,82,82,0.22416193347776803
prostate,baseline,40000,83,82,82,0.2391994989872551
prostate,baseline,40000,83,82,82,0.23482848140987417
prostate,baseline,40000,83,80,80,0.07781091668436765
prostate,baseline,40000,83,81,81,0.2983629551678646
prostate,baseline,40000,83,81,81,0.29900218530113554
prostate,baseline,40000,83,81,81,0.08751876424167251
prostate,baseline,40000,83,80,80,0.2918394571718785
prostate,baseline,40000,83,80,80,0.27393493232143173
prostate,baseline,40000,83,76,76,0.29094281068628525
prostate,baseline,40000,83,75,75,0.28517879174949434
prostate,baseline,40000,83,74,74,0.2630986529010921
prostate,baseline,40000,83,82,82,0.18760644859747366
prostate,baseline,40000,83,82,82,0.25812288783065107
prostate,baseline,40000,83,77,77,0.2400585158108326
prostate,baseline,40000,83,82,82,0.22377602124980836
prostate,baseline,40000,84,83,83,0.1077861972978657
prostate,baseline,40000,84,78,78,0.10238038585662307
prostate,baseline,40000,84,73,73,0.10302812729415003
prostate,baseline,40000,84,83,83,0.08311666038050682
prostate,baseline,40000,84,83,83,0.013738534688861988
prostate,baseline,40000,84,43,43,0.07819322265160492
prostate,baseline,40000,84,83,83,0.10944656444833016
prostate,baseline,40000,84,82,82,0.015039860991793257
prostate,baseline,40000,84,82,82,0.06653374809175322
prostate,baseline,40000,84,79,79,0.08495673704905202
prostate,baseline,40000,84,73,73,0.15234960922136803
prostate,baseline,40000,84,60,60,0.17040276226395842
prostate,baseline,40000,84,43,43,0.1909341028032247
prostate,baseline,40000,84,42,42,0.19899163117199245
prostate,baseline,40000,84,38,38,0.1939776516436477
prostate,baseline,40000,84,37,37,0.22370896295830225
prostate,baseline,40000,84,26,26,0.23362583807342555
prostate,baseline,40000,84,83,83,0.19404087973724912
prostate,baseline,40000,84,83,83,0.10747187721543383
prostate,baseline,40000,84,83,83,0.09943312193841747
prostate,baseline,40000,84,82,82,0.03579794674332622
prostate,baseline,40000,84,82,82,0.021242041177467325
prostate,baseline,40000,84,82,82,0.02854053746864163
prostate,baseline,40000,84,81,81,0.07432746791577746
prostate,baseline,40000,84,83,83,0.11029042708424959
prostate,baseline,40000,84,80,80,0.19685825897134882
prostate,baseline,40000,84,77,77,0.2745230835142015
prostate,baseline,40000,84,72,72,0.20277574864402734
prostate,baseline,40000,84,65,65,0.10074979854610257
prostate,baseline,40000,84,60,60,0.1672198777706667
prostate,baseline,40000,84,54,54,0.17542190601798
prostate,baseline,40000,84,51,51,0.1793702541846262
prostate,baseline,40000,84,43,43,0.1951168872317083
prostate,baseline,40000,84,42,42,0.20306679282490242
prostate,baseline,40000,84,38,38,0.20380635668315816
prostate,baseline,40000,84,19,19,0.26955374272987587
prostate,baseline,40000,84,83,83,0.04973249543447164
prostate,baseline,40000,84,82,82,0.17258803740073755
prostate,baseline,40000,84,43,43,0.18351406318836347
prostate,baseline,40000,84,73,73,0.14727003731466393
prostate,baseline,40000,84,66,66,0.1426962370178207
prostate,baseline,40000,84,65,65,0.17077794241822541
prostate,baseline,40000,84,60,60,0.18184910019365652
prostate,baseline,40000,84,54,54,0.1848729666377221
prostate,baseline,40000,84,42,42,0.2189804930545206
prostate,baseline,40000,84,39,39,0.21779584234848756
prostate,baseline,40000,84,38,38,0.21733302201702165
prostate,baseline,40000,84,37,37,0.24263282615215653
prostate,baseline,40000,84,73,73,0.13578178794839965
prostate,baseline,40000,84,67,67,0.1550676808840015
prostate,baseline,40000,84,26,26,0.21039090738949276
prostate,baseline,40000,84,83,83,0.0005963137172584509
prostate,baseline,40000,84,82,82,0.24533761596776515
prostate,baseline,40000,84,82,82,0.27215327642939807
prostate,baseline,40000,84,82,82,0.23151641602234843
prostate,baseline,40000,84,80,80,0.23617971482764571
prostate,baseline,40000,84,78,78,0.23840422862972085
prostate,baseline,40000,84,83,83,0.09649437654760934
prostate,baseline,40000,84,82,82,0.18800890760107222
prostate,baseline,40000,84,81,81,0.054486780930349005
prostate,baseline,40000,84,77,77,0.14579256620293918
prostate,baseline,40000,84,75,75,0.11377322214268418
prostate,baseline,40000,84,73,73,0.12909668785331305
prostate,baseline,40000,84,73,73,0.12387032294616608
prostate,baseline,40000,84,73,73,0.10715845623907123
prostate,baseline,40000,84,65,65,0.09679973032535494
prostate,baseline,40000,84,59,59,0.0499429619894961
prostate,baseline,40000,84,51,51,0.15561377194085402
prostate,baseline,40000,84,37,37,0.19931160024446717
prostate,baseline,40000,84,80,80,0.05140699095897585
prostate,baseline,40000,84,79,79,0.1067690679002839
prostate,baseline,40000,84,78,78,0.08062129790581021
prostate,baseline,40000,84,68,68,0.10216588872994677
prostate,baseline,40000,84,66,66,0.05576078002777296
prostate,baseline,40000,84,43,43,0.09639719439828946
prostate,baseline,40000,84,42,42,0.11046649731486462
prostate,baseline,40000,84,82,82,0.19531366047941295
prostate,baseline,40000,84,61,61,0.24825552601236459
prostate,baseline,40000,84,83,83,0.23144455966054184
prostate,baseline,40000,84,83,83,0.1797235465087112
prostate,baseline,40000,84,78,78,0.20421294525457562
prostate,baseline,40000,84,66,66,0.21029207383557288
prostate,baseline,40000,84,82,82,0.25994120553013333
prostate,baseline,40000,84,81,81,0.07550217757043116
prostate,baseline,40000,84,81,81,0.230927582502208
prostate,baseline,40000,84,76,76,0.18908706593834
prostate,baseline,40000,84,83,83,0.05518416983599581
prostate,baseline,40000,84,83,83,0.030818407938322065
prostate,baseline,40000,84,83,83,0.23200850138003917
prostate,baseline,40000,84,83,83,0.2169839360124419
prostate,baseline,40000,84,80,80,0.18405560005753235
prostate,baseline,40000,84,78,78,0.24984807872252993
prostate,baseline,40000,84,83,83,0.24100520039576884
prostate,baseline,40000,84,83,83,0.12177384953370153
prostate,baseline,40000,84,83,83,0.25863208313770447
prostate,baseline,40000,84,78,78,0.20201822454311838
prostate,baseline,40000,84,83,83,0.007976850568200248
prostate,baseline,40000,84,83,83,0.22106607025812056
prostate,baseline,40000,84,83,83,0.1442920977716915
prostate,baseline,40000,84,83,83,0.0545056383287799
prostate,baseline,40000,84,83,83,0.09719707463820938
prostate,baseline,40000,84,83,83,0.0020367168072652824
prostate,baseline,40000,84,83,83,0.0038113966498198935
prostate,baseline,40000,84,83,83,0.11783441408103698
prostate,baseline,40000,84,83,83,0.005819985076938106
prostate,baseline,40000,84,83,83,0.00555391687542784
prostate,baseline,40000,84,81,81,0.1820486943473851
prostate,baseline,40000,84,81,81,0.03324863994475001
prostate,baseline,40000,84,83,83,0.23954916545643842
prostate,baseline,40000,84,83,83,0.15735021598817678
prostate,baseline,40000,84,83,83,0.12857677317586436
prostate,baseline,40000,84,81,81,0.21064048060767823
prostate,baseline,40000,84,81,81,0.10051632297503443
prostate,baseline,40000,84,83,83,0.10832626797313495
prostate,baseline,40000,84,83,83,0.18918774921755677
prostate,baseline,40000,84,83,83,0.2561360020457894
prostate,baseline,40000,84,83,83,0.02203597567628505
prostate,baseline,40000,84,82,82,0.08441401957911047
prostate,baseline,40000,84,81,81,0.10070599954757338
prostate,baseline,40000,84,83,83,0.05832490126776888
prostate,baseline,40000,84,83,83,0.03851180605287774
prostate,baseline,40000,84,82,82,0.00512312282417777
prostate,baseline,40000,84,78,78,0.08332795658759183
prostate,baseline,40000,84,83,83,0.12114418171661678
prostate,baseline,40000,84,83,83,0.08212810149921694
prostate,baseline,40000,84,81,81,0.031498096440475146
prostate,baseline,40000,84,81,81,0.07967586873481723
prostate,baseline,40000,84,80,80,0.07940924656184187
prostate,baseline,40000,84,83,83,0.05657130540315812
prostate,baseline,40000,84,83,83,0.11991125832417952
prostate,baseline,40000,84,82,82,0.010583627893516637
prostate,baseline,40000,84,81,81,0.07838688828983927
prostate,baseline,40000,84,80,80,0.07878166898168026
prostate,baseline,40000,84,80,80,0.08772294395397352
prostate,baseline,40000,84,78,78,0.1412526976342189
prostate,baseline,40000,84,73,73,0.1291432785674158
prostate,baseline,40000,84,70,70,0.1214630567449695
prostate,baseline,40000,84,59,59,0.07890967295846953
prostate,baseline,40000,84,43,43,0.20323986040447484
prostate,baseline,40000,84,40,40,0.21135449866791012
prostate,baseline,40000,84,34,34,0.20524707695720612
prostate,baseline,40000,84,83,83,0.17562822977117654
prostate,baseline,40000,84,83,83,0.08615717886806945
prostate,baseline,40000,84,78,78,0.1529210741088749
prostate,baseline,40000,84,81,81,0.3019117916126635
prostate,baseline,40000,84,79,79,0.2818955109597417
prostate,baseline,40000,84,78,78,0.30195562622373723
prostate,baseline,40000,84,77,77,0.2839737049833454
prostate,baseline,40000,84,76,76,0.29633180896316835
prostate,baseline,40000,84,75,75,0.2733792491098076
prostate,baseline,40000,84,74,74,0.29264234435926995
prostate,baseline,40000,84,73,73,0.2760695691524329
prostate,baseline,40000,84,72,72,0.27781632126602357
prostate,baseline,40000,84,63,63,0.2637041472009919
prostate,baseline,40000,84,49,49,0.27981295742930506
prostate,baseline,40000,84,83,83,0.28910709153348785
prostate,baseline,40000,84,83,83,0.18575496112970963
prostate,baseline,40000,84,83,83,0.2608398789087531
prostate,baseline,40000,84,81,81,0.24331938937501682
prostate,baseline,40000,84,81,81,0.01597619927742145
prostate,baseline,40000,84,81,81,0.2669966950409466
prostate,baseline,40000,84,50,50,0.2586247919026022
prostate,baseline,40000,84,83,83,0.22796686164656546
prostate,baseline,40000,84,83,83,0.01640492842184699
prostate,baseline,40000,84,81,81,0.08678217454876604
prostate,baseline,40000,84,80,80,0.12978173928990366
prostate,baseline,40000,84,83,83,0.10730521447416135
prostate,baseline,40000,84,83,83,0.04489154930277838
prostate,baseline,40000,84,80,80,0.06144165724372223
prostate,baseline,40000,84,72,72,0.03931081606083537
prostate,baseline,40000,84,70,70,0.14795206628383398
prostate,baseline,40000,84,83,83,0.006145441697646706
prostate,baseline,40000,84,77,77,0.09077007309173792
prostate,baseline,40000,84,77,77,0.10171052713787114
prostate,baseline,40000,84,77,77,0.08402704588891668
prostate,baseline,40000,84,69,69,0.12109145712182269
prostate,baseline,40000,84,83,83,0.04831437831226977
prostate,baseline,40000,84,83,83,0.10540048765760406
prostate,baseline,40000,84,81,81,0.05711506819631138
prostate,baseline,40000,84,83,83,0.09938763260037417
prostate,baseline,40000,84,83,83,0.1870051434286054
prostate,baseline,40000,84,83,83,0.15768257413824668
prostate,baseline,40000,84,82,82,0.03635905384259972
prostate,baseline,40000,84,80,80,0.17640246898257053
prostate,baseline,40000,84,80,80,0.08771806305417924
prostate,baseline,40000,84,79,79,0.015286450555994221
prostate,baseline,40000,84,78,78,0.10653527107311223
prostate,baseline,40000,84,82,82,0.1642460032478981
prostate,baseline,40000,84,81,81,0.05016894250272599
prostate,baseline,40000,84,79,79,0.1681777659420191
prostate,baseline,40000,84,74,74,0.17140322790430282
prostate,baseline,40000,84,78,78,0.08281097051601738
prostate,baseline,40000,84,78,78,0.11571537017296728
prostate,baseline,40000,84,75,75,0.08803616338358015
prostate,baseline,40000,84,74,74,0.02125751727544926
prostate,baseline,40000,84,82,82,0.012126286866328728
prostate,baseline,40000,84,82,82,0.12101948266822064
prostate,baseline,40000,84,80,80,0.07726045804474523
prostate,baseline,40000,84,80,80,0.08588160317501566
prostate,baseline,40000,84,77,77,0.1061734268193812
prostate,baseline,40000,84,75,75,0.10823457220114446
prostate,baseline,40000,84,75,75,0.01760286053348656
prostate,baseline,40000,84,74,74,0.1152054383309993
prostate,baseline,40000,84,83,83,0.06156724027885922
prostate,baseline,40000,84,83,83,0.23837465802057528
prostate,baseline,40000,84,83,83,0.18559855079268073
prostate,baseline,40000,84,83,83,0.2156986030206503
prostate,baseline,40000,84,83,83,0.021663249428070245
prostate,baseline,40000,84,81,81,0.026142604031219485
prostate,baseline,40000,84,73,73,0.09136572083770407
prostate,baseline,40000,84,83,83,0.15971262534677064
prostate,baseline,40000,84,83,83,0.004162158282717101
prostate,baseline,40000,84,83,83,0.2933284340619981
prostate,baseline,40000,84,83,83,0.01640636981616913
prostate,baseline,40000,84,83,83,0.27412425860094175
prostate,baseline,40000,84,83,83,0.03126268615717173
prostate,baseline,40000,84,83,83,0.03591421660061881
prostate,baseline,40000,84,82,82,0.03704614420395913
prostate,baseline,40000,84,82,82,0.051602281153958277
prostate,baseline,40000,84,81,81,0.1466858965269427
prostate,baseline,40000,84,83,83,0.015430026694182346
prostate,baseline,40000,84,83,83,0.15665322319709843
prostate,baseline,40000,84,80,80,0.06954895494093247
prostate,baseline,40000,84,79,79,0.1256497857145792
prostate,baseline,40000,84,78,78,0.06586917670418554
prostate,baseline,40000,84,77,77,0.12817783099572944
prostate,baseline,40000,84,73,73,0.1421056557888272
prostate,baseline,40000,84,83,83,0.01367825275783457
prostate,baseline,40000,84,83,83,0.14134370488917103
prostate,baseline,40000,84,80,80,0.0839586524535744
prostate,baseline,40000,84,83,83,0.0016260941902935435
prostate,baseline,40000,84,81,81,0.2339936293282049
prostate,baseline,40000,84,80,80,0.25308560055882373
prostate,baseline,40000,84,80,80,0.2163166399433342
prostate,baseline,40000,84,72,72,0.2237839381112787
prostate,baseline,40000,84,71,71,0.2419333931578131
prostate,baseline,40000,84,70,70,0.2580596937659979
prostate,baseline,40000,84,69,69,0.23051204612010145
prostate,baseline,40000,84,68,68,0.25460608678316654
prostate,baseline,40000,84,66,66,0.23403632896790583
prostate,baseline,40000,84,65,65,0.2581377990708173
prostate,baseline,40000,84,83,83,0.31828135203358154
prostate,baseline,40000,84,83,83,0.18860410251069953
prostate,baseline,40000,84,83,83,0.2810620549708785
prostate,baseline,40000,84,80,80,0.19084085058441688
prostate,baseline,40000,84,78,78,0.2478753614998554
prostate,baseline,40000,84,83,83,0.003445441635663979
prostate,baseline,40000,84,83,83,0.0551241353250383
prostate,baseline,40000,84,83,83,0.03806534217810341
prostate,baseline,40000,84,81,81,0.018801945900680524
prostate,baseline,40000,84,81,81,0.06439183475284482
prostate,baseline,40000,84,83,83,0.16446778427107142
prostate,baseline,40000,84,80,80,0.09621164924108964
prostate,baseline,40000,84,78,78,0.15485183793421758
prostate,baseline,40000,84,83,83,0.04070694010435191
prostate,baseline,40000,84,79,79,0.11732359688002333
prostate,baseline,40000,84,78,78,0.08082087466709045
prostate,baseline,40000,84,72,72,0.028078825321568086
prostate,baseline,40000,84,83,83,0.14034596206900818
prostate,baseline,40000,84,83,83,0.11528910878111268
prostate,baseline,40000,84,83,83,0.017281635404548665
prostate,baseline,40000,84,83,83,0.08495672066797981
prostate,baseline,40000,84,83,83,0.22116855833835067
prostate,baseline,40000,84,83,83,0.004245053687064186
prostate,baseline,40000,84,83,83,0.012449907727043276
prostate,baseline,40000,84,82,82,0.028816107137072063
prostate,baseline,40000,84,79,79,0.10075367349015826
prostate,baseline,40000,84,83,83,0.056369140657287674
prostate,baseline,40000,84,81,81,0.04112883095135484
prostate,baseline,40000,84,78,78,0.08350865532202312
prostate,baseline,40000,84,74,74,0.021491761302111227
prostate,baseline,40000,84,74,74,0.12290458902662642
prostate,baseline,40000,84,74,74,0.11332388096218968
prostate,baseline,40000,84,73,73,0.10791116275320438
prostate,baseline,40000,84,70,70,0.09615042688451148
prostate,baseline,40000,84,67,67,0.15358327065968647
prostate,baseline,40000,84,64,64,0.10144232151093505
prostate,baseline,40000,84,63,63,0.13509696957095282
prostate,baseline,40000,84,63,63,0.1474550363654203
prostate,baseline,40000,84,62,62,0.14534822416467708
prostate,baseline,40000,84,59,59,0.05196585348247388
prostate,baseline,40000,84,38,38,0.19420440323880614
prostate,baseline,40000,84,34,34,0.20648260287563105
prostate,baseline,40000,84,82,82,0.05644826557187778
prostate,baseline,40000,84,82,82,0.054794788573054296
prostate,baseline,40000,84,82,82,0.12309893446452633
prostate,baseline,40000,84,80,80,0.08479076153757424
prostate,baseline,40000,84,79,79,0.01594255172436187
prostate,baseline,40000,84,79,79,0.08072208340101399
prostate,baseline,40000,84,77,77,0.1469661387674479
prostate,baseline,40000,84,75,75,0.11751122187093846
prostate,baseline,40000,84,75,75,0.12614881181179463
prostate,baseline,40000,84,75,75,0.11228092338568511
prostate,baseline,40000,84,76,76,0.11339967887273684
prostate,baseline,40000,84,69,69,0.1665243896537783
prostate,baseline,40000,84,69,69,0.1632892098782925
prostate,baseline,40000,84,55,55,0.16028670421358512
prostate,baseline,40000,84,43,43,0.20221388468788004
prostate,baseline,40000,84,42,42,0.20817376965733397
prostate,baseline,40000,84,38,38,0.20563664350581246
prostate,baseline,40000,84,37,37,0.23976760979042902
prostate,baseline,40000,84,26,26,0.2553197812609532
prostate,baseline,40000,84,83,83,0.08421262194350587
prostate,baseline,40000,84,83,83,0.2539969183308347
prostate,baseline,40000,84,83,83,0.24260011172588458
prostate,baseline,40000,84,82,82,0.10283070200738978
prostate,baseline,40000,84,81,81,0.022895887762379868
prostate,baseline,40000,84,81,81,0.24418780870354673
prostate,baseline,40000,84,79,79,0.22373219184831464
prostate,baseline,40000,84,83,83,0.23425609079514453
prostate,baseline,40000,84,83,83,0.24148254581899875
prostate,baseline,40000,84,83,83,0.14570141452068697
prostate,baseline,40000,84,83,83,0.25655097501481255
prostate,baseline,40000,84,83,83,0.0
prostate,baseline,40000,84,81,81,0.1874692385187431
prostate,baseline,40000,84,81,81,0.08562768668532796
prostate,baseline,40000,84,79,79,0.21461787889902456
prostate,baseline,40000,84,83,83,0.2762782558039446
prostate,baseline,40000,84,83,83,0.268966364795665
prostate,baseline,40000,84,82,82,0.2409706412674374
prostate,baseline,40000,84,77,77,0.24966457488722457
prostate,baseline,40000,84,83,83,0.03901417154816462
prostate,baseline,40000,84,83,83,0.0016750249773718221
prostate,baseline,40000,84,83,83,0.058388214811190345
prostate,baseline,40000,84,83,83,0.040280848334068385
prostate,baseline,40000,84,83,83,0.004870897587149148
prostate,baseline,40000,84,81,81,0.004877362332907692
prostate,baseline,40000,84,81,81,0.06987811964123355
prostate,baseline,40000,84,77,77,0.010910626387076627
prostate,baseline,40000,84,83,83,0.10716437213700637
prostate,baseline,40000,84,83,83,0.06794072887528241
prostate,baseline,40000,84,81,81,0.06099213777710839
prostate,baseline,40000,84,81,81,0.029209832832448865
prostate,baseline,40000,84,83,83,0.10038797036955406
prostate,baseline,40000,84,83,83,0.07342762679284003
prostate,baseline,40000,84,83,83,0.006206389139740429
prostate,baseline,40000,84,83,83,0.016528078625038748
prostate,baseline,40000,84,83,83,0.14349096797968164
prostate,baseline,40000,84,83,83,0.018074200973250465
prostate,baseline,40000,84,83,83,0.011839495072497491
prostate,baseline,40000,84,82,82,0.025038167903822343
prostate,baseline,40000,84,81,81,0.1260318726982286
prostate,baseline,40000,84,80,80,0.021185851719624622
prostate,baseline,40000,84,78,78,0.026308184218394697
prostate,baseline,40000,84,78,78,0.13066734935952415
prostate,baseline,40000,84,76,76,0.13119495450080146
prostate,baseline,40000,84,76,76,0.14413744758142294
prostate,baseline,40000,84,72,72,0.1488290726545293
prostate,baseline,40000,84,51,51,0.1825446523473013
prostate,baseline,40000,84,83,83,0.17285227828063665
prostate,baseline,40000,84,72,72,0.04162410142124606
prostate,baseline,40000,84,83,83,0.05398828705211736
prostate,baseline,40000,84,83,83,0.010424615815463233
prostate,baseline,40000,84,83,83,0.0062678810626087406
prostate,baseline,40000,84,77,77,0.09154871153391865
prostate,baseline,40000,84,83,83,0.013655499018686094
prostate,baseline,40000,84,83,83,0.11838705790058227
prostate,baseline,40000,84,82,82,0.07572205207600298
prostate,baseline,40000,84,80,80,0.08005292569601571
prostate,baseline,40000,84,83,83,0.03900884760097394
prostate,baseline,40000,84,83,83,0.019078999264709195
prostate,baseline,40000,84,83,83,0.05447375964730509
prostate,baseline,40000,84,83,83,0.255501053686126
prostate,baseline,40000,84,83,83,0.13061689033713442
prostate,baseline,40000,84,83,83,0.20878764059898355
prostate,baseline,40000,84,83,83,0.16407045667229492
prostate,baseline,40000,84,82,82,0.044492744331603475
prostate,baseline,40000,84,80,80,0.0952555589589113
prostate,baseline,40000,84,83,83,0.17576782877284025
prostate,baseline,40000,84,80,80,0.011769351666257876
prostate,baseline,40000,84,73,73,0.17361156371239966
prostate,baseline,40000,84,67,67,0.1610985144202644
prostate,baseline,40000,84,83,83,0.08268053768368665
prostate,baseline,40000,84,79,79,0.14590596066996123
prostate,baseline,40000,84,76,76,0.24747861584105535
prostate,baseline,40000,84,72,72,0.1410787831678736
prostate,baseline,40000,84,60,60,0.1901106682205879
prostate,baseline,40000,84,55,55,0.18457120069563326
prostate,baseline,40000,84,54,54,0.1758538809324333
prostate,baseline,40000,84,43,43,0.18620670153312813
prostate,baseline,40000,84,42,42,0.1864613230210572
prostate,baseline,40000,84,40,40,0.2128926980252146
prostate,baseline,40000,84,38,38,0.18111568643657597
prostate,baseline,40000,84,37,37,0.21453556184981276
prostate,baseline,40000,84,34,34,0.19743509670341902
prostate,baseline,40000,84,26,26,0.1962894768854582
prostate,baseline,40000,84,83,83,0.22092149217284307
prostate,baseline,40000,84,83,83,0.1588076284047799
prostate,baseline,40000,84,83,83,0.12040684796302983
prostate,baseline,40000,84,81,81,0.08920180633008996
prostate,baseline,40000,84,83,83,0.26140167465691605
prostate,baseline,40000,84,83,83,0.18234512009102133
prostate,baseline,40000,84,83,83,0.15202124898503344
prostate,baseline,40000,84,81,81,0.23597814160762484
prostate,baseline,40000,84,81,81,0.1177122896360177
prostate,baseline,40000,84,82,82,0.22297094473093282
prostate,baseline,40000,84,82,82,0.18398919145885476
prostate,baseline,40000,84,82,82,0.19752478889721883
prostate,baseline,40000,84,80,80,0.23481063322512039
prostate,baseline,40000,84,79,79,0.15479315853132236
prostate,baseline,40000,84,83,83,0.23338238816400617
prostate,baseline,40000,84,83,83,0.21381881575785203
prostate,baseline,40000,84,83,83,0.12757033830795203
prostate,baseline,40000,84,81,81,0.2029302113059248
prostate,baseline,40000,84,74,74,0.17761862242472023
prostate,baseline,40000,84,68,68,0.179614552946783
prostate,baseline,40000,84,68,68,0.16024312757119924
prostate,baseline,40000,84,68,68,0.1094763871902211
prostate,baseline,40000,84,66,66,0.15953254841965617
prostate,baseline,40000,84,83,83,0.24847636661119665
prostate,baseline,40000,84,83,83,0.23162211969742522
prostate,baseline,40000,84,79,79,0.21861668735446738
prostate,baseline,40000,84,80,80,0.09606031885643904
prostate,baseline,40000,84,79,79,0.09880057061612339
prostate,baseline,40000,84,78,78,0.1471280754562998
prostate,baseline,40000,84,78,78,0.10581668487559852
prostate,baseline,40000,84,78,78,0.09986506159727802
prostate,baseline,40000,84,77,77,0.12585891841830968
prostate,baseline,40000,84,77,77,0.10992716628917583
prostate,baseline,40000,84,77,77,0.11405032733854609
prostate,baseline,40000,84,76,76,0.1441046249612742
prostate,baseline,40000,84,76,76,0.1158055964299266
prostate,baseline,40000,84,75,75,0.12779551886220902
prostate,baseline,40000,84,70,70,0.08304147965234046
prostate,baseline,40000,84,68,68,0.11465518771514491
prostate,baseline,40000,84,43,43,0.1956429005250631
prostate,baseline,40000,84,83,83,0.025670513848612814
prostate,baseline,40000,84,83,83,0.06652245583963279
prostate,baseline,40000,84,83,83,0.0029871154031994697
prostate,baseline,40000,84,83,83,0.02799512642830467
prostate,baseline,40000,84,83,83,0.005200905824796886
prostate,baseline,40000,84,83,83,0.002540698292609677
prostate,baseline,40000,84,83,83,0.0024450752901249134
prostate,baseline,40000,84,83,83,0.01539584683820981
prostate,baseline,40000,84,83,83,0.0158124868535859
prostate,baseline,40000,84,83,83,0.018743411223118383
prostate,baseline,40000,84,83,83,0.003971890128504766
prostate,baseline,40000,84,83,83,0.0032137003462275895
prostate,baseline,40000,84,82,82,0.016547609256157614
prostate,baseline,40000,84,82,82,0.004468359660975909
prostate,baseline,40000,84,81,81,0.01173563060404897
prostate,baseline,40000,84,81,81,0.04183077404359751
prostate,baseline,40000,84,81,81,0.024449293014988025
prostate,baseline,40000,84,81,81,0.020995678949841275
prostate,baseline,40000,84,81,81,0.006024246089669955
prostate,baseline,40000,84,81,81,0.01830153244566904
prostate,baseline,40000,84,77,77,0.014399061115261921
prostate,baseline,40000,84,83,83,0.11226557418878601
prostate,baseline,40000,84,79,79,0.03557116909077515
prostate,baseline,40000,84,75,75,0.13467655015198024
prostate,baseline,40000,84,74,74,0.12447359641853321
prostate,baseline,40000,84,73,73,0.033788621841589324
prostate,baseline,40000,84,83,83,0.16713216191547597
prostate,baseline,40000,84,82,82,0.012692588519722705
prostate,baseline,40000,84,79,79,0.13292798244321632
prostate,baseline,40000,84,79,79,0.028679012669720727
prostate,baseline,40000,84,78,78,0.14656692730721427
prostate,baseline,40000,84,83,83,0.3291207701170777
prostate,baseline,40000,84,83,83,0.24997718041592853
prostate,baseline,40000,84,81,81,0.031903925734614015
prostate,baseline,40000,84,80,80,0.0877438974108595
prostate,baseline,40000,84,83,83,0.007912786538630898
prostate,baseline,40000,84,83,83,0.17861925507038393
prostate,baseline,40000,84,83,83,0.23827300432010629
prostate,baseline,40000,84,79,79,0.18020956875173968
prostate,baseline,40000,84,83,83,0.10908101514499788
prostate,baseline,40000,84,82,82,0.012193559014233224
prostate,baseline,40000,84,80,80,0.022040964417703597
prostate,baseline,40000,84,78,78,0.11201271858703414
prostate,baseline,40000,84,83,83,0.08014872157996278
prostate,baseline,40000,84,83,83,0.2737906625922684
prostate,baseline,40000,84,83,83,0.10155482197641331
prostate,baseline,40000,84,83,83,0.20399712050778035
prostate,baseline,40000,84,78,78,0.09464475115179567
prostate,baseline,40000,84,83,83,0.07841023887020553
prostate,baseline,40000,84,83,83,0.25987049956735186
prostate,baseline,40000,84,78,78,0.21087949385115515
prostate,baseline,40000,84,75,75,0.22818013002712628
prostate,baseline,40000,84,73,73,0.23881877488806985
prostate,baseline,40000,84,78,78,0.278135146670574
prostate,baseline,40000,84,70,70,0.28387140468902794
prostate,baseline,40000,84,63,63,0.26940955334855077
prostate,baseline,40000,84,61,61,0.21083500955072226
prostate,baseline,40000,84,51,51,0.2710864901348572
prostate,baseline,40000,84,83,83,0.05608984674295813
prostate,baseline,40000,84,83,83,0.03972484476408119
prostate,baseline,40000,84,83,83,0.04068511543830693
prostate,baseline,40000,84,78,78,0.08257424007926031
prostate,baseline,40000,84,82,82,0.0380868199511437
prostate,baseline,40000,84,82,82,0.03855925191007284
prostate,baseline,40000,84,79,79,0.1075734144768358
prostate,baseline,40000,84,78,78,0.08299483710670645
prostate,baseline,40000,84,72,72,0.05287200393065658
prostate,baseline,40000,84,83,83,0.0023481590203785958
prostate,baseline,40000,84,81,81,0.0035771571432332595
prostate,baseline,40000,84,79,79,0.0528720207516262
prostate,baseline,40000,84,79,79,0.11909083959539188
prostate,baseline,40000,84,75,75,0.10580193725857688
prostate,baseline,40000,84,74,74,0.10068970617096153
prostate,baseline,40000,84,83,83,0.006370868140045573
prostate,baseline,40000,84,83,83,0.1532525306928144
prostate,baseline,40000,84,83,83,0.21992488433427398
prostate,baseline,40000,84,79,79,0.172767954263416
prostate,baseline,40000,84,78,78,0.18103100161303626
prostate,baseline,40000,84,74,74,0.12097756048840666
prostate,baseline,40000,84,73,73,0.13414190126749465
prostate,baseline,40000,84,72,72,0.14354481691652288
prostate,baseline,40000,84,72,72,0.15185894786593065
prostate,baseline,40000,84,70,70,0.1236547492485863
prostate,baseline,40000,84,57,57,0.18207864604771618
prostate,baseline,40000,84,38,38,0.21328667207737736
prostate,baseline,40000,84,38,38,0.21565988376941383
prostate,baseline,40000,84,83,83,0.25294764943670234
prostate,baseline,40000,84,83,83,0.1523605615579474
prostate,baseline,40000,84,83,83,0.12196990228288375
prostate,baseline,40000,84,81,81,0.1935175018431907
prostate,baseline,40000,84,81,81,0.16925077883407919
prostate,baseline,40000,84,81,81,0.07917341576120969
prostate,baseline,40000,84,83,83,0.2651990339528337
prostate,baseline,40000,84,83,83,0.16300721246726144
prostate,baseline,40000,84,83,83,0.1789504680382793
prostate,baseline,40000,84,81,81,0.25961997814393556
prostate,baseline,40000,84,80,80,0.23864367376482173
prostate,baseline,40000,84,77,77,0.12636551103765822
prostate,baseline,40000,84,83,83,0.05437121561487888
prostate,baseline,40000,84,83,83,0.11392819652734959
prostate,baseline,40000,84,83,83,0.013633730393374345
prostate,baseline,40000,84,83,83,0.06252457557183917
prostate,baseline,40000,84,81,81,0.0403191789568747
prostate,baseline,40000,84,78,78,0.08751956900023931
prostate,baseline,40000,84,78,78,0.11052489917357547
prostate,baseline,40000,84,76,76,0.020887636280238268
prostate,baseline,40000,84,75,75,0.0896792316914003
prostate,baseline,40000,84,73,73,0.016233555819211494
prostate,baseline,40000,84,83,83,0.009881512019422497
prostate,baseline,40000,84,83,83,0.030021506970948568
prostate,baseline,40000,84,83,83,0.06705204847250176
prostate,baseline,40000,84,83,83,0.1870304815171799
prostate,baseline,40000,84,79,79,0.13881230983851184
prostate,baseline,40000,84,78,78,0.13131051335780627
prostate,baseline,40000,84,79,79,0.11564761039585324
prostate,baseline,40000,84,78,78,0.08206822534916908
prostate,baseline,40000,84,74,74,0.021436139700919926
prostate,baseline,40000,84,68,68,0.2988714715389555
prostate,baseline,40000,84,66,66,0.2887880851320716
prostate,baseline,40000,84,65,65,0.2607027297959183
prostate,baseline,40000,84,56,56,0.2568491624957775
prostate,baseline,40000,84,55,55,0.25554013001689635
prostate,baseline,40000,84,43,43,0.29884995352027804
prostate,baseline,40000,84,42,42,0.253293880665754
prostate,baseline,40000,84,38,38,0.26667380199360563
prostate,baseline,40000,84,83,83,0.1771170690428596
prostate,baseline,40000,84,83,83,0.23787107554304826
prostate,baseline,40000,84,81,81,0.07114819981499895
prostate,baseline,40000,84,79,79,0.1833725293222754
prostate,baseline,40000,84,77,77,0.10076531436987202
prostate,baseline,40000,84,83,83,0.2093803999180545
prostate,baseline,40000,84,83,83,0.2555325259575494
prostate,baseline,40000,84,83,83,0.2548961991851603
prostate,baseline,40000,84,83,83,0.08313791890074504
prostate,baseline,40000,84,83,83,0.013345949715815047
prostate,baseline,40000,84,81,81,0.1271799545979808
prostate,baseline,40000,84,81,81,0.04622529489152452
prostate,baseline,40000,84,83,83,0.12228929893555933
prostate,baseline,40000,84,82,82,0.02280378076938704
prostate,baseline,40000,84,81,81,0.03521378394770789
prostate,baseline,40000,84,78,78,0.08877641317766655
prostate,baseline,40000,84,78,78,0.09273269040702348
prostate,baseline,40000,84,74,74,0.08257028800623246
prostate,baseline,40000,84,83,83,0.05491865055384879
prostate,baseline,40000,84,83,83,0.03920330774174244
prostate,baseline,40000,84,81,81,0.0633202425192222
prostate,baseline,40000,84,81,81,0.004147877156144675
prostate,baseline,40000,84,83,83,0.12767208809387479
prostate,baseline,40000,84,80,80,0.11099024762498813
prostate,baseline,40000,84,80,80,0.11628261906220153
prostate,baseline,40000,84,80,80,0.08144579849629105
prostate,baseline,40000,84,78,78,0.08190178849790437
prostate,baseline,40000,84,77,77,0.18070570369523603
prostate,baseline,40000,84,77,77,0.024550950221220676
prostate,baseline,40000,84,77,77,0.13734319564683461
prostate,baseline,40000,84,77,77,0.17565541290220252
prostate,baseline,40000,84,76,76,0.13479164121265522
prostate,baseline,40000,84,76,76,0.13235319804411985
prostate,baseline,40000,84,83,83,0.0962341464929277
prostate,baseline,40000,84,79,79,0.27513896593068626
prostate,baseline,40000,84,72,72,0.2795647062879432
prostate,baseline,40000,84,83,83,0.25624016877679096
prostate,baseline,40000,84,80,80,0.2954246354843069
prostate,baseline,40000,84,80,80,0.29159182298005126
prostate,baseline,40000,84,77,77,0.3010647240546815
prostate,baseline,40000,84,77,77,0.050919252561837894
prostate,baseline,40000,84,77,77,0.33645009368377865
prostate,baseline,40000,84,74,74,0.2882828773970817
prostate,baseline,40000,84,73,73,0.29030270968587085
prostate,baseline,40000,84,83,83,0.2189807455086055
prostate,baseline,40000,84,83,83,0.05765819301457829
prostate,baseline,40000,84,83,83,0.18731391048951399
prostate,baseline,40000,84,81,81,0.015421119299039662
prostate,baseline,40000,84,78,78,0.14478668019732818
prostate,baseline,40000,84,83,83,0.039449490100893686
prostate,baseline,40000,84,83,83,0.07065624409625078
prostate,baseline,40000,84,78,78,0.10950415731269424
prostate,baseline,40000,84,83,83,0.17016338636355519
prostate,baseline,40000,84,82,82,0.052471223137308134
prostate,baseline,40000,84,77,77,0.2847450110964204
prostate,baseline,40000,84,77,77,0.2359194194099073
prostate,baseline,40000,84,75,75,0.2907986157845595
prostate,baseline,40000,84,74,74,0.29463923126898334
prostate,baseline,40000,84,73,73,0.22584189705779592
prostate,baseline,40000,84,73,73,0.2637221631067487
prostate,baseline,40000,84,70,70,0.2566867550837545
prostate,baseline,40000,84,70,70,0.28092958163151416
prostate,baseline,40000,84,69,69,0.31513269185189235
prostate,baseline,40000,84,68,68,0.24159609089249254
prostate,baseline,40000,84,66,66,0.2695564880781726
prostate,baseline,40000,84,66,66,0.27308273884172946
prostate,baseline,40000,84,53,53,0.2719918383041715
prostate,baseline,40000,84,83,83,0.006370919788409387
prostate,baseline,40000,84,83,83,0.1259084386963677
prostate,baseline,40000,84,83,83,0.23193368512265095
prostate,baseline,40000,84,83,83,0.1779489115018807
prostate,baseline,40000,84,83,83,0.11042869500171441
prostate,baseline,40000,84,78,78,0.17844391362576076
prostate,baseline,40000,84,83,83,0.2616517771942023
prostate,baseline,40000,84,83,83,0.24526458983579685
prostate,baseline,40000,84,81,81,0.07329332938087066
prostate,baseline,40000,84,67,67,0.19158407674737096
prostate,baseline,40000,84,83,83,0.04245580815345449
prostate,baseline,40000,84,80,80,0.027344496015416997
prostate,baseline,40000,84,78,78,0.08419746045933262
prostate,baseline,40000,84,74,74,0.021202443679553158
prostate,baseline,40000,84,83,83,0.24284257574798304
prostate,baseline,40000,84,82,82,0.16082230937822484
prostate,baseline,40000,84,78,78,0.20421053215930893
prostate,baseline,40000,84,83,83,0.15597316888841298
prostate,baseline,40000,84,83,83,0.009394461171418761
prostate,baseline,40000,84,82,82,0.013874319665791097
prostate,baseline,40000,84,81,81,0.006246310474330766
prostate,baseline,40000,84,81,81,0.042940502661379644
prostate,baseline,40000,84,81,81,0.006797066374501738
prostate,baseline,40000,84,80,80,0.09463550352655752
prostate,baseline,40000,84,82,82,0.24487338046142504
prostate,baseline,40000,84,79,79,0.19070318059346292
prostate,baseline,40000,84,78,78,0.28127970323555235
prostate,baseline,40000,84,76,76,0.19628423510405654
prostate,baseline,40000,84,72,72,0.24228792389929
prostate,baseline,40000,84,83,83,0.006050588008665497
prostate,baseline,40000,84,83,83,0.1225343367572889
prostate,baseline,40000,84,83,83,0.01644809506462904
prostate,baseline,40000,84,83,83,0.04528378466027417
prostate,baseline,40000,84,83,83,0.01419804994734668
prostate,baseline,40000,84,83,83,0.015473316623410616
prostate,baseline,40000,84,83,83,0.009929020448995816
prostate,baseline,40000,84,83,83,0.00945550208751273
prostate,baseline,40000,84,83,83,0.010654531588381078
prostate,baseline,40000,84,83,83,0.006249295938493462
prostate,baseline,40000,84,83,83,0.01480204915387725
prostate,baseline,40000,84,82,82,0.012107249476851243
prostate,baseline,40000,84,81,81,0.024444053936734808
prostate,baseline,40000,84,81,81,0.06222613607660376
prostate,baseline,40000,84,81,81,0.014739891816835847
prostate,baseline,40000,84,81,81,0.02228698950470916
prostate,baseline,40000,84,80,80,0.07089454290223321
prostate,baseline,40000,84,77,77,0.02323993569061923
prostate,baseline,40000,84,83,83,0.25626657793149604
prostate,baseline,40000,84,83,83,0.23644976735557385
prostate,baseline,40000,84,83,83,0.10849919777205376
prostate,baseline,40000,84,81,81,0.20110621220727942
prostate,baseline,40000,84,71,71,0.07176342913220025
prostate,baseline,40000,84,83,83,0.17392839644535282
prostate,baseline,40000,84,83,83,0.267447063036271
prostate,baseline,40000,84,83,83,0.2676375559343671
prostate,baseline,40000,84,78,78,0.21714024142814842
prostate,baseline,40000,84,76,76,0.052837600579785496
prostate,baseline,40000,84,83,83,0.2844980781379521
prostate,baseline,40000,84,79,79,0.19882496321033763
prostate,baseline,40000,84,78,78,0.18585799800782474
prostate,baseline,40000,84,83,83,0.25843913167299704
prostate,baseline,40000,84,83,83,0.22239114958669354
prostate,baseline,40000,84,81,81,0.1724078531396687
prostate,baseline,40000,84,80,80,0.1557707556773494
prostate,baseline,40000,84,83,83,0.17351351094304857
prostate,baseline,40000,84,78,78,0.13261015571055174
prostate,baseline,40000,84,68,68,0.12593533565057233
prostate,baseline,40000,84,83,83,0.046111904271447256
prostate,baseline,40000,84,83,83,0.10790299658296326
prostate,baseline,40000,84,80,80,0.020857307949818906
prostate,baseline,40000,84,76,76,0.09269698498196163
prostate,baseline,40000,84,83,83,0.03824422938264971
prostate,baseline,40000,84,83,83,0.011409139444894608
prostate,baseline,40000,84,83,83,0.0046972200334391935
prostate,baseline,40000,84,80,80,0.02699594617978777
prostate,baseline,40000,84,79,79,0.10835960729281344
prostate,baseline,40000,84,78,78,0.08283509886290674
prostate,baseline,40000,84,83,83,0.23659868646883808
prostate,baseline,40000,84,83,83,0.20384828430823365
prostate,baseline,40000,84,80,80,0.14485246218240566
prostate,baseline,40000,84,79,79,0.2176090312621951
prostate,baseline,40000,84,78,78,0.22074569524649335
prostate,baseline,40000,84,83,83,0.12008825306218103
prostate,baseline,40000,84,83,83,0.1289792665278512
prostate,baseline,40000,84,79,79,0.08842112880920318
prostate,baseline,40000,84,78,78,0.15000105026409782
prostate,baseline,40000,84,82,82,0.05846917678710425
prostate,baseline,40000,84,81,81,0.03869407555749252
prostate,baseline,40000,84,81,81,0.03978370109757305
prostate,baseline,40000,84,79,79,0.11877354704858781
prostate,baseline,40000,84,79,79,0.0066831337696630095
prostate,baseline,40000,84,78,78,0.08300636172612613
prostate,baseline,40000,84,75,75,0.0872958554897931
prostate,baseline,40000,84,74,74,0.019511395639512583
prostate,baseline,40000,84,83,83,0.14567198981581
prostate,baseline,40000,84,79,79,0.21742989162739743
prostate,baseline,40000,84,78,78,0.3199001626073068
prostate,baseline,40000,84,83,83,0.15711491845077274
prostate,baseline,40000,84,72,72,0.1768633198720685
prostate,baseline,40000,84,68,68,0.10534461008484641
prostate,baseline,40000,84,66,66,0.15807540531627043
prostate,baseline,40000,84,83,83,0.2684656250753075
prostate,baseline,40000,84,80,80,0.16766340624656295
prostate,baseline,40000,84,79,79,0.11802455529941866
prostate,baseline,40000,84,78,78,0.0843199869106514
prostate,baseline,40000,84,72,72,0.025089133599899546
prostate,baseline,40000,84,82,82,0.04997682368135288
prostate,baseline,40000,84,78,78,0.08161405768935179
prostate,baseline,40000,84,66,66,0.05461179372801155
prostate,baseline,40000,84,37,37,0.19768120131340217
prostate,baseline,40000,84,83,83,0.09028894479227761
prostate,baseline,40000,84,80,80,0.14873590065747477
prostate,baseline,40000,84,77,77,0.19356348996288342
prostate,baseline,40000,84,72,72,0.1420143726873774
prostate,baseline,40000,84,82,82,0.2700615074321358
prostate,baseline,40000,84,82,82,0.26311117353022767
prostate,baseline,40000,84,80,80,0.2371411889394286
prostate,baseline,40000,84,77,77,0.25106568205647434
prostate,baseline,40000,84,77,77,0.2623462381319188
prostate,baseline,40000,84,74,74,0.2239322472847026
prostate,baseline,40000,84,83,83,0.26981105840893327
prostate,baseline,40000,84,83,83,0.28620715803995256
prostate,baseline,40000,84,81,81,0.05757122192814027
prostate,baseline,40000,84,83,83,0.1586722454652598
prostate,baseline,40000,84,83,83,0.23080118581257159
prostate,baseline,40000,84,83,83,0.08715208360139835
prostate,baseline,40000,84,83,83,0.20664895097396507
prostate,baseline,40000,84,81,81,0.0351530575945295
prostate,baseline,40000,84,71,71,0.0567675321004316
prostate,baseline,40000,84,75,75,0.16827045259526058
prostate,baseline,40000,84,72,72,0.034196230344901754
prostate,baseline,40000,84,72,72,0.13823379742671227
prostate,baseline,40000,84,56,56,0.1389174516200433
prostate,baseline,40000,84,83,83,0.08670661094296624
prostate,baseline,40000,84,83,83,0.1301278422536756
prostate,baseline,40000,84,78,78,0.13398004398799085
prostate,baseline,40000,84,82,82,0.3342350019815849
prostate,baseline,40000,84,81,81,0.27366408382295687
prostate,baseline,40000,84,80,80,0.26479718016086434
prostate,baseline,40000,84,78,78,0.175041023310643
prostate,baseline,40000,84,77,77,0.25084320169059854
prostate,baseline,40000,84,77,77,0.32077442943640927
prostate,baseline,40000,84,72,72,0.23430864380239372
prostate,baseline,40000,84,83,83,0.01400653015600131
prostate,baseline,40000,84,83,83,0.27106865563770743
prostate,baseline,40000,84,83,83,0.17690556121285742
prostate,baseline,40000,84,83,83,0.27193582459095794
prostate,baseline,40000,84,83,83,0.009979279904563324
prostate,baseline,40000,84,78,78,0.241055092621205
prostate,baseline,40000,84,83,83,0.0055378636300532445
prostate,baseline,40000,84,82,82,0.058282832247619994
prostate,baseline,40000,84,79,79,0.12235868804775546
prostate,baseline,40000,84,78,78,0.0810992781523606
prostate,baseline,40000,84,83,83,0.0700707839621331
prostate,baseline,40000,84,83,83,0.016869684805555705
prostate,baseline,40000,84,83,83,0.10618591880880204
prostate,baseline,40000,84,83,83,0.12194147258522979
prostate,baseline,40000,84,82,82,0.008398536650819764
prostate,baseline,40000,84,81,81,0.01463947364773212
prostate,baseline,40000,84,81,81,0.023871204283588097
prostate,baseline,40000,84,78,78,0.13774287637028654
prostate,baseline,40000,84,78,78,0.05200083809507388
prostate,baseline,40000,84,78,78,0.08340571211521487
prostate,baseline,40000,84,63,63,0.14224441642663652
prostate,baseline,40000,84,51,51,0.12674782555422548
prostate,baseline,40000,84,43,43,0.09745385552146311
prostate,baseline,40000,84,42,42,0.11228477816916452
prostate,baseline,40000,84,38,38,0.10253620202741813
prostate,baseline,40000,84,37,37,0.1994695693540898
prostate,baseline,40000,84,80,80,0.12096102404552242
prostate,baseline,40000,84,79,79,0.13315453307757016
prostate,baseline,40000,84,77,77,0.09520589820576733
prostate,baseline,40000,84,77,77,0.14364175733099385
prostate,baseline,40000,84,68,68,0.13909785479063616
prostate,baseline,40000,84,57,57,0.12611001241849742
prostate,baseline,40000,84,63,63,0.2210776845588767
prostate,baseline,40000,84,63,63,0.19479365710406019
prostate,baseline,40000,84,60,60,0.18318853697892518
prostate,baseline,40000,84,57,57,0.1829358158540834
prostate,baseline,40000,84,56,56,0.1869870132699887
prostate,baseline,40000,84,55,55,0.1906355630189017
prostate,baseline,40000,84,42,42,0.21426877083951562
prostate,baseline,40000,84,40,40,0.2148840083241995
prostate,baseline,40000,84,38,38,0.21189383091520564
prostate,baseline,40000,84,83,83,0.003918366729628649
prostate,baseline,40000,84,83,83,0.013382316947919264
prostate,baseline,40000,84,83,83,0.03986362162409471
prostate,baseline,40000,84,83,83,0.010220907523412813
prostate,baseline,40000,84,83,83,0.0030706342873226375
prostate,baseline,40000,84,83,83,0.007870008379222578
prostate,baseline,40000,84,83,83,0.01705529458198957
prostate,baseline,40000,84,83,83,0.004149354847323419
prostate,baseline,40000,84,83,83,0.008839663203005655
prostate,baseline,40000,84,83,83,0.003304557278240819
prostate,baseline,40000,84,83,83,0.041627890368584684
prostate,baseline,40000,84,83,83,0.03622637331736347
prostate,baseline,40000,84,83,83,0.013387221985662032
prostate,baseline,40000,84,82,82,0.0034625573198268484
prostate,baseline,40000,84,82,82,0.005476833594839702
prostate,baseline,40000,84,81,81,0.005843619137144046
prostate,baseline,40000,84,81,81,0.04872521576654315
prostate,baseline,40000,84,81,81,0.02068508325649155
prostate,baseline,40000,84,81,81,0.011215103846438914
prostate,baseline,40000,84,81,81,0.012050357168073298
prostate,baseline,40000,84,80,80,0.0823433148686431
prostate,baseline,40000,84,77,77,0.02499978498838295
prostate,baseline,40000,84,83,83,0.19005581638423055
prostate,baseline,40000,84,82,82,0.22790090013144454
prostate,baseline,40000,84,80,80,0.2506619636884297
prostate,baseline,40000,84,80,80,0.22612734019103872
prostate,baseline,40000,84,79,79,0.24260933067297452
prostate,baseline,40000,84,74,74,0.22248596786617153
prostate,baseline,40000,84,83,83,0.24296171885726778
prostate,baseline,40000,84,83,83,0.11864981636896661
prostate,baseline,40000,84,78,78,0.2086511507384498
prostate,baseline,40000,84,83,83,0.10980333984659375
prostate,baseline,40000,84,83,83,0.2658946975734745
prostate,baseline,40000,84,83,83,0.16240201977894625
prostate,baseline,40000,84,81,81,0.2508928025255729
prostate,baseline,40000,84,80,80,0.19568961304112942
prostate,baseline,40000,84,77,77,0.10589569055592134
prostate,baseline,40000,84,83,83,0.29109801228093063
prostate,baseline,40000,84,83,83,0.2725630801557716
prostate,baseline,40000,84,81,81,0.1933235548361176
prostate,baseline,40000,84,80,80,0.18049544011584157
prostate,baseline,40000,84,83,83,0.05282024938048058
prostate,baseline,40000,84,83,83,0.00639551363770445
prostate,baseline,40000,84,83,83,0.04214103270636794
prostate,baseline,40000,84,78,78,0.08333805095531226
prostate,baseline,40000,84,83,83,0.12214957607563227
prostate,baseline,40000,84,81,81,0.08262835325933585
prostate,baseline,40000,84,81,81,0.020046821735334355
prostate,baseline,40000,84,80,80,0.08523338214412197
prostate,baseline,40000,84,81,81,0.256575782545382
prostate,baseline,40000,84,79,79,0.2249650774683176
prostate,baseline,40000,84,78,78,0.2076938337437842
prostate,baseline,40000,84,77,77,0.2101875852354172
prostate,baseline,40000,84,76,76,0.21172639366604715
prostate,baseline,40000,84,75,75,0.18845441554991635
prostate,baseline,40000,84,75,75,0.19476781967559456
prostate,baseline,40000,84,74,74,0.20649287461401283
prostate,baseline,40000,84,74,74,0.1938665906177679
prostate,baseline,40000,84,63,63,0.19306095077865917
prostate,baseline,40000,84,49,49,0.24097923878955424
prostate,baseline,40000,84,83,83,0.2548820780034463
prostate,baseline,40000,84,83,83,0.2292068961003243
prostate,baseline,40000,84,78,78,0.18309257624575492
prostate,baseline,40000,84,83,83,0.17208816760379042
prostate,baseline,40000,84,83,83,0.06151324789764521
prostate,baseline,40000,84,81,81,0.07833207877778339
prostate,baseline,40000,84,80,80,0.09687374386428711
prostate,baseline,40000,84,83,83,0.010597844432946405
prostate,baseline,40000,84,83,83,0.2144515238662851
prostate,baseline,40000,84,83,83,0.14598950129146757
prostate,baseline,40000,84,80,80,0.13254596767942892
prostate,baseline,40000,84,83,83,0.27938435166881215
prostate,baseline,40000,84,83,83,0.20330286087830016
prostate,baseline,40000,84,83,83,0.2586781883473418
prostate,baseline,40000,84,81,81,0.23881709006831103
prostate,baseline,40000,84,80,80,0.21331979925106587
prostate,baseline,40000,84,78,78,0.17365540526335693
prostate,baseline,40000,84,75,75,0.20682352772827003
prostate,baseline,40000,84,74,74,0.207645182915211
prostate,baseline,40000,84,83,83,0.1265362318914202
prostate,baseline,40000,84,83,83,0.07804095171982652
prostate,baseline,40000,84,83,83,0.11137115425515375
prostate,baseline,40000,84,81,81,0.04275547786565273
prostate,baseline,40000,84,77,77,0.12436421353597497
prostate,baseline,40000,84,83,83,0.11402114346721723
prostate,baseline,40000,84,82,82,0.05890676561105795
prostate,baseline,40000,84,80,80,0.10406707095506426
prostate,baseline,40000,84,79,79,0.10878400088047657
prostate,baseline,40000,84,78,78,0.11591815727373372
prostate,baseline,40000,85,75,75,0.3112411467591038
prostate,baseline,40000,85,74,74,0.31199133999953405
prostate,baseline,40000,85,72,72,0.311450531945231
prostate,baseline,40000,85,70,70,0.2222679829206319
prostate,baseline,40000,85,69,69,0.30153446736697137
prostate,baseline,40000,85,68,68,0.2124842128477027
prostate,baseline,40000,85,68,68,0.30736392356910036
prostate,baseline,40000,85,84,84,0.1583052463750214
prostate,baseline,40000,85,84,84,0.28258241932047695
prostate,baseline,40000,85,84,84,0.05361070795727141
prostate,baseline,40000,85,84,84,0.03363992281740336
prostate,baseline,40000,85,82,82,0.03495510450947151
prostate,baseline,40000,85,82,82,0.08227261385523339
prostate,baseline,40000,85,84,84,0.21583787571599702
prostate,baseline,40000,85,83,83,0.08662225873913794
prostate,baseline,40000,85,84,84,0.2823844118162191
prostate,baseline,40000,85,83,83,0.18498414508496586
prostate,baseline,40000,85,79,79,0.23829368297385706
prostate,baseline,40000,85,78,78,0.19742180723357566
prostate,baseline,40000,85,77,77,0.26436532073127716
prostate,baseline,40000,85,71,71,0.2763182266365318
prostate,baseline,40000,85,83,83,0.2961925523833449
prostate,baseline,40000,85,81,81,0.2587138742777898
prostate,baseline,40000,85,80,80,0.30308593962514035
prostate,baseline,40000,85,79,79,0.2699500422085669
prostate,baseline,40000,85,78,78,0.2912250870918412
prostate,baseline,40000,85,65,65,0.28514071461272245
prostate,baseline,40000,85,57,57,0.27419927187490917
prostate,baseline,40000,85,48,48,0.28688494214755006
prostate,baseline,40000,85,42,42,0.3015121767816821
prostate,baseline,40000,85,40,40,0.2957862267608412
prostate,baseline,40000,85,38,38,0.25472889557243733
prostate,baseline,40000,85,37,37,0.30516350332156345
prostate,baseline,40000,85,26,26,0.2937851182448573
prostate,baseline,40000,85,84,84,0.011229743672532263
prostate,baseline,40000,85,84,84,0.15381551751819625
prostate,baseline,40000,85,82,82,0.05557413744374046
prostate,baseline,40000,85,81,81,0.06566478843091968
prostate,baseline,40000,85,80,80,0.1212619256332903
prostate,baseline,40000,85,84,84,0.2062696793294688
prostate,baseline,40000,85,79,79,0.23113299113236396
prostate,baseline,40000,85,78,78,0.19828349622930705
prostate,baseline,40000,85,74,74,0.23361343566444281
prostate,baseline,40000,85,73,73,0.046324570112075976
prostate,baseline,40000,85,83,83,0.36849827932863927
prostate,baseline,40000,85,82,82,0.014795241323071247
prostate,baseline,40000,85,80,80,0.34094087285544933
prostate,baseline,40000,85,80,80,0.3247798740601282
prostate,baseline,40000,85,79,79,0.2841663347676243
prostate,baseline,40000,85,81,81,0.3269943631555923
prostate,baseline,40000,85,78,78,0.3415667842558137
prostate,baseline,40000,85,78,78,0.31257203083988144
prostate,baseline,40000,85,77,77,0.306876532631221
prostate,baseline,40000,85,77,77,0.3128911129925552
prostate,baseline,40000,85,77,77,0.307902592100554
prostate,baseline,40000,85,76,76,0.31614032720040836
prostate,baseline,40000,85,75,75,0.28129512424872777
prostate,baseline,40000,85,75,75,0.2956584192172895
prostate,baseline,40000,85,74,74,0.3008295862484304
prostate,baseline,40000,85,74,74,0.25598203028163075
prostate,baseline,40000,85,63,63,0.2700796789636048
prostate,baseline,40000,85,54,54,0.22527581654203976
prostate,baseline,40000,85,84,84,0.3012908184789741
prostate,baseline,40000,85,83,83,0.08579056940220804
prostate,baseline,40000,85,84,84,0.1882360598194441
prostate,baseline,40000,85,84,84,0.17397348403828916
prostate,baseline,40000,85,84,84,0.19934973719825463
prostate,baseline,40000,85,84,84,0.18219375889892517
prostate,baseline,40000,85,84,84,0.26522869371641794
prostate,baseline,40000,85,84,84,0.14479780425311345
prostate,baseline,40000,85,84,84,0.16301389518497653
prostate,baseline,40000,85,84,84,0.023841989161547138
prostate,baseline,40000,85,84,84,0.029588169911870982
prostate,baseline,40000,85,83,83,0.05896826227314484
prostate,baseline,40000,85,82,82,0.032860904156281505
prostate,baseline,40000,85,82,82,0.24370282870474197
prostate,baseline,40000,85,84,84,0.2621196218127113
prostate,baseline,40000,85,84,84,0.2615449093300983
prostate,baseline,40000,85,84,84,0.14901771126034347
prostate,baseline,40000,85,82,82,0.1721935099877255
prostate,baseline,40000,85,84,84,0.1885453277655719
prostate,baseline,40000,85,84,84,0.0600020886790852
prostate,baseline,40000,85,79,79,0.15807241679636702
prostate,baseline,40000,85,84,84,0.2562359014893898
prostate,baseline,40000,85,84,84,0.24558097893429962
prostate,baseline,40000,85,81,81,0.17199313083904275
prostate,baseline,40000,85,84,84,0.20702888672486336
prostate,baseline,40000,85,82,82,0.06431311541471872
prostate,baseline,40000,85,81,81,0.13927446660215123
prostate,baseline,40000,85,84,84,0.28615687987350347
prostate,baseline,40000,85,82,82,0.1395967274924586
prostate,baseline,40000,85,81,81,0.08264099959011507
prostate,baseline,40000,85,80,80,0.19802073429626152
prostate,baseline,40000,85,79,79,0.22215674900072668
prostate,baseline,40000,85,76,76,0.1290929383841956
prostate,baseline,40000,85,72,72,0.179358422958177
prostate,baseline,40000,85,84,84,0.1422428289347379
prostate,baseline,40000,85,83,83,0.22458612064464617
prostate,baseline,40000,85,83,83,0.030579746364402676
prostate,baseline,40000,85,81,81,0.26035384396324845
prostate,baseline,40000,85,79,79,0.25175083741550053
prostate,baseline,40000,85,77,77,0.278230640210049
prostate,baseline,40000,85,84,84,0.1807700971111887
prostate,baseline,40000,85,84,84,0.05995999730031937
prostate,baseline,40000,85,83,83,0.011572301167978272
prostate,baseline,40000,85,81,81,0.09124544201662757
prostate,baseline,40000,85,80,80,0.1364775564533683
prostate,baseline,40000,85,79,79,0.12074923622122499
prostate,baseline,40000,85,78,78,0.015111936797556184
prostate,baseline,40000,85,84,84,0.11193511692702279
prostate,baseline,40000,85,84,84,0.06374107267636055
prostate,baseline,40000,85,84,84,0.05465164289076162
prostate,baseline,40000,85,83,83,0.0075149998189264705
prostate,baseline,40000,85,82,82,0.011593715396891616
prostate,baseline,40000,85,79,79,0.11929683558515655
prostate,baseline,40000,85,78,78,0.08710860122595575
prostate,baseline,40000,85,84,84,0.2998530264014806
prostate,baseline,40000,85,83,83,0.2123012505684548
prostate,baseline,40000,85,79,79,0.21435606648778432
prostate,baseline,40000,85,84,84,0.07873667081682705
prostate,baseline,40000,85,84,84,0.20804974914023142
prostate,baseline,40000,85,84,84,0.1491300076442418
prostate,baseline,40000,85,84,84,0.1516265462923745
prostate,baseline,40000,85,83,83,0.04827998399083527
prostate,baseline,40000,85,82,82,0.02384246909791952
prostate,baseline,40000,85,84,84,0.16155027441482042
prostate,baseline,40000,85,82,82,0.05456981511511356
prostate,baseline,40000,85,80,80,0.1350756606234663
prostate,baseline,40000,85,82,82,0.21931496637172018
prostate,baseline,40000,85,82,82,0.20874429855689366
prostate,baseline,40000,85,82,82,0.22493922623816764
prostate,baseline,40000,85,81,81,0.26798296278810835
prostate,baseline,40000,85,80,80,0.25017553747129656
prostate,baseline,40000,85,79,79,0.2573520887848874
prostate,baseline,40000,85,77,77,0.2722969160595053
prostate,baseline,40000,85,74,74,0.20858071610693002
prostate,baseline,40000,85,71,71,0.2939018878719669
prostate,baseline,40000,85,71,71,0.18000245253799305
prostate,baseline,40000,85,63,63,0.29768499160247375
prostate,baseline,40000,85,43,43,0.31370712332074097
prostate,baseline,40000,85,42,42,0.3133275393991392
prostate,baseline,40000,85,38,38,0.325805133580993
prostate,baseline,40000,85,37,37,0.31038533319685496
prostate,baseline,40000,85,84,84,0.16096165967708911
prostate,baseline,40000,85,83,83,0.00617187392705498
prostate,baseline,40000,85,79,79,0.12701809584131454
prostate,baseline,40000,85,84,84,0.11750718665104638
prostate,baseline,40000,85,84,84,0.12565620813064346
prostate,baseline,40000,85,83,83,0.07924097580564575
prostate,baseline,40000,85,81,81,0.1030384403849828
prostate,baseline,40000,85,78,78,0.06292750782128592
prostate,baseline,40000,85,84,84,0.040751441076526874
prostate,baseline,40000,85,84,84,0.11174521524987943
prostate,baseline,40000,85,84,84,0.2476246733449188
prostate,baseline,40000,85,84,84,0.17798401089206387
prostate,baseline,40000,85,79,79,0.2022333379920632
prostate,baseline,40000,85,77,77,0.023262135933234045
prostate,baseline,40000,85,84,84,0.1912808726824869
prostate,baseline,40000,85,79,79,0.1444515544533225
prostate,baseline,40000,85,79,79,0.16003783790847065
prostate,baseline,40000,85,83,83,0.18655078602326478
prostate,baseline,40000,85,83,83,0.14448429807149357
prostate,baseline,40000,85,81,81,0.12027635221882858
prostate,baseline,40000,85,81,81,0.10040402709255457
prostate,baseline,40000,85,80,80,0.07872400792377594
prostate,baseline,40000,85,72,72,0.14278688430854478
prostate,baseline,40000,85,64,64,0.1684712650280101
prostate,baseline,40000,85,59,59,0.13868978397110607
prostate,baseline,40000,85,84,84,0.2270781693367225
prostate,baseline,40000,85,84,84,0.2902711155495644
prostate,baseline,40000,85,83,83,0.09939156310245872
prostate,baseline,40000,85,82,82,0.22943014927421038
prostate,baseline,40000,85,80,80,0.2029925411883068
prostate,baseline,40000,85,84,84,0.05691304194354071
prostate,baseline,40000,85,84,84,0.1129503293768488
prostate,baseline,40000,85,81,81,0.06718573589671326
prostate,baseline,40000,85,78,78,0.12811511928984595
prostate,baseline,40000,85,78,78,0.11216607433684178
prostate,baseline,40000,85,77,77,0.11602000031497599
prostate,baseline,40000,85,76,76,0.11731223115584033
prostate,baseline,40000,85,73,73,0.03944610429497052
prostate,baseline,40000,85,84,84,0.2648630605441306
prostate,baseline,40000,85,82,82,0.25495157902212395
prostate,baseline,40000,85,80,80,0.25250309558166495
prostate,baseline,40000,85,77,77,0.2389240367474199
prostate,baseline,40000,85,77,77,0.2690956335079214
prostate,baseline,40000,85,72,72,0.30448690158011416
prostate,baseline,40000,85,84,84,0.1174638679267545
prostate,baseline,40000,85,83,83,0.11684393933978064
prostate,baseline,40000,85,81,81,0.10455959758804909
prostate,baseline,40000,85,78,78,0.06128204803932906
prostate,baseline,40000,85,75,75,0.18593735345054813
prostate,baseline,40000,85,84,84,0.18827747374832013
prostate,baseline,40000,85,82,82,0.06599742789113933
prostate,baseline,40000,85,79,79,0.15868746915544768
prostate,baseline,40000,85,78,78,0.12749608726124545
prostate,baseline,40000,85,74,74,0.1825441479871419
prostate,baseline,40000,85,71,71,0.1262869432512933
prostate,baseline,40000,85,70,70,0.060702769098825965
prostate,baseline,40000,85,68,68,0.15150722059281754
prostate,baseline,40000,85,84,84,0.22467937888656267
prostate,baseline,40000,85,82,82,0.19608984504814087
prostate,baseline,40000,85,81,81,0.28892559606873564
prostate,baseline,40000,85,78,78,0.21992189161627293
prostate,baseline,40000,85,78,78,0.155953676284155
prostate,baseline,40000,85,77,77,0.2735328037372962
prostate,baseline,40000,85,84,84,0.06876464173285964
prostate,baseline,40000,85,84,84,0.19050549230600952
prostate,baseline,40000,85,84,84,0.09549376273095737
prostate,baseline,40000,85,79,79,0.16020742882924668
prostate,baseline,40000,85,84,84,0.2161213430551455
prostate,baseline,40000,85,79,79,0.28477247753320806
prostate,baseline,40000,85,78,78,0.1825277016611057
prostate,baseline,40000,85,78,78,0.23706704774938772
prostate,baseline,40000,85,76,76,0.21826119463247148
prostate,baseline,40000,85,72,72,0.20191036377131558
prostate,baseline,40000,85,84,84,0.11922264287987569
prostate,baseline,40000,85,83,83,0.2783397638589859
prostate,baseline,40000,85,78,78,0.22753912257010553
prostate,baseline,40000,85,78,78,0.2358876457910543
prostate,baseline,40000,85,78,78,0.2444116361668844
prostate,baseline,40000,85,84,84,0.21155773389153032
prostate,baseline,40000,85,84,84,0.23618030947145507
prostate,baseline,40000,85,84,84,0.0
prostate,baseline,40000,85,82,82,0.10992283645898493
prostate,baseline,40000,85,80,80,0.08261836796739315
prostate,baseline,40000,85,84,84,0.23321659657885677
prostate,baseline,40000,85,84,84,0.16577307483582635
prostate,baseline,40000,85,84,84,0.20647954137458366
prostate,baseline,40000,85,84,84,0.2762514086061559
prostate,baseline,40000,85,83,83,0.1944952346579946
prostate,baseline,40000,85,81,81,0.18897541611920007
prostate,baseline,40000,85,80,80,0.25477494494668906
prostate,baseline,40000,85,79,79,0.24825086055013248
prostate,baseline,40000,85,77,77,0.20341555439320835
prostate,baseline,40000,85,84,84,0.20695908417087422
prostate,baseline,40000,85,84,84,0.1746210527238486
prostate,baseline,40000,85,79,79,0.23750987863755676
prostate,baseline,40000,85,84,84,0.2474406757528646
prostate,baseline,40000,85,84,84,0.24504869457812814
prostate,baseline,40000,85,84,84,0.14894102819471172
prostate,baseline,40000,85,78,78,0.25054447465181556
prostate,baseline,40000,85,84,84,0.2955144343102133
prostate,baseline,40000,85,80,80,0.1712766328349598
prostate,baseline,40000,85,78,78,0.2074453475265607
prostate,baseline,40000,85,78,78,0.20533787540435083
prostate,baseline,40000,85,76,76,0.11234981824618004
prostate,baseline,40000,85,84,84,0.1570706446234934
prostate,baseline,40000,85,80,80,0.09875134787132063
prostate,baseline,40000,85,78,78,0.1331852644619245
prostate,baseline,40000,85,78,78,0.12582432166297292
prostate,baseline,40000,85,84,84,0.2870785593172488
prostate,baseline,40000,85,84,84,0.16531597836036818
prostate,baseline,40000,85,83,83,0.2418433527766453
prostate,baseline,40000,85,82,82,0.09653757164032123
prostate,baseline,40000,85,84,84,0.010974760356195306
prostate,baseline,40000,85,84,84,0.05372409690140493
prostate,baseline,40000,85,79,79,0.09480895676895086
prostate,baseline,40000,85,78,78,0.112126643164009
prostate,baseline,40000,85,84,84,0.2589257399322198
prostate,baseline,40000,85,84,84,0.2901911555818655
prostate,baseline,40000,85,81,81,0.19899061604835414
prostate,baseline,40000,85,79,79,0.25609967900586017
prostate,baseline,40000,85,79,79,0.05579318247924908
prostate,baseline,40000,85,84,84,0.28037566685490084
prostate,baseline,40000,85,81,81,0.08456603381712248
prostate,baseline,40000,85,80,80,0.1976393718107624
prostate,baseline,40000,85,79,79,0.2120249802262632
prostate,baseline,40000,85,83,83,0.21776532398579493
prostate,baseline,40000,85,82,82,0.2142387894794612
prostate,baseline,40000,85,82,82,0.21245874734565834
prostate,baseline,40000,85,79,79,0.2106076550125076
prostate,baseline,40000,85,78,78,0.2029222759373073
prostate,baseline,40000,85,84,84,0.14760556645201076
prostate,baseline,40000,85,84,84,0.13170714438813705
prostate,baseline,40000,85,84,84,0.2044094685243226
prostate,baseline,40000,85,78,78,0.26706076967968906
prostate,baseline,40000,85,78,78,0.2192423156981564
prostate,baseline,40000,85,83,83,0.2324300790951753
prostate,baseline,40000,85,80,80,0.25276764275082886
prostate,baseline,40000,85,79,79,0.2550739219797628
prostate,baseline,40000,85,74,74,0.17058414503153194
prostate,baseline,40000,85,66,66,0.27362043172959305
prostate,baseline,40000,85,43,43,0.2840822906239735
prostate,baseline,40000,85,84,84,0.2847001801043631
prostate,baseline,40000,85,80,80,0.16499027970114252
prostate,baseline,40000,85,76,76,0.08868405939701891
prostate,baseline,40000,85,84,84,0.2331045555595145
prostate,baseline,40000,85,84,84,0.22280555645027503
prostate,baseline,40000,85,84,84,0.1327822640107938
prostate,baseline,40000,85,82,82,0.12595843637124235
prostate,baseline,40000,85,80,80,0.17414096474143326
prostate,baseline,40000,85,84,84,0.25032569919573994
prostate,baseline,40000,85,84,84,0.18346692627609545
prostate,baseline,40000,85,84,84,0.0013941213610788774
prostate,baseline,40000,85,84,84,0.23641545186268695
prostate,baseline,40000,85,84,84,0.18671181997842487
prostate,baseline,40000,85,82,82,0.23067552144318396
prostate,baseline,40000,85,82,82,0.016445311356753
prostate,baseline,40000,85,83,83,0.2971733140007306
prostate,baseline,40000,85,81,81,0.2707490906753674
prostate,baseline,40000,85,80,80,0.3102010184539433
prostate,baseline,40000,85,78,78,0.23538891443430573
prostate,baseline,40000,85,84,84,0.11180744565591397
prostate,baseline,40000,85,84,84,0.012199492229245358
prostate,baseline,40000,85,82,82,0.07858671583257265
prostate,baseline,40000,85,81,81,0.06620661468683672
prostate,baseline,40000,85,80,80,0.11679808350160606
prostate,baseline,40000,85,80,80,0.10322023581425402
prostate,baseline,40000,85,79,79,0.061302157900401645
prostate,baseline,40000,85,77,77,0.11429550934022366
prostate,baseline,40000,85,73,73,0.016401800679037105
prostate,baseline,40000,85,84,84,0.013276677463988766
prostate,baseline,40000,85,84,84,0.19303066714248737
prostate,baseline,40000,85,84,84,0.26548117945488775
prostate,baseline,40000,85,84,84,0.1776848420595737
prostate,baseline,40000,85,84,84,0.26567463155657134
prostate,baseline,40000,85,79,79,0.2312085985494334
prostate,baseline,40000,85,84,84,0.21679497075953083
prostate,baseline,40000,85,84,84,0.1598756089235837
prostate,baseline,40000,85,84,84,0.2155206050304124
prostate,baseline,40000,85,80,80,0.172406641165948
prostate,baseline,40000,85,79,79,0.16682084570014716
prostate,baseline,40000,85,78,78,0.018487437097027055
prostate,baseline,40000,85,72,72,0.24582946136695094
prostate,baseline,40000,85,71,71,0.27235480525878336
prostate,baseline,40000,85,71,71,0.12905561466108298
prostate,baseline,40000,85,70,70,0.27199870573842583
prostate,baseline,40000,85,68,68,0.25949497350161915
prostate,baseline,40000,85,61,61,0.29040202344235355
prostate,baseline,40000,85,84,84,0.11355937405896191
prostate,baseline,40000,85,84,84,0.054478722357405536
prostate,baseline,40000,85,79,79,0.04288619886326623
prostate,baseline,40000,85,78,78,0.11366786004619413
prostate,baseline,40000,85,76,76,0.1029589123142459
prostate,baseline,40000,85,67,67,0.10238098353820024
prostate,baseline,40000,85,84,84,0.1829410035301959
prostate,baseline,40000,85,84,84,0.0926828708900573
prostate,baseline,40000,85,82,82,0.05556229267991605
prostate,baseline,40000,85,82,82,0.005752186709676197
prostate,baseline,40000,85,81,81,0.01654907236137308
prostate,baseline,40000,85,83,83,0.1945322452813476
prostate,baseline,40000,85,79,79,0.1399296219291927
prostate,baseline,40000,85,78,78,0.18438691255825904
prostate,baseline,40000,85,78,78,0.1777030682720995
prostate,baseline,40000,85,76,76,0.18361146454222907
prostate,baseline,40000,85,73,73,0.19748537867404903
prostate,baseline,40000,85,72,72,0.14413178946388397
prostate,baseline,40000,85,70,70,0.18718161694222235
prostate,baseline,40000,85,84,84,0.0088979357973112
prostate,baseline,40000,85,84,84,0.05817806529903763
prostate,baseline,40000,85,84,84,0.06609146196477653
prostate,baseline,40000,85,84,84,0.01592636727083448
prostate,baseline,40000,85,84,84,0.10923307274737097
prostate,baseline,40000,85,82,82,0.08730829566112146
prostate,baseline,40000,85,84,84,0.21841849979590636
prostate,baseline,40000,85,84,84,0.12138538364374354
prostate,baseline,40000,85,84,84,0.02502508111286568
prostate,baseline,40000,85,84,84,0.2110249554985468
prostate,baseline,40000,85,84,84,0.0026714877253507046
prostate,baseline,40000,85,81,81,0.060065468870422946
prostate,baseline,40000,85,79,79,0.24274742258519252
prostate,baseline,40000,85,71,71,0.06245833380055029
prostate,baseline,40000,85,84,84,0.2865259600563277
prostate,baseline,40000,85,74,74,0.1731818726176008
prostate,baseline,40000,85,73,73,0.22990409315116433
prostate,baseline,40000,85,81,81,0.16947026632669965
prostate,baseline,40000,85,80,80,0.20399456957740228
prostate,baseline,40000,85,79,79,0.18197385771278132
prostate,baseline,40000,85,78,78,0.19758076583107523
prostate,baseline,40000,85,78,78,0.218664136347803
prostate,baseline,40000,85,84,84,0.11359877036155382
prostate,baseline,40000,85,82,82,0.016000857243531813
prostate,baseline,40000,85,79,79,0.05913775699498613
prostate,baseline,40000,85,79,79,0.11690186496949206
prostate,baseline,40000,85,73,73,0.03348357844142109
prostate,baseline,40000,85,71,71,0.13732654580519932
prostate,baseline,40000,85,79,79,0.13073011644422455
prostate,baseline,40000,85,79,79,0.07456743822510425
prostate,baseline,40000,85,78,78,0.1878367538520683
prostate,baseline,40000,85,78,78,0.19273596153541844
prostate,baseline,40000,85,74,74,0.20119889538497485
prostate,baseline,40000,85,72,72,0.0655008073239508
prostate,baseline,40000,85,70,70,0.06306001091249222
prostate,baseline,40000,85,68,68,0.15006246237251528
prostate,baseline,40000,85,83,83,0.28058182013010247
prostate,baseline,40000,85,79,79,0.28750537685990096
prostate,baseline,40000,85,78,78,0.295079537324129
prostate,baseline,40000,85,76,76,0.3048585599937022
prostate,baseline,40000,85,74,74,0.25927252921268873
prostate,baseline,40000,85,84,84,0.19300813503046235
prostate,baseline,40000,85,80,80,0.06227945776648321
prostate,baseline,40000,85,79,79,0.15879053223620812
prostate,baseline,40000,85,84,84,0.26499048954970755
prostate,baseline,40000,85,84,84,0.24551352433109278
prostate,baseline,40000,85,80,80,0.2095893410746159
prostate,baseline,40000,85,79,79,0.2312852302379204
prostate,baseline,40000,85,84,84,0.11166240911535295
prostate,baseline,40000,85,83,83,0.07990427538516373
prostate,baseline,40000,85,83,83,0.057849705797010854
prostate,baseline,40000,85,82,82,0.08749177586768712
prostate,baseline,40000,85,81,81,0.0674246918559413
prostate,baseline,40000,85,79,79,0.06233606260300663
prostate,baseline,40000,85,73,73,0.04074200871646024
prostate,baseline,40000,85,84,84,0.3003102303983059
prostate,baseline,40000,85,84,84,0.09367315030689526
prostate,baseline,40000,85,84,84,0.16590542358837204
prostate,baseline,40000,85,84,84,0.21512432023063952
prostate,baseline,40000,85,83,83,0.1695539059594103
prostate,baseline,40000,85,75,75,0.20754435502588905
prostate,baseline,40000,85,73,73,0.045218804840128135
prostate,baseline,40000,85,84,84,0.09199085569791723
prostate,baseline,40000,85,84,84,0.11975010932086429
prostate,baseline,40000,85,84,84,0.12000705604926656
prostate,baseline,40000,85,79,79,0.1832264010427851
prostate,baseline,40000,85,84,84,0.014352704885897691
prostate,baseline,40000,85,83,83,0.07953865823405175
prostate,baseline,40000,85,83,83,0.12681677538917474
prostate,baseline,40000,85,81,81,0.10652908701952306
prostate,baseline,40000,85,80,80,0.1178097364193184
prostate,baseline,40000,85,79,79,0.09742361518417944
prostate,baseline,40000,85,84,84,0.1918617482568129
prostate,baseline,40000,85,84,84,0.06574688469024426
prostate,baseline,40000,85,79,79,0.12939706802837855
prostate,baseline,40000,85,84,84,0.016980406668529808
prostate,baseline,40000,85,84,84,0.113205106247822
prostate,baseline,40000,85,84,84,0.06360345641748431
prostate,baseline,40000,85,79,79,0.10177648884892157
prostate,baseline,40000,85,84,84,0.06388294820013356
prostate,baseline,40000,85,84,84,0.02208937387726028
prostate,baseline,40000,85,84,84,0.11285739149993412
prostate,baseline,40000,85,80,80,0.11989036127781483
prostate,baseline,40000,85,79,79,0.06053452392745553
prostate,baseline,40000,85,79,79,0.03859729550389134
prostate,baseline,40000,85,73,73,0.03583613134383867
prostate,baseline,40000,85,84,84,0.16095313736421152
prostate,baseline,40000,85,84,84,0.22437799119338403
prostate,baseline,40000,85,84,84,0.11509746904830408
prostate,baseline,40000,85,79,79,0.17146256678950367
prostate,baseline,40000,85,84,84,0.15353455066628913
prostate,baseline,40000,85,80,80,0.10153583202761551
prostate,baseline,40000,85,77,77,0.12701453729032267
prostate,baseline,40000,85,69,69,0.13923507706715402
prostate,baseline,40000,85,84,84,0.22994196060421082
prostate,baseline,40000,85,84,84,0.17177121729394984
prostate,baseline,40000,85,81,81,0.19183385219831164
prostate,baseline,40000,85,79,79,0.2193032349311715
prostate,baseline,40000,85,72,72,0.19045114003704977
prostate,baseline,40000,85,71,71,0.21412668664046233
prostate,baseline,40000,85,71,71,0.24837521537942248
prostate,baseline,40000,85,70,70,0.23467770092260143
prostate,baseline,40000,85,68,68,0.17992785055144486
prostate,baseline,40000,85,50,50,0.1930778930319841
prostate,baseline,40000,85,84,84,0.0528895938630137
prostate,baseline,40000,85,84,84,0.11020917779182586
prostate,baseline,40000,85,83,83,0.07889567383769339
prostate,baseline,40000,85,84,84,0.21237246202537438
prostate,baseline,40000,85,82,82,0.014688375994410538
prostate,baseline,40000,85,82,82,0.06493205478068154
prostate,baseline,40000,85,82,82,0.08086962591362827
prostate,baseline,40000,85,81,81,0.1243493832642526
prostate,baseline,40000,85,84,84,0.272167932144509
prostate,baseline,40000,85,82,82,0.13742388610997158
prostate,baseline,40000,85,82,82,0.08380758195448156
prostate,baseline,40000,85,82,82,0.015667442247622565
prostate,baseline,40000,85,81,81,0.1469588935592173
prostate,baseline,40000,85,72,72,0.11919839281473685
prostate,baseline,40000,85,84,84,0.1851543478840841
prostate,baseline,40000,85,84,84,0.09628328584355447
prostate,baseline,40000,85,84,84,0.0675246912329901
prostate,baseline,40000,85,83,83,0.046692075401933236
prostate,baseline,40000,85,84,84,0.2697890620403823
prostate,baseline,40000,85,78,78,0.24767166227180168
prostate,baseline,40000,85,77,77,0.28221574243753866
prostate,baseline,40000,85,69,69,0.27187811957816094
prostate,baseline,40000,85,84,84,0.1764537066164929
prostate,baseline,40000,85,79,79,0.1438133019402671
prostate,baseline,40000,85,79,79,0.15900741404209048
prostate,baseline,40000,85,76,76,0.16357397959882908
prostate,baseline,40000,85,84,84,0.01670433740608036
prostate,baseline,40000,85,84,84,0.14448095526716703
prostate,baseline,40000,85,83,83,0.013708018199381175
prostate,baseline,40000,85,82,82,0.022061847038044004
prostate,baseline,40000,85,82,82,0.021195457791939508
prostate,baseline,40000,85,81,81,0.10404980447746441
prostate,baseline,40000,85,84,84,0.01205601428634145
prostate,baseline,40000,85,84,84,0.08865269491736949
prostate,baseline,40000,85,83,83,0.08197710054562074
prostate,baseline,40000,85,80,80,0.1099098784359915
prostate,baseline,40000,85,79,79,0.09826187995272097
prostate,baseline,40000,85,84,84,0.007155167073317497
prostate,baseline,40000,85,83,83,0.1891257665991487
prostate,baseline,40000,85,82,82,0.18644758519666105
prostate,baseline,40000,85,79,79,0.135232077652391
prostate,baseline,40000,85,79,79,0.1841824410240185
prostate,baseline,40000,85,77,77,0.12758525090017545
prostate,baseline,40000,85,84,84,0.1925157517788359
prostate,baseline,40000,85,83,83,0.09226776305282655
prostate,baseline,40000,85,78,78,0.15163295513053415
prostate,baseline,40000,85,77,77,0.16531578966655636
prostate,baseline,40000,85,72,72,0.06323978082409304
prostate,baseline,40000,85,70,70,0.060411792702145244
prostate,baseline,40000,85,84,84,0.28623012689366467
prostate,baseline,40000,85,79,79,0.20511574546668812
prostate,baseline,40000,85,72,72,0.17416195425955097
prostate,baseline,40000,85,84,84,0.1791429068425017
prostate,baseline,40000,85,84,84,0.21062438840169376
prostate,baseline,40000,85,84,84,0.19558951228479382
prostate,baseline,40000,85,82,82,0.16819721963372034
prostate,baseline,40000,85,80,80,0.13906566803597545
prostate,baseline,40000,85,84,84,0.28664410658620065
prostate,baseline,40000,85,84,84,0.0
prostate,baseline,40000,85,84,84,0.060464066125870554
prostate,baseline,40000,85,84,84,0.2329067794194003
prostate,baseline,40000,85,82,82,0.03507900053408073
prostate,baseline,40000,85,84,84,0.11419222372064293
prostate,baseline,40000,85,84,84,0.024497918482470595
prostate,baseline,40000,85,84,84,0.00322766066180642
prostate,baseline,40000,85,83,83,0.08187051444517793
prostate,baseline,40000,85,82,82,0.0827211703949459
prostate,baseline,40000,85,80,80,0.11668016008427029
prostate,baseline,40000,85,80,80,0.0705634194747686
prostate,baseline,40000,85,84,84,0.2322234768875426
prostate,baseline,40000,85,84,84,0.21101238003651615
prostate,baseline,40000,85,84,84,0.07533581214086749
prostate,baseline,40000,85,80,80,0.07147231817089594
prostate,baseline,40000,85,79,79,0.18444868553060728
prostate,baseline,40000,85,84,84,0.004244799070423196
prostate,baseline,40000,85,84,84,0.1928443275160954
prostate,baseline,40000,85,82,82,0.05435260085150592
prostate,baseline,40000,85,77,77,0.16191094739319287
prostate,baseline,40000,85,83,83,0.07351418490909616
prostate,baseline,40000,85,78,78,0.1055040140947822
prostate,baseline,40000,85,84,84,0.2555372187202315
prostate,baseline,40000,85,83,83,0.25939984856881426
prostate,baseline,40000,85,80,80,0.19608798248254156
prostate,baseline,40000,85,80,80,0.09493029965730504
prostate,baseline,40000,85,78,78,0.24930498367121925
prostate,baseline,40000,85,75,75,0.22009490678470195
prostate,baseline,40000,85,84,84,0.01918810006453618
prostate,baseline,40000,85,84,84,0.0032604408504010294
prostate,baseline,40000,85,84,84,0.008956312224531698
prostate,baseline,40000,85,84,84,0.0029313427031047723
prostate,baseline,40000,85,84,84,0.0029045445002289305
prostate,baseline,40000,85,84,84,0.006272805105904575
prostate,baseline,40000,85,84,84,0.004386102444917976
prostate,baseline,40000,85,84,84,0.003135563015510612
prostate,baseline,40000,85,84,84,0.004382033908653997
prostate,baseline,40000,85,84,84,0.005585175896967912
prostate,baseline,40000,85,84,84,0.01408688959899319
prostate,baseline,40000,85,84,84,0.04126830930209121
prostate,baseline,40000,85,84,84,0.004028807259574106
prostate,baseline,40000,85,84,84,0.0032817586724797243
prostate,baseline,40000,85,84,84,0.006381547814746147
prostate,baseline,40000,85,84,84,0.0034251632307172536
prostate,baseline,40000,85,84,84,0.01786758652490647
prostate,baseline,40000,85,84,84,0.040126012290368857
prostate,baseline,40000,85,84,84,0.003956320252963855
prostate,baseline,40000,85,84,84,0.003403679054457786
prostate,baseline,40000,85,84,84,0.0067706415605981625
prostate,baseline,40000,85,84,84,0.009883111076185728
prostate,baseline,40000,85,84,84,0.0077965223620022495
prostate,baseline,40000,85,84,84,0.004119518409217788
prostate,baseline,40000,85,84,84,0.005496944211835296
prostate,baseline,40000,85,84,84,0.05473642009572309
prostate,baseline,40000,85,84,84,0.003522747942897595
prostate,baseline,40000,85,83,83,0.009115766994662454
prostate,baseline,40000,85,83,83,0.005191838253455982
prostate,baseline,40000,85,82,82,0.016695890926580005
prostate,baseline,40000,85,82,82,0.028174820599490166
prostate,baseline,40000,85,82,82,0.00359200258796267
prostate,baseline,40000,85,82,82,0.015190811360785709
prostate,baseline,40000,85,82,82,0.0036957092010546184
prostate,baseline,40000,85,82,82,0.007853974005555672
prostate,baseline,40000,85,78,78,0.02020058038091222
prostate,baseline,40000,85,84,84,0.006885504300979238
prostate,baseline,40000,85,84,84,0.14675421766217792
prostate,baseline,40000,85,84,84,0.20047760380078833
prostate,baseline,40000,85,84,84,0.014096272873245693
prostate,baseline,40000,85,82,82,0.007848754559943107
prostate,baseline,40000,85,82,82,0.01832317576696048
prostate,baseline,40000,85,82,82,0.06433947189244113
prostate,baseline,40000,85,81,81,0.1329432021903401
prostate,baseline,40000,85,84,84,0.2920848861441644
prostate,baseline,40000,85,81,81,0.2260131047002359
prostate,baseline,40000,85,79,79,0.31346323873055665
prostate,baseline,40000,85,77,77,0.3181199765167629
prostate,baseline,40000,85,63,63,0.34972686316703583
prostate,baseline,40000,85,84,84,0.01211892162985992
prostate,baseline,40000,85,84,84,0.012149548265926891
prostate,baseline,40000,85,84,84,0.010250481283754201
prostate,baseline,40000,85,84,84,0.17119418727646968
prostate,baseline,40000,85,84,84,0.027373642572985055
prostate,baseline,40000,85,84,84,0.016531263590431982
prostate,baseline,40000,85,84,84,0.08848580637673671
prostate,baseline,40000,85,84,84,0.0066562163615740706
prostate,baseline,40000,85,84,84,0.02016638722879179
prostate,baseline,40000,85,83,83,0.01504363607620792
prostate,baseline,40000,85,82,82,0.010969119272307254
prostate,baseline,40000,85,82,82,0.012828899509435703
prostate,baseline,40000,85,82,82,0.02171802016626341
prostate,baseline,40000,85,78,78,0.015274637921105753
prostate,baseline,40000,85,84,84,0.06393427154627611
prostate,baseline,40000,85,84,84,0.11157117939370675
prostate,baseline,40000,85,84,84,0.05808783273570214
prostate,baseline,40000,85,79,79,0.11371520825849694
prostate,baseline,40000,85,78,78,0.08651738442430441
prostate,baseline,40000,85,78,78,0.09290145887107383
prostate,baseline,40000,85,84,84,0.18932962707711565
prostate,baseline,40000,85,83,83,0.09855354972134076
prostate,baseline,40000,85,81,81,0.09863844050931725
prostate,baseline,40000,85,72,72,0.06467311431777681
prostate,baseline,40000,85,71,71,0.12527469205109468
prostate,baseline,40000,85,70,70,0.06082013906456935
prostate,baseline,40000,85,84,84,0.2709144988810892
prostate,baseline,40000,85,84,84,0.17021294269923873
prostate,baseline,40000,85,84,84,0.1382164536313638
prostate,baseline,40000,85,83,83,0.0986850098687718
prostate,baseline,40000,85,82,82,0.2274532527885555
prostate,baseline,40000,85,82,82,0.21340976809976628
prostate,baseline,40000,85,79,79,0.11680593459989759
prostate,baseline,40000,85,84,84,0.009943715470661354
prostate,baseline,40000,85,84,84,0.007619936211971439
prostate,baseline,40000,85,84,84,0.014704515510549587
prostate,baseline,40000,85,84,84,0.02580329605005538
prostate,baseline,40000,85,84,84,0.11092900743229028
prostate,baseline,40000,85,84,84,0.011565963818638156
prostate,baseline,40000,85,84,84,0.046617233204951015
prostate,baseline,40000,85,84,84,0.008232896119632729
prostate,baseline,40000,85,83,83,0.010603288978485089
prostate,baseline,40000,85,83,83,0.013141508481852516
prostate,baseline,40000,85,82,82,0.01474179300343078
prostate,baseline,40000,85,82,82,0.061166824755932006
prostate,baseline,40000,85,82,82,0.03289815425542483
prostate,baseline,40000,85,82,82,0.012749070513018455
prostate,baseline,40000,85,81,81,0.011621681968253693
prostate,baseline,40000,85,78,78,0.013964727461960917
prostate,baseline,40000,85,84,84,0.30159708913119854
prostate,baseline,40000,85,84,84,0.22898340492842856
prostate,baseline,40000,85,83,83,0.19667515262103497
prostate,baseline,40000,85,82,82,0.14656104182873855
prostate,baseline,40000,85,81,81,0.14116607415454224
prostate,baseline,40000,85,84,84,0.19491384683378885
prostate,baseline,40000,85,83,83,0.09611502946553216
prostate,baseline,40000,85,82,82,0.06491999559652006
prostate,baseline,40000,85,79,79,0.0751170028339258
prostate,baseline,40000,85,78,78,0.15517775588873223
prostate,baseline,40000,85,78,78,0.17011332716462116
prostate,baseline,40000,85,74,74,0.19185954318555032
prostate,baseline,40000,85,70,70,0.060924704275436135
prostate,baseline,40000,85,83,83,0.26655895217322095
prostate,baseline,40000,85,81,81,0.1866919321493198
prostate,baseline,40000,85,78,78,0.24091026148238
prostate,baseline,40000,85,84,84,0.1605081174856801
prostate,baseline,40000,85,84,84,0.09180021828650067
prostate,baseline,40000,85,84,84,0.10248252325313345
prostate,baseline,40000,85,84,84,0.20563700019150458
prostate,baseline,40000,85,83,83,0.0217974140406469
prostate,baseline,40000,85,82,82,0.07291488931130391
prostate,baseline,40000,85,82,82,0.022955518519199466
prostate,baseline,40000,85,82,82,0.09101400051419205
prostate,baseline,40000,85,84,84,0.2637359700736419
prostate,baseline,40000,85,84,84,0.25918915145973204
prostate,baseline,40000,85,83,83,0.0185750102061085
prostate,baseline,40000,85,82,82,0.06244609222307513
prostate,baseline,40000,85,79,79,0.23152701613750443
prostate,baseline,40000,85,84,84,0.24310997381161306
prostate,baseline,40000,85,83,83,0.24470812987690582
prostate,baseline,40000,85,83,83,0.2528570649078127
prostate,baseline,40000,85,80,80,0.21117521375916498
prostate,baseline,40000,85,80,80,0.18061145040802024
prostate,baseline,40000,85,80,80,0.2487549889559232
prostate,baseline,40000,85,79,79,0.21544711154993154
prostate,baseline,40000,85,77,77,0.28064280166245936
prostate,baseline,40000,85,84,84,0.1566059204628171
prostate,baseline,40000,85,78,78,0.12489095138135625
prostate,baseline,40000,85,71,71,0.14093141791443395
prostate,baseline,40000,85,79,79,0.22135890204487463
prostate,baseline,40000,85,78,78,0.2912482577229067
prostate,baseline,40000,85,77,77,0.2644136654893888
prostate,baseline,40000,85,74,74,0.29843094229859285
prostate,baseline,40000,85,74,74,0.276401978990864
prostate,baseline,40000,85,73,73,0.14426804804870422
prostate,baseline,40000,85,73,73,0.06688980163675252
prostate,baseline,40000,85,73,73,0.26472823090066894
prostate,baseline,40000,85,72,72,0.21081858184250693
prostate,baseline,40000,85,71,71,0.27896418386170635
prostate,baseline,40000,85,71,71,0.2343008166658574
prostate,baseline,40000,85,71,71,0.2603717789625519
prostate,baseline,40000,85,70,70,0.1715582070607047
prostate,baseline,40000,85,68,68,0.2036534969531887
prostate,baseline,40000,85,68,68,0.24369565350972344
prostate,baseline,40000,85,53,53,0.2902853281967515
prostate,baseline,40000,85,84,84,0.2743041514207487
prostate,baseline,40000,85,82,82,0.19318459727945908
prostate,baseline,40000,85,80,80,0.29046878172701446
prostate,baseline,40000,85,79,79,0.24917022811190115
prostate,baseline,40000,85,83,83,0.28788292866949633
prostate,baseline,40000,85,78,78,0.30976654176491175
prostate,baseline,40000,85,78,78,0.3079926052791902
prostate,baseline,40000,85,77,77,0.2841490432170492
prostate,baseline,40000,85,75,75,0.24740527938226378
prostate,baseline,40000,85,66,66,0.3096859974972455
prostate,baseline,40000,85,42,42,0.3128374596613752
prostate,baseline,40000,85,84,84,0.1487781176285135
prostate,baseline,40000,85,82,82,0.03532128948321711
prostate,baseline,40000,85,74,74,0.17286884867343627
prostate,baseline,40000,85,84,84,0.2221730884918426
prostate,baseline,40000,85,84,84,0.1259033734604763
prostate,baseline,40000,85,83,83,0.23484740177376698
prostate,baseline,40000,85,83,83,0.2565755162045827
prostate,baseline,40000,85,82,82,0.18188973567478023
prostate,baseline,40000,85,81,81,0.2673689393625459
prostate,baseline,40000,85,84,84,0.1542438338299915
prostate,baseline,40000,85,83,83,0.060670414704167695
prostate,baseline,40000,85,80,80,0.12298202084205882
prostate,baseline,40000,85,79,79,0.11965011241665587
prostate,baseline,40000,85,73,73,0.055496959768381066
prostate,baseline,40000,85,84,84,0.009044387725029971
prostate,baseline,40000,85,84,84,0.00621971740824099
prostate,baseline,40000,85,84,84,0.014781104668888576
prostate,baseline,40000,85,84,84,0.008005531705444373
prostate,baseline,40000,85,84,84,0.06139032869030816
prostate,baseline,40000,85,84,84,0.01700390423694139
prostate,baseline,40000,85,84,84,0.16576626337815353
prostate,baseline,40000,85,84,84,0.009938026417614713
prostate,baseline,40000,85,83,83,0.01052432879402135
prostate,baseline,40000,85,83,83,0.014032602165618243
prostate,baseline,40000,85,83,83,0.016605162821429917
prostate,baseline,40000,85,82,82,0.011849230616306296
prostate,baseline,40000,85,82,82,0.02355635269399553
prostate,baseline,40000,85,82,82,0.009179390534221806
prostate,baseline,40000,85,82,82,0.011650142076950485
prostate,baseline,40000,85,81,81,0.0953124833077625
prostate,baseline,40000,85,78,78,0.016885766005723963
prostate,baseline,40000,85,84,84,0.1502594835337957
prostate,baseline,40000,85,83,83,0.008645945850530164
prostate,baseline,40000,85,80,80,0.06586491082745986
prostate,baseline,40000,85,80,80,0.09973343117619746
prostate,baseline,40000,85,79,79,0.1241167224552425
prostate,baseline,40000,85,84,84,0.02247470291987398
prostate,baseline,40000,85,84,84,0.010185714875897119
prostate,baseline,40000,85,84,84,0.008826851089300074
prostate,baseline,40000,85,84,84,0.020329075150454606
prostate,baseline,40000,85,84,84,0.00892708837665737
prostate,baseline,40000,85,84,84,0.008556538958208192
prostate,baseline,40000,85,84,84,0.012134845918651656
prostate,baseline,40000,85,84,84,0.02124122877948566
prostate,baseline,40000,85,84,84,0.010791548838399194
prostate,baseline,40000,85,84,84,0.01993935268543428
prostate,baseline,40000,85,84,84,0.015194218788653428
prostate,baseline,40000,85,84,84,0.06314051070894999
prostate,baseline,40000,85,84,84,0.00804655949363097
prostate,baseline,40000,85,84,84,0.1161053105525393
prostate,baseline,40000,85,84,84,0.01589697825361703
prostate,baseline,40000,85,83,83,0.012481566464116191
prostate,baseline,40000,85,83,83,0.007752022301664804
prostate,baseline,40000,85,83,83,0.012308819997839466
prostate,baseline,40000,85,82,82,0.03099701431639899
prostate,baseline,40000,85,82,82,0.025099073612939417
prostate,baseline,40000,85,82,82,0.03660950286382898
prostate,baseline,40000,85,82,82,0.015230962599429809
prostate,baseline,40000,85,81,81,0.08830017486994583
prostate,baseline,40000,85,78,78,0.024506755703878304
prostate,baseline,40000,85,83,83,0.25355318058237236
prostate,baseline,40000,85,81,81,0.25172961697978247
prostate,baseline,40000,85,75,75,0.24429704733030022
prostate,baseline,40000,85,72,72,0.2613960985933941
prostate,baseline,40000,85,64,64,0.2077675675463601
prostate,baseline,40000,85,84,84,0.27088085893536284
prostate,baseline,40000,85,84,84,0.08117983544689482
prostate,baseline,40000,85,84,84,0.254902048992561
prostate,baseline,40000,85,83,83,0.24290720875160063
prostate,baseline,40000,85,82,82,0.05004506957965789
prostate,baseline,40000,85,81,81,0.2358707988244402
prostate,baseline,40000,85,80,80,0.2392283794067481
prostate,baseline,40000,85,80,80,0.23235234077398678
prostate,baseline,40000,85,79,79,0.24979781573787588
prostate,baseline,40000,85,79,79,0.25943241079396545
prostate,baseline,40000,85,77,77,0.1763289827335963
prostate,baseline,40000,85,77,77,0.24744743654520504
prostate,baseline,40000,85,84,84,0.10206883408248107
prostate,baseline,40000,85,78,78,0.29053843040937455
prostate,baseline,40000,85,84,84,0.10875019377142812
prostate,baseline,40000,85,84,84,0.027192861650714953
prostate,baseline,40000,85,84,84,0.2650955566935511
prostate,baseline,40000,85,82,82,0.07896805148956243
prostate,baseline,40000,85,82,82,0.02439790878660871
prostate,baseline,40000,85,81,81,0.16820877122323624
prostate,baseline,40000,85,80,80,0.037797708958434
prostate,baseline,40000,85,84,84,0.09002210416543555
prostate,baseline,40000,85,84,84,0.3055538955698726
prostate,baseline,40000,85,84,84,0.1342287982582985
prostate,baseline,40000,85,84,84,0.23934435378167523
prostate,baseline,40000,85,82,82,0.158725633732702
prostate,baseline,40000,85,81,81,0.15794750388459966
prostate,baseline,40000,85,83,83,0.2876515121162698
prostate,baseline,40000,85,82,82,0.26224170219692977
prostate,baseline,40000,85,82,82,0.26119444152560606
prostate,baseline,40000,85,82,82,0.06386292320118599
prostate,baseline,40000,85,81,81,0.219447551099414
prostate,baseline,40000,85,80,80,0.25188611397766913
prostate,baseline,40000,85,79,79,0.24655806225378343
prostate,baseline,40000,85,79,79,0.23803778226658787
prostate,baseline,40000,85,79,79,0.25896898162679316
prostate,baseline,40000,85,78,78,0.244423228717171
prostate,baseline,40000,85,84,84,0.0170215324616354
prostate,baseline,40000,85,84,84,0.056892433672243226
prostate,baseline,40000,85,84,84,0.06318782405619654
prostate,baseline,40000,85,84,84,0.0059588723040849305
prostate,baseline,40000,85,84,84,0.11613959870909114
prostate,baseline,40000,85,84,84,0.013217666126667879
prostate,baseline,40000,85,79,79,0.09928489284529901
prostate,baseline,40000,85,76,76,0.021297358427256226
prostate,baseline,40000,85,84,84,0.22905966099889266
prostate,baseline,40000,85,84,84,0.2322870517019545
prostate,baseline,40000,85,77,77,0.25099627277170944
prostate,baseline,40000,85,83,83,0.2845962601864409
prostate,baseline,40000,85,81,81,0.2359208698043538
prostate,baseline,40000,85,80,80,0.2841127635779449
prostate,baseline,40000,85,69,69,0.2784102350437736
prostate,baseline,40000,85,82,82,0.2565316522981987
prostate,baseline,40000,85,81,81,0.2637027208821805
prostate,baseline,40000,85,80,80,0.2555674034708989
prostate,baseline,40000,85,77,77,0.267666839854359
prostate,baseline,40000,85,75,75,0.24608851682512825
prostate,baseline,40000,85,64,64,0.20607726100121668
prostate,baseline,40000,85,84,84,0.11716053673211668
prostate,baseline,40000,85,84,84,0.13260998911049185
prostate,baseline,40000,85,84,84,0.009624249252325565
prostate,baseline,40000,85,82,82,0.0420918268756636
prostate,baseline,40000,85,76,76,0.1446174908857883
prostate,baseline,40000,85,74,74,0.18127810267149508
prostate,baseline,40000,85,72,72,0.14317416726075538
prostate,baseline,40000,85,83,83,0.18479401801223544
prostate,baseline,40000,85,82,82,0.14318694863209974
prostate,baseline,40000,85,80,80,0.1447744244583036
prostate,baseline,40000,85,79,79,0.12161962569311993
prostate,baseline,40000,85,77,77,0.10306165851184997
prostate,baseline,40000,85,75,75,0.18262425438581198
prostate,baseline,40000,85,71,71,0.1536324145131815
prostate,baseline,40000,85,66,66,0.1252823210832715
prostate,baseline,40000,85,64,64,0.1616916765002916
prostate,baseline,40000,85,62,62,0.12994216094588396
prostate,baseline,40000,86,85,85,0.16343015230531968
prostate,baseline,40000,86,85,85,0.2703639897334432
prostate,baseline,40000,86,82,82,0.16914882661541536
prostate,baseline,40000,86,81,81,0.26322545073482084
prostate,baseline,40000,86,85,85,0.06448371731552284
prostate,baseline,40000,86,85,85,0.26340161290184294
prostate,baseline,40000,86,85,85,0.23815215273063364
prostate,baseline,40000,86,83,83,0.08555319082021787
prostate,baseline,40000,86,82,82,0.18508864962655538
prostate,baseline,40000,86,85,85,0.21524467897475955
prostate,baseline,40000,86,85,85,0.2969935988463289
prostate,baseline,40000,86,85,85,0.020494528952449822
prostate,baseline,40000,86,81,81,0.2817469138582574
prostate,baseline,40000,86,78,78,0.24683133821934752
prostate,baseline,40000,86,85,85,0.02700195573111105
prostate,baseline,40000,86,85,85,0.03576314339612967
prostate,baseline,40000,86,85,85,0.010420836505102673
prostate,baseline,40000,86,85,85,0.11154197129966804
prostate,baseline,40000,86,85,85,0.16421841653545413
prostate,baseline,40000,86,85,85,0.2322305539510905
prostate,baseline,40000,86,84,84,0.03504619332580052
prostate,baseline,40000,86,83,83,0.07359732209305796
prostate,baseline,40000,86,83,83,0.06936121281252135
prostate,baseline,40000,86,78,78,0.03668367074357316
prostate,baseline,40000,86,77,77,0.028478262008917062
prostate,baseline,40000,86,85,85,0.007943440934839032
prostate,baseline,40000,86,85,85,0.17865333872533734
prostate,baseline,40000,86,85,85,0.25030245754235625
prostate,baseline,40000,86,85,85,0.18397953177126933
prostate,baseline,40000,86,85,85,0.19632206093705767
prostate,baseline,40000,86,85,85,0.24243030113694772
prostate,baseline,40000,86,83,83,0.009022713732277083
prostate,baseline,40000,86,83,83,0.015207011025216483
prostate,baseline,40000,86,82,82,0.07964958219809912
prostate,baseline,40000,86,80,80,0.14375061627244062
prostate,baseline,40000,86,85,85,0.004665912169752584
prostate,baseline,40000,86,84,84,0.32657725962062967
prostate,baseline,40000,86,83,83,0.2920081148311338
prostate,baseline,40000,86,85,85,0.129572909959986
prostate,baseline,40000,86,83,83,0.0229731698540921
prostate,baseline,40000,86,83,83,0.11879442620189282
prostate,baseline,40000,86,82,82,0.046519094508634534
prostate,baseline,40000,86,81,81,0.11462041122055439
prostate,baseline,40000,86,80,80,0.08411911331610877
prostate,baseline,40000,86,79,79,0.18343187676753303
prostate,baseline,40000,86,79,79,0.1374594323404774
prostate,baseline,40000,86,78,78,0.1781948329611521
prostate,baseline,40000,86,75,75,0.195706474427813
prostate,baseline,40000,86,71,71,0.18455649812275468
prostate,baseline,40000,86,84,84,0.3303922828311364
prostate,baseline,40000,86,80,80,0.33170837668658776
prostate,baseline,40000,86,79,79,0.2947971300545229
prostate,baseline,40000,86,74,74,0.32154875331824795
prostate,baseline,40000,86,72,72,0.25118897268989127
prostate,baseline,40000,86,71,71,0.2961479893310644
prostate,baseline,40000,86,70,70,0.23685879963164425
prostate,baseline,40000,86,70,70,0.2237838014765168
prostate,baseline,40000,86,68,68,0.2470419451555903
prostate,baseline,40000,86,85,85,0.2816163662935193
prostate,baseline,40000,86,85,85,0.264403517055179
prostate,baseline,40000,86,79,79,0.2472030533525339
prostate,baseline,40000,86,79,79,0.24596798179832532
prostate,baseline,40000,86,85,85,0.20783995781668507
prostate,baseline,40000,86,85,85,0.009054094760484174
prostate,baseline,40000,86,85,85,0.12977521895622052
prostate,baseline,40000,86,85,85,0.2778043047034229
prostate,baseline,40000,86,83,83,0.20470876765020102
prostate,baseline,40000,86,82,82,0.12884120384551073
prostate,baseline,40000,86,81,81,0.22076709428909438
prostate,baseline,40000,86,78,78,0.18067904013683733
prostate,baseline,40000,86,85,85,0.0037338810255957734
prostate,baseline,40000,86,85,85,0.14230135266083166
prostate,baseline,40000,86,85,85,0.2162568798785653
prostate,baseline,40000,86,83,83,0.07357995521029852
prostate,baseline,40000,86,82,82,0.1774187331197227
prostate,baseline,40000,86,85,85,0.24327893530834008
prostate,baseline,40000,86,85,85,0.10135837965686735
prostate,baseline,40000,86,85,85,0.03658569853067768
prostate,baseline,40000,86,85,85,0.2646290456866486
prostate,baseline,40000,86,85,85,0.011189393262718889
prostate,baseline,40000,86,85,85,0.007220560554413778
prostate,baseline,40000,86,83,83,0.06663600680010096
prostate,baseline,40000,86,83,83,0.0295315338423351
prostate,baseline,40000,86,84,84,0.277029500538441
prostate,baseline,40000,86,83,83,0.2606329420352239
prostate,baseline,40000,86,82,82,0.25749968616763763
prostate,baseline,40000,86,80,80,0.21965082798778096
prostate,baseline,40000,86,79,79,0.25083482395255885
prostate,baseline,40000,86,78,78,0.2432854583232063
prostate,baseline,40000,86,77,77,0.21424668709444544
prostate,baseline,40000,86,77,77,0.27207438705158016
prostate,baseline,40000,86,76,76,0.25021298008702114
prostate,baseline,40000,86,74,74,0.23156885181480916
prostate,baseline,40000,86,74,74,0.21752009334623534
prostate,baseline,40000,86,85,85,0.11462457675663229
prostate,baseline,40000,86,85,85,0.23022839858432162
prostate,baseline,40000,86,85,85,0.06248462367966367
prostate,baseline,40000,86,85,85,0.014557501496384795
prostate,baseline,40000,86,84,84,0.11018929815939742
prostate,baseline,40000,86,83,83,0.09037096981434392
prostate,baseline,40000,86,82,82,0.19767113364404362
prostate,baseline,40000,86,78,78,0.07799577843455074
prostate,baseline,40000,86,85,85,0.26681205468946995
prostate,baseline,40000,86,85,85,0.08369648702342063
prostate,baseline,40000,86,85,85,0.24100588009490465
prostate,baseline,40000,86,81,81,0.21076225949805108
prostate,baseline,40000,86,80,80,0.23609912983900422
prostate,baseline,40000,86,85,85,0.11249689366435223
prostate,baseline,40000,86,85,85,0.16187887821071628
prostate,baseline,40000,86,85,85,0.07383148556483381
prostate,baseline,40000,86,83,83,0.041342100381881824
prostate,baseline,40000,86,82,82,0.08007214470618525
prostate,baseline,40000,86,80,80,0.1437328870109149
prostate,baseline,40000,86,85,85,0.24137356794745657
prostate,baseline,40000,86,84,84,0.2258039101259567
prostate,baseline,40000,86,84,84,0.19801152197918068
prostate,baseline,40000,86,81,81,0.0700274150105531
prostate,baseline,40000,86,81,81,0.17744934644346044
prostate,baseline,40000,86,77,77,0.2197849288196648
prostate,baseline,40000,86,73,73,0.12353923966824425
prostate,baseline,40000,86,73,73,0.05153289210011628
prostate,baseline,40000,86,85,85,0.2588197699118902
prostate,baseline,40000,86,85,85,0.07533337695246607
prostate,baseline,40000,86,85,85,0.1372273609835714
prostate,baseline,40000,86,85,85,0.011529293681027852
prostate,baseline,40000,86,84,84,0.07858651133167059
prostate,baseline,40000,86,78,78,0.3057125764424763
prostate,baseline,40000,86,78,78,0.28977078475952833
prostate,baseline,40000,86,78,78,0.30139173803351527
prostate,baseline,40000,86,78,78,0.29566200453826197
prostate,baseline,40000,86,77,77,0.23444414123874652
prostate,baseline,40000,86,77,77,0.23842571860982018
prostate,baseline,40000,86,75,75,0.2830107668021768
prostate,baseline,40000,86,66,66,0.3262104452072255
prostate,baseline,40000,86,63,63,0.3299202676623843
prostate,baseline,40000,86,63,63,0.30572494237387104
prostate,baseline,40000,86,55,55,0.29448371263415934
prostate,baseline,40000,86,42,42,0.3082631788924663
prostate,baseline,40000,86,84,84,0.2548742336460011
prostate,baseline,40000,86,84,84,0.20090217647240702
prostate,baseline,40000,86,84,84,0.24549005930461038
prostate,baseline,40000,86,84,84,0.19826155598109793
prostate,baseline,40000,86,84,84,0.25875449656691485
prostate,baseline,40000,86,83,83,0.20098244365235785
prostate,baseline,40000,86,82,82,0.16235804188418174
prostate,baseline,40000,86,80,80,0.24709271416643824
prostate,baseline,40000,86,78,78,0.15470250141417888
prostate,baseline,40000,86,77,77,0.2724959357837311
prostate,baseline,40000,86,77,77,0.26348474032482194
prostate,baseline,40000,86,85,85,0.015627748610930758
prostate,baseline,40000,86,85,85,0.10696749743793946
prostate,baseline,40000,86,85,85,0.2623895489873204
prostate,baseline,40000,86,84,84,0.13814459403512686
prostate,baseline,40000,86,83,83,0.07187214507350399
prostate,baseline,40000,86,81,81,0.19797199214494957
prostate,baseline,40000,86,85,85,0.19626636314102291
prostate,baseline,40000,86,85,85,0.2824285781343689
prostate,baseline,40000,86,84,84,0.1157598389367461
prostate,baseline,40000,86,84,84,0.05846209754833792
prostate,baseline,40000,86,83,83,0.09456280638281538
prostate,baseline,40000,86,82,82,0.21310890567744817
prostate,baseline,40000,86,85,85,0.032570364009142545
prostate,baseline,40000,86,85,85,0.02264033280359475
prostate,baseline,40000,86,85,85,0.1111041811572109
prostate,baseline,40000,86,85,85,0.009236529431232718
prostate,baseline,40000,86,85,85,0.2842343156397141
prostate,baseline,40000,86,85,85,0.0025381858328324585
prostate,baseline,40000,86,83,83,0.08594998289577793
prostate,baseline,40000,86,85,85,0.18905992927548554
prostate,baseline,40000,86,85,85,0.252199916966093
prostate,baseline,40000,86,83,83,0.0947858889986392
prostate,baseline,40000,86,83,83,0.1235796635974263
prostate,baseline,40000,86,82,82,0.20604990128592748
prostate,baseline,40000,86,77,77,0.08534703367567728
prostate,baseline,40000,86,85,85,0.12965966448768526
prostate,baseline,40000,86,85,85,0.1152323425445406
prostate,baseline,40000,86,84,84,0.009991868585192264
prostate,baseline,40000,86,82,82,0.11809159451749246
prostate,baseline,40000,86,81,81,0.1328890306549988
prostate,baseline,40000,86,80,80,0.1477551205650601
prostate,baseline,40000,86,84,84,0.2645999032443501
prostate,baseline,40000,86,84,84,0.25518790356034915
prostate,baseline,40000,86,84,84,0.2525813307505237
prostate,baseline,40000,86,84,84,0.27129173360702197
prostate,baseline,40000,86,82,82,0.13299532225548294
prostate,baseline,40000,86,80,80,0.2464258191150642
prostate,baseline,40000,86,78,78,0.2445640246213145
prostate,baseline,40000,86,67,67,0.1887759901876568
prostate,baseline,40000,86,85,85,0.007674177338253391
prostate,baseline,40000,86,85,85,0.016185434555279862
prostate,baseline,40000,86,85,85,0.008844393795605482
prostate,baseline,40000,86,85,85,0.012055957645959967
prostate,baseline,40000,86,85,85,0.012037775674712349
prostate,baseline,40000,86,85,85,0.061481578020513385
prostate,baseline,40000,86,85,85,0.15736191419403
prostate,baseline,40000,86,85,85,0.011477879459639382
prostate,baseline,40000,86,85,85,0.008277360858200602
prostate,baseline,40000,86,85,85,0.017253897654850987
prostate,baseline,40000,86,84,84,0.019995081054756947
prostate,baseline,40000,86,84,84,0.009560492534691451
prostate,baseline,40000,86,83,83,0.05188066103678666
prostate,baseline,40000,86,83,83,0.02248737033358749
prostate,baseline,40000,86,83,83,0.010477475119581692
prostate,baseline,40000,86,81,81,0.007482311862173764
prostate,baseline,40000,86,80,80,0.014294639021508826
prostate,baseline,40000,86,79,79,0.024493498331404767
prostate,baseline,40000,86,83,83,0.275368239706072
prostate,baseline,40000,86,83,83,0.2587423881401755
prostate,baseline,40000,86,83,83,0.29578945006484475
prostate,baseline,40000,86,83,83,0.30969722442734887
prostate,baseline,40000,86,81,81,0.3020845610109098
prostate,baseline,40000,86,81,81,0.28639454079456617
prostate,baseline,40000,86,81,81,0.2572876976988679
prostate,baseline,40000,86,79,79,0.3063840394794937
prostate,baseline,40000,86,76,76,0.2707132347598077
prostate,baseline,40000,86,74,74,0.11204756617168644
prostate,baseline,40000,86,85,85,0.11582626806203375
prostate,baseline,40000,86,85,85,0.007444246812112562
prostate,baseline,40000,86,85,85,0.12743784213918777
prostate,baseline,40000,86,80,80,0.14118892158594998
prostate,baseline,40000,86,76,76,0.032084088291015396
prostate,baseline,40000,86,85,85,0.22825418268668296
prostate,baseline,40000,86,85,85,0.031057269607999802
prostate,baseline,40000,86,85,85,0.302869675817641
prostate,baseline,40000,86,85,85,0.07449849239003985
prostate,baseline,40000,86,83,83,0.11196031926253333
prostate,baseline,40000,86,83,83,0.19544236259495554
prostate,baseline,40000,86,81,81,0.2795907511902354
prostate,baseline,40000,86,85,85,0.2518519566228579
prostate,baseline,40000,86,85,85,0.1418079941879651
prostate,baseline,40000,86,85,85,0.12727540869524115
prostate,baseline,40000,86,83,83,0.0
prostate,baseline,40000,86,85,85,0.17827126023192455
prostate,baseline,40000,86,85,85,0.25196148747117747
prostate,baseline,40000,86,85,85,0.11163404592693915
prostate,baseline,40000,86,83,83,0.08991573552734121
prostate,baseline,40000,86,81,81,0.1929425653852578
prostate,baseline,40000,86,85,85,0.25063964116039267
prostate,baseline,40000,86,85,85,0.17876337988158203
prostate,baseline,40000,86,84,84,0.06160724320553756
prostate,baseline,40000,86,85,85,0.13511559475949
prostate,baseline,40000,86,83,83,0.023392113305178378
prostate,baseline,40000,86,81,81,0.0479048363076509
prostate,baseline,40000,86,80,80,0.13660778267733545
prostate,baseline,40000,86,80,80,0.14839275530330076
prostate,baseline,40000,86,85,85,0.10316240815362557
prostate,baseline,40000,86,85,85,0.016133675621672217
prostate,baseline,40000,86,85,85,0.023069036146624297
prostate,baseline,40000,86,85,85,0.013726109545451394
prostate,baseline,40000,86,85,85,0.048640302623050066
prostate,baseline,40000,86,85,85,0.07212674371241058
prostate,baseline,40000,86,85,85,0.04147248749244279
prostate,baseline,40000,86,85,85,0.29747683502887173
prostate,baseline,40000,86,85,85,0.1702895271378117
prostate,baseline,40000,86,83,83,0.09903917133957951
prostate,baseline,40000,86,83,83,0.028812470227507922
prostate,baseline,40000,86,79,79,0.05436418818837708
prostate,baseline,40000,86,85,85,0.18451842206131489
prostate,baseline,40000,86,85,85,0.28241085763158463
prostate,baseline,40000,86,85,85,0.006076569779443799
prostate,baseline,40000,86,85,85,0.08387233421613555
prostate,baseline,40000,86,83,83,0.17348097473241056
prostate,baseline,40000,86,83,83,0.11019222150068014
prostate,baseline,40000,86,85,85,0.2865959507176077
prostate,baseline,40000,86,85,85,0.009015613865633229
prostate,baseline,40000,86,75,75,0.2987202424951152
prostate,baseline,40000,86,73,73,0.293794803847241
prostate,baseline,40000,86,85,85,0.11810356996061043
prostate,baseline,40000,86,79,79,0.26326312832512205
prostate,baseline,40000,86,78,78,0.28046131062734886
prostate,baseline,40000,86,85,85,0.13108771889794915
prostate,baseline,40000,86,85,85,0.11534042332097821
prostate,baseline,40000,86,85,85,0.06853307386357226
prostate,baseline,40000,86,83,83,0.01451546209532764
prostate,baseline,40000,86,80,80,0.14246669421706923
prostate,baseline,40000,86,83,83,0.22141997382908934
prostate,baseline,40000,86,78,78,0.19738230253768546
prostate,baseline,40000,86,76,76,0.2041361092870069
prostate,baseline,40000,86,75,75,0.22096143136107552
prostate,baseline,40000,86,69,69,0.1993606177140363
prostate,baseline,40000,86,85,85,0.27146131829825365
prostate,baseline,40000,86,85,85,0.21062271768780655
prostate,baseline,40000,86,82,82,0.19488422060630622
prostate,baseline,40000,86,80,80,0.20604163549555646
prostate,baseline,40000,86,85,85,0.07447585896946517
prostate,baseline,40000,86,85,85,0.01702453836105808
prostate,baseline,40000,86,85,85,0.11376517763278116
prostate,baseline,40000,86,85,85,0.13238652112613378
prostate,baseline,40000,86,82,82,0.1802076432692728
prostate,baseline,40000,86,77,77,0.1649822696469076
prostate,baseline,40000,86,77,77,0.15664629993523538
prostate,baseline,40000,86,74,74,0.1488167550555822
prostate,baseline,40000,86,66,66,0.18195310724424585
prostate,baseline,40000,86,37,37,0.1621614996082612
prostate,baseline,40000,86,85,85,0.06902943082428274
prostate,baseline,40000,86,85,85,0.007121869788765253
prostate,baseline,40000,86,85,85,0.23365505728679034
prostate,baseline,40000,86,85,85,0.25137013026704974
prostate,baseline,40000,86,83,83,0.03843842843244355
prostate,baseline,40000,86,83,83,0.03576350679931297
prostate,baseline,40000,86,82,82,0.14301040800225542
prostate,baseline,40000,86,85,85,0.023595609190237787
prostate,baseline,40000,86,85,85,0.006825521828653082
prostate,baseline,40000,86,85,85,0.10976498789304057
prostate,baseline,40000,86,85,85,0.21608004491074456
prostate,baseline,40000,86,84,84,0.02257000190604619
prostate,baseline,40000,86,83,83,0.07161796451703392
prostate,baseline,40000,86,83,83,0.07943936756182456
prostate,baseline,40000,86,85,85,0.24730696810115246
prostate,baseline,40000,86,85,85,0.22630109839616855
prostate,baseline,40000,86,81,81,0.2230053769207507
prostate,baseline,40000,86,79,79,0.23426790739192765
prostate,baseline,40000,86,84,84,0.18578340039602054
prostate,baseline,40000,86,84,84,0.27262617266035144
prostate,baseline,40000,86,82,82,0.2536200328598682
prostate,baseline,40000,86,81,81,0.27226560946864714
prostate,baseline,40000,86,81,81,0.2475081505063372
prostate,baseline,40000,86,80,80,0.17779734052868032
prostate,baseline,40000,86,79,79,0.25208263271452375
prostate,baseline,40000,86,77,77,0.22885128256830162
prostate,baseline,40000,86,75,75,0.21969213646817035
prostate,baseline,40000,86,74,74,0.21237044125060017
prostate,baseline,40000,86,72,72,0.19834122261939915
prostate,baseline,40000,86,72,72,0.1850677477806417
prostate,baseline,40000,86,72,72,0.18797914649124647
prostate,baseline,40000,86,70,70,0.1870857451267128
prostate,baseline,40000,86,84,84,0.22547043978243395
prostate,baseline,40000,86,84,84,0.232452006997443
prostate,baseline,40000,86,84,84,0.26472614458163984
prostate,baseline,40000,86,84,84,0.2385979851687586
prostate,baseline,40000,86,79,79,0.24422685255346455
prostate,baseline,40000,86,78,78,0.19579206677988803
prostate,baseline,40000,86,50,50,0.2605288154164261
prostate,baseline,40000,86,83,83,0.31301472581955714
prostate,baseline,40000,86,82,82,0.30347501781607306
prostate,baseline,40000,86,79,79,0.3325700982076423
prostate,baseline,40000,86,78,78,0.34378924273630657
prostate,baseline,40000,86,78,78,0.3567173087201745
prostate,baseline,40000,86,77,77,0.33747033070901405
prostate,baseline,40000,86,76,76,0.30674819711291684
prostate,baseline,40000,86,75,75,0.34329299056899953
prostate,baseline,40000,86,74,74,0.33867480905680775
prostate,baseline,40000,86,73,73,0.300964986111933
prostate,baseline,40000,86,70,70,0.2736110439296896
prostate,baseline,40000,86,85,85,0.2914259526450437
prostate,baseline,40000,86,85,85,0.25825922239331744
prostate,baseline,40000,86,81,81,0.28104485537065266
prostate,baseline,40000,86,80,80,0.24248716957857264
prostate,baseline,40000,86,85,85,0.2636146633353696
prostate,baseline,40000,86,77,77,0.24269853249521267
prostate,baseline,40000,86,68,68,0.22275108669385468
prostate,baseline,40000,86,85,85,0.2431960124690175
prostate,baseline,40000,86,85,85,0.18097807022420914
prostate,baseline,40000,86,84,84,0.01579070098053529
prostate,baseline,40000,86,80,80,0.22966426309994298
prostate,baseline,40000,86,80,80,0.24894563342895754
prostate,baseline,40000,86,84,84,0.12176659367518769
prostate,baseline,40000,86,84,84,0.1303601679694712
prostate,baseline,40000,86,83,83,0.15980431937087086
prostate,baseline,40000,86,82,82,0.07798770738695499
prostate,baseline,40000,86,82,82,0.17860733929740094
prostate,baseline,40000,86,82,82,0.12761902130611263
prostate,baseline,40000,86,79,79,0.10162483291023093
prostate,baseline,40000,86,78,78,0.18184416848652948
prostate,baseline,40000,86,78,78,0.19234647518251746
prostate,baseline,40000,86,75,75,0.19147190999380972
prostate,baseline,40000,86,85,85,0.009892476002854885
prostate,baseline,40000,86,85,85,0.03051369597536464
prostate,baseline,40000,86,85,85,0.0044972200122649734
prostate,baseline,40000,86,85,85,0.005402157717163248
prostate,baseline,40000,86,85,85,0.010047565861822367
prostate,baseline,40000,86,85,85,0.012964852961865893
prostate,baseline,40000,86,85,85,0.005939068714914474
prostate,baseline,40000,86,85,85,0.006532786361901642
prostate,baseline,40000,86,85,85,0.0040567543534851085
prostate,baseline,40000,86,85,85,0.01651660073461836
prostate,baseline,40000,86,85,85,0.0029426772620089435
prostate,baseline,40000,86,85,85,0.005266255549146376
prostate,baseline,40000,86,85,85,0.004565728594437861
prostate,baseline,40000,86,85,85,0.0021781765375593746
prostate,baseline,40000,86,85,85,0.18954461023809252
prostate,baseline,40000,86,85,85,0.06882197754028867
prostate,baseline,40000,86,85,85,0.007852772801509422
prostate,baseline,40000,86,85,85,0.017759287513145566
prostate,baseline,40000,86,85,85,0.09634849959414184
prostate,baseline,40000,86,84,84,0.014066546156464804
prostate,baseline,40000,86,83,83,0.011466103302639218
prostate,baseline,40000,86,83,83,0.02904082989045903
prostate,baseline,40000,86,83,83,0.007356059675022131
prostate,baseline,40000,86,83,83,0.004105624133583773
prostate,baseline,40000,86,83,83,0.004269752405746089
prostate,baseline,40000,86,79,79,0.015469434002646778
prostate,baseline,40000,86,85,85,0.24041233610962945
prostate,baseline,40000,86,85,85,0.08466678127300743
prostate,baseline,40000,86,85,85,0.012844655173509648
prostate,baseline,40000,86,85,85,0.008377526821179166
prostate,baseline,40000,86,85,85,0.013877675447911292
prostate,baseline,40000,86,85,85,0.013450776811963713
prostate,baseline,40000,86,85,85,0.006708873502460045
prostate,baseline,40000,86,85,85,0.027687857801878556
prostate,baseline,40000,86,85,85,0.011214101724715023
prostate,baseline,40000,86,85,85,0.008274922184740725
prostate,baseline,40000,86,85,85,0.01271378282666089
prostate,baseline,40000,86,85,85,0.008694545477773567
prostate,baseline,40000,86,85,85,0.007610612063103281
prostate,baseline,40000,86,85,85,0.019262630385843908
prostate,baseline,40000,86,85,85,0.006338179098306242
prostate,baseline,40000,86,85,85,0.01229809256856888
prostate,baseline,40000,86,85,85,0.11136070511745692
prostate,baseline,40000,86,85,85,0.009145183016988778
prostate,baseline,40000,86,85,85,0.06776810760508156
prostate,baseline,40000,86,85,85,0.05323529466078142
prostate,baseline,40000,86,85,85,0.012847765663061924
prostate,baseline,40000,86,84,84,0.0067151765311533555
prostate,baseline,40000,86,84,84,0.007288708694433631
prostate,baseline,40000,86,84,84,0.011298276243453623
prostate,baseline,40000,86,83,83,0.005334409455780588
prostate,baseline,40000,86,83,83,0.033315121289502043
prostate,baseline,40000,86,83,83,0.017086053081271306
prostate,baseline,40000,86,83,83,0.020237835744561176
prostate,baseline,40000,86,83,83,0.014530572404047667
prostate,baseline,40000,86,83,83,0.018423889576672646
prostate,baseline,40000,86,79,79,0.019479807784501167
prostate,baseline,40000,86,83,83,0.2510263825012735
prostate,baseline,40000,86,80,80,0.27900479752438345
prostate,baseline,40000,86,78,78,0.26801050921909914
prostate,baseline,40000,86,75,75,0.2911402559130701
prostate,baseline,40000,86,66,66,0.3172616395028547
prostate,baseline,40000,86,43,43,0.25912537096410326
prostate,baseline,40000,86,85,85,0.2485919339836831
prostate,baseline,40000,86,85,85,0.012886617521317888
prostate,baseline,40000,86,84,84,0.2014644358243676
prostate,baseline,40000,86,83,83,0.07047571233163082
prostate,baseline,40000,86,83,83,0.228175544652668
prostate,baseline,40000,86,80,80,0.2794954139907063
prostate,baseline,40000,86,85,85,0.01652483207293549
prostate,baseline,40000,86,85,85,0.2744700106726843
prostate,baseline,40000,86,82,82,0.24537199493862238
prostate,baseline,40000,86,82,82,0.14675887785387867
prostate,baseline,40000,86,79,79,0.24362981453712657
prostate,baseline,40000,86,73,73,0.3202426595999091
prostate,baseline,40000,86,85,85,0.2641360044737375
prostate,baseline,40000,86,85,85,0.28816376422464157
prostate,baseline,40000,86,81,81,0.1894985296262141
prostate,baseline,40000,86,80,80,0.2402008873539363
prostate,baseline,40000,86,76,76,0.14194430628276827
prostate,baseline,40000,86,85,85,0.08146474069397645
prostate,baseline,40000,86,85,85,0.22918888169108703
prostate,baseline,40000,86,85,85,0.002211198481483892
prostate,baseline,40000,86,85,85,0.08109524118523327
prostate,baseline,40000,86,85,85,0.15625121357777932
prostate,baseline,40000,86,81,81,0.02197158722177342
prostate,baseline,40000,86,80,80,0.1376724220022576
prostate,baseline,40000,86,84,84,0.29449832991069097
prostate,baseline,40000,86,83,83,0.22355369790092153
prostate,baseline,40000,86,83,83,0.23831473193230918
prostate,baseline,40000,86,81,81,0.20153550044185012
prostate,baseline,40000,86,80,80,0.21349953412008618
prostate,baseline,40000,86,80,80,0.24550652634238856
prostate,baseline,40000,86,79,79,0.21801148785058239
prostate,baseline,40000,86,79,79,0.2605329365124108
prostate,baseline,40000,86,77,77,0.23496624666866747
prostate,baseline,40000,86,77,77,0.25109439376327347
prostate,baseline,40000,86,77,77,0.20429175306210695
prostate,baseline,40000,86,76,76,0.22170378531146662
prostate,baseline,40000,86,61,61,0.20594671680959173
prostate,baseline,40000,86,85,85,0.24118369012431085
prostate,baseline,40000,86,84,84,0.16385558775881204
prostate,baseline,40000,86,79,79,0.2502570752580444
prostate,baseline,40000,86,74,74,0.3088478001492494
prostate,baseline,40000,86,70,70,0.22700802905834813
prostate,baseline,40000,86,85,85,0.11387625199301875
prostate,baseline,40000,86,85,85,0.1382491797455983
prostate,baseline,40000,86,83,83,0.007748763110414405
prostate,baseline,40000,86,81,81,0.1344373127707933
prostate,baseline,40000,86,80,80,0.1454662374499942
prostate,baseline,40000,86,80,80,0.11252543810586599
prostate,baseline,40000,86,85,85,0.12170105210000419
prostate,baseline,40000,86,79,79,0.20342309509272324
prostate,baseline,40000,86,85,85,0.23833478095491598
prostate,baseline,40000,86,85,85,0.08669294899334082
prostate,baseline,40000,86,85,85,0.19457902988307807
prostate,baseline,40000,86,85,85,0.0012234519355786941
prostate,baseline,40000,86,85,85,0.07064406518939884
prostate,baseline,40000,86,80,80,0.18579790320841766
prostate,baseline,40000,86,85,85,0.25357718223972847
prostate,baseline,40000,86,78,78,0.25778043980256576
prostate,baseline,40000,86,76,76,0.27484556039148733
prostate,baseline,40000,86,70,70,0.2162839249050166
prostate,baseline,40000,86,68,68,0.20736095377764419
prostate,baseline,40000,86,85,85,0.16275149282111348
prostate,baseline,40000,86,85,85,0.2748964650631759
prostate,baseline,40000,86,75,75,0.30997003804637946
prostate,baseline,40000,86,71,71,0.2783049890090869
prostate,baseline,40000,86,85,85,0.010525419380887038
prostate,baseline,40000,86,85,85,0.007484509314973812
prostate,baseline,40000,86,85,85,0.012005269281361537
prostate,baseline,40000,86,85,85,0.09505112635421868
prostate,baseline,40000,86,85,85,0.16254532534681024
prostate,baseline,40000,86,85,85,0.20764316615183143
prostate,baseline,40000,86,84,84,0.011189414178121188
prostate,baseline,40000,86,83,83,0.06545424648188848
prostate,baseline,40000,86,83,83,0.041451583806384744
prostate,baseline,40000,86,83,83,0.012942626974703038
prostate,baseline,40000,86,82,82,0.14224432744115936
prostate,baseline,40000,86,85,85,0.27109243516888004
prostate,baseline,40000,86,84,84,0.2053006279564348
prostate,baseline,40000,86,82,82,0.2254328656010715
prostate,baseline,40000,86,81,81,0.22376030515368153
prostate,baseline,40000,86,80,80,0.19972315272506475
prostate,baseline,40000,86,79,79,0.2218987111527889
prostate,baseline,40000,86,78,78,0.221864309541793
prostate,baseline,40000,86,85,85,0.08509419077881718
prostate,baseline,40000,86,85,85,0.2777138752927128
prostate,baseline,40000,86,85,85,0.2536255036378821
prostate,baseline,40000,86,84,84,0.04211209325276625
prostate,baseline,40000,86,83,83,0.07684542706075369
prostate,baseline,40000,86,82,82,0.07151054321523997
prostate,baseline,40000,86,82,82,0.2030852379137098
prostate,baseline,40000,86,80,80,0.23539938856021703
prostate,baseline,40000,86,85,85,0.25141631320531493
prostate,baseline,40000,86,85,85,0.28046597358527847
prostate,baseline,40000,86,84,84,0.09689578651484751
prostate,baseline,40000,86,82,82,0.15930206709130104
prostate,baseline,40000,86,80,80,0.2363827374544636
prostate,baseline,40000,86,85,85,0.0027776108420134926
prostate,baseline,40000,86,85,85,0.17928141414120724
prostate,baseline,40000,86,85,85,0.2461815262785598
prostate,baseline,40000,86,83,83,0.07182325338943435
prostate,baseline,40000,86,81,81,0.19232457438540906
prostate,baseline,40000,86,85,85,0.21222061695190775
prostate,baseline,40000,86,85,85,0.03674265430648666
prostate,baseline,40000,86,85,85,0.1662161231804321
prostate,baseline,40000,86,85,85,0.28102491143956976
prostate,baseline,40000,86,85,85,0.007480252261275849
prostate,baseline,40000,86,81,81,0.2314434678530239
prostate,baseline,40000,86,80,80,0.241777883678198
prostate,baseline,40000,86,78,78,0.1665112205702832
prostate,baseline,40000,86,85,85,0.23396517445894444
prostate,baseline,40000,86,85,85,0.26365798967809684
prostate,baseline,40000,86,84,84,0.06673900839128047
prostate,baseline,40000,86,85,85,0.24178412899590856
prostate,baseline,40000,86,81,81,0.2545904442052333
prostate,baseline,40000,86,79,79,0.24988633314273243
prostate,baseline,40000,86,79,79,0.2508980684511458
prostate,baseline,40000,86,85,85,0.06396180859221655
prostate,baseline,40000,86,85,85,0.3247294672048866
prostate,baseline,40000,86,85,85,0.30450352871674574
prostate,baseline,40000,86,83,83,0.07219537708665483
prostate,baseline,40000,86,83,83,0.15656217734523678
prostate,baseline,40000,86,83,83,0.009375313236838973
prostate,baseline,40000,86,82,82,0.22024987731729756
prostate,baseline,40000,86,79,79,0.06286517268589542
prostate,baseline,40000,86,84,84,0.28215310614762745
prostate,baseline,40000,86,80,80,0.27963198978728937
prostate,baseline,40000,86,79,79,0.2587761675810946
prostate,baseline,40000,86,73,73,0.2221168565112201
prostate,baseline,40000,86,68,68,0.2074375443609838
prostate,baseline,40000,86,85,85,0.022105676420790327
prostate,baseline,40000,86,85,85,0.010702305876944047
prostate,baseline,40000,86,85,85,0.006638085407541328
prostate,baseline,40000,86,85,85,0.11690927713320821
prostate,baseline,40000,86,85,85,0.01767224628019791
prostate,baseline,40000,86,85,85,0.11731999311487569
prostate,baseline,40000,86,85,85,0.012273691649755185
prostate,baseline,40000,86,83,83,0.0436933648639523
prostate,baseline,40000,86,83,83,0.03747516047978735
prostate,baseline,40000,86,83,83,0.0417922501529496
prostate,baseline,40000,86,82,82,0.10586989860425156
prostate,baseline,40000,86,76,76,0.0358787112070943
prostate,baseline,40000,86,85,85,0.0720150287197746
prostate,baseline,40000,86,85,85,0.1883919246023243
prostate,baseline,40000,86,85,85,0.26882595262398434
prostate,baseline,40000,86,85,85,0.15644450368119414
prostate,baseline,40000,86,83,83,0.06261966687394585
prostate,baseline,40000,86,83,83,0.010724562519680106
prostate,baseline,40000,86,84,84,0.268957777800701
prostate,baseline,40000,86,84,84,0.23348266012204463
prostate,baseline,40000,86,84,84,0.06868657985149533
prostate,baseline,40000,86,84,84,0.2366353122070247
prostate,baseline,40000,86,74,74,0.2767967484185288
prostate,baseline,40000,86,85,85,0.15723317339067505
prostate,baseline,40000,86,83,83,0.2427963378038549
prostate,baseline,40000,86,79,79,0.2930153569658292
prostate,baseline,40000,86,78,78,0.24732513610109366
prostate,baseline,40000,86,68,68,0.24990352363904353
prostate,baseline,40000,86,84,84,0.2870626448812383
prostate,baseline,40000,86,80,80,0.29407094441403503
prostate,baseline,40000,86,80,80,0.2780771493534407
prostate,baseline,40000,86,68,68,0.31981650518632215
prostate,baseline,40000,86,85,85,0.11112109484488374
prostate,baseline,40000,86,85,85,0.07336324318373166
prostate,baseline,40000,86,85,85,0.1291436852302826
prostate,baseline,40000,86,80,80,0.07972250426731337
prostate,baseline,40000,86,78,78,0.13715999137189253
prostate,baseline,40000,86,84,84,0.2957299138997761
prostate,baseline,40000,86,83,83,0.2465066936279969
prostate,baseline,40000,86,82,82,0.1485827301613963
prostate,baseline,40000,86,82,82,0.1559602763011966
prostate,baseline,40000,86,79,79,0.28868482675237084
prostate,baseline,40000,86,77,77,0.2744875980547062
prostate,baseline,40000,86,75,75,0.2998701307373592
prostate,baseline,40000,86,73,73,0.22945021905598376
prostate,baseline,40000,86,85,85,0.27249688456103754
prostate,baseline,40000,86,85,85,0.1418079941879651
prostate,baseline,40000,86,85,85,0.18381140843140806
prostate,baseline,40000,86,82,82,0.11298913023835462
prostate,baseline,40000,86,85,85,0.26097337202283394
prostate,baseline,40000,86,79,79,0.24601341455296563
prostate,baseline,40000,86,68,68,0.2992673128370773
prostate,baseline,40000,86,85,85,0.23241422478458632
prostate,baseline,40000,86,80,80,0.2086817703812999
prostate,baseline,40000,86,85,85,0.18209347021739872
prostate,baseline,40000,86,85,85,0.24167598241245844
prostate,baseline,40000,86,85,85,0.10183658489581335
prostate,baseline,40000,86,84,84,0.024778068748513293
prostate,baseline,40000,86,80,80,0.18469142886968504
prostate,baseline,40000,86,80,80,0.1541078822091882
prostate,baseline,40000,86,80,80,0.16880658729178605
prostate,baseline,40000,86,68,68,0.19694938093875056
prostate,baseline,40000,86,66,66,0.1788971167445367
prostate,baseline,40000,86,43,43,0.18863195191580803
prostate,baseline,40000,86,85,85,0.001313162538810598
prostate,baseline,40000,86,85,85,0.06736899131398974
prostate,baseline,40000,86,85,85,0.16418952183736873
prostate,baseline,40000,86,85,85,0.23607858165551146
prostate,baseline,40000,86,84,84,0.010679101614844156
prostate,baseline,40000,86,83,83,0.005130842725164408
prostate,baseline,40000,86,82,82,0.15194750887519112
prostate,baseline,40000,86,85,85,0.2360805578936452
prostate,baseline,40000,86,85,85,0.0928096754553945
prostate,baseline,40000,86,85,85,0.09781208029150988
prostate,baseline,40000,86,85,85,0.16443322807766853
prostate,baseline,40000,86,85,85,0.07235372205435311
prostate,baseline,40000,86,83,83,0.12726929019052874
prostate,baseline,40000,86,85,85,0.24717166576692157
prostate,baseline,40000,86,80,80,0.2201253469561013
prostate,baseline,40000,86,79,79,0.2756080191297385
prostate,baseline,40000,86,85,85,0.16911780371814047
prostate,baseline,40000,86,84,84,0.2751465000708287
prostate,baseline,40000,86,82,82,0.20638269939294843
prostate,baseline,40000,86,80,80,0.2563004894526027
prostate,baseline,40000,86,79,79,0.2853456069079854
prostate,baseline,40000,86,85,85,0.26852847156665965
prostate,baseline,40000,86,85,85,0.1581624996706304
prostate,baseline,40000,86,85,85,0.1608820419382463
prostate,baseline,40000,86,82,82,0.16166114359295222
prostate,baseline,40000,86,82,82,0.15936526660335315
prostate,baseline,40000,86,80,80,0.22287564540531032
prostate,baseline,40000,86,85,85,0.24936929624864612
prostate,baseline,40000,86,85,85,0.15810962518652055
prostate,baseline,40000,86,84,84,0.027667235086532675
prostate,baseline,40000,86,81,81,0.23382864349519183
prostate,baseline,40000,86,80,80,0.207772168548287
prostate,baseline,40000,86,85,85,0.06813139269190926
prostate,baseline,40000,86,85,85,0.15912072385585452
prostate,baseline,40000,86,85,85,0.11109310383092166
prostate,baseline,40000,86,81,81,0.215170417908774
prostate,baseline,40000,86,80,80,0.20476013232651927
prostate,baseline,40000,86,77,77,0.14534558743102793
prostate,baseline,40000,86,82,82,0.23770849735910976
prostate,baseline,40000,86,82,82,0.24050821963111246
prostate,baseline,40000,86,80,80,0.27231564310412765
prostate,baseline,40000,86,79,79,0.22596988964926637
prostate,baseline,40000,86,79,79,0.24270896745607212
prostate,baseline,40000,87,86,86,0.09971133181299878
prostate,baseline,40000,87,86,86,0.23816893006591086
prostate,baseline,40000,87,86,86,0.22925412920065613
prostate,baseline,40000,87,86,86,0.016027583048080385
prostate,baseline,40000,87,84,84,0.010920899194546281
prostate,baseline,40000,87,84,84,0.10191467489483598
prostate,baseline,40000,87,84,84,0.07320068468970121
prostate,baseline,40000,87,86,86,0.2804985995669723
prostate,baseline,40000,87,86,86,0.23340732574391732
prostate,baseline,40000,87,86,86,0.1495405211930047
prostate,baseline,40000,87,83,83,0.15210537072097124
prostate,baseline,40000,87,83,83,0.02369939955687832
prostate,baseline,40000,87,77,77,0.2654722746158959
prostate,baseline,40000,87,86,86,0.11100452915726237
prostate,baseline,40000,87,86,86,0.019693844290250596
prostate,baseline,40000,87,86,86,0.048979940512670836
prostate,baseline,40000,87,86,86,0.008544449835974964
prostate,baseline,40000,87,86,86,0.034374712045175886
prostate,baseline,40000,87,86,86,0.03696039674124199
prostate,baseline,40000,87,86,86,0.18223648800752376
prostate,baseline,40000,87,86,86,0.24689893448221706
prostate,baseline,40000,87,86,86,0.004225968855197118
prostate,baseline,40000,87,86,86,0.11804506553036363
prostate,baseline,40000,87,86,86,0.002884177417401207
prostate,baseline,40000,87,86,86,0.01919819250133646
prostate,baseline,40000,87,86,86,0.043040314198279236
prostate,baseline,40000,87,85,85,0.03276640297511719
prostate,baseline,40000,87,84,84,0.015069708128169476
prostate,baseline,40000,87,84,84,0.03960863758777856
prostate,baseline,40000,87,84,84,0.04483338711534775
prostate,baseline,40000,87,84,84,0.012674999653731407
prostate,baseline,40000,87,84,84,0.004527391479999988
prostate,baseline,40000,87,80,80,0.02386113145987917
prostate,baseline,40000,87,86,86,0.2770640289077506
prostate,baseline,40000,87,85,85,0.2648795576728589
prostate,baseline,40000,87,68,68,0.29583252993378467
prostate,baseline,40000,87,86,86,0.07824362936537894
prostate,baseline,40000,87,86,86,0.04982534949400641
prostate,baseline,40000,87,86,86,0.020406068841287765
prostate,baseline,40000,87,86,86,0.006381363978814703
prostate,baseline,40000,87,86,86,0.2430885296622079
prostate,baseline,40000,87,86,86,0.2599165191422927
prostate,baseline,40000,87,86,86,0.09915500450570773
prostate,baseline,40000,87,86,86,0.0043659474462836665
prostate,baseline,40000,87,84,84,0.060733404058753535
prostate,baseline,40000,87,84,84,0.029632355259300434
prostate,baseline,40000,87,84,84,0.008910828726984444
prostate,baseline,40000,87,82,82,0.03623577121988633
prostate,baseline,40000,87,86,86,0.0
prostate,baseline,40000,87,86,86,0.2616407295035726
prostate,baseline,40000,87,86,86,0.1379710950723098
prostate,baseline,40000,87,86,86,0.11782315497876104
prostate,baseline,40000,87,84,84,0.0
prostate,baseline,40000,87,81,81,0.0
prostate,baseline,40000,87,86,86,0.19011304367654513
prostate,baseline,40000,87,86,86,0.254415420277237
prostate,baseline,40000,87,86,86,0.0
prostate,baseline,40000,87,86,86,0.11782315497876104
prostate,baseline,40000,87,83,83,0.08014872157996278
prostate,baseline,40000,87,81,81,0.1363134105126698
prostate,baseline,40000,87,86,86,0.2406408849783601
prostate,baseline,40000,87,86,86,0.2581492694966306
prostate,baseline,40000,87,85,85,0.03966962675855583
prostate,baseline,40000,87,81,81,0.26251139113731087
prostate,baseline,40000,87,86,86,0.02970585048998491
prostate,baseline,40000,87,86,86,0.16406515742554229
prostate,baseline,40000,87,86,86,0.21030703537954992
prostate,baseline,40000,87,86,86,0.015264422089941072
prostate,baseline,40000,87,86,86,0.2620968241143399
prostate,baseline,40000,87,86,86,0.0032719651920923958
prostate,baseline,40000,87,86,86,0.09834961206895046
prostate,baseline,40000,87,86,86,0.02649984583882722
prostate,baseline,40000,87,84,84,0.06652502743003962
prostate,baseline,40000,87,84,84,0.014051816130985625
prostate,baseline,40000,87,84,84,0.11888305600329575
prostate,baseline,40000,87,77,77,0.05724756721012999
prostate,baseline,40000,87,86,86,0.21583038858385004
prostate,baseline,40000,87,85,85,0.21672595007011417
prostate,baseline,40000,87,79,79,0.239005766237942
prostate,baseline,40000,87,78,78,0.2633970381084347
prostate,baseline,40000,87,74,74,0.2229329866247424
prostate,baseline,40000,87,67,67,0.21831579048921415
prostate,baseline,40000,87,86,86,0.12570282758137635
prostate,baseline,40000,87,86,86,0.2124067763596481
prostate,baseline,40000,87,86,86,0.23423393709364226
prostate,baseline,40000,87,86,86,0.009664379126115978
prostate,baseline,40000,87,84,84,0.03618604677965239
prostate,baseline,40000,87,84,84,0.02337742473530377
prostate,baseline,40000,87,80,80,0.036150750779632486
prostate,baseline,40000,87,86,86,0.2297173879745264
prostate,baseline,40000,87,86,86,0.21101831259190262
prostate,baseline,40000,87,86,86,0.12557615345550863
prostate,baseline,40000,87,86,86,0.2423393801675154
prostate,baseline,40000,87,86,86,0.27350544168824564
prostate,baseline,40000,87,86,86,0.02988630141756775
prostate,baseline,40000,87,84,84,0.016919907409200623
prostate,baseline,40000,87,84,84,0.13523319219159968
prostate,baseline,40000,87,83,83,0.1575889530232748
prostate,baseline,40000,87,81,81,0.24020877197490634
prostate,baseline,40000,87,86,86,0.21625138914200245
prostate,baseline,40000,87,86,86,0.2818754446313884
prostate,baseline,40000,87,86,86,0.0945911677948395
prostate,baseline,40000,87,82,82,0.21687960224575584
prostate,baseline,40000,87,81,81,0.1826534164412023
prostate,baseline,40000,87,86,86,0.030150792507752096
prostate,baseline,40000,87,86,86,0.17690565646779746
prostate,baseline,40000,87,86,86,0.23296626195682216
prostate,baseline,40000,87,86,86,0.022200225401256067
prostate,baseline,40000,87,86,86,0.03441034349883555
prostate,baseline,40000,87,86,86,0.001294965492401986
prostate,baseline,40000,87,86,86,0.3040136789920748
prostate,baseline,40000,87,85,85,0.06460286491463896
prostate,baseline,40000,87,85,85,0.13482497398514828
prostate,baseline,40000,87,81,81,0.24660286206067958
prostate,baseline,40000,87,86,86,0.0015236584389734466
prostate,baseline,40000,87,86,86,0.24634592169373404
prostate,baseline,40000,87,86,86,0.1493496023966217
prostate,baseline,40000,87,86,86,0.02042138651173312
prostate,baseline,40000,87,86,86,0.18393732845886404
prostate,baseline,40000,87,81,81,0.23060765191366378
prostate,baseline,40000,87,86,86,0.16626557006564113
prostate,baseline,40000,87,86,86,0.25507622176592576
prostate,baseline,40000,87,85,85,0.10050473801146734
prostate,baseline,40000,87,86,86,0.17122331583218384
prostate,baseline,40000,87,86,86,0.10284240897736613
prostate,baseline,40000,87,86,86,0.2557740930913891
prostate,baseline,40000,87,86,86,0.0327242605355578
prostate,baseline,40000,87,84,84,0.16318086257597075
prostate,baseline,40000,87,84,84,0.08524757883377797
prostate,baseline,40000,87,83,83,0.21935272269048697
prostate,baseline,40000,87,82,82,0.05717263724442901
prostate,baseline,40000,87,74,74,0.190417355501081
prostate,baseline,40000,87,74,74,0.2867961264057987
prostate,baseline,40000,87,73,73,0.2228374339933628
prostate,baseline,40000,87,72,72,0.1551324393495002
prostate,baseline,40000,87,71,71,0.1877783830112634
prostate,baseline,40000,87,71,71,0.17425194063034194
prostate,baseline,40000,87,70,70,0.17572957156336266
prostate,baseline,40000,87,70,70,0.2365275592094825
prostate,baseline,40000,87,70,70,0.24123901130448624
prostate,baseline,40000,87,69,69,0.16336115737080498
prostate,baseline,40000,87,69,69,0.21706275396545874
prostate,baseline,40000,87,68,68,0.18175038318998182
prostate,baseline,40000,87,68,68,0.17841649042418833
prostate,baseline,40000,87,63,63,0.15101690171158108
prostate,baseline,40000,87,86,86,0.2774239987472148
prostate,baseline,40000,87,86,86,0.08148001078666046
prostate,baseline,40000,87,86,86,0.285101164617209
prostate,baseline,40000,87,84,84,0.030345559756472736
prostate,baseline,40000,87,83,83,0.19813212798950536
prostate,baseline,40000,87,83,83,0.028999339286661062
prostate,baseline,40000,87,86,86,0.23825372336359002
prostate,baseline,40000,87,86,86,0.2783650139877631
prostate,baseline,40000,87,86,86,0.021127248520768013
prostate,baseline,40000,87,82,82,0.19930828197577144
prostate,baseline,40000,87,81,81,0.2227833066527557
prostate,baseline,40000,87,86,86,0.2194897677380852
prostate,baseline,40000,87,86,86,0.22982104541741913
prostate,baseline,40000,87,86,86,0.0
prostate,baseline,40000,87,86,86,0.0
prostate,baseline,40000,87,81,81,0.1404426053592663
prostate,baseline,40000,87,86,86,0.21054609431321658
prostate,baseline,40000,87,86,86,0.02569492488211232
prostate,baseline,40000,87,86,86,0.19947310493899717
prostate,baseline,40000,87,86,86,0.22119090840167022
prostate,baseline,40000,87,83,83,0.12556363169044402
prostate,baseline,40000,87,82,82,0.02909894475901251
prostate,baseline,40000,87,81,81,0.18719365656659176
prostate,baseline,40000,87,86,86,0.2692721256776945
prostate,baseline,40000,87,85,85,0.08724540560349531
prostate,baseline,40000,87,85,85,0.043805379858261065
prostate,baseline,40000,87,80,80,0.296607013039594
prostate,baseline,40000,87,79,79,0.2687173902394665
prostate,baseline,40000,87,77,77,0.2510883853053745
prostate,baseline,40000,87,75,75,0.3154341801443411
prostate,baseline,40000,87,86,86,0.26476199085785324
prostate,baseline,40000,87,86,86,0.13670965028274187
prostate,baseline,40000,87,86,86,0.22001809500972022
prostate,baseline,40000,87,84,84,0.028152844973024633
prostate,baseline,40000,87,83,83,0.14979493078423428
prostate,baseline,40000,87,86,86,0.22808544499443278
prostate,baseline,40000,87,86,86,0.31838826498714323
prostate,baseline,40000,87,86,86,0.08623115795795665
prostate,baseline,40000,87,84,84,0.0024386157938213002
prostate,baseline,40000,87,83,83,0.08067595193463394
prostate,baseline,40000,87,86,86,0.148719287251471
prostate,baseline,40000,87,86,86,0.08601028314312892
prostate,baseline,40000,87,85,85,0.27876209155177833
prostate,baseline,40000,87,81,81,0.2543185035134339
prostate,baseline,40000,87,80,80,0.22712740849216626
prostate,baseline,40000,87,76,76,0.24598672424599752
prostate,baseline,40000,87,86,86,0.2672576119012587
prostate,baseline,40000,87,86,86,0.19905751714650152
prostate,baseline,40000,87,86,86,0.0016878266689131364
prostate,baseline,40000,87,86,86,0.13190416361855387
prostate,baseline,40000,87,84,84,0.1363739374588297
prostate,baseline,40000,87,81,81,0.22904509954483349
prostate,baseline,40000,87,86,86,0.2225006402506552
prostate,baseline,40000,87,86,86,0.26129928386678414
prostate,baseline,40000,87,83,83,0.06542133315311865
prostate,baseline,40000,87,81,81,0.07673758521377877
prostate,baseline,40000,87,86,86,0.2388796339576582
prostate,baseline,40000,87,86,86,0.2467178826817924
prostate,baseline,40000,87,86,86,0.015471723573794966
prostate,baseline,40000,87,85,85,0.2714776733761567
prostate,baseline,40000,87,82,82,0.2542121601957939
prostate,baseline,40000,87,81,81,0.2296454122047571
prostate,baseline,40000,87,86,86,0.022583991462705438
prostate,baseline,40000,87,86,86,0.03732560412082057
prostate,baseline,40000,87,86,86,0.14005158640430693
prostate,baseline,40000,87,86,86,0.07549787629440124
prostate,baseline,40000,87,86,86,0.16059797207442997
prostate,baseline,40000,87,86,86,0.27488695286898196
prostate,baseline,40000,87,86,86,0.045740712265021195
prostate,baseline,40000,87,86,86,0.009295303768290438
prostate,baseline,40000,87,86,86,0.04487975920361934
prostate,baseline,40000,87,86,86,0.02493330046405021
prostate,baseline,40000,87,85,85,0.035089247635438
prostate,baseline,40000,87,85,85,0.13002724447309985
prostate,baseline,40000,87,84,84,0.024388276701465122
prostate,baseline,40000,87,86,86,0.18566572578824145
prostate,baseline,40000,87,86,86,0.17060584552436847
prostate,baseline,40000,87,86,86,0.26121527792880406
prostate,baseline,40000,87,86,86,0.0316067662180248
prostate,baseline,40000,87,85,85,0.03488351865122932
prostate,baseline,40000,87,84,84,0.1284563210936665
prostate,baseline,40000,87,83,83,0.2461697023739525
prostate,baseline,40000,87,81,81,0.0721716289354716
prostate,baseline,40000,87,86,86,0.2738537253507135
prostate,baseline,40000,87,86,86,0.23092137775381488
prostate,baseline,40000,87,82,82,0.25797619871914335
prostate,baseline,40000,87,81,81,0.25765887116441016
prostate,baseline,40000,87,86,86,0.13263991926799376
prostate,baseline,40000,87,86,86,0.24408975546835476
prostate,baseline,40000,87,86,86,0.16637054183724767
prostate,baseline,40000,87,86,86,0.03961026815071605
prostate,baseline,40000,87,86,86,0.008931850409683683
prostate,baseline,40000,87,86,86,0.04452143922928001
prostate,baseline,40000,87,86,86,0.022276653814093803
prostate,baseline,40000,87,84,84,0.0887985404696448
prostate,baseline,40000,87,84,84,0.09661079875084952
prostate,baseline,40000,87,86,86,0.27108185862328127
prostate,baseline,40000,87,86,86,0.14340200684756438
prostate,baseline,40000,87,86,86,0.2800791012570918
prostate,baseline,40000,87,83,83,0.1505353957562076
prostate,baseline,40000,87,81,81,0.22026816791309814
prostate,baseline,40000,87,86,86,0.23974947547501904
prostate,baseline,40000,87,86,86,0.2549851914456522
prostate,baseline,40000,87,84,84,0.09205348162398463
prostate,baseline,40000,87,82,82,0.07588501950405457
prostate,baseline,40000,87,81,81,0.07097959867482076
prostate,baseline,40000,87,86,86,0.2735562535504551
prostate,baseline,40000,87,85,85,0.22624024445824661
prostate,baseline,40000,87,85,85,0.12283989001906816
prostate,baseline,40000,87,85,85,0.1800526477978974
prostate,baseline,40000,87,85,85,0.2978300998632115
prostate,baseline,40000,87,85,85,0.21835731800188649
prostate,baseline,40000,87,85,85,0.21613213309122092
prostate,baseline,40000,87,81,81,0.2527623735134983
prostate,baseline,40000,87,77,77,0.1914529252834748
prostate,baseline,40000,87,74,74,0.23639377078069743
prostate,baseline,40000,87,86,86,0.10987808632739121
prostate,baseline,40000,87,86,86,0.1658807679829086
prostate,baseline,40000,87,86,86,0.07940010749849785
prostate,baseline,40000,87,86,86,0.2724314695807362
prostate,baseline,40000,87,81,81,0.2118608539458207
prostate,baseline,40000,87,86,86,0.1943430109847503
prostate,baseline,40000,87,86,86,0.01855925259288039
prostate,baseline,40000,87,86,86,0.031755103079599126
prostate,baseline,40000,87,82,82,0.12219085495353864
prostate,baseline,40000,87,86,86,0.2380524090856958
prostate,baseline,40000,87,85,85,0.23562029348899532
prostate,baseline,40000,87,84,84,0.2545551232286798
prostate,baseline,40000,87,83,83,0.24353925372280655
prostate,baseline,40000,87,81,81,0.26065628004557684
prostate,baseline,40000,87,76,76,0.241317272627409
prostate,baseline,40000,87,75,75,0.23121314022335568
prostate,baseline,40000,87,74,74,0.22171852732997435
prostate,baseline,40000,87,73,73,0.2447567373491509
prostate,baseline,40000,87,72,72,0.2223910557696908
prostate,baseline,40000,87,69,69,0.22387213670496256
prostate,baseline,40000,87,86,86,0.24246050896168198
prostate,baseline,40000,87,85,85,0.007657575701414828
prostate,baseline,40000,87,81,81,0.2719473859903734
prostate,baseline,40000,87,81,81,0.22620081987060356
prostate,baseline,40000,87,72,72,0.23291926634883608
prostate,baseline,40000,87,86,86,0.22129679635455954
prostate,baseline,40000,87,68,68,0.17344047806576243
prostate,baseline,40000,87,68,68,0.22690083382224788
prostate,baseline,40000,87,64,64,0.2726175266397669
prostate,baseline,40000,87,86,86,0.024021303034791316
prostate,baseline,40000,87,86,86,0.2669074178062065
prostate,baseline,40000,87,86,86,0.19810451225854575
prostate,baseline,40000,87,86,86,0.27333506353204495
prostate,baseline,40000,87,84,84,0.1329223570806953
prostate,baseline,40000,87,84,84,0.036199668013167076
prostate,baseline,40000,87,84,84,0.06496191568731155
prostate,baseline,40000,87,83,83,0.033755700149518585
prostate,baseline,40000,87,83,83,0.20390875136571898
prostate,baseline,40000,87,86,86,0.007865210486805002
prostate,baseline,40000,87,86,86,0.008958724807590612
prostate,baseline,40000,87,86,86,0.2854807477482386
prostate,baseline,40000,87,86,86,0.00717366189056129
prostate,baseline,40000,87,86,86,0.26304735303616
prostate,baseline,40000,87,86,86,0.002925563679135367
prostate,baseline,40000,87,86,86,0.1841768760520875
prostate,baseline,40000,87,84,84,0.05573768228545683
prostate,baseline,40000,87,84,84,0.03373405817883527
prostate,baseline,40000,87,84,84,0.14367622255693768
prostate,baseline,40000,87,84,84,0.00818349000774569
prostate,baseline,40000,87,86,86,0.26014915316380915
prostate,baseline,40000,87,86,86,0.2388752551736824
prostate,baseline,40000,87,80,80,0.21915292111250842
prostate,baseline,40000,87,75,75,0.25922290060696856
prostate,baseline,40000,87,69,69,0.22964229516207038
prostate,baseline,40000,87,86,86,0.17229390635019096
prostate,baseline,40000,87,86,86,0.08925719569462412
prostate,baseline,40000,87,86,86,0.08540206459399922
prostate,baseline,40000,87,86,86,0.2630812095497391
prostate,baseline,40000,87,81,81,0.18201485472381096
prostate,baseline,40000,87,79,79,0.19995873554563603
prostate,baseline,40000,87,86,86,0.07840132972913326
prostate,baseline,40000,87,86,86,0.2609176403406814
prostate,baseline,40000,87,86,86,0.15082020331494056
prostate,baseline,40000,87,86,86,0.17139256663143235
prostate,baseline,40000,87,83,83,0.18824264810037653
prostate,baseline,40000,87,81,81,0.245057127517693
prostate,baseline,40000,87,86,86,0.021400503458057718
prostate,baseline,40000,87,80,80,0.22552395694950605
prostate,baseline,40000,87,86,86,0.008390692406289247
prostate,baseline,40000,87,86,86,0.01568878459153169
prostate,baseline,40000,87,86,86,0.01735348039985204
prostate,baseline,40000,87,86,86,0.007452627481086654
prostate,baseline,40000,87,86,86,0.11717196949539206
prostate,baseline,40000,87,86,86,0.018875301350716422
prostate,baseline,40000,87,86,86,0.0021557093523165674
prostate,baseline,40000,87,86,86,0.020079031141329043
prostate,baseline,40000,87,86,86,0.007628614182588047
prostate,baseline,40000,87,86,86,0.01821475006407155
prostate,baseline,40000,87,86,86,0.12955171112004557
prostate,baseline,40000,87,86,86,0.012647946910705593
prostate,baseline,40000,87,86,86,0.07492968216459762
prostate,baseline,40000,87,86,86,0.011232435550105406
prostate,baseline,40000,87,85,85,0.005889878066457602
prostate,baseline,40000,87,84,84,0.01916909504329145
prostate,baseline,40000,87,84,84,0.020091516713631456
prostate,baseline,40000,87,84,84,0.042975763907572496
prostate,baseline,40000,87,84,84,0.024971980698661203
prostate,baseline,40000,87,80,80,0.027671707876480885
prostate,baseline,40000,87,84,84,0.27270891142079184
prostate,baseline,40000,87,81,81,0.23674204958529302
prostate,baseline,40000,87,81,81,0.25431679548071895
prostate,baseline,40000,87,78,78,0.2612104000570496
prostate,baseline,40000,87,71,71,0.15404005278819238
prostate,baseline,40000,87,70,70,0.23383440618055903
prostate,baseline,40000,87,70,70,0.26074019612580174
prostate,baseline,40000,87,68,68,0.24369200992658446
prostate,baseline,40000,87,61,61,0.2711841096314837
prostate,baseline,40000,87,86,86,0.05673148455659845
prostate,baseline,40000,87,86,86,0.26018917252707774
prostate,baseline,40000,87,86,86,0.1967722668128859
prostate,baseline,40000,87,86,86,0.01107573557248589
prostate,baseline,40000,87,81,81,0.14677370274921817
prostate,baseline,40000,87,86,86,0.25166399234513626
prostate,baseline,40000,87,86,86,0.17694865446842487
prostate,baseline,40000,87,86,86,0.2427903919009151
prostate,baseline,40000,87,83,83,0.1897783167997367
prostate,baseline,40000,87,82,82,0.2531788744899547
prostate,baseline,40000,87,81,81,0.227431204886689
prostate,baseline,40000,88,87,87,0.12253183479338244
prostate,baseline,40000,88,87,87,0.008305737927478386
prostate,baseline,40000,88,87,87,0.01834181728708856
prostate,baseline,40000,88,87,87,0.2760965087917529
prostate,baseline,40000,88,87,87,0.2318244549603988
prostate,baseline,40000,88,87,87,0.004299482928121532
prostate,baseline,40000,88,86,86,0.08120675936173966
prostate,baseline,40000,88,86,86,0.05776770785119888
prostate,baseline,40000,88,85,85,0.055387652483938496
prostate,baseline,40000,88,87,87,0.026713627427233842
prostate,baseline,40000,88,87,87,0.14484248608012648
prostate,baseline,40000,88,87,87,0.2863975315001115
prostate,baseline,40000,88,87,87,0.23256513052235486
prostate,baseline,40000,88,86,86,0.027236481433805356
prostate,baseline,40000,88,85,85,0.012371761112937614
prostate,baseline,40000,88,84,84,0.15004872219095897
prostate,baseline,40000,88,82,82,0.2469289626177544
prostate,baseline,40000,88,87,87,0.17416148644069648
prostate,baseline,40000,88,87,87,0.00700526402268645
prostate,baseline,40000,88,86,86,0.008953541685534066
prostate,baseline,40000,88,82,82,0.2535985276697886
prostate,baseline,40000,88,82,82,0.2340000399257465
prostate,baseline,40000,88,82,82,0.25439518976754033
prostate,baseline,40000,88,87,87,0.19894037962286826
prostate,baseline,40000,88,87,87,0.10762293405143332
prostate,baseline,40000,88,87,87,0.131261116211859
prostate,baseline,40000,88,85,85,0.04558735225899806
prostate,baseline,40000,88,84,84,0.055786572206073165
prostate,baseline,40000,88,84,84,0.03710525499433039
prostate,baseline,40000,88,82,82,0.10360268382654343
prostate,baseline,40000,88,87,87,0.28929992038886704
prostate,baseline,40000,88,87,87,0.17570084566674202
prostate,baseline,40000,88,82,82,0.18063540258266153
prostate,baseline,40000,88,87,87,0.017056288112128226
prostate,baseline,40000,88,87,87,0.12198019989944629
prostate,baseline,40000,88,87,87,0.28210806285783646
prostate,baseline,40000,88,87,87,0.2669100533903394
prostate,baseline,40000,88,86,86,0.015675939549072725
prostate,baseline,40000,88,85,85,0.006919185119329277
prostate,baseline,40000,88,82,82,0.22216381449954364
prostate,baseline,40000,88,87,87,0.2936750303056488
prostate,baseline,40000,88,87,87,0.1297771809487322
prostate,baseline,40000,88,87,87,0.08981391538235964
prostate,baseline,40000,88,87,87,0.23738161190342771
prostate,baseline,40000,88,85,85,0.09359695663462679
prostate,baseline,40000,88,85,85,0.027427000742901983
prostate,baseline,40000,88,84,84,0.15462847042632735
prostate,baseline,40000,88,87,87,0.1468940901866129
prostate,baseline,40000,88,87,87,0.26449973596890286
prostate,baseline,40000,88,87,87,0.12273891025450502
prostate,baseline,40000,88,87,87,0.06807902039701647
prostate,baseline,40000,88,87,87,0.2516370061999833
prostate,baseline,40000,88,85,85,0.026587321396028624
prostate,baseline,40000,88,85,85,0.022220339241301946
prostate,baseline,40000,88,87,87,0.0804826764173654
prostate,baseline,40000,88,87,87,0.06424066517692623
prostate,baseline,40000,88,87,87,0.15367332319711408
prostate,baseline,40000,88,87,87,0.011064050339507142
prostate,baseline,40000,88,87,87,0.1761553728273671
prostate,baseline,40000,88,87,87,0.03540016589182712
prostate,baseline,40000,88,87,87,0.2695341638533808
prostate,baseline,40000,88,86,86,0.0431124243959076
prostate,baseline,40000,88,86,86,0.13232759085338713
prostate,baseline,40000,88,85,85,0.013680402308273538
prostate,baseline,40000,88,85,85,0.013327417891587695
prostate,baseline,40000,88,85,85,0.09993048759210964
prostate,baseline,40000,88,81,81,0.11560055016054674
prostate,baseline,40000,88,80,80,0.12104150815483417
prostate,baseline,40000,88,87,87,0.14171330454214975
prostate,baseline,40000,88,87,87,0.15196669319941614
prostate,baseline,40000,88,87,87,0.021185140559981556
prostate,baseline,40000,88,87,87,0.2214642519521739
prostate,baseline,40000,88,87,87,0.0018187207090397265
prostate,baseline,40000,88,87,87,0.26783682263441544
prostate,baseline,40000,88,85,85,0.03567253402631187
prostate,baseline,40000,88,85,85,0.09490819789137532
prostate,baseline,40000,88,76,76,0.08804265626612535
prostate,baseline,40000,88,87,87,0.15162461627559395
prostate,baseline,40000,88,87,87,0.1192085201854621
prostate,baseline,40000,88,81,81,0.26709374096401284
prostate,baseline,40000,88,85,85,0.21120327411286535
prostate,baseline,40000,88,85,85,0.23007711368773923
prostate,baseline,40000,88,85,85,0.22329695875934022
prostate,baseline,40000,88,83,83,0.23123167620031218
prostate,baseline,40000,88,82,82,0.253443432251335
prostate,baseline,40000,88,82,82,0.2879739283810872
prostate,baseline,40000,88,80,80,0.2510241024679694
prostate,baseline,40000,88,80,80,0.28829225528436736
prostate,baseline,40000,88,80,80,0.2848433747097842
prostate,baseline,40000,88,80,80,0.1973913689496322
prostate,baseline,40000,88,76,76,0.2208568630871911
prostate,baseline,40000,88,76,76,0.2280010272503671
prostate,baseline,40000,88,75,75,0.23247978309668074
prostate,baseline,40000,88,74,74,0.24722159841430433
prostate,baseline,40000,88,74,74,0.259807623951666
prostate,baseline,40000,88,70,70,0.2224606774451895
prostate,baseline,40000,88,69,69,0.19254189012313727
prostate,baseline,40000,88,87,87,0.1969893556001562
prostate,baseline,40000,88,87,87,0.008279419778123784
prostate,baseline,40000,88,87,87,0.2837149550812017
prostate,baseline,40000,88,87,87,0.08241040208458254
prostate,baseline,40000,88,86,86,0.0034393085123788263
prostate,baseline,40000,88,86,86,0.009326052177087568
prostate,baseline,40000,88,84,84,0.004322937286670167
prostate,baseline,40000,88,82,82,0.07432377886046138
prostate,baseline,40000,88,87,87,0.22317486422309193
prostate,baseline,40000,88,87,87,0.21671551731568447
prostate,baseline,40000,88,87,87,0.0
prostate,baseline,40000,88,87,87,0.0
prostate,baseline,40000,88,87,87,0.0
prostate,baseline,40000,88,85,85,0.0
prostate,baseline,40000,88,85,85,0.0
prostate,baseline,40000,88,87,87,0.2786106555676164
prostate,baseline,40000,88,87,87,0.12617258422214753
prostate,baseline,40000,88,87,87,0.21878620254898926
prostate,baseline,40000,88,85,85,0.0160590918675081
prostate,baseline,40000,88,85,85,0.030960844648671534
prostate,baseline,40000,88,85,85,0.022547549436404742
prostate,baseline,40000,88,84,84,0.1333836071831262
prostate,baseline,40000,88,77,77,0.11162336411819482
prostate,baseline,40000,88,85,85,0.2109524182901328
prostate,baseline,40000,88,82,82,0.23395336277107598
prostate,baseline,40000,88,81,81,0.23494836354206644
prostate,baseline,40000,88,80,80,0.23856071534565762
prostate,baseline,40000,88,80,80,0.22005000157353485
prostate,baseline,40000,88,79,79,0.23513370467781586
prostate,baseline,40000,88,79,79,0.19504386771680599
prostate,baseline,40000,88,78,78,0.24226816462912643
prostate,baseline,40000,88,78,78,0.22083441847497376
prostate,baseline,40000,88,77,77,0.25091501774958114
prostate,baseline,40000,88,76,76,0.29072204434328164
prostate,baseline,40000,88,76,76,0.238259699767887
prostate,baseline,40000,88,74,74,0.24332304958311698
prostate,baseline,40000,88,73,73,0.2062580122638371
prostate,baseline,40000,88,71,71,0.23686592582590513
prostate,baseline,40000,88,71,71,0.1918703096249884
prostate,baseline,40000,88,70,70,0.21420478965659853
prostate,baseline,40000,88,70,70,0.26434342805128586
prostate,baseline,40000,88,70,70,0.2665181278421889
prostate,baseline,40000,88,68,68,0.18520446620182374
prostate,baseline,40000,88,68,68,0.21973141885198852
prostate,baseline,40000,88,54,54,0.19925070985641746
prostate,baseline,40000,88,87,87,0.22792550872543121
prostate,baseline,40000,88,87,87,0.2192257569191098
prostate,baseline,40000,88,87,87,0.12666381839693802
prostate,baseline,40000,88,87,87,0.006154511739690369
prostate,baseline,40000,88,87,87,0.008197773444250938
prostate,baseline,40000,88,85,85,0.02792711898366019
prostate,baseline,40000,88,85,85,0.010569985096369656
prostate,baseline,40000,88,83,83,0.16761455841297646
prostate,baseline,40000,88,77,77,0.08893533015107916
prostate,baseline,40000,88,87,87,0.20803177374209356
prostate,baseline,40000,88,87,87,0.0
prostate,baseline,40000,88,87,87,0.0
prostate,baseline,40000,88,87,87,0.058235324683685454
prostate,baseline,40000,88,87,87,0.27360966927431124
prostate,baseline,40000,88,85,85,0.0
prostate,baseline,40000,88,87,87,0.232677180949042
prostate,baseline,40000,88,87,87,0.0040033502307328765
prostate,baseline,40000,88,87,87,0.28068557387972737
prostate,baseline,40000,88,87,87,0.08854409802730452
prostate,baseline,40000,88,87,87,0.11622819554778901
prostate,baseline,40000,88,87,87,0.00479764787166811
prostate,baseline,40000,88,87,87,0.18819884757161737
prostate,baseline,40000,88,87,87,0.17090166585166333
prostate,baseline,40000,88,87,87,0.022862715427090344
prostate,baseline,40000,88,87,87,0.03903424553002847
prostate,baseline,40000,88,87,87,0.21171293837786942
prostate,baseline,40000,88,85,85,0.0058941067569896225
prostate,baseline,40000,88,85,85,0.05264176896605083
prostate,baseline,40000,88,87,87,0.11146197229143756
prostate,baseline,40000,88,87,87,0.22123582417757154
prostate,baseline,40000,88,87,87,0.28681565222466565
prostate,baseline,40000,88,87,87,0.14004938610194756
prostate,baseline,40000,88,85,85,0.10052837026187081
prostate,baseline,40000,88,82,82,0.2174789887055335
prostate,baseline,40000,88,87,87,0.2541948445276149
prostate,baseline,40000,88,87,87,0.015343832079577784
prostate,baseline,40000,88,87,87,0.009578767814704002
prostate,baseline,40000,88,87,87,0.006715529514611069
prostate,baseline,40000,88,87,87,0.1758945001672189
prostate,baseline,40000,88,87,87,0.17489284506023445
prostate,baseline,40000,88,87,87,0.002477134158568306
prostate,baseline,40000,88,87,87,0.23615239312163158
prostate,baseline,40000,88,87,87,0.0040002642189512164
prostate,baseline,40000,88,86,86,0.015961183801315643
prostate,baseline,40000,88,85,85,0.013084621739629442
prostate,baseline,40000,88,87,87,0.13995350173913945
prostate,baseline,40000,88,87,87,0.2087973510928036
prostate,baseline,40000,88,87,87,0.29169612314639687
prostate,baseline,40000,88,85,85,0.06539054225217722
prostate,baseline,40000,88,85,85,0.09028791900784058
prostate,baseline,40000,88,83,83,0.19835181296245297
prostate,baseline,40000,88,86,86,0.2358840724273548
prostate,baseline,40000,88,86,86,0.21627073341932854
prostate,baseline,40000,88,83,83,0.27697588080341873
prostate,baseline,40000,88,82,82,0.24485177527668617
prostate,baseline,40000,88,78,78,0.20523671750735803
prostate,baseline,40000,88,78,78,0.24897792101806468
prostate,baseline,40000,88,78,78,0.21353558432759373
prostate,baseline,40000,88,76,76,0.2909171121268848
prostate,baseline,40000,88,76,76,0.23086291821615487
prostate,baseline,40000,88,75,75,0.2324767963198252
prostate,baseline,40000,88,73,73,0.24105562765805766
prostate,baseline,40000,88,73,73,0.2397746505507655
prostate,baseline,40000,88,71,71,0.23833154859402222
prostate,baseline,40000,88,71,71,0.21141522206971342
prostate,baseline,40000,88,70,70,0.26749899407046757
prostate,baseline,40000,88,70,70,0.26463318868321534
prostate,baseline,40000,88,87,87,0.16036366176428088
prostate,baseline,40000,88,87,87,0.029249006247474747
prostate,baseline,40000,88,87,87,0.1770815397870576
prostate,baseline,40000,88,84,84,0.07895744856736328
prostate,baseline,40000,88,83,83,0.09849939089777505
prostate,baseline,40000,88,82,82,0.09656441018340677
prostate,baseline,40000,88,81,81,0.025456379320691766
prostate,baseline,40000,89,88,88,0.13608926944983518
prostate,baseline,40000,89,88,88,0.10839699604935599
prostate,baseline,40000,89,88,88,0.28896554561075266
prostate,baseline,40000,89,88,88,0.20695500959604587
prostate,baseline,40000,89,88,88,0.0024430427193288433
prostate,baseline,40000,89,88,88,0.05516349361755031
prostate,baseline,40000,89,88,88,0.014274380888510647
prostate,baseline,40000,89,88,88,0.002436793385454858
prostate,baseline,40000,89,88,88,0.004118634569362707
prostate,baseline,40000,89,87,87,0.03871590479145399
prostate,baseline,40000,89,87,87,0.023697239312395733
prostate,baseline,40000,89,86,86,0.065709421212955
prostate,baseline,40000,89,86,86,0.022237605050568512
prostate,baseline,40000,89,86,86,0.024880434234272636
prostate,baseline,40000,89,88,88,0.17546980208032148
prostate,baseline,40000,89,88,88,0.06421584918652626
prostate,baseline,40000,89,88,88,0.03109071869455895
prostate,baseline,40000,89,88,88,0.07970183327935762
prostate,baseline,40000,89,88,88,0.021006364102139626
prostate,baseline,40000,89,87,87,0.013419233545103038
prostate,baseline,40000,89,87,87,0.010594840129321935
prostate,baseline,40000,89,83,83,0.09755659934302663
prostate,baseline,40000,89,76,76,0.04088459996554518
prostate,baseline,40000,89,88,88,0.0875196370302589
prostate,baseline,40000,89,88,88,0.22542551623838233
prostate,baseline,40000,89,88,88,0.009552795379009224
prostate,baseline,40000,89,88,88,0.06643223913349323
prostate,baseline,40000,89,88,88,0.09222470769020097
prostate,baseline,40000,89,88,88,0.14944139746271345
prostate,baseline,40000,89,86,86,0.01871285478104848
prostate,baseline,40000,89,86,86,0.01788117452980273
prostate,baseline,40000,89,88,88,0.004058188412718457
prostate,baseline,40000,89,88,88,0.001058572046383755
prostate,baseline,40000,89,88,88,0.0823820203795945
prostate,baseline,40000,89,88,88,0.07186707677003362
prostate,baseline,40000,89,88,88,0.2927874215556063
prostate,baseline,40000,89,88,88,0.0062001511373965005
prostate,baseline,40000,89,88,88,0.17345070758801565
prostate,baseline,40000,89,87,87,0.006049769150453507
prostate,baseline,40000,89,87,87,0.00931964063222386
prostate,baseline,40000,89,86,86,0.00349770188159602
prostate,baseline,40000,89,83,83,0.0020742396490730564
