cohort,feature_set,subsample_n,pattern_size,ancestor_size,n_shared,mean_abs_diff
lung,baseline,40000,19,14,14,0.1877155992704558
lung,baseline,40000,20,19,19,0.10501481435758919
lung,baseline,40000,27,20,20,0.15516078299374247
lung,baseline,40000,28,27,27,0.010662148139075699
lung,baseline,40000,32,14,14,0.26375506268998916
lung,baseline,40000,33,14,14,0.23596973310199496
lung,baseline,40000,33,32,32,0.00733449494110093
lung,baseline,40000,34,33,33,0.019878884498757857
lung,baseline,40000,34,32,32,0.003461417155142328
lung,baseline,40000,35,33,33,0.0063876362580649795
lung,baseline,40000,36,14,14,0.26592583973414385
lung,baseline,40000,37,33,33,0.17953121559697613
lung,baseline,40000,37,14,14,0.2690582910132329
lung,baseline,40000,39,33,33,0.14553000056047793
lung,baseline,40000,39,19,19,0.24771263308421568
lung,baseline,40000,40,34,34,0.12025015394270563
lung,baseline,40000,40,33,33,0.12218534262265299
lung,baseline,40000,40,34,34,0.15685549766844079
lung,baseline,40000,40,19,19,0.26328824223769215
lung,baseline,40000,41,19,19,0.4354238006821965
lung,baseline,40000,43,40,40,0.10469290350420021
lung,baseline,40000,44,34,34,0.12704584045485762
lung,baseline,40000,44,33,33,0.12922989516039818
lung,baseline,40000,44,35,35,0.011870707498067446
lung,baseline,40000,44,34,34,0.012659300562812467
lung,baseline,40000,46,35,35,0.022930894185718174
lung,baseline,40000,46,34,34,0.026682825077392027
lung,baseline,40000,47,44,44,0.01108954957250357
lung,baseline,40000,47,37,37,0.016904203290119026
lung,baseline,40000,49,34,34,0.1342730922939815
lung,baseline,40000,51,40,40,0.2026966643916274
lung,baseline,40000,51,39,39,0.24019283584257514
lung,baseline,40000,51,37,37,0.21435097235856168
lung,baseline,40000,51,36,36,0.18982550580738344
lung,baseline,40000,51,27,27,0.2770106076093008
lung,baseline,40000,51,37,37,0.1730278423419766
lung,baseline,40000,52,49,49,0.007233460255485462
lung,baseline,40000,53,19,19,0.24361605103859332
lung,baseline,40000,53,47,47,0.1024180154864575
lung,baseline,40000,53,46,46,0.1034054540173969
lung,baseline,40000,53,44,44,0.02839213850816864
lung,baseline,40000,53,40,40,0.033250444309381524
lung,baseline,40000,54,40,40,0.02779747498538933
lung,baseline,40000,54,35,35,0.11377640822723124
lung,baseline,40000,55,27,27,0.16820555973639498
lung,baseline,40000,56,19,19,0.4574638960197032
lung,baseline,40000,56,34,34,0.07573499954345685
lung,baseline,40000,57,14,14,0.18258335729439104
lung,baseline,40000,57,28,28,0.20297114757728102
lung,baseline,40000,58,34,34,0.1794838639513776
lung,baseline,40000,58,33,33,0.18456400060641265
lung,baseline,40000,58,34,34,0.1705683112002289
lung,baseline,40000,58,19,19,0.27465165917657847
lung,baseline,40000,59,14,14,0.20689171738928874
lung,baseline,40000,60,35,35,0.03906960973980963
lung,baseline,40000,60,34,34,0.0472274143879417
lung,baseline,40000,61,14,14,0.1823659852337574
lung,baseline,40000,61,47,47,0.14033804770545968
lung,baseline,40000,61,46,46,0.13767436899166907
lung,baseline,40000,61,47,47,0.028951228837955145
lung,baseline,40000,61,47,47,0.1432683328131715
lung,baseline,40000,62,14,14,0.1545505199397427
lung,baseline,40000,62,19,19,0.43848199710617786
lung,baseline,40000,62,61,61,0.14069715774307856
lung,baseline,40000,62,61,61,0.013050671597059322
lung,baseline,40000,62,58,58,0.01735620586542946
lung,baseline,40000,62,37,37,0.13431625276322368
lung,baseline,40000,62,34,34,0.15520869365717022
lung,baseline,40000,62,33,33,0.19487119749979054
lung,baseline,40000,62,61,61,0.1404604975738137
lung,baseline,40000,62,61,61,0.029121027071924627
lung,baseline,40000,62,46,46,0.03563122887086025
lung,baseline,40000,62,14,14,0.24728245461413076
lung,baseline,40000,62,14,14,0.28233706341005316
lung,baseline,40000,63,49,49,0.12561640688229841
lung,baseline,40000,63,37,37,0.13281875752095243
lung,baseline,40000,63,35,35,0.15941256977887844
lung,baseline,40000,63,47,47,0.23111239846614234
lung,baseline,40000,63,46,46,0.21312374768092723
lung,baseline,40000,63,28,28,0.26414677028530487
lung,baseline,40000,63,53,53,0.1474160741713994
lung,baseline,40000,63,52,52,0.1629428403990244
lung,baseline,40000,63,28,28,0.2162795858019678
lung,baseline,40000,63,47,47,0.23998596328539396
lung,baseline,40000,63,46,46,0.22777745060980378
lung,baseline,40000,63,14,14,0.19162882934098704
lung,baseline,40000,63,62,62,0.0371610665043708
lung,baseline,40000,63,62,62,0.02641855303921957
lung,baseline,40000,63,62,62,0.1195315858378201
lung,baseline,40000,63,62,62,0.060521949474232874
lung,baseline,40000,63,62,62,0.14573150449382274
lung,baseline,40000,63,62,62,0.18899161070985976
lung,baseline,40000,63,34,34,0.24280803354158287
lung,baseline,40000,63,14,14,0.2383724249350992
lung,baseline,40000,64,37,37,0.10249941727029444
lung,baseline,40000,64,35,35,0.11780150252081516
lung,baseline,40000,64,33,33,0.047304424718554124
lung,baseline,40000,64,14,14,0.2432785284390162
lung,baseline,40000,64,57,57,0.1401779718074239
lung,baseline,40000,64,54,54,0.14384389057871935
lung,baseline,40000,64,47,47,0.15048946744964625
lung,baseline,40000,64,44,44,0.1517677812650529
lung,baseline,40000,64,49,49,0.21479184050269481
lung,baseline,40000,64,44,44,0.20725151189929106
lung,baseline,40000,64,40,40,0.22350724495724164
lung,baseline,40000,64,28,28,0.2887214298418877
lung,baseline,40000,64,37,37,0.038137831006804436
lung,baseline,40000,64,35,35,0.038783127410054186
lung,baseline,40000,64,37,37,0.15199700807394362
lung,baseline,40000,64,14,14,0.2933551290139581
lung,baseline,40000,64,33,33,0.29984743689706433
lung,baseline,40000,64,14,14,0.26036603170204736
lung,baseline,40000,64,62,62,0.01585823668827169
lung,baseline,40000,65,14,14,0.22223159453230887
lung,baseline,40000,65,37,37,0.039338558197227036
lung,baseline,40000,65,34,34,0.04072012867498801
lung,baseline,40000,65,63,63,0.2856363639243136
lung,baseline,40000,65,63,63,0.21558783671565634
lung,baseline,40000,65,61,61,0.2756540665306551
lung,baseline,40000,65,14,14,0.2492081876085673
lung,baseline,40000,65,47,47,0.13318912082026127
lung,baseline,40000,65,37,37,0.17562167429451217
lung,baseline,40000,65,60,60,0.005477520048980397
lung,baseline,40000,65,47,47,0.03347070282939198
lung,baseline,40000,65,46,46,0.02703563613348307
lung,baseline,40000,65,53,53,0.2540214977391391
lung,baseline,40000,65,52,52,0.26973463756434946
lung,baseline,40000,65,51,51,0.16892207567390088
lung,baseline,40000,65,44,44,0.23925745676329682
lung,baseline,40000,65,37,37,0.2551428292161419
lung,baseline,40000,65,14,14,0.22027335296676576
lung,baseline,40000,65,60,60,0.009362004165487537
lung,baseline,40000,65,37,37,0.10197908461183391
lung,baseline,40000,65,37,37,0.037964421033101964
lung,baseline,40000,66,65,65,0.008568278513837586
lung,baseline,40000,66,65,65,0.004596511264547973
lung,baseline,40000,66,64,64,0.002926311975162669
lung,baseline,40000,66,65,65,0.1194278776819595
lung,baseline,40000,66,37,37,0.2676585678917047
lung,baseline,40000,66,35,35,0.26047268826781234
lung,baseline,40000,66,62,62,0.12763792320871784
lung,baseline,40000,66,61,61,0.08991906981245762
lung,baseline,40000,66,59,59,0.07217096681306515
lung,baseline,40000,66,57,57,0.024822037021290037
lung,baseline,40000,66,54,54,0.02351250216379622
lung,baseline,40000,66,52,52,0.031157218860148914
lung,baseline,40000,66,44,44,0.030351852908424067
lung,baseline,40000,66,46,46,0.22508501297751404
lung,baseline,40000,66,64,64,0.1434519630764115
lung,baseline,40000,66,59,59,0.2367052239115521
lung,baseline,40000,66,65,65,0.007889346197539511
lung,baseline,40000,66,65,65,0.03250754013949525
lung,baseline,40000,66,65,65,0.09835362739070155
lung,baseline,40000,66,14,14,0.15656128051286372
lung,baseline,40000,66,33,33,0.2989669582788104
lung,baseline,40000,66,34,34,0.1758188517151919
lung,baseline,40000,66,57,57,0.251384363779411
lung,baseline,40000,66,54,54,0.2513133744548287
lung,baseline,40000,66,47,47,0.21323164444033424
lung,baseline,40000,66,44,44,0.2157181834023266
lung,baseline,40000,66,64,64,0.1163205313416782
lung,baseline,40000,66,37,37,0.04419467949553761
lung,baseline,40000,66,14,14,0.28917743947217617
lung,baseline,40000,66,37,37,0.2620798975797749
lung,baseline,40000,66,35,35,0.23194446065557578
lung,baseline,40000,67,47,47,0.14662405809286705
lung,baseline,40000,67,46,46,0.15371129581818538
lung,baseline,40000,67,66,66,0.10277201983733635
lung,baseline,40000,67,66,66,0.009490219229502878
lung,baseline,40000,67,63,63,0.011095754594395688
lung,baseline,40000,67,66,66,0.027652331977342095
lung,baseline,40000,67,64,64,0.0625737767326978
lung,baseline,40000,67,62,62,0.08113265883617879
lung,baseline,40000,67,53,53,0.024747294559670063
lung,baseline,40000,67,66,66,0.12974402536185084
lung,baseline,40000,67,64,64,0.016835942294925497
lung,baseline,40000,67,63,63,0.041256815469014184
lung,baseline,40000,67,62,62,0.08762902664236902
lung,baseline,40000,67,14,14,0.2955535566545713
lung,baseline,40000,67,66,66,0.1555015861726987
lung,baseline,40000,67,37,37,0.1457839410660263
lung,baseline,40000,67,62,62,0.10586858355313007
lung,baseline,40000,67,19,19,0.21933087936203907
lung,baseline,40000,67,47,47,0.03037314578157555
lung,baseline,40000,67,66,66,0.2130058603769822
lung,baseline,40000,67,66,66,0.15968057256070095
lung,baseline,40000,67,62,62,0.1500161719106673
lung,baseline,40000,68,67,67,0.2581941555047856
lung,baseline,40000,68,33,33,0.24650575059343946
lung,baseline,40000,68,19,19,0.46193384354332406
lung,baseline,40000,68,67,67,0.07568408432289667
lung,baseline,40000,68,28,28,0.1596616573671812
lung,baseline,40000,68,67,67,0.2244302853870976
lung,baseline,40000,68,67,67,0.15929779580215592
lung,baseline,40000,68,66,66,0.0800148260501291
lung,baseline,40000,68,65,65,0.02703520461853583
lung,baseline,40000,68,34,34,0.13119051398435386
lung,baseline,40000,68,33,33,0.13141264776261516
lung,baseline,40000,68,60,60,0.09064714102095822
lung,baseline,40000,68,37,37,0.12480826017521574
lung,baseline,40000,68,19,19,0.24189830188948866
lung,baseline,40000,68,67,67,0.21734047294742384
lung,baseline,40000,68,67,67,0.08513900166635746
lung,baseline,40000,68,63,63,0.14330106043271962
lung,baseline,40000,68,66,66,0.24095048515212716
lung,baseline,40000,68,67,67,0.20453355810363766
lung,baseline,40000,68,67,67,0.19352779748735568
lung,baseline,40000,68,37,37,0.03524845228226583
lung,baseline,40000,68,35,35,0.035835947042504285
lung,baseline,40000,68,37,37,0.1549397100874681
lung,baseline,40000,68,35,35,0.15703168551571992
lung,baseline,40000,68,34,34,0.16140051076402107
lung,baseline,40000,68,67,67,0.12420352490087162
lung,baseline,40000,68,63,63,0.13752845742408515
lung,baseline,40000,68,67,67,0.15508795151882596
lung,baseline,40000,68,67,67,0.05741214235738326
lung,baseline,40000,68,63,63,0.06858939573563
lung,baseline,40000,68,63,63,0.12771493071864648
lung,baseline,40000,68,51,51,0.03703759437807865
lung,baseline,40000,68,14,14,0.24263839414010233
lung,baseline,40000,68,67,67,0.007589549271339383
lung,baseline,40000,68,67,67,0.1012445220957923
lung,baseline,40000,68,67,67,0.16862759326364032
lung,baseline,40000,68,60,60,0.07637712117436728
lung,baseline,40000,68,37,37,0.1130933197306047
lung,baseline,40000,68,47,47,0.1276831920912494
lung,baseline,40000,68,46,46,0.13645741928641159
lung,baseline,40000,68,67,67,0.016025089716092452
lung,baseline,40000,68,65,65,0.008667484578608256
lung,baseline,40000,68,65,65,0.004173318402920468
lung,baseline,40000,68,65,65,0.011101449320033487
lung,baseline,40000,68,37,37,0.17885865155270747
lung,baseline,40000,68,35,35,0.20453890283669474
lung,baseline,40000,68,28,28,0.19335118825116532
lung,baseline,40000,69,37,37,0.26276242495991675
lung,baseline,40000,69,35,35,0.24234726626961048
lung,baseline,40000,69,68,68,0.0812455513046815
lung,baseline,40000,69,68,68,0.18822644166164448
lung,baseline,40000,69,64,64,0.23717952006982967
lung,baseline,40000,69,63,63,0.25041129184065847
lung,baseline,40000,69,68,68,0.14493681485385926
lung,baseline,40000,69,61,61,0.1443593313577406
lung,baseline,40000,69,68,68,0.09630370690404255
lung,baseline,40000,69,68,68,0.24208133711849117
lung,baseline,40000,69,63,63,0.2054490822194152
lung,baseline,40000,69,62,62,0.06141541434245846
lung,baseline,40000,69,68,68,0.12167329410829343
lung,baseline,40000,69,66,66,0.027028328801359282
lung,baseline,40000,69,68,68,0.23765545946815023
lung,baseline,40000,69,68,68,0.2847730589501254
lung,baseline,40000,69,47,47,0.14139084588646095
lung,baseline,40000,69,46,46,0.1465937037544985
lung,baseline,40000,69,27,27,0.17386170682399502
lung,baseline,40000,69,53,53,0.021145485626931883
lung,baseline,40000,69,14,14,0.261476256744995
lung,baseline,40000,69,68,68,0.007127211221560126
lung,baseline,40000,69,68,68,0.013411557709783943
lung,baseline,40000,69,68,68,0.10619323794927496
lung,baseline,40000,69,66,66,0.019323107767790008
lung,baseline,40000,69,14,14,0.2096545680919683
lung,baseline,40000,69,68,68,0.08702141488538247
lung,baseline,40000,69,67,67,0.13731364739530558
lung,baseline,40000,69,65,65,0.04901859173957933
lung,baseline,40000,69,64,64,0.15659948541075489
lung,baseline,40000,69,63,63,0.15936635064935836
lung,baseline,40000,69,61,61,0.10904935130905145
lung,baseline,40000,69,68,68,0.18637207783667623
lung,baseline,40000,69,66,66,0.094890671546373
lung,baseline,40000,69,68,68,0.2439821945141239
lung,baseline,40000,69,68,68,0.21927715873832795
lung,baseline,40000,69,63,63,0.18788504189803515
lung,baseline,40000,69,68,68,0.010330411869962254
lung,baseline,40000,69,66,66,0.02891683892568414
lung,baseline,40000,69,66,66,0.017251610905825998
lung,baseline,40000,69,14,14,0.23559509455267255
lung,baseline,40000,69,46,46,0.19933648139481983
lung,baseline,40000,69,64,64,0.13785548391600555
lung,baseline,40000,69,63,63,0.04534167793776305
lung,baseline,40000,70,14,14,0.26740091807713623
lung,baseline,40000,70,47,47,0.1430379418344128
lung,baseline,40000,70,46,46,0.1467180422045802
lung,baseline,40000,70,28,28,0.17154602313481218
lung,baseline,40000,70,69,69,0.0828915946245841
lung,baseline,40000,70,67,67,0.01948729617126093
lung,baseline,40000,70,33,33,0.05244401312371894
lung,baseline,40000,70,69,69,0.2630613623072394
lung,baseline,40000,70,69,69,0.22001102016406454
lung,baseline,40000,70,69,69,0.23755039895956606
lung,baseline,40000,70,66,66,0.05849363488566973
lung,baseline,40000,70,65,65,0.12528951479473766
lung,baseline,40000,70,57,57,0.2306666409352174
lung,baseline,40000,70,37,37,0.19184512236460446
lung,baseline,40000,70,66,66,0.22853599331277152
lung,baseline,40000,70,62,62,0.2525406214925376
lung,baseline,40000,70,34,34,0.1421391011635503
lung,baseline,40000,70,65,65,0.04142080068880779
lung,baseline,40000,70,52,52,0.034799206417022194
lung,baseline,40000,70,47,47,0.10772676294180121
lung,baseline,40000,70,44,44,0.027904447129534625
lung,baseline,40000,70,40,40,0.035989794706575554
lung,baseline,40000,70,37,37,0.039115169282914024
lung,baseline,40000,70,34,34,0.04695762823955202
lung,baseline,40000,70,67,67,0.015955069252555767
lung,baseline,40000,70,64,64,0.04031686743513742
lung,baseline,40000,70,47,47,0.03133239850967429
lung,baseline,40000,70,69,69,0.22487406094900977
lung,baseline,40000,70,65,65,0.15216911127031482
lung,baseline,40000,70,64,64,0.2229508127646576
lung,baseline,40000,70,62,62,0.21541922034129338
lung,baseline,40000,70,64,64,0.2176287428503587
lung,baseline,40000,70,63,63,0.1668987086042509
lung,baseline,40000,70,44,44,0.1723158558757995
lung,baseline,40000,70,37,37,0.17534733293151888
lung,baseline,40000,70,28,28,0.25773414256431465
lung,baseline,40000,70,37,37,0.04329254859062574
lung,baseline,40000,70,35,35,0.045346107253319015
lung,baseline,40000,70,34,34,0.05133432352843637
lung,baseline,40000,70,34,34,0.04952958022734437
lung,baseline,40000,70,33,33,0.04735165735179088
lung,baseline,40000,70,34,34,0.049412795039915254
lung,baseline,40000,70,67,67,0.019800744579801893
lung,baseline,40000,70,64,64,0.08434537023189191
lung,baseline,40000,70,69,69,0.009646669899967751
lung,baseline,40000,70,65,65,0.08691823978704558
lung,baseline,40000,70,65,65,0.05219426446658015
lung,baseline,40000,70,52,52,0.041867809358141814
lung,baseline,40000,70,35,35,0.040808933738254324
lung,baseline,40000,70,34,34,0.045209971608733836
lung,baseline,40000,71,70,70,0.14719127685761377
lung,baseline,40000,71,61,61,0.08023601623773739
lung,baseline,40000,71,51,51,0.053151757166163216
lung,baseline,40000,71,34,34,0.22470016557271572
lung,baseline,40000,71,68,68,0.12803066147520345
lung,baseline,40000,71,65,65,0.15097404445588178
lung,baseline,40000,71,14,14,0.21477051318748877
lung,baseline,40000,71,47,47,0.029789205871350165
lung,baseline,40000,71,65,65,0.10711097637331665
lung,baseline,40000,71,28,28,0.17087905717239343
lung,baseline,40000,71,70,70,0.19222360126790503
lung,baseline,40000,71,68,68,0.2529992246891868
lung,baseline,40000,71,64,64,0.34673555906908426
lung,baseline,40000,71,35,35,0.045876420453395954
lung,baseline,40000,71,34,34,0.05102140782677184
lung,baseline,40000,71,37,37,0.03277371664703541
lung,baseline,40000,71,32,32,0.040461555532809834
lung,baseline,40000,71,70,70,0.006888582650414337
lung,baseline,40000,71,68,68,0.12581649195792724
lung,baseline,40000,71,67,67,0.059671483328315886
lung,baseline,40000,71,65,65,0.1164232789571812
lung,baseline,40000,71,63,63,0.027397992910446013
lung,baseline,40000,71,57,57,0.32226130829622296
lung,baseline,40000,71,37,37,0.31248703473301254
lung,baseline,40000,71,28,28,0.3825569893123418
lung,baseline,40000,71,14,14,0.20923284347812693
lung,baseline,40000,71,68,68,0.04329211250979269
lung,baseline,40000,71,52,52,0.03442311637302738
lung,baseline,40000,71,44,44,0.03004896102785047
lung,baseline,40000,71,40,40,0.037990080138418474
lung,baseline,40000,71,35,35,0.13326234233957068
lung,baseline,40000,71,70,70,0.1323715417233093
lung,baseline,40000,71,61,61,0.2296289974267488
lung,baseline,40000,71,64,64,0.025593762268175023
lung,baseline,40000,71,37,37,0.14475127704730364
lung,baseline,40000,71,35,35,0.16651739014719538
lung,baseline,40000,71,37,37,0.04027055372519916
lung,baseline,40000,71,64,64,0.17143679254801622
lung,baseline,40000,71,28,28,0.2047567276660669
lung,baseline,40000,71,14,14,0.21299436613972064
lung,baseline,40000,71,70,70,0.17833564178233885
lung,baseline,40000,71,70,70,0.005781993179761328
lung,baseline,40000,71,67,67,0.021083545814843663
lung,baseline,40000,71,70,70,0.012363165022764975
lung,baseline,40000,71,47,47,0.03466116207792895
lung,baseline,40000,71,68,68,0.29444434891593546
lung,baseline,40000,71,37,37,0.16592517953943853
lung,baseline,40000,71,28,28,0.39770237132436065
lung,baseline,40000,71,37,37,0.04528445490247158
lung,baseline,40000,71,70,70,0.019830451919075127
lung,baseline,40000,71,70,70,0.006118013967729853
lung,baseline,40000,71,68,68,0.04633771957031426
lung,baseline,40000,71,66,66,0.08731766775824942
lung,baseline,40000,71,65,65,0.03898113237429454
lung,baseline,40000,71,68,68,0.20472959089785325
lung,baseline,40000,71,66,66,0.19615212178834662
lung,baseline,40000,71,65,65,0.1988925304329944
lung,baseline,40000,71,65,65,0.19000880301622292
lung,baseline,40000,71,68,68,0.006645511270389231
lung,baseline,40000,71,67,67,0.07073802236582247
lung,baseline,40000,71,65,65,0.01088408531520276
lung,baseline,40000,71,37,37,0.1555410908065522
lung,baseline,40000,71,35,35,0.17160594917161567
lung,baseline,40000,72,68,68,0.14261635528562053
lung,baseline,40000,72,67,67,0.11238408715393731
lung,baseline,40000,72,71,71,0.00969208425342356
lung,baseline,40000,72,71,71,0.03167090772102987
lung,baseline,40000,72,66,66,0.01446665331633842
lung,baseline,40000,72,65,65,0.03628177461662296
lung,baseline,40000,72,69,69,0.007971015176284192
lung,baseline,40000,72,68,68,0.07986340956662129
lung,baseline,40000,72,66,66,0.10658647352681867
lung,baseline,40000,72,55,55,0.07700547231746331
lung,baseline,40000,72,28,28,0.16233342594684338
lung,baseline,40000,72,37,37,0.1815951510789314
lung,baseline,40000,72,71,71,0.018541580012062575
lung,baseline,40000,72,68,68,0.01097542875865202
lung,baseline,40000,72,68,68,0.0728973542603571
lung,baseline,40000,72,14,14,0.19545458109650274
lung,baseline,40000,72,71,71,0.060309268065054794
lung,baseline,40000,72,69,69,0.11020959510331474
lung,baseline,40000,72,28,28,0.18516166335535875
lung,baseline,40000,72,71,71,0.04927180529535216
lung,baseline,40000,72,64,64,0.011778586282924025
lung,baseline,40000,72,35,35,0.04592989714236476
lung,baseline,40000,72,71,71,0.04980901309061169
lung,baseline,40000,72,68,68,0.0427762913986019
lung,baseline,40000,72,66,66,0.030388957897622564
lung,baseline,40000,72,47,47,0.03725451290981777
lung,baseline,40000,72,46,46,0.039108621173079824
lung,baseline,40000,72,66,66,0.07431792609851759
lung,baseline,40000,72,62,62,0.07863678521447776
lung,baseline,40000,72,14,14,0.1991994238731993
lung,baseline,40000,72,32,32,0.2751677928703456
lung,baseline,40000,72,71,71,0.020560132246094636
lung,baseline,40000,72,69,69,0.012526479810764752
lung,baseline,40000,72,14,14,0.2546488318808811
lung,baseline,40000,72,14,14,0.18089344059748677
lung,baseline,40000,72,59,59,0.2282660737819085
lung,baseline,40000,72,57,57,0.2074225427081972
lung,baseline,40000,72,70,70,0.017084813917473515
lung,baseline,40000,72,64,64,0.010993495907147332
lung,baseline,40000,72,35,35,0.04406574720048388
lung,baseline,40000,72,71,71,0.004364227412728537
lung,baseline,40000,72,71,71,0.04158467313855123
lung,baseline,40000,72,62,62,0.05947298206305236
lung,baseline,40000,72,70,70,0.027746409760226052
lung,baseline,40000,72,69,69,0.009950425619377876
lung,baseline,40000,72,14,14,0.21835937351336746
lung,baseline,40000,72,66,66,0.0176930063835556
lung,baseline,40000,72,62,62,0.1332175529843809
lung,baseline,40000,72,37,37,0.18230637253065868
lung,baseline,40000,72,35,35,0.1687286192376562
lung,baseline,40000,72,14,14,0.2564882568510628
lung,baseline,40000,72,64,64,0.09439147439291429
lung,baseline,40000,72,40,40,0.04689943217753704
lung,baseline,40000,72,63,63,0.06792358392348795
lung,baseline,40000,72,63,63,0.20655833121328923
lung,baseline,40000,72,33,33,0.16230992704468236
lung,baseline,40000,72,71,71,0.11215004949176749
lung,baseline,40000,72,71,71,0.010956627935383757
lung,baseline,40000,72,65,65,0.018197709619132158
lung,baseline,40000,72,71,71,0.1101215657922045
lung,baseline,40000,72,65,65,0.02091178732720927
lung,baseline,40000,72,64,64,0.03729580099449227
lung,baseline,40000,72,34,34,0.22010083058882568
lung,baseline,40000,72,33,33,0.22549715585620234
lung,baseline,40000,72,19,19,0.2951041916657442
lung,baseline,40000,72,71,71,0.04987259966669658
lung,baseline,40000,72,71,71,0.002484028185332348
lung,baseline,40000,72,65,65,0.02670458104308009
lung,baseline,40000,72,28,28,0.35174158324141896
lung,baseline,40000,72,14,14,0.21366284261041754
lung,baseline,40000,72,47,47,0.2601344108695236
lung,baseline,40000,72,71,71,0.009063878914092958
lung,baseline,40000,72,70,70,0.031159831515025493
lung,baseline,40000,72,69,69,0.010567875580870955
lung,baseline,40000,72,65,65,0.03465776956378015
lung,baseline,40000,72,64,64,0.03129695995884576
lung,baseline,40000,72,67,67,0.10796179732467026
lung,baseline,40000,72,67,67,0.10967703755798802
lung,baseline,40000,72,58,58,0.1298824969985727
lung,baseline,40000,72,53,53,0.0929366851530584
lung,baseline,40000,72,47,47,0.2877499649142173
lung,baseline,40000,72,46,46,0.27792198780456123
lung,baseline,40000,72,28,28,0.4211728533791242
lung,baseline,40000,72,66,66,0.25629179712898864
lung,baseline,40000,72,64,64,0.20460389514295999
lung,baseline,40000,72,70,70,0.01281395408984491
lung,baseline,40000,72,70,70,0.009342406687661784
lung,baseline,40000,72,47,47,0.031086096403117002
lung,baseline,40000,72,70,70,0.010381894629140659
lung,baseline,40000,72,69,69,0.037732206990531036
lung,baseline,40000,72,64,64,0.031506950238171724
lung,baseline,40000,72,62,62,0.022678432975491023
lung,baseline,40000,72,34,34,0.05424806825703543
lung,baseline,40000,72,71,71,0.1286287571123346
lung,baseline,40000,73,68,68,0.14621994223919882
lung,baseline,40000,73,61,61,0.09657960056056572
lung,baseline,40000,73,46,46,0.15452387802613646
lung,baseline,40000,73,72,72,0.007750078876665393
lung,baseline,40000,73,72,72,0.11994453760052205
lung,baseline,40000,73,72,72,0.00833351855831685
lung,baseline,40000,73,72,72,0.028631990879545724
lung,baseline,40000,73,68,68,0.030993771317554934
lung,baseline,40000,73,72,72,0.104971733882909
lung,baseline,40000,73,66,66,0.018459748788453835
lung,baseline,40000,73,58,58,0.06248620098019568
lung,baseline,40000,73,37,37,0.09487323119169991
lung,baseline,40000,73,36,36,0.07580878268918152
lung,baseline,40000,73,34,34,0.23277700020032863
lung,baseline,40000,73,14,14,0.22532526407744635
lung,baseline,40000,73,64,64,0.019986837765985654
lung,baseline,40000,73,72,72,0.13356943783186873
lung,baseline,40000,73,72,72,0.19852194253465305
lung,baseline,40000,73,67,67,0.13183404598450724
lung,baseline,40000,73,58,58,0.201340222964354
lung,baseline,40000,73,57,57,0.1416665054199175
lung,baseline,40000,73,72,72,0.016946156355257282
lung,baseline,40000,73,71,71,0.0035081425652843455
lung,baseline,40000,73,70,70,0.03948289805623407
lung,baseline,40000,73,70,70,0.043008564874862355
lung,baseline,40000,73,72,72,0.11414708085393646
lung,baseline,40000,73,72,72,0.13737761753339534
lung,baseline,40000,73,72,72,0.04749355418153264
lung,baseline,40000,73,69,69,0.07999671422162218
lung,baseline,40000,73,61,61,0.03593127546623567
lung,baseline,40000,73,72,72,0.11737886854616376
lung,baseline,40000,73,69,69,0.07029678195896162
lung,baseline,40000,73,72,72,0.11850000125800945
lung,baseline,40000,73,72,72,0.030350476954730747
lung,baseline,40000,73,68,68,0.014797249729012677
lung,baseline,40000,73,14,14,0.2691344615463458
lung,baseline,40000,73,72,72,0.13137720466982555
lung,baseline,40000,73,72,72,0.006972083241015604
lung,baseline,40000,73,71,71,0.013404964120242592
lung,baseline,40000,73,66,66,0.020203560335845007
lung,baseline,40000,73,72,72,0.11479696223883051
lung,baseline,40000,73,72,72,0.027355165990048294
lung,baseline,40000,73,72,72,0.014037116158399568
lung,baseline,40000,73,70,70,0.01053029628500417
lung,baseline,40000,73,68,68,0.03185834317646608
lung,baseline,40000,73,64,64,0.0324257547964398
lung,baseline,40000,73,62,62,0.025290302862794906
lung,baseline,40000,73,14,14,0.21466209135258224
lung,baseline,40000,73,37,37,0.23877411591549394
lung,baseline,40000,73,72,72,0.15881277553113618
lung,baseline,40000,73,72,72,0.10925472357730069
lung,baseline,40000,73,70,70,0.04258198655825195
lung,baseline,40000,73,64,64,0.04421214373234268
lung,baseline,40000,73,72,72,0.061941981527397015
lung,baseline,40000,73,72,72,0.10634847003766229
lung,baseline,40000,73,68,68,0.01884790396366049
lung,baseline,40000,73,72,72,0.18003894840634532
lung,baseline,40000,73,64,64,0.011994661976811413
lung,baseline,40000,73,37,37,0.04624164440917287
lung,baseline,40000,73,35,35,0.049718264851585446
lung,baseline,40000,73,34,34,0.05563434495071506
lung,baseline,40000,73,70,70,0.008029810536788586
lung,baseline,40000,73,68,68,0.10710297216015277
lung,baseline,40000,73,68,68,0.07432872163173043
lung,baseline,40000,73,64,64,0.1620921566685844
lung,baseline,40000,73,34,34,0.15618397678774348
lung,baseline,40000,73,33,33,0.16001786702210066
lung,baseline,40000,73,37,37,0.04852435303229112
lung,baseline,40000,73,35,35,0.050489112820657774
lung,baseline,40000,73,34,34,0.05692600975396601
lung,baseline,40000,73,64,64,0.03553422024534933
lung,baseline,40000,73,62,62,0.022371354420741497
lung,baseline,40000,73,37,37,0.04687747121591644
lung,baseline,40000,73,35,35,0.053662899067228244
lung,baseline,40000,73,61,61,0.026725763717343202
lung,baseline,40000,73,71,71,0.1786778882729173
lung,baseline,40000,73,71,71,0.2069495102288265
lung,baseline,40000,73,71,71,0.2487977521920497
lung,baseline,40000,73,67,67,0.15526008994823864
lung,baseline,40000,73,67,67,0.19752608014962258
lung,baseline,40000,73,66,66,0.1886100674491275
lung,baseline,40000,73,37,37,0.04371711150053143
lung,baseline,40000,73,35,35,0.05678984860397211
lung,baseline,40000,73,34,34,0.05941407252808205
lung,baseline,40000,73,63,63,0.2371781410811667
lung,baseline,40000,73,58,58,0.2672761521190442
lung,baseline,40000,73,52,52,0.2830219806034014
lung,baseline,40000,73,44,44,0.2582076859701064
lung,baseline,40000,73,40,40,0.26120991545090727
lung,baseline,40000,73,35,35,0.2667165337538977
lung,baseline,40000,73,19,19,0.3739436153713667
lung,baseline,40000,73,72,72,0.12267078011931495
lung,baseline,40000,73,70,70,0.014977887141518147
lung,baseline,40000,73,69,69,0.061888356283348364
lung,baseline,40000,73,69,69,0.14725600009318765
lung,baseline,40000,73,72,72,0.2295087655234561
lung,baseline,40000,73,72,72,0.10027457638638708
lung,baseline,40000,73,72,72,0.03155657229055549
lung,baseline,40000,73,70,70,0.01346563297917742
lung,baseline,40000,73,70,70,0.027596010023277887
lung,baseline,40000,73,72,72,0.13619064717600354
lung,baseline,40000,73,66,66,0.024980860863518087
lung,baseline,40000,73,65,65,0.15582327057826262
lung,baseline,40000,73,63,63,0.21802560572807786
lung,baseline,40000,73,62,62,0.24261465970587673
lung,baseline,40000,73,59,59,0.2632027326774518
lung,baseline,40000,73,58,58,0.24128744169237712
lung,baseline,40000,73,52,52,0.25541111426730256
lung,baseline,40000,73,72,72,0.11932013794025724
lung,baseline,40000,73,68,68,0.10407394782510772
lung,baseline,40000,73,67,67,0.12243041451168571
lung,baseline,40000,73,64,64,0.13503433827798322
lung,baseline,40000,73,70,70,0.01722385050626346
lung,baseline,40000,73,47,47,0.0376417035362452
lung,baseline,40000,73,46,46,0.03564917203164648
lung,baseline,40000,73,71,71,0.2337493374114744
lung,baseline,40000,73,70,70,0.1951217305351713
lung,baseline,40000,73,64,64,0.17901492091008522
lung,baseline,40000,73,69,69,0.06938038096452752
lung,baseline,40000,73,68,68,0.02646564327592591
lung,baseline,40000,73,65,65,0.03319200410733854
lung,baseline,40000,73,65,65,0.034391008036243856
lung,baseline,40000,73,37,37,0.038213224636517835
lung,baseline,40000,73,34,34,0.04952372105070255
lung,baseline,40000,73,72,72,0.09896568476832705
lung,baseline,40000,73,72,72,0.1284360659002595
lung,baseline,40000,73,71,71,0.009512696886171842
lung,baseline,40000,73,65,65,0.07539802805434356
lung,baseline,40000,73,72,72,0.13540729230780968
lung,baseline,40000,73,72,72,0.048243369230660034
lung,baseline,40000,73,72,72,0.020882701784575727
lung,baseline,40000,73,72,72,0.004449734669062354
lung,baseline,40000,73,72,72,0.004141935248935262
lung,baseline,40000,73,72,72,0.009484916899136072
lung,baseline,40000,73,52,52,0.14402394626936113
lung,baseline,40000,73,37,37,0.1441197598148522
lung,baseline,40000,73,70,70,0.010017142232060714
lung,baseline,40000,73,72,72,0.11710598949318432
lung,baseline,40000,73,72,72,0.09026647749223915
lung,baseline,40000,73,70,70,0.013019015175160974
lung,baseline,40000,73,70,70,0.010466784399644036
lung,baseline,40000,73,64,64,0.01253444628977239
lung,baseline,40000,73,72,72,0.027813612831766865
lung,baseline,40000,73,72,72,0.0024768099192200594
lung,baseline,40000,73,46,46,0.03358216007541248
lung,baseline,40000,73,72,72,0.09104253255097917
lung,baseline,40000,73,72,72,0.03589461036198935
lung,baseline,40000,73,70,70,0.010786960969935842
lung,baseline,40000,74,37,37,0.10384254358365594
lung,baseline,40000,74,73,73,0.03253014911707418
lung,baseline,40000,74,73,73,0.14918324788865986
lung,baseline,40000,74,73,73,0.019876460325571235
lung,baseline,40000,74,73,73,0.08440424250348867
lung,baseline,40000,74,73,73,0.12771621114069284
lung,baseline,40000,74,72,72,0.12315007089975334
lung,baseline,40000,74,69,69,0.21113265553455351
lung,baseline,40000,74,66,66,0.0665773877759079
lung,baseline,40000,74,63,63,0.0805354938007146
lung,baseline,40000,74,67,67,0.24516128987030467
lung,baseline,40000,74,65,65,0.2949512268355556
lung,baseline,40000,74,64,64,0.2987073282418784
lung,baseline,40000,74,73,73,0.029059829226906992
lung,baseline,40000,74,69,69,0.009658434097411083
lung,baseline,40000,74,37,37,0.20094642366225718
lung,baseline,40000,74,34,34,0.1967287750317052
lung,baseline,40000,74,73,73,0.14813316246035763
lung,baseline,40000,74,73,73,0.1953133541771543
lung,baseline,40000,74,55,55,0.23051220895600855
lung,baseline,40000,74,35,35,0.23574360141371095
lung,baseline,40000,74,34,34,0.2493047735269658
lung,baseline,40000,74,28,28,0.30275839987048847
lung,baseline,40000,74,73,73,0.26799070073264175
lung,baseline,40000,74,67,67,0.2212517037285365
lung,baseline,40000,74,73,73,0.1316952038985918
lung,baseline,40000,74,68,68,0.30826457020580544
lung,baseline,40000,74,68,68,0.263489714963091
lung,baseline,40000,74,64,64,0.31653055690086007
lung,baseline,40000,74,64,64,0.2881159278053464
lung,baseline,40000,74,63,63,0.2568664993790773
lung,baseline,40000,74,63,63,0.28673882073096446
lung,baseline,40000,74,59,59,0.3089392912395391
lung,baseline,40000,74,58,58,0.3405872227828018
lung,baseline,40000,74,73,73,0.13864061013726595
lung,baseline,40000,74,69,69,0.12406352595748175
lung,baseline,40000,74,66,66,0.08504481574049903
lung,baseline,40000,74,71,71,0.24313854775456864
lung,baseline,40000,74,69,69,0.24070032720370038
lung,baseline,40000,74,66,66,0.2884439108234506
lung,baseline,40000,74,64,64,0.20418497080354947
lung,baseline,40000,74,69,69,0.15807228567856857
lung,baseline,40000,74,68,68,0.13853068124376786
lung,baseline,40000,74,72,72,0.13437340186704466
lung,baseline,40000,74,66,66,0.12230138087289344
lung,baseline,40000,74,73,73,0.07610524206833293
lung,baseline,40000,74,73,73,0.11977460886080603
lung,baseline,40000,74,71,71,0.02530178253982662
lung,baseline,40000,74,34,34,0.15342850549813658
lung,baseline,40000,74,73,73,0.1889500536009076
lung,baseline,40000,74,59,59,0.05178269495864039
lung,baseline,40000,74,73,73,0.2736907758684353
lung,baseline,40000,74,73,73,0.28816863498052947
lung,baseline,40000,74,66,66,0.022470847914301744
lung,baseline,40000,74,65,65,0.12985148824714354
lung,baseline,40000,74,52,52,0.15223426496163767
lung,baseline,40000,74,73,73,0.10556431873336
lung,baseline,40000,74,69,69,0.07110703047578397
lung,baseline,40000,74,64,64,0.08953130777555099
lung,baseline,40000,74,60,60,0.07701747931047306
lung,baseline,40000,74,73,73,0.051610968542784776
lung,baseline,40000,74,73,73,0.13507992077827816
lung,baseline,40000,74,71,71,0.022802286844015314
lung,baseline,40000,74,61,61,0.054218941170338784
lung,baseline,40000,74,46,46,0.12711027720074022
lung,baseline,40000,74,73,73,0.13611458299385823
lung,baseline,40000,74,67,67,0.13930180560933186
lung,baseline,40000,74,65,65,0.10714732371210905
lung,baseline,40000,74,28,28,0.20277542391218853
lung,baseline,40000,74,73,73,0.12794142761249055
lung,baseline,40000,74,64,64,0.019849086062452878
lung,baseline,40000,74,64,64,0.09063668243607309
lung,baseline,40000,74,53,53,0.06897212746565377
lung,baseline,40000,74,35,35,0.13902874024670533
lung,baseline,40000,74,62,62,0.048915466987677673
lung,baseline,40000,74,73,73,0.020876269593906836
lung,baseline,40000,74,71,71,0.008304738878568979
lung,baseline,40000,74,70,70,0.030682790027104456
lung,baseline,40000,74,44,44,0.04157686801405218
lung,baseline,40000,74,37,37,0.04284011014638137
lung,baseline,40000,74,73,73,0.011246430226781987
lung,baseline,40000,74,73,73,0.06578562453869359
lung,baseline,40000,74,73,73,0.1561834134398782
lung,baseline,40000,74,71,71,0.019699029818885862
lung,baseline,40000,74,37,37,0.12067433177238587
lung,baseline,40000,74,32,32,0.1536159466279365
lung,baseline,40000,74,73,73,0.028205797311596177
lung,baseline,40000,74,73,73,0.012472741569941843
lung,baseline,40000,74,73,73,0.00862770636027993
lung,baseline,40000,74,71,71,0.016576106157146928
lung,baseline,40000,74,69,69,0.00884096904029318
lung,baseline,40000,74,60,60,0.025288093498346743
lung,baseline,40000,74,61,61,0.16344026335450196
lung,baseline,40000,74,64,64,0.02335763404093831
lung,baseline,40000,74,73,73,0.31361374195359604
lung,baseline,40000,74,14,14,0.22627472453055203
lung,baseline,40000,74,73,73,0.050590848444355636
lung,baseline,40000,74,73,73,0.0038662226953750656
lung,baseline,40000,74,72,72,0.005988186975166589
lung,baseline,40000,74,68,68,0.014700503629447262
lung,baseline,40000,74,73,73,0.2537630582885555
lung,baseline,40000,74,71,71,0.2204051376924571
lung,baseline,40000,74,68,68,0.28236036331638176
lung,baseline,40000,74,68,68,0.21264721152906343
lung,baseline,40000,74,73,73,0.12369178215184601
lung,baseline,40000,74,64,64,0.023980489673863563
lung,baseline,40000,74,64,64,0.020844912778874913
lung,baseline,40000,74,71,71,0.33802593743065856
lung,baseline,40000,74,62,62,0.0970644832116246
lung,baseline,40000,74,14,14,0.2102334174400409
lung,baseline,40000,74,71,71,0.2932366599807619
lung,baseline,40000,74,71,71,0.25579789047182194
lung,baseline,40000,74,71,71,0.3083226491936132
lung,baseline,40000,74,68,68,0.2788854336216197
lung,baseline,40000,74,67,67,0.27164247552844145
lung,baseline,40000,74,66,66,0.2670015187849936
lung,baseline,40000,74,65,65,0.28784075601175513
lung,baseline,40000,74,73,73,0.03727230274573083
lung,baseline,40000,74,73,73,0.0983094430049222
lung,baseline,40000,74,66,66,0.026570735959320087
lung,baseline,40000,74,70,70,0.15867729479956694
lung,baseline,40000,74,64,64,0.16360867120281586
lung,baseline,40000,74,71,71,0.2629110051830399
lung,baseline,40000,74,68,68,0.2961489517399161
lung,baseline,40000,74,73,73,0.005052455649799432
lung,baseline,40000,74,73,73,0.009245319176493141
lung,baseline,40000,74,73,73,0.027129350574003147
lung,baseline,40000,74,73,73,0.013332890323143455
lung,baseline,40000,74,73,73,0.014133344264162906
lung,baseline,40000,74,72,72,0.02683367910638231
lung,baseline,40000,74,70,70,0.02593317151654575
lung,baseline,40000,74,70,70,0.03251366371999729
lung,baseline,40000,74,70,70,0.02872184717790505
lung,baseline,40000,74,73,73,0.008949375490260012
lung,baseline,40000,74,73,73,0.0466400259479538
lung,baseline,40000,74,73,73,0.032795544836378726
lung,baseline,40000,74,73,73,0.1257315541810931
lung,baseline,40000,74,67,67,0.03209992020723577
lung,baseline,40000,74,71,71,0.012469638637215532
lung,baseline,40000,74,70,70,0.030698312804636047
lung,baseline,40000,74,44,44,0.03551172736146059
lung,baseline,40000,74,73,73,0.1378937358861007
lung,baseline,40000,74,73,73,0.04721811383880669
lung,baseline,40000,74,73,73,0.008150171557301824
lung,baseline,40000,74,73,73,0.002739020411122
lung,baseline,40000,74,73,73,0.0030914983676559155
lung,baseline,40000,74,73,73,0.005278382567019326
lung,baseline,40000,74,73,73,0.004880090020670922
lung,baseline,40000,74,73,73,0.004999456037978822
lung,baseline,40000,74,72,72,0.006894376517591436
lung,baseline,40000,74,72,72,0.006913696476615369
lung,baseline,40000,74,71,71,0.033373070296616895
lung,baseline,40000,74,71,71,0.012039568818343033
lung,baseline,40000,74,71,71,0.01584881748171034
lung,baseline,40000,74,70,70,0.012350388077078004
lung,baseline,40000,74,67,67,0.033503508747469
lung,baseline,40000,74,73,73,0.1247424814984672
lung,baseline,40000,74,73,73,0.13663774037659746
lung,baseline,40000,74,73,73,0.11888145558756645
lung,baseline,40000,74,73,73,0.16535869132095268
lung,baseline,40000,74,72,72,0.04300067872492487
lung,baseline,40000,74,14,14,0.21355168422777307
lung,baseline,40000,74,14,14,0.2124273900247724
lung,baseline,40000,74,73,73,0.1383146058202081
lung,baseline,40000,74,72,72,0.020439399963049998
lung,baseline,40000,74,73,73,0.026902810108042588
lung,baseline,40000,74,70,70,0.008016279137230669
lung,baseline,40000,74,65,65,0.26509955660116313
lung,baseline,40000,74,28,28,0.33330611147189115
lung,baseline,40000,74,62,62,0.13948012428366804
lung,baseline,40000,74,70,70,0.14514180041781757
lung,baseline,40000,74,64,64,0.14127440407807054
lung,baseline,40000,74,73,73,0.1809361655051221
lung,baseline,40000,74,73,73,0.2553495485353861
lung,baseline,40000,74,68,68,0.030493802904084787
lung,baseline,40000,74,73,73,0.10815261146084287
lung,baseline,40000,74,73,73,0.025543928533820384
lung,baseline,40000,74,72,72,0.041371749152521314
lung,baseline,40000,74,66,66,0.02499308389078412
lung,baseline,40000,74,63,63,0.030405769195841488
lung,baseline,40000,74,47,47,0.13622230841839858
lung,baseline,40000,74,28,28,0.16305798464687643
lung,baseline,40000,74,73,73,0.15924263369117433
lung,baseline,40000,74,73,73,0.026964092721468127
lung,baseline,40000,74,71,71,0.02815920225690078
lung,baseline,40000,74,69,69,0.016509956962910428
lung,baseline,40000,74,73,73,0.1840261277014625
lung,baseline,40000,74,73,73,0.2015387184621266
lung,baseline,40000,74,73,73,0.06119618801928517
lung,baseline,40000,75,71,71,0.2632801277261586
lung,baseline,40000,75,70,70,0.2541922913156314
lung,baseline,40000,75,69,69,0.2531559651120073
lung,baseline,40000,75,68,68,0.29913833918235416
lung,baseline,40000,75,68,68,0.2725007537114163
lung,baseline,40000,75,74,74,0.05250381587643475
lung,baseline,40000,75,71,71,0.10152352408196888
lung,baseline,40000,75,70,70,0.0947565084314563
lung,baseline,40000,75,69,69,0.098436424299179
lung,baseline,40000,75,69,69,0.11664513307282368
lung,baseline,40000,75,68,68,0.15046530822327728
lung,baseline,40000,75,35,35,0.19794548409613644
lung,baseline,40000,75,34,34,0.20273701779162265
lung,baseline,40000,75,27,27,0.19860176150160036
lung,baseline,40000,75,28,28,0.3444551417421617
lung,baseline,40000,75,74,74,0.12068644647267197
lung,baseline,40000,75,65,65,0.13720239592353517
lung,baseline,40000,75,52,52,0.16323229960966892
lung,baseline,40000,75,47,47,0.1526651034710609
lung,baseline,40000,75,44,44,0.1611947608458968
lung,baseline,40000,75,40,40,0.170595452091069
lung,baseline,40000,75,28,28,0.23372121198820642
lung,baseline,40000,75,74,74,0.21582186404420764
lung,baseline,40000,75,74,74,0.21351234896767224
lung,baseline,40000,75,66,66,0.055014805853567564
lung,baseline,40000,75,74,74,0.0019798676716433366
lung,baseline,40000,75,74,74,0.004730989792554893
lung,baseline,40000,75,73,73,0.035511417595250894
lung,baseline,40000,75,72,72,0.04835460939581169
lung,baseline,40000,75,68,68,0.03241516623378324
lung,baseline,40000,75,65,65,0.03183438421240509
lung,baseline,40000,75,62,62,0.05276149390643864
lung,baseline,40000,75,73,73,0.058605230350628985
lung,baseline,40000,75,72,72,0.06302298189534802
lung,baseline,40000,75,59,59,0.08105885823711573
lung,baseline,40000,75,37,37,0.15583142519080304
lung,baseline,40000,75,28,28,0.19072572721336956
lung,baseline,40000,75,72,72,0.02076973876308705
lung,baseline,40000,75,69,69,0.10397315018423692
lung,baseline,40000,75,53,53,0.11014576264385331
lung,baseline,40000,75,72,72,0.22454082207194256
lung,baseline,40000,75,71,71,0.21941999619566566
lung,baseline,40000,75,70,70,0.22514311932764008
lung,baseline,40000,75,67,67,0.26129709190600886
lung,baseline,40000,75,67,67,0.21149693158473665
lung,baseline,40000,75,55,55,0.2664987595139913
lung,baseline,40000,75,28,28,0.3423337301754866
lung,baseline,40000,75,69,69,0.05450617532096364
lung,baseline,40000,75,72,72,0.10705499606165239
lung,baseline,40000,75,65,65,0.1208062887106118
lung,baseline,40000,75,62,62,0.12830862122729575
lung,baseline,40000,75,70,70,0.13135338080974285
lung,baseline,40000,75,37,37,0.17164109426082402
lung,baseline,40000,75,35,35,0.16630991715545843
lung,baseline,40000,75,74,74,0.004760887790444248
lung,baseline,40000,75,71,71,0.0671877969502578
lung,baseline,40000,75,65,65,0.017095700512463757
lung,baseline,40000,75,74,74,0.09813452509581294
lung,baseline,40000,75,74,74,0.01774723773435752
lung,baseline,40000,75,74,74,0.016242318473376642
lung,baseline,40000,75,74,74,0.0298633143074738
lung,baseline,40000,75,74,74,0.138032943165467
lung,baseline,40000,75,74,74,0.0034827351744787976
lung,baseline,40000,75,74,74,0.009184349380844389
lung,baseline,40000,75,73,73,0.014843900115610991
lung,baseline,40000,75,62,62,0.04602435215290337
lung,baseline,40000,75,74,74,0.026776843437711684
lung,baseline,40000,75,74,74,0.11597953362373849
lung,baseline,40000,75,35,35,0.12553546059558654
lung,baseline,40000,75,34,34,0.13801691958517442
lung,baseline,40000,75,74,74,0.19655619064101132
lung,baseline,40000,75,74,74,0.027857803207330722
lung,baseline,40000,75,74,74,0.11761231790444639
lung,baseline,40000,75,74,74,0.006199783662190767
lung,baseline,40000,75,73,73,0.006836890925697939
lung,baseline,40000,75,73,73,0.01494095832804477
lung,baseline,40000,75,73,73,0.018193681831893304
lung,baseline,40000,75,72,72,0.012781537710809083
lung,baseline,40000,75,72,72,0.025787608770291345
lung,baseline,40000,75,72,72,0.009727558672072496
lung,baseline,40000,75,70,70,0.020276976915748163
lung,baseline,40000,75,62,62,0.04514368292434622
lung,baseline,40000,75,74,74,0.08018137765630848
lung,baseline,40000,75,74,74,0.11746194012356263
lung,baseline,40000,75,74,74,0.31503998944770867
lung,baseline,40000,75,73,73,0.28064830918889216
lung,baseline,40000,75,14,14,0.26740127603528324
lung,baseline,40000,75,74,74,0.18712535247272302
lung,baseline,40000,75,66,66,0.14645781047781778
lung,baseline,40000,75,33,33,0.0674979684161814
lung,baseline,40000,75,65,65,0.12054080762549531
lung,baseline,40000,75,28,28,0.19603232811107943
lung,baseline,40000,75,73,73,0.036413674225888155
lung,baseline,40000,75,73,73,0.09342321058026154
lung,baseline,40000,75,70,70,0.10257805286761598
lung,baseline,40000,75,69,69,0.10219199288056474
lung,baseline,40000,75,66,66,0.024534140714282466
lung,baseline,40000,75,62,62,0.09650468969096444
lung,baseline,40000,75,60,60,0.10638271999142232
lung,baseline,40000,75,37,37,0.11253491584593311
lung,baseline,40000,75,37,37,0.14654071086660608
lung,baseline,40000,75,36,36,0.10237985476887393
lung,baseline,40000,75,34,34,0.21819458467921535
lung,baseline,40000,75,74,74,0.1917903347610956
lung,baseline,40000,75,73,73,0.17454762274166172
lung,baseline,40000,75,73,73,0.18109816146295107
lung,baseline,40000,75,73,73,0.19182077368746153
lung,baseline,40000,75,74,74,0.17729533594578506
lung,baseline,40000,75,74,74,0.004163453379625462
lung,baseline,40000,75,69,69,0.3292136571362388
lung,baseline,40000,75,66,66,0.29356992024147843
lung,baseline,40000,75,74,74,0.003526765616685189
lung,baseline,40000,75,74,74,0.003767671583741139
lung,baseline,40000,75,74,74,0.15169594136422704
lung,baseline,40000,75,74,74,0.03076690383799791
lung,baseline,40000,75,74,74,0.10536630626357527
lung,baseline,40000,75,74,74,0.1535506840476124
lung,baseline,40000,75,74,74,0.09066711098381738
lung,baseline,40000,75,74,74,0.16690092855514396
lung,baseline,40000,75,72,72,0.022104126857589685
lung,baseline,40000,75,74,74,0.01022286291691512
lung,baseline,40000,75,74,74,0.10137409094972463
lung,baseline,40000,75,74,74,0.11028374110943187
lung,baseline,40000,75,74,74,0.23676607336742095
lung,baseline,40000,75,74,74,0.2617715509848272
lung,baseline,40000,75,69,69,0.11697381145337535
lung,baseline,40000,75,62,62,0.13256558634329874
lung,baseline,40000,75,73,73,0.09206420775784555
lung,baseline,40000,75,73,73,0.036703987264704474
lung,baseline,40000,75,63,63,0.03059618431660467
lung,baseline,40000,75,73,73,0.26638365697849054
lung,baseline,40000,75,71,71,0.2928847594981736
lung,baseline,40000,75,68,68,0.2881760231729303
lung,baseline,40000,75,74,74,0.0068522440815278396
lung,baseline,40000,75,73,73,0.10765101886226033
lung,baseline,40000,75,73,73,0.11276553073562735
lung,baseline,40000,75,73,73,0.10576047023783311
lung,baseline,40000,75,63,63,0.03530868144253932
lung,baseline,40000,75,72,72,0.2194062184992552
lung,baseline,40000,75,70,70,0.22406329157880123
lung,baseline,40000,75,70,70,0.22835979685784893
lung,baseline,40000,75,70,70,0.22500756590005114
lung,baseline,40000,75,70,70,0.10405905781872077
lung,baseline,40000,75,68,68,0.10361042753763665
lung,baseline,40000,75,69,69,0.02391558871208893
lung,baseline,40000,75,74,74,0.09381075732194352
lung,baseline,40000,75,74,74,0.041398879036622614
lung,baseline,40000,75,66,66,0.029238999621466547
lung,baseline,40000,75,71,71,0.2791074286412292
lung,baseline,40000,75,70,70,0.26044575409840476
lung,baseline,40000,75,69,69,0.2411139665478963
lung,baseline,40000,75,68,68,0.28056747436740104
lung,baseline,40000,75,68,68,0.2634389458662753
lung,baseline,40000,75,65,65,0.15870479104406157
lung,baseline,40000,75,37,37,0.10561272563676433
lung,baseline,40000,75,74,74,0.0045985501394194776
lung,baseline,40000,75,73,73,0.1502026154794141
lung,baseline,40000,75,72,72,0.1629680315218349
lung,baseline,40000,75,59,59,0.17458977665778766
lung,baseline,40000,75,74,74,0.20953508890094072
lung,baseline,40000,75,74,74,0.19311616251292898
lung,baseline,40000,75,74,74,0.1946768891310225
lung,baseline,40000,75,74,74,0.046800961207271514
lung,baseline,40000,75,73,73,0.1410337447503748
lung,baseline,40000,75,72,72,0.024661541975033625
lung,baseline,40000,75,69,69,0.14273997675144456
lung,baseline,40000,75,60,60,0.12046075764597701
lung,baseline,40000,75,74,74,0.05647184864509951
lung,baseline,40000,75,72,72,0.009551226846820794
lung,baseline,40000,75,73,73,0.1742752826928381
lung,baseline,40000,75,71,71,0.020851688904638854
lung,baseline,40000,75,71,71,0.15688936441764625
lung,baseline,40000,75,73,73,0.29969840277928156
lung,baseline,40000,75,66,66,0.26491171684393794
lung,baseline,40000,75,65,65,0.2833928437507259
lung,baseline,40000,75,64,64,0.21479747779422234
lung,baseline,40000,75,73,73,0.2886929884450364
lung,baseline,40000,75,73,73,0.28358937742165324
lung,baseline,40000,75,68,68,0.22258984037920163
lung,baseline,40000,75,68,68,0.2590581071650551
lung,baseline,40000,75,62,62,0.3231565460320821
lung,baseline,40000,75,52,52,0.3067345339885722
lung,baseline,40000,75,44,44,0.28727440928271397
lung,baseline,40000,75,40,40,0.29365798379581165
lung,baseline,40000,75,65,65,0.10889999184822885
lung,baseline,40000,75,40,40,0.14765997681831203
lung,baseline,40000,75,19,19,0.2738252405557157
lung,baseline,40000,75,74,74,0.2594332230138908
lung,baseline,40000,75,74,74,0.03110951686088309
lung,baseline,40000,75,74,74,0.2638745247481003
lung,baseline,40000,75,62,62,0.21507027340381374
lung,baseline,40000,75,62,62,0.19596821919229124
lung,baseline,40000,75,74,74,0.06935527916330717
lung,baseline,40000,75,73,73,0.24194307295752152
lung,baseline,40000,75,63,63,0.17104065976501748
lung,baseline,40000,75,73,73,0.2008601453673697
lung,baseline,40000,75,72,72,0.20307579349361282
lung,baseline,40000,75,73,73,0.24631403771003332
lung,baseline,40000,75,68,68,0.23363020528833697
lung,baseline,40000,75,68,68,0.20841829066734296
lung,baseline,40000,75,65,65,0.1899791046887789
lung,baseline,40000,75,61,61,0.22930651558551501
lung,baseline,40000,75,57,57,0.31251484331205304
lung,baseline,40000,75,54,54,0.33556648635553693
lung,baseline,40000,75,53,53,0.2838910444879893
lung,baseline,40000,75,74,74,0.2818179720894245
lung,baseline,40000,75,74,74,0.27048708454620446
lung,baseline,40000,75,74,74,0.1921773784560818
lung,baseline,40000,75,71,71,0.03152147061200077
lung,baseline,40000,75,72,72,0.26907073883267535
lung,baseline,40000,75,72,72,0.3238770501385637
lung,baseline,40000,75,69,69,0.1921997598353512
lung,baseline,40000,75,68,68,0.34405924631475515
lung,baseline,40000,75,63,63,0.3245687804701048
lung,baseline,40000,75,73,73,0.17308498499356365
lung,baseline,40000,75,73,73,0.19397732342579152
lung,baseline,40000,75,34,34,0.06923028428398105
lung,baseline,40000,75,71,71,0.17434105239033384
lung,baseline,40000,75,70,70,0.1877054783720878
lung,baseline,40000,75,69,69,0.13871649748267273
lung,baseline,40000,75,69,69,0.18322181909985294
lung,baseline,40000,75,68,68,0.22137252207982128
lung,baseline,40000,75,74,74,0.03578259491336933
lung,baseline,40000,75,74,74,0.09945600701272068
lung,baseline,40000,75,73,73,0.010633305335612513
lung,baseline,40000,75,62,62,0.034884291908147985
lung,baseline,40000,75,74,74,0.11815796789053463
lung,baseline,40000,75,74,74,0.008307212213689703
lung,baseline,40000,75,74,74,0.008804856663538883
lung,baseline,40000,75,74,74,0.007810245218924362
lung,baseline,40000,75,74,74,0.002690199978572881
lung,baseline,40000,75,74,74,0.00852916147980436
lung,baseline,40000,75,74,74,0.008432832812490234
lung,baseline,40000,75,74,74,0.015186341699854975
lung,baseline,40000,75,74,74,0.00975197857180995
lung,baseline,40000,75,74,74,0.007555324259785024
lung,baseline,40000,75,74,74,0.007984407869702111
lung,baseline,40000,75,74,74,0.01704227056658312
lung,baseline,40000,75,74,74,0.015710779301777052
lung,baseline,40000,75,74,74,0.028355790655825667
lung,baseline,40000,75,74,74,0.013334898232222964
lung,baseline,40000,75,73,73,0.010384740627218898
lung,baseline,40000,75,73,73,0.007738804536672239
lung,baseline,40000,75,73,73,0.015560440072348988
lung,baseline,40000,75,73,73,0.009844349719453194
lung,baseline,40000,75,72,72,0.01930380948727369
lung,baseline,40000,75,72,72,0.02055694312796781
lung,baseline,40000,75,72,72,0.009160154915605167
lung,baseline,40000,75,72,72,0.010664753313308843
lung,baseline,40000,75,72,72,0.011054965695968253
lung,baseline,40000,75,68,68,0.03187262759566864
lung,baseline,40000,75,72,72,0.11843831901146884
lung,baseline,40000,75,66,66,0.08624656667602015
lung,baseline,40000,75,74,74,0.18389815627708067
lung,baseline,40000,75,74,74,0.2612296518010914
lung,baseline,40000,75,66,66,0.1490244038600459
lung,baseline,40000,75,66,66,0.15190872890209556
lung,baseline,40000,75,47,47,0.09923801941184185
lung,baseline,40000,75,46,46,0.10000397183445614
lung,baseline,40000,75,74,74,0.04493164439486685
lung,baseline,40000,75,74,74,0.14232816209059376
lung,baseline,40000,75,74,74,0.1386433827049991
lung,baseline,40000,75,63,63,0.051990582586247204
lung,baseline,40000,75,74,74,0.10293213591582755
lung,baseline,40000,75,74,74,0.2184145563172627
lung,baseline,40000,75,47,47,0.2282844263990527
lung,baseline,40000,75,28,28,0.3281850245946321
lung,baseline,40000,75,74,74,0.03403596963717196
lung,baseline,40000,75,35,35,0.11373979605913175
lung,baseline,40000,75,34,34,0.1234958029653215
lung,baseline,40000,75,74,74,0.12736205668257325
lung,baseline,40000,75,71,71,0.09035909659461867
lung,baseline,40000,75,65,65,0.00952376629670289
lung,baseline,40000,75,74,74,0.21212609675257343
lung,baseline,40000,75,74,74,0.1344918866254252
lung,baseline,40000,75,71,71,0.02513810018657746
lung,baseline,40000,75,74,74,0.10209231308653899
lung,baseline,40000,75,74,74,0.013359380313882358
lung,baseline,40000,75,71,71,0.04701342710697994
lung,baseline,40000,75,74,74,0.31028017635168786
lung,baseline,40000,75,74,74,0.16987745737239485
lung,baseline,40000,75,74,74,0.2356607390066735
lung,baseline,40000,75,74,74,0.23712302146903041
lung,baseline,40000,75,74,74,0.13188001207275757
lung,baseline,40000,75,74,74,0.02293496139888175
lung,baseline,40000,75,73,73,0.12876225317286785
lung,baseline,40000,75,73,73,0.046458295084422584
lung,baseline,40000,75,71,71,0.052622187870891554
lung,baseline,40000,75,71,71,0.13422800490345152
lung,baseline,40000,75,70,70,0.08026688123614359
lung,baseline,40000,75,67,67,0.02956878398771769
lung,baseline,40000,75,66,66,0.0411053977549358
lung,baseline,40000,75,74,74,0.02620399174413388
lung,baseline,40000,75,74,74,0.10301011792781493
lung,baseline,40000,75,74,74,0.12097088244205523
lung,baseline,40000,75,66,66,0.10997440545814319
lung,baseline,40000,75,53,53,0.10572721043058148
lung,baseline,40000,75,28,28,0.16532207174948904
lung,baseline,40000,75,64,64,0.19435625132793238
lung,baseline,40000,75,63,63,0.030713173896624264
lung,baseline,40000,75,74,74,0.13608789829488072
lung,baseline,40000,75,72,72,0.019396336756970518
lung,baseline,40000,75,34,34,0.17669950709978868
lung,baseline,40000,75,33,33,0.18075579536839442
lung,baseline,40000,75,74,74,0.003790527472033786
lung,baseline,40000,75,74,74,0.0030848921378538565
lung,baseline,40000,75,74,74,0.03391004026810608
lung,baseline,40000,75,72,72,0.01870404093415612
lung,baseline,40000,75,72,72,0.006584988535618323
lung,baseline,40000,75,72,72,0.007029307688823296
lung,baseline,40000,75,72,72,0.009182910703983123
lung,baseline,40000,75,61,61,0.09526808250947406
lung,baseline,40000,75,44,44,0.03783026823087367
lung,baseline,40000,75,66,66,0.33443446491303513
lung,baseline,40000,75,53,53,0.3427576619714836
lung,baseline,40000,75,74,74,0.030604289773409798
lung,baseline,40000,75,72,72,0.14621386308038922
lung,baseline,40000,75,73,73,0.12706329980904543
lung,baseline,40000,75,72,72,0.12808886440185147
lung,baseline,40000,75,59,59,0.1472704078670682
lung,baseline,40000,75,74,74,0.2672722359450767
lung,baseline,40000,75,73,73,0.2114886228978753
lung,baseline,40000,75,74,74,0.17285597692415303
lung,baseline,40000,75,74,74,0.19784480069395255
lung,baseline,40000,75,67,67,0.16065536642649922
lung,baseline,40000,75,65,65,0.07444080326744605
lung,baseline,40000,75,73,73,0.10387067207268545
lung,baseline,40000,75,63,63,0.028726403153565158
lung,baseline,40000,75,74,74,0.21266138744944452
lung,baseline,40000,75,74,74,0.1471748824859216
lung,baseline,40000,75,74,74,0.2415399628564264
lung,baseline,40000,75,73,73,0.2563551981247946
lung,baseline,40000,75,72,72,0.11567480409536723
lung,baseline,40000,75,63,63,0.02755565635644932
lung,baseline,40000,75,62,62,0.12663860082181977
lung,baseline,40000,75,74,74,0.13651639210927913
lung,baseline,40000,75,74,74,0.051832072068857225
lung,baseline,40000,75,73,73,0.013439520568573268
lung,baseline,40000,75,74,74,0.19180608327933912
lung,baseline,40000,75,74,74,0.16748559139220023
lung,baseline,40000,75,74,74,0.1205928802988633
lung,baseline,40000,75,74,74,0.02082677552274823
lung,baseline,40000,76,75,75,0.1755903449923063
lung,baseline,40000,76,69,69,0.031461269638053534
lung,baseline,40000,76,75,75,0.007287120448358322
lung,baseline,40000,76,75,75,0.19123046580217762
lung,baseline,40000,76,72,72,0.18559169106881665
lung,baseline,40000,76,70,70,0.01666586978151254
lung,baseline,40000,76,64,64,0.14412754584773427
lung,baseline,40000,76,64,64,0.052014566173276156
lung,baseline,40000,76,64,64,0.13929796700465102
lung,baseline,40000,76,63,63,0.09174301941850226
lung,baseline,40000,76,59,59,0.13568947623684546
lung,baseline,40000,76,74,74,0.27779442564867146
lung,baseline,40000,76,72,72,0.29525816826758283
lung,baseline,40000,76,75,75,0.21109357901440978
lung,baseline,40000,76,75,75,0.2527481012350831
lung,baseline,40000,76,75,75,0.2989719221096745
lung,baseline,40000,76,37,37,0.111290116732707
lung,baseline,40000,76,34,34,0.13722987972713452
lung,baseline,40000,76,72,72,0.08401087958264923
lung,baseline,40000,76,68,68,0.10994689982788684
lung,baseline,40000,76,63,63,0.02332279112830833
lung,baseline,40000,76,57,57,0.08790887404255801
lung,baseline,40000,76,74,74,0.2211552867204469
lung,baseline,40000,76,74,74,0.22894744827421293
lung,baseline,40000,76,74,74,0.23630219015783743
lung,baseline,40000,76,37,37,0.12544918752854461
lung,baseline,40000,76,20,20,0.28562090054204936
lung,baseline,40000,76,67,67,0.02281455003057515
lung,baseline,40000,76,64,64,0.08572426612228971
lung,baseline,40000,76,75,75,0.11708578862677235
lung,baseline,40000,76,75,75,0.047311239952180714
lung,baseline,40000,76,75,75,0.13048409967297395
lung,baseline,40000,76,75,75,0.044166424834171485
lung,baseline,40000,76,75,75,0.0061611837402262845
lung,baseline,40000,76,75,75,0.19628265094957964
lung,baseline,40000,76,75,75,0.17422573396583846
lung,baseline,40000,76,75,75,0.06419381389554164
lung,baseline,40000,76,72,72,0.048561751090166506
lung,baseline,40000,76,75,75,0.227532800123637
lung,baseline,40000,76,71,71,0.17901937469611479
lung,baseline,40000,76,63,63,0.29148035804571315
lung,baseline,40000,76,63,63,0.19974192425883897
lung,baseline,40000,76,70,70,0.37011589041392057
lung,baseline,40000,76,65,65,0.2927262838825478
lung,baseline,40000,76,75,75,0.18026077405513435
lung,baseline,40000,76,75,75,0.18332839260868136
lung,baseline,40000,76,75,75,0.0067980175901411295
lung,baseline,40000,76,75,75,0.042790775704123644
lung,baseline,40000,76,74,74,0.01690770296055581
lung,baseline,40000,76,73,73,0.03261600579006337
lung,baseline,40000,76,74,74,0.128810953043681
lung,baseline,40000,76,72,72,0.13124791884773968
lung,baseline,40000,76,65,65,0.09307494660401822
lung,baseline,40000,76,75,75,0.28716866697757676
lung,baseline,40000,76,75,75,0.23028686768768736
lung,baseline,40000,76,75,75,0.20746890676598098
lung,baseline,40000,76,75,75,0.23189982957019523
lung,baseline,40000,76,75,75,0.16121744071062463
lung,baseline,40000,76,75,75,0.060167198714345484
lung,baseline,40000,76,72,72,0.05402052708856527
lung,baseline,40000,76,66,66,0.056565555842249655
lung,baseline,40000,76,66,66,0.06334960102231209
lung,baseline,40000,76,75,75,0.1304934418385894
lung,baseline,40000,76,74,74,0.0738807934740476
lung,baseline,40000,76,63,63,0.027944385200350422
lung,baseline,40000,76,61,61,0.024329589726378064
lung,baseline,40000,76,75,75,0.23942203551869246
lung,baseline,40000,76,75,75,0.28244031533592767
lung,baseline,40000,76,75,75,0.2601490472355411
lung,baseline,40000,76,75,75,0.011454471823052124
lung,baseline,40000,76,75,75,0.0041251123237727285
lung,baseline,40000,76,75,75,0.03461763281266861
lung,baseline,40000,76,75,75,0.011159465538283642
lung,baseline,40000,76,75,75,0.008193612054940623
lung,baseline,40000,76,75,75,0.014085364269157664
lung,baseline,40000,76,75,75,0.00804297567396658
lung,baseline,40000,76,75,75,0.023804046362474195
lung,baseline,40000,76,75,75,0.09907707378157621
lung,baseline,40000,76,75,75,0.012015826860284058
lung,baseline,40000,76,75,75,0.009145050214940059
lung,baseline,40000,76,75,75,0.016755459392294454
lung,baseline,40000,76,74,74,0.007988691959219984
lung,baseline,40000,76,74,74,0.013252804755504175
lung,baseline,40000,76,73,73,0.027035630240358096
lung,baseline,40000,76,73,73,0.01122769162185255
lung,baseline,40000,76,73,73,0.012412513492966076
lung,baseline,40000,76,73,73,0.030549540011553813
lung,baseline,40000,76,69,69,0.03513007340736229
lung,baseline,40000,76,75,75,0.1896082054332187
lung,baseline,40000,76,75,75,0.05017679274628257
lung,baseline,40000,76,75,75,0.015290592405398193
lung,baseline,40000,76,75,75,0.01464466027739968
lung,baseline,40000,76,75,75,0.1346119991840034
lung,baseline,40000,76,75,75,0.028307294845086445
lung,baseline,40000,76,75,75,0.016481859600964942
lung,baseline,40000,76,75,75,0.009209138082027833
lung,baseline,40000,76,75,75,0.011256400048518543
lung,baseline,40000,76,75,75,0.021270258564144297
lung,baseline,40000,76,75,75,0.011177971088585703
lung,baseline,40000,76,74,74,0.011080918982367578
lung,baseline,40000,76,73,73,0.019099398649478853
lung,baseline,40000,76,73,73,0.038795944146535546
lung,baseline,40000,76,73,73,0.010337814296450266
lung,baseline,40000,76,69,69,0.02696059796177689
lung,baseline,40000,76,73,73,0.23300511995973286
lung,baseline,40000,76,70,70,0.2382586293005556
lung,baseline,40000,76,69,69,0.0454722359922411
lung,baseline,40000,76,69,69,0.2296689197398612
lung,baseline,40000,76,64,64,0.23330970977195598
lung,baseline,40000,76,62,62,0.22018206294402917
lung,baseline,40000,76,60,60,0.19892666574468057
lung,baseline,40000,76,75,75,0.1505735936490293
lung,baseline,40000,76,75,75,0.07631018534708249
lung,baseline,40000,76,56,56,0.11702248774754141
lung,baseline,40000,76,66,66,0.057120510699163574
lung,baseline,40000,76,64,64,0.29013289524406954
lung,baseline,40000,76,63,63,0.07328120058344607
lung,baseline,40000,76,63,63,0.19354591087357648
lung,baseline,40000,76,74,74,0.12575958568307105
lung,baseline,40000,76,73,73,0.13280982730567598
lung,baseline,40000,76,72,72,0.12985963026557748
lung,baseline,40000,76,70,70,0.13397335267296767
lung,baseline,40000,76,64,64,0.12386982578908173
lung,baseline,40000,76,58,58,0.15151016033047482
lung,baseline,40000,76,75,75,0.04077406320218076
lung,baseline,40000,76,74,74,0.23449739220261515
lung,baseline,40000,76,62,62,0.12152667602688634
lung,baseline,40000,76,75,75,0.20919254867793596
lung,baseline,40000,76,75,75,0.04144496619774316
lung,baseline,40000,76,75,75,0.24708459850127024
lung,baseline,40000,76,70,70,0.29154245071188994
lung,baseline,40000,76,75,75,0.0586304564855946
lung,baseline,40000,76,75,75,0.025395778832278858
lung,baseline,40000,76,73,73,0.011117692705554974
lung,baseline,40000,76,75,75,0.2602605200251347
lung,baseline,40000,76,75,75,0.0759483561722646
lung,baseline,40000,76,75,75,0.1395684659600509
lung,baseline,40000,76,75,75,0.10316665701431589
lung,baseline,40000,76,73,73,0.1142492708412947
lung,baseline,40000,76,37,37,0.1391002236911075
lung,baseline,40000,76,34,34,0.16970031461972496
lung,baseline,40000,76,75,75,0.20011279178026087
lung,baseline,40000,76,75,75,0.036548844929192574
lung,baseline,40000,76,65,65,0.03055347640409464
lung,baseline,40000,76,65,65,0.08921655949214646
lung,baseline,40000,76,52,52,0.03955634001262952
lung,baseline,40000,76,75,75,0.06262656518031746
lung,baseline,40000,76,75,75,0.1771043704498299
lung,baseline,40000,76,68,68,0.15778795392520378
lung,baseline,40000,76,75,75,0.03212893400429901
lung,baseline,40000,76,75,75,0.002355243833377836
lung,baseline,40000,76,74,74,0.009287036091065397
lung,baseline,40000,76,72,72,0.06361446310470992
lung,baseline,40000,76,72,72,0.015496582589220785
lung,baseline,40000,76,75,75,0.24200998704152166
lung,baseline,40000,76,75,75,0.14695729799145701
lung,baseline,40000,76,75,75,0.07523125658837349
lung,baseline,40000,76,75,75,0.21682512258778283
lung,baseline,40000,76,72,72,0.04106436167494082
lung,baseline,40000,76,70,70,0.11938066334349326
lung,baseline,40000,76,69,69,0.15238596663632312
lung,baseline,40000,76,75,75,0.22956281912397525
lung,baseline,40000,76,75,75,0.168674055714661
lung,baseline,40000,76,73,73,0.07243001727937139
lung,baseline,40000,76,75,75,0.12381223474159095
lung,baseline,40000,76,71,71,0.08811256123630899
lung,baseline,40000,76,68,68,0.10168937266508019
lung,baseline,40000,76,34,34,0.1543145693804995
lung,baseline,40000,76,75,75,0.12501692015225876
lung,baseline,40000,76,66,66,0.09121019660556515
lung,baseline,40000,76,75,75,0.19674342321693308
lung,baseline,40000,76,75,75,0.19137250980015097
lung,baseline,40000,76,72,72,0.10655343206922632
lung,baseline,40000,76,65,65,0.2597702914134329
lung,baseline,40000,76,75,75,0.04959288658845063
lung,baseline,40000,76,69,69,0.2007569167327907
lung,baseline,40000,76,63,63,0.21506947699229856
lung,baseline,40000,76,74,74,0.11205068567999435
lung,baseline,40000,76,73,73,0.02272082615313347
lung,baseline,40000,76,70,70,0.11848637564043651
lung,baseline,40000,76,75,75,0.24548356620656714
lung,baseline,40000,76,75,75,0.16112940825360864
lung,baseline,40000,76,75,75,0.12087901867944119
lung,baseline,40000,76,70,70,0.07366975020285474
lung,baseline,40000,76,64,64,0.08023414605783975
lung,baseline,40000,76,75,75,0.1159185755170877
lung,baseline,40000,76,73,73,0.017052415881137737
lung,baseline,40000,76,70,70,0.12586896905797618
lung,baseline,40000,76,74,74,0.12233023050591849
lung,baseline,40000,76,75,75,0.008555714377476402
lung,baseline,40000,76,75,75,0.18565685267877705
lung,baseline,40000,76,73,73,0.26261455876498174
lung,baseline,40000,76,72,72,0.29324297245833425
lung,baseline,40000,76,75,75,0.009622332160491683
lung,baseline,40000,76,70,70,0.07387260894218255
lung,baseline,40000,76,44,44,0.09270851407152975
lung,baseline,40000,76,37,37,0.09772436346022341
lung,baseline,40000,76,74,74,0.12396029772364991
lung,baseline,40000,76,64,64,0.1210426981206344
lung,baseline,40000,76,55,55,0.0841043725290927
lung,baseline,40000,76,53,53,0.11004009773384038
lung,baseline,40000,76,35,35,0.17302470769652273
lung,baseline,40000,76,28,28,0.16816160469966726
lung,baseline,40000,76,14,14,0.41450838771491594
lung,baseline,40000,76,75,75,0.11550784582920905
lung,baseline,40000,76,75,75,0.020539638529250337
lung,baseline,40000,76,72,72,0.06775908529414348
lung,baseline,40000,76,71,71,0.05208286535817427
lung,baseline,40000,76,68,68,0.028183006514058643
lung,baseline,40000,76,65,65,0.03268037061246223
lung,baseline,40000,76,65,65,0.03688950069134298
lung,baseline,40000,76,43,43,0.2219883840710251
lung,baseline,40000,76,39,39,0.2188280889947824
lung,baseline,40000,76,75,75,0.198449560682819
lung,baseline,40000,76,75,75,0.1925079324246613
lung,baseline,40000,76,64,64,0.15776381790305635
lung,baseline,40000,76,63,63,0.1055752094245483
lung,baseline,40000,76,53,53,0.13209995134600946
lung,baseline,40000,76,75,75,0.10272478016318068
lung,baseline,40000,76,75,75,0.03950631715496273
lung,baseline,40000,76,75,75,0.05823272374286629
lung,baseline,40000,76,75,75,0.018462222485493503
lung,baseline,40000,76,72,72,0.012738610800305309
lung,baseline,40000,76,57,57,0.03025527034565413
lung,baseline,40000,76,75,75,0.26225542342664615
lung,baseline,40000,76,75,75,0.20397836800988234
lung,baseline,40000,76,67,67,0.22220823281224927
lung,baseline,40000,76,75,75,0.3057750212795397
lung,baseline,40000,76,75,75,0.29435908841625275
lung,baseline,40000,76,64,64,0.021347061227592556
lung,baseline,40000,76,64,64,0.07862221480971585
lung,baseline,40000,76,59,59,0.058612720688868934
lung,baseline,40000,76,37,37,0.2610569494776094
lung,baseline,40000,76,35,35,0.26219389533822157
lung,baseline,40000,76,28,28,0.34413404871482783
lung,baseline,40000,76,75,75,0.0096034096640013
lung,baseline,40000,76,75,75,0.010573764239742238
lung,baseline,40000,76,75,75,0.04257477575702567
lung,baseline,40000,76,75,75,0.19592841957729118
lung,baseline,40000,76,73,73,0.09851198275853489
lung,baseline,40000,76,75,75,0.04390507942014143
lung,baseline,40000,76,75,75,0.04002852450633583
lung,baseline,40000,76,75,75,0.1225603226984675
lung,baseline,40000,76,75,75,0.010720594987403216
lung,baseline,40000,76,75,75,0.03197057736036397
lung,baseline,40000,76,74,74,0.01654611226770622
lung,baseline,40000,76,74,74,0.039731665382165965
lung,baseline,40000,76,74,74,0.0401621848460751
lung,baseline,40000,76,73,73,0.05169806611942363
lung,baseline,40000,76,73,73,0.03561430336947434
lung,baseline,40000,76,69,69,0.052615369240280006
lung,baseline,40000,76,61,61,0.07147522082338491
lung,baseline,40000,76,60,60,0.1471496010584667
lung,baseline,40000,76,46,46,0.14592524519900957
lung,baseline,40000,76,40,40,0.15551941656727322
lung,baseline,40000,76,75,75,0.021587282299303526
lung,baseline,40000,76,75,75,0.039451623091691264
lung,baseline,40000,76,75,75,0.008221393689952514
lung,baseline,40000,76,75,75,0.029038083829841337
lung,baseline,40000,76,75,75,0.11037999499722567
lung,baseline,40000,76,75,75,0.010523621771937062
lung,baseline,40000,76,73,73,0.02852090201480844
lung,baseline,40000,76,64,64,0.043863290947143585
lung,baseline,40000,76,72,72,0.07447092512495479
lung,baseline,40000,76,69,69,0.2652760177865286
lung,baseline,40000,76,75,75,0.12835775432392746
lung,baseline,40000,76,74,74,0.22496277806972875
lung,baseline,40000,76,73,73,0.2684999927862472
lung,baseline,40000,76,71,71,0.22505432099452657
lung,baseline,40000,76,69,69,0.15454421523257428
lung,baseline,40000,76,63,63,0.224000686109732
lung,baseline,40000,76,75,75,0.29571769126668157
lung,baseline,40000,76,75,75,0.24716606821570508
lung,baseline,40000,76,75,75,0.30290721065402093
lung,baseline,40000,76,75,75,0.1459364942279654
lung,baseline,40000,76,75,75,0.1184508968957631
lung,baseline,40000,76,47,47,0.1422685676187622
lung,baseline,40000,76,46,46,0.15140764831216855
lung,baseline,40000,76,75,75,0.10649654299065321
lung,baseline,40000,76,75,75,0.07998473017119354
lung,baseline,40000,76,71,71,0.044310223222161056
lung,baseline,40000,76,66,66,0.04884490717641709
lung,baseline,40000,76,75,75,0.11507597647625718
lung,baseline,40000,76,74,74,0.07808116051457581
lung,baseline,40000,76,68,68,0.07839391464699133
lung,baseline,40000,76,66,66,0.0417020100000379
lung,baseline,40000,76,61,61,0.051734246732958594
lung,baseline,40000,76,14,14,0.25706131555995465
lung,baseline,40000,76,75,75,0.005456683020498514
lung,baseline,40000,76,75,75,0.08316150251668379
lung,baseline,40000,76,75,75,0.1769808218517672
lung,baseline,40000,76,75,75,0.009804940199763034
lung,baseline,40000,76,74,74,0.04654953647674604
lung,baseline,40000,76,73,73,0.05171451125743683
lung,baseline,40000,76,75,75,0.10797903001168363
lung,baseline,40000,76,75,75,0.21843207918728103
lung,baseline,40000,76,70,70,0.02917518192284184
lung,baseline,40000,76,70,70,0.08979144764108694
lung,baseline,40000,76,66,66,0.07407033812042206
lung,baseline,40000,76,75,75,0.27173806756456637
lung,baseline,40000,76,64,64,0.02848228048507429
lung,baseline,40000,76,75,75,0.11012238588394328
lung,baseline,40000,76,74,74,0.08174426024335789
lung,baseline,40000,76,71,71,0.0409128224747575
lung,baseline,40000,77,76,76,0.31823855984649124
lung,baseline,40000,77,76,76,0.26523399108331747
lung,baseline,40000,77,76,76,0.1416775309731492
lung,baseline,40000,77,73,73,0.08518856848090328
lung,baseline,40000,77,74,74,0.252075456379724
lung,baseline,40000,77,65,65,0.0722280773570111
lung,baseline,40000,77,62,62,0.2514919293919375
lung,baseline,40000,77,74,74,0.13538748355989855
lung,baseline,40000,77,62,62,0.15613862874977508
lung,baseline,40000,77,76,76,0.2960525511494416
lung,baseline,40000,77,76,76,0.03882179768018911
lung,baseline,40000,77,76,76,0.2921715032485098
lung,baseline,40000,77,74,74,0.15000932207031273
lung,baseline,40000,77,76,76,0.03640427913469845
lung,baseline,40000,77,75,75,0.05683968254732176
lung,baseline,40000,77,75,75,0.07396238083337371
lung,baseline,40000,77,72,72,0.08939412520089293
lung,baseline,40000,77,71,71,0.13635697160673538
lung,baseline,40000,77,63,63,0.040713043741706915
lung,baseline,40000,77,58,58,0.16547313939002353
lung,baseline,40000,77,67,67,0.2180752885320757
lung,baseline,40000,77,66,66,0.2801223660848597
lung,baseline,40000,77,64,64,0.3265963319664614
lung,baseline,40000,77,63,63,0.30829904715221157
lung,baseline,40000,77,61,61,0.27385524789555826
lung,baseline,40000,77,75,75,0.05133533736337348
lung,baseline,40000,77,75,75,0.07049940790537029
lung,baseline,40000,77,74,74,0.022755948669019345
lung,baseline,40000,77,74,74,0.031498496427930005
lung,baseline,40000,77,73,73,0.049402149604273964
lung,baseline,40000,77,72,72,0.07965753005802213
lung,baseline,40000,77,72,72,0.04334613078862402
lung,baseline,40000,77,72,72,0.025225592363211334
lung,baseline,40000,77,54,54,0.04898745225472431
lung,baseline,40000,77,76,76,0.1270513751955582
lung,baseline,40000,77,74,74,0.01779566496288131
lung,baseline,40000,77,70,70,0.04261079511008274
lung,baseline,40000,77,56,56,0.12267033707815542
lung,baseline,40000,77,72,72,0.09006769932799362
lung,baseline,40000,77,53,53,0.08499145538496491
lung,baseline,40000,77,75,75,0.11344869247460693
lung,baseline,40000,77,72,72,0.09944192345471597
lung,baseline,40000,77,71,71,0.11616477545483996
lung,baseline,40000,77,71,71,0.17390562118340558
lung,baseline,40000,77,67,67,0.10270064841084699
lung,baseline,40000,77,66,66,0.10567176078775706
lung,baseline,40000,77,58,58,0.17689727685688406
lung,baseline,40000,77,76,76,0.2972486741150939
lung,baseline,40000,77,76,76,0.2863285613302693
lung,baseline,40000,77,76,76,0.24452393840230519
lung,baseline,40000,77,76,76,0.24714419833091875
lung,baseline,40000,77,76,76,0.17970742436593537
lung,baseline,40000,77,75,75,0.2268560746377294
lung,baseline,40000,77,70,70,0.21412117780957685
lung,baseline,40000,77,66,66,0.21785911903798386
lung,baseline,40000,77,55,55,0.3056753495008056
lung,baseline,40000,77,53,53,0.2796670248054808
lung,baseline,40000,77,28,28,0.4009259019716061
lung,baseline,40000,77,76,76,0.2481639358109636
lung,baseline,40000,77,76,76,0.16459982354669095
lung,baseline,40000,77,76,76,0.06879346169201504
lung,baseline,40000,77,70,70,0.05647939702799503
lung,baseline,40000,77,70,70,0.03731912304374462
lung,baseline,40000,77,72,72,0.2188873873446625
lung,baseline,40000,77,37,37,0.238755688380818
lung,baseline,40000,77,75,75,0.12283599408155815
lung,baseline,40000,77,75,75,0.13581532653596684
lung,baseline,40000,77,73,73,0.06894109156279579
lung,baseline,40000,77,73,73,0.11493517136014755
lung,baseline,40000,77,72,72,0.11025771349133534
lung,baseline,40000,77,71,71,0.020142081322039002
lung,baseline,40000,77,76,76,0.060811106465023565
lung,baseline,40000,77,76,76,0.12234942547281762
lung,baseline,40000,77,76,76,0.031158077386063635
lung,baseline,40000,77,62,62,0.16025219255560635
lung,baseline,40000,77,28,28,0.20076627539291417
lung,baseline,40000,77,14,14,0.2307647103241435
lung,baseline,40000,77,76,76,0.03223576451703095
lung,baseline,40000,77,73,73,0.06843252724418879
lung,baseline,40000,77,74,74,0.2544580778042673
lung,baseline,40000,77,62,62,0.2730106419451951
lung,baseline,40000,77,75,75,0.20157138587170353
lung,baseline,40000,77,75,75,0.21089671119175749
lung,baseline,40000,77,75,75,0.24319060618821897
lung,baseline,40000,77,70,70,0.13404203880042306
lung,baseline,40000,77,76,76,0.11645076999502259
lung,baseline,40000,77,73,73,0.03496523498973436
lung,baseline,40000,77,65,65,0.07929864649759436
lung,baseline,40000,77,76,76,0.19829288469753661
lung,baseline,40000,77,73,73,0.11986639585540892
lung,baseline,40000,77,76,76,0.14275646870848588
lung,baseline,40000,77,73,73,0.06924744595807822
lung,baseline,40000,77,76,76,0.02722930731236205
lung,baseline,40000,77,73,73,0.049073597784318135
lung,baseline,40000,77,72,72,0.07620669420252749
lung,baseline,40000,77,71,71,0.028198619659979194
lung,baseline,40000,77,76,76,0.17570374094504368
lung,baseline,40000,77,76,76,0.20876007819684542
lung,baseline,40000,77,76,76,0.07800654646000933
lung,baseline,40000,77,76,76,0.058087242320760256
lung,baseline,40000,77,76,76,0.1614129266226864
lung,baseline,40000,77,76,76,0.1311878233239343
lung,baseline,40000,77,76,76,0.23559726926784452
lung,baseline,40000,77,72,72,0.06076127478943606
lung,baseline,40000,77,76,76,0.038968416703396916
lung,baseline,40000,77,74,74,0.020733104694393156
lung,baseline,40000,77,68,68,0.11828602444661203
lung,baseline,40000,77,76,76,0.304758095972895
lung,baseline,40000,77,76,76,0.2956161193900501
lung,baseline,40000,77,56,56,0.10360911408234183
lung,baseline,40000,77,76,76,0.11982540282936716
lung,baseline,40000,77,35,35,0.22964440580780285
lung,baseline,40000,77,34,34,0.24060989198528535
lung,baseline,40000,77,74,74,0.03147533017476447
lung,baseline,40000,77,73,73,0.13237497277674154
lung,baseline,40000,77,71,71,0.1407023898578779
lung,baseline,40000,77,58,58,0.22916404964470902
lung,baseline,40000,77,63,63,0.13561615680807632
lung,baseline,40000,77,58,58,0.21366739553475284
lung,baseline,40000,77,74,74,0.054858652507053594
lung,baseline,40000,77,71,71,0.10845428818743723
lung,baseline,40000,77,73,73,0.12411019021187303
lung,baseline,40000,77,72,72,0.07550668787287407
lung,baseline,40000,77,71,71,0.12588448056819293
lung,baseline,40000,77,76,76,0.029950110560797234
lung,baseline,40000,77,76,76,0.04296370162205981
lung,baseline,40000,77,76,76,0.25898613320644964
lung,baseline,40000,77,75,75,0.24546768156831641
lung,baseline,40000,77,71,71,0.19245227752652566
lung,baseline,40000,77,19,19,0.39162009176817486
lung,baseline,40000,77,47,47,0.13861614428711336
lung,baseline,40000,77,46,46,0.1440408999185625
lung,baseline,40000,77,27,27,0.17377374414431548
lung,baseline,40000,77,66,66,0.022903892610812267
lung,baseline,40000,77,76,76,0.0029690069404967752
lung,baseline,40000,77,76,76,0.1399893813278792
lung,baseline,40000,77,76,76,0.26663321768683
lung,baseline,40000,77,76,76,0.19807700527384164
lung,baseline,40000,77,75,75,0.04582644715598866
lung,baseline,40000,77,74,74,0.01592966390406534
lung,baseline,40000,77,73,73,0.14234503427323797
lung,baseline,40000,77,71,71,0.14498545778411212
lung,baseline,40000,77,71,71,0.14341443101886459
lung,baseline,40000,77,75,75,0.2163687540527674
lung,baseline,40000,77,75,75,0.21986130852022812
lung,baseline,40000,77,75,75,0.15847066154622144
lung,baseline,40000,77,75,75,0.21860978757026525
lung,baseline,40000,77,76,76,0.007739228615366772
lung,baseline,40000,77,76,76,0.21226136078873592
lung,baseline,40000,77,76,76,0.03544416436379823
lung,baseline,40000,77,76,76,0.0044245470841694015
lung,baseline,40000,77,76,76,0.247136493513713
lung,baseline,40000,77,75,75,0.029870126379598846
lung,baseline,40000,77,74,74,0.013486453178887439
lung,baseline,40000,77,68,68,0.04777822268299048
lung,baseline,40000,77,73,73,0.07343249981798605
lung,baseline,40000,77,57,57,0.33777104412519965
lung,baseline,40000,77,37,37,0.2958002399572214
lung,baseline,40000,77,76,76,0.03519781453630365
lung,baseline,40000,77,76,76,0.019403794150461166
lung,baseline,40000,77,76,76,0.005502294010132662
lung,baseline,40000,77,76,76,0.10145813653054928
lung,baseline,40000,77,76,76,0.22110361701266248
lung,baseline,40000,77,74,74,0.11978602594474673
lung,baseline,40000,77,75,75,0.28556998599680594
lung,baseline,40000,77,72,72,0.27237091876639924
lung,baseline,40000,77,76,76,0.052664232213493284
lung,baseline,40000,77,76,76,0.023819976306354813
lung,baseline,40000,77,75,75,0.1513367240176819
lung,baseline,40000,77,73,73,0.07613778763551096
lung,baseline,40000,77,76,76,0.24555210935477959
lung,baseline,40000,77,76,76,0.2628368947393083
lung,baseline,40000,77,72,72,0.10173914280685636
lung,baseline,40000,77,68,68,0.08449062903852124
lung,baseline,40000,77,76,76,0.1372752412160014
lung,baseline,40000,77,73,73,0.10086419804848984
lung,baseline,40000,77,61,61,0.03662201849414955
lung,baseline,40000,77,76,76,0.23140560948839486
lung,baseline,40000,77,76,76,0.14757381790533877
lung,baseline,40000,77,72,72,0.08643837925188576
lung,baseline,40000,77,68,68,0.039259174630517014
lung,baseline,40000,77,53,53,0.07970147970802953
lung,baseline,40000,77,76,76,0.19525056555471057
lung,baseline,40000,77,76,76,0.2711926189473846
lung,baseline,40000,77,76,76,0.01310576714609008
lung,baseline,40000,77,46,46,0.21052799088920884
lung,baseline,40000,77,40,40,0.2270499014045277
lung,baseline,40000,77,28,28,0.2804780181224736
lung,baseline,40000,77,64,64,0.17256852438182374
lung,baseline,40000,77,35,35,0.209333385964485
lung,baseline,40000,77,34,34,0.21139916041873782
lung,baseline,40000,77,19,19,0.27089798200739273
lung,baseline,40000,77,37,37,0.18033707280156513
lung,baseline,40000,77,34,34,0.26166287776651354
lung,baseline,40000,77,76,76,0.021152946908815185
lung,baseline,40000,77,76,76,0.29061016527582645
lung,baseline,40000,77,76,76,0.31303607605557915
lung,baseline,40000,77,64,64,0.1411772963050012
lung,baseline,40000,77,76,76,0.2759546538589418
lung,baseline,40000,77,76,76,0.22460103040964405
lung,baseline,40000,77,57,57,0.033796365349782136
lung,baseline,40000,77,54,54,0.031078205676089987
lung,baseline,40000,77,47,47,0.10241542624696416
lung,baseline,40000,77,44,44,0.0359037365179523
lung,baseline,40000,77,75,75,0.053375804529263014
lung,baseline,40000,77,75,75,0.011857718356655155
lung,baseline,40000,77,72,72,0.07854698080292367
lung,baseline,40000,77,54,54,0.04473754153135592
lung,baseline,40000,77,14,14,0.2453640733468132
lung,baseline,40000,77,70,70,0.1100562071128884
lung,baseline,40000,77,68,68,0.11075386994573459
lung,baseline,40000,77,53,53,0.10597957083771253
lung,baseline,40000,77,20,20,0.29223824617091443
lung,baseline,40000,77,72,72,0.284249994766241
lung,baseline,40000,77,76,76,0.03662295407328514
lung,baseline,40000,77,76,76,0.22714016474764
lung,baseline,40000,77,76,76,0.05417129342413318
lung,baseline,40000,77,76,76,0.15960714427745099
lung,baseline,40000,77,74,74,0.10451608207959548
lung,baseline,40000,77,64,64,0.11372971041968427
lung,baseline,40000,77,34,34,0.19044801744566126
lung,baseline,40000,77,33,33,0.19143011075321525
lung,baseline,40000,77,28,28,0.20003575973467788
lung,baseline,40000,77,76,76,0.00567011448648587
lung,baseline,40000,77,72,72,0.0880574266493461
lung,baseline,40000,77,54,54,0.02996909976233039
lung,baseline,40000,77,76,76,0.10689797916565141
lung,baseline,40000,77,76,76,0.320016280578823
lung,baseline,40000,77,76,76,0.2677884175092002
lung,baseline,40000,77,74,74,0.05091006000811308
lung,baseline,40000,77,76,76,0.12093897188738527
lung,baseline,40000,77,76,76,0.03318276327206339
lung,baseline,40000,77,76,76,0.010437488403201097
lung,baseline,40000,77,76,76,0.012065337312354677
lung,baseline,40000,77,73,73,0.022889947981829816
lung,baseline,40000,77,73,73,0.06477424906931309
lung,baseline,40000,77,76,76,0.016160518577396296
lung,baseline,40000,77,76,76,0.011087913582706931
lung,baseline,40000,77,76,76,0.009766174741778206
lung,baseline,40000,77,76,76,0.10101785082805656
lung,baseline,40000,77,76,76,0.21358689271957232
lung,baseline,40000,77,76,76,0.03167243396200213
lung,baseline,40000,77,70,70,0.03792406505379357
lung,baseline,40000,77,72,72,0.10033177402133381
lung,baseline,40000,77,19,19,0.2352542591701897
lung,baseline,40000,77,74,74,0.017591905932598975
lung,baseline,40000,77,74,74,0.006431244887436985
lung,baseline,40000,77,68,68,0.027411296991309946
lung,baseline,40000,77,62,62,0.04734870659927853
lung,baseline,40000,77,72,72,0.08393120559689089
lung,baseline,40000,77,57,57,0.037134611756538406
lung,baseline,40000,77,54,54,0.03610359067232835
lung,baseline,40000,77,44,44,0.03563717087208476
lung,baseline,40000,77,70,70,0.10647375405265688
lung,baseline,40000,77,44,44,0.11155074079734292
lung,baseline,40000,77,37,37,0.11351400761753735
lung,baseline,40000,77,19,19,0.23647074262337284
lung,baseline,40000,77,75,75,0.2619519553373661
lung,baseline,40000,77,70,70,0.15885813434192134
lung,baseline,40000,77,76,76,0.1700599529713795
lung,baseline,40000,77,66,66,0.09974720755240862
lung,baseline,40000,77,14,14,0.26193621965221514
lung,baseline,40000,77,76,76,0.010623608358457692
lung,baseline,40000,77,71,71,0.10790272171821251
lung,baseline,40000,77,28,28,0.1351009466247796
lung,baseline,40000,77,76,76,0.03411236886112683
lung,baseline,40000,77,76,76,0.007299929137280164
lung,baseline,40000,77,76,76,0.11166520062026004
lung,baseline,40000,77,76,76,0.004917097772991387
lung,baseline,40000,77,76,76,0.05410973322317609
lung,baseline,40000,77,72,72,0.12073900277172009
lung,baseline,40000,77,70,70,0.07925784059148656
lung,baseline,40000,77,64,64,0.08485336007647391
lung,baseline,40000,77,57,57,0.13931781480433011
lung,baseline,40000,77,76,76,0.015463197061576044
lung,baseline,40000,77,76,76,0.27189638173558583
lung,baseline,40000,77,76,76,0.2713990572662354
lung,baseline,40000,77,76,76,0.20126682975897262
lung,baseline,40000,77,76,76,0.22962722010208167
lung,baseline,40000,77,70,70,0.2278696912894531
lung,baseline,40000,77,76,76,0.10598016079267508
lung,baseline,40000,77,76,76,0.22715602144384545
lung,baseline,40000,77,73,73,0.20444225494506688
lung,baseline,40000,77,76,76,0.26614639661163075
lung,baseline,40000,77,76,76,0.2121526464955262
lung,baseline,40000,77,76,76,0.15464550486203024
lung,baseline,40000,77,76,76,0.19509746069850523
lung,baseline,40000,77,76,76,0.007380777083224755
lung,baseline,40000,77,76,76,0.048741672962601366
lung,baseline,40000,77,76,76,0.0694621653832526
lung,baseline,40000,77,76,76,0.19246912754976866
lung,baseline,40000,77,76,76,0.185232334268993
lung,baseline,40000,77,76,76,0.009074567265636681
lung,baseline,40000,77,76,76,0.0029465165793331853
lung,baseline,40000,77,76,76,0.005944027029212618
lung,baseline,40000,77,76,76,0.0031085262015366293
lung,baseline,40000,77,75,75,0.014044217782410327
lung,baseline,40000,77,75,75,0.011281101786218599
lung,baseline,40000,77,74,74,0.03033423315020418
lung,baseline,40000,77,71,71,0.017792039236706438
lung,baseline,40000,77,73,73,0.05118149160395355
lung,baseline,40000,77,73,73,0.06943497219172556
lung,baseline,40000,77,59,59,0.07220541981062803
lung,baseline,40000,77,37,37,0.10951900062702735
lung,baseline,40000,77,34,34,0.13869014495676932
lung,baseline,40000,77,74,74,0.12076270545720104
lung,baseline,40000,77,76,76,0.23919707074286328
lung,baseline,40000,77,76,76,0.2368193844519103
lung,baseline,40000,77,37,37,0.21777154368875234
lung,baseline,40000,77,34,34,0.19638591307523012
lung,baseline,40000,77,76,76,0.013846567535758244
lung,baseline,40000,77,73,73,0.06894575853493973
lung,baseline,40000,77,72,72,0.05465987455102925
lung,baseline,40000,77,75,75,0.05421441853735929
lung,baseline,40000,77,75,75,0.004729197758535031
lung,baseline,40000,77,74,74,0.010750469757575525
lung,baseline,40000,77,73,73,0.07019516766546043
lung,baseline,40000,77,72,72,0.016830572451272577
lung,baseline,40000,77,76,76,0.1409387147952198
lung,baseline,40000,77,59,59,0.3312182814035102
lung,baseline,40000,77,64,64,0.062007706465653276
lung,baseline,40000,77,57,57,0.1413073917076231
lung,baseline,40000,77,76,76,0.032941696304977175
lung,baseline,40000,77,75,75,0.1545233855376813
lung,baseline,40000,77,73,73,0.13030993940010516
lung,baseline,40000,77,72,72,0.07705549091440456
lung,baseline,40000,77,54,54,0.1461514195168871
lung,baseline,40000,77,72,72,0.09116944182998389
lung,baseline,40000,77,68,68,0.052300811124490316
lung,baseline,40000,77,76,76,0.15003917172095554
lung,baseline,40000,77,76,76,0.2135720446914667
lung,baseline,40000,77,76,76,0.1776247937013934
lung,baseline,40000,77,76,76,0.010789377377055362
lung,baseline,40000,77,76,76,0.11376521458661078
lung,baseline,40000,77,76,76,0.017946342917746543
lung,baseline,40000,77,76,76,0.09940630407773549
lung,baseline,40000,77,76,76,0.021115204031198542
lung,baseline,40000,77,76,76,0.007425791494015207
lung,baseline,40000,77,76,76,0.014672490851511656
lung,baseline,40000,77,75,75,0.029090914264414368
lung,baseline,40000,77,75,75,0.013784199444846703
lung,baseline,40000,77,75,75,0.01219355958538451
lung,baseline,40000,77,74,74,0.04074082610991766
lung,baseline,40000,77,68,68,0.030084776324217754
lung,baseline,40000,77,74,74,0.27830756252443367
lung,baseline,40000,77,74,74,0.28268653285685513
lung,baseline,40000,77,73,73,0.30984291545614945
lung,baseline,40000,77,73,73,0.31836458345576857
lung,baseline,40000,77,73,73,0.321561787640074
lung,baseline,40000,77,73,73,0.3163248118418236
lung,baseline,40000,77,64,64,0.2553722984697074
lung,baseline,40000,77,56,56,0.28406778870540433
lung,baseline,40000,77,53,53,0.14551295196299008
lung,baseline,40000,77,49,49,0.04854636350331496
lung,baseline,40000,77,37,37,0.12576557720531203
lung,baseline,40000,77,75,75,0.14612898810253416
lung,baseline,40000,77,74,74,0.15401964333628826
lung,baseline,40000,77,73,73,0.1402524802295934
lung,baseline,40000,77,54,54,0.17174570945578294
lung,baseline,40000,78,57,57,0.2525256406570935
lung,baseline,40000,78,37,37,0.2452232181755762
lung,baseline,40000,78,64,64,0.02424763825628455
lung,baseline,40000,78,64,64,0.08138053974068203
lung,baseline,40000,78,59,59,0.05988655267252898
lung,baseline,40000,78,73,73,0.07558661199459055
lung,baseline,40000,78,19,19,0.2343000637516757
lung,baseline,40000,78,74,74,0.18060172162158725
lung,baseline,40000,78,74,74,0.1555488897807437
lung,baseline,40000,78,69,69,0.1797957832988452
lung,baseline,40000,78,77,77,0.10656403363507302
lung,baseline,40000,78,77,77,0.2569126860912094
lung,baseline,40000,78,77,77,0.23321255535964436
lung,baseline,40000,78,77,77,0.21237561044956182
lung,baseline,40000,78,71,71,0.1129600825528776
lung,baseline,40000,78,61,61,0.188109214902325
lung,baseline,40000,78,77,77,0.25884847657732435
lung,baseline,40000,78,77,77,0.2516530152569032
lung,baseline,40000,78,77,77,0.1487689250679794
lung,baseline,40000,78,77,77,0.23271169731502148
lung,baseline,40000,78,77,77,0.046033602957352766
lung,baseline,40000,78,77,77,0.10827019684502731
lung,baseline,40000,78,77,77,0.15613938641057787
lung,baseline,40000,78,77,77,0.012817670715225476
lung,baseline,40000,78,77,77,0.03642280170859091
lung,baseline,40000,78,77,77,0.2191348299559533
lung,baseline,40000,78,76,76,0.07013753950259441
lung,baseline,40000,78,76,76,0.027297853901133234
lung,baseline,40000,78,74,74,0.034583365667288146
lung,baseline,40000,78,77,77,0.01000076257991623
lung,baseline,40000,78,77,77,0.07798071778506145
lung,baseline,40000,78,77,77,0.20448682296293408
lung,baseline,40000,78,76,76,0.21819087029600007
lung,baseline,40000,78,76,76,0.30765361194430535
lung,baseline,40000,78,76,76,0.24902930335907486
lung,baseline,40000,78,64,64,0.10750806903490745
lung,baseline,40000,78,77,77,0.056279863804285415
lung,baseline,40000,78,77,77,0.018337586072887956
lung,baseline,40000,78,75,75,0.008458989780136823
lung,baseline,40000,78,69,69,0.015123232326333759
lung,baseline,40000,78,44,44,0.05025214169084484
lung,baseline,40000,78,77,77,0.2051534820034785
lung,baseline,40000,78,77,77,0.2933475229128856
lung,baseline,40000,78,77,77,0.24347932084047932
lung,baseline,40000,78,76,76,0.03553720500661519
lung,baseline,40000,78,76,76,0.034853257385473096
lung,baseline,40000,78,75,75,0.08947675929952438
lung,baseline,40000,78,77,77,0.08358770366170068
lung,baseline,40000,78,77,77,0.2866500679570582
lung,baseline,40000,78,77,77,0.26801370941721314
lung,baseline,40000,78,77,77,0.30288953249185957
lung,baseline,40000,78,75,75,0.004955738616826213
lung,baseline,40000,78,77,77,0.0957556332871177
lung,baseline,40000,78,28,28,0.1614527503579278
lung,baseline,40000,78,75,75,0.054840073403690834
lung,baseline,40000,78,73,73,0.0847279650959316
lung,baseline,40000,78,71,71,0.028297607652885543
lung,baseline,40000,78,69,69,0.05743604635317197
lung,baseline,40000,78,77,77,0.27042029516568655
lung,baseline,40000,78,77,77,0.20332210380946064
lung,baseline,40000,78,77,77,0.20110817501757802
lung,baseline,40000,78,77,77,0.005182398859567439
lung,baseline,40000,78,77,77,0.014303074914782297
lung,baseline,40000,78,73,73,0.07122851458103724
lung,baseline,40000,78,70,70,0.08492808732985371
lung,baseline,40000,78,77,77,0.05936182021284552
lung,baseline,40000,78,75,75,0.01567512836278957
lung,baseline,40000,78,75,75,0.016802096020565104
lung,baseline,40000,78,73,73,0.10336205373798527
lung,baseline,40000,78,77,77,0.1394303246304816
lung,baseline,40000,78,77,77,0.2821362241211392
lung,baseline,40000,78,77,77,0.2968442239840384
lung,baseline,40000,78,77,77,0.024504705937675245
lung,baseline,40000,78,76,76,0.07453576945634063
lung,baseline,40000,78,75,75,0.02871714371205217
lung,baseline,40000,78,73,73,0.07821239421051719
lung,baseline,40000,78,70,70,0.014595751437806939
lung,baseline,40000,78,73,73,0.11274586385652616
lung,baseline,40000,78,53,53,0.15736477230082144
lung,baseline,40000,78,72,72,0.12449144491186986
lung,baseline,40000,78,28,28,0.22230758345732987
lung,baseline,40000,78,72,72,0.016915511833084266
lung,baseline,40000,78,72,72,0.06921163636726374
lung,baseline,40000,78,68,68,0.04058684002244094
lung,baseline,40000,78,72,72,0.10138901396507316
lung,baseline,40000,78,72,72,0.048855845414103385
lung,baseline,40000,78,77,77,0.1254652618338142
lung,baseline,40000,78,76,76,0.24953251589213446
lung,baseline,40000,78,76,76,0.25559140273909536
lung,baseline,40000,78,75,75,0.3046152433282784
lung,baseline,40000,78,70,70,0.27084157153974175
lung,baseline,40000,78,70,70,0.2820507619654645
lung,baseline,40000,78,62,62,0.2201990248044252
lung,baseline,40000,78,75,75,0.056213600762024335
lung,baseline,40000,78,74,74,0.07039542300106764
lung,baseline,40000,78,72,72,0.01922919539579171
lung,baseline,40000,78,59,59,0.058604636586701134
lung,baseline,40000,78,77,77,0.1252052746283063
lung,baseline,40000,78,76,76,0.012142680267304001
lung,baseline,40000,78,75,75,0.022082472204198376
lung,baseline,40000,78,77,77,0.18451846125075588
lung,baseline,40000,78,72,72,0.2563710789226295
lung,baseline,40000,78,74,74,0.015963336704921182
lung,baseline,40000,78,73,73,0.06997352116098055
lung,baseline,40000,78,73,73,0.08408510017976611
lung,baseline,40000,78,73,73,0.0691532719127326
lung,baseline,40000,78,64,64,0.024230097611084366
lung,baseline,40000,78,77,77,0.1444892571947155
lung,baseline,40000,78,74,74,0.06796481876725244
lung,baseline,40000,78,74,74,0.2345556850691693
lung,baseline,40000,78,74,74,0.21935248491756446
lung,baseline,40000,78,67,67,0.1606043682792387
lung,baseline,40000,78,66,66,0.19427665002674166
lung,baseline,40000,78,63,63,0.2365932218097125
lung,baseline,40000,78,61,61,0.1865804546436457
lung,baseline,40000,78,77,77,0.1671668825977389
lung,baseline,40000,78,75,75,0.008830004832838422
lung,baseline,40000,78,77,77,0.14142436521346882
lung,baseline,40000,78,77,77,0.09575707765465302
lung,baseline,40000,78,77,77,0.05769358788136565
lung,baseline,40000,78,77,77,0.0068959983124574345
lung,baseline,40000,78,77,77,0.20515657856853986
lung,baseline,40000,78,76,76,0.10460830085765183
lung,baseline,40000,78,73,73,0.12921784872033168
lung,baseline,40000,78,70,70,0.028906887873044823
lung,baseline,40000,78,77,77,0.27894266178335536
lung,baseline,40000,78,71,71,0.20738537630658713
lung,baseline,40000,78,68,68,0.10955772092366024
lung,baseline,40000,78,77,77,0.03671489074872855
lung,baseline,40000,78,66,66,0.13592943538712424
lung,baseline,40000,78,52,52,0.2003476775737813
lung,baseline,40000,78,44,44,0.2023319375547536
lung,baseline,40000,78,40,40,0.21180751863424335
lung,baseline,40000,78,35,35,0.22040480654471972
lung,baseline,40000,78,19,19,0.5113751984270622
lung,baseline,40000,78,77,77,0.23597221215212533
lung,baseline,40000,78,77,77,0.25830517144291326
lung,baseline,40000,78,77,77,0.16375842123311657
lung,baseline,40000,78,77,77,0.15711739614501483
lung,baseline,40000,78,73,73,0.14573097837109475
lung,baseline,40000,78,57,57,0.04875422235404303
lung,baseline,40000,78,44,44,0.04869763601449126
lung,baseline,40000,78,44,44,0.1173815487171631
lung,baseline,40000,78,40,40,0.056332247870588235
lung,baseline,40000,78,76,76,0.15300278559423863
lung,baseline,40000,78,72,72,0.1380485549897565
lung,baseline,40000,78,69,69,0.16886386557688848
lung,baseline,40000,78,77,77,0.010240403486094897
lung,baseline,40000,78,74,74,0.10664172029551042
lung,baseline,40000,78,72,72,0.11435681600526983
lung,baseline,40000,78,77,77,0.07844739516296778
lung,baseline,40000,78,77,77,0.061063503645423796
lung,baseline,40000,78,77,77,0.018414080427762467
lung,baseline,40000,78,75,75,0.015403998079822501
lung,baseline,40000,78,75,75,0.017190080527460173
lung,baseline,40000,78,77,77,0.3058352212993659
lung,baseline,40000,78,74,74,0.13602291804529465
lung,baseline,40000,78,71,71,0.27728032667176944
lung,baseline,40000,78,76,76,0.17090790568881675
lung,baseline,40000,78,66,66,0.18266337359633764
lung,baseline,40000,78,77,77,0.1573832438331588
lung,baseline,40000,78,77,77,0.07542651309469073
lung,baseline,40000,78,77,77,0.12147060290242448
lung,baseline,40000,78,75,75,0.025679817916867905
lung,baseline,40000,78,74,74,0.09845332805902578
lung,baseline,40000,78,77,77,0.10333341183173585
lung,baseline,40000,78,76,76,0.2598628132877879
lung,baseline,40000,78,62,62,0.14918652907036062
lung,baseline,40000,78,49,49,0.1867494967432072
lung,baseline,40000,78,44,44,0.18653559992574575
lung,baseline,40000,78,40,40,0.20517730703380574
lung,baseline,40000,78,77,77,0.03635676207058876
lung,baseline,40000,78,77,77,0.11939199122127925
lung,baseline,40000,78,74,74,0.06842074676051196
lung,baseline,40000,78,59,59,0.11720144580671753
lung,baseline,40000,78,58,58,0.08525393879064853
lung,baseline,40000,78,52,52,0.09412111631043817
lung,baseline,40000,78,37,37,0.155727618738738
lung,baseline,40000,78,77,77,0.028974463067294114
lung,baseline,40000,78,77,77,0.028647357957742144
lung,baseline,40000,78,77,77,0.11372549072207282
lung,baseline,40000,78,77,77,0.05273425682278616
lung,baseline,40000,78,77,77,0.010217774202366034
lung,baseline,40000,78,77,77,0.004926757241249645
lung,baseline,40000,78,67,67,0.01855899281515836
lung,baseline,40000,78,77,77,0.07467352669398152
lung,baseline,40000,78,75,75,0.013880600373379357
lung,baseline,40000,78,74,74,0.010542518048108246
lung,baseline,40000,78,52,52,0.03603128228666037
lung,baseline,40000,78,75,75,0.009377182783030102
lung,baseline,40000,78,74,74,0.0691232499347723
lung,baseline,40000,78,69,69,0.046777381911368134
lung,baseline,40000,78,77,77,0.2761701165453162
lung,baseline,40000,78,77,77,0.15122500545299622
lung,baseline,40000,78,77,77,0.2947435487271091
lung,baseline,40000,78,75,75,0.24216901221508796
lung,baseline,40000,78,28,28,0.19940983989223976
lung,baseline,40000,78,77,77,0.24347043475116392
lung,baseline,40000,78,75,75,0.32847794812156345
lung,baseline,40000,78,75,75,0.27922583513435373
lung,baseline,40000,78,72,72,0.33495055586819356
lung,baseline,40000,78,71,71,0.25481061758038437
lung,baseline,40000,78,71,71,0.2170132875246614
lung,baseline,40000,78,63,63,0.3193529814588558
lung,baseline,40000,78,34,34,0.05968009739402778
lung,baseline,40000,78,77,77,0.10842186644006355
lung,baseline,40000,78,73,73,0.11279809596130654
lung,baseline,40000,78,77,77,0.12964887248549298
lung,baseline,40000,78,74,74,0.07287382876156911
lung,baseline,40000,78,74,74,0.02279589739791122
lung,baseline,40000,78,72,72,0.11817337846742035
lung,baseline,40000,78,28,28,0.16203815718588763
lung,baseline,40000,78,76,76,0.20709843533862748
lung,baseline,40000,78,66,66,0.21173642064631393
lung,baseline,40000,78,28,28,0.22601077639266026
lung,baseline,40000,78,37,37,0.28786214796741066
lung,baseline,40000,78,28,28,0.34304518066208084
lung,baseline,40000,78,37,37,0.1681890483585677
lung,baseline,40000,78,35,35,0.2052352818545923
lung,baseline,40000,78,34,34,0.2074644117367362
lung,baseline,40000,78,19,19,0.26140113996481934
lung,baseline,40000,78,76,76,0.008176362746033438
lung,baseline,40000,78,71,71,0.020439950361239658
lung,baseline,40000,78,70,70,0.32722392755347096
lung,baseline,40000,78,67,67,0.3001828354849252
lung,baseline,40000,78,64,64,0.30612560374220704
lung,baseline,40000,78,64,64,0.3026113852825749
lung,baseline,40000,78,63,63,0.32436245616382925
lung,baseline,40000,78,73,73,0.019228120647684487
lung,baseline,40000,78,64,64,0.14884928920472065
lung,baseline,40000,78,64,64,0.05186378724211495
lung,baseline,40000,78,64,64,0.04286705887734531
lung,baseline,40000,78,64,64,0.13799132605116066
lung,baseline,40000,78,63,63,0.08121721297111054
lung,baseline,40000,78,59,59,0.13389385831111403
lung,baseline,40000,78,77,77,0.005459394526410031
lung,baseline,40000,78,77,77,0.04318738359887603
lung,baseline,40000,78,76,76,0.006340456636808795
lung,baseline,40000,78,76,76,0.0059169356593645195
lung,baseline,40000,78,75,75,0.039027102474861054
lung,baseline,40000,78,75,75,0.014438820901060679
lung,baseline,40000,78,75,75,0.03507609294888397
lung,baseline,40000,78,74,74,0.005767560848956741
lung,baseline,40000,78,74,74,0.07285407095000873
lung,baseline,40000,78,74,74,0.016009305696695588
lung,baseline,40000,78,73,73,0.019300164280770436
lung,baseline,40000,78,71,71,0.027827188804308994
lung,baseline,40000,78,77,77,0.007598746931865541
lung,baseline,40000,78,70,70,0.09001779925720253
lung,baseline,40000,78,64,64,0.09749299511745553
lung,baseline,40000,78,62,62,0.07843033402501175
lung,baseline,40000,78,49,49,0.04397499667624985
lung,baseline,40000,78,44,44,0.037662416348730084
lung,baseline,40000,78,40,40,0.04687685502230318
lung,baseline,40000,78,77,77,0.22112507813455187
lung,baseline,40000,78,77,77,0.19079171417708257
lung,baseline,40000,78,77,77,0.2818936853186569
lung,baseline,40000,78,75,75,0.01411223258694396
lung,baseline,40000,78,65,65,0.09785672499600663
lung,baseline,40000,78,77,77,0.053708884417456755
lung,baseline,40000,78,77,77,0.008795909140569023
lung,baseline,40000,78,76,76,0.005457274184553681
lung,baseline,40000,78,74,74,0.06892817329479889
lung,baseline,40000,78,67,67,0.2184534899685886
lung,baseline,40000,78,66,66,0.2843654685745148
lung,baseline,40000,78,64,64,0.3286961127028925
lung,baseline,40000,78,63,63,0.3119717198064522
lung,baseline,40000,78,61,61,0.27554029348150577
lung,baseline,40000,78,77,77,0.118663725543305
lung,baseline,40000,78,77,77,0.051846460013895215
lung,baseline,40000,78,77,77,0.0336324319924573
lung,baseline,40000,78,77,77,0.03772261867071102
lung,baseline,40000,78,75,75,0.02059222702453557
lung,baseline,40000,78,76,76,0.013600862110471379
lung,baseline,40000,78,74,74,0.06803140585010271
lung,baseline,40000,78,72,72,0.11174088963223733
lung,baseline,40000,78,77,77,0.05408352255200804
lung,baseline,40000,78,77,77,0.07978764257033197
lung,baseline,40000,78,76,76,0.14900655375394847
lung,baseline,40000,78,76,76,0.012491671777295113
lung,baseline,40000,78,74,74,0.14747658147683546
lung,baseline,40000,78,71,71,0.01662124556432152
lung,baseline,40000,78,77,77,0.2370207679763471
lung,baseline,40000,78,77,77,0.23666492459153618
lung,baseline,40000,78,77,77,0.2571257071997757
lung,baseline,40000,78,70,70,0.14701839774463837
lung,baseline,40000,78,27,27,0.20675932480740503
lung,baseline,40000,78,70,70,0.08001383677312568
lung,baseline,40000,78,57,57,0.05009750004685496
lung,baseline,40000,78,44,44,0.043071549091293924
lung,baseline,40000,78,40,40,0.05050692167844499
lung,baseline,40000,78,77,77,0.027397726635574406
lung,baseline,40000,78,74,74,0.010890108365377888
lung,baseline,40000,78,73,73,0.07836266866327356
lung,baseline,40000,78,53,53,0.03323926819234081
lung,baseline,40000,78,59,59,0.33555911714354203
lung,baseline,40000,78,77,77,0.07440815896404014
lung,baseline,40000,78,77,77,0.15637970646779595
lung,baseline,40000,78,77,77,0.059666704058669404
lung,baseline,40000,78,51,51,0.03249995532836232
lung,baseline,40000,78,34,34,0.0692038491466405
lung,baseline,40000,78,77,77,0.12749211912109223
lung,baseline,40000,78,74,74,0.03752649534118257
lung,baseline,40000,78,74,74,0.10012262275274468
lung,baseline,40000,78,77,77,0.09967267514272518
lung,baseline,40000,78,73,73,0.11176095865131702
lung,baseline,40000,78,72,72,0.017955846316100192
lung,baseline,40000,78,77,77,0.2912904031793747
lung,baseline,40000,78,76,76,0.2536317274816345
lung,baseline,40000,78,77,77,0.25182186032704157
lung,baseline,40000,78,77,77,0.27533840037121254
lung,baseline,40000,78,75,75,0.30676322316243126
lung,baseline,40000,78,75,75,0.26531781253762976
lung,baseline,40000,78,71,71,0.24370033819117579
lung,baseline,40000,78,70,70,0.23585050727118748
lung,baseline,40000,78,69,69,0.2852950502836079
lung,baseline,40000,78,67,67,0.24169723215558095
lung,baseline,40000,78,67,67,0.2226155182111356
lung,baseline,40000,78,63,63,0.28525312693374216
lung,baseline,40000,78,77,77,0.06454542134255985
lung,baseline,40000,78,77,77,0.08390952904441547
lung,baseline,40000,78,75,75,0.012028449498560021
lung,baseline,40000,78,71,71,0.02078287663463125
lung,baseline,40000,78,74,74,0.2689821869128548
lung,baseline,40000,78,70,70,0.22532185718493003
lung,baseline,40000,78,66,66,0.23700987761165987
lung,baseline,40000,78,76,76,0.00860185517455471
lung,baseline,40000,78,73,73,0.08675024307908578
lung,baseline,40000,78,66,66,0.07745454136050052
lung,baseline,40000,78,59,59,0.08169120150306591
lung,baseline,40000,78,77,77,0.24640560271011658
lung,baseline,40000,78,76,76,0.2561020927935661
lung,baseline,40000,78,73,73,0.0836522859118883
lung,baseline,40000,78,49,49,0.04316034830077085
lung,baseline,40000,78,44,44,0.03742543299352568
lung,baseline,40000,78,40,40,0.046721044707416635
lung,baseline,40000,78,77,77,0.12320191570844982
lung,baseline,40000,78,77,77,0.009636128670101999
lung,baseline,40000,78,77,77,0.16118373857539622
lung,baseline,40000,78,77,77,0.2216006158820802
lung,baseline,40000,78,76,76,0.051122159160464864
lung,baseline,40000,78,76,76,0.017872583788827827
lung,baseline,40000,78,75,75,0.04491626642472776
lung,baseline,40000,78,75,75,0.017802052370457226
lung,baseline,40000,78,67,67,0.11174822162387418
lung,baseline,40000,78,73,73,0.15982272218114335
lung,baseline,40000,78,64,64,0.17011990368362484
lung,baseline,40000,78,59,59,0.15118302757223356
lung,baseline,40000,78,66,66,0.14811268855069495
lung,baseline,40000,78,74,74,0.0689493798332796
lung,baseline,40000,78,64,64,0.025577519598985896
lung,baseline,40000,78,59,59,0.06282798143290531
lung,baseline,40000,78,77,77,0.030045906643157375
lung,baseline,40000,78,76,76,0.1295658135345849
lung,baseline,40000,78,76,76,0.13098255258147568
lung,baseline,40000,78,74,74,0.03486448079300324
lung,baseline,40000,78,74,74,0.12533573035086132
lung,baseline,40000,78,73,73,0.07490774886013646
lung,baseline,40000,78,71,71,0.05100340375615534
lung,baseline,40000,78,67,67,0.029505218897910142
lung,baseline,40000,78,64,64,0.05680579561320767
lung,baseline,40000,78,65,65,0.14185324212417177
lung,baseline,40000,78,68,68,0.1947146632503286
lung,baseline,40000,78,64,64,0.19190228394502745
lung,baseline,40000,78,55,55,0.20345967297675419
lung,baseline,40000,78,28,28,0.3437389024228392
lung,baseline,40000,78,75,75,0.031950325637041074
lung,baseline,40000,78,73,73,0.08439276394002856
lung,baseline,40000,78,72,72,0.07079854852594444
lung,baseline,40000,78,69,69,0.05029324092636768
lung,baseline,40000,78,68,68,0.0412270174122199
lung,baseline,40000,78,77,77,0.009910878057880023
lung,baseline,40000,78,74,74,0.01604213612869424
lung,baseline,40000,78,74,74,0.06914789896897111
lung,baseline,40000,78,77,77,0.24110899884512532
lung,baseline,40000,78,77,77,0.20778345999230338
lung,baseline,40000,78,77,77,0.26657357432584355
lung,baseline,40000,78,77,77,0.023021045905920263
lung,baseline,40000,78,77,77,0.28089359497806865
lung,baseline,40000,78,74,74,0.0911426651459885
lung,baseline,40000,78,77,77,0.26621616180779595
lung,baseline,40000,78,77,77,0.14159094362722927
lung,baseline,40000,78,77,77,0.2594122975267728
lung,baseline,40000,78,77,77,0.026936332806145467
lung,baseline,40000,78,77,77,0.05534609497129011
lung,baseline,40000,78,53,53,0.035041967461845694
lung,baseline,40000,78,77,77,0.11888465021741264
lung,baseline,40000,78,76,76,0.010405639610540033
lung,baseline,40000,78,73,73,0.1239463664519764
lung,baseline,40000,78,72,72,0.020427170597417475
lung,baseline,40000,78,76,76,0.23246759072746334
lung,baseline,40000,78,76,76,0.2373119874031131
lung,baseline,40000,78,75,75,0.053939815199895436
lung,baseline,40000,78,37,37,0.2739666717241794
lung,baseline,40000,78,35,35,0.27351916971571133
lung,baseline,40000,78,34,34,0.27273190441552053
lung,baseline,40000,78,76,76,0.1926331033863999
lung,baseline,40000,78,72,72,0.2124249377644677
lung,baseline,40000,78,54,54,0.23464808907255302
lung,baseline,40000,78,77,77,0.13618953931752695
lung,baseline,40000,78,75,75,0.02023337786548107
lung,baseline,40000,78,70,70,0.1274656764573935
lung,baseline,40000,78,64,64,0.10989993578093175
lung,baseline,40000,78,76,76,0.056309853023528596
lung,baseline,40000,78,74,74,0.021270973830132822
lung,baseline,40000,78,77,77,0.060527219645773206
lung,baseline,40000,78,77,77,0.12507654953448505
lung,baseline,40000,78,53,53,0.3841430712900478
lung,baseline,40000,78,28,28,0.4302937651232547
lung,baseline,40000,78,77,77,0.16150892507780715
lung,baseline,40000,78,77,77,0.05680625473816661
lung,baseline,40000,78,75,75,0.010669280789570761
lung,baseline,40000,78,76,76,0.25929026246175724
lung,baseline,40000,78,76,76,0.253601033050429
lung,baseline,40000,78,76,76,0.20303766840741425
lung,baseline,40000,78,75,75,0.18004851667289135
lung,baseline,40000,78,77,77,0.21039946158233838
lung,baseline,40000,78,75,75,0.029258251069383387
lung,baseline,40000,78,71,71,0.14528855287272258
lung,baseline,40000,78,77,77,0.18705582110960856
lung,baseline,40000,78,77,77,0.07393132929489368
lung,baseline,40000,78,73,73,0.1387188341607474
lung,baseline,40000,78,71,71,0.18416794231550968
lung,baseline,40000,78,28,28,0.306681535545839
lung,baseline,40000,78,73,73,0.135061392402811
lung,baseline,40000,78,77,77,0.049655663092245866
lung,baseline,40000,78,77,77,0.1401249783269938
lung,baseline,40000,78,34,34,0.2944906135873364
lung,baseline,40000,78,73,73,0.09830354090780774
lung,baseline,40000,78,19,19,0.23618518869399363
lung,baseline,40000,78,77,77,0.00635174237928752
lung,baseline,40000,78,72,72,0.08537214162974621
lung,baseline,40000,78,70,70,0.0821226164062768
lung,baseline,40000,78,70,70,0.08384120347928689
lung,baseline,40000,78,70,70,0.08424520122737991
lung,baseline,40000,78,69,69,0.055153390029600055
lung,baseline,40000,78,72,72,0.22786088517890787
lung,baseline,40000,78,57,57,0.2522066223714203
lung,baseline,40000,78,77,77,0.20260333634686536
lung,baseline,40000,78,77,77,0.13410008870767084
lung,baseline,40000,78,77,77,0.20025209116174325
lung,baseline,40000,78,74,74,0.11081010995094236
lung,baseline,40000,78,77,77,0.19368201540254917
lung,baseline,40000,78,77,77,0.24609394759204992
lung,baseline,40000,78,77,77,0.23676808282216946
lung,baseline,40000,78,75,75,0.09370056740988242
lung,baseline,40000,78,76,76,0.23486358086569692
lung,baseline,40000,78,76,76,0.21348830417043932
lung,baseline,40000,78,74,74,0.2294315964078996
lung,baseline,40000,78,71,71,0.11075870387653207
lung,baseline,40000,78,62,62,0.10953544376212908
lung,baseline,40000,78,59,59,0.1504433017224217
lung,baseline,40000,78,72,72,0.020399602025439934
lung,baseline,40000,78,70,70,0.08584605771379133
lung,baseline,40000,78,57,57,0.03707577685300197
lung,baseline,40000,78,44,44,0.03583852860510856
lung,baseline,40000,78,44,44,0.10613401590455465
lung,baseline,40000,78,40,40,0.04389145377440186
lung,baseline,40000,78,77,77,0.15698490084512776
lung,baseline,40000,78,77,77,0.20196545741902205
lung,baseline,40000,78,77,77,0.11200259854178778
lung,baseline,40000,78,77,77,0.07933896596389428
lung,baseline,40000,78,77,77,0.23957577855679976
lung,baseline,40000,78,77,77,0.14200998868768347
lung,baseline,40000,78,75,75,0.011190132661339244
lung,baseline,40000,78,73,73,0.0941858194687727
lung,baseline,40000,78,73,73,0.0848711752699546
lung,baseline,40000,78,19,19,0.22562532884158806
lung,baseline,40000,78,77,77,0.13184272581632187
lung,baseline,40000,78,73,73,0.09766131204829631
lung,baseline,40000,78,73,73,0.10001876487570072
lung,baseline,40000,78,73,73,0.12849120787548324
lung,baseline,40000,78,61,61,0.030222126361270876
lung,baseline,40000,78,75,75,0.21997494445064594
lung,baseline,40000,78,73,73,0.1369819609322639
lung,baseline,40000,78,71,71,0.17828753352544083
lung,baseline,40000,78,27,27,0.2987612150498741
lung,baseline,40000,78,47,47,0.1448870491667354
lung,baseline,40000,78,46,46,0.1503547256534866
lung,baseline,40000,78,27,27,0.17670283654404229
lung,baseline,40000,78,77,77,0.2932420164631449
lung,baseline,40000,78,77,77,0.2933829396933006
lung,baseline,40000,78,77,77,0.25193092605278067
lung,baseline,40000,78,71,71,0.029240569629006966
lung,baseline,40000,78,68,68,0.09257728375813103
lung,baseline,40000,78,69,69,0.09710822450303849
lung,baseline,40000,78,19,19,0.21798350001150651
lung,baseline,40000,78,77,77,0.2319859099623785
lung,baseline,40000,78,77,77,0.2446948526976093
lung,baseline,40000,79,78,78,0.11486225885441399
lung,baseline,40000,79,78,78,0.06442228968576874
lung,baseline,40000,79,76,76,0.01647777270938756
lung,baseline,40000,79,76,76,0.030705342146480165
lung,baseline,40000,79,63,63,0.042867428385967035
lung,baseline,40000,79,75,75,0.17331522533537605
lung,baseline,40000,79,74,74,0.16224239722890474
lung,baseline,40000,79,77,77,0.16896901287996768
lung,baseline,40000,79,75,75,0.13337605073687014
lung,baseline,40000,79,73,73,0.1328325885277042
lung,baseline,40000,79,78,78,0.21024011292199532
lung,baseline,40000,79,74,74,0.13994775959026004
lung,baseline,40000,79,78,78,0.11897378532506891
lung,baseline,40000,79,77,77,0.038507082982902334
lung,baseline,40000,79,76,76,0.04286816675104645
lung,baseline,40000,79,76,76,0.05649523971002426
lung,baseline,40000,79,73,73,0.0983531815402523
lung,baseline,40000,79,66,66,0.046520827140842644
lung,baseline,40000,79,64,64,0.056547461524574676
lung,baseline,40000,79,63,63,0.09225947488583464
lung,baseline,40000,79,78,78,0.011780952659232246
lung,baseline,40000,79,78,78,0.12109986681178277
lung,baseline,40000,79,76,76,0.12071991784991407
lung,baseline,40000,79,70,70,0.13395799322323543
lung,baseline,40000,79,67,67,0.048328112545445535
lung,baseline,40000,79,64,64,0.08023929653702858
lung,baseline,40000,79,63,63,0.10156202331475893
lung,baseline,40000,79,78,78,0.19334036498604248
lung,baseline,40000,79,73,73,0.15110795705353153
lung,baseline,40000,79,78,78,0.10940285749704817
lung,baseline,40000,79,74,74,0.10583369048891224
lung,baseline,40000,79,70,70,0.1319774498102506
lung,baseline,40000,79,67,67,0.04854120258753376
lung,baseline,40000,79,64,64,0.06379037049408774
lung,baseline,40000,79,64,64,0.08300228521216313
lung,baseline,40000,79,63,63,0.10418687717549249
lung,baseline,40000,79,47,47,0.2719499110883549
lung,baseline,40000,79,46,46,0.2861025182157477
lung,baseline,40000,79,28,28,0.32263388426257505
lung,baseline,40000,79,72,72,0.12855366650236263
lung,baseline,40000,79,55,55,0.14194913406058116
lung,baseline,40000,79,53,53,0.16222352759942843
lung,baseline,40000,79,28,28,0.21549195071918326
lung,baseline,40000,79,67,67,0.033691159246925784
lung,baseline,40000,79,78,78,0.05565034558268977
lung,baseline,40000,79,78,78,0.02664607132907782
lung,baseline,40000,79,67,67,0.030481576379912237
lung,baseline,40000,79,70,70,0.30987621197929444
lung,baseline,40000,79,78,78,0.24689284167347084
lung,baseline,40000,79,78,78,0.16953911817340936
lung,baseline,40000,79,78,78,0.21288619491577038
lung,baseline,40000,79,78,78,0.17778772010337168
lung,baseline,40000,79,78,78,0.1815325463736927
lung,baseline,40000,79,78,78,0.07409369934631835
lung,baseline,40000,79,72,72,0.15295416457293143
lung,baseline,40000,79,71,71,0.17275020106572644
lung,baseline,40000,79,70,70,0.16634051780675094
lung,baseline,40000,79,69,69,0.1743030361581527
lung,baseline,40000,79,44,44,0.229753454198108
lung,baseline,40000,79,78,78,0.0200633542083803
lung,baseline,40000,79,73,73,0.11854630638324605
lung,baseline,40000,79,78,78,0.15346934761919462
lung,baseline,40000,79,74,74,0.12418872909694971
lung,baseline,40000,79,28,28,0.2726878741834114
lung,baseline,40000,79,78,78,0.11523403996716115
lung,baseline,40000,79,72,72,0.09049335931894026
lung,baseline,40000,79,65,65,0.06274676165736053
lung,baseline,40000,79,78,78,0.22351986422139256
lung,baseline,40000,79,78,78,0.19677602890832366
lung,baseline,40000,79,77,77,0.20155982576681863
lung,baseline,40000,79,78,78,0.27676481341619924
lung,baseline,40000,79,78,78,0.21782762480334
lung,baseline,40000,79,74,74,0.21048277187067888
lung,baseline,40000,79,78,78,0.21142943684551413
lung,baseline,40000,79,73,73,0.27585436794743967
lung,baseline,40000,79,78,78,0.2401850299695051
lung,baseline,40000,79,78,78,0.0068764307202839195
lung,baseline,40000,79,78,78,0.029733194746440334
lung,baseline,40000,79,78,78,0.2089763776282813
lung,baseline,40000,79,78,78,0.011730770580047319
lung,baseline,40000,79,78,78,0.16187692625725708
lung,baseline,40000,79,66,66,0.0363311925110958
lung,baseline,40000,79,78,78,0.22363746405619567
lung,baseline,40000,79,78,78,0.18516150565808423
lung,baseline,40000,79,74,74,0.16935464526360422
lung,baseline,40000,79,78,78,0.008878937914846058
lung,baseline,40000,79,78,78,0.05539420541446562
lung,baseline,40000,79,78,78,0.03263632986128592
lung,baseline,40000,79,77,77,0.02440201545804048
lung,baseline,40000,79,73,73,0.14913940383479984
lung,baseline,40000,79,28,28,0.35281996407453686
lung,baseline,40000,79,78,78,0.12209460995595861
lung,baseline,40000,79,75,75,0.07023925890971167
lung,baseline,40000,79,75,75,0.020717357324603836
lung,baseline,40000,79,63,63,0.04181181343192911
lung,baseline,40000,79,78,78,0.10831610911277774
lung,baseline,40000,79,78,78,0.06806716402100228
lung,baseline,40000,79,76,76,0.013991613894402996
lung,baseline,40000,79,75,75,0.020329612523633158
lung,baseline,40000,79,73,73,0.2377570137261536
lung,baseline,40000,79,65,65,0.19930962185227097
lung,baseline,40000,79,64,64,0.25991591420382776
lung,baseline,40000,79,57,57,0.28615444219047015
lung,baseline,40000,79,77,77,0.028615075473610266
lung,baseline,40000,79,75,75,0.055084898753838644
lung,baseline,40000,79,74,74,0.07646247240296247
lung,baseline,40000,79,72,72,0.04526110694073571
lung,baseline,40000,79,70,70,0.016912029485536075
lung,baseline,40000,79,76,76,0.1278275375737543
lung,baseline,40000,79,76,76,0.02423350649096539
lung,baseline,40000,79,66,66,0.03155448926925316
lung,baseline,40000,79,78,78,0.00981405022025599
lung,baseline,40000,79,78,78,0.026959026282830683
lung,baseline,40000,79,78,78,0.05392917144519478
lung,baseline,40000,79,75,75,0.010523751741444019
lung,baseline,40000,79,73,73,0.10248257046907201
lung,baseline,40000,79,71,71,0.10977979087629156
lung,baseline,40000,79,58,58,0.1241903744421458
lung,baseline,40000,79,53,53,0.13531609487141172
lung,baseline,40000,79,28,28,0.3365343964664417
lung,baseline,40000,79,76,76,0.011658422781983742
lung,baseline,40000,79,73,73,0.11510931050002947
lung,baseline,40000,79,70,70,0.15888265364227191
lung,baseline,40000,79,37,37,0.19771845612433508
lung,baseline,40000,79,35,35,0.2008123386927922
lung,baseline,40000,79,78,78,0.05319162856127001
lung,baseline,40000,79,73,73,0.021142665609233797
lung,baseline,40000,79,72,72,0.015734341317418448
lung,baseline,40000,79,69,69,0.01838665508209543
lung,baseline,40000,79,49,49,0.049490785905888394
lung,baseline,40000,79,44,44,0.04613041362321768
lung,baseline,40000,79,78,78,0.1759929239150287
lung,baseline,40000,79,78,78,0.2056856722088966
lung,baseline,40000,79,78,78,0.22060829680937766
lung,baseline,40000,79,78,78,0.055338151080891206
lung,baseline,40000,79,78,78,0.088097022605718
lung,baseline,40000,79,78,78,0.06892782347152328
lung,baseline,40000,79,78,78,0.15476447962221232
lung,baseline,40000,79,78,78,0.07789443057796802
lung,baseline,40000,79,78,78,0.1312572321740865
lung,baseline,40000,79,78,78,0.031988809165593816
lung,baseline,40000,79,78,78,0.01026846265926506
lung,baseline,40000,79,75,75,0.10279950561204908
lung,baseline,40000,79,75,75,0.023915304761577678
lung,baseline,40000,79,72,72,0.009510601420996119
lung,baseline,40000,79,73,73,0.09752131346122832
lung,baseline,40000,79,72,72,0.09654664163437249
lung,baseline,40000,79,19,19,0.22684929270353277
lung,baseline,40000,79,78,78,0.25339701923506913
lung,baseline,40000,79,78,78,0.011314309798662865
lung,baseline,40000,79,74,74,0.0473222787182948
lung,baseline,40000,79,72,72,0.08212710926016714
lung,baseline,40000,79,78,78,0.01174291549902954
lung,baseline,40000,79,78,78,0.0034329514945014863
lung,baseline,40000,79,77,77,0.004302149730526995
lung,baseline,40000,79,77,77,0.004170594468750009
lung,baseline,40000,79,74,74,0.0964359351825163
lung,baseline,40000,79,63,63,0.15276951993318558
lung,baseline,40000,79,58,58,0.2213180693731295
lung,baseline,40000,79,33,33,0.23502754979782947
lung,baseline,40000,79,28,28,0.28742386130048453
lung,baseline,40000,79,77,77,0.11529896688946908
lung,baseline,40000,79,77,77,0.13305793624114293
lung,baseline,40000,79,76,76,0.12147547991051787
lung,baseline,40000,79,74,74,0.1570641639319571
lung,baseline,40000,79,69,69,0.16468921784985124
lung,baseline,40000,79,69,69,0.20517925002853107
lung,baseline,40000,79,28,28,0.19874091668446583
lung,baseline,40000,79,67,67,0.037446388870911784
lung,baseline,40000,79,78,78,0.10991729517686706
lung,baseline,40000,79,76,76,0.014058766430511418
lung,baseline,40000,79,68,68,0.0735558211804197
lung,baseline,40000,79,28,28,0.36591299657755244
lung,baseline,40000,79,77,77,0.14200111630023082
lung,baseline,40000,79,75,75,0.1499936592698259
lung,baseline,40000,79,73,73,0.14591286530473102
lung,baseline,40000,79,61,61,0.034708986667425536
lung,baseline,40000,79,78,78,0.2119058769388248
lung,baseline,40000,79,78,78,0.11424615977970895
lung,baseline,40000,79,78,78,0.02029372244717979
lung,baseline,40000,79,75,75,0.07320323972410307
lung,baseline,40000,79,75,75,0.07621729864008155
lung,baseline,40000,79,75,75,0.02856207242477996
lung,baseline,40000,79,74,74,0.05456105169335845
lung,baseline,40000,79,69,69,0.017219860997585948
lung,baseline,40000,79,64,64,0.06396910467046223
lung,baseline,40000,79,77,77,0.2602221857444291
lung,baseline,40000,79,77,77,0.19389651791039506
lung,baseline,40000,79,77,77,0.23992626544019247
lung,baseline,40000,79,73,73,0.29113547698028985
lung,baseline,40000,79,78,78,0.1508763680333835
lung,baseline,40000,79,78,78,0.2565559874990669
lung,baseline,40000,79,78,78,0.2408785598314308
lung,baseline,40000,79,74,74,0.014243343596852384
lung,baseline,40000,79,67,67,0.021835857477851085
lung,baseline,40000,79,28,28,0.2221616176461629
lung,baseline,40000,79,78,78,0.025928368009274425
lung,baseline,40000,79,78,78,0.05407938010687863
lung,baseline,40000,79,72,72,0.01615686300327952
lung,baseline,40000,79,69,69,0.01804740538102104
lung,baseline,40000,79,75,75,0.12275927404706131
lung,baseline,40000,79,74,74,0.13481533000184978
lung,baseline,40000,79,73,73,0.1313375553142076
lung,baseline,40000,79,57,57,0.14851051416835817
lung,baseline,40000,79,77,77,0.18803768836096046
lung,baseline,40000,79,75,75,0.09684740874262551
lung,baseline,40000,79,73,73,0.13553260145853596
lung,baseline,40000,79,76,76,0.2681346670633251
lung,baseline,40000,79,62,62,0.30838218832700803
lung,baseline,40000,79,47,47,0.13762347329797298
lung,baseline,40000,79,46,46,0.1426088563274606
lung,baseline,40000,79,28,28,0.16169090209010337
lung,baseline,40000,79,78,78,0.023073435644700734
lung,baseline,40000,79,78,78,0.2136212249589259
lung,baseline,40000,79,73,73,0.27154069923250473
lung,baseline,40000,79,73,73,0.11396186236396284
lung,baseline,40000,79,28,28,0.15728060952533002
lung,baseline,40000,79,78,78,0.1909769591923172
lung,baseline,40000,79,77,77,0.21149701153526884
lung,baseline,40000,79,74,74,0.1661782456958045
lung,baseline,40000,79,64,64,0.23750410120423165
lung,baseline,40000,79,78,78,0.013089511616046958
lung,baseline,40000,79,77,77,0.1795083941024144
lung,baseline,40000,79,75,75,0.07925708801376447
lung,baseline,40000,79,74,74,0.19265443569367405
lung,baseline,40000,79,73,73,0.1407672277677312
lung,baseline,40000,79,72,72,0.17787847465253462
lung,baseline,40000,79,78,78,0.004508673133401635
lung,baseline,40000,79,78,78,0.05584041291016489
lung,baseline,40000,79,78,78,0.027116416095428572
lung,baseline,40000,79,73,73,0.02249734812209595
lung,baseline,40000,79,78,78,0.07019150933804373
lung,baseline,40000,79,78,78,0.008472217620690581
lung,baseline,40000,79,73,73,0.10773213578016479
lung,baseline,40000,79,73,73,0.08249592367329862
lung,baseline,40000,79,67,67,0.019240417735334803
lung,baseline,40000,79,28,28,0.2424283659577011
lung,baseline,40000,79,72,72,0.08338426776050072
lung,baseline,40000,79,68,68,0.12087826924234077
lung,baseline,40000,79,63,63,0.04102772848071492
lung,baseline,40000,79,57,57,0.09358879152465216
lung,baseline,40000,79,76,76,0.011816135394098889
lung,baseline,40000,79,76,76,0.055487541000993984
lung,baseline,40000,79,75,75,0.027208304076351077
lung,baseline,40000,79,74,74,0.07655386024262871
lung,baseline,40000,79,70,70,0.015368850908590885
lung,baseline,40000,79,78,78,0.19013041377273812
lung,baseline,40000,79,78,78,0.26225242966940215
lung,baseline,40000,79,34,34,0.12149113643602757
lung,baseline,40000,79,77,77,0.011099926815533996
lung,baseline,40000,79,77,77,0.11812229469085106
lung,baseline,40000,79,73,73,0.08640829118060986
lung,baseline,40000,79,73,73,0.11116960060115001
lung,baseline,40000,79,64,64,0.03931499499526137
lung,baseline,40000,79,78,78,0.26647101340971774
lung,baseline,40000,79,78,78,0.12719081220190734
lung,baseline,40000,79,78,78,0.19528128615998283
lung,baseline,40000,79,78,78,0.2236077380208914
lung,baseline,40000,79,78,78,0.2131876626890373
lung,baseline,40000,79,78,78,0.1841515693662655
lung,baseline,40000,79,74,74,0.06311717290444939
lung,baseline,40000,79,74,74,0.1060991709621868
lung,baseline,40000,79,78,78,0.25251435218337026
lung,baseline,40000,79,75,75,0.021648200971771878
lung,baseline,40000,79,73,73,0.21772104936682862
lung,baseline,40000,79,78,78,0.00783434551013672
lung,baseline,40000,79,78,78,0.018893215850885034
lung,baseline,40000,79,78,78,0.058569740926404226
lung,baseline,40000,79,78,78,0.008125138832611241
lung,baseline,40000,79,78,78,0.00455725725371352
lung,baseline,40000,79,78,78,0.006790295551023135
lung,baseline,40000,79,78,78,0.0066578569096691865
lung,baseline,40000,79,78,78,0.011537646187243449
lung,baseline,40000,79,78,78,0.007878203744956916
lung,baseline,40000,79,77,77,0.006158715131308422
lung,baseline,40000,79,77,77,0.008723470468896207
lung,baseline,40000,79,77,77,0.006885605723034793
lung,baseline,40000,79,76,76,0.015942616550554792
lung,baseline,40000,79,76,76,0.008360071084173514
lung,baseline,40000,79,75,75,0.018975846160195167
lung,baseline,40000,79,75,75,0.009008011245979095
lung,baseline,40000,79,73,73,0.027650220414223447
lung,baseline,40000,79,72,72,0.028029172298707754
lung,baseline,40000,79,78,78,0.13493736248708751
lung,baseline,40000,79,75,75,0.06965622707605483
lung,baseline,40000,79,77,77,0.2675826034389436
lung,baseline,40000,79,75,75,0.21320385254878352
lung,baseline,40000,79,72,72,0.22146453887649645
lung,baseline,40000,79,66,66,0.23705127984027996
lung,baseline,40000,79,63,63,0.18930794967904285
lung,baseline,40000,79,70,70,0.27212884038599927
lung,baseline,40000,79,69,69,0.2977935778112898
lung,baseline,40000,79,57,57,0.2466125478507887
lung,baseline,40000,79,78,78,0.12871670298165325
lung,baseline,40000,79,73,73,0.12124329229019246
lung,baseline,40000,79,73,73,0.05333041844077435
lung,baseline,40000,79,70,70,0.12903413286318563
lung,baseline,40000,79,67,67,0.05015636145657084
lung,baseline,40000,79,64,64,0.08438001847253312
lung,baseline,40000,79,63,63,0.10012907006211148
lung,baseline,40000,79,78,78,0.13592821534923724
lung,baseline,40000,79,73,73,0.1397358855049951
lung,baseline,40000,79,71,71,0.11744133001161329
lung,baseline,40000,79,68,68,0.12889772932927485
lung,baseline,40000,79,75,75,0.12750390637209147
lung,baseline,40000,79,73,73,0.13850230495621801
lung,baseline,40000,79,67,67,0.040050522910062364
lung,baseline,40000,79,78,78,0.05452051684828115
lung,baseline,40000,79,78,78,0.005054657714975068
lung,baseline,40000,79,78,78,0.004486870992125385
lung,baseline,40000,79,78,78,0.025850110775723845
lung,baseline,40000,79,69,69,0.020077936973453645
lung,baseline,40000,79,78,78,0.07634534296819193
lung,baseline,40000,79,74,74,0.10125252356165612
lung,baseline,40000,79,53,53,0.08700055112616233
lung,baseline,40000,79,77,77,0.2557948518364035
lung,baseline,40000,79,77,77,0.2988380956937164
lung,baseline,40000,79,75,75,0.11709423174060231
lung,baseline,40000,79,74,74,0.07305729843953072
lung,baseline,40000,79,56,56,0.10933300605033096
lung,baseline,40000,79,78,78,0.002539218466348666
lung,baseline,40000,79,77,77,0.05554357926055832
lung,baseline,40000,79,74,74,0.07728509295081128
lung,baseline,40000,79,69,69,0.016378746766781995
lung,baseline,40000,79,64,64,0.06362207053871033
lung,baseline,40000,79,78,78,0.21456300838349365
lung,baseline,40000,79,78,78,0.26084411128330576
lung,baseline,40000,79,78,78,0.1735007228183225
lung,baseline,40000,79,76,76,0.04788032332976456
lung,baseline,40000,79,69,69,0.008987346977475873
lung,baseline,40000,79,74,74,0.09457051279909134
lung,baseline,40000,79,19,19,0.21794649355447143
lung,baseline,40000,79,78,78,0.0057075184029020875
lung,baseline,40000,79,78,78,0.00947250294778668
lung,baseline,40000,79,78,78,0.002782664669896643
lung,baseline,40000,79,78,78,0.006076582688584648
lung,baseline,40000,79,78,78,0.003293337533495122
lung,baseline,40000,79,78,78,0.01445516451732424
lung,baseline,40000,79,78,78,0.0031648577318396922
lung,baseline,40000,79,78,78,0.03181836028749271
lung,baseline,40000,79,78,78,0.013857662974440209
lung,baseline,40000,79,78,78,0.0029800619261315434
lung,baseline,40000,79,78,78,0.004624936344490301
lung,baseline,40000,79,78,78,0.00387955024804728
lung,baseline,40000,79,77,77,0.0032555658776462658
lung,baseline,40000,79,77,77,0.004509417891740451
lung,baseline,40000,79,77,77,0.00719295184192333
lung,baseline,40000,79,76,76,0.019017473234480407
lung,baseline,40000,79,76,76,0.0223778744533576
lung,baseline,40000,79,75,75,0.015305733317361299
lung,baseline,40000,79,75,75,0.06620216056174485
lung,baseline,40000,79,75,75,0.015568205324217231
lung,baseline,40000,79,73,73,0.009354917557105612
lung,baseline,40000,79,72,72,0.029221759111335083
lung,baseline,40000,79,78,78,0.07795572403689541
lung,baseline,40000,79,75,75,0.05954823239066828
lung,baseline,40000,79,71,71,0.088961803092156
lung,baseline,40000,79,70,70,0.0929831130122984
lung,baseline,40000,79,69,69,0.09230598649491971
lung,baseline,40000,79,63,63,0.05128190907066877
lung,baseline,40000,79,57,57,0.07692285501123755
lung,baseline,40000,79,77,77,0.2609546494597796
lung,baseline,40000,79,74,74,0.19396799892564015
lung,baseline,40000,79,78,78,0.22053941937434268
lung,baseline,40000,79,77,77,0.29389357375742714
lung,baseline,40000,79,75,75,0.18250368802833256
lung,baseline,40000,79,78,78,0.10046313027611053
lung,baseline,40000,79,78,78,0.05217247520078654
lung,baseline,40000,79,78,78,0.21700942781280957
lung,baseline,40000,79,78,78,0.23278971760052045
lung,baseline,40000,79,14,14,0.31054321525872197
lung,baseline,40000,79,76,76,0.06773412679330142
lung,baseline,40000,79,74,74,0.1189493671522512
lung,baseline,40000,79,64,64,0.14886473114627613
lung,baseline,40000,79,78,78,0.0031582065994987993
lung,baseline,40000,79,78,78,0.05433410798266734
lung,baseline,40000,79,76,76,0.012807076163956531
lung,baseline,40000,79,72,72,0.17968292455506507
lung,baseline,40000,79,53,53,0.17776755573600522
lung,baseline,40000,79,28,28,0.208750951847187
lung,baseline,40000,79,78,78,0.002131701404835228
lung,baseline,40000,79,77,77,0.12460060212799037
lung,baseline,40000,79,67,67,0.038909325271455714
lung,baseline,40000,79,75,75,0.12517203634230267
lung,baseline,40000,79,74,74,0.12480835347699355
lung,baseline,40000,79,73,73,0.022840794877479736
lung,baseline,40000,79,72,72,0.11416799553194464
lung,baseline,40000,79,64,64,0.14348754787486817
lung,baseline,40000,79,64,64,0.05411892787821337
lung,baseline,40000,79,64,64,0.051970801592049906
lung,baseline,40000,79,63,63,0.09059411455005512
lung,baseline,40000,79,59,59,0.134713047894936
lung,baseline,40000,79,78,78,0.2897463932862692
lung,baseline,40000,79,78,78,0.2734511106956026
lung,baseline,40000,79,74,74,0.18371254114772456
lung,baseline,40000,79,78,78,0.09146442400249687
lung,baseline,40000,79,76,76,0.06928981605614637
lung,baseline,40000,79,78,78,0.14915362855768036
lung,baseline,40000,79,74,74,0.07850396052927579
lung,baseline,40000,79,70,70,0.015694985641033866
lung,baseline,40000,79,78,78,0.2597911980807214
lung,baseline,40000,79,73,73,0.05150286763813327
lung,baseline,40000,79,70,70,0.13293860219914483
lung,baseline,40000,79,67,67,0.049962974574116456
lung,baseline,40000,79,64,64,0.06432302424084231
lung,baseline,40000,79,64,64,0.08138896867390993
lung,baseline,40000,79,63,63,0.10159625625558276
lung,baseline,40000,79,78,78,0.0154406182499874
lung,baseline,40000,79,78,78,0.07770604307216682
lung,baseline,40000,79,78,78,0.08021944044615793
lung,baseline,40000,79,78,78,0.1381043837070497
lung,baseline,40000,79,78,78,0.007168926256745742
lung,baseline,40000,79,78,78,0.01710781579424212
lung,baseline,40000,79,77,77,0.3066475018702682
lung,baseline,40000,79,77,77,0.28630848544347276
lung,baseline,40000,79,77,77,0.3063558930484615
lung,baseline,40000,79,78,78,0.14136970186185627
lung,baseline,40000,79,75,75,0.10133924002884125
lung,baseline,40000,79,78,78,0.18503360501180172
lung,baseline,40000,79,73,73,0.14892240884282074
lung,baseline,40000,79,27,27,0.2011231064020999
lung,baseline,40000,79,72,72,0.11000505412853522
lung,baseline,40000,79,28,28,0.16702570618743837
lung,baseline,40000,79,28,28,0.23100874717300154
lung,baseline,40000,79,78,78,0.13232857042683407
lung,baseline,40000,79,78,78,0.08773133367802735
lung,baseline,40000,79,74,74,0.10449441231939884
lung,baseline,40000,79,65,65,0.0543030982087718
lung,baseline,40000,79,57,57,0.3038429900653021
lung,baseline,40000,79,51,51,0.21198514329430299
lung,baseline,40000,79,37,37,0.183003199327825
lung,baseline,40000,79,34,34,0.1751330308301887
lung,baseline,40000,79,78,78,0.26204992267874105
lung,baseline,40000,79,78,78,0.21669989239165494
lung,baseline,40000,79,78,78,0.16720608178982527
lung,baseline,40000,79,78,78,0.00587292094181048
lung,baseline,40000,79,78,78,0.08808166116685374
lung,baseline,40000,79,77,77,0.0314435143660735
lung,baseline,40000,79,77,77,0.03596613551365354
lung,baseline,40000,79,76,76,0.03109948833080589
lung,baseline,40000,79,78,78,0.036305989398768425
lung,baseline,40000,79,78,78,0.12232949972958743
lung,baseline,40000,79,78,78,0.012365554551899624
lung,baseline,40000,79,77,77,0.00844047875384159
lung,baseline,40000,79,76,76,0.024379810357656028
lung,baseline,40000,79,75,75,0.024308735680414945
lung,baseline,40000,79,75,75,0.07298000546294708
lung,baseline,40000,79,72,72,0.08576812608708667
lung,baseline,40000,79,62,62,0.1286845736536763
lung,baseline,40000,79,55,55,0.105752653642618
lung,baseline,40000,79,28,28,0.1839468593696425
lung,baseline,40000,79,78,78,0.15194240724430197
lung,baseline,40000,79,75,75,0.068547946263946
lung,baseline,40000,79,75,75,0.04066720624680286
lung,baseline,40000,79,78,78,0.05419526092752742
lung,baseline,40000,79,70,70,0.01706372108181804
lung,baseline,40000,79,78,78,0.03042155473564016
lung,baseline,40000,79,78,78,0.05200098027550009
lung,baseline,40000,79,77,77,0.010831976502485895
lung,baseline,40000,79,76,76,0.023979508594720488
lung,baseline,40000,79,73,73,0.10245710893573272
lung,baseline,40000,79,70,70,0.1719160312652747
lung,baseline,40000,79,65,65,0.130134233533052
lung,baseline,40000,79,58,58,0.17570730165396503
lung,baseline,40000,79,78,78,0.11375962603440379
lung,baseline,40000,79,78,78,0.2385807747498451
lung,baseline,40000,79,78,78,0.21428087518553532
lung,baseline,40000,79,78,78,0.18682895447253609
lung,baseline,40000,79,78,78,0.07070015372428277
lung,baseline,40000,79,76,76,0.011965304217142442
lung,baseline,40000,79,76,76,0.07009301522655398
lung,baseline,40000,79,62,62,0.25952957437673574
lung,baseline,40000,79,41,41,0.1866342478645693
lung,baseline,40000,79,40,40,0.272828780249942
lung,baseline,40000,79,37,37,0.25921752302571455
lung,baseline,40000,79,35,35,0.2664421990279126
lung,baseline,40000,79,28,28,0.42450237380059086
lung,baseline,40000,79,78,78,0.19844923102409096
lung,baseline,40000,79,78,78,0.2472060097909999
lung,baseline,40000,79,78,78,0.05158812468320812
lung,baseline,40000,79,78,78,0.13704506992750198
lung,baseline,40000,79,78,78,0.04223715080019494
lung,baseline,40000,79,78,78,0.24193276724319454
lung,baseline,40000,79,78,78,0.09685249837310081
lung,baseline,40000,79,77,77,0.03381616799815058
lung,baseline,40000,79,77,77,0.14308273834197607
lung,baseline,40000,79,49,49,0.1725980045496101
lung,baseline,40000,79,44,44,0.16980239623479237
lung,baseline,40000,79,40,40,0.17827842907048774
lung,baseline,40000,79,37,37,0.16165637931219257
lung,baseline,40000,79,35,35,0.18694687737294738
lung,baseline,40000,79,78,78,0.2280524806331328
lung,baseline,40000,79,76,76,0.10405937122774463
lung,baseline,40000,79,74,74,0.28077147694108595
lung,baseline,40000,79,72,72,0.2660843532040817
lung,baseline,40000,79,70,70,0.2912358138213138
lung,baseline,40000,79,66,66,0.29547723799191894
lung,baseline,40000,79,62,62,0.26594801061779405
lung,baseline,40000,79,78,78,0.12324811212487767
lung,baseline,40000,79,78,78,0.009725324860567082
lung,baseline,40000,79,77,77,0.011733299423433017
lung,baseline,40000,79,72,72,0.07979943445636437
lung,baseline,40000,79,44,44,0.14451528595593005
lung,baseline,40000,79,37,37,0.1549431625432315
lung,baseline,40000,79,28,28,0.1625968679402843
lung,baseline,40000,79,78,78,0.0036400678424922403
lung,baseline,40000,79,78,78,0.0279921264052908
lung,baseline,40000,79,74,74,0.0806729204625328
lung,baseline,40000,79,61,61,0.1484221530564249
lung,baseline,40000,79,28,28,0.15737644624373384
lung,baseline,40000,79,78,78,0.09855046715367959
lung,baseline,40000,79,77,77,0.1319901314539073
lung,baseline,40000,79,72,72,0.17525135740256043
lung,baseline,40000,79,19,19,0.2816759978026429
lung,baseline,40000,79,64,64,0.11500427011829058
lung,baseline,40000,79,62,62,0.12041586946188945
lung,baseline,40000,79,55,55,0.08118972075653663
lung,baseline,40000,79,53,53,0.1066282729389454
lung,baseline,40000,79,37,37,0.16116580834279684
lung,baseline,40000,79,35,35,0.1696534011399023
lung,baseline,40000,79,28,28,0.171569803929786
lung,baseline,40000,79,78,78,0.16200392495533278
lung,baseline,40000,79,78,78,0.3257468194164242
lung,baseline,40000,79,78,78,0.2687301806749362
lung,baseline,40000,79,77,77,0.025046068228971062
lung,baseline,40000,79,72,72,0.04706988365476739
lung,baseline,40000,79,70,70,0.015968880905489705
lung,baseline,40000,79,78,78,0.23500483060617006
lung,baseline,40000,79,73,73,0.1797605219847243
lung,baseline,40000,79,78,78,0.25741643486609167
lung,baseline,40000,79,75,75,0.13865771014221737
lung,baseline,40000,79,78,78,0.009489090903590505
lung,baseline,40000,79,78,78,0.07935888071155116
lung,baseline,40000,79,77,77,0.15957891185026674
lung,baseline,40000,79,77,77,0.06153591790478811
lung,baseline,40000,79,76,76,0.010346166963431875
lung,baseline,40000,80,79,79,0.25842485952587946
lung,baseline,40000,80,79,79,0.222857904762676
lung,baseline,40000,80,79,79,0.17833415640484115
lung,baseline,40000,80,79,79,0.22134310826856468
lung,baseline,40000,80,79,79,0.003947840505024377
lung,baseline,40000,80,78,78,0.22520740072534082
lung,baseline,40000,80,78,78,0.220376804522798
lung,baseline,40000,80,78,78,0.28928582851901785
lung,baseline,40000,80,75,75,0.21950387567174953
lung,baseline,40000,80,68,68,0.26372887356796904
lung,baseline,40000,80,78,78,0.12517869370078324
lung,baseline,40000,80,78,78,0.03190543519170298
lung,baseline,40000,80,77,77,0.12846362002897066
lung,baseline,40000,80,77,77,0.03038388464144931
lung,baseline,40000,80,75,75,0.057677686311077093
lung,baseline,40000,80,74,74,0.13371735646556102
lung,baseline,40000,80,73,73,0.12205937044451748
lung,baseline,40000,80,73,73,0.08981046561691149
lung,baseline,40000,80,72,72,0.09041180637605668
lung,baseline,40000,80,63,63,0.060879797002378847
lung,baseline,40000,80,58,58,0.1179388882463383
lung,baseline,40000,80,52,52,0.16834669127634413
lung,baseline,40000,80,79,79,0.06973514768835493
lung,baseline,40000,80,78,78,0.06333330695670164
lung,baseline,40000,80,74,74,0.10899187582330243
lung,baseline,40000,80,79,79,0.1872151270642169
lung,baseline,40000,80,78,78,0.22732067675700868
lung,baseline,40000,80,78,78,0.28975685129513823
lung,baseline,40000,80,77,77,0.2601847573568521
lung,baseline,40000,80,76,76,0.13745461559069075
lung,baseline,40000,80,76,76,0.26749190626187724
lung,baseline,40000,80,79,79,0.22433163131838105
lung,baseline,40000,80,19,19,0.3732791986759165
lung,baseline,40000,80,75,75,0.1528074309159939
lung,baseline,40000,80,74,74,0.2065318543460675
lung,baseline,40000,80,68,68,0.21641768927812147
lung,baseline,40000,80,79,79,0.16492733825782657
lung,baseline,40000,80,79,79,0.2396315291664536
lung,baseline,40000,80,79,79,0.08177856727399344
lung,baseline,40000,80,78,78,0.0828052136716404
lung,baseline,40000,80,78,78,0.05551704164748276
lung,baseline,40000,80,77,77,0.05845207205570602
lung,baseline,40000,80,69,69,0.052651817251410625
lung,baseline,40000,80,55,55,0.0370104319333363
lung,baseline,40000,80,79,79,0.010589195675245874
lung,baseline,40000,80,79,79,0.12093650443162317
lung,baseline,40000,80,78,78,0.02451914061552967
lung,baseline,40000,80,78,78,0.1532641389667502
lung,baseline,40000,80,77,77,0.15247074222667278
lung,baseline,40000,80,74,74,0.16168206581617853
lung,baseline,40000,80,73,73,0.14029134300330867
lung,baseline,40000,80,72,72,0.16185894833878686
lung,baseline,40000,80,52,52,0.1816456166234883
lung,baseline,40000,80,78,78,0.29474052452192934
lung,baseline,40000,80,76,76,0.2850362682049584
lung,baseline,40000,80,75,75,0.2867299047505728
lung,baseline,40000,80,75,75,0.28655978317550224
lung,baseline,40000,80,74,74,0.29717587271868506
lung,baseline,40000,80,70,70,0.2297959072820634
lung,baseline,40000,80,65,65,0.18313953468549554
lung,baseline,40000,80,79,79,0.05451415403961302
lung,baseline,40000,80,79,79,0.11902653139135
lung,baseline,40000,80,76,76,0.012454508052231207
lung,baseline,40000,80,75,75,0.021412860780268515
lung,baseline,40000,80,79,79,0.07259379425836404
lung,baseline,40000,80,79,79,0.0036616187456805383
lung,baseline,40000,80,79,79,0.1855917616655439
lung,baseline,40000,80,79,79,0.0061651115077508796
lung,baseline,40000,80,78,78,0.2060763717593965
lung,baseline,40000,80,78,78,0.255444739720327
lung,baseline,40000,80,79,79,0.16513380881522607
lung,baseline,40000,80,69,69,0.15601377053156212
lung,baseline,40000,80,68,68,0.035530558551781055
lung,baseline,40000,80,79,79,0.09732493188304929
lung,baseline,40000,80,79,79,0.21285880264094892
lung,baseline,40000,80,74,74,0.14893719648381767
lung,baseline,40000,80,78,78,0.19075508855887893
lung,baseline,40000,80,77,77,0.22846485277493442
lung,baseline,40000,80,77,77,0.23981938768962605
lung,baseline,40000,80,77,77,0.22455869411015225
lung,baseline,40000,80,74,74,0.24443663831459347
lung,baseline,40000,80,79,79,0.1491902805670998
lung,baseline,40000,80,78,78,0.018545555959885756
lung,baseline,40000,80,75,75,0.11451548317736975
lung,baseline,40000,80,79,79,0.2098107310156065
lung,baseline,40000,80,79,79,0.2687383477476523
lung,baseline,40000,80,74,74,0.22309384955344327
lung,baseline,40000,80,78,78,0.12100001951159686
lung,baseline,40000,80,76,76,0.12336759435316495
lung,baseline,40000,80,79,79,0.23985390882471258
lung,baseline,40000,80,79,79,0.26255803349712636
lung,baseline,40000,80,79,79,0.19346217779226282
lung,baseline,40000,80,75,75,0.23168160270012697
lung,baseline,40000,80,79,79,0.007000204534300323
lung,baseline,40000,80,79,79,0.05342944205123928
lung,baseline,40000,80,78,78,0.06517804947372619
lung,baseline,40000,80,70,70,0.035422772323426256
lung,baseline,40000,80,79,79,0.22696020184741805
lung,baseline,40000,80,79,79,0.054777210676433395
lung,baseline,40000,80,79,79,0.1648726001041007
lung,baseline,40000,80,75,75,0.14480988486622343
lung,baseline,40000,80,61,61,0.06427436884238914
lung,baseline,40000,80,79,79,0.29822142712861804
lung,baseline,40000,80,70,70,0.2347142785120022
lung,baseline,40000,80,70,70,0.25262653426692255
lung,baseline,40000,80,68,68,0.1992778667416028
lung,baseline,40000,80,68,68,0.23478883351030397
lung,baseline,40000,80,79,79,0.019076335950008416
lung,baseline,40000,80,74,74,0.06749205861197843
lung,baseline,40000,80,74,74,0.1070119150558919
lung,baseline,40000,80,79,79,0.007675336864762193
lung,baseline,40000,80,79,79,0.2466730462604276
lung,baseline,40000,80,79,79,0.15778345721529322
lung,baseline,40000,80,78,78,0.23208990993843373
lung,baseline,40000,80,75,75,0.11086873124276929
lung,baseline,40000,80,19,19,0.29048452204244607
lung,baseline,40000,80,78,78,0.06257959352165367
lung,baseline,40000,80,75,75,0.07250453701276977
lung,baseline,40000,80,79,79,0.011132536620275928
lung,baseline,40000,80,79,79,0.09713317742945032
lung,baseline,40000,80,79,79,0.018356010906865266
lung,baseline,40000,80,79,79,0.02446621826405772
lung,baseline,40000,80,79,79,0.006561509403600789
lung,baseline,40000,80,78,78,0.014202139245167814
lung,baseline,40000,80,77,77,0.056397135662944166
lung,baseline,40000,80,77,77,0.07472443305277353
lung,baseline,40000,80,74,74,0.13118118053812708
lung,baseline,40000,80,74,74,0.11291979808730081
lung,baseline,40000,80,55,55,0.10626683423500219
lung,baseline,40000,80,28,28,0.19104267589300644
lung,baseline,40000,80,79,79,0.27354543296167694
lung,baseline,40000,80,78,78,0.25330486658424245
lung,baseline,40000,80,74,74,0.3156225036474431
lung,baseline,40000,80,79,79,0.20945332063866753
lung,baseline,40000,80,78,78,0.011678073373745518
lung,baseline,40000,80,74,74,0.2530528087418723
lung,baseline,40000,80,72,72,0.2099012651189321
lung,baseline,40000,80,61,61,0.12915323791324868
lung,baseline,40000,80,55,55,0.21484812071919424
lung,baseline,40000,80,53,53,0.22720627418134567
lung,baseline,40000,80,28,28,0.3364007635444652
lung,baseline,40000,80,78,78,0.24700943639039094
lung,baseline,40000,80,72,72,0.22767426950415257
lung,baseline,40000,80,66,66,0.11853528016100932
lung,baseline,40000,80,64,64,0.25574617585965975
lung,baseline,40000,80,79,79,0.14067136504655553
lung,baseline,40000,80,75,75,0.18390112811744283
lung,baseline,40000,80,79,79,0.031588913465925225
lung,baseline,40000,80,79,79,0.16835274875876344
lung,baseline,40000,80,74,74,0.1378363117960653
lung,baseline,40000,80,79,79,0.07217582341951052
lung,baseline,40000,80,79,79,0.1067657347133672
lung,baseline,40000,80,79,79,0.04994631433997291
lung,baseline,40000,80,79,79,0.13636943216518485
lung,baseline,40000,80,77,77,0.03582944123497167
lung,baseline,40000,80,64,64,0.05168880693129861
lung,baseline,40000,80,47,47,0.14701237166373035
lung,baseline,40000,80,46,46,0.15079618419724006
lung,baseline,40000,80,28,28,0.17787465590818935
lung,baseline,40000,80,79,79,0.053218473006658794
lung,baseline,40000,80,79,79,0.07750901618925381
lung,baseline,40000,80,77,77,0.009079501135334653
lung,baseline,40000,80,79,79,0.20752331193225929
lung,baseline,40000,80,78,78,0.24658166479784271
lung,baseline,40000,80,73,73,0.2539650533796533
lung,baseline,40000,80,68,68,0.035123746664022876
lung,baseline,40000,80,64,64,0.1355987107554643
lung,baseline,40000,80,78,78,0.06278111851232188
lung,baseline,40000,80,78,78,0.009178137510143798
lung,baseline,40000,80,77,77,0.017110694115412547
lung,baseline,40000,80,70,70,0.03971580024882133
lung,baseline,40000,80,69,69,0.018546732922197096
lung,baseline,40000,80,79,79,0.26966518098763587
lung,baseline,40000,80,75,75,0.19750055876525666
lung,baseline,40000,80,66,66,0.07530332843431864
lung,baseline,40000,80,66,66,0.10934779013422069
lung,baseline,40000,80,77,77,0.15594424135440027
lung,baseline,40000,80,76,76,0.08038026295712689
lung,baseline,40000,80,75,75,0.13208484907849682
lung,baseline,40000,80,63,63,0.12914594585456288
lung,baseline,40000,80,79,79,0.281811506656048
lung,baseline,40000,80,79,79,0.23819196694941885
lung,baseline,40000,80,78,78,0.05302807628823773
lung,baseline,40000,80,79,79,0.19949980036451836
lung,baseline,40000,80,79,79,0.20492995163393615
lung,baseline,40000,80,74,74,0.08217760748150348
lung,baseline,40000,80,53,53,0.10513906397207975
lung,baseline,40000,80,76,76,0.2133046141873436
lung,baseline,40000,80,72,72,0.2426937603613356
lung,baseline,40000,80,72,72,0.22574318037432617
lung,baseline,40000,80,71,71,0.2184782259200775
lung,baseline,40000,80,79,79,0.2548237577713189
lung,baseline,40000,80,74,74,0.20119625846473843
lung,baseline,40000,80,79,79,0.2803840029670638
lung,baseline,40000,80,79,79,0.07769349082507333
lung,baseline,40000,80,79,79,0.2396154031315777
lung,baseline,40000,80,37,37,0.3053004365854681
lung,baseline,40000,80,27,27,0.3581960448480324
lung,baseline,40000,80,78,78,0.17776924756825144
lung,baseline,40000,80,76,76,0.1685501107271464
lung,baseline,40000,80,70,70,0.16953023414218202
lung,baseline,40000,80,68,68,0.03882320381202574
lung,baseline,40000,80,79,79,0.2734840172150762
lung,baseline,40000,80,78,78,0.2092587133561584
lung,baseline,40000,80,78,78,0.18982906274790762
lung,baseline,40000,80,76,76,0.07636289181108409
lung,baseline,40000,80,79,79,0.16350221473953314
lung,baseline,40000,80,69,69,0.1580850501928146
lung,baseline,40000,80,68,68,0.037694572567028545
lung,baseline,40000,80,76,76,0.22175669759906072
lung,baseline,40000,80,75,75,0.13923973727794953
lung,baseline,40000,80,70,70,0.07284161632737977
lung,baseline,40000,80,70,70,0.23448507042460787
lung,baseline,40000,80,68,68,0.04186379053573182
lung,baseline,40000,80,79,79,0.2140231938763255
lung,baseline,40000,80,77,77,0.11587846541887328
lung,baseline,40000,80,76,76,0.14644468745988837
lung,baseline,40000,80,66,66,0.0568487263857671
lung,baseline,40000,80,79,79,0.21131484377216417
lung,baseline,40000,80,77,77,0.24347996718120302
lung,baseline,40000,80,73,73,0.22120612101823464
lung,baseline,40000,80,71,71,0.2290943030907682
lung,baseline,40000,80,79,79,0.14876139221690632
lung,baseline,40000,80,79,79,0.004871693135276317
lung,baseline,40000,80,78,78,0.019348396123374047
lung,baseline,40000,80,79,79,0.24419378859174104
lung,baseline,40000,80,75,75,0.1813906490957871
lung,baseline,40000,80,78,78,0.25770158623039446
lung,baseline,40000,80,77,77,0.28023307199294184
lung,baseline,40000,80,73,73,0.2799106230556655
lung,baseline,40000,80,72,72,0.2886599209116979
lung,baseline,40000,80,72,72,0.267660490706312
lung,baseline,40000,80,70,70,0.2807384579630326
lung,baseline,40000,80,64,64,0.2488838108271978
lung,baseline,40000,80,58,58,0.2869250163319169
lung,baseline,40000,80,57,57,0.29566798693495394
lung,baseline,40000,80,52,52,0.2824575970396885
lung,baseline,40000,80,44,44,0.2446888216520571
lung,baseline,40000,80,40,40,0.257367574497724
lung,baseline,40000,80,78,78,0.05873899435781993
lung,baseline,40000,80,78,78,0.14606297623178421
lung,baseline,40000,80,78,78,0.14673821935218226
lung,baseline,40000,80,78,78,0.14842302096971513
lung,baseline,40000,80,75,75,0.15757672688891025
lung,baseline,40000,80,73,73,0.14304085252249213
lung,baseline,40000,80,79,79,0.12055373778339035
lung,baseline,40000,80,74,74,0.12371552789926503
lung,baseline,40000,80,79,79,0.017124497027329655
lung,baseline,40000,80,79,79,0.140757082954479
lung,baseline,40000,80,78,78,0.008665614157623968
lung,baseline,40000,80,78,78,0.008696726662206654
lung,baseline,40000,80,77,77,0.010488211777985958
lung,baseline,40000,80,77,77,0.043105972630163567
lung,baseline,40000,80,76,76,0.09091011307542765
lung,baseline,40000,80,76,76,0.028510531414970074
lung,baseline,40000,80,73,73,0.024912225428145085
lung,baseline,40000,80,79,79,0.05801244775996198
lung,baseline,40000,80,79,79,0.14891402165671408
lung,baseline,40000,80,79,79,0.09025208758850144
lung,baseline,40000,80,78,78,0.14229762891760175
lung,baseline,40000,80,76,76,0.11981132809806294
lung,baseline,40000,80,76,76,0.08429125400756214
lung,baseline,40000,80,75,75,0.12751855430686462
lung,baseline,40000,80,79,79,0.26272535289261245
lung,baseline,40000,80,75,75,0.2303254665076526
lung,baseline,40000,80,68,68,0.19853202625191188
lung,baseline,40000,80,78,78,0.16443050000372658
lung,baseline,40000,80,77,77,0.17349753892354572
lung,baseline,40000,80,74,74,0.17010976622048382
lung,baseline,40000,80,74,74,0.14849627097923088
lung,baseline,40000,80,69,69,0.17587491735463445
lung,baseline,40000,80,79,79,0.01187178495703749
lung,baseline,40000,80,79,79,0.00680967410416069
lung,baseline,40000,80,79,79,0.023794602101335705
lung,baseline,40000,80,79,79,0.013424426095746475
lung,baseline,40000,80,79,79,0.1200994072714467
lung,baseline,40000,80,79,79,0.008499601089248068
lung,baseline,40000,80,79,79,0.006757272567371068
lung,baseline,40000,80,79,79,0.03518921471406397
lung,baseline,40000,80,78,78,0.016075857054394033
lung,baseline,40000,80,78,78,0.007846421702280192
lung,baseline,40000,80,77,77,0.013129943338061882
lung,baseline,40000,80,76,76,0.015663232192908837
lung,baseline,40000,80,76,76,0.028905150887445316
lung,baseline,40000,80,76,76,0.025299681386910057
lung,baseline,40000,80,76,76,0.025935527188705246
lung,baseline,40000,80,73,73,0.02778415181143308
lung,baseline,40000,80,79,79,0.12658778605142407
lung,baseline,40000,80,79,79,0.23216261270613814
lung,baseline,40000,80,74,74,0.27451563226708
lung,baseline,40000,80,79,79,0.04669787429309507
lung,baseline,40000,80,79,79,0.028117413644804596
lung,baseline,40000,80,79,79,0.18417450141354574
lung,baseline,40000,80,79,79,0.08563748906249732
lung,baseline,40000,80,76,76,0.032924800785792845
lung,baseline,40000,80,76,76,0.05223248472937153
lung,baseline,40000,80,76,76,0.05864637572000616
lung,baseline,40000,80,73,73,0.02510316482566511
lung,baseline,40000,80,71,71,0.021987955123300054
lung,baseline,40000,80,79,79,0.2738816895974519
lung,baseline,40000,80,78,78,0.2845308151971786
lung,baseline,40000,80,71,71,0.3027123291986741
lung,baseline,40000,80,68,68,0.23305915690165885
lung,baseline,40000,80,79,79,0.1182709766961523
lung,baseline,40000,80,79,79,0.03217310940299825
lung,baseline,40000,80,79,79,0.05110483964453881
lung,baseline,40000,80,79,79,0.0052450246959671884
lung,baseline,40000,80,79,79,0.012386830854134367
lung,baseline,40000,80,77,77,0.028393845664493714
lung,baseline,40000,80,79,79,0.12012474358416779
lung,baseline,40000,80,79,79,0.00891449795477483
lung,baseline,40000,80,76,76,0.011367627682973605
lung,baseline,40000,80,76,76,0.07037601237596444
lung,baseline,40000,80,75,75,0.08438411304313223
lung,baseline,40000,80,75,75,0.01794606762092108
lung,baseline,40000,80,75,75,0.05894139360005983
lung,baseline,40000,80,63,63,0.06463454631685543
lung,baseline,40000,80,79,79,0.11287283736760273
lung,baseline,40000,80,77,77,0.09338769659770128
lung,baseline,40000,80,75,75,0.022280617442924342
lung,baseline,40000,80,74,74,0.12195009047739118
lung,baseline,40000,80,71,71,0.06782957910962323
lung,baseline,40000,80,57,57,0.300658086780456
lung,baseline,40000,80,54,54,0.33177914997508845
lung,baseline,40000,80,53,53,0.29444797394424826
lung,baseline,40000,80,79,79,0.19889557629110152
lung,baseline,40000,80,74,74,0.15121725771418612
lung,baseline,40000,80,79,79,0.019050678267756842
lung,baseline,40000,80,79,79,0.011977965428272851
lung,baseline,40000,80,74,74,0.10656835495372725
lung,baseline,40000,80,79,79,0.28337103479610154
lung,baseline,40000,80,79,79,0.29096684961387226
lung,baseline,40000,80,78,78,0.20388459578893042
lung,baseline,40000,80,79,79,0.20123715465724507
lung,baseline,40000,80,77,77,0.022164640621508257
lung,baseline,40000,80,75,75,0.14220700975408676
lung,baseline,40000,80,78,78,0.03219736647884618
lung,baseline,40000,80,75,75,0.09304410871143752
lung,baseline,40000,80,79,79,0.23998980324437363
lung,baseline,40000,80,79,79,0.14039499629615015
lung,baseline,40000,80,79,79,0.27004671892282595
lung,baseline,40000,80,79,79,0.011794224564962204
lung,baseline,40000,80,76,76,0.03472062588587212
lung,baseline,40000,80,75,75,0.17360114290381626
lung,baseline,40000,80,79,79,0.20191982334509678
lung,baseline,40000,80,76,76,0.30006097692713246
lung,baseline,40000,80,71,71,0.28722811924079633
lung,baseline,40000,80,66,66,0.254574792274381
lung,baseline,40000,80,79,79,0.1267240284454108
lung,baseline,40000,80,75,75,0.1851895160342493
lung,baseline,40000,80,79,79,0.21293145125928487
lung,baseline,40000,80,79,79,0.08627974143510271
lung,baseline,40000,80,79,79,0.12016983879641124
lung,baseline,40000,80,75,75,0.08321803828926906
lung,baseline,40000,80,74,74,0.020709085060698358
lung,baseline,40000,80,71,71,0.04535372710318535
lung,baseline,40000,80,73,73,0.10817886440198447
lung,baseline,40000,80,72,72,0.10795275615884271
lung,baseline,40000,80,55,55,0.08453509761523045
lung,baseline,40000,80,53,53,0.10918257325052282
lung,baseline,40000,80,28,28,0.16264422921357966
lung,baseline,40000,80,78,78,0.12189838092586197
lung,baseline,40000,80,70,70,0.15304992435718245
lung,baseline,40000,80,70,70,0.16106069510575471
lung,baseline,40000,80,70,70,0.15374281645669194
lung,baseline,40000,80,78,78,0.21033250081324148
lung,baseline,40000,80,78,78,0.19297676108486747
lung,baseline,40000,80,77,77,0.1970180779538074
lung,baseline,40000,80,69,69,0.17895307945404237
lung,baseline,40000,80,79,79,0.2748774762953031
lung,baseline,40000,80,78,78,0.2174885985287346
lung,baseline,40000,80,77,77,0.21787937981346436
lung,baseline,40000,80,73,73,0.2562805158392584
lung,baseline,40000,80,77,77,0.34491105947065187
lung,baseline,40000,80,59,59,0.1597034014769157
lung,baseline,40000,80,28,28,0.22886135059479354
lung,baseline,40000,80,79,79,0.1627410165269163
lung,baseline,40000,80,78,78,0.09963185760862792
lung,baseline,40000,80,75,75,0.1450737752680244
lung,baseline,40000,80,73,73,0.19782173478778128
lung,baseline,40000,80,69,69,0.11643996086069396
lung,baseline,40000,80,66,66,0.1675483818239223
lung,baseline,40000,80,63,63,0.07108655411095878
lung,baseline,40000,80,79,79,0.012111876834156671
lung,baseline,40000,80,78,78,0.009361461048497154
lung,baseline,40000,80,74,74,0.10682770982477534
lung,baseline,40000,80,68,68,0.03366059034155335
lung,baseline,40000,80,79,79,0.22246898607651366
lung,baseline,40000,80,75,75,0.20276523924232723
lung,baseline,40000,80,79,79,0.01929564449717757
lung,baseline,40000,80,77,77,0.011295606796475436
lung,baseline,40000,80,76,76,0.1296959755968091
lung,baseline,40000,80,73,73,0.21250354873453045
lung,baseline,40000,80,78,78,0.011468774415032143
lung,baseline,40000,80,79,79,0.2390902510972676
lung,baseline,40000,80,77,77,0.023086317979663394
lung,baseline,40000,80,76,76,0.02937875107289906
lung,baseline,40000,80,76,76,0.16861392057737498
lung,baseline,40000,80,79,79,0.005313314603364136
lung,baseline,40000,80,79,79,0.06914258578791371
lung,baseline,40000,80,79,79,0.032740134539946834
lung,baseline,40000,80,79,79,0.0314756742071162
lung,baseline,40000,80,78,78,0.01483166632755613
lung,baseline,40000,80,78,78,0.009281687370654204
lung,baseline,40000,80,77,77,0.026899033924473535
lung,baseline,40000,80,77,77,0.01250981411541267
lung,baseline,40000,80,77,77,0.028542236742718798
lung,baseline,40000,80,75,75,0.08983888535725087
lung,baseline,40000,80,74,74,0.016721714576233407
lung,baseline,40000,80,67,67,0.023662867293816742
lung,baseline,40000,80,79,79,0.15771352003899192
lung,baseline,40000,80,75,75,0.13411242473887064
lung,baseline,40000,80,51,51,0.05158157349963945
lung,baseline,40000,80,79,79,0.005113680465959205
lung,baseline,40000,80,79,79,0.032508182677162344
lung,baseline,40000,80,78,78,0.13458899518592507
lung,baseline,40000,80,76,76,0.058683994560014725
lung,baseline,40000,80,69,69,0.1806339416351494
lung,baseline,40000,80,28,28,0.20288658265877363
lung,baseline,40000,80,79,79,0.13162115032936425
lung,baseline,40000,80,78,78,0.11888745839233723
lung,baseline,40000,80,71,71,0.13010178294242478
lung,baseline,40000,80,79,79,0.03906095922731456
lung,baseline,40000,80,79,79,0.2120705164154129
lung,baseline,40000,80,79,79,0.09631503735652004
lung,baseline,40000,80,79,79,0.028687766469816287
lung,baseline,40000,80,78,78,0.01648472913122208
lung,baseline,40000,80,67,67,0.036103143979724805
lung,baseline,40000,80,74,74,0.14888159256382158
lung,baseline,40000,80,28,28,0.34446126584122155
lung,baseline,40000,80,79,79,0.15771199675281436
lung,baseline,40000,80,69,69,0.15223802231784128
lung,baseline,40000,80,68,68,0.036810126126646275
lung,baseline,40000,80,79,79,0.1493204830022934
lung,baseline,40000,80,78,78,0.021410222539233508
lung,baseline,40000,80,79,79,0.1502170062243342
lung,baseline,40000,80,78,78,0.06093017426128478
lung,baseline,40000,80,74,74,0.0983562435424599
lung,baseline,40000,80,68,68,0.09319885705847472
lung,baseline,40000,80,68,68,0.03346173625585155
lung,baseline,40000,80,79,79,0.010522293915290807
lung,baseline,40000,80,79,79,0.009547238370343377
lung,baseline,40000,80,79,79,0.009198703016304302
lung,baseline,40000,80,79,79,0.01019644020317498
lung,baseline,40000,80,79,79,0.009989899392392117
lung,baseline,40000,80,79,79,0.00850755159145309
lung,baseline,40000,80,79,79,0.010710173024693107
lung,baseline,40000,80,79,79,0.009990183769905512
lung,baseline,40000,80,79,79,0.012908621486487309
lung,baseline,40000,80,79,79,0.013986981220026016
lung,baseline,40000,80,79,79,0.011288654275277775
lung,baseline,40000,80,79,79,0.03005216445290834
lung,baseline,40000,80,79,79,0.016843351432328683
lung,baseline,40000,80,79,79,0.010042189712882425
lung,baseline,40000,80,79,79,0.052300015463826656
lung,baseline,40000,80,79,79,0.008826080744925096
lung,baseline,40000,80,79,79,0.008879827070923019
lung,baseline,40000,80,79,79,0.009721296367364698
lung,baseline,40000,80,79,79,0.010894607530833319
lung,baseline,40000,80,79,79,0.019906023624980194
lung,baseline,40000,80,79,79,0.01058019257367729
lung,baseline,40000,80,79,79,0.009870398804901018
lung,baseline,40000,80,78,78,0.010218944564214688
lung,baseline,40000,80,77,77,0.010391863098160778
lung,baseline,40000,80,77,77,0.009325438397550003
lung,baseline,40000,80,77,77,0.02380697918176709
lung,baseline,40000,80,77,77,0.011506846598138144
lung,baseline,40000,80,76,76,0.01461052112553314
lung,baseline,40000,80,76,76,0.021769517139802467
lung,baseline,40000,80,73,73,0.029482144367893936
lung,baseline,40000,80,74,74,0.21546661245403056
lung,baseline,40000,80,74,74,0.21121820742126945
lung,baseline,40000,80,66,66,0.14993056549438852
lung,baseline,40000,80,76,76,0.1842608853943384
lung,baseline,40000,80,74,74,0.17569917349578137
lung,baseline,40000,80,74,74,0.17828284502383976
lung,baseline,40000,80,72,72,0.185313406875449
lung,baseline,40000,80,71,71,0.13919423869040332
lung,baseline,40000,80,54,54,0.17865890068143586
lung,baseline,40000,80,79,79,0.17031805349526957
lung,baseline,40000,80,79,79,0.0814526721455577
lung,baseline,40000,80,28,28,0.3875075963258975
lung,baseline,40000,80,79,79,0.12174423277660175
lung,baseline,40000,80,69,69,0.12719617701173072
lung,baseline,40000,80,28,28,0.1792559134919974
lung,baseline,40000,80,75,75,0.07682364730237312
lung,baseline,40000,80,19,19,0.2797682389121707
lung,baseline,40000,80,73,73,0.28906366646391574
lung,baseline,40000,80,72,72,0.23637288879867566
lung,baseline,40000,80,71,71,0.25290692509896906
lung,baseline,40000,80,71,71,0.2568015957453139
lung,baseline,40000,80,70,70,0.26689441027550637
lung,baseline,40000,80,68,68,0.23371351189521858
lung,baseline,40000,80,58,58,0.29334795807422154
lung,baseline,40000,80,53,53,0.2943527287338311
lung,baseline,40000,80,79,79,0.14245835765654416
lung,baseline,40000,80,79,79,0.23493245039673957
lung,baseline,40000,80,75,75,0.2037012988052596
lung,baseline,40000,80,79,79,0.03350657833362908
lung,baseline,40000,80,79,79,0.05235200634707607
lung,baseline,40000,80,79,79,0.11522234191298292
lung,baseline,40000,80,76,76,0.034444489897996255
lung,baseline,40000,80,79,79,0.026034116520826742
lung,baseline,40000,80,74,74,0.051815923963729846
lung,baseline,40000,80,73,73,0.11321021157821262
lung,baseline,40000,80,70,70,0.11194171054878145
lung,baseline,40000,80,69,69,0.11481145426091362
lung,baseline,40000,80,68,68,0.06552871293239292
lung,baseline,40000,80,77,77,0.28156476403861497
lung,baseline,40000,80,75,75,0.17163370324892657
lung,baseline,40000,80,74,74,0.21450522793027132
lung,baseline,40000,80,71,71,0.19141456518723476
lung,baseline,40000,80,79,79,0.14758888705803372
lung,baseline,40000,80,79,79,0.012093673908453086
lung,baseline,40000,80,79,79,0.11057210695532753
lung,baseline,40000,80,75,75,0.1281228874534547
lung,baseline,40000,80,79,79,0.17558315547830985
lung,baseline,40000,80,79,79,0.20365585368475608
lung,baseline,40000,80,76,76,0.13295714975896344
lung,baseline,40000,80,79,79,0.01314281887962629
lung,baseline,40000,80,79,79,0.03608606311303789
lung,baseline,40000,80,79,79,0.06994502830496725
lung,baseline,40000,80,79,79,0.1493665784661583
lung,baseline,40000,80,78,78,0.01429189914227363
lung,baseline,40000,80,77,77,0.013032284315232736
lung,baseline,40000,80,77,77,0.015867541877587626
lung,baseline,40000,80,77,77,0.03461743981483161
lung,baseline,40000,80,77,77,0.009081449344498338
lung,baseline,40000,80,76,76,0.024634527470173972
lung,baseline,40000,80,79,79,0.029646509391250894
lung,baseline,40000,80,79,79,0.1972638113768356
lung,baseline,40000,80,76,76,0.22640232582015543
lung,baseline,40000,80,76,76,0.12322145306466684
lung,baseline,40000,80,79,79,0.29209549695004305
lung,baseline,40000,80,73,73,0.26464324893759306
lung,baseline,40000,80,72,72,0.04255414298051744
lung,baseline,40000,80,75,75,0.10013970847219177
lung,baseline,40000,80,79,79,0.09919489421617013
lung,baseline,40000,80,79,79,0.205959320719432
lung,baseline,40000,80,79,79,0.1703564268375226
lung,baseline,40000,80,78,78,0.008516660540373764
lung,baseline,40000,80,79,79,0.11981082125676573
lung,baseline,40000,80,76,76,0.07892103541306639
lung,baseline,40000,80,79,79,0.3200250473432598
lung,baseline,40000,80,71,71,0.34772005079601725
lung,baseline,40000,80,73,73,0.12871838314558387
lung,baseline,40000,80,71,71,0.02402605691185132
lung,baseline,40000,80,70,70,0.1542342000472394
lung,baseline,40000,80,79,79,0.0441011146317034
lung,baseline,40000,80,74,74,0.10809563012713967
lung,baseline,40000,80,77,77,0.014356313478849142
lung,baseline,40000,80,75,75,0.03383351032270565
lung,baseline,40000,80,79,79,0.24861424995858433
lung,baseline,40000,80,79,79,0.20437970308177825
lung,baseline,40000,80,76,76,0.14190123962258375
lung,baseline,40000,80,79,79,0.20742591077428357
lung,baseline,40000,80,79,79,0.13159994496094965
lung,baseline,40000,80,74,74,0.18998492023742902
lung,baseline,40000,80,79,79,0.031545927083530594
lung,baseline,40000,80,79,79,0.02071996376430455
lung,baseline,40000,80,79,79,0.009651760182069901
lung,baseline,40000,80,79,79,0.012240848160671758
lung,baseline,40000,80,79,79,0.008133221793976386
lung,baseline,40000,80,79,79,0.11961939152707401
lung,baseline,40000,80,79,79,0.008853728803122374
lung,baseline,40000,80,79,79,0.00980704482420334
lung,baseline,40000,80,79,79,0.05842753176396364
lung,baseline,40000,80,79,79,0.008656626642980888
lung,baseline,40000,80,78,78,0.011122495324770582
lung,baseline,40000,80,77,77,0.03056233610011451
lung,baseline,40000,80,77,77,0.009495868040925599
lung,baseline,40000,80,77,77,0.022097591710661172
lung,baseline,40000,80,77,77,0.02247845545933302
lung,baseline,40000,80,77,77,0.011544880439282677
lung,baseline,40000,80,76,76,0.029811918394973793
lung,baseline,40000,80,73,73,0.03076774597026085
lung,baseline,40000,80,68,68,0.0325327900802317
lung,baseline,40000,80,79,79,0.22414494779021968
lung,baseline,40000,80,68,68,0.03571646614911468
lung,baseline,40000,80,79,79,0.13584934775183988
lung,baseline,40000,80,77,77,0.012199716984817126
lung,baseline,40000,80,75,75,0.12051450308126199
lung,baseline,40000,80,62,62,0.2488489974826784
lung,baseline,40000,80,53,53,0.30193423372604794
lung,baseline,40000,80,37,37,0.2605731954337027
lung,baseline,40000,80,28,28,0.4104269168955387
lung,baseline,40000,80,79,79,0.007818005411444647
lung,baseline,40000,80,79,79,0.029339131094810907
lung,baseline,40000,80,79,79,0.03272433637197853
lung,baseline,40000,80,78,78,0.11893908116259067
lung,baseline,40000,80,78,78,0.11799566922346653
lung,baseline,40000,80,75,75,0.08237889977457238
lung,baseline,40000,80,75,75,0.1350748545916978
lung,baseline,40000,80,67,67,0.0308715447816243
lung,baseline,40000,80,78,78,0.27691984782382645
lung,baseline,40000,80,78,78,0.25284523764767575
lung,baseline,40000,80,78,78,0.21369107134552542
lung,baseline,40000,80,78,78,0.2160142419741193
lung,baseline,40000,80,78,78,0.21264215844482445
lung,baseline,40000,80,76,76,0.2095684576824144
lung,baseline,40000,80,74,74,0.0481615692069769
lung,baseline,40000,80,79,79,0.16286273248670735
lung,baseline,40000,80,74,74,0.1658576223653165
lung,baseline,40000,80,66,66,0.15130826864633437
lung,baseline,40000,80,73,73,0.16122183911972607
lung,baseline,40000,80,28,28,0.19386061339216118
lung,baseline,40000,80,34,34,0.06558446543525792
lung,baseline,40000,80,76,76,0.1363033238221549
lung,baseline,40000,80,76,76,0.1339048730620064
lung,baseline,40000,80,70,70,0.16973881865819662
lung,baseline,40000,80,70,70,0.1631069353613349
lung,baseline,40000,80,57,57,0.1872462083593703
lung,baseline,40000,80,54,54,0.20434094845246567
lung,baseline,40000,80,53,53,0.17564528906815133
lung,baseline,40000,80,75,75,0.0967393969776411
lung,baseline,40000,80,74,74,0.10318730797440465
lung,baseline,40000,80,79,79,0.2198077005369512
lung,baseline,40000,80,79,79,0.1940607835929345
lung,baseline,40000,80,75,75,0.1575836221543865
lung,baseline,40000,80,14,14,0.31090593439248565
lung,baseline,40000,80,78,78,0.17751924994140245
lung,baseline,40000,80,78,78,0.15290170333086145
lung,baseline,40000,80,77,77,0.15768842580314424
lung,baseline,40000,80,74,74,0.1261975788898643
lung,baseline,40000,80,69,69,0.12487091930302031
lung,baseline,40000,80,43,43,0.16604242569482527
lung,baseline,40000,80,39,39,0.16132144587642136
lung,baseline,40000,80,79,79,0.046428390685373
lung,baseline,40000,80,79,79,0.004744376817291415
lung,baseline,40000,80,79,79,0.13870895681135528
lung,baseline,40000,80,79,79,0.010287219058689083
lung,baseline,40000,80,78,78,0.011686380452805194
lung,baseline,40000,80,77,77,0.030667373094816007
lung,baseline,40000,80,77,77,0.017308246592049298
lung,baseline,40000,80,76,76,0.025248868828445237
lung,baseline,40000,80,76,76,0.016769081427980025
lung,baseline,40000,80,76,76,0.09679529844507467
lung,baseline,40000,80,73,73,0.011262263039082286
lung,baseline,40000,80,79,79,0.20877249471613027
lung,baseline,40000,80,79,79,0.27064253362587715
lung,baseline,40000,80,79,79,0.22873498961411676
lung,baseline,40000,80,78,78,0.23572296826836983
lung,baseline,40000,80,75,75,0.26534758245571427
lung,baseline,40000,80,61,61,0.2135563373991325
lung,baseline,40000,80,79,79,0.03261340846812266
lung,baseline,40000,80,79,79,0.008588543930767618
lung,baseline,40000,80,79,79,0.1125688344363847
lung,baseline,40000,80,77,77,0.027430687080854582
lung,baseline,40000,80,77,77,0.007938882079948171
lung,baseline,40000,80,76,76,0.05920563156350465
lung,baseline,40000,80,75,75,0.07795423934304134
lung,baseline,40000,80,75,75,0.060778138882597296
lung,baseline,40000,80,79,79,0.23258287509390843
lung,baseline,40000,80,71,71,0.17952771084355168
lung,baseline,40000,80,78,78,0.05722208228128856
lung,baseline,40000,80,78,78,0.14815310202574547
lung,baseline,40000,80,79,79,0.0875675281248264
lung,baseline,40000,80,79,79,0.1098822761403249
lung,baseline,40000,80,79,79,0.220293696716352
lung,baseline,40000,80,78,78,0.27094422468140483
lung,baseline,40000,80,79,79,0.26871830868807667
lung,baseline,40000,80,79,79,0.24683349890121245
lung,baseline,40000,80,79,79,0.07026651400993152
lung,baseline,40000,80,79,79,0.04833682421204857
lung,baseline,40000,80,79,79,0.16944055017761428
lung,baseline,40000,80,79,79,0.20165088434966133
lung,baseline,40000,80,78,78,0.13384119881966192
lung,baseline,40000,80,78,78,0.17605203651938006
lung,baseline,40000,80,77,77,0.12403600249754872
lung,baseline,40000,80,76,76,0.13835641787664676
lung,baseline,40000,80,75,75,0.16911688711506187
lung,baseline,40000,80,74,74,0.02243688954584645
lung,baseline,40000,80,79,79,0.14823635881632732
lung,baseline,40000,80,74,74,0.09463449196827996
lung,baseline,40000,80,68,68,0.023253808926541997
lung,baseline,40000,80,78,78,0.27537796688265576
lung,baseline,40000,80,78,78,0.21359653655945401
lung,baseline,40000,80,74,74,0.2674877660438138
lung,baseline,40000,80,28,28,0.19032490588153397
lung,baseline,40000,80,79,79,0.20129673023497338
lung,baseline,40000,80,78,78,0.26704765284699655
lung,baseline,40000,80,78,78,0.25991940256688195
lung,baseline,40000,80,75,75,0.2585692037525678
lung,baseline,40000,80,74,74,0.016366042394632095
lung,baseline,40000,80,79,79,0.18280389550259776
lung,baseline,40000,80,76,76,0.07569779475730896
lung,baseline,40000,80,74,74,0.1549534188488914
lung,baseline,40000,80,79,79,0.06995985536212733
lung,baseline,40000,80,73,73,0.11132691894779537
lung,baseline,40000,80,73,73,0.11379323406575288
lung,baseline,40000,80,70,70,0.035738893312317326
lung,baseline,40000,80,68,68,0.03393836872088461
lung,baseline,40000,80,79,79,0.015804813513148004
lung,baseline,40000,80,79,79,0.14219013708653397
lung,baseline,40000,80,74,74,0.1556573253962829
lung,baseline,40000,80,79,79,0.16263224060041978
lung,baseline,40000,80,77,77,0.06041784453965979
lung,baseline,40000,80,75,75,0.13200219754201675
lung,baseline,40000,80,78,78,0.2864733396905042
lung,baseline,40000,80,78,78,0.2475521652840934
lung,baseline,40000,80,75,75,0.2646214773487745
lung,baseline,40000,80,65,65,0.22312602564277353
lung,baseline,40000,81,78,78,0.2987181853430374
lung,baseline,40000,81,80,80,0.21995998924947324
lung,baseline,40000,81,80,80,0.18622966270444224
lung,baseline,40000,81,80,80,0.12255625293783737
lung,baseline,40000,81,80,80,0.28178118065825064
lung,baseline,40000,81,80,80,0.29623198235521964
lung,baseline,40000,81,78,78,0.04087034387137607
lung,baseline,40000,81,77,77,0.01259129204476127
lung,baseline,40000,81,77,77,0.13419175866386931
lung,baseline,40000,81,80,80,0.01002633783602811
lung,baseline,40000,81,80,80,0.02207722306132632
lung,baseline,40000,81,80,80,0.01270228943932325
lung,baseline,40000,81,80,80,0.007356180222621645
lung,baseline,40000,81,80,80,0.06049388278272929
lung,baseline,40000,81,80,80,0.013987276891340893
lung,baseline,40000,81,80,80,0.005873374624496458
lung,baseline,40000,81,80,80,0.007413546618474698
lung,baseline,40000,81,80,80,0.14193055037815633
lung,baseline,40000,81,80,80,0.006106132574103117
lung,baseline,40000,81,80,80,0.004046316580502722
lung,baseline,40000,81,80,80,0.01557628584499598
lung,baseline,40000,81,78,78,0.04552741947385236
lung,baseline,40000,81,78,78,0.010953104850477105
lung,baseline,40000,81,77,77,0.025874737206746042
lung,baseline,40000,81,74,74,0.027155369971424252
lung,baseline,40000,81,80,80,0.1807199443865209
lung,baseline,40000,81,80,80,0.23976191333210783
lung,baseline,40000,81,80,80,0.1457936293542858
lung,baseline,40000,81,80,80,0.28771497648953087
lung,baseline,40000,81,80,80,0.21009232205926578
lung,baseline,40000,81,80,80,0.11052505300690281
lung,baseline,40000,81,80,80,0.07073533676758509
lung,baseline,40000,81,80,80,0.06700312447288463
lung,baseline,40000,81,69,69,0.313972387629265
lung,baseline,40000,81,80,80,0.28248801276772423
lung,baseline,40000,81,80,80,0.1258256155741711
lung,baseline,40000,81,76,76,0.2289395170867841
lung,baseline,40000,81,80,80,0.24477806244256647
lung,baseline,40000,81,80,80,0.21957203149333632
lung,baseline,40000,81,77,77,0.1149619814517866
lung,baseline,40000,81,80,80,0.25476023449007856
lung,baseline,40000,81,80,80,0.290377201773258
lung,baseline,40000,81,78,78,0.19209971771426337
lung,baseline,40000,81,77,77,0.2309394733599992
lung,baseline,40000,81,80,80,0.23313418205008185
lung,baseline,40000,81,80,80,0.2178767413403872
lung,baseline,40000,81,80,80,0.011141550452840408
lung,baseline,40000,81,78,78,0.10407684280610968
lung,baseline,40000,81,77,77,0.026048762615532975
lung,baseline,40000,81,77,77,0.13615662463850706
lung,baseline,40000,81,80,80,0.11344307731049494
lung,baseline,40000,81,80,80,0.0661110880832289
lung,baseline,40000,81,80,80,0.015575688303546808
lung,baseline,40000,81,68,68,0.1282028515438344
lung,baseline,40000,81,77,77,0.13111004321150263
lung,baseline,40000,81,80,80,0.23557609207051589
lung,baseline,40000,81,77,77,0.17278546241726206
lung,baseline,40000,81,66,66,0.21944215410311865
lung,baseline,40000,81,80,80,0.28431177537516783
lung,baseline,40000,81,75,75,0.2786254685936734
lung,baseline,40000,81,66,66,0.256592616050258
lung,baseline,40000,81,41,41,0.19092501428224934
lung,baseline,40000,81,80,80,0.28821052272288084
lung,baseline,40000,81,80,80,0.26374542176892024
lung,baseline,40000,81,77,77,0.17800585308725603
lung,baseline,40000,81,53,53,0.2392553141501305
lung,baseline,40000,81,37,37,0.25282552404358166
lung,baseline,40000,81,28,28,0.3762608281348654
lung,baseline,40000,81,80,80,0.18426192506622258
lung,baseline,40000,81,80,80,0.07825901960281131
lung,baseline,40000,81,75,75,0.1588002807205263
lung,baseline,40000,81,80,80,0.1447723697282993
lung,baseline,40000,81,75,75,0.13030550258158535
lung,baseline,40000,81,78,78,0.1651558302198429
lung,baseline,40000,81,75,75,0.14829776547063134
lung,baseline,40000,81,20,20,0.38353650140708206
lung,baseline,40000,81,77,77,0.060236140408973946
lung,baseline,40000,81,75,75,0.0806289484164505
lung,baseline,40000,81,73,73,0.15243127332522846
lung,baseline,40000,81,73,73,0.025053860665752645
lung,baseline,40000,81,80,80,0.28330356033006715
lung,baseline,40000,81,75,75,0.22720202214253932
lung,baseline,40000,81,80,80,0.12351842846468493
lung,baseline,40000,81,80,80,0.06349740815341783
lung,baseline,40000,81,75,75,0.022038744550746996
lung,baseline,40000,81,75,75,0.12813311272979988
lung,baseline,40000,81,79,79,0.2988803695915527
lung,baseline,40000,81,79,79,0.25399805422437505
lung,baseline,40000,81,75,75,0.27878623877068376
lung,baseline,40000,81,75,75,0.2340832549480109
lung,baseline,40000,81,74,74,0.2141163704651418
lung,baseline,40000,81,73,73,0.24912161659686194
lung,baseline,40000,81,69,69,0.06356504642118255
lung,baseline,40000,81,80,80,0.1295586722997838
lung,baseline,40000,81,80,80,0.23962358046867357
lung,baseline,40000,81,79,79,0.23421358959116098
lung,baseline,40000,81,80,80,0.18981081148895043
lung,baseline,40000,81,79,79,0.016249064703069343
lung,baseline,40000,81,75,75,0.14267063648386732
lung,baseline,40000,81,80,80,0.21985845609987886
lung,baseline,40000,81,80,80,0.18933450146801084
lung,baseline,40000,81,80,80,0.08537942543010343
lung,baseline,40000,81,79,79,0.12380315475708914
lung,baseline,40000,81,76,76,0.1752155546013596
lung,baseline,40000,81,74,74,0.1503324995232378
lung,baseline,40000,81,73,73,0.018025220917590925
lung,baseline,40000,81,68,68,0.0297391637073293
lung,baseline,40000,81,77,77,0.32950386636204376
lung,baseline,40000,81,77,77,0.20258815320985088
lung,baseline,40000,81,64,64,0.3240447131489321
lung,baseline,40000,81,79,79,0.16068646288235006
lung,baseline,40000,81,78,78,0.14784163477515447
lung,baseline,40000,81,76,76,0.1353632631284286
lung,baseline,40000,81,76,76,0.1411015815390904
lung,baseline,40000,81,64,64,0.1436251837329256
lung,baseline,40000,81,64,64,0.14652211190589526
lung,baseline,40000,81,80,80,0.022470146419624797
lung,baseline,40000,81,80,80,0.09796325258768131
lung,baseline,40000,81,80,80,0.19965898001847066
lung,baseline,40000,81,80,80,0.21536040418367883
lung,baseline,40000,81,80,80,0.06844618886241216
lung,baseline,40000,81,80,80,0.004768987698292133
lung,baseline,40000,81,79,79,0.011498461313670239
lung,baseline,40000,81,79,79,0.015828184506774482
lung,baseline,40000,81,77,77,0.061062823271892934
lung,baseline,40000,81,68,68,0.07046613259458703
lung,baseline,40000,81,80,80,0.2547971989622656
lung,baseline,40000,81,80,80,0.19626568723691395
lung,baseline,40000,81,79,79,0.12636170945644254
lung,baseline,40000,81,78,78,0.3268509861753858
lung,baseline,40000,81,76,76,0.2514356527991735
lung,baseline,40000,81,76,76,0.28771756281831046
lung,baseline,40000,81,75,75,0.2725750166061162
lung,baseline,40000,81,75,75,0.28487537920709605
lung,baseline,40000,81,74,74,0.2807214839865682
lung,baseline,40000,81,68,68,0.3110909019362542
lung,baseline,40000,81,66,66,0.25658484154616745
lung,baseline,40000,81,66,66,0.28047143442585026
lung,baseline,40000,81,63,63,0.2919947498370654
lung,baseline,40000,81,52,52,0.32103708007613246
lung,baseline,40000,81,44,44,0.2733720290398182
lung,baseline,40000,81,35,35,0.2531679600505844
lung,baseline,40000,81,80,80,0.27114793235351475
lung,baseline,40000,81,79,79,0.2980385843560445
lung,baseline,40000,81,80,80,0.10391833091143447
lung,baseline,40000,81,80,80,0.13750241030718607
lung,baseline,40000,81,80,80,0.013375693817676804
lung,baseline,40000,81,80,80,0.035642494273433065
lung,baseline,40000,81,80,80,0.004915261135848746
lung,baseline,40000,81,80,80,0.11670658532738605
lung,baseline,40000,81,80,80,0.02933594209772623
lung,baseline,40000,81,80,80,0.08658559444919245
lung,baseline,40000,81,80,80,0.22570160308085727
lung,baseline,40000,81,80,80,0.024244783293943112
lung,baseline,40000,81,80,80,0.0408054076033356
lung,baseline,40000,81,78,78,0.0654033109602557
lung,baseline,40000,81,78,78,0.017212110743227826
lung,baseline,40000,81,79,79,0.2204138419579497
lung,baseline,40000,81,76,76,0.1892564293783204
lung,baseline,40000,81,75,75,0.172964781025665
lung,baseline,40000,81,71,71,0.19293543792923845
lung,baseline,40000,81,68,68,0.17290097262205326
lung,baseline,40000,81,80,80,0.24424022618277313
lung,baseline,40000,81,79,79,0.06390905237529565
lung,baseline,40000,81,80,80,0.15039484634903053
lung,baseline,40000,81,76,76,0.14716735802775013
lung,baseline,40000,81,71,71,0.03198017707260655
lung,baseline,40000,81,80,80,0.2557677324857953
lung,baseline,40000,81,80,80,0.09171882178658823
lung,baseline,40000,81,74,74,0.21726218161746902
lung,baseline,40000,81,80,80,0.14843696178389454
lung,baseline,40000,81,80,80,0.17294575041646992
lung,baseline,40000,81,80,80,0.21929877455658878
lung,baseline,40000,81,80,80,0.31680926702094664
lung,baseline,40000,81,80,80,0.009703247398593361
lung,baseline,40000,81,75,75,0.06769310638835946
lung,baseline,40000,81,74,74,0.2689831734418409
lung,baseline,40000,81,80,80,0.22107906457776325
lung,baseline,40000,81,80,80,0.019431850625997494
lung,baseline,40000,81,80,80,0.12537115477476815
lung,baseline,40000,81,80,80,0.007540251968960146
lung,baseline,40000,81,77,77,0.1439550954791876
lung,baseline,40000,81,80,80,0.24603681985684922
lung,baseline,40000,81,80,80,0.12812916401138247
lung,baseline,40000,81,80,80,0.24308595181108608
lung,baseline,40000,81,80,80,0.22858577812468311
lung,baseline,40000,81,80,80,0.21738610459998392
lung,baseline,40000,81,75,75,0.19060673227775105
lung,baseline,40000,81,80,80,0.10904841792764988
lung,baseline,40000,81,77,77,0.062171244854647416
lung,baseline,40000,81,73,73,0.02579611281601128
lung,baseline,40000,81,68,68,0.036546328220633764
lung,baseline,40000,81,80,80,0.1473119633615221
lung,baseline,40000,81,74,74,0.12663679243514347
lung,baseline,40000,81,80,80,0.19081784773084592
lung,baseline,40000,81,80,80,0.09620833004290304
lung,baseline,40000,81,80,80,0.2279345799068983
lung,baseline,40000,81,76,76,0.18620187687993395
lung,baseline,40000,81,80,80,0.21929460902863712
lung,baseline,40000,81,80,80,0.267071602472738
lung,baseline,40000,81,72,72,0.2465440233441362
lung,baseline,40000,81,66,66,0.16496568329293554
lung,baseline,40000,81,78,78,0.329087228816738
lung,baseline,40000,81,78,78,0.336893767629311
lung,baseline,40000,81,77,77,0.35927853963501416
lung,baseline,40000,81,73,73,0.3606407059917125
lung,baseline,40000,81,72,72,0.36885032139330104
lung,baseline,40000,81,72,72,0.3531481362004986
lung,baseline,40000,81,70,70,0.36141378927044215
lung,baseline,40000,81,64,64,0.33756161789763994
lung,baseline,40000,81,58,58,0.3384272464451288
lung,baseline,40000,81,57,57,0.321442036792346
lung,baseline,40000,81,52,52,0.3349729446893332
lung,baseline,40000,81,28,28,0.18518077144004216
lung,baseline,40000,81,34,34,0.23716235440097352
lung,baseline,40000,81,76,76,0.1452904280760731
lung,baseline,40000,81,75,75,0.17449455422191357
lung,baseline,40000,81,75,75,0.1367577048256738
lung,baseline,40000,81,75,75,0.13832559518533086
lung,baseline,40000,81,74,74,0.19023161257829477
lung,baseline,40000,81,80,80,0.054688769775376865
lung,baseline,40000,81,80,80,0.13167802780726606
lung,baseline,40000,81,78,78,0.04817143127440111
lung,baseline,40000,81,76,76,0.11566636720447716
lung,baseline,40000,81,80,80,0.08917456580313414
lung,baseline,40000,81,77,77,0.09449959462170417
lung,baseline,40000,81,80,80,0.18875905156145184
lung,baseline,40000,81,80,80,0.2190505478470147
lung,baseline,40000,81,76,76,0.17104238752586162
lung,baseline,40000,81,80,80,0.058653998530128405
lung,baseline,40000,81,80,80,0.022909578990674424
lung,baseline,40000,81,80,80,0.08054270099283134
lung,baseline,40000,81,55,55,0.10133043262811746
lung,baseline,40000,81,80,80,0.03156234271487011
lung,baseline,40000,81,80,80,0.2856448892853584
lung,baseline,40000,81,80,80,0.1937625307332283
lung,baseline,40000,81,78,78,0.1432614132634333
lung,baseline,40000,81,78,78,0.03539295163583776
lung,baseline,40000,81,77,77,0.23694913319832628
lung,baseline,40000,81,75,75,0.11790123385817416
lung,baseline,40000,81,74,74,0.06479322992213107
lung,baseline,40000,81,73,73,0.08332180174714642
lung,baseline,40000,81,58,58,0.08897068722389569
lung,baseline,40000,81,54,54,0.09157639994622722
lung,baseline,40000,81,19,19,0.4112073125811604
lung,baseline,40000,81,79,79,0.21332592789792698
lung,baseline,40000,81,78,78,0.05353677560296542
lung,baseline,40000,81,80,80,0.25385000472690633
lung,baseline,40000,81,76,76,0.16037538771898457
lung,baseline,40000,81,80,80,0.002029775946777615
lung,baseline,40000,81,80,80,0.06952441461980234
lung,baseline,40000,81,77,77,0.07188234517200948
lung,baseline,40000,81,76,76,0.07256917572151608
lung,baseline,40000,81,80,80,0.24831306803557038
lung,baseline,40000,81,80,80,0.3074192497260683
lung,baseline,40000,81,80,80,0.24212230394974882
lung,baseline,40000,81,75,75,0.17277645227505975
lung,baseline,40000,81,79,79,0.18506943308795318
lung,baseline,40000,81,78,78,0.19005788793419348
lung,baseline,40000,81,65,65,0.19124822077337958
lung,baseline,40000,81,62,62,0.21788199820796342
lung,baseline,40000,81,55,55,0.20393408406386507
lung,baseline,40000,81,80,80,0.08972101332646971
lung,baseline,40000,81,80,80,0.22620532466294668
lung,baseline,40000,81,76,76,0.18273633696543123
lung,baseline,40000,81,37,37,0.13621895504463702
lung,baseline,40000,81,34,34,0.19654387281256908
lung,baseline,40000,81,80,80,0.09376791529711616
lung,baseline,40000,81,80,80,0.07932703001183758
lung,baseline,40000,81,74,74,0.14621547090649537
lung,baseline,40000,81,19,19,0.2712890095069486
lung,baseline,40000,81,80,80,0.14913810598787097
lung,baseline,40000,81,80,80,0.26530142215307173
lung,baseline,40000,81,80,80,0.20765878841623878
lung,baseline,40000,81,80,80,0.2771501918495389
lung,baseline,40000,81,80,80,0.18962994047864634
lung,baseline,40000,81,80,80,0.21306125963553071
lung,baseline,40000,81,76,76,0.17170821835626643
lung,baseline,40000,81,80,80,0.31313975115010634
lung,baseline,40000,81,80,80,0.2808249300528846
lung,baseline,40000,81,75,75,0.21059780135088388
lung,baseline,40000,81,79,79,0.31028495815763946
lung,baseline,40000,81,79,79,0.29625615592960547
lung,baseline,40000,81,79,79,0.30039010554709816
lung,baseline,40000,81,77,77,0.29427228954668255
lung,baseline,40000,81,80,80,0.1675752539639946
lung,baseline,40000,81,73,73,0.12986848460972222
lung,baseline,40000,81,72,72,0.13333674492719125
lung,baseline,40000,81,62,62,0.1378750598306968
lung,baseline,40000,81,55,55,0.1452608564676234
lung,baseline,40000,81,28,28,0.21274856166684258
lung,baseline,40000,81,80,80,0.2771972377934184
lung,baseline,40000,81,80,80,0.23716951344183204
lung,baseline,40000,81,80,80,0.12645278946310232
lung,baseline,40000,81,80,80,0.08749436510534651
lung,baseline,40000,81,76,76,0.09190266143332644
lung,baseline,40000,81,80,80,0.13051670267347504
lung,baseline,40000,81,80,80,0.15277384676847922
lung,baseline,40000,81,80,80,0.15252102264694747
lung,baseline,40000,81,80,80,0.2568573021080762
lung,baseline,40000,81,57,57,0.32956029041273077
lung,baseline,40000,81,54,54,0.3287186910350499
lung,baseline,40000,81,53,53,0.296688571518962
lung,baseline,40000,81,80,80,0.24290643474617984
lung,baseline,40000,81,79,79,0.20599448662062972
lung,baseline,40000,81,75,75,0.22834795859232818
lung,baseline,40000,81,74,74,0.23033578619107412
lung,baseline,40000,81,78,78,0.23462016746882333
lung,baseline,40000,81,75,75,0.29019810109665173
lung,baseline,40000,81,74,74,0.2643360808714712
lung,baseline,40000,81,74,74,0.30845400344251495
lung,baseline,40000,81,73,73,0.1977485071746305
lung,baseline,40000,81,72,72,0.13298330824142068
lung,baseline,40000,81,71,71,0.2061468932010306
lung,baseline,40000,81,55,55,0.2423150420872331
lung,baseline,40000,81,53,53,0.23034901781287184
lung,baseline,40000,81,35,35,0.2311279247779191
lung,baseline,40000,81,74,74,0.2192769165478854
lung,baseline,40000,81,19,19,0.3167488109319425
lung,baseline,40000,81,78,78,0.3088161999141982
lung,baseline,40000,81,78,78,0.3348120828808484
lung,baseline,40000,81,61,61,0.3039978782403564
lung,baseline,40000,81,51,51,0.2554057452528401
lung,baseline,40000,81,80,80,0.2897896758387895
lung,baseline,40000,81,80,80,0.3183459473827701
lung,baseline,40000,81,70,70,0.25026390691609574
lung,baseline,40000,81,69,69,0.10623904222758318
lung,baseline,40000,81,79,79,0.11458313256533498
lung,baseline,40000,81,80,80,0.18676741961631146
lung,baseline,40000,81,79,79,0.2583019074807168
lung,baseline,40000,81,78,78,0.2598246467471712
lung,baseline,40000,81,78,78,0.2684833303970623
lung,baseline,40000,81,75,75,0.24329030087408113
lung,baseline,40000,81,75,75,0.22719941956329626
lung,baseline,40000,81,80,80,0.12383783315189822
lung,baseline,40000,81,80,80,0.023695537280266396
lung,baseline,40000,81,80,80,0.016165354378241698
lung,baseline,40000,81,80,80,0.011318808274193248
lung,baseline,40000,81,80,80,0.06637149690990587
lung,baseline,40000,81,78,78,0.017434921349308567
lung,baseline,40000,81,78,78,0.016609788687487925
lung,baseline,40000,81,78,78,0.03275261178789748
lung,baseline,40000,81,77,77,0.010673389639599443
lung,baseline,40000,81,74,74,0.023746839522395632
lung,baseline,40000,81,80,80,0.2685615144251199
lung,baseline,40000,81,80,80,0.2999225314850446
lung,baseline,40000,81,77,77,0.11938507584535235
lung,baseline,40000,81,76,76,0.19705941534130053
lung,baseline,40000,81,80,80,0.04684264614702941
lung,baseline,40000,81,80,80,0.026518555552339267
lung,baseline,40000,81,80,80,0.02158267491642158
lung,baseline,40000,81,80,80,0.20225285309622337
lung,baseline,40000,81,80,80,0.15813942996994645
lung,baseline,40000,81,80,80,0.2544027481902967
lung,baseline,40000,81,68,68,0.08213479636991675
lung,baseline,40000,81,80,80,0.2853712079150656
lung,baseline,40000,81,80,80,0.2571422504332629
lung,baseline,40000,81,80,80,0.15485375876624163
lung,baseline,40000,81,80,80,0.12876723350417843
lung,baseline,40000,81,80,80,0.10477060705820129
lung,baseline,40000,81,80,80,0.01004443632543618
lung,baseline,40000,81,80,80,0.032481835984174354
lung,baseline,40000,81,80,80,0.007478091530764572
lung,baseline,40000,81,80,80,0.00892770162757676
lung,baseline,40000,81,80,80,0.011990264066601244
lung,baseline,40000,81,80,80,0.009156312654087215
lung,baseline,40000,81,80,80,0.009765386716005624
lung,baseline,40000,81,80,80,0.01448053879778197
lung,baseline,40000,81,80,80,0.16135945030324506
lung,baseline,40000,81,80,80,0.0076273812168751705
lung,baseline,40000,81,80,80,0.014450349089740794
lung,baseline,40000,81,80,80,0.06219806642870442
lung,baseline,40000,81,80,80,0.009640819510746215
lung,baseline,40000,81,80,80,0.08090003207428927
lung,baseline,40000,81,80,80,0.011548460044491773
lung,baseline,40000,81,79,79,0.016121439346042456
lung,baseline,40000,81,78,78,0.018151580482323657
lung,baseline,40000,81,78,78,0.014140072092673409
lung,baseline,40000,81,78,78,0.012539562598526519
lung,baseline,40000,81,78,78,0.03564843617750762
lung,baseline,40000,81,78,78,0.013161709829389035
lung,baseline,40000,81,77,77,0.024885918319020615
lung,baseline,40000,81,74,74,0.017012323552955948
lung,baseline,40000,81,80,80,0.18742421676045065
lung,baseline,40000,81,78,78,0.27551165883797213
lung,baseline,40000,81,77,77,0.17112145762062175
lung,baseline,40000,81,80,80,0.01165654075251386
lung,baseline,40000,81,80,80,0.02009106566847132
lung,baseline,40000,81,80,80,0.07922753975704919
lung,baseline,40000,81,80,80,0.186305830471937
lung,baseline,40000,81,77,77,0.12546637399955204
lung,baseline,40000,81,77,77,0.03157690083867261
lung,baseline,40000,81,79,79,0.33542575371320793
lung,baseline,40000,81,77,77,0.1990441861400847
lung,baseline,40000,81,80,80,0.1321047231562977
lung,baseline,40000,81,80,80,0.09606740975972963
lung,baseline,40000,81,80,80,0.16873436262534708
lung,baseline,40000,81,80,80,0.12266598030125604
lung,baseline,40000,81,80,80,0.02580915121580804
lung,baseline,40000,81,80,80,0.05148030114749774
lung,baseline,40000,81,78,78,0.03643930884179468
lung,baseline,40000,81,78,78,0.017950652641363866
lung,baseline,40000,81,78,78,0.016795437367112746
lung,baseline,40000,81,78,78,0.0046747189817432575
lung,baseline,40000,81,76,76,0.12664518480538595
lung,baseline,40000,81,68,68,0.03212636874341184
lung,baseline,40000,81,79,79,0.26735613924562396
lung,baseline,40000,81,75,75,0.2617622801855921
lung,baseline,40000,81,69,69,0.07502370964615784
lung,baseline,40000,81,80,80,0.12840278702197178
lung,baseline,40000,81,80,80,0.004141726739928485
lung,baseline,40000,81,79,79,0.012331115656241582
lung,baseline,40000,81,75,75,0.1265050365326334
lung,baseline,40000,81,75,75,0.10561318282481767
lung,baseline,40000,81,74,74,0.025568735639115634
lung,baseline,40000,81,80,80,0.008047655975171906
lung,baseline,40000,81,80,80,0.008734504895830816
lung,baseline,40000,81,80,80,0.0051236653895048055
lung,baseline,40000,81,80,80,0.05348169683120461
lung,baseline,40000,81,80,80,0.0043955635701982704
lung,baseline,40000,81,80,80,0.012878750810281775
lung,baseline,40000,81,80,80,0.0038072987210527242
lung,baseline,40000,81,80,80,0.00660237475069219
lung,baseline,40000,81,80,80,0.11808666005010067
lung,baseline,40000,81,80,80,0.021344758210652758
lung,baseline,40000,81,80,80,0.03209946213775126
lung,baseline,40000,81,80,80,0.00593886554842512
lung,baseline,40000,81,80,80,0.02851939860829108
lung,baseline,40000,81,79,79,0.010080306892944728
lung,baseline,40000,81,79,79,0.008573259416420993
lung,baseline,40000,81,78,78,0.028109769775413795
lung,baseline,40000,81,78,78,0.009954128503457157
lung,baseline,40000,81,78,78,0.018030098329093722
lung,baseline,40000,81,77,77,0.032402842925855255
lung,baseline,40000,81,74,74,0.02708373667706479
lung,baseline,40000,81,80,80,0.09517461532533292
lung,baseline,40000,81,80,80,0.07360317882045622
lung,baseline,40000,81,80,80,0.12629734681843224
lung,baseline,40000,81,65,65,0.06417601136769405
lung,baseline,40000,81,78,78,0.136626906971242
lung,baseline,40000,81,77,77,0.19770964955022519
lung,baseline,40000,81,77,77,0.13849875207614457
lung,baseline,40000,81,75,75,0.15798000686678818
lung,baseline,40000,81,80,80,0.009613039293180197
lung,baseline,40000,81,79,79,0.007026114755259633
lung,baseline,40000,81,79,79,0.08978374979126218
lung,baseline,40000,81,75,75,0.1191958376927274
lung,baseline,40000,81,80,80,0.09936877499235053
lung,baseline,40000,81,80,80,0.07149672157975354
lung,baseline,40000,81,79,79,0.13459779708346667
lung,baseline,40000,81,79,79,0.017394380187157766
lung,baseline,40000,81,78,78,0.011336575360574228
lung,baseline,40000,81,80,80,0.2839011550351082
lung,baseline,40000,81,80,80,0.28540907547721844
lung,baseline,40000,81,75,75,0.27502283915100684
lung,baseline,40000,81,80,80,0.12878326735012185
lung,baseline,40000,81,80,80,0.10221495302782194
lung,baseline,40000,81,80,80,0.07296276173529696
lung,baseline,40000,81,80,80,0.2554564530248995
lung,baseline,40000,81,80,80,0.2342532555366154
lung,baseline,40000,81,77,77,0.12865170426859132
lung,baseline,40000,81,78,78,0.23824513483186566
lung,baseline,40000,81,78,78,0.23774603176140643
lung,baseline,40000,81,75,75,0.2740035642261533
lung,baseline,40000,81,72,72,0.24799348595896908
lung,baseline,40000,81,80,80,0.25536767600287635
lung,baseline,40000,81,80,80,0.101116705618244
lung,baseline,40000,81,76,76,0.18804088824425452
lung,baseline,40000,81,80,80,0.14125422585257416
lung,baseline,40000,81,74,74,0.13274799431934184
lung,baseline,40000,81,68,68,0.1330379806074762
lung,baseline,40000,81,80,80,0.023980011504382746
lung,baseline,40000,81,80,80,0.17922392768110187
lung,baseline,40000,81,80,80,0.2756465785023311
lung,baseline,40000,81,80,80,0.2056495958670565
lung,baseline,40000,81,80,80,0.10561362714973946
lung,baseline,40000,81,78,78,0.03586492606266826
lung,baseline,40000,81,77,77,0.12358252332970349
lung,baseline,40000,81,77,77,0.051275399475281286
lung,baseline,40000,81,74,74,0.20525539459143152
lung,baseline,40000,81,68,68,0.1670752559699579
lung,baseline,40000,81,66,66,0.17312833101690295
lung,baseline,40000,81,19,19,0.283966359043153
lung,baseline,40000,81,80,80,0.16247401684050194
lung,baseline,40000,81,80,80,0.21433456212107682
lung,baseline,40000,81,80,80,0.08408673289203257
lung,baseline,40000,81,28,28,0.3969367301550397
lung,baseline,40000,81,80,80,0.17974443472412688
lung,baseline,40000,81,80,80,0.24915571929825503
lung,baseline,40000,81,75,75,0.20772618614789595
lung,baseline,40000,81,78,78,0.2549474802972046
lung,baseline,40000,81,74,74,0.2466092972420733
lung,baseline,40000,81,28,28,0.2751065906366389
lung,baseline,40000,81,72,72,0.200026832399812
lung,baseline,40000,81,64,64,0.1377195747520923
lung,baseline,40000,81,28,28,0.2896103008511098
lung,baseline,40000,81,80,80,0.22741358136373072
lung,baseline,40000,81,80,80,0.07182418591543571
lung,baseline,40000,81,80,80,0.17990226712580387
lung,baseline,40000,81,80,80,0.08269804062367345
lung,baseline,40000,81,80,80,0.10741725964775801
lung,baseline,40000,81,78,78,0.06136218033558531
lung,baseline,40000,81,73,73,0.12232093827534853
lung,baseline,40000,81,71,71,0.06569889925929198
lung,baseline,40000,81,68,68,0.12255005210787981
lung,baseline,40000,81,80,80,0.27678604279506885
lung,baseline,40000,81,80,80,0.25558904547141087
lung,baseline,40000,81,74,74,0.2250794175734309
lung,baseline,40000,81,69,69,0.09015326270363096
lung,baseline,40000,81,79,79,0.1579629527818853
lung,baseline,40000,81,78,78,0.16745762063189676
lung,baseline,40000,81,75,75,0.1398120908586094
lung,baseline,40000,81,55,55,0.2118987718946526
lung,baseline,40000,81,80,80,0.155757822957302
lung,baseline,40000,81,74,74,0.21441511198299837
lung,baseline,40000,81,69,69,0.1910084321948765
lung,baseline,40000,81,66,66,0.1589385028284465
lung,baseline,40000,81,67,67,0.2403012657834375
lung,baseline,40000,81,66,66,0.2977092341079676
lung,baseline,40000,81,65,65,0.2809187267363381
lung,baseline,40000,81,64,64,0.28182752353903084
lung,baseline,40000,81,53,53,0.3136871648618729
lung,baseline,40000,81,80,80,0.2130512622866822
lung,baseline,40000,81,80,80,0.07817489870134242
lung,baseline,40000,81,80,80,0.0032327452909584413
lung,baseline,40000,81,80,80,0.19286547001421078
lung,baseline,40000,81,78,78,0.011300514039295136
lung,baseline,40000,81,77,77,0.04164168758743839
lung,baseline,40000,81,77,77,0.03828242500000155
lung,baseline,40000,81,77,77,0.06690526541906738
lung,baseline,40000,81,77,77,0.1221015387237347
lung,baseline,40000,81,80,80,0.009100082867694129
lung,baseline,40000,81,80,80,0.047221370311498645
lung,baseline,40000,81,80,80,0.013379775219683357
lung,baseline,40000,81,80,80,0.009603210033420902
lung,baseline,40000,81,80,80,0.0661363147128427
lung,baseline,40000,81,80,80,0.020974091323272014
lung,baseline,40000,81,80,80,0.011956885764363564
lung,baseline,40000,81,80,80,0.008127521458276938
lung,baseline,40000,81,80,80,0.008821599528138505
lung,baseline,40000,81,80,80,0.012902965326139729
lung,baseline,40000,81,80,80,0.012123230921306778
lung,baseline,40000,81,80,80,0.061163249024184484
lung,baseline,40000,81,80,80,0.03494421777882289
lung,baseline,40000,81,80,80,0.013178719438410327
lung,baseline,40000,81,80,80,0.007894453748848968
lung,baseline,40000,81,79,79,0.01683038778573167
lung,baseline,40000,81,79,79,0.016882924312973134
lung,baseline,40000,81,78,78,0.008264162593508246
lung,baseline,40000,81,78,78,0.02248956639793378
lung,baseline,40000,81,80,80,0.28281610302556215
lung,baseline,40000,81,75,75,0.2642289379806563
lung,baseline,40000,81,75,75,0.23538330175313107
lung,baseline,40000,81,41,41,0.19657012635124307
lung,baseline,40000,81,80,80,0.01145855991670763
lung,baseline,40000,81,80,80,0.072541733419164
lung,baseline,40000,81,80,80,0.20526725053112055
lung,baseline,40000,81,78,78,0.024091978503416624
lung,baseline,40000,81,78,78,0.009327177339832569
lung,baseline,40000,81,76,76,0.14819668295476707
lung,baseline,40000,81,80,80,0.18084540173791522
lung,baseline,40000,81,80,80,0.15464039565537294
lung,baseline,40000,81,79,79,0.20107271380633474
lung,baseline,40000,81,80,80,0.2942458331362022
lung,baseline,40000,81,80,80,0.25696624342657903
lung,baseline,40000,81,76,76,0.2039582502488781
lung,baseline,40000,81,80,80,0.18833083053707675
lung,baseline,40000,81,74,74,0.16746742392122582
lung,baseline,40000,81,66,66,0.14768908577295325
lung,baseline,40000,81,80,80,0.23759293355380615
lung,baseline,40000,81,80,80,0.24006827323422736
lung,baseline,40000,81,80,80,0.025382832510654603
lung,baseline,40000,81,78,78,0.11024762631442482
lung,baseline,40000,81,77,77,0.16507641335308995
lung,baseline,40000,81,77,77,0.012235751072935697
lung,baseline,40000,81,28,28,0.39954181267632183
lung,baseline,40000,81,69,69,0.11614393887149523
lung,baseline,40000,81,68,68,0.24409482884951383
lung,baseline,40000,81,66,66,0.16764956820232665
lung,baseline,40000,81,64,64,0.2454888316428146
lung,baseline,40000,81,63,63,0.06673486412259358
lung,baseline,40000,81,80,80,0.048620047907277565
lung,baseline,40000,81,80,80,0.10404837552805195
lung,baseline,40000,81,80,80,0.251964141559788
lung,baseline,40000,81,80,80,0.08214358016528006
lung,baseline,40000,81,78,78,0.13734514216064575
lung,baseline,40000,81,78,78,0.02524946099261764
lung,baseline,40000,81,80,80,0.020307806527838212
lung,baseline,40000,81,78,78,0.06681956999096375
lung,baseline,40000,81,78,78,0.1337649031369263
lung,baseline,40000,81,75,75,0.024101736119061645
lung,baseline,40000,81,75,75,0.12635269626008633
lung,baseline,40000,81,74,74,0.13715532276465406
lung,baseline,40000,81,71,71,0.06947371459292784
lung,baseline,40000,81,68,68,0.1486087758178551
lung,baseline,40000,81,55,55,0.14402310239339997
lung,baseline,40000,81,80,80,0.02020852756384972
lung,baseline,40000,81,80,80,0.11571149957331114
lung,baseline,40000,81,79,79,0.013345781213298255
lung,baseline,40000,81,79,79,0.011363637861060594
lung,baseline,40000,81,77,77,0.06770121265286252
lung,baseline,40000,81,76,76,0.06908437508804918
lung,baseline,40000,81,80,80,0.08921262041128737
lung,baseline,40000,81,80,80,0.023065519632401055
lung,baseline,40000,81,79,79,0.06334466040406417
lung,baseline,40000,81,55,55,0.1016123831882344
lung,baseline,40000,81,80,80,0.20861278439225517
lung,baseline,40000,81,80,80,0.11088469975618782
lung,baseline,40000,81,78,78,0.14345880879056253
lung,baseline,40000,81,79,79,0.3364018349118913
lung,baseline,40000,81,69,69,0.10333275554223413
lung,baseline,40000,81,80,80,0.26010426591822633
lung,baseline,40000,81,80,80,0.29225193412160816
lung,baseline,40000,81,79,79,0.12260346593261039
lung,baseline,40000,81,75,75,0.2201403582512906
lung,baseline,40000,81,80,80,0.2638102499735922
lung,baseline,40000,81,80,80,0.057135236853443995
lung,baseline,40000,81,80,80,0.036151590922291206
lung,baseline,40000,81,80,80,0.3102567497363388
lung,baseline,40000,81,76,76,0.25770140591743085
lung,baseline,40000,81,80,80,0.02010797775560368
lung,baseline,40000,81,80,80,0.09531952108469251
lung,baseline,40000,81,80,80,0.02255056424476471
lung,baseline,40000,81,80,80,0.1290339380514685
lung,baseline,40000,81,80,80,0.013259277037389286
lung,baseline,40000,81,77,77,0.040585657138551855
lung,baseline,40000,81,77,77,0.07960800447149226
lung,baseline,40000,81,80,80,0.25543450081984675
lung,baseline,40000,81,80,80,0.2728796243230217
lung,baseline,40000,81,77,77,0.18739234295521842
lung,baseline,40000,81,78,78,0.26027723642548
lung,baseline,40000,81,77,77,0.2652614436472167
lung,baseline,40000,81,75,75,0.24399135128165925
lung,baseline,40000,81,74,74,0.21905458325371924
lung,baseline,40000,81,69,69,0.2451930195821655
lung,baseline,40000,81,80,80,0.08646495576023269
lung,baseline,40000,81,80,80,0.18043979274067828
lung,baseline,40000,81,79,79,0.2286326474893465
lung,baseline,40000,81,77,77,0.2156361350285194
lung,baseline,40000,81,80,80,0.1397887268003884
lung,baseline,40000,81,80,80,0.20574081300407626
lung,baseline,40000,81,65,65,0.20548624688184108
lung,baseline,40000,81,80,80,0.20067519539830397
lung,baseline,40000,81,80,80,0.024918346292852545
lung,baseline,40000,81,80,80,0.06547294640636156
lung,baseline,40000,81,80,80,0.01256677360747305
lung,baseline,40000,81,79,79,0.018994902709652317
lung,baseline,40000,81,76,76,0.017541608036998675
lung,baseline,40000,81,75,75,0.02254311920300602
lung,baseline,40000,81,80,80,0.25266574630803607
lung,baseline,40000,81,80,80,0.06523202841755123
lung,baseline,40000,81,80,80,0.10232968553850104
lung,baseline,40000,81,80,80,0.004550147338392638
lung,baseline,40000,81,80,80,0.14017532853155346
lung,baseline,40000,81,80,80,0.29035977000638796
lung,baseline,40000,81,79,79,0.018872880519317032
lung,baseline,40000,81,78,78,0.12880818668568514
lung,baseline,40000,82,81,81,0.19834019754169166
lung,baseline,40000,82,81,81,0.12415117988638934
lung,baseline,40000,82,81,81,0.006125960979916521
lung,baseline,40000,82,81,81,0.14359434388986572
lung,baseline,40000,82,79,79,0.05603162514439332
lung,baseline,40000,82,79,79,0.021488112421018883
lung,baseline,40000,82,77,77,0.13388455130935212
lung,baseline,40000,82,72,72,0.040051911674919394
lung,baseline,40000,82,69,69,0.03541499168565709
lung,baseline,40000,82,78,78,0.27982975620432077
lung,baseline,40000,82,78,78,0.03105879264493222
lung,baseline,40000,82,78,78,0.23699512713967585
lung,baseline,40000,82,75,75,0.30530859689160667
lung,baseline,40000,82,74,74,0.2293133051462728
lung,baseline,40000,82,73,73,0.2144044657449232
lung,baseline,40000,82,80,80,0.02288751677552024
lung,baseline,40000,82,77,77,0.08632982100131212
lung,baseline,40000,82,76,76,0.12470228089319282
lung,baseline,40000,82,74,74,0.0930764832164787
lung,baseline,40000,82,72,72,0.058101264392954946
lung,baseline,40000,82,58,58,0.14255727458705217
lung,baseline,40000,82,81,81,0.20095184094067006
lung,baseline,40000,82,81,81,0.252735542647713
lung,baseline,40000,82,81,81,0.24897400440076628
lung,baseline,40000,82,78,78,0.15897261635544996
lung,baseline,40000,82,78,78,0.026046088432338237
lung,baseline,40000,82,81,81,0.26592129110732193
lung,baseline,40000,82,81,81,0.24636924869002522
lung,baseline,40000,82,81,81,0.20347038024783995
lung,baseline,40000,82,79,79,0.27143452488650804
lung,baseline,40000,82,79,79,0.2554518058820393
lung,baseline,40000,82,78,78,0.19234269369823528
lung,baseline,40000,82,73,73,0.25521633212954564
lung,baseline,40000,82,66,66,0.2649602910512767
lung,baseline,40000,82,81,81,0.269021189700551
lung,baseline,40000,82,76,76,0.22885329877226127
lung,baseline,40000,82,34,34,0.16464770989494318
lung,baseline,40000,82,72,72,0.12934744203648155
lung,baseline,40000,82,68,68,0.1437268884499151
lung,baseline,40000,82,55,55,0.0994841576341049
lung,baseline,40000,82,53,53,0.13455402353472945
lung,baseline,40000,82,28,28,0.18172471948458566
lung,baseline,40000,82,80,80,0.24068479452283506
lung,baseline,40000,82,66,66,0.27788638195791787
lung,baseline,40000,82,43,43,0.3091251437439917
lung,baseline,40000,82,39,39,0.30900778206144486
lung,baseline,40000,82,27,27,0.4215183396710846
lung,baseline,40000,82,80,80,0.20525769515932799
lung,baseline,40000,82,80,80,0.2149935607213128
lung,baseline,40000,82,80,80,0.23690603336077826
lung,baseline,40000,82,78,78,0.23536926465503874
lung,baseline,40000,82,78,78,0.20915252517931684
lung,baseline,40000,82,78,78,0.2416768029844588
lung,baseline,40000,82,76,76,0.2675892189426963
lung,baseline,40000,82,75,75,0.2250995762223927
lung,baseline,40000,82,75,75,0.14735442243925156
lung,baseline,40000,82,75,75,0.21349597839027368
lung,baseline,40000,82,72,72,0.20982429536594882
lung,baseline,40000,82,63,63,0.28003113951543673
lung,baseline,40000,82,81,81,0.011819357565245398
lung,baseline,40000,82,81,81,0.1811231368801858
lung,baseline,40000,82,81,81,0.16086735085299217
lung,baseline,40000,82,74,74,0.27363476682319826
lung,baseline,40000,82,69,69,0.2198407017927636
lung,baseline,40000,82,34,34,0.16863846093588486
lung,baseline,40000,82,81,81,0.2823873207353436
lung,baseline,40000,82,80,80,0.24182344294084257
lung,baseline,40000,82,80,80,0.270691172706493
lung,baseline,40000,82,76,76,0.17292631739027498
lung,baseline,40000,82,75,75,0.14185427189664104
lung,baseline,40000,82,72,72,0.118231719323701
lung,baseline,40000,82,69,69,0.13233293611257477
lung,baseline,40000,82,28,28,0.18145549530171126
lung,baseline,40000,82,79,79,0.22504118156115135
lung,baseline,40000,82,75,75,0.17281699331914338
lung,baseline,40000,82,73,73,0.04200523791357717
lung,baseline,40000,82,80,80,0.2524932379991309
lung,baseline,40000,82,80,80,0.24752915990449326
lung,baseline,40000,82,78,78,0.22661444763357566
lung,baseline,40000,82,81,81,0.3185172684383459
lung,baseline,40000,82,81,81,0.22659024278242415
lung,baseline,40000,82,76,76,0.19994339278386752
lung,baseline,40000,82,81,81,0.2684208479421266
lung,baseline,40000,82,81,81,0.25994828654348984
lung,baseline,40000,82,78,78,0.12322818099402294
lung,baseline,40000,82,76,76,0.2371769292338864
lung,baseline,40000,82,81,81,0.20563827221150976
lung,baseline,40000,82,76,76,0.2078786461469985
lung,baseline,40000,82,81,81,0.01664465011049428
lung,baseline,40000,82,81,81,0.2502985407182596
lung,baseline,40000,82,81,81,0.1134414872165702
lung,baseline,40000,82,81,81,0.25883475595571354
lung,baseline,40000,82,75,75,0.12876971415723984
lung,baseline,40000,82,81,81,0.19330762005972396
lung,baseline,40000,82,81,81,0.004698505996119055
lung,baseline,40000,82,81,81,0.2936962042605741
lung,baseline,40000,82,81,81,0.2553357728732518
lung,baseline,40000,82,79,79,0.16220587366044484
lung,baseline,40000,82,78,78,0.03603394769612857
lung,baseline,40000,82,79,79,0.2843433860981002
lung,baseline,40000,82,77,77,0.2755625934109749
lung,baseline,40000,82,75,75,0.2370831777766342
lung,baseline,40000,82,28,28,0.36979699750122824
lung,baseline,40000,82,77,77,0.08162463078633982
lung,baseline,40000,82,76,76,0.10079688461367711
lung,baseline,40000,82,76,76,0.10162719396855817
lung,baseline,40000,82,75,75,0.02669846021279121
lung,baseline,40000,82,74,74,0.1003894930902753
lung,baseline,40000,82,58,58,0.11337977419951138
lung,baseline,40000,82,81,81,0.2875103894592442
lung,baseline,40000,82,76,76,0.21424148974999624
lung,baseline,40000,82,80,80,0.23191131476473328
lung,baseline,40000,82,79,79,0.15992210908462104
lung,baseline,40000,82,79,79,0.18995004609443955
lung,baseline,40000,82,76,76,0.17408607582293667
lung,baseline,40000,82,75,75,0.18385137079371913
lung,baseline,40000,82,81,81,0.10436265108788409
lung,baseline,40000,82,77,77,0.151025815851277
lung,baseline,40000,82,75,75,0.03527815221463051
lung,baseline,40000,82,57,57,0.08031036613053347
lung,baseline,40000,82,73,73,0.2758729456163066
lung,baseline,40000,82,73,73,0.2546492884317792
lung,baseline,40000,82,73,73,0.22959311980669708
lung,baseline,40000,82,70,70,0.2131526522151561
lung,baseline,40000,82,69,69,0.28049646784881427
lung,baseline,40000,82,69,69,0.17975745582847746
lung,baseline,40000,82,68,68,0.20937860478326553
lung,baseline,40000,82,68,68,0.21082485615013088
lung,baseline,40000,82,66,66,0.2084014845358398
lung,baseline,40000,82,65,65,0.21372993190635087
lung,baseline,40000,82,64,64,0.1942716066545621
lung,baseline,40000,82,72,72,0.08630286180920875
lung,baseline,40000,82,68,68,0.11561486826977267
lung,baseline,40000,82,63,63,0.03585150123772838
lung,baseline,40000,82,57,57,0.09264964799865794
lung,baseline,40000,82,81,81,0.25389622607823653
lung,baseline,40000,82,81,81,0.2916348978509456
lung,baseline,40000,82,81,81,0.2806771143492882
lung,baseline,40000,82,78,78,0.0913156796063702
lung,baseline,40000,82,71,71,0.018343575868152183
lung,baseline,40000,82,81,81,0.2982217655784932
lung,baseline,40000,82,80,80,0.1310915945531553
lung,baseline,40000,82,70,70,0.24019961129112238
lung,baseline,40000,82,77,77,0.3132842142408054
lung,baseline,40000,82,75,75,0.24715270941047948
lung,baseline,40000,82,72,72,0.1697525390566613
lung,baseline,40000,82,70,70,0.304675483217994
lung,baseline,40000,82,68,68,0.3243321640269587
lung,baseline,40000,82,66,66,0.16241852390264438
lung,baseline,40000,82,81,81,0.17613929767929526
lung,baseline,40000,82,81,81,0.20619982488809216
lung,baseline,40000,82,81,81,0.25554348015809925
lung,baseline,40000,82,80,80,0.014692798867353219
lung,baseline,40000,82,76,76,0.2794151425366266
lung,baseline,40000,82,75,75,0.2914443575799364
lung,baseline,40000,82,72,72,0.27698272781977373
lung,baseline,40000,82,58,58,0.298006561445358
lung,baseline,40000,82,80,80,0.29792605605839545
lung,baseline,40000,82,76,76,0.25429235032623826
lung,baseline,40000,82,76,76,0.24567071851204372
lung,baseline,40000,82,78,78,0.07608570106409814
lung,baseline,40000,82,72,72,0.030833361275629443
lung,baseline,40000,82,70,70,0.10297512129342452
lung,baseline,40000,82,80,80,0.21660576282555982
lung,baseline,40000,82,76,76,0.2671420305442089
lung,baseline,40000,82,70,70,0.07262321511861441
lung,baseline,40000,82,66,66,0.21314809087150585
lung,baseline,40000,82,64,64,0.25335886996705903
lung,baseline,40000,82,81,81,0.042112712756331806
lung,baseline,40000,82,81,81,0.15595180606975684
lung,baseline,40000,82,76,76,0.15390877018212504
lung,baseline,40000,82,81,81,0.15464388693499517
lung,baseline,40000,82,81,81,0.27288600825697895
lung,baseline,40000,82,81,81,0.024192952063053608
lung,baseline,40000,82,81,81,0.007975164946921284
lung,baseline,40000,82,81,81,0.016906227176444643
lung,baseline,40000,82,81,81,0.0067369340536035235
lung,baseline,40000,82,81,81,0.11200521243212683
lung,baseline,40000,82,81,81,0.3178258979088173
lung,baseline,40000,82,81,81,0.00816940335487109
lung,baseline,40000,82,81,81,0.02616558521461326
lung,baseline,40000,82,79,79,0.01171674315157252
lung,baseline,40000,82,77,77,0.022474823428291317
lung,baseline,40000,82,75,75,0.04584010463478422
lung,baseline,40000,82,81,81,0.01345080879938447
lung,baseline,40000,82,81,81,0.007695215146560419
lung,baseline,40000,82,81,81,0.19208612583514278
lung,baseline,40000,82,81,81,0.07420086280222901
lung,baseline,40000,82,81,81,0.010200593379905084
lung,baseline,40000,82,81,81,0.07527539869018857
lung,baseline,40000,82,80,80,0.01709575477198386
lung,baseline,40000,82,80,80,0.013086805029762233
lung,baseline,40000,82,80,80,0.01819731495457399
lung,baseline,40000,82,79,79,0.03155735248037724
lung,baseline,40000,82,79,79,0.02633190991173974
lung,baseline,40000,82,79,79,0.014337877468270773
lung,baseline,40000,82,75,75,0.016613748041301755
lung,baseline,40000,82,81,81,0.2738472755194437
lung,baseline,40000,82,81,81,0.0285132202375762
lung,baseline,40000,82,81,81,0.14672058274358732
lung,baseline,40000,82,77,77,0.17395605054433874
lung,baseline,40000,82,81,81,0.2341784203792557
lung,baseline,40000,82,81,81,0.3162453161721452
lung,baseline,40000,82,77,77,0.19407365189048087
lung,baseline,40000,82,81,81,0.2006794538413165
lung,baseline,40000,82,81,81,0.2752210355383352
lung,baseline,40000,82,80,80,0.11980747665274541
lung,baseline,40000,82,76,76,0.22393382473367981
lung,baseline,40000,82,81,81,0.27678299598803596
lung,baseline,40000,82,81,81,0.004531638675093374
lung,baseline,40000,82,81,81,0.11334503494561612
lung,baseline,40000,82,80,80,0.07177466532326314
lung,baseline,40000,82,76,76,0.32525344534662387
lung,baseline,40000,82,81,81,0.24338431026470872
lung,baseline,40000,82,80,80,0.07604951671798352
lung,baseline,40000,82,77,77,0.17997933686592574
lung,baseline,40000,82,81,81,0.010973555254422578
lung,baseline,40000,82,81,81,0.021160837971186255
lung,baseline,40000,82,81,81,0.013662909441591108
lung,baseline,40000,82,81,81,0.21190380094614922
lung,baseline,40000,82,81,81,0.02923542117092207
lung,baseline,40000,82,81,81,0.04184804051181622
lung,baseline,40000,82,81,81,0.12310099845099165
lung,baseline,40000,82,81,81,0.28096367941674855
lung,baseline,40000,82,81,81,0.144577535855729
lung,baseline,40000,82,79,79,0.021247580151917456
lung,baseline,40000,82,79,79,0.14523921019229516
lung,baseline,40000,82,75,75,0.06788808833111411
lung,baseline,40000,82,81,81,0.09642975267955094
lung,baseline,40000,82,81,81,0.29995344191497786
lung,baseline,40000,82,81,81,0.2488903121587697
lung,baseline,40000,82,81,81,0.06525308896366747
lung,baseline,40000,82,81,81,0.013999379843865468
lung,baseline,40000,82,81,81,0.002180383963248634
lung,baseline,40000,82,81,81,0.08417175639964096
lung,baseline,40000,82,81,81,0.05599484496474788
lung,baseline,40000,82,81,81,0.003975599964410803
lung,baseline,40000,82,81,81,0.1850823396648623
lung,baseline,40000,82,81,81,0.01659988091434434
lung,baseline,40000,82,81,81,0.21600897050707096
lung,baseline,40000,82,81,81,0.121434783227087
lung,baseline,40000,82,81,81,0.01854501336799771
lung,baseline,40000,82,80,80,0.02051514341256295
lung,baseline,40000,82,79,79,0.049749411723314735
lung,baseline,40000,82,78,78,0.0728912329013967
lung,baseline,40000,82,75,75,0.03753752744209756
lung,baseline,40000,82,73,73,0.03564184244464423
lung,baseline,40000,82,81,81,0.19309996228322604
lung,baseline,40000,82,75,75,0.17587768612071802
lung,baseline,40000,82,75,75,0.16668372156081473
lung,baseline,40000,82,74,74,0.17163637569453138
lung,baseline,40000,82,73,73,0.30337585978562687
lung,baseline,40000,82,68,68,0.32267872219233606
lung,baseline,40000,82,81,81,0.17364516675782024
lung,baseline,40000,82,81,81,0.030864331594035933
lung,baseline,40000,82,80,80,0.017237312428749325
lung,baseline,40000,82,76,76,0.12937117009149718
lung,baseline,40000,82,81,81,0.2301489960591369
lung,baseline,40000,82,81,81,0.1437285296367037
lung,baseline,40000,82,81,81,0.27695106171204625
lung,baseline,40000,82,78,78,0.1799755214042075
lung,baseline,40000,82,81,81,0.2231844528157161
lung,baseline,40000,82,81,81,0.26058100429728687
lung,baseline,40000,82,77,77,0.16710788412579114
lung,baseline,40000,82,81,81,0.24264941470985804
lung,baseline,40000,82,81,81,0.22880616286358732
lung,baseline,40000,82,81,81,0.12345556983513592
lung,baseline,40000,82,81,81,0.0023613874976162576
lung,baseline,40000,82,80,80,0.01595993295224742
lung,baseline,40000,82,79,79,0.14200458854836853
lung,baseline,40000,82,81,81,0.1445245844181329
lung,baseline,40000,82,81,81,0.06167655825819572
lung,baseline,40000,82,81,81,0.2727034406513975
lung,baseline,40000,82,79,79,0.12307721217192397
lung,baseline,40000,82,75,75,0.05479858054759621
lung,baseline,40000,82,14,14,0.22797289447429123
lung,baseline,40000,82,81,81,0.2696441920859686
lung,baseline,40000,82,81,81,0.19759614614210233
lung,baseline,40000,82,81,81,0.16261340752212583
lung,baseline,40000,82,71,71,0.08476934391724049
lung,baseline,40000,82,77,77,0.016846054441914626
lung,baseline,40000,82,74,74,0.11550593517159673
lung,baseline,40000,82,74,74,0.09610525491675898
lung,baseline,40000,82,72,72,0.09349415484245348
lung,baseline,40000,82,69,69,0.10252486789884993
lung,baseline,40000,82,81,81,0.07514539063399188
lung,baseline,40000,82,81,81,0.276803369271562
lung,baseline,40000,82,80,80,0.06644908946163637
lung,baseline,40000,82,76,76,0.2233967026597671
lung,baseline,40000,82,75,75,0.055800967201074116
lung,baseline,40000,82,81,81,0.28199213878591584
lung,baseline,40000,82,73,73,0.26937363411885756
lung,baseline,40000,82,71,71,0.23760567741227795
lung,baseline,40000,82,81,81,0.2916402396122791
lung,baseline,40000,82,74,74,0.17328488613769152
lung,baseline,40000,82,81,81,0.2031202275227903
lung,baseline,40000,82,81,81,0.14732027532253977
lung,baseline,40000,82,81,81,0.00986876492530516
lung,baseline,40000,82,81,81,0.2472917804574839
lung,baseline,40000,82,80,80,0.01504363920584208
lung,baseline,40000,82,79,79,0.06151211913535234
lung,baseline,40000,82,81,81,0.11086014595187486
lung,baseline,40000,82,77,77,0.10941560139875005
lung,baseline,40000,82,81,81,0.024444082909075574
lung,baseline,40000,82,81,81,0.09905512260312835
lung,baseline,40000,82,81,81,0.1476842092035647
lung,baseline,40000,82,81,81,0.00854514602177507
lung,baseline,40000,82,81,81,0.024310492382156282
lung,baseline,40000,82,78,78,0.07535129911893952
lung,baseline,40000,82,81,81,0.26817935911359914
lung,baseline,40000,82,81,81,0.2164305151211027
lung,baseline,40000,82,81,81,0.23774976330256237
lung,baseline,40000,82,79,79,0.09571364721833883
lung,baseline,40000,82,77,77,0.14701732840767537
lung,baseline,40000,82,80,80,0.3114421315400685
lung,baseline,40000,82,80,80,0.2225631546523948
lung,baseline,40000,82,78,78,0.22026740296197447
lung,baseline,40000,82,75,75,0.1822460595534088
lung,baseline,40000,82,75,75,0.24269614129284903
lung,baseline,40000,82,81,81,0.2220154634109579
lung,baseline,40000,82,80,80,0.01742869834058421
lung,baseline,40000,82,79,79,0.2381450851038845
lung,baseline,40000,82,77,77,0.27438683318960644
lung,baseline,40000,82,70,70,0.2542977911911437
lung,baseline,40000,82,68,68,0.2965864481735327
lung,baseline,40000,82,64,64,0.31375667399159735
lung,baseline,40000,82,78,78,0.08019715885066399
lung,baseline,40000,82,75,75,0.09705909022578961
lung,baseline,40000,82,75,75,0.1255285091961276
lung,baseline,40000,82,73,73,0.0994170264465518
lung,baseline,40000,82,72,72,0.10073624863447408
lung,baseline,40000,82,58,58,0.10088028984264072
lung,baseline,40000,82,81,81,0.29652473136507573
lung,baseline,40000,82,81,81,0.02164143595236608
lung,baseline,40000,82,81,81,0.1910988247527644
lung,baseline,40000,82,81,81,0.2596294536783185
lung,baseline,40000,82,78,78,0.1699366467984403
lung,baseline,40000,82,81,81,0.06705586542403816
lung,baseline,40000,82,79,79,0.01417239662627939
lung,baseline,40000,82,77,77,0.09303587875306737
lung,baseline,40000,82,77,77,0.08751543107584323
lung,baseline,40000,82,81,81,0.13214767323366233
lung,baseline,40000,82,78,78,0.029278473786490268
lung,baseline,40000,82,78,78,0.08292444732744203
lung,baseline,40000,82,77,77,0.10634816807584097
lung,baseline,40000,82,81,81,0.25790550392496947
lung,baseline,40000,82,81,81,0.15964643703645656
lung,baseline,40000,82,81,81,0.012571783873224643
lung,baseline,40000,82,81,81,0.027061864477679574
lung,baseline,40000,82,81,81,0.2770152906616226
lung,baseline,40000,82,81,81,0.021042519023855143
lung,baseline,40000,82,80,80,0.041892421626269424
lung,baseline,40000,82,78,78,0.08160689867500237
lung,baseline,40000,82,75,75,0.0797771006060154
lung,baseline,40000,82,81,81,0.021757991668019876
lung,baseline,40000,82,81,81,0.09305694666197889
lung,baseline,40000,82,81,81,0.09823082708604934
lung,baseline,40000,82,78,78,0.06927318925253505
lung,baseline,40000,82,80,80,0.3111808923480198
lung,baseline,40000,82,69,69,0.239573586060182
lung,baseline,40000,82,69,69,0.2760977635645114
lung,baseline,40000,82,81,81,0.23569471614915244
lung,baseline,40000,82,81,81,0.24759006635668757
lung,baseline,40000,82,81,81,0.19930965240301668
lung,baseline,40000,82,78,78,0.11744363879833439
lung,baseline,40000,82,80,80,0.2664477558154562
lung,baseline,40000,82,79,79,0.25442339883480813
lung,baseline,40000,82,77,77,0.18439249912419398
lung,baseline,40000,82,75,75,0.2700365830600202
lung,baseline,40000,82,80,80,0.2895587789797721
lung,baseline,40000,82,72,72,0.2839713325911794
lung,baseline,40000,82,34,34,0.0665171443158648
lung,baseline,40000,82,81,81,0.19400889078283856
lung,baseline,40000,82,75,75,0.21321982421333574
lung,baseline,40000,82,81,81,0.2572119783232178
lung,baseline,40000,82,81,81,0.20957093832804433
lung,baseline,40000,82,77,77,0.16210130264162764
lung,baseline,40000,82,81,81,0.1438928458153061
lung,baseline,40000,82,80,80,0.01726514329220496
lung,baseline,40000,82,79,79,0.05235641249928065
lung,baseline,40000,82,78,78,0.026246834096853036
lung,baseline,40000,82,76,76,0.11127438297584435
lung,baseline,40000,82,43,43,0.11737786754708122
lung,baseline,40000,82,39,39,0.11491014451379652
lung,baseline,40000,82,76,76,0.17936215367036057
lung,baseline,40000,82,76,76,0.1932439645679574
lung,baseline,40000,82,70,70,0.14458327012082603
lung,baseline,40000,82,70,70,0.1955632325324566
lung,baseline,40000,82,69,69,0.19722526143399777
lung,baseline,40000,82,66,66,0.16914364797009857
lung,baseline,40000,82,66,66,0.2186547754851376
lung,baseline,40000,82,65,65,0.20307530500949586
lung,baseline,40000,82,81,81,0.1817214183419084
lung,baseline,40000,82,81,81,0.13456397072307544
lung,baseline,40000,82,76,76,0.21820530948869168
lung,baseline,40000,82,75,75,0.10149861590571528
lung,baseline,40000,82,69,69,0.11372871909517979
lung,baseline,40000,82,54,54,0.10676797312797046
lung,baseline,40000,82,46,46,0.1513252976395328
lung,baseline,40000,82,19,19,0.26790953170065857
lung,baseline,40000,82,81,81,0.25207121039465913
lung,baseline,40000,82,81,81,0.1298959070077416
lung,baseline,40000,82,77,77,0.18083556171715223
lung,baseline,40000,82,81,81,0.21627757713979717
lung,baseline,40000,82,81,81,0.10909064722687077
lung,baseline,40000,82,81,81,0.09186922323336906
lung,baseline,40000,82,81,81,0.03333008474879265
lung,baseline,40000,82,80,80,0.02109853743536298
lung,baseline,40000,82,80,80,0.0604207745043159
lung,baseline,40000,82,80,80,0.045815482107627446
lung,baseline,40000,82,78,78,0.02620360284937533
lung,baseline,40000,82,75,75,0.05811757993293077
lung,baseline,40000,82,69,69,0.08539115353841042
lung,baseline,40000,82,81,81,0.06438152761553308
lung,baseline,40000,82,81,81,0.218301860609577
lung,baseline,40000,82,81,81,0.24545147469030612
lung,baseline,40000,82,81,81,0.04170603311941676
lung,baseline,40000,82,81,81,0.2637645650920936
lung,baseline,40000,82,81,81,0.25569192739252566
lung,baseline,40000,82,81,81,0.29680904887493564
lung,baseline,40000,82,77,77,0.2385378014731832
lung,baseline,40000,82,81,81,0.27243913691517974
lung,baseline,40000,82,81,81,0.24732370044171245
lung,baseline,40000,82,80,80,0.11574712581216114
lung,baseline,40000,82,77,77,0.24348991248968288
lung,baseline,40000,82,77,77,0.29434302441390486
lung,baseline,40000,82,57,57,0.3127502215356506
lung,baseline,40000,82,41,41,0.18498586361260597
lung,baseline,40000,82,81,81,0.2559229569549686
lung,baseline,40000,82,81,81,0.002153420811271401
lung,baseline,40000,82,81,81,0.28536124352449393
lung,baseline,40000,82,81,81,0.23979392812368736
lung,baseline,40000,82,79,79,0.12499935675037689
lung,baseline,40000,82,78,78,0.2212832935830501
lung,baseline,40000,82,78,78,0.021976205260307993
lung,baseline,40000,82,78,78,0.10933219810712881
lung,baseline,40000,82,81,81,0.01710214357499935
lung,baseline,40000,82,81,81,0.06894157974898978
lung,baseline,40000,82,81,81,0.00590844323499689
lung,baseline,40000,82,81,81,0.007934946697135717
lung,baseline,40000,82,81,81,0.01162705560781917
lung,baseline,40000,82,81,81,0.008118868155513733
lung,baseline,40000,82,81,81,0.004021955872396567
lung,baseline,40000,82,81,81,0.1456338821202962
lung,baseline,40000,82,81,81,0.009242611055529426
lung,baseline,40000,82,80,80,0.007091044885792261
lung,baseline,40000,82,80,80,0.018694138132741147
lung,baseline,40000,82,79,79,0.05995448518778163
lung,baseline,40000,82,72,72,0.04009187274251128
lung,baseline,40000,82,81,81,0.1079012821336689
lung,baseline,40000,82,79,79,0.015101853490335135
lung,baseline,40000,82,78,78,0.014233197648524034
lung,baseline,40000,82,76,76,0.12141860205746983
lung,baseline,40000,82,81,81,0.2898616395353785
lung,baseline,40000,82,81,81,0.2136162024412281
lung,baseline,40000,82,75,75,0.2585995053448678
lung,baseline,40000,82,81,81,0.09905639130609793
lung,baseline,40000,82,81,81,0.2572787974574754
lung,baseline,40000,82,81,81,0.01684921245699322
lung,baseline,40000,82,81,81,0.27619437937561997
lung,baseline,40000,82,79,79,0.1306182543822366
lung,baseline,40000,82,81,81,0.202540400980886
lung,baseline,40000,82,81,81,0.10214379114411196
lung,baseline,40000,82,81,81,0.23940850451860657
lung,baseline,40000,82,78,78,0.029647109162543817
lung,baseline,40000,82,78,78,0.18758395034078157
lung,baseline,40000,82,81,81,0.21074954381748512
lung,baseline,40000,82,81,81,0.28944112157143354
lung,baseline,40000,82,81,81,0.18755224175063948
lung,baseline,40000,82,76,76,0.13356283497715435
lung,baseline,40000,82,75,75,0.20921934160021363
lung,baseline,40000,82,75,75,0.2075514618526422
lung,baseline,40000,82,74,74,0.1767337440472391
lung,baseline,40000,82,69,69,0.1278168928709545
lung,baseline,40000,82,68,68,0.25754042176716974
lung,baseline,40000,82,63,63,0.06959346445615995
lung,baseline,40000,82,81,81,0.21534697738505393
lung,baseline,40000,82,81,81,0.28639425895392767
lung,baseline,40000,82,77,77,0.20055228843500975
lung,baseline,40000,82,81,81,0.19573102680918308
lung,baseline,40000,82,81,81,0.24091364315521868
lung,baseline,40000,82,81,81,0.1683701490205619
lung,baseline,40000,82,78,78,0.1512744151166868
lung,baseline,40000,82,56,56,0.09545679137376702
lung,baseline,40000,82,81,81,0.20004751737830304
lung,baseline,40000,82,80,80,0.14203401258656817
lung,baseline,40000,82,81,81,0.305338056916808
lung,baseline,40000,82,81,81,0.24018709412524164
lung,baseline,40000,82,75,75,0.18948090436663753
lung,baseline,40000,82,81,81,0.2606250295503101
lung,baseline,40000,82,81,81,0.244330252591389
lung,baseline,40000,82,81,81,0.05997357230157562
lung,baseline,40000,82,79,79,0.2577839769401128
lung,baseline,40000,82,78,78,0.1389047365552558
lung,baseline,40000,82,81,81,0.18813307044606778
lung,baseline,40000,82,81,81,0.07087993665607761
lung,baseline,40000,82,81,81,0.2545907633448676
lung,baseline,40000,82,80,80,0.011875708105844984
lung,baseline,40000,82,76,76,0.23331089308018096
lung,baseline,40000,82,81,81,0.2685711384539578
lung,baseline,40000,82,81,81,0.2693843864640207
lung,baseline,40000,82,77,77,0.2204820996781047
lung,baseline,40000,82,81,81,0.19765209373332074
lung,baseline,40000,82,81,81,0.2426679183226091
lung,baseline,40000,82,81,81,0.06720020901955984
lung,baseline,40000,82,79,79,0.08687348257727295
lung,baseline,40000,82,77,77,0.07269827144141201
lung,baseline,40000,82,69,69,0.13514551259206356
lung,baseline,40000,82,81,81,0.009420464382751717
lung,baseline,40000,82,81,81,0.12226791455749689
lung,baseline,40000,82,81,81,0.22860705086593477
lung,baseline,40000,82,81,81,0.20715094203665463
lung,baseline,40000,82,80,80,0.02835412154608155
lung,baseline,40000,82,80,80,0.02563732699517036
lung,baseline,40000,82,63,63,0.16351243196677315
lung,baseline,40000,82,58,58,0.22685521063287195
lung,baseline,40000,82,77,77,0.2858069836114869
lung,baseline,40000,82,70,70,0.25497667781067274
lung,baseline,40000,82,68,68,0.28741249435798794
lung,baseline,40000,82,64,64,0.2899391336076881
lung,baseline,40000,82,81,81,0.07850763518238167
lung,baseline,40000,82,79,79,0.011857020533836598
lung,baseline,40000,82,76,76,0.12329168783017631
lung,baseline,40000,82,81,81,0.10156431404016567
lung,baseline,40000,82,81,81,0.012353537187217425
lung,baseline,40000,82,81,81,0.03350437455190881
lung,baseline,40000,82,81,81,0.010081187981469408
lung,baseline,40000,82,81,81,0.03655843344264069
lung,baseline,40000,82,81,81,0.1272702557433368
lung,baseline,40000,82,81,81,0.029693149839458012
lung,baseline,40000,82,81,81,0.013667060265819462
lung,baseline,40000,82,81,81,0.016663098486421963
lung,baseline,40000,82,81,81,0.07122690234774105
lung,baseline,40000,82,80,80,0.022902859602731074
lung,baseline,40000,82,79,79,0.015825503518607797
lung,baseline,40000,82,79,79,0.06054467152411695
lung,baseline,40000,82,76,76,0.05040024710887589
lung,baseline,40000,82,75,75,0.02492851220439889
lung,baseline,40000,82,69,69,0.04524446875785682
lung,baseline,40000,82,81,81,0.015479131683614311
lung,baseline,40000,82,81,81,0.07357267867164831
lung,baseline,40000,82,81,81,0.054532508379245
lung,baseline,40000,82,81,81,0.08768283399868941
lung,baseline,40000,82,81,81,0.28116767141231414
lung,baseline,40000,82,77,77,0.1654154034541053
lung,baseline,40000,82,76,76,0.25878704793677154
lung,baseline,40000,82,81,81,0.30132064409940823
lung,baseline,40000,82,81,81,0.22313683509313426
lung,baseline,40000,82,77,77,0.173827479687588
lung,baseline,40000,82,28,28,0.4068651269161296
lung,baseline,40000,82,80,80,0.2979702336259098
lung,baseline,40000,82,80,80,0.03833052361090226
lung,baseline,40000,82,80,80,0.3193179189706672
lung,baseline,40000,82,75,75,0.2389640277030334
lung,baseline,40000,82,80,80,0.2850134285053584
lung,baseline,40000,82,79,79,0.22476538672983676
lung,baseline,40000,82,76,76,0.1855494192314056
lung,baseline,40000,82,34,34,0.05827128693114979
lung,baseline,40000,82,79,79,0.1337829192326497
lung,baseline,40000,82,73,73,0.15828964134295218
lung,baseline,40000,82,73,73,0.06902699318258063
lung,baseline,40000,82,73,73,0.16159179773340435
lung,baseline,40000,82,73,73,0.12219294655533817
lung,baseline,40000,82,70,70,0.20370171287127398
lung,baseline,40000,82,64,64,0.05412549321244322
lung,baseline,40000,82,81,81,0.09668030593881029
lung,baseline,40000,82,81,81,0.0823305024420466
lung,baseline,40000,82,81,81,0.24789398685458425
lung,baseline,40000,82,81,81,0.2778159892761609
lung,baseline,40000,82,78,78,0.20493208633182197
lung,baseline,40000,82,78,78,0.028972029713676746
lung,baseline,40000,82,77,77,0.20379861964083243
lung,baseline,40000,82,76,76,0.21763952287467292
lung,baseline,40000,82,76,76,0.12467975101476571
lung,baseline,40000,82,28,28,0.2309489523327947
lung,baseline,40000,82,81,81,0.029188679394552313
lung,baseline,40000,82,81,81,0.031311191683711166
lung,baseline,40000,82,81,81,0.05214501722916712
lung,baseline,40000,82,81,81,0.10524556836974669
lung,baseline,40000,82,81,81,0.06385719014843695
lung,baseline,40000,82,81,81,0.24705888976123763
lung,baseline,40000,82,81,81,0.0948036759101748
lung,baseline,40000,82,79,79,0.07593898303093863
lung,baseline,40000,82,73,73,0.055663425709356174
lung,baseline,40000,82,78,78,0.08808113580422161
lung,baseline,40000,82,77,77,0.09405423035426132
lung,baseline,40000,82,58,58,0.04693602349123467
lung,baseline,40000,82,81,81,0.2622501820498298
lung,baseline,40000,82,81,81,0.20567055002829795
lung,baseline,40000,82,81,81,0.12461786869926084
lung,baseline,40000,82,76,76,0.23544877399045117
lung,baseline,40000,82,81,81,0.11840735150579852
lung,baseline,40000,82,81,81,0.24815259304350812
lung,baseline,40000,82,81,81,0.20853214018972285
lung,baseline,40000,82,77,77,0.2035564581904703
lung,baseline,40000,82,80,80,0.23928654811575276
lung,baseline,40000,82,76,76,0.26023340632486064
lung,baseline,40000,82,70,70,0.28048484457356976
lung,baseline,40000,82,65,65,0.22386296175509018
lung,baseline,40000,82,62,62,0.2458897910547783
lung,baseline,40000,82,80,80,0.23330840013408802
lung,baseline,40000,82,79,79,0.23392582455820565
lung,baseline,40000,82,78,78,0.23586039142438026
lung,baseline,40000,82,77,77,0.11296913531625148
lung,baseline,40000,82,75,75,0.2509078834335034
lung,baseline,40000,82,80,80,0.2089117695677337
lung,baseline,40000,82,80,80,0.2045931952598985
lung,baseline,40000,82,80,80,0.2089761421358082
lung,baseline,40000,82,79,79,0.24680640686932245
lung,baseline,40000,82,77,77,0.26508392341640724
lung,baseline,40000,82,75,75,0.2665422183120503
lung,baseline,40000,82,74,74,0.25235973917463833
lung,baseline,40000,82,73,73,0.2589872979356533
lung,baseline,40000,82,61,61,0.22920860554844708
lung,baseline,40000,82,51,51,0.16706044236482936
lung,baseline,40000,82,81,81,0.023733096887861717
lung,baseline,40000,82,81,81,0.01829857439183619
lung,baseline,40000,82,81,81,0.006476627528938177
lung,baseline,40000,82,81,81,0.0184182495185923
lung,baseline,40000,82,81,81,0.016834836609529228
lung,baseline,40000,82,81,81,0.005557633615434168
lung,baseline,40000,82,81,81,0.06364489631643563
lung,baseline,40000,82,81,81,0.06931040601806215
lung,baseline,40000,82,81,81,0.014138049347471317
lung,baseline,40000,82,81,81,0.11016029611330097
lung,baseline,40000,82,81,81,0.014441777416156706
lung,baseline,40000,82,80,80,0.017071707932321625
lung,baseline,40000,82,79,79,0.00422951100250645
lung,baseline,40000,82,79,79,0.03711895363878008
lung,baseline,40000,82,79,79,0.017916115252473105
lung,baseline,40000,82,75,75,0.01960803313738008
lung,baseline,40000,82,81,81,0.18727382081497657
lung,baseline,40000,82,81,81,0.15898492970515493
lung,baseline,40000,82,76,76,0.17816773354878862
lung,baseline,40000,82,74,74,0.20552793201983272
lung,baseline,40000,82,19,19,0.4218169059908728
lung,baseline,40000,82,81,81,0.28623982062358655
lung,baseline,40000,82,80,80,0.03747941342396278
lung,baseline,40000,82,77,77,0.1972486390079831
lung,baseline,40000,82,81,81,0.1372429744751913
lung,baseline,40000,82,79,79,0.017992232412181026
lung,baseline,40000,82,77,77,0.10218330934520391
lung,baseline,40000,82,34,34,0.11905145290427506
lung,baseline,40000,82,81,81,0.18765923066306467
lung,baseline,40000,82,77,77,0.09457766846823948
lung,baseline,40000,82,34,34,0.19365415752288545
lung,baseline,40000,82,81,81,0.24398902029708133
lung,baseline,40000,82,76,76,0.23393890759035993
lung,baseline,40000,82,81,81,0.09433181710732554
lung,baseline,40000,82,77,77,0.08954760318776193
lung,baseline,40000,83,68,68,0.08306878209487821
lung,baseline,40000,83,64,64,0.15130776832125153
lung,baseline,40000,83,64,64,0.1482117821899288
lung,baseline,40000,83,59,59,0.14919717176784575
lung,baseline,40000,83,58,58,0.14077940158372507
lung,baseline,40000,83,82,82,0.23741919905630296
lung,baseline,40000,83,82,82,0.24173313352615328
lung,baseline,40000,83,82,82,0.1523685435238055
lung,baseline,40000,83,82,82,0.07849701844821115
lung,baseline,40000,83,82,82,0.06577899038774214
lung,baseline,40000,83,78,78,0.00397040494429467
lung,baseline,40000,83,61,61,0.15564494697797107
lung,baseline,40000,83,59,59,0.15009599077406643
lung,baseline,40000,83,58,58,0.11900990473329395
lung,baseline,40000,83,28,28,0.16774045896582182
lung,baseline,40000,83,77,77,0.11721735786013777
lung,baseline,40000,83,75,75,0.12973144665094832
lung,baseline,40000,83,59,59,0.2287207962918509
lung,baseline,40000,83,58,58,0.21632621236667687
lung,baseline,40000,83,82,82,0.09767855859447544
lung,baseline,40000,83,78,78,0.06100427425005979
lung,baseline,40000,83,78,78,0.09995017585217607
lung,baseline,40000,83,82,82,0.07814508688232293
lung,baseline,40000,83,82,82,0.3121612298396129
lung,baseline,40000,83,82,82,0.0626150366065428
lung,baseline,40000,83,82,82,0.018785571016801953
lung,baseline,40000,83,82,82,0.005738880658380934
lung,baseline,40000,83,82,82,0.22499943206104325
lung,baseline,40000,83,82,82,0.2695231025036506
lung,baseline,40000,83,82,82,0.26589983258424243
lung,baseline,40000,83,82,82,0.26387919455100467
lung,baseline,40000,83,80,80,0.03143341504799393
lung,baseline,40000,83,78,78,0.16554965133378638
lung,baseline,40000,83,81,81,0.23088235209171318
lung,baseline,40000,83,76,76,0.2301420876265208
lung,baseline,40000,83,75,75,0.2140468775507676
lung,baseline,40000,83,82,82,0.09477722126795879
lung,baseline,40000,83,82,82,0.13672304976749006
lung,baseline,40000,83,79,79,0.12439250333392622
lung,baseline,40000,83,82,82,0.1884375579576839
lung,baseline,40000,83,82,82,0.14342506579299852
lung,baseline,40000,83,82,82,0.19001784825224066
lung,baseline,40000,83,82,82,0.05793456431530556
lung,baseline,40000,83,82,82,0.23101358821572907
lung,baseline,40000,83,82,82,0.23422103543474024
lung,baseline,40000,83,82,82,0.10759514796101738
lung,baseline,40000,83,82,82,0.07952000308942414
lung,baseline,40000,83,81,81,0.057198831071759666
lung,baseline,40000,83,80,80,0.04692999646841396
lung,baseline,40000,83,76,76,0.11899124610438461
lung,baseline,40000,83,78,78,0.10363639526376382
lung,baseline,40000,83,75,75,0.12029655849595665
lung,baseline,40000,83,66,66,0.13270832386667591
lung,baseline,40000,83,57,57,0.07076019729482373
lung,baseline,40000,83,82,82,0.01539860380028947
lung,baseline,40000,83,82,82,0.0941503782731096
lung,baseline,40000,83,82,82,0.20017625343824139
lung,baseline,40000,83,82,82,0.11323452413685041
lung,baseline,40000,83,81,81,0.11768909822996378
lung,baseline,40000,83,82,82,0.09089708004047749
lung,baseline,40000,83,82,82,0.25559321612067215
lung,baseline,40000,83,82,82,0.003250915112195595
lung,baseline,40000,83,82,82,0.293363630986559
lung,baseline,40000,83,82,82,0.02532647767712203
lung,baseline,40000,83,82,82,0.1317555407324616
lung,baseline,40000,83,82,82,0.18230702092346895
lung,baseline,40000,83,82,82,0.2887149911967317
lung,baseline,40000,83,78,78,0.19792200692285186
lung,baseline,40000,83,77,77,0.1122649250834616
lung,baseline,40000,83,82,82,0.20717063291142887
lung,baseline,40000,83,77,77,0.14458945416877356
lung,baseline,40000,83,76,76,0.15906237062397088
lung,baseline,40000,83,81,81,0.22829591906638455
lung,baseline,40000,83,82,82,0.2833226317178344
lung,baseline,40000,83,82,82,0.28311899409588537
lung,baseline,40000,83,77,77,0.1807699743822187
lung,baseline,40000,83,82,82,0.17985849879897312
lung,baseline,40000,83,82,82,0.24758151085581434
lung,baseline,40000,83,82,82,0.03793930130758205
lung,baseline,40000,83,80,80,0.14787269564134548
lung,baseline,40000,83,78,78,0.10395014005073591
lung,baseline,40000,83,82,82,0.2733424126159068
lung,baseline,40000,83,82,82,0.28281049334490177
lung,baseline,40000,83,82,82,0.04116047029967703
lung,baseline,40000,83,80,80,0.028759832375915874
lung,baseline,40000,83,80,80,0.004639025313949415
lung,baseline,40000,83,82,82,0.04139416558863747
lung,baseline,40000,83,82,82,0.2984808330590212
lung,baseline,40000,83,82,82,0.13639676182563265
lung,baseline,40000,83,82,82,0.21453583506839874
lung,baseline,40000,83,66,66,0.11311505478655713
lung,baseline,40000,83,58,58,0.1151977050663764
lung,baseline,40000,83,82,82,0.1332329121802992
lung,baseline,40000,83,80,80,0.2444511073403049
lung,baseline,40000,83,79,79,0.24597120128342354
lung,baseline,40000,83,78,78,0.19367181875491626
lung,baseline,40000,83,82,82,0.00682463251255691
lung,baseline,40000,83,82,82,0.0180831262243866
lung,baseline,40000,83,82,82,0.20846467423729767
lung,baseline,40000,83,82,82,0.12070386613556555
lung,baseline,40000,83,82,82,0.00318368220027022
lung,baseline,40000,83,82,82,0.1343461821849915
lung,baseline,40000,83,82,82,0.2596429677073894
lung,baseline,40000,83,81,81,0.029731741825691438
lung,baseline,40000,83,80,80,0.045875715742707115
lung,baseline,40000,83,80,80,0.0567738518608206
lung,baseline,40000,83,76,76,0.021893017645675233
lung,baseline,40000,83,82,82,0.07684716746672834
lung,baseline,40000,83,82,82,0.2026868617732822
lung,baseline,40000,83,82,82,0.23914125427732574
lung,baseline,40000,83,77,77,0.21941218044597768
lung,baseline,40000,83,81,81,0.27564182832616896
lung,baseline,40000,83,76,76,0.3056193893796435
lung,baseline,40000,83,82,82,0.0266994710071878
lung,baseline,40000,83,82,82,0.09618539644490999
lung,baseline,40000,83,82,82,0.24805443440532718
lung,baseline,40000,83,82,82,0.09471097569904753
lung,baseline,40000,83,82,82,0.05260124396794689
lung,baseline,40000,83,82,82,0.27992895767336995
lung,baseline,40000,83,82,82,0.09554340824140113
lung,baseline,40000,83,81,81,0.06864203279695681
lung,baseline,40000,83,81,81,0.0736405820778561
lung,baseline,40000,83,79,79,0.05596550313951237
lung,baseline,40000,83,82,82,0.07518743826604973
lung,baseline,40000,83,82,82,0.1005547725938162
lung,baseline,40000,83,82,82,0.11681221537523866
lung,baseline,40000,83,82,82,0.23510278961646422
lung,baseline,40000,83,82,82,0.2842588354011667
lung,baseline,40000,83,80,80,0.15288581393912307
lung,baseline,40000,83,79,79,0.02728792655885717
lung,baseline,40000,83,57,57,0.3922949369843388
lung,baseline,40000,83,37,37,0.35703479928836673
lung,baseline,40000,83,27,27,0.40324938130364524
lung,baseline,40000,83,82,82,0.29357189334532635
lung,baseline,40000,83,80,80,0.18857246308066183
lung,baseline,40000,83,77,77,0.24113573203201522
lung,baseline,40000,83,72,72,0.07587206700446715
lung,baseline,40000,83,67,67,0.07694637937908241
lung,baseline,40000,83,64,64,0.08974698333470138
lung,baseline,40000,83,64,64,0.12548577213187495
lung,baseline,40000,83,59,59,0.11979719934668387
lung,baseline,40000,83,58,58,0.061805428925291186
lung,baseline,40000,83,82,82,0.07126998604125434
lung,baseline,40000,83,82,82,0.13509585204372762
lung,baseline,40000,83,82,82,0.008857364009699421
lung,baseline,40000,83,82,82,0.21454343841220588
lung,baseline,40000,83,82,82,0.005976947106402465
lung,baseline,40000,83,82,82,0.00726653517200825
lung,baseline,40000,83,82,82,0.028603488204210933
lung,baseline,40000,83,82,82,0.0754995071314679
lung,baseline,40000,83,82,82,0.2901925046567817
lung,baseline,40000,83,82,82,0.028628180588576677
lung,baseline,40000,83,81,81,0.05394630952841617
lung,baseline,40000,83,80,80,0.04742674851312109
lung,baseline,40000,83,78,78,0.10838914250419872
lung,baseline,40000,83,77,77,0.1163284657284268
lung,baseline,40000,83,58,58,0.11140226304735046
lung,baseline,40000,83,28,28,0.17411550968759068
lung,baseline,40000,83,82,82,0.2531445409492197
lung,baseline,40000,83,82,82,0.22587010545517108
lung,baseline,40000,83,82,82,0.24918695722020523
lung,baseline,40000,83,78,78,0.13568614634088758
lung,baseline,40000,83,76,76,0.11873101176778515
lung,baseline,40000,83,75,75,0.10989160021145745
lung,baseline,40000,83,75,75,0.10445103726834391
lung,baseline,40000,83,73,73,0.13521566904683668
lung,baseline,40000,83,68,68,0.17772543420192696
lung,baseline,40000,83,66,66,0.10384951285754995
lung,baseline,40000,83,63,63,0.1334609531837199
lung,baseline,40000,83,53,53,0.1732562806899832
lung,baseline,40000,83,44,44,0.19633607364257982
lung,baseline,40000,83,82,82,0.2702747635111259
lung,baseline,40000,83,82,82,0.20753647984422896
lung,baseline,40000,83,78,78,0.16592305724404743
lung,baseline,40000,83,73,73,0.19482575711797748
lung,baseline,40000,83,56,56,0.2035076339107947
lung,baseline,40000,83,82,82,0.1097953210251407
lung,baseline,40000,83,82,82,0.017079850534368266
lung,baseline,40000,83,82,82,0.02169427577312023
lung,baseline,40000,83,82,82,0.010224538531589052
lung,baseline,40000,83,82,82,0.012280312061465827
lung,baseline,40000,83,82,82,0.16458585644281298
lung,baseline,40000,83,82,82,0.031149815810141417
lung,baseline,40000,83,82,82,0.19008714415804293
lung,baseline,40000,83,82,82,0.025453884004163554
lung,baseline,40000,83,81,81,0.0246739765968624
lung,baseline,40000,83,81,81,0.02160932462427835
lung,baseline,40000,83,80,80,0.0555001533757591
lung,baseline,40000,83,82,82,0.2756315177648783
lung,baseline,40000,83,82,82,0.23743822650610916
lung,baseline,40000,83,82,82,0.07047081643938459
lung,baseline,40000,83,82,82,0.1622385747138829
lung,baseline,40000,83,78,78,0.033484638821308296
lung,baseline,40000,83,78,78,0.09747020467150443
lung,baseline,40000,83,74,74,0.08328878773859155
lung,baseline,40000,83,72,72,0.06115856710873894
lung,baseline,40000,83,68,68,0.08502712309231379
lung,baseline,40000,83,82,82,0.13383404330242277
lung,baseline,40000,83,82,82,0.23091399984759986
lung,baseline,40000,83,82,82,0.10918875028077155
lung,baseline,40000,83,82,82,0.17784482710027325
lung,baseline,40000,83,82,82,0.02368372467082701
lung,baseline,40000,83,82,82,0.04096925993260051
lung,baseline,40000,83,82,82,0.28057228520377414
lung,baseline,40000,83,81,81,0.09749670494897623
lung,baseline,40000,83,77,77,0.05883886335710788
lung,baseline,40000,83,82,82,0.26972396184092756
lung,baseline,40000,83,82,82,0.23494313303096548
lung,baseline,40000,83,82,82,0.13176070847739343
lung,baseline,40000,83,78,78,0.21733584727904642
lung,baseline,40000,83,82,82,0.1088868165770832
lung,baseline,40000,83,78,78,0.10249286712587356
lung,baseline,40000,83,78,78,0.09808889403114798
lung,baseline,40000,83,77,77,0.027319482330579164
lung,baseline,40000,83,82,82,0.2951447073904512
lung,baseline,40000,83,82,82,0.18886146916978902
lung,baseline,40000,83,82,82,0.1660656494627363
lung,baseline,40000,83,78,78,0.20840800995076086
lung,baseline,40000,83,75,75,0.13037966388157812
lung,baseline,40000,83,82,82,0.09502380204891422
lung,baseline,40000,83,82,82,0.25340474575010763
lung,baseline,40000,83,82,82,0.06590042671024536
lung,baseline,40000,83,81,81,0.06904598894892366
lung,baseline,40000,83,75,75,0.22194417213178913
lung,baseline,40000,83,74,74,0.21198421204699053
lung,baseline,40000,83,37,37,0.19179899710274706
lung,baseline,40000,83,36,36,0.15295645541709532
lung,baseline,40000,83,82,82,0.08825761855106887
lung,baseline,40000,83,82,82,0.058252423615394344
lung,baseline,40000,83,82,82,0.22956413582180077
lung,baseline,40000,83,82,82,0.13311871805195397
lung,baseline,40000,83,82,82,0.2689991386423809
lung,baseline,40000,83,81,81,0.10765587861443093
lung,baseline,40000,83,79,79,0.1585291749960357
lung,baseline,40000,83,77,77,0.042572760044063344
lung,baseline,40000,83,77,77,0.04803398774703074
lung,baseline,40000,83,58,58,0.17694008397839806
lung,baseline,40000,83,20,20,0.3258126390833624
lung,baseline,40000,83,82,82,0.012618003942995223
lung,baseline,40000,83,82,82,0.002642285933686545
lung,baseline,40000,83,82,82,0.01318876914043708
lung,baseline,40000,83,82,82,0.26050957017385923
lung,baseline,40000,83,82,82,0.2417618843434224
lung,baseline,40000,83,82,82,0.1404185999869131
lung,baseline,40000,83,82,82,0.2108984353865807
lung,baseline,40000,83,82,82,0.0027559750948165027
lung,baseline,40000,83,80,80,0.05663704791283536
lung,baseline,40000,83,80,80,0.024034632534119745
lung,baseline,40000,83,82,82,0.2505925386894388
lung,baseline,40000,83,82,82,0.2677475827233716
lung,baseline,40000,83,78,78,0.21942296206333337
lung,baseline,40000,83,63,63,0.14119799212268186
lung,baseline,40000,83,58,58,0.2162458950827031
lung,baseline,40000,83,57,57,0.1766861413855543
lung,baseline,40000,83,54,54,0.22400054207150658
lung,baseline,40000,83,70,70,0.27037466109643965
lung,baseline,40000,83,27,27,0.2893488879999408
lung,baseline,40000,83,81,81,0.21792856178881245
lung,baseline,40000,83,82,82,0.2612450635053512
lung,baseline,40000,83,82,82,0.13632793088300188
lung,baseline,40000,83,82,82,0.24018981554264524
lung,baseline,40000,83,82,82,0.1087698388576671
lung,baseline,40000,83,80,80,0.04317243943788459
lung,baseline,40000,83,33,33,0.27344955343545424
lung,baseline,40000,83,82,82,0.244193526017419
lung,baseline,40000,83,82,82,0.26229390537174085
lung,baseline,40000,83,82,82,0.2756820942361689
lung,baseline,40000,83,81,81,0.05618978485477521
lung,baseline,40000,83,78,78,0.1264180414870675
lung,baseline,40000,83,82,82,0.20105789942247185
lung,baseline,40000,83,81,81,0.01623495123537594
lung,baseline,40000,83,79,79,0.09754108488901427
lung,baseline,40000,83,77,77,0.13798073515570772
lung,baseline,40000,83,81,81,0.1484214486848303
lung,baseline,40000,83,79,79,0.2497052318124503
lung,baseline,40000,83,76,76,0.2469106086572703
lung,baseline,40000,83,75,75,0.24885670833145815
lung,baseline,40000,83,75,75,0.23657128110532624
lung,baseline,40000,83,75,75,0.23278391952602717
lung,baseline,40000,83,75,75,0.25033539067392707
lung,baseline,40000,83,73,73,0.2542450682124207
lung,baseline,40000,83,70,70,0.24878853426150482
lung,baseline,40000,83,70,70,0.274444439194681
lung,baseline,40000,83,68,68,0.22621130092770692
lung,baseline,40000,83,66,66,0.20546720554946596
lung,baseline,40000,83,65,65,0.2209720561484709
lung,baseline,40000,83,63,63,0.24697706375802608
lung,baseline,40000,83,62,62,0.24013691299519593
lung,baseline,40000,83,78,78,0.14580259553551567
lung,baseline,40000,83,78,78,0.08356452432240255
lung,baseline,40000,83,77,77,0.11980462858422383
lung,baseline,40000,83,75,75,0.12271474249760712
lung,baseline,40000,83,58,58,0.21164090451864215
lung,baseline,40000,83,73,73,0.10718356035494105
lung,baseline,40000,83,72,72,0.1465717704511898
lung,baseline,40000,83,27,27,0.16352795390347122
lung,baseline,40000,83,82,82,0.020503116584388505
lung,baseline,40000,83,80,80,0.05402906692561027
lung,baseline,40000,83,79,79,0.0826152918199366
lung,baseline,40000,83,78,78,0.07762211761562457
lung,baseline,40000,83,79,79,0.06565147167788207
lung,baseline,40000,83,79,79,0.012733262896133331
lung,baseline,40000,83,77,77,0.12601643606773172
lung,baseline,40000,83,81,81,0.012027886779469001
lung,baseline,40000,83,78,78,0.10899953984979817
lung,baseline,40000,83,77,77,0.1299401792241545
lung,baseline,40000,83,75,75,0.07972553235268516
lung,baseline,40000,83,70,70,0.2666913231848609
lung,baseline,40000,83,66,66,0.2720639514529095
lung,baseline,40000,83,62,62,0.24847009655841543
lung,baseline,40000,83,28,28,0.33093948853560207
lung,baseline,40000,83,73,73,0.07804022405228095
lung,baseline,40000,83,56,56,0.1778932065916065
lung,baseline,40000,83,69,69,0.33347376222330705
lung,baseline,40000,83,46,46,0.26786939437539514
lung,baseline,40000,83,28,28,0.40072592160112636
lung,baseline,40000,83,63,63,0.20025903005329357
lung,baseline,40000,83,58,58,0.26094593534543986
lung,baseline,40000,83,51,51,0.13605624225007523
lung,baseline,40000,83,82,82,0.07786513739360199
lung,baseline,40000,83,82,82,0.05486839771257892
lung,baseline,40000,83,82,82,0.07345178514305524
lung,baseline,40000,83,82,82,0.015183989722989413
lung,baseline,40000,83,82,82,0.1908131772020971
lung,baseline,40000,83,82,82,0.22554334827413877
lung,baseline,40000,83,82,82,0.12576173270304586
lung,baseline,40000,83,79,79,0.004650296776343053
lung,baseline,40000,83,79,79,0.1102359614313845
lung,baseline,40000,83,78,78,0.10931299169766089
lung,baseline,40000,83,78,78,0.07300888361485827
lung,baseline,40000,83,77,77,0.07518960636571607
lung,baseline,40000,83,77,77,0.1215680177263461
lung,baseline,40000,83,69,69,0.059330895182607694
lung,baseline,40000,83,80,80,0.2721378753536189
lung,baseline,40000,83,79,79,0.285339336234797
lung,baseline,40000,83,78,78,0.20247283657446702
lung,baseline,40000,83,82,82,0.13459499303934022
lung,baseline,40000,83,82,82,0.2470989240757091
lung,baseline,40000,83,82,82,0.20503529858904362
lung,baseline,40000,83,82,82,0.25154363905526
lung,baseline,40000,83,81,81,0.041365748082030224
lung,baseline,40000,83,81,81,0.0381006537763958
lung,baseline,40000,83,80,80,0.16275540920944143
lung,baseline,40000,83,76,76,0.045660397457884354
lung,baseline,40000,83,75,75,0.06230875465510807
lung,baseline,40000,83,74,74,0.06795284141444094
lung,baseline,40000,83,74,74,0.05876240288247502
lung,baseline,40000,83,58,58,0.14044733556694974
lung,baseline,40000,83,44,44,0.15034678650231376
lung,baseline,40000,83,28,28,0.18135927802591678
lung,baseline,40000,83,82,82,0.04036138852519182
lung,baseline,40000,83,82,82,0.23987415204464277
lung,baseline,40000,83,82,82,0.26985607492584607
lung,baseline,40000,83,82,82,0.10112815040995729
lung,baseline,40000,83,81,81,0.029171218916762096
lung,baseline,40000,83,80,80,0.05356157005837912
lung,baseline,40000,83,80,80,0.014656451305527396
lung,baseline,40000,83,79,79,0.019088841920112946
lung,baseline,40000,83,82,82,0.052453378386569265
lung,baseline,40000,83,82,82,0.10728012279998124
lung,baseline,40000,83,82,82,0.07419906528512696
lung,baseline,40000,83,79,79,0.024915762715349638
lung,baseline,40000,83,77,77,0.03810075632645086
lung,baseline,40000,83,78,78,0.09895006799042423
lung,baseline,40000,83,19,19,0.2648977862490211
lung,baseline,40000,83,75,75,0.25894971700562613
lung,baseline,40000,83,74,74,0.2686450232553648
lung,baseline,40000,83,73,73,0.268691401441288
lung,baseline,40000,83,71,71,0.2570734482579479
lung,baseline,40000,83,71,71,0.25652130503316406
lung,baseline,40000,83,58,58,0.263690852350218
lung,baseline,40000,83,34,34,0.17509257741345624
lung,baseline,40000,83,82,82,0.008735307908685177
lung,baseline,40000,83,79,79,0.0393835058252781
lung,baseline,40000,83,78,78,0.14293671413002249
lung,baseline,40000,83,77,77,0.12407150325783559
lung,baseline,40000,83,70,70,0.15428578015547006
lung,baseline,40000,83,67,67,0.20313359834582065
lung,baseline,40000,83,58,58,0.2637911298503872
lung,baseline,40000,83,57,57,0.23540956365111798
lung,baseline,40000,83,82,82,0.19371442777742337
lung,baseline,40000,83,79,79,0.08598644681660132
lung,baseline,40000,83,76,76,0.16593380265093746
lung,baseline,40000,83,82,82,0.09681726129620159
lung,baseline,40000,83,78,78,0.1473100311841511
lung,baseline,40000,83,77,77,0.1258105840140786
lung,baseline,40000,83,14,14,0.21011466065227705
lung,baseline,40000,83,82,82,0.2464912182212738
lung,baseline,40000,83,82,82,0.28951750249411357
lung,baseline,40000,83,79,79,0.08652395955860355
lung,baseline,40000,83,77,77,0.22336110163868564
lung,baseline,40000,83,62,62,0.18153081317868972
lung,baseline,40000,83,43,43,0.2705470592208414
lung,baseline,40000,83,39,39,0.2784207561650279
lung,baseline,40000,83,82,82,0.26640262865630465
lung,baseline,40000,83,75,75,0.2503390571268207
lung,baseline,40000,83,75,75,0.1770067590617546
lung,baseline,40000,83,53,53,0.2512624815303025
lung,baseline,40000,83,82,82,0.22060113915589094
lung,baseline,40000,83,82,82,0.03747429830375977
lung,baseline,40000,83,82,82,0.21966881826055593
lung,baseline,40000,83,79,79,0.05188099154730782
lung,baseline,40000,83,79,79,0.12896790105086053
lung,baseline,40000,83,56,56,0.2029869873649896
lung,baseline,40000,83,37,37,0.14986321931478336
lung,baseline,40000,83,36,36,0.09962307707456891
lung,baseline,40000,83,14,14,0.23694746872812703
lung,baseline,40000,83,82,82,0.0043568683261675
lung,baseline,40000,83,82,82,0.26842319336589215
lung,baseline,40000,83,82,82,0.12470707133835399
lung,baseline,40000,83,82,82,0.2555423045174918
lung,baseline,40000,83,78,78,0.08487384355002522
lung,baseline,40000,83,82,82,0.07152303595742007
lung,baseline,40000,83,82,82,0.10779820142845323
lung,baseline,40000,83,82,82,0.13252164533326535
lung,baseline,40000,83,79,79,0.022554543972914474
lung,baseline,40000,83,77,77,0.19628809792746435
lung,baseline,40000,83,73,73,0.16384097022937988
lung,baseline,40000,83,82,82,0.24630097576456855
lung,baseline,40000,83,81,81,0.21081459690928156
lung,baseline,40000,83,77,77,0.23018984446993063
lung,baseline,40000,83,82,82,0.08390639880038558
lung,baseline,40000,83,82,82,0.08096722742338942
lung,baseline,40000,83,77,77,0.03782009657083844
lung,baseline,40000,83,80,80,0.011479318553043034
lung,baseline,40000,83,82,82,0.24557260459190033
lung,baseline,40000,83,82,82,0.11675267472151372
lung,baseline,40000,83,82,82,0.28171017152420763
lung,baseline,40000,83,80,80,0.1318772851842674
lung,baseline,40000,83,82,82,0.2200089403306295
lung,baseline,40000,83,82,82,0.25401452264597424
lung,baseline,40000,83,77,77,0.2381204221942099
lung,baseline,40000,83,77,77,0.10940117386653384
lung,baseline,40000,83,59,59,0.22411439054993196
lung,baseline,40000,83,58,58,0.20991751239707046
lung,baseline,40000,83,82,82,0.05481200035098035
lung,baseline,40000,83,79,79,0.07329816784727146
lung,baseline,40000,83,78,78,0.06565899813617387
lung,baseline,40000,83,78,78,0.0744205539733362
lung,baseline,40000,83,82,82,0.14027825498284516
lung,baseline,40000,83,82,82,0.07289316690375794
lung,baseline,40000,83,82,82,0.1943321806167659
lung,baseline,40000,83,82,82,0.004393448238235321
lung,baseline,40000,83,82,82,0.2932544983453973
lung,baseline,40000,83,79,79,0.008124362244249483
lung,baseline,40000,83,79,79,0.15849859159642724
lung,baseline,40000,83,61,61,0.17342344392697537
lung,baseline,40000,83,59,59,0.14031380196265986
lung,baseline,40000,83,58,58,0.09015728732309439
lung,baseline,40000,83,28,28,0.1739977466998585
lung,baseline,40000,83,82,82,0.07749857471792221
lung,baseline,40000,83,79,79,0.0813285843775005
lung,baseline,40000,83,82,82,0.006306441155062574
lung,baseline,40000,83,82,82,0.026256491693779256
lung,baseline,40000,83,82,82,0.18625799109522287
lung,baseline,40000,83,82,82,0.2854449742201207
lung,baseline,40000,83,82,82,0.1117338095445054
lung,baseline,40000,83,73,73,0.25023901624724526
lung,baseline,40000,83,73,73,0.2561066103756422
lung,baseline,40000,83,72,72,0.2637261255414505
lung,baseline,40000,83,70,70,0.25261186756071186
lung,baseline,40000,83,70,70,0.24298199543535723
lung,baseline,40000,83,68,68,0.22820976743830224
lung,baseline,40000,83,62,62,0.24447274423091067
lung,baseline,40000,83,53,53,0.3038044915155402
lung,baseline,40000,83,80,80,0.0239797840413802
lung,baseline,40000,83,73,73,0.1282059096473326
lung,baseline,40000,83,82,82,0.08029265585217266
lung,baseline,40000,83,82,82,0.22544774394593142
lung,baseline,40000,83,82,82,0.255633025808676
lung,baseline,40000,83,82,82,0.26698910309905377
lung,baseline,40000,83,82,82,0.04091620887502598
lung,baseline,40000,83,80,80,0.07094511383946882
lung,baseline,40000,83,75,75,0.013179291139559707
lung,baseline,40000,83,82,82,0.256678706836626
lung,baseline,40000,83,80,80,0.12072202205970757
lung,baseline,40000,83,76,76,0.22172113634708038
lung,baseline,40000,83,64,64,0.21973426233586774
lung,baseline,40000,83,80,80,0.2619866920667001
lung,baseline,40000,83,73,73,0.07820789627409412
lung,baseline,40000,83,56,56,0.17775947673192752
lung,baseline,40000,83,70,70,0.1517039561815351
lung,baseline,40000,83,64,64,0.1634688516381298
lung,baseline,40000,83,28,28,0.17992314067863038
lung,baseline,40000,83,14,14,0.21659914968569796
lung,baseline,40000,83,82,82,0.1836725858213278
lung,baseline,40000,83,82,82,0.30398114055895853
lung,baseline,40000,83,81,81,0.12704726673614983
lung,baseline,40000,83,79,79,0.06552966385427572
lung,baseline,40000,83,82,82,0.27195396069115074
lung,baseline,40000,83,77,77,0.21943305701868326
lung,baseline,40000,83,78,78,0.2819788175271273
lung,baseline,40000,83,77,77,0.2779852569658931
lung,baseline,40000,83,76,76,0.23932594307124824
lung,baseline,40000,83,72,72,0.22537263198825264
lung,baseline,40000,83,82,82,0.06711952322339768
lung,baseline,40000,83,82,82,0.25800580705664117
lung,baseline,40000,83,82,82,0.15686344749703365
lung,baseline,40000,83,82,82,0.24069509861185237
lung,baseline,40000,83,80,80,0.008401205944275486
lung,baseline,40000,83,82,82,0.2772559938957878
lung,baseline,40000,83,82,82,0.17113490231688389
lung,baseline,40000,83,77,77,0.13716647195563036
lung,baseline,40000,83,82,82,0.003399577284838419
lung,baseline,40000,83,80,80,0.294579238531421
lung,baseline,40000,83,80,80,0.28726535878423165
lung,baseline,40000,83,79,79,0.2871590638711921
lung,baseline,40000,83,79,79,0.3094377323638963
lung,baseline,40000,83,78,78,0.2924667746341049
lung,baseline,40000,83,77,77,0.25581542144310654
lung,baseline,40000,83,76,76,0.2245569843808266
lung,baseline,40000,83,75,75,0.23717358966350788
lung,baseline,40000,83,82,82,0.2471574496747412
lung,baseline,40000,83,82,82,0.24584587522506599
lung,baseline,40000,83,82,82,0.24397729118792688
lung,baseline,40000,83,77,77,0.16870960001673235
lung,baseline,40000,83,82,82,0.05144532161170727
lung,baseline,40000,83,82,82,0.0972543885481148
lung,baseline,40000,83,81,81,0.009088906420586216
lung,baseline,40000,83,78,78,0.09496405247739302
lung,baseline,40000,83,80,80,0.24191749821246739
lung,baseline,40000,83,66,66,0.24943320553097537
lung,baseline,40000,83,62,62,0.23336101516007482
lung,baseline,40000,83,28,28,0.3604451205189303
lung,baseline,40000,83,34,34,0.13383858427416725
lung,baseline,40000,83,82,82,0.2637377223033524
lung,baseline,40000,83,82,82,0.22234435502974476
lung,baseline,40000,83,79,79,0.147236699567232
lung,baseline,40000,83,77,77,0.15387809070691683
lung,baseline,40000,83,82,82,0.16552712931568195
lung,baseline,40000,83,82,82,0.177679385395163
lung,baseline,40000,83,82,82,0.309925632713744
lung,baseline,40000,83,77,77,0.22942266846091577
lung,baseline,40000,83,82,82,0.14180216931564518
lung,baseline,40000,83,82,82,0.1257257868546059
lung,baseline,40000,83,82,82,0.23281532014807763
lung,baseline,40000,83,82,82,0.007489958183193891
lung,baseline,40000,83,82,82,0.011401899539998803
lung,baseline,40000,83,80,80,0.1383570899988898
lung,baseline,40000,83,82,82,0.269260551149767
lung,baseline,40000,83,82,82,0.28727226308359055
lung,baseline,40000,83,77,77,0.22568503207322035
lung,baseline,40000,83,79,79,0.12944995504674392
lung,baseline,40000,83,37,37,0.14130431924122094
lung,baseline,40000,83,82,82,0.11208796853383009
lung,baseline,40000,83,82,82,0.09951961764548331
lung,baseline,40000,83,82,82,0.026237568201285796
lung,baseline,40000,83,82,82,0.20054950027096427
lung,baseline,40000,83,82,82,0.28382779163843347
lung,baseline,40000,83,78,78,0.10384817312017536
lung,baseline,40000,83,79,79,0.11896486641636748
lung,baseline,40000,83,75,75,0.19141503298770898
lung,baseline,40000,83,34,34,0.06494430444202923
lung,baseline,40000,83,82,82,0.30943729765124645
lung,baseline,40000,83,79,79,0.22811891153190184
lung,baseline,40000,84,83,83,0.09375565368991597
lung,baseline,40000,84,83,83,0.06556196846170495
lung,baseline,40000,84,80,80,0.06848707386037144
lung,baseline,40000,84,83,83,0.23517783031622524
lung,baseline,40000,84,83,83,0.3132678204290749
lung,baseline,40000,84,83,83,0.16098226926872994
lung,baseline,40000,84,79,79,0.14204081574201705
lung,baseline,40000,84,79,79,0.11082857941579975
lung,baseline,40000,84,78,78,0.12911908094907368
lung,baseline,40000,84,83,83,0.2754967523025132
lung,baseline,40000,84,83,83,0.0685932036459389
lung,baseline,40000,84,83,83,0.14167096194586554
lung,baseline,40000,84,83,83,0.14423884902140005
lung,baseline,40000,84,83,83,0.06379914468032982
lung,baseline,40000,84,82,82,0.02233310544308221
lung,baseline,40000,84,82,82,0.0005468769700605964
lung,baseline,40000,84,77,77,0.018899931870496347
lung,baseline,40000,84,83,83,0.24913713703690116
lung,baseline,40000,84,78,78,0.20818016366442071
lung,baseline,40000,84,73,73,0.16601255172582402
lung,baseline,40000,84,73,73,0.13009904572022576
lung,baseline,40000,84,68,68,0.08200082714771345
lung,baseline,40000,84,64,64,0.14996715619060963
lung,baseline,40000,84,59,59,0.1489547392480793
lung,baseline,40000,84,58,58,0.14353763219974033
lung,baseline,40000,84,83,83,0.06935050320028076
lung,baseline,40000,84,83,83,0.10202869481507675
lung,baseline,40000,84,80,80,0.012566900950023805
lung,baseline,40000,84,80,80,0.08153780693926582
lung,baseline,40000,84,82,82,0.324070693758493
lung,baseline,40000,84,79,79,0.2342252595077045
lung,baseline,40000,84,78,78,0.31073190569866366
lung,baseline,40000,84,83,83,0.12768364659001474
lung,baseline,40000,84,83,83,0.15997437189072056
lung,baseline,40000,84,83,83,0.201634927397369
lung,baseline,40000,84,83,83,0.11082528389872316
lung,baseline,40000,84,78,78,0.13303842097683158
lung,baseline,40000,84,77,77,0.15949729559437603
lung,baseline,40000,84,71,71,0.1524542592136568
lung,baseline,40000,84,83,83,0.2501328418790536
lung,baseline,40000,84,79,79,0.3231840959744238
lung,baseline,40000,84,77,77,0.2546561083542981
lung,baseline,40000,84,78,78,0.1582737031917137
lung,baseline,40000,84,63,63,0.1447917444348113
lung,baseline,40000,84,20,20,0.39364244639782353
lung,baseline,40000,84,83,83,0.30606371542986055
lung,baseline,40000,84,83,83,0.09858952131108423
lung,baseline,40000,84,79,79,0.21622870714634543
lung,baseline,40000,84,78,78,0.23177704178792274
lung,baseline,40000,84,71,71,0.1296419130341066
lung,baseline,40000,84,78,78,0.14540207419369397
lung,baseline,40000,84,77,77,0.13267024023741716
lung,baseline,40000,84,77,77,0.16757449117512302
lung,baseline,40000,84,73,73,0.17959232375608658
lung,baseline,40000,84,64,64,0.14023729644353936
lung,baseline,40000,84,14,14,0.199500064159487
lung,baseline,40000,84,83,83,0.30560840563226055
lung,baseline,40000,84,83,83,0.1785610677418753
lung,baseline,40000,84,83,83,0.10977869600779766
lung,baseline,40000,84,83,83,0.16394840638842237
lung,baseline,40000,84,83,83,0.005303477030661893
lung,baseline,40000,84,82,82,0.06963288135987385
lung,baseline,40000,84,82,82,0.011906111929086801
lung,baseline,40000,84,82,82,0.12915309754570028
lung,baseline,40000,84,82,82,0.14067914910423374
lung,baseline,40000,84,83,83,0.23338776919619458
lung,baseline,40000,84,80,80,0.12729286151828653
lung,baseline,40000,84,79,79,0.17931454137200445
lung,baseline,40000,84,78,78,0.335006875091989
lung,baseline,40000,84,73,73,0.2896527082673823
lung,baseline,40000,84,73,73,0.290600301100811
lung,baseline,40000,84,70,70,0.3170465239946652
lung,baseline,40000,84,69,69,0.19523726536978755
lung,baseline,40000,84,69,69,0.30191471415682225
lung,baseline,40000,84,65,65,0.1885117648386866
lung,baseline,40000,84,64,64,0.2559912004632139
lung,baseline,40000,84,81,81,0.0029652440181363953
lung,baseline,40000,84,78,78,0.13024864915229542
lung,baseline,40000,84,72,72,0.13093609727698965
lung,baseline,40000,84,68,68,0.15290851450725676
lung,baseline,40000,84,56,56,0.1889147270361222
lung,baseline,40000,84,37,37,0.13446424997436077
lung,baseline,40000,84,36,36,0.08616699566719584
lung,baseline,40000,84,83,83,0.2610180609099816
lung,baseline,40000,84,83,83,0.08017805908043663
lung,baseline,40000,84,83,83,0.2555789135969998
lung,baseline,40000,84,83,83,0.13628105842155028
lung,baseline,40000,84,81,81,0.12474395796250286
lung,baseline,40000,84,81,81,0.10413124168533039
lung,baseline,40000,84,83,83,0.1862383208302822
lung,baseline,40000,84,79,79,0.17159624731715115
lung,baseline,40000,84,78,78,0.12612956301140402
lung,baseline,40000,84,19,19,0.5061536252302489
lung,baseline,40000,84,14,14,0.2615858716057675
lung,baseline,40000,84,83,83,0.07337461923737952
lung,baseline,40000,84,83,83,0.012973550602531513
lung,baseline,40000,84,83,83,0.0954469027151079
lung,baseline,40000,84,83,83,0.15831665891718555
lung,baseline,40000,84,76,76,0.1607238393401246
lung,baseline,40000,84,74,74,0.18294493041681995
lung,baseline,40000,84,71,71,0.1519529048554281
lung,baseline,40000,84,68,68,0.13200903809938586
lung,baseline,40000,84,83,83,0.10764430461349575
lung,baseline,40000,84,83,83,0.06082213676957673
lung,baseline,40000,84,83,83,0.13170115802382706
lung,baseline,40000,84,78,78,0.04587080768743763
lung,baseline,40000,84,75,75,0.1511867065150171
lung,baseline,40000,84,83,83,0.3253301644143852
lung,baseline,40000,84,83,83,0.16035521212930076
lung,baseline,40000,84,78,78,0.22016852100409467
lung,baseline,40000,84,73,73,0.2535028158293018
lung,baseline,40000,84,72,72,0.23566291971282652
lung,baseline,40000,84,68,68,0.2214341996845919
lung,baseline,40000,84,79,79,0.14622466770316642
lung,baseline,40000,84,43,43,0.23213741819949574
lung,baseline,40000,84,39,39,0.23272549585387245
lung,baseline,40000,84,83,83,0.1969135359118179
lung,baseline,40000,84,83,83,0.18131392233207572
lung,baseline,40000,84,77,77,0.22757554014125952
lung,baseline,40000,84,34,34,0.15841510216159538
lung,baseline,40000,84,83,83,0.04718477855596709
lung,baseline,40000,84,82,82,0.0028164738879209858
lung,baseline,40000,84,79,79,0.0761088548982349
lung,baseline,40000,84,79,79,0.10596001565849161
lung,baseline,40000,84,83,83,0.09743832569268053
lung,baseline,40000,84,78,78,0.12666265975552896
lung,baseline,40000,84,83,83,0.21355555159407016
lung,baseline,40000,84,83,83,0.26895988285889416
lung,baseline,40000,84,83,83,0.13225952430107915
lung,baseline,40000,84,78,78,0.19097727115860255
lung,baseline,40000,84,70,70,0.14307412420054483
lung,baseline,40000,84,37,37,0.19801291449704253
lung,baseline,40000,84,35,35,0.2092168744461851
lung,baseline,40000,84,28,28,0.2175465949387851
lung,baseline,40000,84,83,83,0.015695321135116496
lung,baseline,40000,84,83,83,0.01376657086752689
lung,baseline,40000,84,83,83,0.09437581663609088
lung,baseline,40000,84,81,81,0.05044768557513636
lung,baseline,40000,84,79,79,0.09621355509677845
lung,baseline,40000,84,79,79,0.0919238975754026
lung,baseline,40000,84,78,78,0.09770055098483192
lung,baseline,40000,84,83,83,0.2550862467125943
lung,baseline,40000,84,79,79,0.29939501548040554
lung,baseline,40000,84,79,79,0.2748334054874572
lung,baseline,40000,84,77,77,0.239662038107594
lung,baseline,40000,84,83,83,0.30145712707721717
lung,baseline,40000,84,81,81,0.21263018581026452
lung,baseline,40000,84,78,78,0.22297083746395652
lung,baseline,40000,84,83,83,0.24135929040305068
lung,baseline,40000,84,83,83,0.2963109583473311
lung,baseline,40000,84,83,83,0.24625228696148008
lung,baseline,40000,84,78,78,0.1714239707157829
lung,baseline,40000,84,83,83,0.18028653546657422
lung,baseline,40000,84,80,80,0.12296628588170114
lung,baseline,40000,84,78,78,0.1273350727176088
lung,baseline,40000,84,83,83,0.08996534979334955
lung,baseline,40000,84,83,83,0.2193601509897287
lung,baseline,40000,84,79,79,0.14583526698423047
lung,baseline,40000,84,78,78,0.1596678545014267
lung,baseline,40000,84,78,78,0.018383081599917136
lung,baseline,40000,84,75,75,0.015459888225841333
lung,baseline,40000,84,83,83,0.07616747250002578
lung,baseline,40000,84,83,83,0.2925636738314451
lung,baseline,40000,84,83,83,0.2611761531558284
lung,baseline,40000,84,78,78,0.1485302240139775
lung,baseline,40000,84,82,82,0.2679555225729551
lung,baseline,40000,84,80,80,0.13358613070164632
lung,baseline,40000,84,77,77,0.25105222630407326
lung,baseline,40000,84,83,83,0.008937822577468578
lung,baseline,40000,84,83,83,0.00934864616371589
lung,baseline,40000,84,83,83,0.057923839399423215
lung,baseline,40000,84,82,82,0.10721772744080844
lung,baseline,40000,84,79,79,0.10756999440451706
lung,baseline,40000,84,77,77,0.15079116576482723
lung,baseline,40000,84,83,83,0.1328131107031197
lung,baseline,40000,84,78,78,0.1259924986556394
lung,baseline,40000,84,82,82,0.1983294125391921
lung,baseline,40000,84,79,79,0.22393756498506862
lung,baseline,40000,84,77,77,0.14494861396897582
lung,baseline,40000,84,65,65,0.19172440290679835
lung,baseline,40000,84,80,80,0.13072972863005805
lung,baseline,40000,84,37,37,0.08582121025863212
lung,baseline,40000,84,83,83,0.06646915445457233
lung,baseline,40000,84,83,83,0.11666047560333154
lung,baseline,40000,84,83,83,0.055225893448422984
lung,baseline,40000,84,83,83,0.09298740180184428
lung,baseline,40000,84,83,83,0.27291492430112885
lung,baseline,40000,84,83,83,0.12720480110785298
lung,baseline,40000,84,83,83,0.13814585600431306
lung,baseline,40000,84,83,83,0.010722524288084814
lung,baseline,40000,84,83,83,0.05249182364903782
lung,baseline,40000,84,83,83,0.2213533495377438
lung,baseline,40000,84,81,81,0.11504994563609378
lung,baseline,40000,84,82,82,0.3331064607444653
lung,baseline,40000,84,78,78,0.2755263903784123
lung,baseline,40000,84,75,75,0.25123348519758854
lung,baseline,40000,84,71,71,0.3295449630568911
lung,baseline,40000,84,71,71,0.3156230935806441
lung,baseline,40000,84,41,41,0.22325252489942488
lung,baseline,40000,84,79,79,0.02722212083025166
lung,baseline,40000,84,78,78,0.12075641960473803
lung,baseline,40000,84,83,83,0.1196944432608725
lung,baseline,40000,84,82,82,0.05243460033213998
lung,baseline,40000,84,83,83,0.032952314871889446
lung,baseline,40000,84,83,83,0.24877455400468265
lung,baseline,40000,84,83,83,0.012195274889179894
lung,baseline,40000,84,83,83,0.24782526391549856
lung,baseline,40000,84,83,83,0.2804084909089095
lung,baseline,40000,84,82,82,0.030426412445155464
lung,baseline,40000,84,81,81,0.08876004528601855
lung,baseline,40000,84,72,72,0.04385618636896152
lung,baseline,40000,84,68,68,0.21105388969384659
lung,baseline,40000,84,27,27,0.22104798786929492
lung,baseline,40000,84,83,83,0.1704330862890837
lung,baseline,40000,84,83,83,0.19152521590677649
lung,baseline,40000,84,83,83,0.31421801056991766
lung,baseline,40000,84,78,78,0.1931973092121119
lung,baseline,40000,84,82,82,0.3003384588086322
lung,baseline,40000,84,79,79,0.28662497070648746
lung,baseline,40000,84,78,78,0.24351960242448692
lung,baseline,40000,84,77,77,0.24674714711730214
lung,baseline,40000,84,74,74,0.28174446605885334
lung,baseline,40000,84,77,77,0.20205457837637322
lung,baseline,40000,84,76,76,0.1920224214710003
lung,baseline,40000,84,28,28,0.30896082630866323
lung,baseline,40000,84,83,83,0.01650734129848055
lung,baseline,40000,84,83,83,0.029552002795118153
lung,baseline,40000,84,83,83,0.03770623781029685
lung,baseline,40000,84,83,83,0.08836518212158334
lung,baseline,40000,84,83,83,0.04335993613274283
lung,baseline,40000,84,83,83,0.018241051188578626
lung,baseline,40000,84,83,83,0.07941462977833147
lung,baseline,40000,84,81,81,0.0490750754372164
lung,baseline,40000,84,80,80,0.0789123824410822
lung,baseline,40000,84,80,80,0.041071092190544965
lung,baseline,40000,84,83,83,0.23510834161179003
lung,baseline,40000,84,83,83,0.26573500061485444
lung,baseline,40000,84,81,81,0.1170669737040886
lung,baseline,40000,84,78,78,0.17144971427358416
lung,baseline,40000,84,83,83,0.30216692382266197
lung,baseline,40000,84,79,79,0.2988396660820655
lung,baseline,40000,84,78,78,0.26079806772424985
lung,baseline,40000,84,82,82,0.010468722528570685
lung,baseline,40000,84,80,80,0.02477731965354852
lung,baseline,40000,84,79,79,0.13169818711434908
lung,baseline,40000,84,78,78,0.12560175319495814
lung,baseline,40000,84,57,57,0.07414800137460348
lung,baseline,40000,84,82,82,0.3145943736164534
lung,baseline,40000,84,78,78,0.24840421082276903
lung,baseline,40000,84,78,78,0.22889177687733842
lung,baseline,40000,84,74,74,0.28850222038380824
lung,baseline,40000,84,34,34,0.06056370574489511
lung,baseline,40000,84,83,83,0.07089134493048105
lung,baseline,40000,84,83,83,0.08724885404134931
lung,baseline,40000,84,83,83,0.21547752950828442
lung,baseline,40000,84,83,83,0.2679593055802101
lung,baseline,40000,84,83,83,0.07841343812446674
lung,baseline,40000,84,83,83,0.005487909391528491
lung,baseline,40000,84,82,82,0.11481945441002198
lung,baseline,40000,84,79,79,0.1807188647432578
lung,baseline,40000,84,78,78,0.2610974537973522
lung,baseline,40000,84,78,78,0.27347149060660547
lung,baseline,40000,84,77,77,0.27957287406804343
lung,baseline,40000,84,76,76,0.256969066394817
lung,baseline,40000,84,73,73,0.2861076203729765
lung,baseline,40000,84,72,72,0.2701625225832881
lung,baseline,40000,84,63,63,0.245302859054837
lung,baseline,40000,84,83,83,0.13718316352458973
lung,baseline,40000,84,77,77,0.14712059623742366
lung,baseline,40000,84,72,72,0.19834847506415673
lung,baseline,40000,84,79,79,0.10502359772095073
lung,baseline,40000,84,19,19,0.276001763955973
lung,baseline,40000,84,78,78,0.19480487784872563
lung,baseline,40000,84,77,77,0.27536116999375426
lung,baseline,40000,84,83,83,0.15390432422233852
lung,baseline,40000,84,80,80,0.09728066144294281
lung,baseline,40000,84,78,78,0.1284362357865229
lung,baseline,40000,84,76,76,0.12009275699993295
lung,baseline,40000,84,75,75,0.13021108419804617
lung,baseline,40000,84,66,66,0.1957589871151418
lung,baseline,40000,84,28,28,0.38874206837415165
lung,baseline,40000,84,82,82,0.2723189904002772
lung,baseline,40000,84,81,81,0.2342939625613356
lung,baseline,40000,84,80,80,0.07407528444420193
lung,baseline,40000,84,76,76,0.16010744873528415
lung,baseline,40000,84,76,76,0.241586093410725
lung,baseline,40000,84,76,76,0.1380075574627866
lung,baseline,40000,84,76,76,0.23480218045011006
lung,baseline,40000,84,83,83,0.2524792533403744
lung,baseline,40000,84,83,83,0.27925484160820807
lung,baseline,40000,84,83,83,0.2285752664863613
lung,baseline,40000,84,83,83,0.05157179302003979
lung,baseline,40000,84,83,83,0.03756552067327858
lung,baseline,40000,84,79,79,0.17253888728212755
lung,baseline,40000,84,19,19,0.4890948762361931
lung,baseline,40000,84,83,83,0.20501757195250073
lung,baseline,40000,84,79,79,0.1494118525144075
lung,baseline,40000,84,77,77,0.16405798879360695
lung,baseline,40000,84,83,83,0.006730643680051842
lung,baseline,40000,84,83,83,0.13381526777786257
lung,baseline,40000,84,83,83,0.06105881733694688
lung,baseline,40000,84,80,80,0.07855805137516869
lung,baseline,40000,84,79,79,0.14883607181647224
lung,baseline,40000,84,78,78,0.03897955857627045
lung,baseline,40000,84,78,78,0.14436083840962924
lung,baseline,40000,84,83,83,0.05192271684033014
lung,baseline,40000,84,83,83,0.18764082655701247
lung,baseline,40000,84,83,83,0.08087966085830355
lung,baseline,40000,84,83,83,0.15490129733227936
lung,baseline,40000,84,81,81,0.003352977705520462
lung,baseline,40000,84,81,81,0.03567346711765177
lung,baseline,40000,84,79,79,0.10949995750478263
lung,baseline,40000,84,83,83,0.007955167897179682
lung,baseline,40000,84,83,83,0.05064216104210041
lung,baseline,40000,84,83,83,0.05219759170372102
lung,baseline,40000,84,83,83,0.017697296435642572
lung,baseline,40000,84,81,81,0.024709986610737037
lung,baseline,40000,84,80,80,0.021754408264675094
lung,baseline,40000,84,80,80,0.05495530715004897
lung,baseline,40000,84,80,80,0.06591624626694026
lung,baseline,40000,84,79,79,0.07357982179457126
lung,baseline,40000,84,77,77,0.04634478691255235
lung,baseline,40000,84,27,27,0.34613327316204706
lung,baseline,40000,84,83,83,0.1975532316246513
lung,baseline,40000,84,82,82,0.011970978344778052
lung,baseline,40000,84,79,79,0.14392929154389142
lung,baseline,40000,84,78,78,0.1588661346455939
lung,baseline,40000,84,83,83,0.24865291101574405
lung,baseline,40000,84,65,65,0.22784005180578756
lung,baseline,40000,84,83,83,0.07879861859242371
lung,baseline,40000,84,73,73,0.1430922313189024
lung,baseline,40000,84,73,73,0.21415008697769128
lung,baseline,40000,84,73,73,0.1446544745818616
lung,baseline,40000,84,64,64,0.224879731666815
lung,baseline,40000,84,64,64,0.15825999559234716
lung,baseline,40000,84,64,64,0.1577989088473583
lung,baseline,40000,84,74,74,0.276543486567358
lung,baseline,40000,84,74,74,0.2786878665120625
lung,baseline,40000,84,53,53,0.3184783002868951
lung,baseline,40000,84,28,28,0.4125138514064884
lung,baseline,40000,84,34,34,0.060747711548041865
lung,baseline,40000,84,83,83,0.010997614713059036
lung,baseline,40000,84,83,83,0.1530503102823467
lung,baseline,40000,84,83,83,0.08976676286675647
lung,baseline,40000,84,83,83,0.07537288709731975
lung,baseline,40000,84,83,83,0.21926161060793412
lung,baseline,40000,84,81,81,0.04131790195311512
lung,baseline,40000,84,81,81,0.003282477241400507
lung,baseline,40000,84,83,83,0.2540495539391954
lung,baseline,40000,84,83,83,0.10513142366747369
lung,baseline,40000,84,83,83,0.25743241684677926
lung,baseline,40000,84,83,83,0.017667343598973963
lung,baseline,40000,84,78,78,0.1532329926840503
lung,baseline,40000,84,82,82,0.07715535427981342
lung,baseline,40000,84,79,79,0.017086362689191323
lung,baseline,40000,84,83,83,0.11038266500916202
lung,baseline,40000,84,83,83,0.01731528213077882
lung,baseline,40000,84,83,83,0.02390123340678088
lung,baseline,40000,84,83,83,0.26695758797645186
lung,baseline,40000,84,83,83,0.10350704093561083
lung,baseline,40000,84,83,83,0.01324569601757209
lung,baseline,40000,84,83,83,0.1432200621654052
lung,baseline,40000,84,81,81,0.03278910395457381
lung,baseline,40000,84,81,81,0.15559163284179692
lung,baseline,40000,84,34,34,0.22616189700199255
lung,baseline,40000,84,83,83,0.2641771326341164
lung,baseline,40000,84,83,83,0.12744928292753938
lung,baseline,40000,84,78,78,0.18786975960311822
lung,baseline,40000,84,74,74,0.031928324792744336
lung,baseline,40000,84,83,83,0.26675943494179855
lung,baseline,40000,84,83,83,0.166282409638158
lung,baseline,40000,84,78,78,0.12419763294839588
lung,baseline,40000,84,78,78,0.11865528933809553
lung,baseline,40000,84,57,57,0.06376837305870478
lung,baseline,40000,84,83,83,0.26481520512685375
lung,baseline,40000,84,77,77,0.2315002726610198
lung,baseline,40000,84,75,75,0.29454839360940693
lung,baseline,40000,84,81,81,0.2615679389691578
lung,baseline,40000,84,79,79,0.2687726344503011
lung,baseline,40000,84,77,77,0.2384041485064752
lung,baseline,40000,84,69,69,0.28264699386517506
lung,baseline,40000,84,83,83,0.019585715125397973
lung,baseline,40000,84,79,79,0.13608423069054662
lung,baseline,40000,84,79,79,0.3086707548740945
lung,baseline,40000,84,53,53,0.34924064580920894
lung,baseline,40000,84,83,83,0.1261278683071989
lung,baseline,40000,84,83,83,0.2517990389476229
lung,baseline,40000,84,83,83,0.03869514602058281
lung,baseline,40000,84,83,83,0.24003026498825877
lung,baseline,40000,84,81,81,0.02815034793097355
lung,baseline,40000,84,83,83,0.04630742935933684
lung,baseline,40000,84,83,83,0.086505880830696
lung,baseline,40000,84,79,79,0.10103626919979249
lung,baseline,40000,84,82,82,0.2815312574185193
lung,baseline,40000,84,80,80,0.1501765629906538
lung,baseline,40000,84,80,80,0.04616324725672265
lung,baseline,40000,84,78,78,0.24182594682396166
lung,baseline,40000,84,83,83,0.01332209794039278
lung,baseline,40000,84,80,80,0.07119047097262364
lung,baseline,40000,84,83,83,0.15002046276010178
lung,baseline,40000,84,83,83,0.05598522322251761
lung,baseline,40000,84,76,76,0.028409369572374388
lung,baseline,40000,84,76,76,0.1319966001293048
lung,baseline,40000,84,70,70,0.13500800377762076
lung,baseline,40000,84,82,82,0.03483278407577899
lung,baseline,40000,84,80,80,0.06984417642394385
lung,baseline,40000,84,78,78,0.12258491801285273
lung,baseline,40000,84,83,83,0.27693549190815947
lung,baseline,40000,84,83,83,0.23998604288916892
lung,baseline,40000,84,80,80,0.13570185379904973
lung,baseline,40000,84,79,79,0.21637070594553984
lung,baseline,40000,84,78,78,0.15944455961924223
lung,baseline,40000,84,78,78,0.023269351990641438
lung,baseline,40000,84,77,77,0.21625144300779175
lung,baseline,40000,84,76,76,0.14302718049187044
lung,baseline,40000,84,75,75,0.18958422567299316
lung,baseline,40000,84,57,57,0.23181922068604932
lung,baseline,40000,84,83,83,0.11357888055679408
lung,baseline,40000,84,37,37,0.24241646185614374
lung,baseline,40000,84,35,35,0.22147922771798523
lung,baseline,40000,84,34,34,0.22388476932309392
lung,baseline,40000,84,28,28,0.3569726856854859
lung,baseline,40000,84,83,83,0.21498216110021745
lung,baseline,40000,84,83,83,0.18464878727723752
lung,baseline,40000,84,83,83,0.28457194907623895
lung,baseline,40000,84,78,78,0.10819250142206659
lung,baseline,40000,84,83,83,0.18140741431102567
lung,baseline,40000,84,82,82,0.010314840231200464
lung,baseline,40000,84,75,75,0.14247492648216628
lung,baseline,40000,84,72,72,0.1620109307340001
lung,baseline,40000,84,77,77,0.21483575614680323
lung,baseline,40000,84,77,77,0.16942234774026116
lung,baseline,40000,84,74,74,0.1741733883623037
lung,baseline,40000,84,72,72,0.20313516826997657
lung,baseline,40000,84,69,69,0.22197304624255867
lung,baseline,40000,84,83,83,0.006948672749813594
lung,baseline,40000,84,82,82,0.016859761162072592
lung,baseline,40000,84,82,82,0.02914168579159497
lung,baseline,40000,84,78,78,0.015731107280880112
lung,baseline,40000,84,83,83,0.141660915439554
lung,baseline,40000,84,80,80,0.023244003096637614
lung,baseline,40000,84,80,80,0.0828855968193624
lung,baseline,40000,84,79,79,0.10409341894474465
lung,baseline,40000,84,34,34,0.16001882342782103
lung,baseline,40000,84,82,82,0.01645944165859824
lung,baseline,40000,84,80,80,0.07184267106866309
lung,baseline,40000,84,78,78,0.12591008707016868
lung,baseline,40000,84,83,83,0.2901167156940805
lung,baseline,40000,84,83,83,0.25081018107672415
lung,baseline,40000,84,83,83,0.09155841843087442
lung,baseline,40000,84,81,81,0.052312103937149836
lung,baseline,40000,84,80,80,0.04503723695031223
lung,baseline,40000,84,78,78,0.19279098116733978
lung,baseline,40000,84,77,77,0.019875740876508216
lung,baseline,40000,84,37,37,0.09677810831681713
lung,baseline,40000,84,34,34,0.20165561740623625
lung,baseline,40000,84,34,34,0.1597946314676688
lung,baseline,40000,84,77,77,0.2546614001389471
lung,baseline,40000,84,28,28,0.25871317176456865
lung,baseline,40000,84,83,83,0.1444701633715022
lung,baseline,40000,84,79,79,0.12525476957403442
lung,baseline,40000,84,78,78,0.15004748041651597
lung,baseline,40000,84,78,78,0.136630747080878
lung,baseline,40000,84,76,76,0.12814872274322453
lung,baseline,40000,84,75,75,0.12957790502546343
lung,baseline,40000,84,73,73,0.19124927711855938
lung,baseline,40000,84,63,63,0.15237480488852964
lung,baseline,40000,84,83,83,0.10189177272233639
lung,baseline,40000,84,83,83,0.20732519302135807
lung,baseline,40000,84,83,83,0.004773034129673402
lung,baseline,40000,84,78,78,0.148815672845859
lung,baseline,40000,84,83,83,0.17365248259093538
lung,baseline,40000,84,83,83,0.24387610520302225
lung,baseline,40000,84,82,82,0.025004617967596964
lung,baseline,40000,84,79,79,0.11412601541259608
lung,baseline,40000,85,80,80,0.10959698908352586
lung,baseline,40000,85,78,78,0.14637283369688778
lung,baseline,40000,85,73,73,0.03209063443551411
lung,baseline,40000,85,83,83,0.27723670644790516
lung,baseline,40000,85,80,80,0.2935547977295436
lung,baseline,40000,85,82,82,0.20930326154903472
lung,baseline,40000,85,79,79,0.22658254426589045
lung,baseline,40000,85,72,72,0.22759263473614041
lung,baseline,40000,85,69,69,0.2288597865731221
lung,baseline,40000,85,66,66,0.20627802941362136
lung,baseline,40000,85,49,49,0.24231357444930202
lung,baseline,40000,85,44,44,0.23928277286211436
lung,baseline,40000,85,84,84,0.28720279822419104
lung,baseline,40000,85,84,84,0.07838639823993791
lung,baseline,40000,85,84,84,0.2529378946596027
lung,baseline,40000,85,80,80,0.2445877285127122
lung,baseline,40000,85,84,84,0.10470857324388227
lung,baseline,40000,85,80,80,0.13590304711292603
lung,baseline,40000,85,84,84,0.19443518844464963
lung,baseline,40000,85,80,80,0.23065917499065564
lung,baseline,40000,85,79,79,0.28854582126446476
lung,baseline,40000,85,84,84,0.07677653570668505
lung,baseline,40000,85,84,84,0.23387673911175805
lung,baseline,40000,85,81,81,0.10427412526911227
lung,baseline,40000,85,80,80,0.17797787541059457
lung,baseline,40000,85,84,84,0.297728992547714
lung,baseline,40000,85,80,80,0.17496269954052238
lung,baseline,40000,85,83,83,0.27779338108564455
lung,baseline,40000,85,79,79,0.22107404155084884
lung,baseline,40000,85,78,78,0.2263834552488585
lung,baseline,40000,85,78,78,0.24468619201351585
lung,baseline,40000,85,78,78,0.2447749715686455
lung,baseline,40000,85,84,84,0.020057162261757366
lung,baseline,40000,85,84,84,0.18361277361028755
lung,baseline,40000,85,80,80,0.16856635489778185
lung,baseline,40000,85,78,78,0.1128940275907824
lung,baseline,40000,85,84,84,0.16355894709960428
lung,baseline,40000,85,84,84,0.26958475885273553
lung,baseline,40000,85,84,84,0.16266185821283832
lung,baseline,40000,85,83,83,0.2372201056996619
lung,baseline,40000,85,82,82,0.00521665887560553
lung,baseline,40000,85,80,80,0.22591320644841395
lung,baseline,40000,85,66,66,0.17342749403667418
lung,baseline,40000,85,53,53,0.259452441398821
lung,baseline,40000,85,19,19,0.41758832581393746
lung,baseline,40000,85,84,84,0.23641714703410774
lung,baseline,40000,85,81,81,0.17276937970996653
lung,baseline,40000,85,80,80,0.19167627802765308
lung,baseline,40000,85,84,84,0.0039045902950382723
lung,baseline,40000,85,80,80,0.19381685049859712
lung,baseline,40000,85,80,80,0.09785353036001751
lung,baseline,40000,85,78,78,0.21634926581760988
lung,baseline,40000,85,78,78,0.14766068032519922
lung,baseline,40000,85,78,78,0.21885202172510845
lung,baseline,40000,85,75,75,0.17398753805860676
lung,baseline,40000,85,72,72,0.22642762625572552
lung,baseline,40000,85,68,68,0.21894816131326483
lung,baseline,40000,85,84,84,0.1856093278527922
lung,baseline,40000,85,80,80,0.11153850096886386
lung,baseline,40000,85,84,84,0.25685011145757414
lung,baseline,40000,85,83,83,0.1995305606840381
lung,baseline,40000,85,83,83,0.23924876723953886
lung,baseline,40000,85,83,83,0.2613890849133835
lung,baseline,40000,85,78,78,0.22780944991704047
lung,baseline,40000,85,78,78,0.2368919077833337
lung,baseline,40000,85,84,84,0.27544505845098616
lung,baseline,40000,85,84,84,0.21777301114046718
lung,baseline,40000,85,80,80,0.1985270970219717
lung,baseline,40000,85,79,79,0.22248801938708387
lung,baseline,40000,85,34,34,0.1320318968570392
lung,baseline,40000,85,84,84,0.12113495505490618
lung,baseline,40000,85,84,84,0.1448327824040902
lung,baseline,40000,85,78,78,0.15335655930830364
lung,baseline,40000,85,84,84,0.18844072691598293
lung,baseline,40000,85,84,84,0.12044677499596036
lung,baseline,40000,85,84,84,0.17029302831556342
lung,baseline,40000,85,84,84,0.18881199063046206
lung,baseline,40000,85,82,82,0.03024579063392145
lung,baseline,40000,85,80,80,0.1304507062303557
lung,baseline,40000,85,80,80,0.10023745195498379
lung,baseline,40000,85,80,80,0.27891305695293916
lung,baseline,40000,85,57,57,0.34525713466750624
lung,baseline,40000,85,28,28,0.4167757618487867
lung,baseline,40000,85,82,82,0.01929475478142335
lung,baseline,40000,85,79,79,0.13257382523469569
lung,baseline,40000,85,78,78,0.1662307600072634
lung,baseline,40000,85,77,77,0.1427946991265516
lung,baseline,40000,85,84,84,0.20580516875105784
lung,baseline,40000,85,84,84,0.3097162496161056
lung,baseline,40000,85,84,84,0.1225235394532022
lung,baseline,40000,85,78,78,0.24900605927540476
lung,baseline,40000,85,84,84,0.1896184392956457
lung,baseline,40000,85,80,80,0.13656976344434352
lung,baseline,40000,85,80,80,0.14594627727300782
lung,baseline,40000,85,80,80,0.09977704553396763
lung,baseline,40000,85,79,79,0.13913544924982416
lung,baseline,40000,85,84,84,0.1716103058823502
lung,baseline,40000,85,84,84,0.20951768262234446
lung,baseline,40000,85,83,83,0.0365975186673109
lung,baseline,40000,85,80,80,0.07165662855786625
lung,baseline,40000,85,80,80,0.08463299471930329
lung,baseline,40000,85,80,80,0.1750788599419995
lung,baseline,40000,85,79,79,0.10568580625144366
lung,baseline,40000,85,79,79,0.17126698992629436
lung,baseline,40000,85,84,84,0.013555050747469816
lung,baseline,40000,85,83,83,0.1800315378715856
lung,baseline,40000,85,80,80,0.19697614211147657
lung,baseline,40000,85,75,75,0.16741120673670673
lung,baseline,40000,85,75,75,0.19829062237895112
lung,baseline,40000,85,84,84,0.29566562298899157
lung,baseline,40000,85,83,83,0.1961643004999084
lung,baseline,40000,85,83,83,0.046372745700382134
lung,baseline,40000,85,83,83,0.247923534341918
lung,baseline,40000,85,83,83,0.21513851365743786
lung,baseline,40000,85,82,82,0.09221319168322951
lung,baseline,40000,85,79,79,0.08100290228303932
lung,baseline,40000,85,72,72,0.14384632639558015
lung,baseline,40000,85,69,69,0.14087039169395787
lung,baseline,40000,85,52,52,0.1849715257193008
lung,baseline,40000,85,44,44,0.18994805614286905
lung,baseline,40000,85,35,35,0.21000839838906757
lung,baseline,40000,85,84,84,0.10855095910867295
lung,baseline,40000,85,82,82,0.06442153368254824
lung,baseline,40000,85,84,84,0.05913778126869525
lung,baseline,40000,85,84,84,0.27722517053485907
lung,baseline,40000,85,84,84,0.22722466500505384
lung,baseline,40000,85,84,84,0.18439531839928228
lung,baseline,40000,85,84,84,0.011875074475279402
lung,baseline,40000,85,84,84,0.031219109559332006
lung,baseline,40000,85,84,84,0.06532861142440702
lung,baseline,40000,85,84,84,0.04981164135717312
lung,baseline,40000,85,82,82,0.05345593108505077
lung,baseline,40000,85,84,84,0.05483595058870891
lung,baseline,40000,85,84,84,0.09363970076929151
lung,baseline,40000,85,79,79,0.129526076710698
lung,baseline,40000,85,80,80,0.27612071347078543
lung,baseline,40000,85,80,80,0.24466670264865636
lung,baseline,40000,85,79,79,0.2340802792608155
lung,baseline,40000,85,75,75,0.25552412984867395
lung,baseline,40000,85,72,72,0.3036762844066076
lung,baseline,40000,85,71,71,0.26982424170337016
lung,baseline,40000,85,68,68,0.3220607864521708
lung,baseline,40000,85,84,84,0.024806589355900632
lung,baseline,40000,85,84,84,0.1863221074644732
lung,baseline,40000,85,83,83,0.02176916210787995
lung,baseline,40000,85,81,81,0.1167786877650436
lung,baseline,40000,85,79,79,0.11958931057761468
lung,baseline,40000,85,84,84,0.2693724385369103
lung,baseline,40000,85,84,84,0.1582798220026851
lung,baseline,40000,85,84,84,0.016245493793517734
lung,baseline,40000,85,84,84,0.1713659762191863
lung,baseline,40000,85,83,83,0.04586164759827078
lung,baseline,40000,85,81,81,0.06722449200378122
lung,baseline,40000,85,79,79,0.2591216684123991
lung,baseline,40000,85,57,57,0.21378939700566965
lung,baseline,40000,85,57,57,0.1690607897449568
lung,baseline,40000,85,54,54,0.22692495115367847
lung,baseline,40000,85,53,53,0.18864506078039942
lung,baseline,40000,85,84,84,0.32154354903279636
lung,baseline,40000,85,84,84,0.20260547878152116
lung,baseline,40000,85,72,72,0.06783477980533621
lung,baseline,40000,85,67,67,0.14610663286684325
lung,baseline,40000,85,83,83,0.2727290285104207
lung,baseline,40000,85,79,79,0.16655458572854118
lung,baseline,40000,85,77,77,0.17257489760674283
lung,baseline,40000,85,84,84,0.30931614390071893
lung,baseline,40000,85,80,80,0.22058577348099
lung,baseline,40000,85,84,84,0.25688701189013824
lung,baseline,40000,85,84,84,0.07489381199088417
lung,baseline,40000,85,84,84,0.08049542441994423
lung,baseline,40000,85,84,84,0.17759991726052762
lung,baseline,40000,85,84,84,0.08060238444871752
lung,baseline,40000,85,83,83,0.10356061553242975
lung,baseline,40000,85,83,83,0.010051151187808997
lung,baseline,40000,85,82,82,0.04126235463263238
lung,baseline,40000,85,84,84,0.056559715487777655
lung,baseline,40000,85,84,84,0.019056915221261815
lung,baseline,40000,85,82,82,0.019306296903321224
lung,baseline,40000,85,82,82,0.07787374356369504
lung,baseline,40000,85,80,80,0.1019670640796753
lung,baseline,40000,85,79,79,0.02927953763039816
lung,baseline,40000,85,79,79,0.12811835575029487
lung,baseline,40000,85,84,84,0.09929679748174051
lung,baseline,40000,85,84,84,0.19916338677312956
lung,baseline,40000,85,84,84,0.20641460560117655
lung,baseline,40000,85,84,84,0.02685300895349784
lung,baseline,40000,85,79,79,0.09371445970547519
lung,baseline,40000,85,84,84,0.18857918119571654
lung,baseline,40000,85,84,84,0.08875539929219636
lung,baseline,40000,85,81,81,0.10691896606987913
lung,baseline,40000,85,61,61,0.13248575059425075
lung,baseline,40000,85,84,84,0.01566258871685298
lung,baseline,40000,85,84,84,0.0992289639723575
lung,baseline,40000,85,83,83,0.0465027399696011
lung,baseline,40000,85,83,83,0.018507783069628927
lung,baseline,40000,85,75,75,0.031136854027081894
lung,baseline,40000,85,83,83,0.03563900082130452
lung,baseline,40000,85,83,83,0.23559942265505338
lung,baseline,40000,85,83,83,0.2068313286292753
lung,baseline,40000,85,80,80,0.2661373966131498
lung,baseline,40000,85,75,75,0.2605518534396995
lung,baseline,40000,85,65,65,0.1306747158148323
lung,baseline,40000,85,64,64,0.20745713594275617
lung,baseline,40000,85,57,57,0.2225329573894865
lung,baseline,40000,85,51,51,0.11032160579819898
lung,baseline,40000,85,28,28,0.38246317655335804
lung,baseline,40000,85,84,84,0.12144677695819014
lung,baseline,40000,85,83,83,0.01161548685206061
lung,baseline,40000,85,81,81,0.019695470846914188
lung,baseline,40000,85,81,81,0.12783105805322664
lung,baseline,40000,85,84,84,0.08775978793141427
lung,baseline,40000,85,84,84,0.010205136902923965
lung,baseline,40000,85,84,84,0.057494171477763735
lung,baseline,40000,85,81,81,0.027502153839352825
lung,baseline,40000,85,79,79,0.13357360146412578
lung,baseline,40000,85,84,84,0.02109185863173412
lung,baseline,40000,85,84,84,0.01365229928312102
lung,baseline,40000,85,84,84,0.015841262785658276
lung,baseline,40000,85,84,84,0.06401196062241492
lung,baseline,40000,85,84,84,0.09281942155945572
lung,baseline,40000,85,84,84,0.004882767387284671
lung,baseline,40000,85,84,84,0.019506621791580133
lung,baseline,40000,85,84,84,0.005188779525522317
lung,baseline,40000,85,83,83,0.017977470382514304
lung,baseline,40000,85,83,83,0.015506756866602434
lung,baseline,40000,85,83,83,0.018331998681882886
lung,baseline,40000,85,83,83,0.030786557316769575
lung,baseline,40000,85,82,82,0.018864163872761075
lung,baseline,40000,85,82,82,0.045702381754552907
lung,baseline,40000,85,82,82,0.03193036418626403
lung,baseline,40000,85,81,81,0.017106627799927058
lung,baseline,40000,85,81,81,0.06901763304811662
lung,baseline,40000,85,81,81,0.021800875907302505
lung,baseline,40000,85,84,84,0.2664117359233859
lung,baseline,40000,85,84,84,0.0881924691373922
lung,baseline,40000,85,84,84,0.052147010226186064
lung,baseline,40000,85,80,80,0.262987584925984
lung,baseline,40000,85,84,84,0.2833700387145876
lung,baseline,40000,85,80,80,0.2453697170741842
lung,baseline,40000,85,75,75,0.23349621203225254
lung,baseline,40000,85,84,84,0.10160894491423475
lung,baseline,40000,85,78,78,0.15815812126804565
lung,baseline,40000,85,65,65,0.1270936128866954
lung,baseline,40000,85,64,64,0.19583116534494843
lung,baseline,40000,85,57,57,0.21485143436000548
lung,baseline,40000,85,51,51,0.1065675827361945
lung,baseline,40000,85,19,19,0.5212154103627917
lung,baseline,40000,85,84,84,0.008218782033226383
lung,baseline,40000,85,84,84,0.14388092283918216
lung,baseline,40000,85,84,84,0.09413063716947748
lung,baseline,40000,85,83,83,0.007596609757354453
lung,baseline,40000,85,83,83,0.016269720853739105
lung,baseline,40000,85,81,81,0.11377314095194135
lung,baseline,40000,85,78,78,0.027103263393307066
lung,baseline,40000,85,83,83,0.05940665472759274
lung,baseline,40000,85,83,83,0.08350576894724074
lung,baseline,40000,85,79,79,0.12916974609279605
lung,baseline,40000,85,78,78,0.06800878403596733
lung,baseline,40000,85,57,57,0.09370138001924778
lung,baseline,40000,85,82,82,0.009626958177269449
lung,baseline,40000,85,84,84,0.15320109987626487
lung,baseline,40000,85,84,84,0.09915079396504145
lung,baseline,40000,85,81,81,0.13011797449147383
lung,baseline,40000,85,81,81,0.0332893268240075
lung,baseline,40000,85,84,84,0.01542384180388473
lung,baseline,40000,85,84,84,0.07726551348050453
lung,baseline,40000,85,84,84,0.04942500642815294
lung,baseline,40000,85,84,84,0.06845405604969809
lung,baseline,40000,85,84,84,0.058779429965592836
lung,baseline,40000,85,82,82,0.03820532666809249
lung,baseline,40000,85,82,82,0.053595020591652776
lung,baseline,40000,85,82,82,0.04700555587248185
lung,baseline,40000,85,82,82,0.051019111585292896
lung,baseline,40000,85,82,82,0.06245673911725025
lung,baseline,40000,85,81,81,0.06001862146469602
lung,baseline,40000,85,80,80,0.07146025068212097
lung,baseline,40000,85,80,80,0.050858671389415945
lung,baseline,40000,85,78,78,0.06095555532685891
lung,baseline,40000,85,79,79,0.2082040354530947
lung,baseline,40000,85,58,58,0.20656933862710686
lung,baseline,40000,85,84,84,0.12782704406754833
lung,baseline,40000,85,78,78,0.16922585589450226
lung,baseline,40000,85,76,76,0.15195540452581743
lung,baseline,40000,85,76,76,0.152821026529034
lung,baseline,40000,85,34,34,0.1598894019291175
lung,baseline,40000,85,83,83,0.32686769163178403
lung,baseline,40000,85,80,80,0.24029594017030148
lung,baseline,40000,85,80,80,0.2122872311981318
lung,baseline,40000,85,79,79,0.291834924659822
lung,baseline,40000,85,79,79,0.2654969274581315
lung,baseline,40000,85,77,77,0.17776627992049573
lung,baseline,40000,85,76,76,0.1673341761074804
lung,baseline,40000,85,75,75,0.13517478065676397
lung,baseline,40000,85,74,74,0.1691006399047791
lung,baseline,40000,85,72,72,0.1732146858175584
lung,baseline,40000,85,54,54,0.19208311710269493
lung,baseline,40000,85,84,84,0.05298501724378325
lung,baseline,40000,85,84,84,0.10328151950667788
lung,baseline,40000,85,80,80,0.11231054782461225
lung,baseline,40000,85,82,82,0.22812033097880122
lung,baseline,40000,85,80,80,0.2530900710032885
lung,baseline,40000,85,79,79,0.2470523772851241
lung,baseline,40000,85,79,79,0.22002861362809079
lung,baseline,40000,85,79,79,0.24290967181223014
lung,baseline,40000,85,78,78,0.2634842178058894
lung,baseline,40000,85,78,78,0.28853608207315656
lung,baseline,40000,85,75,75,0.1718395115127705
lung,baseline,40000,85,74,74,0.2772070811614097
lung,baseline,40000,85,73,73,0.2646424973918552
lung,baseline,40000,85,79,79,0.02405422219666457
lung,baseline,40000,85,79,79,0.12913615963883704
lung,baseline,40000,85,76,76,0.03398872083134589
lung,baseline,40000,85,84,84,0.20585476330544633
lung,baseline,40000,85,82,82,0.10687096280417431
lung,baseline,40000,85,80,80,0.1301643431560559
lung,baseline,40000,85,79,79,0.21705194260247154
lung,baseline,40000,85,78,78,0.1890855109431487
lung,baseline,40000,85,78,78,0.2302457992664833
lung,baseline,40000,85,76,76,0.19689751066067476
lung,baseline,40000,85,72,72,0.2578484923326518
lung,baseline,40000,85,80,80,0.10393140671330225
lung,baseline,40000,85,79,79,0.12723975400011575
lung,baseline,40000,85,79,79,0.024203148860144085
lung,baseline,40000,85,76,76,0.030350455539568996
lung,baseline,40000,85,83,83,0.2040011940032727
lung,baseline,40000,85,80,80,0.13664312044930904
lung,baseline,40000,85,80,80,0.10522976689370549
lung,baseline,40000,85,80,80,0.10612136465011464
lung,baseline,40000,85,80,80,0.21022216703132318
lung,baseline,40000,85,84,84,0.20490392222711842
lung,baseline,40000,85,84,84,0.10804650048089409
lung,baseline,40000,85,79,79,0.1476154407903793
lung,baseline,40000,85,83,83,0.26492667473544557
lung,baseline,40000,85,78,78,0.2464688646699775
lung,baseline,40000,85,75,75,0.24964884119678563
lung,baseline,40000,85,74,74,0.2556286486337326
lung,baseline,40000,85,71,71,0.25120202654017865
lung,baseline,40000,85,84,84,0.2138266836792878
lung,baseline,40000,85,81,81,0.08417696248511317
lung,baseline,40000,85,80,80,0.03101592358341363
lung,baseline,40000,85,80,80,0.12450008645294512
lung,baseline,40000,85,83,83,0.13575236946486643
lung,baseline,40000,85,77,77,0.06046717881809878
lung,baseline,40000,85,62,62,0.1442450293071031
lung,baseline,40000,85,79,79,0.21220769571797787
lung,baseline,40000,85,72,72,0.10322245940742833
lung,baseline,40000,85,70,70,0.22209472193870375
lung,baseline,40000,85,69,69,0.20040810779594817
lung,baseline,40000,85,68,68,0.15408713194658644
lung,baseline,40000,85,84,84,0.009000470832625888
lung,baseline,40000,85,84,84,0.11741986690897492
lung,baseline,40000,85,84,84,0.016513997978501973
lung,baseline,40000,85,83,83,0.04628645067128144
lung,baseline,40000,85,82,82,0.009814024050313504
lung,baseline,40000,85,37,37,0.27449214684806056
lung,baseline,40000,85,36,36,0.2636946230699771
lung,baseline,40000,85,34,34,0.3141060169450284
lung,baseline,40000,85,84,84,0.11866857173557348
lung,baseline,40000,85,84,84,0.259547278526793
lung,baseline,40000,85,84,84,0.016076981314629223
lung,baseline,40000,85,80,80,0.20307261454884298
lung,baseline,40000,85,84,84,0.01237773663551104
lung,baseline,40000,85,83,83,0.13011250462603716
lung,baseline,40000,85,80,80,0.13824927639199502
lung,baseline,40000,85,78,78,0.12276255765725623
lung,baseline,40000,85,78,78,0.12192067942089657
lung,baseline,40000,85,75,75,0.14129508426226253
lung,baseline,40000,85,79,79,0.2458690413194575
lung,baseline,40000,85,79,79,0.2684529878915089
lung,baseline,40000,85,75,75,0.23951810077000218
lung,baseline,40000,85,75,75,0.22526272788673363
lung,baseline,40000,85,80,80,0.12801458969511842
lung,baseline,40000,85,43,43,0.15274385617002373
lung,baseline,40000,85,39,39,0.15583760414242412
lung,baseline,40000,85,84,84,0.1333556313040021
lung,baseline,40000,85,84,84,0.29194673115159675
lung,baseline,40000,85,84,84,0.20839744572015023
lung,baseline,40000,85,79,79,0.24994189505544864
lung,baseline,40000,85,79,79,0.24898714140460673
lung,baseline,40000,85,72,72,0.24552937984799814
lung,baseline,40000,85,84,84,0.2792444363036924
lung,baseline,40000,85,78,78,0.09300795315523469
lung,baseline,40000,85,71,71,0.26314171409470305
lung,baseline,40000,85,83,83,0.19989865743308233
lung,baseline,40000,85,72,72,0.05263767085852436
lung,baseline,40000,85,67,67,0.15086225477832668
lung,baseline,40000,85,84,84,0.06157859625089638
lung,baseline,40000,85,84,84,0.13150176779968786
lung,baseline,40000,85,84,84,0.004868951316947054
lung,baseline,40000,85,80,80,0.15144751980362142
lung,baseline,40000,85,79,79,0.14947765620966477
lung,baseline,40000,85,77,77,0.03287491158637122
lung,baseline,40000,85,74,74,0.09345406063162251
lung,baseline,40000,85,34,34,0.22497185321437355
lung,baseline,40000,85,84,84,0.10829714081739389
lung,baseline,40000,85,79,79,0.13318576151263914
lung,baseline,40000,85,84,84,0.34009079175225676
lung,baseline,40000,85,81,81,0.24759820430288926
lung,baseline,40000,85,80,80,0.2042787742503033
lung,baseline,40000,85,84,84,0.13986226258036302
lung,baseline,40000,85,84,84,0.13157929335501556
lung,baseline,40000,85,81,81,0.13284267708582406
lung,baseline,40000,85,83,83,0.1976167097038578
lung,baseline,40000,85,83,83,0.15845864482980107
lung,baseline,40000,85,83,83,0.19849336602182435
lung,baseline,40000,85,80,80,0.19492589403392188
lung,baseline,40000,85,68,68,0.16490710497159347
lung,baseline,40000,85,64,64,0.15923757293039326
lung,baseline,40000,85,64,64,0.15776643125017303
lung,baseline,40000,85,79,79,0.20379898849242825
lung,baseline,40000,85,66,66,0.17627168809546565
lung,baseline,40000,85,53,53,0.23877586964989428
lung,baseline,40000,85,84,84,0.20269726006874003
lung,baseline,40000,85,84,84,0.01203622605167726
lung,baseline,40000,85,84,84,0.015966987029945194
lung,baseline,40000,85,83,83,0.12801272806955719
lung,baseline,40000,85,80,80,0.14992925435013618
lung,baseline,40000,85,80,80,0.11506331160002388
lung,baseline,40000,85,79,79,0.16007300319294404
lung,baseline,40000,85,75,75,0.2897051963782015
lung,baseline,40000,85,73,73,0.2736875334054837
lung,baseline,40000,85,64,64,0.27910184210958167
lung,baseline,40000,85,84,84,0.0842230208726862
lung,baseline,40000,85,84,84,0.06428380166738985
lung,baseline,40000,85,84,84,0.07609879965228357
lung,baseline,40000,85,34,34,0.24484187042382177
lung,baseline,40000,85,83,83,0.1353196420427397
lung,baseline,40000,85,83,83,0.08668038193212525
lung,baseline,40000,85,83,83,0.13948841484735802
lung,baseline,40000,85,80,80,0.10807237695168806
lung,baseline,40000,85,79,79,0.13204642710823347
lung,baseline,40000,85,76,76,0.032726675823114136
lung,baseline,40000,85,71,71,0.26245463882459313
lung,baseline,40000,85,66,66,0.27873213750257875
lung,baseline,40000,85,62,62,0.31084496681623847
lung,baseline,40000,85,55,55,0.339999653653049
lung,baseline,40000,85,53,53,0.3151815628329662
lung,baseline,40000,85,35,35,0.2727074489960558
lung,baseline,40000,85,84,84,0.09734134217091125
lung,baseline,40000,85,84,84,0.10733435174429651
lung,baseline,40000,85,80,80,0.14079879652791066
lung,baseline,40000,85,84,84,0.07703085165122163
lung,baseline,40000,85,84,84,0.05907496197829239
lung,baseline,40000,85,84,84,0.093246348954214
lung,baseline,40000,85,83,83,0.0051120871037507705
lung,baseline,40000,85,78,78,0.16526153838410998
lung,baseline,40000,85,72,72,0.16639007163477132
lung,baseline,40000,85,71,71,0.14975878423527614
lung,baseline,40000,85,71,71,0.12923603486007437
lung,baseline,40000,85,84,84,0.20151354020812617
lung,baseline,40000,85,80,80,0.04999354062262764
lung,baseline,40000,85,77,77,0.154230861374225
lung,baseline,40000,85,74,74,0.19652156588788283
lung,baseline,40000,85,82,82,0.025200209176689675
lung,baseline,40000,85,80,80,0.1050812364660487
lung,baseline,40000,85,79,79,0.12566476215133823
lung,baseline,40000,85,79,79,0.03566510669405936
lung,baseline,40000,85,78,78,0.12002981620847504
lung,baseline,40000,85,76,76,0.03987915278589681
lung,baseline,40000,85,84,84,0.025458611950454554
lung,baseline,40000,85,84,84,0.16182737516412066
lung,baseline,40000,85,84,84,0.059055578042375365
lung,baseline,40000,85,82,82,0.052543073062414694
lung,baseline,40000,85,81,81,0.02716187907744199
lung,baseline,40000,85,81,81,0.09368911466032984
lung,baseline,40000,85,80,80,0.11689514977876407
lung,baseline,40000,85,78,78,0.2752589373513435
lung,baseline,40000,85,76,76,0.33865616118036374
lung,baseline,40000,85,53,53,0.34477723516891146
lung,baseline,40000,85,80,80,0.1953515879928458
lung,baseline,40000,85,68,68,0.16896770012755505
lung,baseline,40000,85,64,64,0.23049509215786818
lung,baseline,40000,85,64,64,0.16848413056230094
lung,baseline,40000,85,59,59,0.24366216673116023
lung,baseline,40000,85,58,58,0.22565670773628463
lung,baseline,40000,85,84,84,0.18863752602691375
lung,baseline,40000,85,81,81,0.029352018727654836
lung,baseline,40000,85,80,80,0.09864679334440064
lung,baseline,40000,85,78,78,0.10287750183144002
lung,baseline,40000,85,84,84,0.11637208650793533
lung,baseline,40000,85,83,83,0.3261068040498455
lung,baseline,40000,85,78,78,0.15604165714939447
lung,baseline,40000,85,77,77,0.22056174406103485
lung,baseline,40000,85,75,75,0.29650057823466225
lung,baseline,40000,85,78,78,0.15446579823079915
lung,baseline,40000,85,77,77,0.21617096409932832
lung,baseline,40000,85,77,77,0.21315637392346626
lung,baseline,40000,85,76,76,0.2059178081837686
lung,baseline,40000,85,43,43,0.2793174045821821
lung,baseline,40000,85,39,39,0.2688162496813884
lung,baseline,40000,85,84,84,0.10182686828933722
lung,baseline,40000,85,84,84,0.006113552037418856
lung,baseline,40000,85,84,84,0.018679036839378778
lung,baseline,40000,85,84,84,0.06368640706114764
lung,baseline,40000,85,80,80,0.10918510213979471
lung,baseline,40000,85,80,80,0.08729979560068564
lung,baseline,40000,85,80,80,0.09821525582631446
lung,baseline,40000,85,78,78,0.13160473559593525
lung,baseline,40000,85,70,70,0.19905880731910697
lung,baseline,40000,85,57,57,0.1640394045343859
lung,baseline,40000,85,40,40,0.2207898276432581
lung,baseline,40000,85,62,62,0.08931432728587912
lung,baseline,40000,85,34,34,0.15127072440016104
lung,baseline,40000,85,83,83,0.257208247999703
lung,baseline,40000,85,80,80,0.25206988723415424
lung,baseline,40000,85,79,79,0.17533005204177052
lung,baseline,40000,85,76,76,0.24741250492365055
lung,baseline,40000,85,66,66,0.22708445360985877
lung,baseline,40000,85,84,84,0.01751511921691708
lung,baseline,40000,85,84,84,0.10608438260896251
lung,baseline,40000,85,80,80,0.1487333130503543
lung,baseline,40000,85,79,79,0.12671198628776617
lung,baseline,40000,85,84,84,0.12428380064174714
lung,baseline,40000,85,79,79,0.24390997164559852
lung,baseline,40000,85,78,78,0.2679925301475117
lung,baseline,40000,85,78,78,0.28762324208300855
lung,baseline,40000,85,75,75,0.24345396872384167
lung,baseline,40000,85,61,61,0.21359638178875534
lung,baseline,40000,85,51,51,0.20273948524961172
lung,baseline,40000,85,83,83,0.030550668218492
lung,baseline,40000,85,77,77,0.21380449078655084
lung,baseline,40000,85,76,76,0.19463099848170076
lung,baseline,40000,85,80,80,0.10927243892956358
lung,baseline,40000,85,78,78,0.1783513680479548
lung,baseline,40000,85,58,58,0.17621061252333675
lung,baseline,40000,85,84,84,0.1802545100794673
lung,baseline,40000,85,81,81,0.0961400791859681
lung,baseline,40000,85,80,80,0.1095040701525329
lung,baseline,40000,85,82,82,0.1581311855261194
lung,baseline,40000,85,77,77,0.17207587406213112
lung,baseline,40000,85,76,76,0.15760803448619745
lung,baseline,40000,85,74,74,0.18267391905696018
lung,baseline,40000,85,71,71,0.15092519523824421
lung,baseline,40000,85,56,56,0.10738647625511762
lung,baseline,40000,85,84,84,0.060917812519943805
lung,baseline,40000,85,84,84,0.1453834447040639
lung,baseline,40000,85,84,84,0.10450134402501732
lung,baseline,40000,85,84,84,0.1424110758845242
lung,baseline,40000,85,79,79,0.09385255745053511
lung,baseline,40000,85,84,84,0.10408529014278098
lung,baseline,40000,85,84,84,0.025206293920761874
lung,baseline,40000,85,84,84,0.06198976217030571
lung,baseline,40000,85,82,82,0.013074392779945826
lung,baseline,40000,85,81,81,0.02337961380228032
lung,baseline,40000,85,80,80,0.09672781832420253
lung,baseline,40000,85,84,84,0.018615363875179498
lung,baseline,40000,85,84,84,0.07338906231909406
lung,baseline,40000,85,84,84,0.01426271069235955
lung,baseline,40000,85,84,84,0.014881260948998564
lung,baseline,40000,85,84,84,0.10010205684860243
lung,baseline,40000,85,84,84,0.0080428131667083
lung,baseline,40000,85,84,84,0.023483102515219657
lung,baseline,40000,85,84,84,0.009462815648569153
lung,baseline,40000,85,83,83,0.012709240752502807
lung,baseline,40000,85,82,82,0.008583629938586544
lung,baseline,40000,85,82,82,0.025373832595005495
lung,baseline,40000,85,81,81,0.027326779648468913
lung,baseline,40000,85,84,84,0.27277713761638167
lung,baseline,40000,85,80,80,0.17724652842196928
lung,baseline,40000,85,79,79,0.20703158371160396
lung,baseline,40000,85,84,84,0.2568260087315248
lung,baseline,40000,85,84,84,0.23518743900839553
lung,baseline,40000,85,78,78,0.2338222662097343
lung,baseline,40000,85,84,84,0.09582194756062787
lung,baseline,40000,85,84,84,0.23263281371857425
lung,baseline,40000,85,81,81,0.1193976414370345
lung,baseline,40000,85,70,70,0.09364285227574987
lung,baseline,40000,85,80,80,0.12663679096847574
lung,baseline,40000,85,72,72,0.18171035656251547
lung,baseline,40000,86,83,83,0.2618795621527477
lung,baseline,40000,86,83,83,0.2611789854426102
lung,baseline,40000,86,85,85,0.020727957202343914
lung,baseline,40000,86,85,85,0.21598965284645866
lung,baseline,40000,86,81,81,0.1501639256960103
lung,baseline,40000,86,80,80,0.16246038416813266
lung,baseline,40000,86,85,85,0.06336631375274057
lung,baseline,40000,86,85,85,0.13613269369806685
lung,baseline,40000,86,84,84,0.01003346924255035
lung,baseline,40000,86,81,81,0.11281738570659561
lung,baseline,40000,86,79,79,0.1570101749471504
lung,baseline,40000,86,79,79,0.1483175800778713
lung,baseline,40000,86,75,75,0.15419358644285439
lung,baseline,40000,86,85,85,0.31470308072459624
lung,baseline,40000,86,41,41,0.17009569954045275
lung,baseline,40000,86,85,85,0.35620603868333256
lung,baseline,40000,86,85,85,0.13054108753983326
lung,baseline,40000,86,81,81,0.20406408577408677
lung,baseline,40000,86,85,85,0.224265359030842
lung,baseline,40000,86,81,81,0.16481689859462154
lung,baseline,40000,86,85,85,0.25036161650394895
lung,baseline,40000,86,85,85,0.2820785547787841
lung,baseline,40000,86,82,82,0.03099642228450707
lung,baseline,40000,86,82,82,0.21281892713740516
lung,baseline,40000,86,81,81,0.18199652959167906
lung,baseline,40000,86,85,85,0.06697813539271587
lung,baseline,40000,86,85,85,0.13099003237519669
lung,baseline,40000,86,81,81,0.15087022593969296
lung,baseline,40000,86,80,80,0.1426478188992633
lung,baseline,40000,86,71,71,0.26549430106268324
lung,baseline,40000,86,65,65,0.1944680135268807
lung,baseline,40000,86,64,64,0.24631935078280534
lung,baseline,40000,86,85,85,0.2375481035664368
lung,baseline,40000,86,85,85,0.22705697834067773
lung,baseline,40000,86,80,80,0.18916314707597082
lung,baseline,40000,86,83,83,0.15991703775910052
lung,baseline,40000,86,83,83,0.01680404563856667
lung,baseline,40000,86,79,79,0.1439642629378966
lung,baseline,40000,86,76,76,0.16284977454184188
lung,baseline,40000,86,76,76,0.13324265066427152
lung,baseline,40000,86,76,76,0.2074459186567335
lung,baseline,40000,86,73,73,0.06464495645267224
lung,baseline,40000,86,73,73,0.16510124254853836
lung,baseline,40000,86,73,73,0.11940440420434788
lung,baseline,40000,86,64,64,0.05470484060017753
lung,baseline,40000,86,84,84,0.07192840686854785
lung,baseline,40000,86,84,84,0.13132003806582135
lung,baseline,40000,86,83,83,0.16729605079683293
lung,baseline,40000,86,83,83,0.11545326466920657
lung,baseline,40000,86,82,82,0.06366242924928756
lung,baseline,40000,86,82,82,0.009849470751628567
lung,baseline,40000,86,79,79,0.0437370708318776
lung,baseline,40000,86,79,79,0.14472465717297328
lung,baseline,40000,86,78,78,0.2002676915730977
lung,baseline,40000,86,77,77,0.18269663418954393
lung,baseline,40000,86,76,76,0.1276655731524806
lung,baseline,40000,86,76,76,0.16786716862817955
lung,baseline,40000,86,70,70,0.1815959577016808
lung,baseline,40000,86,64,64,0.1665481449067251
lung,baseline,40000,86,85,85,0.10363817576530002
lung,baseline,40000,86,85,85,0.06313270711835807
lung,baseline,40000,86,85,85,0.13235666446072025
lung,baseline,40000,86,82,82,0.014653229454106442
lung,baseline,40000,86,81,81,0.150172672285925
lung,baseline,40000,86,81,81,0.072587012276744
lung,baseline,40000,86,75,75,0.23474499233362678
lung,baseline,40000,86,63,63,0.22094651436049165
lung,baseline,40000,86,49,49,0.24788511766797894
lung,baseline,40000,86,44,44,0.2251529607042665
lung,baseline,40000,86,40,40,0.24474530544879572
lung,baseline,40000,86,28,28,0.40761961908752664
lung,baseline,40000,86,85,85,0.26592465568796747
lung,baseline,40000,86,80,80,0.28025869490810884
lung,baseline,40000,86,41,41,0.18495576676764963
lung,baseline,40000,86,85,85,0.20354709335485507
lung,baseline,40000,86,85,85,0.008981567585489882
lung,baseline,40000,86,85,85,0.21257966238622822
lung,baseline,40000,86,80,80,0.13841179380696875
lung,baseline,40000,86,79,79,0.11577741279851966
lung,baseline,40000,86,79,79,0.1877032807689896
lung,baseline,40000,86,75,75,0.2553399705010493
lung,baseline,40000,86,85,85,0.19088028646336413
lung,baseline,40000,86,81,81,0.16347518605072847
lung,baseline,40000,86,80,80,0.13853211321019893
lung,baseline,40000,86,85,85,0.014454181206670963
lung,baseline,40000,86,85,85,0.012032479500686404
lung,baseline,40000,86,85,85,0.007963591030624426
lung,baseline,40000,86,85,85,0.012574797165650953
lung,baseline,40000,86,85,85,0.08581383132835771
lung,baseline,40000,86,85,85,0.00843677258329495
lung,baseline,40000,86,85,85,0.10099422199765133
lung,baseline,40000,86,85,85,0.007766857738731433
lung,baseline,40000,86,85,85,0.01150550407822518
lung,baseline,40000,86,85,85,0.012666249432877464
lung,baseline,40000,86,85,85,0.021265383061762066
lung,baseline,40000,86,85,85,0.015275290263669269
lung,baseline,40000,86,85,85,0.012135180774900384
lung,baseline,40000,86,85,85,0.014737666459579727
lung,baseline,40000,86,85,85,0.022401910214993402
lung,baseline,40000,86,85,85,0.05513289651226066
lung,baseline,40000,86,84,84,0.007921955516800729
lung,baseline,40000,86,84,84,0.018995868177546907
lung,baseline,40000,86,83,83,0.022856462290601523
lung,baseline,40000,86,83,83,0.011882379062332702
lung,baseline,40000,86,83,83,0.014041225690864906
lung,baseline,40000,86,82,82,0.014252113925173665
lung,baseline,40000,86,82,82,0.019956770305931723
lung,baseline,40000,86,82,82,0.026347179700043882
lung,baseline,40000,86,79,79,0.031321762666235514
lung,baseline,40000,86,85,85,0.11387891332367676
lung,baseline,40000,86,85,85,0.11482095137925627
lung,baseline,40000,86,85,85,0.09776489255829236
lung,baseline,40000,86,85,85,0.2151320158594138
lung,baseline,40000,86,85,85,0.2531394338131026
lung,baseline,40000,86,80,80,0.27989932515080607
lung,baseline,40000,86,85,85,0.26671543956549665
lung,baseline,40000,86,85,85,0.22778649713944843
lung,baseline,40000,86,80,80,0.2024641425223407
lung,baseline,40000,86,83,83,0.22988089941444814
lung,baseline,40000,86,83,83,0.2022729281278024
lung,baseline,40000,86,80,80,0.23684095923058351
lung,baseline,40000,86,80,80,0.22982943970539033
lung,baseline,40000,86,79,79,0.14384312533591634
lung,baseline,40000,86,85,85,0.28133146960738004
lung,baseline,40000,86,85,85,0.007686478442223761
lung,baseline,40000,86,85,85,0.22352232419534518
lung,baseline,40000,86,82,82,0.12139156516250094
lung,baseline,40000,86,85,85,0.22378293238814168
lung,baseline,40000,86,85,85,0.26522249216903715
lung,baseline,40000,86,81,81,0.17162626838876477
lung,baseline,40000,86,27,27,0.4026465224177699
lung,baseline,40000,86,85,85,0.26878931447172627
lung,baseline,40000,86,85,85,0.16564881363077366
lung,baseline,40000,86,84,84,0.15776884126434576
lung,baseline,40000,86,81,81,0.22875597770593425
lung,baseline,40000,86,80,80,0.21319746243863805
lung,baseline,40000,86,37,37,0.20253217550509284
lung,baseline,40000,86,34,34,0.19754609372674695
lung,baseline,40000,86,84,84,0.287042602113423
lung,baseline,40000,86,84,84,0.1399095198061683
lung,baseline,40000,86,79,79,0.2796292959379325
lung,baseline,40000,86,79,79,0.28556627519749744
lung,baseline,40000,86,85,85,0.09871479888396772
lung,baseline,40000,86,85,85,0.10023706144856455
lung,baseline,40000,86,85,85,0.011557815601301322
lung,baseline,40000,86,85,85,0.010037999695115322
lung,baseline,40000,86,85,85,0.040925660455281156
lung,baseline,40000,86,85,85,0.009459536026224277
lung,baseline,40000,86,85,85,0.20160691927997923
lung,baseline,40000,86,83,83,0.007759482385800035
lung,baseline,40000,86,82,82,0.032974568109225486
lung,baseline,40000,86,85,85,0.12085982967746155
lung,baseline,40000,86,85,85,0.29671484030904954
lung,baseline,40000,86,85,85,0.2612723871729671
lung,baseline,40000,86,34,34,0.15923176462231725
lung,baseline,40000,86,85,85,0.026561218077994234
lung,baseline,40000,86,85,85,0.15642240307370978
lung,baseline,40000,86,85,85,0.08624365445794593
lung,baseline,40000,86,85,85,0.02735566990527114
lung,baseline,40000,86,85,85,0.006172486814452826
lung,baseline,40000,86,85,85,0.10293456850166055
lung,baseline,40000,86,85,85,0.018963575502106065
lung,baseline,40000,86,85,85,0.008446628473838105
lung,baseline,40000,86,84,84,0.015184643740698016
lung,baseline,40000,86,84,84,0.007837032544536207
lung,baseline,40000,86,83,83,0.059256860773604286
lung,baseline,40000,86,82,82,0.023280721894553432
lung,baseline,40000,86,82,82,0.03695665078037242
lung,baseline,40000,86,82,82,0.13429792858664902
lung,baseline,40000,86,80,80,0.024943346995851223
lung,baseline,40000,86,79,79,0.02242424267656119
lung,baseline,40000,86,85,85,0.11394811765417896
lung,baseline,40000,86,84,84,0.2379450253138884
lung,baseline,40000,86,80,80,0.23923590012408527
lung,baseline,40000,86,78,78,0.22622213542520947
lung,baseline,40000,86,78,78,0.22655611461432373
lung,baseline,40000,86,73,73,0.25980761659386237
lung,baseline,40000,86,85,85,0.06613824295113996
lung,baseline,40000,86,85,85,0.10310659732429708
lung,baseline,40000,86,85,85,0.13034792525159936
lung,baseline,40000,86,85,85,0.0658010829431065
lung,baseline,40000,86,85,85,0.2129575938563559
lung,baseline,40000,86,85,85,0.27069938346594713
lung,baseline,40000,86,84,84,0.004391969790573562
lung,baseline,40000,86,81,81,0.14080346061926222
lung,baseline,40000,86,80,80,0.19067040153108042
lung,baseline,40000,86,85,85,0.11107354200384961
lung,baseline,40000,86,85,85,0.33034766444392516
lung,baseline,40000,86,81,81,0.19437755887835256
lung,baseline,40000,86,41,41,0.16462913513139704
lung,baseline,40000,86,78,78,0.34578035716277317
lung,baseline,40000,86,76,76,0.33198432678416556
lung,baseline,40000,86,71,71,0.20440425668809736
lung,baseline,40000,86,70,70,0.34463260597696005
lung,baseline,40000,86,69,69,0.21098980797364086
lung,baseline,40000,86,41,41,0.18026367453386546
lung,baseline,40000,86,80,80,0.12962864184541353
lung,baseline,40000,86,62,62,0.08251295906993837
lung,baseline,40000,86,85,85,0.0597977403056715
lung,baseline,40000,86,85,85,0.21937102935389965
lung,baseline,40000,86,85,85,0.191826426470874
lung,baseline,40000,86,82,82,0.1836441966299614
lung,baseline,40000,86,82,82,0.0396097126814287
lung,baseline,40000,86,81,81,0.1947635608224923
lung,baseline,40000,86,80,80,0.06800287672586705
lung,baseline,40000,86,85,85,0.23184284648395506
lung,baseline,40000,86,84,84,0.25504774601711416
lung,baseline,40000,86,84,84,0.2347839606061746
lung,baseline,40000,86,81,81,0.23901756471033725
lung,baseline,40000,86,80,80,0.12738342304306247
lung,baseline,40000,86,85,85,0.03760177746155563
lung,baseline,40000,86,85,85,0.08167852548850493
lung,baseline,40000,86,85,85,0.2322119344161121
lung,baseline,40000,86,85,85,0.0075677433095585125
lung,baseline,40000,86,85,85,0.1043981500279387
lung,baseline,40000,86,85,85,0.028633441481033476
lung,baseline,40000,86,82,82,0.040421893689105697
lung,baseline,40000,86,81,81,0.10602634384425981
lung,baseline,40000,86,14,14,0.3388890120453794
lung,baseline,40000,86,85,85,0.28738638202578354
lung,baseline,40000,86,85,85,0.10077913018921913
lung,baseline,40000,86,81,81,0.16167396728169592
lung,baseline,40000,86,80,80,0.22538151333077233
lung,baseline,40000,86,85,85,0.21425867288302736
lung,baseline,40000,86,85,85,0.24666980234446415
lung,baseline,40000,86,81,81,0.18077925905792083
lung,baseline,40000,86,85,85,0.22449537081684867
lung,baseline,40000,86,84,84,0.03772213906114237
lung,baseline,40000,86,83,83,0.26614295436919294
lung,baseline,40000,86,83,83,0.27121446680793565
lung,baseline,40000,86,79,79,0.2637142583015966
lung,baseline,40000,86,85,85,0.024230182177894105
lung,baseline,40000,86,84,84,0.008968304700199955
lung,baseline,40000,86,84,84,0.028212873241748985
lung,baseline,40000,86,83,83,0.020893367926004065
lung,baseline,40000,86,83,83,0.01295764012792164
lung,baseline,40000,86,84,84,0.2640148975026293
lung,baseline,40000,86,84,84,0.27221202811175715
lung,baseline,40000,86,83,83,0.21417786757506482
lung,baseline,40000,86,82,82,0.10192891037533895
lung,baseline,40000,86,80,80,0.27306508369516846
lung,baseline,40000,86,79,79,0.28357059832611214
lung,baseline,40000,86,79,79,0.23729787080896775
lung,baseline,40000,86,77,77,0.208077840224436
lung,baseline,40000,86,76,76,0.21625171270516158
lung,baseline,40000,86,84,84,0.19540678324273678
lung,baseline,40000,86,83,83,0.20058977174565892
lung,baseline,40000,86,80,80,0.0936096522372445
lung,baseline,40000,86,78,78,0.22701232506377694
lung,baseline,40000,86,77,77,0.2154134382947076
lung,baseline,40000,86,76,76,0.19351201422036415
lung,baseline,40000,86,75,75,0.200149530951635
lung,baseline,40000,86,70,70,0.20133340230962615
lung,baseline,40000,86,68,68,0.15939067259657777
lung,baseline,40000,86,85,85,0.01392901491134836
lung,baseline,40000,86,85,85,0.17058804696024024
lung,baseline,40000,86,62,62,0.13256036393398546
lung,baseline,40000,86,19,19,0.47640106294477036
lung,baseline,40000,86,84,84,0.23996482077037767
lung,baseline,40000,86,81,81,0.16981506537333754
lung,baseline,40000,86,81,81,0.22461613289756757
lung,baseline,40000,86,85,85,0.2429116321524913
lung,baseline,40000,86,85,85,0.22454738961908535
lung,baseline,40000,86,82,82,0.06334161863787578
lung,baseline,40000,86,82,82,0.11680425150441898
lung,baseline,40000,86,80,80,0.20876817007836515
lung,baseline,40000,86,85,85,0.057412827717866106
lung,baseline,40000,86,85,85,0.01849151346579268
lung,baseline,40000,86,85,85,0.009619016685035961
lung,baseline,40000,86,85,85,0.08987033023823159
lung,baseline,40000,86,85,85,0.013843067051044256
lung,baseline,40000,86,85,85,0.18659053950928822
lung,baseline,40000,86,85,85,0.09882765380315636
lung,baseline,40000,86,85,85,0.006123846646828377
lung,baseline,40000,86,83,83,0.02740560348694927
lung,baseline,40000,86,82,82,0.10456215360350625
lung,baseline,40000,86,82,82,0.028104290514765505
lung,baseline,40000,86,79,79,0.01803677817325596
lung,baseline,40000,86,85,85,0.21334398362924578
lung,baseline,40000,86,85,85,0.09620420706856771
lung,baseline,40000,86,84,84,0.02075719829435175
lung,baseline,40000,86,81,81,0.1478348769403272
lung,baseline,40000,86,80,80,0.16500502660104194
lung,baseline,40000,86,85,85,0.12977502479069666
lung,baseline,40000,86,85,85,0.07749213782455416
lung,baseline,40000,86,85,85,0.31011258248069873
lung,baseline,40000,86,85,85,0.1096885099763866
lung,baseline,40000,86,81,81,0.2283138857172583
lung,baseline,40000,86,85,85,0.11343894865591819
lung,baseline,40000,86,85,85,0.21041064621970182
lung,baseline,40000,86,85,85,0.10787364988828664
lung,baseline,40000,86,82,82,0.039233616578044424
lung,baseline,40000,86,82,82,0.026160526009048838
lung,baseline,40000,86,85,85,0.23363923818271354
lung,baseline,40000,86,84,84,0.23960648228252174
lung,baseline,40000,86,81,81,0.0864561057768063
lung,baseline,40000,86,79,79,0.17553971898009527
lung,baseline,40000,86,79,79,0.22182875878910036
lung,baseline,40000,86,85,85,0.15050293300853115
lung,baseline,40000,86,85,85,0.22515734186129216
lung,baseline,40000,86,85,85,0.26650159084743774
lung,baseline,40000,86,84,84,0.03768870688195744
lung,baseline,40000,86,81,81,0.16960263016219873
lung,baseline,40000,86,14,14,0.24286133065232499
lung,baseline,40000,86,70,70,0.27442416123753793
lung,baseline,40000,86,44,44,0.24774561278888815
lung,baseline,40000,86,40,40,0.23982101443503478
lung,baseline,40000,86,28,28,0.3826651389667911
lung,baseline,40000,86,85,85,0.2950818459065044
lung,baseline,40000,86,85,85,0.26274523878736955
lung,baseline,40000,86,81,81,0.19376173409572703
lung,baseline,40000,86,85,85,0.20973540955208303
lung,baseline,40000,86,85,85,0.22064685078534715
lung,baseline,40000,86,85,85,0.2503836702039873
lung,baseline,40000,86,85,85,0.004538447931545266
lung,baseline,40000,86,81,81,0.21478268882614746
lung,baseline,40000,86,80,80,0.16787301405640856
lung,baseline,40000,86,37,37,0.2021949615991233
lung,baseline,40000,86,36,36,0.16787570992168413
lung,baseline,40000,86,34,34,0.19518799707993895
lung,baseline,40000,86,85,85,0.3016643250021459
lung,baseline,40000,86,81,81,0.2697341971609624
lung,baseline,40000,86,80,80,0.2633016066984662
lung,baseline,40000,86,41,41,0.21612651067106795
lung,baseline,40000,86,85,85,0.13910819276139597
lung,baseline,40000,86,85,85,0.28342843294010434
lung,baseline,40000,86,82,82,0.21175988284283342
lung,baseline,40000,86,81,81,0.2266686649832967
lung,baseline,40000,86,84,84,0.29212831373974596
lung,baseline,40000,86,84,84,0.2556286150465941
lung,baseline,40000,86,82,82,0.2768493156936825
lung,baseline,40000,86,78,78,0.29223605347332465
lung,baseline,40000,86,74,74,0.2336457178797046
lung,baseline,40000,86,85,85,0.31688361040691504
lung,baseline,40000,86,83,83,0.17781306752107903
lung,baseline,40000,86,81,81,0.2316658089823464
lung,baseline,40000,86,80,80,0.24877441130001926
lung,baseline,40000,86,41,41,0.17953907984614675
lung,baseline,40000,86,85,85,0.08134219297412469
lung,baseline,40000,86,85,85,0.16181140745145914
lung,baseline,40000,86,85,85,0.3245228217450535
lung,baseline,40000,86,85,85,0.12129885983313951
lung,baseline,40000,86,83,83,0.040528110775845005
lung,baseline,40000,86,83,83,0.15201066529195992
lung,baseline,40000,86,82,82,0.2253268990860113
lung,baseline,40000,86,81,81,0.021530526606011246
lung,baseline,40000,86,85,85,0.13839107518448393
lung,baseline,40000,86,85,85,0.03895755635502488
lung,baseline,40000,86,83,83,0.018776794245339207
lung,baseline,40000,86,79,79,0.02852328797088111
lung,baseline,40000,86,85,85,0.2058865715327659
lung,baseline,40000,86,84,84,0.20946857475964847
lung,baseline,40000,86,84,84,0.2572432673803892
lung,baseline,40000,86,79,79,0.24179194437729878
lung,baseline,40000,86,77,77,0.23249861042047615
lung,baseline,40000,86,85,85,0.3343478989762223
lung,baseline,40000,86,75,75,0.2684376769571192
lung,baseline,40000,86,58,58,0.2525857017041139
lung,baseline,40000,86,58,58,0.27987297918512044
lung,baseline,40000,86,57,57,0.2776306451678667
lung,baseline,40000,86,57,57,0.25923114477542036
lung,baseline,40000,86,52,52,0.2319463073587737
lung,baseline,40000,86,44,44,0.19410870542362596
lung,baseline,40000,86,40,40,0.21868091421778502
lung,baseline,40000,86,83,83,0.05641621504233473
lung,baseline,40000,86,81,81,0.2399393362276216
lung,baseline,40000,86,80,80,0.2847169318608297
lung,baseline,40000,86,85,85,0.026744626639598233
lung,baseline,40000,86,84,84,0.2942895586130575
lung,baseline,40000,86,82,82,0.21678374412612117
lung,baseline,40000,86,80,80,0.2209134859765114
lung,baseline,40000,86,76,76,0.2716219570963286
lung,baseline,40000,86,75,75,0.2610998357065137
lung,baseline,40000,86,75,75,0.2629123967212661
lung,baseline,40000,86,74,74,0.21329470138264228
lung,baseline,40000,86,34,34,0.16801121092121274
lung,baseline,40000,86,85,85,0.0024362266780642195
lung,baseline,40000,86,85,85,0.04810792114312321
lung,baseline,40000,86,85,85,0.2462521548167814
lung,baseline,40000,86,85,85,0.17448855645929592
lung,baseline,40000,86,85,85,0.06846760159419223
lung,baseline,40000,86,81,81,0.20165902110169948
lung,baseline,40000,86,85,85,0.22025452981858928
lung,baseline,40000,86,85,85,0.262634919458907
lung,baseline,40000,86,81,81,0.20750784556631977
lung,baseline,40000,86,80,80,0.20402762949955075
lung,baseline,40000,86,84,84,0.07230647540720478
lung,baseline,40000,86,80,80,0.18642299691709105
lung,baseline,40000,86,80,80,0.1474275749664443
lung,baseline,40000,86,79,79,0.04002612074077138
lung,baseline,40000,86,77,77,0.151131569625113
lung,baseline,40000,86,85,85,0.1496469188270893
lung,baseline,40000,86,85,85,0.12293548827538321
lung,baseline,40000,86,85,85,0.16882614957889833
lung,baseline,40000,86,80,80,0.21056597493027485
lung,baseline,40000,86,85,85,0.22836203424676524
lung,baseline,40000,86,85,85,0.3020693554704035
lung,baseline,40000,86,82,82,0.12360936198887147
lung,baseline,40000,86,81,81,0.19588917417868404
lung,baseline,40000,86,84,84,0.10083127399445639
lung,baseline,40000,86,82,82,0.27034377470819676
lung,baseline,40000,86,80,80,0.21176029298101576
lung,baseline,40000,86,79,79,0.2547775788957985
lung,baseline,40000,86,79,79,0.25428430709838507
lung,baseline,40000,86,79,79,0.25791250826778755
lung,baseline,40000,86,79,79,0.263267971525837
lung,baseline,40000,86,79,79,0.25046928409474195
lung,baseline,40000,86,76,76,0.2528392050055734
lung,baseline,40000,86,84,84,0.1769721398420938
lung,baseline,40000,86,84,84,0.10503387247503085
lung,baseline,40000,86,79,79,0.208472431319647
lung,baseline,40000,86,79,79,0.20930108593010147
lung,baseline,40000,86,77,77,0.19653969991378062
lung,baseline,40000,86,85,85,0.09374104011923068
lung,baseline,40000,86,85,85,0.20626347019848285
lung,baseline,40000,86,83,83,0.012553306998593966
lung,baseline,40000,86,80,80,0.16171188446926205
lung,baseline,40000,86,85,85,0.2694818008799193
lung,baseline,40000,86,84,84,0.21178510501026834
lung,baseline,40000,86,84,84,0.27251111280765905
lung,baseline,40000,86,81,81,0.06272443422103047
lung,baseline,40000,86,80,80,0.16716936400804816
lung,baseline,40000,86,85,85,0.1478553492684212
lung,baseline,40000,86,85,85,0.06427549508165083
lung,baseline,40000,86,84,84,0.014731970694149716
lung,baseline,40000,86,82,82,0.01802167759705529
lung,baseline,40000,86,82,82,0.09862123994405396
lung,baseline,40000,86,84,84,0.1607393569370158
lung,baseline,40000,86,84,84,0.07718583408314109
lung,baseline,40000,86,84,84,0.13281492013666654
lung,baseline,40000,86,82,82,0.06338414603762163
lung,baseline,40000,86,82,82,0.13157309316045723
lung,baseline,40000,86,82,82,0.016907661781216443
lung,baseline,40000,86,81,81,0.15346568764343024
lung,baseline,40000,86,79,79,0.04709827303755059
lung,baseline,40000,86,79,79,0.19506601006020058
lung,baseline,40000,86,85,85,0.25791253255378754
lung,baseline,40000,86,85,85,0.23197992591686498
lung,baseline,40000,86,85,85,0.015899307227737587
lung,baseline,40000,86,82,82,0.21236979207265297
lung,baseline,40000,86,80,80,0.24084124387660993
lung,baseline,40000,86,79,79,0.24007239543878137
lung,baseline,40000,86,78,78,0.01629629185920268
lung,baseline,40000,86,75,75,0.2651077593369635
lung,baseline,40000,86,85,85,0.07369120604096663
lung,baseline,40000,86,85,85,0.26370796650199085
lung,baseline,40000,86,85,85,0.1966230925325102
lung,baseline,40000,86,85,85,0.07124823908680374
lung,baseline,40000,86,84,84,0.12374725084441884
lung,baseline,40000,86,81,81,0.16275261776679473
lung,baseline,40000,86,85,85,0.03591289392030653
lung,baseline,40000,86,85,85,0.016795860482677293
lung,baseline,40000,86,85,85,0.06371902867144286
lung,baseline,40000,86,85,85,0.13822762244372944
lung,baseline,40000,86,81,81,0.14995581653097295
lung,baseline,40000,86,80,80,0.15138136391186205
lung,baseline,40000,86,77,77,0.022122561735871543
lung,baseline,40000,86,34,34,0.05790770819581356
lung,baseline,40000,86,85,85,0.1300242524476002
lung,baseline,40000,86,84,84,0.005104106711247852
lung,baseline,40000,86,81,81,0.1550115187776335
lung,baseline,40000,86,76,76,0.06657794352987705
lung,baseline,40000,86,85,85,0.18202583349429313
lung,baseline,40000,86,84,84,0.10830046555099376
lung,baseline,40000,86,75,75,0.18548650730239152
lung,baseline,40000,86,14,14,0.20849459582238866
lung,baseline,40000,86,85,85,0.004451754874765944
lung,baseline,40000,86,85,85,0.14287963554034036
lung,baseline,40000,86,85,85,0.012037507742025555
lung,baseline,40000,86,85,85,0.026068066831401736
lung,baseline,40000,86,85,85,0.051416541937774715
lung,baseline,40000,86,85,85,0.01869604437336293
lung,baseline,40000,86,85,85,0.053606769647127774
lung,baseline,40000,86,83,83,0.018231158345715853
lung,baseline,40000,86,83,83,0.017550631772949705
lung,baseline,40000,86,83,83,0.04464329580350703
lung,baseline,40000,86,82,82,0.033672625871101064
lung,baseline,40000,86,81,81,0.10818026974230116
lung,baseline,40000,86,79,79,0.018719286751030878
lung,baseline,40000,86,85,85,0.1456968139552781
lung,baseline,40000,86,85,85,0.22878304665148297
lung,baseline,40000,86,85,85,0.23986166030618003
lung,baseline,40000,86,82,82,0.16208817221219213
lung,baseline,40000,86,85,85,0.21196119345667583
lung,baseline,40000,86,85,85,0.057439106555542706
lung,baseline,40000,86,85,85,0.26329080469742694
lung,baseline,40000,86,84,84,0.014439406186358597
lung,baseline,40000,86,82,82,0.1280076752666096
lung,baseline,40000,86,81,81,0.22898997981854663
lung,baseline,40000,86,85,85,0.023770273924129955
lung,baseline,40000,86,85,85,0.0112456409035555
lung,baseline,40000,86,85,85,0.09160508568725582
lung,baseline,40000,86,85,85,0.012717108087138575
lung,baseline,40000,86,85,85,0.031794058201894695
lung,baseline,40000,86,85,85,0.015353504613695652
lung,baseline,40000,86,85,85,0.027117042771927533
lung,baseline,40000,86,85,85,0.09896928044135699
lung,baseline,40000,86,85,85,0.10969050291688637
lung,baseline,40000,86,84,84,0.013962387872910688
lung,baseline,40000,86,84,84,0.02348021448171158
lung,baseline,40000,86,83,83,0.0141963687871757
lung,baseline,40000,86,83,83,0.046836720229620085
lung,baseline,40000,86,83,83,0.014746426823770462
lung,baseline,40000,86,79,79,0.018762308982155505
lung,baseline,40000,86,85,85,0.09210769399020861
lung,baseline,40000,86,85,85,0.029903255185542547
lung,baseline,40000,86,85,85,0.2096683168777138
lung,baseline,40000,86,85,85,0.07965035477458769
lung,baseline,40000,86,84,84,0.029380438962215323
lung,baseline,40000,86,83,83,0.07142840279344925
lung,baseline,40000,86,82,82,0.03148021055787201
lung,baseline,40000,86,82,82,0.08930757608263729
lung,baseline,40000,86,82,82,0.09442820967722779
lung,baseline,40000,86,84,84,0.2552701874741718
lung,baseline,40000,86,83,83,0.2184567527866522
lung,baseline,40000,86,81,81,0.2640137316920293
lung,baseline,40000,86,76,76,0.26920693432419884
lung,baseline,40000,86,75,75,0.2355640035607598
lung,baseline,40000,86,74,74,0.23837076774021387
lung,baseline,40000,86,66,66,0.24214094847977666
lung,baseline,40000,86,63,63,0.22985784439265863
lung,baseline,40000,86,85,85,0.10874722902406612
lung,baseline,40000,86,85,85,0.22901573099669853
lung,baseline,40000,86,85,85,0.24356385191257082
lung,baseline,40000,86,82,82,0.049834620076017744
lung,baseline,40000,86,82,82,0.17080746709197378
lung,baseline,40000,86,81,81,0.19396293518072638
lung,baseline,40000,86,85,85,0.11277201972004688
lung,baseline,40000,86,84,84,0.2163187601433082
lung,baseline,40000,86,82,82,0.19441672572263616
lung,baseline,40000,86,80,80,0.16157894360335429
lung,baseline,40000,86,81,81,0.25787134080754925
lung,baseline,40000,86,81,81,0.23602599330613533
lung,baseline,40000,86,79,79,0.2400052422452185
lung,baseline,40000,86,74,74,0.12065139251491921
lung,baseline,40000,86,69,69,0.29185138514977244
lung,baseline,40000,86,84,84,0.3151399513904489
lung,baseline,40000,86,81,81,0.22987975062511504
lung,baseline,40000,86,41,41,0.21032490700579118
lung,baseline,40000,86,85,85,0.1300966695135821
lung,baseline,40000,86,83,83,0.10476171750100911
lung,baseline,40000,86,81,81,0.14635343007345322
lung,baseline,40000,86,75,75,0.15776120319915218
lung,baseline,40000,86,75,75,0.15140249463588137
lung,baseline,40000,86,74,74,0.08835820288094291
lung,baseline,40000,86,64,64,0.04966834684834991
lung,baseline,40000,86,85,85,0.18615547290724188
lung,baseline,40000,86,81,81,0.1668108351234517
lung,baseline,40000,86,80,80,0.13543700000479392
lung,baseline,40000,86,82,82,0.0599966199874838
lung,baseline,40000,86,82,82,0.014003730235452073
lung,baseline,40000,86,80,80,0.14298691649308087
lung,baseline,40000,86,79,79,0.043849772044693015
lung,baseline,40000,86,34,34,0.1521066548776288
lung,baseline,40000,86,85,85,0.2626002132075249
lung,baseline,40000,86,81,81,0.20694827582944283
lung,baseline,40000,86,85,85,0.19740310923639925
lung,baseline,40000,86,85,85,0.004702817623961475
lung,baseline,40000,86,85,85,0.08468325266605096
lung,baseline,40000,86,85,85,0.013227617236718933
lung,baseline,40000,86,84,84,0.007263405027399493
lung,baseline,40000,86,81,81,0.12616494040822407
lung,baseline,40000,86,81,81,0.019014235056408993
lung,baseline,40000,86,85,85,0.0873610863039186
lung,baseline,40000,86,85,85,0.2670632207114388
lung,baseline,40000,86,85,85,0.007616639417338667
lung,baseline,40000,86,85,85,0.13227193969776846
lung,baseline,40000,86,83,83,0.015103419936126105
lung,baseline,40000,86,83,83,0.03573082488860413
lung,baseline,40000,86,85,85,0.25374108341671797
lung,baseline,40000,86,85,85,0.29908658131740146
lung,baseline,40000,86,82,82,0.2462676900551533
lung,baseline,40000,86,81,81,0.24407765223581931
lung,baseline,40000,86,85,85,0.257346373755679
lung,baseline,40000,86,85,85,0.2631458191271619
lung,baseline,40000,86,77,77,0.15948392294902744
lung,baseline,40000,86,14,14,0.26897354878599905
lung,baseline,40000,86,78,78,0.13051125462878138
lung,baseline,40000,86,85,85,0.12825331318286665
lung,baseline,40000,86,85,85,0.13680953511343022
lung,baseline,40000,86,85,85,0.01823883008448395
lung,baseline,40000,86,83,83,0.01418935527142114
lung,baseline,40000,86,77,77,0.020502746654276434
lung,baseline,40000,86,85,85,0.2170390010442622
lung,baseline,40000,86,80,80,0.1527352170462329
lung,baseline,40000,87,86,86,0.020231122239980356
lung,baseline,40000,87,86,86,0.27137380870660044
lung,baseline,40000,87,85,85,0.19500362983534125
lung,baseline,40000,87,71,71,0.30339519831766354
lung,baseline,40000,87,63,63,0.2486761460967935
lung,baseline,40000,87,14,14,0.20420239037989377
lung,baseline,40000,87,86,86,0.005491257424458955
lung,baseline,40000,87,86,86,0.21026841896680962
lung,baseline,40000,87,86,86,0.011544979743725453
lung,baseline,40000,87,86,86,0.0941996928434392
lung,baseline,40000,87,86,86,0.1095137548514652
lung,baseline,40000,87,86,86,0.04940094792142568
lung,baseline,40000,87,86,86,0.11178994698421206
lung,baseline,40000,87,86,86,0.010894633849497662
lung,baseline,40000,87,86,86,0.010631558794240709
lung,baseline,40000,87,86,86,0.010660247714419042
lung,baseline,40000,87,86,86,0.007488156643817203
lung,baseline,40000,87,86,86,0.011158495499132459
lung,baseline,40000,87,85,85,0.025972996665755487
lung,baseline,40000,87,85,85,0.021489652695994323
lung,baseline,40000,87,84,84,0.018160469404409244
lung,baseline,40000,87,84,84,0.008222244188247223
lung,baseline,40000,87,84,84,0.03566277194488724
lung,baseline,40000,87,83,83,0.03824147099705108
lung,baseline,40000,87,80,80,0.024485175028337525
lung,baseline,40000,87,86,86,0.1133865497737267
lung,baseline,40000,87,84,84,0.07257861159129828
lung,baseline,40000,87,82,82,0.012241462227695735
lung,baseline,40000,87,80,80,0.19672939635013148
lung,baseline,40000,87,37,37,0.25873311795799464
lung,baseline,40000,87,34,34,0.2923098844835596
lung,baseline,40000,87,86,86,0.15162318655077417
lung,baseline,40000,87,86,86,0.02121379673183417
lung,baseline,40000,87,86,86,0.2668676856211804
lung,baseline,40000,87,84,84,0.04831267731797767
lung,baseline,40000,87,82,82,0.1903969890534943
lung,baseline,40000,87,82,82,0.22511225882324373
lung,baseline,40000,87,80,80,0.2457656924301191
lung,baseline,40000,87,79,79,0.3129211996109186
lung,baseline,40000,87,77,77,0.2748772549270163
lung,baseline,40000,87,76,76,0.29206627381314226
lung,baseline,40000,87,73,73,0.268572099254767
lung,baseline,40000,87,73,73,0.283717754192646
lung,baseline,40000,87,73,73,0.29467026515975486
lung,baseline,40000,87,71,71,0.2397577648802784
lung,baseline,40000,87,66,66,0.23058216568968185
lung,baseline,40000,87,64,64,0.26579975726165417
lung,baseline,40000,87,41,41,0.17853817170662353
lung,baseline,40000,87,86,86,0.20738558181209354
lung,baseline,40000,87,86,86,0.27663063850770825
lung,baseline,40000,87,82,82,0.15093244949791795
lung,baseline,40000,87,82,82,0.16885437087995564
lung,baseline,40000,87,86,86,0.15583400317145876
lung,baseline,40000,87,86,86,0.20690577430868629
lung,baseline,40000,87,85,85,0.11089974865916144
lung,baseline,40000,87,82,82,0.22542907389296019
lung,baseline,40000,87,81,81,0.24267529466512947
lung,baseline,40000,87,86,86,0.21945196164783015
lung,baseline,40000,87,82,82,0.13118390579977166
lung,baseline,40000,87,81,81,0.2055575636849555
lung,baseline,40000,87,81,81,0.19054953321643997
lung,baseline,40000,87,80,80,0.14507495406502224
lung,baseline,40000,87,34,34,0.07154094675046474
lung,baseline,40000,87,36,36,0.15121434720384713
lung,baseline,40000,87,34,34,0.2585347137539
lung,baseline,40000,87,86,86,0.21495081083687528
lung,baseline,40000,87,81,81,0.23847306500125717
lung,baseline,40000,87,73,73,0.10452807414938975
lung,baseline,40000,87,73,73,0.12404528156228793
lung,baseline,40000,87,69,69,0.19307031788233453
lung,baseline,40000,87,68,68,0.2668927032110292
lung,baseline,40000,87,86,86,0.2779600447678585
lung,baseline,40000,87,86,86,0.22383754800324518
lung,baseline,40000,87,84,84,0.13239304143816646
lung,baseline,40000,87,83,83,0.11130448309891842
lung,baseline,40000,87,81,81,0.1956803481413186
lung,baseline,40000,87,43,43,0.1534759082345178
lung,baseline,40000,87,39,39,0.14686413476637494
lung,baseline,40000,87,86,86,0.31264635926324347
lung,baseline,40000,87,86,86,0.25239868513595703
lung,baseline,40000,87,86,86,0.08762725002075776
lung,baseline,40000,87,86,86,0.13251579541802294
lung,baseline,40000,87,82,82,0.1740169462247062
lung,baseline,40000,87,86,86,0.27321743075558996
lung,baseline,40000,87,86,86,0.1065099644994246
lung,baseline,40000,87,85,85,0.2447997237882406
lung,baseline,40000,87,85,85,0.046048391718513125
lung,baseline,40000,87,84,84,0.23457665772602646
lung,baseline,40000,87,83,83,0.24917136687933175
lung,baseline,40000,87,82,82,0.029434613590142298
lung,baseline,40000,87,86,86,0.014669692562047162
lung,baseline,40000,87,86,86,0.25361623014380025
lung,baseline,40000,87,85,85,0.08580432356793516
lung,baseline,40000,87,81,81,0.1568570222405951
lung,baseline,40000,87,86,86,0.24157188996882634
lung,baseline,40000,87,86,86,0.048956717374390835
lung,baseline,40000,87,86,86,0.29733832846716246
lung,baseline,40000,87,86,86,0.10031346603603478
lung,baseline,40000,87,82,82,0.2560315151242739
lung,baseline,40000,87,34,34,0.19728312271672088
lung,baseline,40000,87,86,86,0.08327274765655442
lung,baseline,40000,87,86,86,0.21646824902786305
lung,baseline,40000,87,82,82,0.12266880196235179
lung,baseline,40000,87,43,43,0.15364050378270624
lung,baseline,40000,87,39,39,0.14135777256194318
lung,baseline,40000,87,78,78,0.227794239160285
lung,baseline,40000,87,56,56,0.3106516271176559
lung,baseline,40000,87,43,43,0.31404406468586876
lung,baseline,40000,87,39,39,0.3216456375975629
lung,baseline,40000,87,37,37,0.2852958527483735
lung,baseline,40000,87,86,86,0.10787831577090866
lung,baseline,40000,87,86,86,0.3241368098827804
lung,baseline,40000,87,86,86,0.11335247314754131
lung,baseline,40000,87,86,86,0.0059379187738155745
lung,baseline,40000,87,85,85,0.043802030521010234
lung,baseline,40000,87,84,84,0.08866371821933004
lung,baseline,40000,87,85,85,0.2634563744711579
lung,baseline,40000,87,84,84,0.15255587473448448
lung,baseline,40000,87,84,84,0.29727413879007764
lung,baseline,40000,87,81,81,0.2788565619469835
lung,baseline,40000,87,79,79,0.28137575535749887
lung,baseline,40000,87,78,78,0.24876777269995434
lung,baseline,40000,87,74,74,0.15970555414040158
lung,baseline,40000,87,73,73,0.26486212411329807
lung,baseline,40000,87,64,64,0.2661224314041872
lung,baseline,40000,87,86,86,0.23944371678429735
lung,baseline,40000,87,86,86,0.05714339986293801
lung,baseline,40000,87,85,85,0.1572801506354972
lung,baseline,40000,87,81,81,0.19424900442254203
lung,baseline,40000,87,81,81,0.15832289519938425
lung,baseline,40000,87,86,86,0.24239397246926123
lung,baseline,40000,87,86,86,0.2732220702246236
lung,baseline,40000,87,86,86,0.059476242108583315
lung,baseline,40000,87,82,82,0.08869747776785321
lung,baseline,40000,87,14,14,0.23915267099544663
lung,baseline,40000,87,86,86,0.2665614503175333
lung,baseline,40000,87,86,86,0.20085056615430602
lung,baseline,40000,87,82,82,0.15209889767554743
lung,baseline,40000,87,82,82,0.1596410232295876
lung,baseline,40000,87,34,34,0.060724662441566137
lung,baseline,40000,87,86,86,0.22044388716458563
lung,baseline,40000,87,86,86,0.0954704204042943
lung,baseline,40000,87,86,86,0.01849772697446804
lung,baseline,40000,87,86,86,0.22881399537239167
lung,baseline,40000,87,83,83,0.21406226246080803
lung,baseline,40000,87,83,83,0.04602859450566206
lung,baseline,40000,87,80,80,0.10505850402041172
lung,baseline,40000,87,75,75,0.020567573635220025
lung,baseline,40000,87,86,86,0.09586071077308866
lung,baseline,40000,87,86,86,0.25351813452440225
lung,baseline,40000,87,86,86,0.2975914668525626
lung,baseline,40000,87,83,83,0.03379575694329606
lung,baseline,40000,87,83,83,0.20137864834200106
lung,baseline,40000,87,86,86,0.25059895943102456
lung,baseline,40000,87,86,86,0.2916144693018583
lung,baseline,40000,87,86,86,0.08743416952924336
lung,baseline,40000,87,86,86,0.020122952272661282
lung,baseline,40000,87,86,86,0.21526881179492321
lung,baseline,40000,87,86,86,0.16483646460266152
lung,baseline,40000,87,82,82,0.17302589598904625
lung,baseline,40000,87,80,80,0.10309703335968379
lung,baseline,40000,87,73,73,0.06340665807699505
lung,baseline,40000,87,73,73,0.090431405146906
lung,baseline,40000,87,34,34,0.1593157617374683
lung,baseline,40000,87,86,86,0.2892677552240496
lung,baseline,40000,87,85,85,0.14317207720845374
lung,baseline,40000,87,85,85,0.19059104255647233
lung,baseline,40000,87,85,85,0.10742113744143707
lung,baseline,40000,87,83,83,0.049918683020203046
lung,baseline,40000,87,83,83,0.1442012075252044
lung,baseline,40000,87,81,81,0.22835422050673793
lung,baseline,40000,87,82,82,0.14061170129920444
lung,baseline,40000,87,80,80,0.15473328911240733
lung,baseline,40000,87,78,78,0.15913241861471897
lung,baseline,40000,87,86,86,0.23926676605481897
lung,baseline,40000,87,85,85,0.2643279256855876
lung,baseline,40000,87,85,85,0.2737929755961441
lung,baseline,40000,87,85,85,0.08766641170874549
lung,baseline,40000,87,83,83,0.13843093226138714
lung,baseline,40000,87,81,81,0.17579045028789525
lung,baseline,40000,87,86,86,0.11708482160150667
lung,baseline,40000,87,86,86,0.009852475822968783
lung,baseline,40000,87,85,85,0.052832217180267524
lung,baseline,40000,87,85,85,0.07582515246845167
lung,baseline,40000,87,84,84,0.03515801768850871
lung,baseline,40000,87,33,33,0.05942332603200245
lung,baseline,40000,87,86,86,0.06612276807223684
lung,baseline,40000,87,86,86,0.2040873603795281
lung,baseline,40000,87,86,86,0.2525980686580281
lung,baseline,40000,87,86,86,0.09968154193456112
lung,baseline,40000,87,86,86,0.0008428517874126639
lung,baseline,40000,87,85,85,0.0702170772587292
lung,baseline,40000,87,83,83,0.10507889478946801
lung,baseline,40000,87,82,82,0.20484242372612713
lung,baseline,40000,87,81,81,0.14434317221465634
lung,baseline,40000,87,86,86,0.021958466354767406
lung,baseline,40000,87,85,85,0.2699462656864141
lung,baseline,40000,87,85,85,0.17963624668308706
lung,baseline,40000,87,84,84,0.12944579114562244
lung,baseline,40000,87,84,84,0.1759438106724224
lung,baseline,40000,87,84,84,0.10719108233907904
lung,baseline,40000,87,83,83,0.09107422248798201
lung,baseline,40000,87,81,81,0.1716307425292312
lung,baseline,40000,87,80,80,0.306527928472703
lung,baseline,40000,87,79,79,0.3089584601160399
lung,baseline,40000,87,86,86,0.03206726060393263
lung,baseline,40000,87,85,85,0.13817524006317752
lung,baseline,40000,87,86,86,0.2820123204254839
lung,baseline,40000,87,86,86,0.011924783936640974
lung,baseline,40000,87,86,86,0.006543267959171489
lung,baseline,40000,87,86,86,0.0683909746338426
lung,baseline,40000,87,86,86,0.01781002119693591
lung,baseline,40000,87,86,86,0.1321447029491781
lung,baseline,40000,87,86,86,0.10005791783565603
lung,baseline,40000,87,84,84,0.09227149071180507
lung,baseline,40000,87,83,83,0.09358292386466506
lung,baseline,40000,87,79,79,0.041255658379100044
lung,baseline,40000,87,85,85,0.2652314317465792
lung,baseline,40000,87,85,85,0.18546974118142698
lung,baseline,40000,87,85,85,0.25944505197048434
lung,baseline,40000,87,84,84,0.24873632824583156
lung,baseline,40000,87,80,80,0.2209467019817301
lung,baseline,40000,87,86,86,0.02033423516456338
lung,baseline,40000,87,86,86,0.05174191151641782
lung,baseline,40000,87,86,86,0.22507792128639814
lung,baseline,40000,87,86,86,0.12470741570951728
lung,baseline,40000,87,86,86,0.003791550808630876
lung,baseline,40000,87,86,86,0.25982924461658946
lung,baseline,40000,87,86,86,0.16651139692916367
lung,baseline,40000,87,85,85,0.031194799062716324
lung,baseline,40000,87,84,84,0.030668268669453762
lung,baseline,40000,87,83,83,0.11315265899206561
lung,baseline,40000,87,82,82,0.168651818934464
lung,baseline,40000,87,84,84,0.019742158075886737
lung,baseline,40000,87,86,86,0.27191655236452833
lung,baseline,40000,87,85,85,0.26952507898908257
lung,baseline,40000,87,85,85,0.0822106731489267
lung,baseline,40000,87,82,82,0.2523990715095085
lung,baseline,40000,87,82,82,0.14918127282680588
lung,baseline,40000,87,86,86,0.020873955901680164
lung,baseline,40000,87,86,86,0.047483694710898396
lung,baseline,40000,87,86,86,0.02247853104378679
lung,baseline,40000,87,86,86,0.23562452901196373
lung,baseline,40000,87,85,85,0.007989218739637212
lung,baseline,40000,87,83,83,0.00626520317529126
lung,baseline,40000,87,83,83,0.06356520037601683
lung,baseline,40000,87,81,81,0.06361299566959787
lung,baseline,40000,87,62,62,0.1316766640941224
lung,baseline,40000,87,34,34,0.19342814161392294
lung,baseline,40000,87,85,85,0.27515639390894897
lung,baseline,40000,87,85,85,0.2231591628615934
lung,baseline,40000,87,85,85,0.2787280386595704
lung,baseline,40000,87,85,85,0.07649969771436718
lung,baseline,40000,87,82,82,0.12972142344688292
lung,baseline,40000,87,81,81,0.21338223377658605
lung,baseline,40000,87,81,81,0.1910105258834155
lung,baseline,40000,87,81,81,0.23276914834618828
lung,baseline,40000,87,86,86,0.2305551465022071
lung,baseline,40000,87,86,86,0.23128911350266687
lung,baseline,40000,87,86,86,0.26390055022803344
lung,baseline,40000,87,83,83,0.0641841477315461
lung,baseline,40000,87,82,82,0.11199910155862322
lung,baseline,40000,87,37,37,0.26340850176025166
lung,baseline,40000,87,36,36,0.2298855470733058
lung,baseline,40000,87,34,34,0.24986395045298834
lung,baseline,40000,87,86,86,0.26650882920812485
lung,baseline,40000,87,85,85,0.23646068936669568
lung,baseline,40000,87,74,74,0.16626733782713876
lung,baseline,40000,87,69,69,0.2302761698973894
lung,baseline,40000,87,65,65,0.21558261225519237
lung,baseline,40000,87,37,37,0.13987913945775818
lung,baseline,40000,87,34,34,0.2064261599665649
lung,baseline,40000,87,33,33,0.06755521926160563
lung,baseline,40000,87,86,86,0.13972495093998727
lung,baseline,40000,87,86,86,0.2524895708949934
lung,baseline,40000,87,86,86,0.06736495660652263
lung,baseline,40000,87,86,86,0.10013411963762416
lung,baseline,40000,87,86,86,0.2092476793609451
lung,baseline,40000,87,86,86,0.018907980644037013
lung,baseline,40000,87,84,84,0.142986408209963
lung,baseline,40000,87,83,83,0.05865490601833364
lung,baseline,40000,87,83,83,0.11958509768871316
lung,baseline,40000,87,85,85,0.319927153927786
lung,baseline,40000,87,84,84,0.2826954815529772
lung,baseline,40000,87,82,82,0.23518733538920839
lung,baseline,40000,87,80,80,0.2806242758155254
lung,baseline,40000,87,80,80,0.22185911830920454
lung,baseline,40000,87,86,86,0.0040562477101834995
lung,baseline,40000,87,86,86,0.09995834776343011
lung,baseline,40000,87,86,86,0.21081979530353012
lung,baseline,40000,87,86,86,0.036683917656754696
lung,baseline,40000,87,85,85,0.09645271805828964
lung,baseline,40000,87,84,84,0.15016551489427873
lung,baseline,40000,87,82,82,0.14750328282563424
lung,baseline,40000,87,81,81,0.19807505022295024
lung,baseline,40000,87,86,86,0.0056908254561963394
lung,baseline,40000,87,86,86,0.09198177013834355
lung,baseline,40000,87,86,86,0.24238282050638557
lung,baseline,40000,87,86,86,0.2666414459768554
lung,baseline,40000,87,82,82,0.26416625944225686
lung,baseline,40000,87,86,86,0.15291034099342804
lung,baseline,40000,87,83,83,0.14406095354515194
lung,baseline,40000,87,81,81,0.2809001574328879
lung,baseline,40000,87,80,80,0.27868636502598515
lung,baseline,40000,87,76,76,0.2987444868812254
lung,baseline,40000,87,86,86,0.21581426790402722
lung,baseline,40000,87,78,78,0.24934030519925138
lung,baseline,40000,87,73,73,0.10636698816729255
lung,baseline,40000,87,73,73,0.11752029619901282
lung,baseline,40000,87,69,69,0.2465476411481927
lung,baseline,40000,87,69,69,0.19041345988891178
lung,baseline,40000,87,66,66,0.2752622365698536
lung,baseline,40000,87,63,63,0.2292804106086176
lung,baseline,40000,87,34,34,0.06216150041511117
lung,baseline,40000,87,34,34,0.19955571709234596
lung,baseline,40000,87,86,86,0.1016705719462989
lung,baseline,40000,87,85,85,0.005622762638912914
lung,baseline,40000,87,85,85,0.022403337167926897
lung,baseline,40000,87,14,14,0.22241019829683015
lung,baseline,40000,87,43,43,0.2810877636108042
lung,baseline,40000,87,39,39,0.28225229830712606
lung,baseline,40000,87,27,27,0.3657503093387816
lung,baseline,40000,87,84,84,0.2557904112118228
lung,baseline,40000,87,84,84,0.20663095032033268
lung,baseline,40000,87,82,82,0.23336266831302782
lung,baseline,40000,87,80,80,0.2584302904428526
lung,baseline,40000,87,78,78,0.165979647497538
lung,baseline,40000,87,75,75,0.23726320152826957
lung,baseline,40000,87,74,74,0.23912484594473768
lung,baseline,40000,87,74,74,0.26753430618943946
lung,baseline,40000,87,73,73,0.22348510079103093
lung,baseline,40000,87,73,73,0.25064965941725387
lung,baseline,40000,87,73,73,0.2251798717436983
lung,baseline,40000,87,72,72,0.23861634301506607
lung,baseline,40000,87,70,70,0.16434892234616413
lung,baseline,40000,87,68,68,0.20714375019141396
lung,baseline,40000,87,64,64,0.24624759290939885
lung,baseline,40000,87,86,86,0.01724645334578362
lung,baseline,40000,87,86,86,0.004410798597148248
lung,baseline,40000,87,86,86,0.2259785209135716
lung,baseline,40000,87,86,86,0.00876498130316856
lung,baseline,40000,87,86,86,0.12432046625629607
lung,baseline,40000,87,86,86,0.009836047006856925
lung,baseline,40000,87,86,86,0.14111362870205593
lung,baseline,40000,87,86,86,0.26318407670121985
lung,baseline,40000,87,84,84,0.018415863318032633
lung,baseline,40000,87,34,34,0.12283171709468003
lung,baseline,40000,87,85,85,0.26496832104853524
lung,baseline,40000,87,85,85,0.28012711161101594
lung,baseline,40000,87,81,81,0.2902687565342642
lung,baseline,40000,87,79,79,0.23157158700293512
lung,baseline,40000,87,73,73,0.24721447374632552
lung,baseline,40000,87,73,73,0.2589786769111186
lung,baseline,40000,87,64,64,0.24869965718667086
lung,baseline,40000,87,86,86,0.14501878595140927
lung,baseline,40000,87,86,86,0.17168979269821966
lung,baseline,40000,87,82,82,0.14251807809707423
lung,baseline,40000,87,79,79,0.1830979065639811
lung,baseline,40000,87,33,33,0.07060232255108648
lung,baseline,40000,87,86,86,0.28363775585636253
lung,baseline,40000,87,86,86,0.12639416448543705
lung,baseline,40000,87,85,85,0.03433299879671104
lung,baseline,40000,87,82,82,0.20092519686279553
lung,baseline,40000,87,86,86,0.19209870549379002
lung,baseline,40000,87,86,86,0.216284056285572
lung,baseline,40000,87,82,82,0.11594689253770378
lung,baseline,40000,87,82,82,0.23602838862223205
lung,baseline,40000,87,81,81,0.2021660958482815
lung,baseline,40000,87,73,73,0.10700538594791824
lung,baseline,40000,87,85,85,0.31733855372449316
lung,baseline,40000,87,76,76,0.27948103295801086
lung,baseline,40000,87,75,75,0.057262029557250654
lung,baseline,40000,87,86,86,0.20439624408830856
lung,baseline,40000,87,86,86,0.2789756137992186
lung,baseline,40000,87,85,85,0.02739122823734896
lung,baseline,40000,87,85,85,0.06858834766012697
lung,baseline,40000,87,81,81,0.16606803147683843
lung,baseline,40000,87,37,37,0.21110765774852389
lung,baseline,40000,87,36,36,0.17022560247286078
lung,baseline,40000,87,34,34,0.27519337596497184
lung,baseline,40000,87,86,86,0.12244342867971994
lung,baseline,40000,87,86,86,0.30344683804441847
lung,baseline,40000,87,86,86,0.013863895125119478
lung,baseline,40000,87,86,86,0.07134592242565808
lung,baseline,40000,87,86,86,0.2560059733616862
lung,baseline,40000,87,37,37,0.22511435687200143
lung,baseline,40000,87,36,36,0.1831315948534637
lung,baseline,40000,87,34,34,0.20565113909809637
lung,baseline,40000,87,86,86,0.06464643648994643
lung,baseline,40000,87,86,86,0.2871599871366967
lung,baseline,40000,87,86,86,0.059102634328552915
lung,baseline,40000,87,86,86,0.22002617589549175
lung,baseline,40000,87,83,83,0.11555607728482446
lung,baseline,40000,87,80,80,0.03081620415808679
lung,baseline,40000,87,86,86,0.021352245349903678
lung,baseline,40000,87,86,86,0.18561061639775558
lung,baseline,40000,87,86,86,0.0242413520665255
lung,baseline,40000,87,86,86,0.11071548565536578
lung,baseline,40000,87,86,86,0.020730747230678786
lung,baseline,40000,87,86,86,0.016737004453668616
lung,baseline,40000,87,86,86,0.06733932247336233
lung,baseline,40000,87,85,85,0.01530763657696099
lung,baseline,40000,87,84,84,0.06336986723549816
lung,baseline,40000,87,84,84,0.026811499886264037
lung,baseline,40000,87,84,84,0.015385752914617716
lung,baseline,40000,87,83,83,0.04102225071756766
lung,baseline,40000,87,80,80,0.0250877862231793
lung,baseline,40000,87,86,86,0.25517646557371537
lung,baseline,40000,87,86,86,0.26623841021515726
lung,baseline,40000,87,86,86,0.2655099651200146
lung,baseline,40000,87,83,83,0.18357018956209029
lung,baseline,40000,87,82,82,0.1582929133264955
lung,baseline,40000,87,86,86,0.07479565135672463
lung,baseline,40000,87,86,86,0.09310434376436268
lung,baseline,40000,87,86,86,0.27146412670971326
lung,baseline,40000,87,83,83,0.19137487082238633
lung,baseline,40000,87,85,85,0.2512834009934265
lung,baseline,40000,87,84,84,0.2541968501655526
lung,baseline,40000,87,83,83,0.23409643505910557
lung,baseline,40000,87,83,83,0.23456354672789656
lung,baseline,40000,87,82,82,0.24111211399302446
lung,baseline,40000,87,79,79,0.23492910925291507
lung,baseline,40000,87,79,79,0.23481990612290018
lung,baseline,40000,87,79,79,0.23869375886578742
lung,baseline,40000,87,79,79,0.24180750625782294
lung,baseline,40000,87,79,79,0.23889121647779094
lung,baseline,40000,87,76,76,0.22980363622084587
lung,baseline,40000,87,70,70,0.2539493932111277
lung,baseline,40000,87,69,69,0.26982009788872713
lung,baseline,40000,87,68,68,0.1911130240736354
lung,baseline,40000,87,68,68,0.24688222735833398
lung,baseline,40000,87,68,68,0.24301023954175682
lung,baseline,40000,87,66,66,0.2226731829485187
lung,baseline,40000,87,86,86,0.26417471903829787
lung,baseline,40000,87,70,70,0.27768153970432385
lung,baseline,40000,87,65,65,0.23838060478303943
lung,baseline,40000,87,78,78,0.25064368183402774
lung,baseline,40000,87,73,73,0.2503743879484352
lung,baseline,40000,87,73,73,0.19173616751461947
lung,baseline,40000,87,66,66,0.19768323318788866
lung,baseline,40000,87,20,20,0.5288580748268387
lung,baseline,40000,87,86,86,0.2544844561793495
lung,baseline,40000,87,86,86,0.20848694744220114
lung,baseline,40000,87,85,85,0.07237246171390915
lung,baseline,40000,87,82,82,0.16543016630752005
lung,baseline,40000,87,84,84,0.31687785711044636
lung,baseline,40000,87,84,84,0.2730996682540218
lung,baseline,40000,87,84,84,0.3079722483016762
lung,baseline,40000,87,84,84,0.2857002211942912
lung,baseline,40000,87,82,82,0.31163055265021367
lung,baseline,40000,87,78,78,0.2968185050432639
lung,baseline,40000,87,76,76,0.2628934014858346
lung,baseline,40000,87,65,65,0.24921979581257864
lung,baseline,40000,87,85,85,0.3217789932713047
lung,baseline,40000,87,80,80,0.23766882034779355
lung,baseline,40000,87,71,71,0.18853622419455052
lung,baseline,40000,87,80,80,0.23583568081615072
lung,baseline,40000,87,80,80,0.23954112097624464
lung,baseline,40000,87,80,80,0.23761162938031374
lung,baseline,40000,87,79,79,0.3036319089843494
lung,baseline,40000,87,77,77,0.2772822507849958
lung,baseline,40000,87,76,76,0.2674949468375167
lung,baseline,40000,87,74,74,0.16694347047571023
lung,baseline,40000,87,73,73,0.24581572635154278
lung,baseline,40000,87,73,73,0.2667304902177654
lung,baseline,40000,87,73,73,0.2485304286831192
lung,baseline,40000,87,69,69,0.2328748669310867
lung,baseline,40000,87,65,65,0.21844316873337657
lung,baseline,40000,87,64,64,0.26464708957432015
lung,baseline,40000,87,34,34,0.2044921453833029
lung,baseline,40000,87,84,84,0.01630089404147339
lung,baseline,40000,87,34,34,0.06694022109505636
lung,baseline,40000,87,86,86,0.0037636098881453114
lung,baseline,40000,87,86,86,0.21729610320047213
lung,baseline,40000,87,86,86,0.2755922952177982
lung,baseline,40000,87,84,84,0.006493073426037834
lung,baseline,40000,87,83,83,0.11734126436471076
lung,baseline,40000,87,81,81,0.19561188518252556
lung,baseline,40000,87,84,84,0.19561706335174425
lung,baseline,40000,87,82,82,0.3128252009098266
lung,baseline,40000,87,81,81,0.277323666186567
lung,baseline,40000,87,80,80,0.23829941602142363
lung,baseline,40000,87,80,80,0.17632269679858695
lung,baseline,40000,87,79,79,0.29938382825576765
lung,baseline,40000,87,86,86,0.01051870841659975
lung,baseline,40000,87,86,86,0.3115482909735981
lung,baseline,40000,87,86,86,0.11595430203112024
lung,baseline,40000,87,86,86,0.02481506990578627
lung,baseline,40000,87,86,86,0.04898943273324958
lung,baseline,40000,87,85,85,0.13090839786524858
lung,baseline,40000,87,82,82,0.21512273139104382
lung,baseline,40000,87,86,86,0.004626014517489283
lung,baseline,40000,87,86,86,0.021873624934993192
lung,baseline,40000,87,86,86,0.008584651169704907
lung,baseline,40000,87,86,86,0.011757289437869495
lung,baseline,40000,87,86,86,0.004433046099400326
lung,baseline,40000,87,86,86,0.13334059507327947
lung,baseline,40000,87,86,86,0.07446828794417469
lung,baseline,40000,87,86,86,0.028230189426522875
lung,baseline,40000,87,86,86,0.014851920508639278
lung,baseline,40000,87,86,86,0.004658442312107364
lung,baseline,40000,87,86,86,0.02886347436752118
lung,baseline,40000,87,86,86,0.10356076953329132
lung,baseline,40000,87,86,86,0.06619588383257552
lung,baseline,40000,87,86,86,0.024720640908797883
lung,baseline,40000,87,86,86,0.009048550792675664
lung,baseline,40000,87,85,85,0.009040469367802704
lung,baseline,40000,87,85,85,0.03191815678414249
lung,baseline,40000,87,84,84,0.011735352393731538
lung,baseline,40000,87,84,84,0.05009857487532163
lung,baseline,40000,87,84,84,0.01841057668524392
lung,baseline,40000,87,83,83,0.01805152903447498
lung,baseline,40000,87,83,83,0.03288726728045383
lung,baseline,40000,87,80,80,0.01760902494993038
lung,baseline,40000,87,43,43,0.18877912346292816
lung,baseline,40000,87,39,39,0.18345667104661859
lung,baseline,40000,87,28,28,0.22742681952478966
lung,baseline,40000,87,34,34,0.07106324148566123
lung,baseline,40000,87,86,86,0.16444466900960608
lung,baseline,40000,87,86,86,0.26443858791982155
lung,baseline,40000,87,86,86,0.15925057491176886
lung,baseline,40000,87,86,86,0.231747290493617
lung,baseline,40000,87,86,86,0.005258424389090543
lung,baseline,40000,87,85,85,0.1677768005782021
lung,baseline,40000,87,86,86,0.007092366906773163
lung,baseline,40000,87,86,86,0.06940705213969008
lung,baseline,40000,87,86,86,0.07869937019281056
lung,baseline,40000,87,86,86,0.2296312216872713
lung,baseline,40000,87,86,86,0.22464119416026318
lung,baseline,40000,87,83,83,0.037118587871912
lung,baseline,40000,87,28,28,0.24054949681818255
lung,baseline,40000,87,86,86,0.1402864068715807
lung,baseline,40000,87,86,86,0.13526660324312076
lung,baseline,40000,87,86,86,0.2879432097055271
lung,baseline,40000,87,84,84,0.09541373789435426
lung,baseline,40000,87,82,82,0.21112683563535806
lung,baseline,40000,87,86,86,0.252062683749715
lung,baseline,40000,87,86,86,0.2260799433703082
lung,baseline,40000,87,86,86,0.135348830482431
lung,baseline,40000,87,86,86,0.16606649333598586
lung,baseline,40000,87,86,86,0.029836726810177183
lung,baseline,40000,87,85,85,0.060785350062144194
lung,baseline,40000,87,83,83,0.19448878551559765
lung,baseline,40000,87,83,83,0.08246382067632387
lung,baseline,40000,87,83,83,0.03398194878466495
lung,baseline,40000,87,34,34,0.0655116141535981
lung,baseline,40000,87,84,84,0.21383271084363745
lung,baseline,40000,87,84,84,0.261787716769978
lung,baseline,40000,87,84,84,0.1724809381749963
lung,baseline,40000,87,84,84,0.20076103037957502
lung,baseline,40000,87,80,80,0.28995669613088654
lung,baseline,40000,87,80,80,0.13701414294967776
lung,baseline,40000,87,80,80,0.1705554950969378
lung,baseline,40000,87,80,80,0.15992561346421358
lung,baseline,40000,87,80,80,0.2456498301789413
lung,baseline,40000,87,80,80,0.2183850600383102
lung,baseline,40000,87,78,78,0.21315816061920373
lung,baseline,40000,87,77,77,0.2252981307814554
lung,baseline,40000,87,74,74,0.26075065143805154
lung,baseline,40000,87,73,73,0.23376525211065938
lung,baseline,40000,87,86,86,0.27318388980344294
lung,baseline,40000,87,83,83,0.22926732288935942
lung,baseline,40000,87,83,83,0.07303962595207332
lung,baseline,40000,87,65,65,0.24036443055015655
lung,baseline,40000,87,85,85,0.2336095660661591
lung,baseline,40000,87,85,85,0.20180184374752405
lung,baseline,40000,87,83,83,0.27998131593694453
lung,baseline,40000,87,81,81,0.2770095974550461
lung,baseline,40000,87,80,80,0.2527696900191249
lung,baseline,40000,87,80,80,0.1622053478918336
lung,baseline,40000,87,80,80,0.16458525256678402
lung,baseline,40000,87,86,86,0.3029391225773756
lung,baseline,40000,87,83,83,0.24255741895643793
lung,baseline,40000,87,75,75,0.17798552283632715
lung,baseline,40000,87,74,74,0.23118962672370957
lung,baseline,40000,87,34,34,0.06891432581589385
lung,baseline,40000,87,81,81,0.20104635346261215
lung,baseline,40000,87,43,43,0.31149929648707747
lung,baseline,40000,87,39,39,0.29913307862941874
lung,baseline,40000,87,28,28,0.3525981185789972
lung,baseline,40000,87,82,82,0.11191286351484306
lung,baseline,40000,87,43,43,0.15385338132288437
lung,baseline,40000,87,39,39,0.15170471919546094
lung,baseline,40000,87,86,86,0.21458285014420303
lung,baseline,40000,87,86,86,0.09290802232547873
lung,baseline,40000,87,84,84,0.19325722141708118
lung,baseline,40000,87,82,82,0.22715225304426506
lung,baseline,40000,87,80,80,0.20693862626689427
lung,baseline,40000,87,79,79,0.11108175646750056
lung,baseline,40000,87,39,39,0.18492323584849127
lung,baseline,40000,87,20,20,0.3390867982585819
lung,baseline,40000,87,83,83,0.28480613108056985
lung,baseline,40000,87,80,80,0.2203785641579013
lung,baseline,40000,87,80,80,0.258358435531889
lung,baseline,40000,87,80,80,0.2867955820935313
lung,baseline,40000,87,79,79,0.22833996702892206
lung,baseline,40000,87,76,76,0.2568977823159006
lung,baseline,40000,87,70,70,0.27453700641286055
lung,baseline,40000,87,41,41,0.2038263751771206
lung,baseline,40000,87,34,34,0.05395393546264554
lung,baseline,40000,87,33,33,0.07209186952137664
lung,baseline,40000,87,86,86,0.171262900960237
lung,baseline,40000,87,86,86,0.2668652409314614
lung,baseline,40000,87,86,86,0.295481750060428
lung,baseline,40000,87,84,84,0.06410317512884363
lung,baseline,40000,87,82,82,0.19849808600643615
lung,baseline,40000,87,86,86,0.23169963865187881
lung,baseline,40000,87,86,86,0.17479756818386016
lung,baseline,40000,87,86,86,0.27365732113402774
lung,baseline,40000,87,86,86,0.162925936677368
lung,baseline,40000,87,82,82,0.2321263490173259
lung,baseline,40000,87,84,84,0.26539982717186
lung,baseline,40000,87,78,78,0.24186113703584566
lung,baseline,40000,87,65,65,0.23751248517973297
lung,baseline,40000,87,65,65,0.23481157795633517
lung,baseline,40000,87,57,57,0.2575943071518544
lung,baseline,40000,87,54,54,0.2615734943205131
lung,baseline,40000,87,86,86,0.24241807782731972
lung,baseline,40000,87,80,80,0.24437152836750825
lung,baseline,40000,87,79,79,0.24596611810445276
lung,baseline,40000,87,66,66,0.22805925050362655
lung,baseline,40000,87,85,85,0.26994119354672597
lung,baseline,40000,87,84,84,0.27818405721607703
lung,baseline,40000,87,82,82,0.3058747754753224
lung,baseline,40000,87,80,80,0.2961485688728624
lung,baseline,40000,87,80,80,0.2839518607781116
lung,baseline,40000,87,80,80,0.2822097349453386
lung,baseline,40000,88,86,86,0.17479551231813045
lung,baseline,40000,88,85,85,0.23448254631208187
lung,baseline,40000,88,85,85,0.21406615358918268
lung,baseline,40000,88,83,83,0.19227082224596434
lung,baseline,40000,88,83,83,0.29698980412556536
lung,baseline,40000,88,81,81,0.270498656984962
lung,baseline,40000,88,81,81,0.20730321928834594
lung,baseline,40000,88,81,81,0.19323196085936847
lung,baseline,40000,88,81,81,0.2632414817104864
lung,baseline,40000,88,80,80,0.2493551008956117
lung,baseline,40000,88,79,79,0.25133027880472847
lung,baseline,40000,88,79,79,0.31269535948627375
lung,baseline,40000,88,77,77,0.20017462253426702
lung,baseline,40000,88,87,87,0.2963117512584139
lung,baseline,40000,88,87,87,0.19920559892440118
lung,baseline,40000,88,84,84,0.025666206947976236
lung,baseline,40000,88,84,84,0.17214924890782818
lung,baseline,40000,88,84,84,0.16583587609571396
lung,baseline,40000,88,83,83,0.05176190981057223
lung,baseline,40000,88,82,82,0.22858567535703647
lung,baseline,40000,88,87,87,0.037236980249067325
lung,baseline,40000,88,87,87,0.11467433085454211
lung,baseline,40000,88,86,86,0.036078329657979406
lung,baseline,40000,88,85,85,0.05124337425134741
lung,baseline,40000,88,87,87,0.20754263322349195
lung,baseline,40000,88,87,87,0.09920296906164708
lung,baseline,40000,88,87,87,0.25266761918597036
lung,baseline,40000,88,85,85,0.06486391783672593
lung,baseline,40000,88,82,82,0.17436765377164717
lung,baseline,40000,88,79,79,0.04840985835504557
lung,baseline,40000,88,87,87,0.20056446011324844
lung,baseline,40000,88,87,87,0.2465223846544118
lung,baseline,40000,88,87,87,0.002590352924196373
lung,baseline,40000,88,87,87,0.05893823154486099
lung,baseline,40000,88,34,34,0.2951022412836615
lung,baseline,40000,88,87,87,0.011495084362915287
lung,baseline,40000,88,86,86,0.2791674879042354
lung,baseline,40000,88,85,85,0.25633361896503265
lung,baseline,40000,88,81,81,0.2623716525886828
lung,baseline,40000,88,80,80,0.18344926264781214
lung,baseline,40000,88,80,80,0.15145246291407405
lung,baseline,40000,88,14,14,0.2283936941847115
lung,baseline,40000,88,87,87,0.06892122385299024
lung,baseline,40000,88,87,87,0.21056834535169155
lung,baseline,40000,88,87,87,0.07687727425148742
lung,baseline,40000,88,87,87,0.0013160409555828176
lung,baseline,40000,88,87,87,0.24352406990162323
lung,baseline,40000,88,87,87,0.06498356532122553
lung,baseline,40000,88,87,87,0.09186734908453627
lung,baseline,40000,88,86,86,0.017957175859908362
lung,baseline,40000,88,81,81,0.049281664034813
lung,baseline,40000,88,14,14,0.2097352005948944
lung,baseline,40000,88,87,87,0.24729800428743323
lung,baseline,40000,88,87,87,0.23946378492296563
lung,baseline,40000,88,87,87,0.12779531856429296
lung,baseline,40000,88,87,87,0.22368790826475785
lung,baseline,40000,88,83,83,0.15315885036995325
lung,baseline,40000,88,78,78,0.017286949716048834
lung,baseline,40000,88,86,86,0.05761788954288588
lung,baseline,40000,88,37,37,0.20661921032423997
lung,baseline,40000,88,36,36,0.1805871211734613
lung,baseline,40000,88,34,34,0.1970311873218903
lung,baseline,40000,88,87,87,0.2988322831440039
lung,baseline,40000,88,82,82,0.08651790537310496
lung,baseline,40000,88,70,70,0.20596279692839828
lung,baseline,40000,88,70,70,0.22566125650030436
lung,baseline,40000,88,69,69,0.274592372510914
lung,baseline,40000,88,69,69,0.28966325220334177
lung,baseline,40000,88,37,37,0.27198387756419706
lung,baseline,40000,88,36,36,0.25179478021032325
lung,baseline,40000,88,34,34,0.28045820808691296
lung,baseline,40000,88,84,84,0.12292740725240299
lung,baseline,40000,88,82,82,0.13625335398657773
lung,baseline,40000,88,87,87,0.14610687914594667
lung,baseline,40000,88,87,87,0.27269400194427224
lung,baseline,40000,88,87,87,0.16226482006912823
lung,baseline,40000,88,83,83,0.12419510411716099
lung,baseline,40000,88,82,82,0.03200289998196986
lung,baseline,40000,88,87,87,0.10170769223881418
lung,baseline,40000,88,87,87,0.09648728579569665
lung,baseline,40000,88,87,87,0.22317581367909925
lung,baseline,40000,88,87,87,0.28088632366990357
lung,baseline,40000,88,87,87,0.2900210631799177
lung,baseline,40000,88,87,87,0.22984805041841425
lung,baseline,40000,88,87,87,0.022837520831731368
lung,baseline,40000,88,87,87,0.24166851671238168
lung,baseline,40000,88,84,84,0.016704669355212972
lung,baseline,40000,88,84,84,0.17869992319037184
lung,baseline,40000,88,85,85,0.007429202525959688
lung,baseline,40000,88,33,33,0.07428556656273791
lung,baseline,40000,88,87,87,0.2302031532529626
lung,baseline,40000,88,87,87,0.052494431162457354
lung,baseline,40000,88,87,87,0.2486997595476405
lung,baseline,40000,88,87,87,0.0434684278499944
lung,baseline,40000,88,85,85,0.16842350465956868
lung,baseline,40000,88,83,83,0.2471879084378051
lung,baseline,40000,88,83,83,0.2366065942064768
lung,baseline,40000,88,87,87,0.01707364874970932
lung,baseline,40000,88,78,78,0.016410875256263335
lung,baseline,40000,88,56,56,0.12762750738061462
lung,baseline,40000,88,87,87,0.1587004006149609
lung,baseline,40000,88,87,87,0.039500591610698244
lung,baseline,40000,88,87,87,0.10084361175155059
lung,baseline,40000,88,87,87,0.053585930057454566
lung,baseline,40000,88,87,87,0.003362697174286708
lung,baseline,40000,88,87,87,0.07163048571597953
lung,baseline,40000,88,87,87,0.08253371690512305
lung,baseline,40000,88,87,87,0.018415244932692316
lung,baseline,40000,88,87,87,0.23441948157424902
lung,baseline,40000,88,87,87,0.2682007700907521
lung,baseline,40000,88,86,86,0.034917639849787595
lung,baseline,40000,88,81,81,0.07205771794152285
lung,baseline,40000,88,87,87,0.18163465353357244
lung,baseline,40000,88,87,87,0.00926572997836726
lung,baseline,40000,88,87,87,0.0794461661923738
lung,baseline,40000,88,87,87,0.009183327047674565
lung,baseline,40000,88,87,87,0.26653558252876597
lung,baseline,40000,88,87,87,0.011849217990527069
lung,baseline,40000,88,87,87,0.007811998922357637
lung,baseline,40000,88,84,84,0.08389025274951709
lung,baseline,40000,88,83,83,0.23063424087298245
lung,baseline,40000,88,82,82,0.21649251034891115
lung,baseline,40000,88,87,87,0.05809246626740176
lung,baseline,40000,88,87,87,0.2522131623444763
lung,baseline,40000,88,84,84,0.05926590602289293
lung,baseline,40000,88,83,83,0.16692832284695194
lung,baseline,40000,88,82,82,0.059345330054367935
lung,baseline,40000,88,43,43,0.22155059874490357
lung,baseline,40000,88,87,87,0.2506954784050234
lung,baseline,40000,88,87,87,0.08366026637563444
lung,baseline,40000,88,87,87,0.23284174352707546
lung,baseline,40000,88,84,84,0.05767829558319097
lung,baseline,40000,88,84,84,0.10514001450019217
lung,baseline,40000,88,82,82,0.18360711609793304
lung,baseline,40000,88,84,84,0.016545347387126583
lung,baseline,40000,88,82,82,0.015536557466896084
lung,baseline,40000,88,87,87,0.17246913387326274
lung,baseline,40000,88,87,87,0.0008085475787778934
lung,baseline,40000,88,82,82,0.08642443734110516
lung,baseline,40000,88,82,82,0.25821619374716437
lung,baseline,40000,88,81,81,0.25870247413470737
lung,baseline,40000,88,80,80,0.2995080290061017
lung,baseline,40000,88,80,80,0.1768936898234506
lung,baseline,40000,88,76,76,0.18476874121346162
lung,baseline,40000,88,87,87,0.07214172007824522
lung,baseline,40000,88,34,34,0.15416201636555082
lung,baseline,40000,88,87,87,0.19177388570204415
lung,baseline,40000,88,87,87,0.19462623715641775
lung,baseline,40000,88,87,87,0.2365602858526361
lung,baseline,40000,88,87,87,0.0578788377551292
lung,baseline,40000,88,83,83,0.10815383981262579
lung,baseline,40000,88,87,87,0.11655917524957793
lung,baseline,40000,88,84,84,0.028297626546851508
lung,baseline,40000,88,84,84,0.017092386224664708
lung,baseline,40000,88,62,62,0.07700065959847073
lung,baseline,40000,88,87,87,0.053112729626129285
lung,baseline,40000,88,87,87,0.22557936639681714
lung,baseline,40000,88,87,87,0.2297389407121172
lung,baseline,40000,88,83,83,0.0919214162062825
lung,baseline,40000,88,34,34,0.15363811584633824
lung,baseline,40000,88,87,87,0.005327392587626069
lung,baseline,40000,88,87,87,0.023273550083294417
lung,baseline,40000,88,87,87,0.02614508414623241
lung,baseline,40000,88,87,87,0.08570098970691298
lung,baseline,40000,88,87,87,0.09389135607505025
lung,baseline,40000,88,87,87,0.025087974842402796
lung,baseline,40000,88,87,87,0.03928135197605613
lung,baseline,40000,88,87,87,0.19853461999589933
lung,baseline,40000,88,87,87,0.218817960505614
lung,baseline,40000,88,87,87,0.04479184423124589
lung,baseline,40000,88,87,87,0.03473472952313435
lung,baseline,40000,88,86,86,0.02758533949978799
lung,baseline,40000,88,85,85,0.11563629229180933
lung,baseline,40000,88,85,85,0.05322926271255775
lung,baseline,40000,88,84,84,0.07324601646716682
lung,baseline,40000,88,87,87,0.052702265610380716
lung,baseline,40000,88,87,87,0.20858710746674483
lung,baseline,40000,88,87,87,0.22563377990610417
lung,baseline,40000,88,87,87,0.2574863567028159
lung,baseline,40000,88,85,85,0.002991072395105956
lung,baseline,40000,88,84,84,0.06057197720593045
lung,baseline,40000,88,87,87,0.028230590838637944
lung,baseline,40000,88,86,86,0.0404209728684704
lung,baseline,40000,88,86,86,0.25101493256454344
lung,baseline,40000,88,76,76,0.25111535146258673
lung,baseline,40000,88,87,87,0.09745979532700441
lung,baseline,40000,88,87,87,0.021157364970173342
lung,baseline,40000,88,87,87,0.286935926647473
lung,baseline,40000,88,87,87,0.12482801971014273
lung,baseline,40000,88,87,87,0.020847094467792766
lung,baseline,40000,88,87,87,0.01929862783050241
lung,baseline,40000,88,87,87,0.054224922811351946
lung,baseline,40000,88,85,85,0.09133961583443018
lung,baseline,40000,88,86,86,0.025619485352955905
lung,baseline,40000,88,85,85,0.2671998816736793
lung,baseline,40000,88,85,85,0.2646960425062399
lung,baseline,40000,88,83,83,0.2321318021733977
lung,baseline,40000,88,83,83,0.2695854833577383
lung,baseline,40000,88,83,83,0.17870965162857413
lung,baseline,40000,88,81,81,0.2420899586263337
lung,baseline,40000,88,81,81,0.18799840315350272
lung,baseline,40000,88,80,80,0.22758245279547346
lung,baseline,40000,88,79,79,0.28094781214975495
lung,baseline,40000,88,79,79,0.304490002257879
lung,baseline,40000,88,75,75,0.20463461695250473
lung,baseline,40000,88,86,86,0.2682758299774557
lung,baseline,40000,88,82,82,0.2665909621512553
lung,baseline,40000,88,78,78,0.25261776500035416
lung,baseline,40000,88,73,73,0.2601520450834471
lung,baseline,40000,88,73,73,0.24607067540355526
lung,baseline,40000,88,71,71,0.24223463630456785
lung,baseline,40000,88,69,69,0.29145921358370375
lung,baseline,40000,88,69,69,0.2010889355947063
lung,baseline,40000,88,69,69,0.21415035795179158
lung,baseline,40000,88,66,66,0.22624859354770385
lung,baseline,40000,88,63,63,0.30999398517347926
lung,baseline,40000,88,41,41,0.17308664521836667
lung,baseline,40000,88,87,87,0.2498950815715731
lung,baseline,40000,88,87,87,0.16228740249316242
lung,baseline,40000,88,84,84,0.15658060421324643
lung,baseline,40000,88,83,83,0.19552450290022916
lung,baseline,40000,88,83,83,0.16573758138556532
lung,baseline,40000,88,34,34,0.15222557658605101
lung,baseline,40000,88,82,82,0.21348648104169493
lung,baseline,40000,88,33,33,0.14597392237315812
lung,baseline,40000,88,34,34,0.16335067253015026
lung,baseline,40000,88,82,82,0.2889816060137879
lung,baseline,40000,88,80,80,0.22419355090473667
lung,baseline,40000,88,77,77,0.2669944623974369
lung,baseline,40000,88,76,76,0.27314664554705814
lung,baseline,40000,88,75,75,0.17793882012978257
lung,baseline,40000,88,74,74,0.18344642509834688
lung,baseline,40000,88,73,73,0.25002614772924253
lung,baseline,40000,88,73,73,0.26607499906904947
lung,baseline,40000,88,73,73,0.24448351519741116
lung,baseline,40000,88,73,73,0.27055463309583155
lung,baseline,40000,88,67,67,0.249767174572257
lung,baseline,40000,88,64,64,0.25772504125842877
lung,baseline,40000,88,33,33,0.09500944719064205
lung,baseline,40000,88,34,34,0.06749839801025195
lung,baseline,40000,88,37,37,0.20645974966194694
lung,baseline,40000,88,36,36,0.168492517477289
lung,baseline,40000,88,34,34,0.27741448066556584
lung,baseline,40000,88,34,34,0.14810388412772257
lung,baseline,40000,88,87,87,0.17802155979744294
lung,baseline,40000,88,87,87,0.017620596614565512
lung,baseline,40000,88,87,87,0.11439622924122239
lung,baseline,40000,88,87,87,0.009609022340756718
lung,baseline,40000,88,87,87,0.012209008147600597
lung,baseline,40000,88,87,87,0.006379035608588177
lung,baseline,40000,88,85,85,0.025321801859574892
lung,baseline,40000,88,33,33,0.25286820997661746
lung,baseline,40000,88,14,14,0.2540687359411974
lung,baseline,40000,88,33,33,0.06854514057615815
lung,baseline,40000,88,87,87,0.022613251698832684
lung,baseline,40000,88,87,87,0.29366863723926545
lung,baseline,40000,88,87,87,0.22953700359982726
lung,baseline,40000,88,87,87,0.008070902744602123
lung,baseline,40000,88,85,85,0.08796959006369237
lung,baseline,40000,88,84,84,0.027325100824180302
lung,baseline,40000,88,84,84,0.19991171707790129
lung,baseline,40000,88,82,82,0.2423569140863453
lung,baseline,40000,88,87,87,0.29863895097062876
lung,baseline,40000,88,87,87,0.011555223523707372
lung,baseline,40000,88,87,87,0.24259737184923502
lung,baseline,40000,88,87,87,0.05064129490812519
lung,baseline,40000,88,87,87,0.11371741275468612
lung,baseline,40000,88,87,87,0.0055738474474440625
lung,baseline,40000,88,87,87,0.24557718927864852
lung,baseline,40000,88,87,87,0.2700823079433267
lung,baseline,40000,88,87,87,0.05098355367035632
lung,baseline,40000,88,84,84,0.0994751376163176
lung,baseline,40000,88,82,82,0.12946332870382096
lung,baseline,40000,88,34,34,0.06337966473968615
lung,baseline,40000,88,87,87,0.2728853357611394
lung,baseline,40000,88,87,87,0.2223312798869349
lung,baseline,40000,88,82,82,0.15443692396068148
lung,baseline,40000,88,87,87,0.1698450488557269
lung,baseline,40000,88,87,87,0.3279909761868114
lung,baseline,40000,88,87,87,0.1969521012409497
lung,baseline,40000,88,87,87,0.016119386784590094
lung,baseline,40000,88,84,84,0.12773197775828543
lung,baseline,40000,88,83,83,0.02441277037714332
lung,baseline,40000,88,82,82,0.16590916259036087
lung,baseline,40000,88,56,56,0.1059350507248369
lung,baseline,40000,88,77,77,0.04390961033304215
lung,baseline,40000,88,77,77,0.14981879673353204
lung,baseline,40000,88,76,76,0.033895008525094264
lung,baseline,40000,88,86,86,0.15620008250276024
lung,baseline,40000,88,87,87,0.1832101432365277
lung,baseline,40000,88,86,86,0.22403106992807034
lung,baseline,40000,88,86,86,0.2378375980863717
lung,baseline,40000,88,86,86,0.22530595040377882
lung,baseline,40000,88,81,81,0.2676436724941736
lung,baseline,40000,88,74,74,0.28231990680223423
lung,baseline,40000,88,84,84,0.013298483869678347
lung,baseline,40000,88,82,82,0.013844238233094339
lung,baseline,40000,88,87,87,0.0012906447455658934
lung,baseline,40000,88,87,87,0.27094011179922106
lung,baseline,40000,88,86,86,0.22851683435022072
lung,baseline,40000,88,86,86,0.21218042801654052
lung,baseline,40000,88,85,85,0.22228019004023059
lung,baseline,40000,88,82,82,0.15314140215949204
lung,baseline,40000,88,82,82,0.25385871521626535
lung,baseline,40000,88,14,14,0.3337809233925844
lung,baseline,40000,88,87,87,0.23722739284291153
lung,baseline,40000,88,87,87,0.06187107703745305
lung,baseline,40000,88,87,87,0.2723708082341951
lung,baseline,40000,88,83,83,0.07806619906477594
lung,baseline,40000,88,33,33,0.13505791920918453
lung,baseline,40000,88,85,85,0.2699098724586703
lung,baseline,40000,88,79,79,0.20825297199301473
lung,baseline,40000,88,78,78,0.2622956236524925
lung,baseline,40000,88,78,78,0.22197043439917735
lung,baseline,40000,88,71,71,0.263250318361056
lung,baseline,40000,88,62,62,0.2391423998003644
lung,baseline,40000,88,56,56,0.23840546764104098
lung,baseline,40000,88,87,87,0.24723810552395348
lung,baseline,40000,88,87,87,0.14886923506601618
lung,baseline,40000,88,87,87,0.014920692327332877
lung,baseline,40000,88,87,87,0.023885238966000383
lung,baseline,40000,88,87,87,0.29048792978537824
lung,baseline,40000,88,87,87,0.07277995567009353
lung,baseline,40000,88,85,85,0.049065715156287736
lung,baseline,40000,88,78,78,0.033053147225668496
lung,baseline,40000,88,87,87,0.3015641102806198
lung,baseline,40000,88,87,87,0.000560904401681286
lung,baseline,40000,88,86,86,0.19010213869326262
lung,baseline,40000,88,86,86,0.2634208552163884
lung,baseline,40000,88,86,86,0.19095736394528864
lung,baseline,40000,88,82,82,0.2622122954677733
lung,baseline,40000,88,87,87,0.2337043546681028
lung,baseline,40000,88,87,87,0.09350428449857384
lung,baseline,40000,88,87,87,0.160629668792757
lung,baseline,40000,88,87,87,0.006072120312012265
lung,baseline,40000,88,87,87,0.16039573659854087
lung,baseline,40000,88,87,87,0.012115051802754217
lung,baseline,40000,88,87,87,0.26622679771491997
lung,baseline,40000,88,87,87,0.0028983987295270377
lung,baseline,40000,88,87,87,0.15323519775583874
lung,baseline,40000,88,87,87,0.0038146087048946137
lung,baseline,40000,88,86,86,0.03863385726166393
lung,baseline,40000,88,85,85,0.02592290608212984
lung,baseline,40000,88,85,85,0.06522702746319811
lung,baseline,40000,88,84,84,0.02056555364145738
lung,baseline,40000,88,84,84,0.030445241049472407
lung,baseline,40000,88,62,62,0.22720372554956886
lung,baseline,40000,88,37,37,0.2011792799592843
lung,baseline,40000,88,36,36,0.1623967516820144
lung,baseline,40000,88,34,34,0.28606898099999034
lung,baseline,40000,88,87,87,0.20080058533510617
lung,baseline,40000,88,87,87,0.014006596205256829
lung,baseline,40000,88,87,87,0.002973607313209511
lung,baseline,40000,88,87,87,0.2650712165339564
lung,baseline,40000,88,83,83,0.1496908974596559
lung,baseline,40000,88,33,33,0.06797900514110634
lung,baseline,40000,88,81,81,0.19622135310309546
lung,baseline,40000,88,77,77,0.2888997943201111
lung,baseline,40000,88,77,77,0.2583990092115519
lung,baseline,40000,88,76,76,0.27881853832724995
lung,baseline,40000,88,73,73,0.257286275240689
lung,baseline,40000,88,43,43,0.3101864672121464
lung,baseline,40000,88,39,39,0.298560935126993
lung,baseline,40000,88,34,34,0.1881980171064248
lung,baseline,40000,88,33,33,0.07345146259018201
lung,baseline,40000,88,87,87,0.22631466535465358
lung,baseline,40000,88,87,87,0.19302830081823066
lung,baseline,40000,88,87,87,0.1884603804203503
lung,baseline,40000,88,83,83,0.07920016481741454
lung,baseline,40000,88,82,82,0.11925000460773168
lung,baseline,40000,88,43,43,0.271597819713793
lung,baseline,40000,88,39,39,0.2590562583330633
lung,baseline,40000,88,28,28,0.3109125705383803
lung,baseline,40000,88,14,14,0.22914187097291655
lung,baseline,40000,88,14,14,0.20569793336502276
lung,baseline,40000,88,86,86,0.046690021301755244
lung,baseline,40000,88,85,85,0.10593293775611816
lung,baseline,40000,88,85,85,0.057713357014299416
lung,baseline,40000,88,80,80,0.08169508298063463
lung,baseline,40000,88,78,78,0.0490696133704652
lung,baseline,40000,88,87,87,0.12200704773221768
lung,baseline,40000,88,87,87,0.13251105939099936
lung,baseline,40000,88,87,87,0.03143133251825546
lung,baseline,40000,88,87,87,0.008939221990961945
lung,baseline,40000,88,87,87,0.2792255462967239
lung,baseline,40000,88,87,87,0.14174039426818327
lung,baseline,40000,88,86,86,0.04088385946592362
lung,baseline,40000,88,86,86,0.04007112526340188
lung,baseline,40000,88,85,85,0.04804302601316617
lung,baseline,40000,88,81,81,0.07636546555292979
lung,baseline,40000,88,82,82,0.16286511729373648
lung,baseline,40000,88,43,43,0.2812977407345427
lung,baseline,40000,88,39,39,0.28331869590313474
lung,baseline,40000,88,28,28,0.37850675331209593
lung,baseline,40000,88,34,34,0.1266895459713263
lung,baseline,40000,88,87,87,0.2184142219722047
lung,baseline,40000,88,82,82,0.26007153835181596
lung,baseline,40000,88,76,76,0.24192579429938652
lung,baseline,40000,88,75,75,0.23776094784896215
lung,baseline,40000,88,73,73,0.24993579126290003
lung,baseline,40000,88,73,73,0.22409918665505785
lung,baseline,40000,88,70,70,0.16385472505200696
lung,baseline,40000,88,34,34,0.1555944226436466
lung,baseline,40000,88,43,43,0.16614823116263833
lung,baseline,40000,88,39,39,0.16293899802004191
lung,baseline,40000,88,87,87,0.01878645985770853
lung,baseline,40000,88,85,85,0.015532986112830398
lung,baseline,40000,88,84,84,0.01816371139267104
lung,baseline,40000,88,14,14,0.20802891203933868
lung,baseline,40000,88,87,87,0.21906563528052408
lung,baseline,40000,88,87,87,0.18752216210833805
lung,baseline,40000,88,86,86,0.21139981264120372
lung,baseline,40000,89,56,56,0.10342950821539285
lung,baseline,40000,89,88,88,0.12655608090215525
lung,baseline,40000,89,28,28,0.3116511483287229
lung,baseline,40000,89,88,88,0.004189160698267152
lung,baseline,40000,89,88,88,0.12452709073362928
lung,baseline,40000,89,88,88,0.27816402295709053
lung,baseline,40000,89,88,88,0.011117146668177638
lung,baseline,40000,89,88,88,0.0012445864681424987
lung,baseline,40000,89,88,88,0.20614728291608866
lung,baseline,40000,89,88,88,0.22153835140312508
lung,baseline,40000,89,88,88,0.0005717309099709464
lung,baseline,40000,89,87,87,0.004448655227286915
lung,baseline,40000,89,86,86,0.03340551695107713
lung,baseline,40000,89,85,85,0.08307031558954829
lung,baseline,40000,89,82,82,0.013376794678450725
lung,baseline,40000,89,75,75,0.07868027669528999
lung,baseline,40000,89,56,56,0.09767665307380849
lung,baseline,40000,89,88,88,0.14417229547628554
lung,baseline,40000,89,56,56,0.12198053272525607
lung,baseline,40000,89,88,88,0.013261302212398775
lung,baseline,40000,89,86,86,0.01485890024000349
lung,baseline,40000,89,88,88,0.10731330607536735
lung,baseline,40000,89,88,88,0.05539877191828438
lung,baseline,40000,89,87,87,0.015708624947900308
lung,baseline,40000,89,37,37,0.15712096021407201
lung,baseline,40000,89,36,36,0.10473549990425056
lung,baseline,40000,89,34,34,0.2552527112718334
lung,baseline,40000,89,82,82,0.0176869420542796
lung,baseline,40000,89,88,88,0.008568633940769508
lung,baseline,40000,89,88,88,0.01081688639505234
lung,baseline,40000,89,85,85,0.006716815425727325
lung,baseline,40000,89,78,78,0.292910483608674
lung,baseline,40000,89,43,43,0.3370876038036288
lung,baseline,40000,89,39,39,0.3069093706087441
lung,baseline,40000,89,28,28,0.34719764896654287
lung,baseline,40000,89,37,37,0.2036420059163024
lung,baseline,40000,89,36,36,0.16472702106895865
lung,baseline,40000,89,34,34,0.2735396702818333
lung,baseline,40000,89,88,88,0.19676961169154444
lung,baseline,40000,89,81,81,0.020691090726604508
lung,baseline,40000,89,80,80,0.02413877046372665
lung,baseline,40000,89,66,66,0.22941963144880906
lung,baseline,40000,89,62,62,0.21144192437155587
lung,baseline,40000,89,28,28,0.33663170583787166
lung,baseline,40000,89,88,88,0.05430307265866641
lung,baseline,40000,89,88,88,0.152887468776177
lung,baseline,40000,89,88,88,0.056101873075069635
lung,baseline,40000,89,88,88,0.22014817998448263
lung,baseline,40000,89,86,86,0.026171003687811802
lung,baseline,40000,89,83,83,0.043695551569862295
lung,baseline,40000,89,43,43,0.33742784228667055
lung,baseline,40000,89,39,39,0.310378770237651
lung,baseline,40000,89,56,56,0.10469464657330141
lung,baseline,40000,89,37,37,0.11902459849432272
lung,baseline,40000,89,88,88,0.01868876899494691
lung,baseline,40000,89,88,88,0.02307596247271936
lung,baseline,40000,89,87,87,0.014325031317871327
lung,baseline,40000,89,88,88,0.25817092678737247
lung,baseline,40000,89,86,86,0.18393391677639548
lung,baseline,40000,89,85,85,0.1686031899585514
lung,baseline,40000,89,34,34,0.07260959823303975
lung,baseline,40000,89,80,80,0.22298295420714123
lung,baseline,40000,89,43,43,0.2776075933037764
lung,baseline,40000,89,39,39,0.26381658479134745
lung,baseline,40000,89,28,28,0.37688782877362975
lung,baseline,40000,89,56,56,0.10902015119244243
lung,baseline,40000,89,40,40,0.15572510080335406
lung,baseline,40000,89,28,28,0.2245356647337484
lung,baseline,40000,89,88,88,0.009110138087257852
lung,baseline,40000,89,87,87,0.1252058518065856
lung,baseline,40000,89,84,84,0.1686475583058916
lung,baseline,40000,89,75,75,0.13513416656372965
lung,baseline,40000,89,80,80,0.1557098053018775
lung,baseline,40000,89,43,43,0.20249994870571905
lung,baseline,40000,89,39,39,0.1989000545130997
lung,baseline,40000,89,28,28,0.2412250690718815
lung,baseline,40000,89,34,34,0.05965150191555494
lung,baseline,40000,89,88,88,0.005869052394423696
lung,baseline,40000,89,88,88,0.20652815351494203
lung,baseline,40000,89,88,88,0.07699972098592167
lung,baseline,40000,89,88,88,0.25002235599501527
lung,baseline,40000,89,87,87,0.06404314653959518
lung,baseline,40000,89,84,84,0.13748049443486698
lung,baseline,40000,89,83,83,0.061416274390042026
lung,baseline,40000,89,83,83,0.1525793696914612
lung,baseline,40000,89,34,34,0.12239038148450024
lung,baseline,40000,89,88,88,0.005584357717436729
lung,baseline,40000,89,87,87,0.029993765284106858
lung,baseline,40000,89,56,56,0.1078506978107778
lung,baseline,40000,89,88,88,0.16965665973801186
lung,baseline,40000,89,88,88,0.10268756436903068
lung,baseline,40000,89,85,85,0.08869418241989697
lung,baseline,40000,89,85,85,0.09139761759286692
lung,baseline,40000,89,84,84,0.15679458245787276
lung,baseline,40000,89,84,84,0.10964540451150619
lung,baseline,40000,89,84,84,0.13136226523191358
lung,baseline,40000,89,88,88,0.009857608879400652
lung,baseline,40000,89,88,88,0.023343318735452156
lung,baseline,40000,89,56,56,0.08901490241215394
lung,baseline,40000,89,88,88,0.12005366873447758
lung,baseline,40000,89,82,82,0.041522548543720915
lung,baseline,40000,89,83,83,0.1603890783821929
lung,baseline,40000,89,80,80,0.08343098102665454
lung,baseline,40000,89,28,28,0.2538967442863288
lung,baseline,40000,89,88,88,0.016804676747244483
lung,baseline,40000,89,88,88,0.035777652383673565
lung,baseline,40000,89,34,34,0.1542920900187837
lung,baseline,40000,89,88,88,0.060038564432236055
lung,baseline,40000,89,88,88,0.018286182596528002
lung,baseline,40000,89,88,88,0.27651923502422765
lung,baseline,40000,89,88,88,0.010103950537110617
lung,baseline,40000,89,88,88,0.0692779576744189
lung,baseline,40000,89,88,88,0.20084224607164788
lung,baseline,40000,89,87,87,0.022728771001022715
lung,baseline,40000,89,83,83,0.08953010230183868
lung,baseline,40000,89,75,75,0.20432724320922593
lung,baseline,40000,89,56,56,0.20879067825336653
lung,baseline,40000,89,37,37,0.19770967576417264
lung,baseline,40000,89,36,36,0.19431607288498332
lung,baseline,40000,89,88,88,0.003594330114102544
lung,baseline,40000,89,87,87,0.009669150602198166
lung,baseline,40000,89,87,87,0.004488434372745031
lung,baseline,40000,89,43,43,0.2724686680664918
lung,baseline,40000,89,39,39,0.27135429093742336
lung,baseline,40000,89,28,28,0.3491321416456424
lung,baseline,40000,89,85,85,0.1135297436207472
lung,baseline,40000,89,37,37,0.24089850644256802
lung,baseline,40000,89,34,34,0.16431660464694603
lung,baseline,40000,89,37,37,0.09850717314064919
lung,baseline,40000,89,34,34,0.1842230173582268
lung,baseline,40000,89,33,33,0.06593614485256623
lung,baseline,40000,89,88,88,0.10525650029246432
lung,baseline,40000,89,88,88,0.08422745017881622
lung,baseline,40000,89,88,88,0.173825175448315
lung,baseline,40000,89,87,87,0.08920075937347881
lung,baseline,40000,89,85,85,0.06912988039725088
lung,baseline,40000,89,83,83,0.16700600920657033
lung,baseline,40000,89,71,71,0.06100699822567496
lung,baseline,40000,89,86,86,0.016349052257451598
lung,baseline,40000,89,84,84,0.14921686676297782
lung,baseline,40000,89,75,75,0.14458107364708608
lung,baseline,40000,89,33,33,0.1024051795535347
lung,baseline,40000,89,34,34,0.07209771592227415
lung,baseline,40000,89,88,88,0.17387249172435382
lung,baseline,40000,89,88,88,0.22390445259662484
lung,baseline,40000,89,88,88,0.08288392347434893
lung,baseline,40000,89,84,84,0.13107813932829887
lung,baseline,40000,89,83,83,0.09973084960520129
lung,baseline,40000,89,88,88,0.003245152316214668
lung,baseline,40000,89,88,88,0.1702840335714533
lung,baseline,40000,89,88,88,0.0038297995467692224
lung,baseline,40000,89,88,88,0.06891475139809046
lung,baseline,40000,89,88,88,0.13881922495788845
lung,baseline,40000,89,88,88,0.0003402667599980702
lung,baseline,40000,89,88,88,0.30458871550553074
lung,baseline,40000,89,88,88,0.03586656696917929
lung,baseline,40000,89,88,88,0.0005482756582381235
lung,baseline,40000,89,85,85,0.01613633466864856
lung,baseline,40000,89,88,88,0.29774907313265103
lung,baseline,40000,89,85,85,0.2194258629447488
lung,baseline,40000,89,84,84,0.1989493713547005
lung,baseline,40000,89,71,71,0.17847137235029925
lung,baseline,40000,89,56,56,0.2084117645053862
lung,baseline,40000,89,87,87,0.015536255431008885
lung,baseline,40000,89,84,84,0.03115224225448166
lung,baseline,40000,89,82,82,0.03268823703848689
lung,baseline,40000,89,84,84,0.12859192592609162
lung,baseline,40000,89,80,80,0.10050316059593478
lung,baseline,40000,89,87,87,0.02602151027148203
lung,baseline,40000,89,56,56,0.10678871821289156
lung,baseline,40000,89,82,82,0.17392443122527704
lung,baseline,40000,89,88,88,0.11522693655907194
lung,baseline,40000,89,34,34,0.06989047654100482
lung,baseline,40000,89,88,88,0.014020018954942952
lung,baseline,40000,89,88,88,0.014635355391893196
lung,baseline,40000,89,87,87,0.012489967108515698
lung,baseline,40000,89,87,87,0.00873922041870212
lung,baseline,40000,89,86,86,0.2943549853077872
lung,baseline,40000,89,79,79,0.0905070167837944
lung,baseline,40000,89,78,78,0.09055924489258438
lung,baseline,40000,89,71,71,0.2526967763062533
lung,baseline,40000,89,56,56,0.11162441094863541
lung,baseline,40000,89,34,34,0.07159375138566819
lung,baseline,40000,89,85,85,0.12105084427763761
lung,baseline,40000,89,84,84,0.13275874979442848
lung,baseline,40000,89,82,82,0.12273442611177296
lung,baseline,40000,89,56,56,0.19784398963841957
lung,baseline,40000,89,40,40,0.1631319584728757
lung,baseline,40000,89,39,39,0.22356232277948765
lung,baseline,40000,89,88,88,0.05281005525321625
lung,baseline,40000,89,88,88,0.0020921467397222
lung,baseline,40000,89,88,88,0.22307903256338382
lung,baseline,40000,89,88,88,0.06164795389485544
lung,baseline,40000,89,88,88,0.21291219608906173
lung,baseline,40000,89,87,87,0.0006089797369253801
lung,baseline,40000,89,88,88,0.1878766344332058
lung,baseline,40000,89,88,88,0.12366805568427498
lung,baseline,40000,89,87,87,0.009517938384634897
lung,baseline,40000,89,86,86,0.04006585029889711
lung,baseline,40000,89,40,40,0.24761442135015482
lung,baseline,40000,89,39,39,0.2910369172155276
lung,baseline,40000,89,37,37,0.24943430016480564
lung,baseline,40000,89,36,36,0.20492053757841777
lung,baseline,40000,89,27,27,0.3508064313653208
lung,baseline,40000,89,88,88,0.07192991215375764
lung,baseline,40000,89,88,88,0.08967237060251382
lung,baseline,40000,89,88,88,0.18523788241380823
lung,baseline,40000,89,88,88,0.23300631094119906
lung,baseline,40000,89,87,87,0.022585787967111175
lung,baseline,40000,89,83,83,0.1804683929774114
lung,baseline,40000,89,88,88,0.07862670588072
lung,baseline,40000,89,88,88,0.16549904914098731
lung,baseline,40000,89,88,88,0.10608476492821421
lung,baseline,40000,89,86,86,0.111237575793408
lung,baseline,40000,89,85,85,0.12234566972618988
lung,baseline,40000,89,84,84,0.11994215501141185
lung,baseline,40000,89,83,83,0.14738021606060117
lung,baseline,40000,89,88,88,0.06142195975475218
lung,baseline,40000,89,88,88,0.028468756444336763
lung,baseline,40000,89,88,88,0.2878859349919585
lung,baseline,40000,89,88,88,0.008899256986664555
lung,baseline,40000,89,88,88,0.16798758222812024
lung,baseline,40000,89,88,88,0.027451452899184006
lung,baseline,40000,89,88,88,0.06496604361960324
lung,baseline,40000,89,88,88,0.00787329445640419
lung,baseline,40000,89,86,86,0.06449620672359108
lung,baseline,40000,89,75,75,0.26004377456665995
lung,baseline,40000,89,56,56,0.3055240243008959
lung,baseline,40000,89,40,40,0.2739297672906944
lung,baseline,40000,89,39,39,0.3238056064389513
lung,baseline,40000,89,27,27,0.42352191116305676
lung,baseline,40000,89,34,34,0.09990915266778849
lung,baseline,40000,89,87,87,0.12998326290418127
lung,baseline,40000,89,87,87,0.1382302530951887
lung,baseline,40000,89,86,86,0.05443895487056955
lung,baseline,40000,89,80,80,0.08598282250785887
lung,baseline,40000,89,88,88,0.06779415389915557
lung,baseline,40000,89,87,87,0.032506319621766
lung,baseline,40000,89,79,79,0.23200979200769736
lung,baseline,40000,89,43,43,0.31401256952061196
lung,baseline,40000,89,39,39,0.31493799628848856
lung,baseline,40000,89,37,37,0.2848678019224648
lung,baseline,40000,89,27,27,0.3831908523366723
lung,baseline,40000,89,34,34,0.2284293542583648
lung,baseline,40000,89,88,88,0.011965895710914205
lung,baseline,40000,89,88,88,0.03359617587796076
lung,baseline,40000,89,87,87,0.014771226606199806
lung,baseline,40000,89,87,87,0.016574401301795473
lung,baseline,40000,89,84,84,0.03362934597964963
lung,baseline,40000,89,34,34,0.06321371406052259
lung,baseline,40000,89,88,88,0.053097718341251036
lung,baseline,40000,89,76,76,0.08505469264545203
lung,baseline,40000,89,34,34,0.06186345471257003
lung,baseline,40000,89,34,34,0.11763179455816902
lung,baseline,40000,90,14,14,0.3172379495919694
lung,baseline,40000,90,37,37,0.14305259576163368
lung,baseline,40000,90,36,36,0.08558742917587642
lung,baseline,40000,90,34,34,0.2377523075700345
lung,baseline,40000,90,89,89,0.12769740948392405
lung,baseline,40000,90,85,85,0.02900771094214198
lung,baseline,40000,90,62,62,0.07679778840990499
lung,baseline,40000,90,89,89,0.011137157435240921
lung,baseline,40000,90,89,89,0.010873908079110673
lung,baseline,40000,90,87,87,0.030205827949575267
lung,baseline,40000,90,87,87,0.00969668847380245
lung,baseline,40000,90,86,86,0.012146776027655851
lung,baseline,40000,90,89,89,0.12997359000284214
lung,baseline,40000,90,77,77,0.06723143355453895
lung,baseline,40000,90,77,77,0.0510030982016981
lung,baseline,40000,90,77,77,0.15595273135124732
lung,baseline,40000,90,76,76,0.0419799239826494
lung,baseline,40000,90,89,89,0.15390743960660136
lung,baseline,40000,90,89,89,0.139366442030445
lung,baseline,40000,90,87,87,0.02306738317438549
lung,baseline,40000,90,85,85,0.17397366052084431
lung,baseline,40000,90,56,56,0.11412198235410763
lung,baseline,40000,90,14,14,0.17206292488373554
lung,baseline,40000,90,87,87,0.008977196516990273
lung,baseline,40000,90,86,86,0.024185543879323108
lung,baseline,40000,90,89,89,0.014496410557967276
lung,baseline,40000,90,89,89,0.022297946018149727
lung,baseline,40000,90,88,88,0.021908872076899254
lung,baseline,40000,90,87,87,0.011585552365274218
lung,baseline,40000,90,87,87,0.011523996323596393
lung,baseline,40000,90,14,14,0.27001741637190985
lung,baseline,40000,90,89,89,0.13074792969411156
lung,baseline,40000,90,34,34,0.1606229474116347
lung,baseline,40000,90,89,89,0.0030410366157422914
lung,baseline,40000,90,88,88,0.1302253563176638
lung,baseline,40000,90,88,88,0.13003756909328035
lung,baseline,40000,90,34,34,0.07260196861658663
lung,baseline,40000,90,89,89,0.021798680733588906
lung,baseline,40000,90,89,89,0.0033252970293194658
lung,baseline,40000,90,89,89,0.006169765513370607
lung,baseline,40000,90,89,89,0.042326769473438663
lung,baseline,40000,90,88,88,0.0302572044378433
lung,baseline,40000,90,87,87,0.015475452647844116
lung,baseline,40000,90,80,80,0.02939945635816199
lung,baseline,40000,90,77,77,0.13850092086877144
lung,baseline,40000,90,71,71,0.056944155590196874
lung,baseline,40000,90,89,89,0.10946802118414761
lung,baseline,40000,90,62,62,0.10476200324417657
lung,baseline,40000,90,34,34,0.15626728990007627
lung,baseline,40000,90,89,89,0.056963071743059736
lung,baseline,40000,90,87,87,0.12691791078856715
lung,baseline,40000,90,87,87,0.12928028648084613
lung,baseline,40000,90,89,89,0.011243006893149646
lung,baseline,40000,90,89,89,0.02131563072996843
lung,baseline,40000,90,85,85,0.03068816064926821
lung,baseline,40000,90,89,89,0.1816799985972763
lung,baseline,40000,90,88,88,0.13084766307177864
lung,baseline,40000,90,82,82,0.13102862508801288
lung,baseline,40000,90,78,78,0.11496730509698608
lung,baseline,40000,90,43,43,0.14914546698433695
lung,baseline,40000,90,39,39,0.13934314067634895
lung,baseline,40000,90,84,84,0.31069606594794635
lung,baseline,40000,90,82,82,0.29888528307697476
lung,baseline,40000,90,34,34,0.15419585490952797
lung,baseline,40000,90,51,51,0.14335633066736542
lung,baseline,40000,90,43,43,0.3023213351460695
lung,baseline,40000,90,28,28,0.3359493692564929
lung,baseline,40000,90,56,56,0.12915617493825846
lung,baseline,40000,90,88,88,0.00778558635682776
lung,baseline,40000,90,86,86,0.306183213670459
lung,baseline,40000,90,80,80,0.29727165583351817
lung,baseline,40000,90,78,78,0.30554152296287374
lung,baseline,40000,90,70,70,0.32492414436464573
lung,baseline,40000,90,34,34,0.14974350135036016
lung,baseline,40000,90,43,43,0.1514484534182294
lung,baseline,40000,90,39,39,0.15731968190731313
lung,baseline,40000,90,66,66,0.2436845558354543
lung,baseline,40000,90,62,62,0.23184492834801598
lung,baseline,40000,90,56,56,0.24160385127734113
lung,baseline,40000,90,37,37,0.19593160784274452
lung,baseline,40000,90,36,36,0.16547812199810974
lung,baseline,40000,90,80,80,0.029910090361035657
lung,baseline,40000,90,75,75,0.0376749484370986
lung,baseline,40000,90,87,87,0.007507777720537849
lung,baseline,40000,90,86,86,0.022080658949478967
lung,baseline,40000,90,34,34,0.30331682025018275
lung,baseline,40000,90,89,89,0.06473619415329798
lung,baseline,40000,90,89,89,0.16282365004923358
lung,baseline,40000,90,89,89,0.052568362395158254
lung,baseline,40000,90,89,89,0.0470321292792326
lung,baseline,40000,90,89,89,0.013951842344241985
lung,baseline,40000,90,89,89,0.1000554632387301
lung,baseline,40000,90,88,88,0.035688498378134106
lung,baseline,40000,90,37,37,0.16889646173661796
lung,baseline,40000,90,36,36,0.11447228896343987
lung,baseline,40000,90,34,34,0.24188731341423853
lung,baseline,40000,90,89,89,0.02055843264938528
lung,baseline,40000,90,89,89,0.1125299700219718
lung,baseline,40000,90,89,89,0.0930070532266202
lung,baseline,40000,90,88,88,0.023875983441441543
lung,baseline,40000,90,43,43,0.2866411129669866
lung,baseline,40000,90,39,39,0.28769345142811226
lung,baseline,40000,90,37,37,0.22602200999716154
lung,baseline,40000,90,28,28,0.32910783986033426
lung,baseline,40000,90,89,89,0.033706835040555605
lung,baseline,40000,90,89,89,0.02422472494182569
lung,baseline,40000,90,89,89,0.003708339845042934
lung,baseline,40000,90,89,89,0.019798646717179617
lung,baseline,40000,90,88,88,0.030348859114066182
lung,baseline,40000,90,89,89,0.1259295699824209
lung,baseline,40000,90,88,88,0.014425753040921691
lung,baseline,40000,90,88,88,0.1191043830834187
lung,baseline,40000,90,86,86,0.12218407440578992
lung,baseline,40000,90,74,74,0.17870303155061026
lung,baseline,40000,90,56,56,0.20454265245108147
lung,baseline,40000,90,43,43,0.2248947572229136
lung,baseline,40000,90,39,39,0.23299660430947364
lung,baseline,40000,90,37,37,0.20940536390043843
lung,baseline,40000,90,89,89,0.1293378031446758
lung,baseline,40000,90,62,62,0.0705199261354769
lung,baseline,40000,90,43,43,0.13516862717038383
lung,baseline,40000,90,39,39,0.15346175924402225
lung,baseline,40000,90,87,87,0.007811002505137956
lung,baseline,40000,90,89,89,0.007661304285937576
lung,baseline,40000,90,87,87,0.08196599521020681
lung,baseline,40000,90,87,87,0.09401357633451381
lung,baseline,40000,90,87,87,0.08759282239432716
lung,baseline,40000,90,84,84,0.1602501411904314
lung,baseline,40000,90,82,82,0.12681660842671155
lung,baseline,40000,90,34,34,0.15735233158201822
lung,baseline,40000,90,89,89,0.002650880945458983
lung,baseline,40000,90,89,89,0.014218715921914728
lung,baseline,40000,90,89,89,0.026087074715281974
lung,baseline,40000,90,84,84,0.01493848520927476
lung,baseline,40000,90,89,89,0.01643669498772165
lung,baseline,40000,90,89,89,0.12653916357324385
lung,baseline,40000,90,89,89,0.017803417271424097
lung,baseline,40000,90,69,69,0.05982302328689963
lung,baseline,40000,90,66,66,0.1815734644780335
lung,baseline,40000,90,37,37,0.15858448758851604
lung,baseline,40000,90,36,36,0.0996834701711384
lung,baseline,40000,90,34,34,0.22987962743104753
lung,baseline,40000,90,88,88,0.12376418127444294
lung,baseline,40000,90,87,87,0.1659082110161117
lung,baseline,40000,90,87,87,0.16514123595009572
lung,baseline,40000,90,84,84,0.12593534495837005
lung,baseline,40000,90,82,82,0.12143482364989633
lung,baseline,40000,90,37,37,0.20827162038712138
lung,baseline,40000,90,36,36,0.17405841890237977
lung,baseline,40000,90,34,34,0.19807008485719635
lung,baseline,40000,90,89,89,0.012859755210846965
lung,baseline,40000,90,89,89,0.12612358184443132
lung,baseline,40000,90,77,77,0.15174567224954394
lung,baseline,40000,90,37,37,0.19834192804870457
lung,baseline,40000,90,89,89,0.01590470077052341
lung,baseline,40000,90,89,89,0.0781123543895175
lung,baseline,40000,90,89,89,0.12657133516230806
lung,baseline,40000,90,89,89,0.21670921945924193
lung,baseline,40000,90,84,84,0.019915894907774675
lung,baseline,40000,90,86,86,0.02278904939870615
lung,baseline,40000,90,75,75,0.21449823356085793
lung,baseline,40000,90,89,89,0.06723197749822196
lung,baseline,40000,90,83,83,0.26877937425538556
lung,baseline,40000,90,82,82,0.19591886548248816
lung,baseline,40000,90,89,89,0.26603263372750363
lung,baseline,40000,90,71,71,0.23498980672158018
lung,baseline,40000,90,56,56,0.19733091532021133
lung,baseline,40000,90,56,56,0.09132891673117784
lung,baseline,40000,90,89,89,0.0049197472111125184
lung,baseline,40000,90,89,89,0.017699942767136555
lung,baseline,40000,90,89,89,0.015613274863893826
lung,baseline,40000,90,89,89,0.04544939817651072
lung,baseline,40000,90,89,89,0.018874803857133287
lung,baseline,40000,90,89,89,0.013183634095103458
lung,baseline,40000,90,89,89,0.024628287437677168
lung,baseline,40000,90,89,89,0.009785392786761736
lung,baseline,40000,90,88,88,0.010995694641311771
lung,baseline,40000,90,80,80,0.019848087557077822
lung,baseline,40000,90,77,77,0.02575158697123239
lung,baseline,40000,90,56,56,0.1076834732833524
lung,baseline,40000,90,89,89,0.00671678648958624
lung,baseline,40000,90,88,88,0.09927686448106772
lung,baseline,40000,90,88,88,0.09759413774015639
lung,baseline,40000,90,89,89,0.1297643438918217
lung,baseline,40000,90,89,89,0.1317856000056903
lung,baseline,40000,90,34,34,0.07597112629281016
lung,baseline,40000,90,89,89,0.12842282027808216
lung,baseline,40000,90,88,88,0.025071858291192448
lung,baseline,40000,90,89,89,0.14255941665051253
lung,baseline,40000,90,86,86,0.06070216084641347
lung,baseline,40000,90,77,77,0.04903702851537124
lung,baseline,40000,90,56,56,0.08586751669665205
lung,baseline,40000,90,84,84,0.19564085376543425
lung,baseline,40000,90,83,83,0.20728748312891176
lung,baseline,40000,90,69,69,0.21878708893269563
lung,baseline,40000,90,87,87,0.010059850199403041
lung,baseline,40000,90,89,89,0.15442938791112953
lung,baseline,40000,90,88,88,0.12691076450512392
lung,baseline,40000,90,88,88,0.023384036813049677
lung,baseline,40000,90,82,82,0.16752499760930192
lung,baseline,40000,90,80,80,0.1732649697912908
lung,baseline,40000,90,62,62,0.16534410357269383
lung,baseline,40000,90,37,37,0.1453668990385496
lung,baseline,40000,90,36,36,0.08690187472254832
lung,baseline,40000,90,89,89,0.2536700420183996
lung,baseline,40000,90,72,72,0.26668530624126
lung,baseline,40000,90,62,62,0.23378593970322478
lung,baseline,40000,90,89,89,0.1790421172595484
lung,baseline,40000,90,85,85,0.14147350927008442
lung,baseline,40000,90,87,87,0.15307251049092818
lung,baseline,40000,90,87,87,0.015088150877722365
lung,baseline,40000,90,87,87,0.14254891104427828
lung,baseline,40000,90,86,86,0.11189056631726872
lung,baseline,40000,90,86,86,0.09231699029315321
lung,baseline,40000,90,84,84,0.14200936680318574
lung,baseline,40000,90,84,84,0.1782767927276108
lung,baseline,40000,90,85,85,0.19356959161780782
lung,baseline,40000,90,84,84,0.22617641689488066
lung,baseline,40000,90,78,78,0.1814807973101015
lung,baseline,40000,90,89,89,0.03458547729820918
lung,baseline,40000,90,89,89,0.12375259305197467
lung,baseline,40000,90,37,37,0.1652607970639431
lung,baseline,40000,90,36,36,0.10636182363258485
lung,baseline,40000,90,34,34,0.241909531973673
lung,baseline,40000,90,86,86,0.11118132227422711
lung,baseline,40000,90,83,83,0.03538516529052812
lung,baseline,40000,90,37,37,0.10813724935252443
lung,baseline,40000,90,34,34,0.06945474299101265
lung,baseline,40000,90,87,87,0.007974862931745185
lung,baseline,40000,90,56,56,0.12857844282801248
lung,baseline,40000,90,89,89,0.0047692006416796525
lung,baseline,40000,90,87,87,0.11511286936722881
lung,baseline,40000,90,89,89,0.011718957481576836
lung,baseline,40000,90,87,87,0.10244074294140507
lung,baseline,40000,90,87,87,0.10369793845328741
lung,baseline,40000,90,87,87,0.022595952420406337
lung,baseline,40000,90,87,87,0.10857897517436405
lung,baseline,40000,90,85,85,0.12681503798820548
lung,baseline,40000,90,76,76,0.03999773115248508
lung,baseline,40000,90,87,87,0.1304463084966615
lung,baseline,40000,90,34,34,0.07260919795595144
lung,baseline,40000,90,89,89,0.12609036512476934
lung,baseline,40000,90,62,62,0.18474592356535513
lung,baseline,40000,90,36,36,0.20230106302432097
lung,baseline,40000,90,85,85,0.15652981553091685
lung,baseline,40000,90,43,43,0.28671436293327374
lung,baseline,40000,90,39,39,0.28999311596484384
lung,baseline,40000,90,89,89,0.023000024368624455
lung,baseline,40000,90,88,88,0.06565877992195006
lung,baseline,40000,91,33,33,0.07205990618890874
lung,baseline,40000,91,77,77,0.16591635854398395
lung,baseline,40000,91,77,77,0.17420540107324808
lung,baseline,40000,91,76,76,0.150626436768477
lung,baseline,40000,91,90,90,0.11346247704826351
lung,baseline,40000,91,89,89,0.058636821323985414
lung,baseline,40000,91,56,56,0.22750176499871108
lung,baseline,40000,91,90,90,0.14036893992336488
lung,baseline,40000,91,84,84,0.15230279844393696
lung,baseline,40000,91,72,72,0.07706213394455341
lung,baseline,40000,91,62,62,0.17071196135705535
lung,baseline,40000,91,89,89,0.016314444940143627
lung,baseline,40000,91,56,56,0.1535579763954507
lung,baseline,40000,91,90,90,0.023736789920332933
lung,baseline,40000,91,88,88,0.01263898909657124
lung,baseline,40000,91,28,28,0.43065432951956356
lung,baseline,40000,91,75,75,0.2326820837153482
lung,baseline,40000,91,71,71,0.2479151240185305
lung,baseline,40000,91,43,43,0.14369778912520162
lung,baseline,40000,91,39,39,0.1525215558978043
lung,baseline,40000,91,90,90,0.007794202005853185
lung,baseline,40000,91,89,89,0.06342781203211369
lung,baseline,40000,91,89,89,0.029914103920499372
lung,baseline,40000,91,89,89,0.01188525323632831
lung,baseline,40000,91,89,89,0.06238888306551863
lung,baseline,40000,91,87,87,0.017409082932361937
lung,baseline,40000,91,87,87,0.031734167090008154
lung,baseline,40000,91,80,80,0.03131941674990028
lung,baseline,40000,91,88,88,0.31887776721441236
lung,baseline,40000,91,83,83,0.08963398484366547
lung,baseline,40000,91,80,80,0.1404369816384034
lung,baseline,40000,91,62,62,0.08277660068122417
lung,baseline,40000,91,51,51,0.187989908086636
lung,baseline,40000,91,43,43,0.35101890026205745
lung,baseline,40000,91,28,28,0.40759212694299374
lung,baseline,40000,91,90,90,0.05930017814289427
lung,baseline,40000,91,89,89,0.11652977933990154
lung,baseline,40000,91,77,77,0.16434226956946477
lung,baseline,40000,91,77,77,0.1726779499834644
lung,baseline,40000,91,76,76,0.14819414397901412
lung,baseline,40000,91,62,62,0.13347512511110982
lung,baseline,40000,91,14,14,0.2092442790620249
lung,baseline,40000,91,87,87,0.09118997617573911
lung,baseline,40000,91,84,84,0.07227250419973077
lung,baseline,40000,91,83,83,0.06454353812645733
lung,baseline,40000,91,37,37,0.18783501987164666
lung,baseline,40000,91,34,34,0.18157639721577848
lung,baseline,40000,91,89,89,0.12456018188983005
lung,baseline,40000,91,90,90,0.021425912110138546
lung,baseline,40000,91,90,90,0.13165785425902693
lung,baseline,40000,91,90,90,0.026161915517531584
lung,baseline,40000,91,90,90,0.030219789558065216
lung,baseline,40000,91,90,90,0.05332245509495472
lung,baseline,40000,91,89,89,0.0521440239737909
lung,baseline,40000,91,88,88,0.057601482491574846
lung,baseline,40000,91,88,88,0.05636697096674565
lung,baseline,40000,91,88,88,0.030535289982648376
lung,baseline,40000,91,87,87,0.1669954515790279
lung,baseline,40000,91,82,82,0.12937220103800381
lung,baseline,40000,91,90,90,0.00621724665130828
lung,baseline,40000,91,90,90,0.004582645796318558
lung,baseline,40000,91,90,90,0.0030162909689998023
lung,baseline,40000,91,90,90,0.010937204387811601
lung,baseline,40000,91,90,90,0.008944958859917402
lung,baseline,40000,91,90,90,0.005867376525114525
lung,baseline,40000,91,90,90,0.0032566708814855566
lung,baseline,40000,91,90,90,0.004671371116768534
lung,baseline,40000,91,90,90,0.021739584472296677
lung,baseline,40000,91,89,89,0.018149162229412607
lung,baseline,40000,91,89,89,0.006676809901799296
lung,baseline,40000,91,89,89,0.005397564662689178
lung,baseline,40000,91,89,89,0.008772208960465957
lung,baseline,40000,91,89,89,0.01354382703954795
lung,baseline,40000,91,89,89,0.004625195482443054
lung,baseline,40000,91,88,88,0.015220331062680155
lung,baseline,40000,91,88,88,0.008119476644025757
lung,baseline,40000,91,88,88,0.009912667063413013
lung,baseline,40000,91,87,87,0.01360999797959696
lung,baseline,40000,91,84,84,0.013503525341330425
lung,baseline,40000,91,90,90,0.1275576528786824
lung,baseline,40000,91,88,88,0.017357715480562693
lung,baseline,40000,91,88,88,0.028775584735911644
lung,baseline,40000,91,85,85,0.05207229450788976
lung,baseline,40000,91,85,85,0.029801910724667514
lung,baseline,40000,91,33,33,0.29191239861568835
lung,baseline,40000,91,56,56,0.11482869946110665
lung,baseline,40000,91,90,90,0.1063359623310925
lung,baseline,40000,91,90,90,0.05763604608684794
lung,baseline,40000,91,88,88,0.053062346995987705
lung,baseline,40000,91,90,90,0.021530615186935633
lung,baseline,40000,91,90,90,0.011894983134546067
lung,baseline,40000,91,90,90,0.03896460890664428
lung,baseline,40000,91,90,90,0.03255827789158726
lung,baseline,40000,91,90,90,0.1271621685840574
lung,baseline,40000,91,90,90,0.02646523329962234
lung,baseline,40000,91,90,90,0.019460441552255448
lung,baseline,40000,91,89,89,0.03496641662940384
lung,baseline,40000,91,89,89,0.020177318883881506
lung,baseline,40000,91,88,88,0.06633282826641201
lung,baseline,40000,91,88,88,0.05737231719360905
lung,baseline,40000,91,88,88,0.021000932403348875
lung,baseline,40000,91,82,82,0.05138432261284239
lung,baseline,40000,91,56,56,0.21364062693320612
lung,baseline,40000,91,37,37,0.13409855653503705
lung,baseline,40000,91,36,36,0.09538990106401318
lung,baseline,40000,91,73,73,0.18586245651949962
lung,baseline,40000,91,66,66,0.2141807078774884
lung,baseline,40000,91,90,90,0.1135906975860751
lung,baseline,40000,91,90,90,0.056245089825264424
lung,baseline,40000,91,82,82,0.02051494873044835
lung,baseline,40000,91,88,88,0.05141006100818887
lung,baseline,40000,91,34,34,0.12625160117116735
lung,baseline,40000,91,89,89,0.016349773882400095
lung,baseline,40000,91,85,85,0.2435207888357272
lung,baseline,40000,91,85,85,0.20593708433330019
lung,baseline,40000,91,85,85,0.2737223900712483
lung,baseline,40000,91,71,71,0.28054492040874784
lung,baseline,40000,91,56,56,0.2214360384282799
lung,baseline,40000,91,84,84,0.2044247539731311
lung,baseline,40000,91,73,73,0.16745239286711638
lung,baseline,40000,91,80,80,0.06666614701111873
lung,baseline,40000,91,86,86,0.12182886855827307
lung,baseline,40000,91,80,80,0.041885643751531906
lung,baseline,40000,91,37,37,0.14381959817421516
lung,baseline,40000,91,34,34,0.21136768605715794
lung,baseline,40000,91,89,89,0.11989172036431747
lung,baseline,40000,91,88,88,0.027796213270629134
lung,baseline,40000,91,88,88,0.12900452949588678
lung,baseline,40000,91,87,87,0.19147695679857732
lung,baseline,40000,91,83,83,0.046476125973930096
lung,baseline,40000,91,56,56,0.20634675670711067
lung,baseline,40000,91,85,85,0.02630981030643546
lung,baseline,40000,91,51,51,0.14221692315883586
lung,baseline,40000,91,43,43,0.29960264412267285
lung,baseline,40000,91,28,28,0.3301576444467927
lung,baseline,40000,91,87,87,0.22825858877475844
lung,baseline,40000,91,87,87,0.22433003577424201
lung,baseline,40000,91,90,90,0.0362541886429873
lung,baseline,40000,91,89,89,0.046222050079438554
lung,baseline,40000,91,82,82,0.03561595364960789
lung,baseline,40000,91,90,90,0.10761275609149903
lung,baseline,40000,91,88,88,0.03862153862040338
lung,baseline,40000,91,70,70,0.10010417815144436
lung,baseline,40000,91,90,90,0.01404987940350028
lung,baseline,40000,91,90,90,0.01128046521320698
lung,baseline,40000,91,89,89,0.03376051302788885
lung,baseline,40000,91,89,89,0.21498713039501008
lung,baseline,40000,91,90,90,0.21920697057369126
lung,baseline,40000,91,89,89,0.03722438867069032
lung,baseline,40000,91,85,85,0.05958103406687818
lung,baseline,40000,91,87,87,0.046077001318353496
lung,baseline,40000,91,37,37,0.1554498710309837
lung,baseline,40000,91,36,36,0.10120424848024456
lung,baseline,40000,91,34,34,0.2297753456027427
lung,baseline,40000,91,43,43,0.26895951107579846
lung,baseline,40000,91,39,39,0.26162389883157955
lung,baseline,40000,91,28,28,0.2999634400226679
lung,baseline,40000,91,89,89,0.0609533691332212
lung,baseline,40000,91,88,88,0.012637542192226368
lung,baseline,40000,91,90,90,0.12138073946978863
lung,baseline,40000,91,90,90,0.00916946397320618
lung,baseline,40000,91,89,89,0.046694282031391136
lung,baseline,40000,91,88,88,0.04463958407503476
lung,baseline,40000,91,88,88,0.053326995541209364
lung,baseline,40000,91,87,87,0.03242584088809648
lung,baseline,40000,91,14,14,0.20651593581956668
lung,baseline,40000,91,43,43,0.2553760520927826
lung,baseline,40000,91,39,39,0.2559011358324705
lung,baseline,40000,91,28,28,0.3012019499635658
lung,baseline,40000,91,34,34,0.08382380005274377
lung,baseline,40000,91,34,34,0.16209391468447973
lung,baseline,40000,91,43,43,0.14103379600168817
lung,baseline,40000,91,39,39,0.14373250274068014
lung,baseline,40000,91,85,85,0.2265471205038459
lung,baseline,40000,91,63,63,0.12677537726812
lung,baseline,40000,91,90,90,0.04959731984513937
lung,baseline,40000,91,90,90,0.0245650815248083
lung,baseline,40000,91,90,90,0.04838843584796181
lung,baseline,40000,91,90,90,0.05071140070685661
lung,baseline,40000,91,90,90,0.0597339933347228
lung,baseline,40000,91,89,89,0.05222641082680728
lung,baseline,40000,91,88,88,0.05543734016760037
lung,baseline,40000,91,87,87,0.05355203049470882
lung,baseline,40000,91,87,87,0.05671356720100258
lung,baseline,40000,91,80,80,0.03791585125026272
lung,baseline,40000,91,88,88,0.040166642623143935
lung,baseline,40000,91,88,88,0.057616759171251225
lung,baseline,40000,91,85,85,0.12339871957777508
lung,baseline,40000,91,84,84,0.11216724987373679
lung,baseline,40000,91,84,84,0.027196957651040837
lung,baseline,40000,91,80,80,0.11089295337187259
lung,baseline,40000,91,90,90,0.019778304715561267
lung,baseline,40000,91,88,88,0.02390956253889941
lung,baseline,40000,91,87,87,0.16646027624452187
lung,baseline,40000,91,39,39,0.15937468750745135
lung,baseline,40000,91,87,87,0.11393935525063129
lung,baseline,40000,91,87,87,0.12676699025695512
lung,baseline,40000,91,90,90,0.07405729794501709
lung,baseline,40000,91,90,90,0.1291757486394503
lung,baseline,40000,91,88,88,0.06773287619809681
lung,baseline,40000,91,88,88,0.06442673503143584
lung,baseline,40000,91,82,82,0.054278392669866504
lung,baseline,40000,91,37,37,0.20866606093402354
lung,baseline,40000,91,36,36,0.17416725560239885
lung,baseline,40000,91,34,34,0.2834845895681332
lung,baseline,40000,91,84,84,0.12619298695735384
lung,baseline,40000,91,90,90,0.10142336320315212
lung,baseline,40000,91,28,28,0.36478070890005393
lung,baseline,40000,91,90,90,0.11151739076465626
lung,baseline,40000,91,88,88,0.05875361596368105
lung,baseline,40000,91,88,88,0.025084600027454183
lung,baseline,40000,91,90,90,0.026897314383098638
lung,baseline,40000,91,90,90,0.07932546171450634
lung,baseline,40000,91,89,89,0.020254249835954304
lung,baseline,40000,91,75,75,0.05189695967877037
lung,baseline,40000,91,56,56,0.14437160561669712
lung,baseline,40000,91,14,14,0.25470260381894433
lung,baseline,40000,91,82,82,0.14809451717132247
lung,baseline,40000,91,37,37,0.15146150119177032
lung,baseline,40000,91,80,80,0.021254727534998175
lung,baseline,40000,91,75,75,0.029924176689208815
lung,baseline,40000,91,90,90,0.01794153087010701
lung,baseline,40000,91,90,90,0.011386767926443294
lung,baseline,40000,91,90,90,0.01297187823135682
lung,baseline,40000,91,33,33,0.15760447107439202
lung,baseline,40000,91,90,90,0.026579192976613993
lung,baseline,40000,91,90,90,0.12674090347875597
lung,baseline,40000,91,85,85,0.025897724834687216
lung,baseline,40000,91,84,84,0.03601303969818271
lung,baseline,40000,91,82,82,0.037295131780458735
lung,baseline,40000,91,88,88,0.017046760180272066
lung,baseline,40000,91,56,56,0.14476375549972073
lung,baseline,40000,91,83,83,0.03589394619747202
lung,baseline,40000,91,62,62,0.1341612329917336
lung,baseline,40000,91,87,87,0.16953648978654887
lung,baseline,40000,91,88,88,0.06041837744485132
lung,baseline,40000,91,84,84,0.12219657555837946
lung,baseline,40000,91,62,62,0.13142120474767086
lung,baseline,40000,91,90,90,0.061172199038200425
lung,baseline,40000,91,89,89,0.027420647246486896
lung,baseline,40000,91,90,90,0.05764767624228791
lung,baseline,40000,91,90,90,0.05617673697234665
lung,baseline,40000,91,90,90,0.016699099311881453
lung,baseline,40000,91,90,90,0.058078231720966725
lung,baseline,40000,91,90,90,0.13154433345144914
lung,baseline,40000,91,90,90,0.21864727837006248
lung,baseline,40000,91,89,89,0.08947149069832343
lung,baseline,40000,91,89,89,0.03495514162281847
lung,baseline,40000,91,89,89,0.03482094014396366
lung,baseline,40000,91,85,85,0.0614270965235255
lung,baseline,40000,91,14,14,0.22139762030740814
lung,baseline,40000,91,56,56,0.12318066673176363
lung,baseline,40000,91,56,56,0.1563616016129353
lung,baseline,40000,91,88,88,0.11271076210625314
lung,baseline,40000,91,78,78,0.25904481550093805
lung,baseline,40000,91,51,51,0.16649772710578511
lung,baseline,40000,91,88,88,0.13655151480570693
lung,baseline,40000,91,90,90,0.007091268618147132
lung,baseline,40000,91,90,90,0.12057258285275575
lung,baseline,40000,91,85,85,0.18056091953364364
lung,baseline,40000,91,37,37,0.09575327963931311
lung,baseline,40000,91,90,90,0.2900984990274397
lung,baseline,40000,91,89,89,0.21064822613612605
lung,baseline,40000,91,85,85,0.22820801399614193
lung,baseline,40000,91,63,63,0.12446169343177431
lung,baseline,40000,91,90,90,0.2699611625553121
lung,baseline,40000,91,90,90,0.24378271262573348
lung,baseline,40000,91,80,80,0.15859157847192842
lung,baseline,40000,91,90,90,0.13193063812171113
lung,baseline,40000,91,90,90,0.029632268394902947
lung,baseline,40000,91,90,90,0.05058073565333116
lung,baseline,40000,91,89,89,0.05913665922645239
lung,baseline,40000,91,88,88,0.0223433116739465
lung,baseline,40000,91,88,88,0.011730452463004899
lung,baseline,40000,91,88,88,0.013267668571333414
lung,baseline,40000,91,88,88,0.05931438666491058
lung,baseline,40000,91,84,84,0.033952261031220655
lung,baseline,40000,91,82,82,0.05437745415437767
lung,baseline,40000,91,37,37,0.13163890448530605
lung,baseline,40000,91,37,37,0.1331941733079885
lung,baseline,40000,91,34,34,0.2027500749109595
lung,baseline,40000,91,89,89,0.05265011586681067
lung,baseline,40000,91,88,88,0.12242934825777675
lung,baseline,40000,91,86,86,0.01016746289886953
lung,baseline,40000,91,89,89,0.27882840944908355
lung,baseline,40000,91,56,56,0.14365636596147208
lung,baseline,40000,91,90,90,0.1364984180840536
lung,baseline,40000,91,90,90,0.031499526829825125
lung,baseline,40000,91,89,89,0.046349769634562415
lung,baseline,40000,91,37,37,0.10469556024369157
lung,baseline,40000,91,80,80,0.07021271649741793
lung,baseline,40000,91,90,90,0.002705574271986495
lung,baseline,40000,91,88,88,0.12931458075633875
lung,baseline,40000,91,90,90,0.18236958994858496
lung,baseline,40000,91,88,88,0.14085333623098018
lung,baseline,40000,91,88,88,0.01769742142953794
lung,baseline,40000,91,88,88,0.15147203278337412
lung,baseline,40000,91,83,83,0.039890440874595444
lung,baseline,40000,91,82,82,0.12780242613553028
lung,baseline,40000,91,33,33,0.14537820829456477
lung,baseline,40000,91,90,90,0.006788038662187943
lung,baseline,40000,91,87,87,0.12427422593082221
lung,baseline,40000,91,66,66,0.24227971783913418
lung,baseline,40000,91,62,62,0.22794837371811705
lung,baseline,40000,91,56,56,0.2441487750449939
lung,baseline,40000,91,37,37,0.2169393543179225
lung,baseline,40000,91,36,36,0.1835160949487448
lung,baseline,40000,91,75,75,0.02265667530408552
lung,baseline,40000,91,89,89,0.2929907064645335
lung,baseline,40000,91,88,88,0.10474111437386636
lung,baseline,40000,91,88,88,0.05219800083231488
lung,baseline,40000,91,88,88,0.015344861047116671
lung,baseline,40000,91,88,88,0.05633411301931304
lung,baseline,40000,91,87,87,0.0718993943009542
lung,baseline,40000,91,89,89,0.014642105897295872
lung,baseline,40000,91,88,88,0.12819715625390232
lung,baseline,40000,91,88,88,0.02081596562917556
lung,baseline,40000,91,88,88,0.019540069817818095
lung,baseline,40000,91,87,87,0.13207285201334432
lung,baseline,40000,91,87,87,0.1350205868770417
lung,baseline,40000,91,84,84,0.033619634414459226
lung,baseline,40000,91,82,82,0.05449637474418335
lung,baseline,40000,91,89,89,0.25688234740638927
lung,baseline,40000,91,88,88,0.018731383184559372
lung,baseline,40000,91,87,87,0.26541847350935877
lung,baseline,40000,91,85,85,0.29379242455443966
lung,baseline,40000,91,84,84,0.2604730396783385
lung,baseline,40000,91,84,84,0.2759558031823718
lung,baseline,40000,91,83,83,0.2623559575089087
lung,baseline,40000,91,71,71,0.2920979847664779
lung,baseline,40000,91,90,90,0.011165880627265899
lung,baseline,40000,91,89,89,0.1179698007811048
lung,baseline,40000,91,89,89,0.015164285794943678
lung,baseline,40000,91,90,90,0.006028463541646736
lung,baseline,40000,91,90,90,0.13247868290463888
lung,baseline,40000,91,90,90,0.06516441209068294
lung,baseline,40000,91,90,90,0.03125309600266274
lung,baseline,40000,91,90,90,0.05134514804112471
lung,baseline,40000,91,88,88,0.021957061531376873
lung,baseline,40000,91,88,88,0.014216198333558356
lung,baseline,40000,91,66,66,0.16183667577631844
lung,baseline,40000,91,62,62,0.1692174887436203
lung,baseline,40000,91,88,88,0.01468672956280641
lung,baseline,40000,91,90,90,0.1283624664795679
lung,baseline,40000,91,88,88,0.0652638997873317
lung,baseline,40000,91,88,88,0.061686423516438965
lung,baseline,40000,91,82,82,0.05414368423780194
lung,baseline,40000,92,87,87,0.19480975498346495
lung,baseline,40000,92,85,85,0.20826244347544326
lung,baseline,40000,92,56,56,0.295418440863218
lung,baseline,40000,92,14,14,0.2638673790841226
lung,baseline,40000,92,91,91,0.1271143510104018
lung,baseline,40000,92,91,91,0.045168596450988106
lung,baseline,40000,92,62,62,0.06058535708854497
lung,baseline,40000,92,91,91,0.12964277302771723
lung,baseline,40000,92,89,89,0.07192125337438467
lung,baseline,40000,92,88,88,0.06606029078438529
lung,baseline,40000,92,79,79,0.0875393091373402
lung,baseline,40000,92,56,56,0.12781002863070595
lung,baseline,40000,92,90,90,0.17253584020175416
lung,baseline,40000,92,90,90,0.015460527264686746
lung,baseline,40000,92,90,90,0.029312520909031588
lung,baseline,40000,92,90,90,0.17135378691075845
lung,baseline,40000,92,89,89,0.12342484335408377
lung,baseline,40000,92,62,62,0.1333726942306774
lung,baseline,40000,92,91,91,0.0426377768787438
lung,baseline,40000,92,89,89,0.01527111599073452
lung,baseline,40000,92,88,88,0.05305943389336258
lung,baseline,40000,92,88,88,0.02957473681377862
lung,baseline,40000,92,87,87,0.037063475421626524
lung,baseline,40000,92,82,82,0.03755772730439789
lung,baseline,40000,92,87,87,0.14790390700468015
lung,baseline,40000,92,37,37,0.14293379721231494
lung,baseline,40000,92,36,36,0.08755497225084903
lung,baseline,40000,92,91,91,0.05082114506455792
lung,baseline,40000,92,88,88,0.05356216257599284
lung,baseline,40000,92,91,91,0.28059878637509417
lung,baseline,40000,92,91,91,0.24103189183253
lung,baseline,40000,92,83,83,0.05163535623687435
lung,baseline,40000,92,78,78,0.09948789646011837
lung,baseline,40000,92,91,91,0.012545060955365235
lung,baseline,40000,92,91,91,0.126785789050092
lung,baseline,40000,92,91,91,0.020669501734981062
lung,baseline,40000,92,91,91,0.010730015999254017
lung,baseline,40000,92,91,91,0.011473392367812366
lung,baseline,40000,92,90,90,0.010001018196054805
lung,baseline,40000,92,89,89,0.020515802543692493
lung,baseline,40000,92,85,85,0.05318597525848013
lung,baseline,40000,92,91,91,0.14306537552636756
lung,baseline,40000,92,90,90,0.07007131592490842
lung,baseline,40000,92,89,89,0.03552697281952507
lung,baseline,40000,92,88,88,0.018841940935866844
lung,baseline,40000,92,87,87,0.16243732811696915
lung,baseline,40000,92,83,83,0.13504495691274673
lung,baseline,40000,92,91,91,0.03148680569485704
lung,baseline,40000,92,91,91,0.10739949974572083
lung,baseline,40000,92,91,91,0.01967984414385923
lung,baseline,40000,92,91,91,0.009197645916691477
lung,baseline,40000,92,90,90,0.011252418601122145
lung,baseline,40000,92,90,90,0.004653288004010627
lung,baseline,40000,92,89,89,0.05713085085378965
lung,baseline,40000,92,88,88,0.01576873601913575
lung,baseline,40000,92,79,79,0.08608033341971721
lung,baseline,40000,92,19,19,0.4617899635202931
lung,baseline,40000,92,91,91,0.003760123363064884
lung,baseline,40000,92,90,90,0.01971139977356899
lung,baseline,40000,92,90,90,0.042059190882792634
lung,baseline,40000,92,89,89,0.013619461520567666
lung,baseline,40000,92,91,91,0.008162789791795529
lung,baseline,40000,92,90,90,0.01800238060549263
lung,baseline,40000,92,91,91,0.026172430431813755
lung,baseline,40000,92,90,90,0.009762299709293735
lung,baseline,40000,92,90,90,0.031215448572861126
lung,baseline,40000,92,89,89,0.011416248044851975
lung,baseline,40000,92,89,89,0.02161523547967003
lung,baseline,40000,92,89,89,0.014002163809026413
lung,baseline,40000,92,89,89,0.060546476794602434
lung,baseline,40000,92,79,79,0.07842039391994574
lung,baseline,40000,92,91,91,0.004421269787661502
lung,baseline,40000,92,89,89,0.03021463701609547
lung,baseline,40000,92,87,87,0.009513843022774202
lung,baseline,40000,92,91,91,0.182086799956212
lung,baseline,40000,92,91,91,0.13185515365191436
lung,baseline,40000,92,91,91,0.02256235237555928
lung,baseline,40000,92,91,91,0.021981224828626637
lung,baseline,40000,92,91,91,0.023109344046374405
lung,baseline,40000,92,90,90,0.0059508725214419255
lung,baseline,40000,92,89,89,0.01460889279478459
lung,baseline,40000,92,89,89,0.015920523660095543
lung,baseline,40000,92,89,89,0.007376318499647273
lung,baseline,40000,92,89,89,0.004923396339426673
lung,baseline,40000,92,14,14,0.257062224689522
lung,baseline,40000,92,88,88,0.11659503899467515
lung,baseline,40000,92,37,37,0.07578778860285706
lung,baseline,40000,92,34,34,0.2413134060906686
lung,baseline,40000,92,81,81,0.2274362540150389
lung,baseline,40000,92,77,77,0.2396879329612444
lung,baseline,40000,92,73,73,0.22334184190741133
lung,baseline,40000,92,63,63,0.20671070421884946
lung,baseline,40000,92,43,43,0.2674062140660382
lung,baseline,40000,92,39,39,0.27438179036925936
lung,baseline,40000,92,27,27,0.3193756611773187
lung,baseline,40000,92,91,91,0.28747296281542634
lung,baseline,40000,92,90,90,0.20692628137791577
lung,baseline,40000,92,89,89,0.017116745236694084
lung,baseline,40000,92,91,91,0.013577597898731971
lung,baseline,40000,92,91,91,0.1308943606945363
lung,baseline,40000,92,91,91,0.024267983361542962
lung,baseline,40000,92,91,91,0.05128978022615346
lung,baseline,40000,92,91,91,0.015553169844634333
lung,baseline,40000,92,90,90,0.010895038139737209
lung,baseline,40000,92,89,89,0.055858924980535456
lung,baseline,40000,92,91,91,0.05361253686778141
lung,baseline,40000,92,90,90,0.06292096016575487
lung,baseline,40000,92,89,89,0.07991805160519237
lung,baseline,40000,92,91,91,0.18389699267672144
lung,baseline,40000,92,91,91,0.1278483839411663
lung,baseline,40000,92,91,91,0.01324927439470078
lung,baseline,40000,92,86,86,0.02737510126316411
lung,baseline,40000,92,86,86,0.031861297911635125
lung,baseline,40000,92,62,62,0.08338840819048197
lung,baseline,40000,92,34,34,0.15059670822302157
lung,baseline,40000,92,91,91,0.059214763626184476
lung,baseline,40000,92,90,90,0.07129675855502217
lung,baseline,40000,92,90,90,0.056572324341285785
lung,baseline,40000,92,83,83,0.05465442295168307
lung,baseline,40000,92,37,37,0.26027497742571487
lung,baseline,40000,92,36,36,0.23372639621424385
lung,baseline,40000,92,34,34,0.2575097828752825
lung,baseline,40000,92,87,87,0.3345268745438645
lung,baseline,40000,92,84,84,0.29358771814178375
lung,baseline,40000,92,56,56,0.2017787223711593
lung,baseline,40000,92,37,37,0.2306978640632443
lung,baseline,40000,92,82,82,0.2807218941955752
lung,baseline,40000,92,68,68,0.22269914126225823
lung,baseline,40000,92,51,51,0.1930610675714071
lung,baseline,40000,92,28,28,0.3838049961752762
lung,baseline,40000,92,89,89,0.014124657381884351
lung,baseline,40000,92,87,87,0.008909843936779595
lung,baseline,40000,92,84,84,0.014075612291223857
lung,baseline,40000,92,80,80,0.019293037051540167
lung,baseline,40000,92,91,91,0.007702287631375845
lung,baseline,40000,92,91,91,0.13595658596823276
lung,baseline,40000,92,91,91,0.01838604513691843
lung,baseline,40000,92,89,89,0.2961328784774736
lung,baseline,40000,92,89,89,0.29273550670866394
lung,baseline,40000,92,34,34,0.15475051390736871
lung,baseline,40000,92,90,90,0.054658651047218426
lung,baseline,40000,92,88,88,0.05767109067851739
lung,baseline,40000,92,87,87,0.10486405431461256
lung,baseline,40000,92,81,81,0.02722853540325658
lung,baseline,40000,92,75,75,0.13431951584830348
lung,baseline,40000,92,91,91,0.0174778818816057
lung,baseline,40000,92,91,91,0.008282179782439725
lung,baseline,40000,92,91,91,0.13218120902599376
lung,baseline,40000,92,91,91,0.012696523597921392
lung,baseline,40000,92,90,90,0.018648563065648518
lung,baseline,40000,92,89,89,0.02208199671759168
lung,baseline,40000,92,89,89,0.027025841089143837
lung,baseline,40000,92,14,14,0.2954962750914719
lung,baseline,40000,92,56,56,0.12901485108782793
lung,baseline,40000,92,87,87,0.02901468837281429
lung,baseline,40000,92,80,80,0.023204217083980405
lung,baseline,40000,92,75,75,0.03156226399740728
lung,baseline,40000,92,91,91,0.22659152912256586
lung,baseline,40000,92,90,90,0.03829112984555805
lung,baseline,40000,92,91,91,0.07689216618993651
lung,baseline,40000,92,87,87,0.05434303038348904
lung,baseline,40000,92,14,14,0.23637929319777568
lung,baseline,40000,92,91,91,0.05128163235899445
lung,baseline,40000,92,90,90,0.014695886791828669
lung,baseline,40000,92,90,90,0.05372949976171552
lung,baseline,40000,92,83,83,0.05464522228609678
lung,baseline,40000,92,78,78,0.05410756414304951
lung,baseline,40000,92,14,14,0.2184499400991764
lung,baseline,40000,92,87,87,0.023171446451148894
lung,baseline,40000,92,91,91,0.04731308915470194
lung,baseline,40000,92,89,89,0.07559595862196565
lung,baseline,40000,92,14,14,0.22633194824433336
lung,baseline,40000,92,91,91,0.052000678596416855
lung,baseline,40000,92,91,91,0.020432375797138972
lung,baseline,40000,92,91,91,0.008846247323610845
lung,baseline,40000,92,91,91,0.005466815205257265
lung,baseline,40000,92,91,91,0.13089572123122517
lung,baseline,40000,92,91,91,0.008232919699325329
lung,baseline,40000,92,84,84,0.16154983969377956
lung,baseline,40000,92,82,82,0.15217076553581632
lung,baseline,40000,92,37,37,0.12098735319311998
lung,baseline,40000,92,89,89,0.13935965022473812
lung,baseline,40000,92,88,88,0.13883465132247147
lung,baseline,40000,92,14,14,0.267040736233084
lung,baseline,40000,92,88,88,0.2758083988190153
lung,baseline,40000,92,87,87,0.2886811410463124
lung,baseline,40000,92,91,91,0.1754830602661023
lung,baseline,40000,92,91,91,0.12810063182370263
lung,baseline,40000,92,91,91,0.01138015531153335
lung,baseline,40000,92,91,91,0.02045557141159011
lung,baseline,40000,92,90,90,0.012395194077962945
lung,baseline,40000,92,90,90,0.04947126754046234
lung,baseline,40000,92,89,89,0.03511135192398601
lung,baseline,40000,92,43,43,0.12765105889738126
lung,baseline,40000,92,39,39,0.1269495450905548
lung,baseline,40000,92,43,43,0.19397192166717073
lung,baseline,40000,92,39,39,0.20301566253152573
lung,baseline,40000,92,28,28,0.2508955454948954
lung,baseline,40000,92,91,91,0.02907346507609823
lung,baseline,40000,92,90,90,0.0459837759376345
lung,baseline,40000,92,87,87,0.027963569514646316
lung,baseline,40000,92,87,87,0.03333683096547909
lung,baseline,40000,92,91,91,0.026309632845581535
lung,baseline,40000,92,90,90,0.007034055882550124
lung,baseline,40000,92,89,89,0.031668758762083894
lung,baseline,40000,92,89,89,0.05723485758600329
lung,baseline,40000,92,89,89,0.06484375734538357
lung,baseline,40000,92,91,91,0.09905384691510156
lung,baseline,40000,92,86,86,0.042506415848905646
lung,baseline,40000,92,70,70,0.091982318346484
lung,baseline,40000,92,91,91,0.004780950833784117
lung,baseline,40000,92,90,90,0.01283934744010781
lung,baseline,40000,92,89,89,0.031924278253047056
lung,baseline,40000,92,90,90,0.20669910580552034
lung,baseline,40000,92,88,88,0.20580625853803464
lung,baseline,40000,92,91,91,0.1345172778930919
lung,baseline,40000,92,91,91,0.004069767390306751
lung,baseline,40000,92,90,90,0.018429114419213636
lung,baseline,40000,92,90,90,0.006822148443150556
lung,baseline,40000,92,90,90,0.012315270253205182
lung,baseline,40000,92,85,85,0.03547287208568967
lung,baseline,40000,92,91,91,0.15390330816406397
lung,baseline,40000,92,88,88,0.1175582320517567
lung,baseline,40000,92,87,87,0.27149377545290937
lung,baseline,40000,92,87,87,0.16812016740775917
lung,baseline,40000,92,86,86,0.03040750547197365
lung,baseline,40000,92,86,86,0.22101734655740354
lung,baseline,40000,92,91,91,0.06108543574810812
lung,baseline,40000,92,90,90,0.03059816868984927
lung,baseline,40000,92,89,89,0.008020805520018484
lung,baseline,40000,92,87,87,0.010276465397762505
lung,baseline,40000,92,86,86,0.17218027614960105
lung,baseline,40000,92,85,85,0.1393335288891738
lung,baseline,40000,92,34,34,0.16305462686164238
lung,baseline,40000,92,87,87,0.031087303054575487
lung,baseline,40000,92,91,91,0.20699673850103384
lung,baseline,40000,92,43,43,0.21506751362755064
lung,baseline,40000,92,39,39,0.22459822785330816
lung,baseline,40000,92,91,91,0.1704095185264952
lung,baseline,40000,92,89,89,0.1339194664579864
lung,baseline,40000,92,89,89,0.023751897201509196
lung,baseline,40000,92,85,85,0.025426318678047767
lung,baseline,40000,92,82,82,0.12282015248276977
lung,baseline,40000,92,90,90,0.25074897720793804
lung,baseline,40000,92,89,89,0.23564027351495598
lung,baseline,40000,92,87,87,0.2885788019934147
lung,baseline,40000,92,87,87,0.22764018649011658
lung,baseline,40000,92,81,81,0.2446400673556087
lung,baseline,40000,92,71,71,0.24941565906079857
lung,baseline,40000,92,37,37,0.08150027821228496
lung,baseline,40000,92,34,34,0.17717741287883743
lung,baseline,40000,92,91,91,0.1443985023070639
lung,baseline,40000,92,90,90,0.012531904060813224
lung,baseline,40000,92,89,89,0.02413978063309272
lung,baseline,40000,92,91,91,0.004631093450824795
lung,baseline,40000,92,91,91,0.03427686930348671
lung,baseline,40000,92,90,90,0.018582150826352832
lung,baseline,40000,92,90,90,0.04114132103968016
lung,baseline,40000,92,88,88,0.01815158028768635
lung,baseline,40000,92,87,87,0.02968874388714665
lung,baseline,40000,92,87,87,0.11751640365516314
lung,baseline,40000,92,82,82,0.08293008292830867
lung,baseline,40000,92,80,80,0.02168431765360111
lung,baseline,40000,92,90,90,0.24152589861854873
lung,baseline,40000,92,90,90,0.26827978505214667
lung,baseline,40000,92,89,89,0.25200499242070856
lung,baseline,40000,92,89,89,0.24149805928662463
lung,baseline,40000,92,91,91,0.11631926657404391
lung,baseline,40000,92,91,91,0.051255870956120206
lung,baseline,40000,92,89,89,0.013833665531817923
lung,baseline,40000,92,82,82,0.01626786415000118
lung,baseline,40000,92,43,43,0.1989044297903266
lung,baseline,40000,92,39,39,0.20335589933624165
lung,baseline,40000,92,28,28,0.2536060644711002
lung,baseline,40000,92,89,89,0.0642682072406273
lung,baseline,40000,92,88,88,0.058453626972058685
lung,baseline,40000,92,90,90,0.13422047523326258
lung,baseline,40000,92,90,90,0.1531472969372554
lung,baseline,40000,92,90,90,0.18078881127897925
lung,baseline,40000,92,90,90,0.1308433854902505
lung,baseline,40000,92,91,91,0.002185758837239949
lung,baseline,40000,92,89,89,0.06309490358360635
lung,baseline,40000,92,91,91,0.2254242185861649
lung,baseline,40000,92,91,91,0.024099206922176857
lung,baseline,40000,92,88,88,0.024747116232149736
lung,baseline,40000,92,91,91,0.03833713132737587
lung,baseline,40000,92,89,89,0.13578148438179796
lung,baseline,40000,92,87,87,0.127464436362716
lung,baseline,40000,92,91,91,0.1267592587293816
lung,baseline,40000,92,91,91,0.14721932926689058
lung,baseline,40000,92,40,40,0.16307031975441277
lung,baseline,40000,92,39,39,0.1957049453731139
lung,baseline,40000,92,28,28,0.23709740749499905
lung,baseline,40000,92,37,37,0.15287038838877937
lung,baseline,40000,92,36,36,0.0951906799702747
lung,baseline,40000,92,34,34,0.23840209731234457
lung,baseline,40000,92,90,90,0.1387489339258146
lung,baseline,40000,92,28,28,0.30181865558133264
lung,baseline,40000,92,91,91,0.22641669935330308
lung,baseline,40000,92,90,90,0.03035594275670869
lung,baseline,40000,92,85,85,0.13714909959523064
lung,baseline,40000,92,84,84,0.03268637686420248
lung,baseline,40000,92,84,84,0.16969445824732127
lung,baseline,40000,92,73,73,0.10447587986806055
lung,baseline,40000,92,91,91,0.011902925847106149
lung,baseline,40000,92,91,91,0.1749393726986862
lung,baseline,40000,92,91,91,0.025082770942683
lung,baseline,40000,92,91,91,0.13327259156803817
lung,baseline,40000,92,43,43,0.20275610423885937
lung,baseline,40000,92,39,39,0.20087378844992934
lung,baseline,40000,92,27,27,0.23299584992137884
lung,baseline,40000,92,91,91,0.013875937038190508
lung,baseline,40000,92,91,91,0.009274763903263246
lung,baseline,40000,92,91,91,0.13159454508687046
lung,baseline,40000,92,91,91,0.017880068378583972
lung,baseline,40000,92,91,91,0.17912026215796498
lung,baseline,40000,92,91,91,0.04184755385791763
lung,baseline,40000,92,56,56,0.09199045969186771
lung,baseline,40000,92,91,91,0.03190639099502136
lung,baseline,40000,92,91,91,0.25391761493259407
lung,baseline,40000,92,81,81,0.25672012361964897
lung,baseline,40000,92,89,89,0.22092279443989665
lung,baseline,40000,92,88,88,0.21565527638351967
lung,baseline,40000,92,14,14,0.2211054075723852
lung,baseline,40000,92,88,88,0.10990444716052927
lung,baseline,40000,92,14,14,0.2265570688307887
lung,baseline,40000,92,90,90,0.23170916663416685
lung,baseline,40000,92,90,90,0.23213563499373005
lung,baseline,40000,92,89,89,0.04757117017445192
lung,baseline,40000,92,85,85,0.06633654201006782
lung,baseline,40000,92,88,88,0.023767157948814142
lung,baseline,40000,92,56,56,0.13673491011457936
lung,baseline,40000,92,91,91,0.004722935799449101
lung,baseline,40000,92,91,91,0.12766160831758622
lung,baseline,40000,92,91,91,0.28255210889429205
lung,baseline,40000,92,89,89,0.2358862707708537
lung,baseline,40000,92,91,91,0.04875678472579747
lung,baseline,40000,92,91,91,0.007425781213400947
lung,baseline,40000,92,91,91,0.006382098613048366
lung,baseline,40000,92,91,91,0.11010255615086927
lung,baseline,40000,92,91,91,0.04953420623991913
lung,baseline,40000,92,91,91,0.0026884053734621202
lung,baseline,40000,92,90,90,0.0779131015752763
lung,baseline,40000,92,91,91,0.2791065185078851
lung,baseline,40000,92,91,91,0.02020246897236452
lung,baseline,40000,92,91,91,0.20303709681360607
lung,baseline,40000,92,91,91,0.019954221357164317
lung,baseline,40000,92,90,90,0.011500934226740454
lung,baseline,40000,92,91,91,0.006250618489409074
lung,baseline,40000,92,91,91,0.01558861152173925
lung,baseline,40000,92,91,91,0.0042357861189633505
lung,baseline,40000,92,89,89,0.009746461794165382
lung,baseline,40000,92,89,89,0.009511249894579106
lung,baseline,40000,92,89,89,0.01821571612103109
lung,baseline,40000,92,89,89,0.01333799833729479
lung,baseline,40000,92,88,88,0.010961458831951204
lung,baseline,40000,92,87,87,0.009970057380158083
lung,baseline,40000,92,87,87,0.013589609182840799
lung,baseline,40000,92,91,91,0.02792550713200022
lung,baseline,40000,92,91,91,0.12685772858210573
lung,baseline,40000,92,91,91,0.015772078580581564
lung,baseline,40000,92,91,91,0.02156215301550682
lung,baseline,40000,92,90,90,0.057408655254463335
lung,baseline,40000,92,89,89,0.01990928411781184
lung,baseline,40000,92,91,91,0.042936233753024404
lung,baseline,40000,92,91,91,0.030880869700861034
lung,baseline,40000,92,37,37,0.16785333256614027
lung,baseline,40000,92,36,36,0.10965317089584145
lung,baseline,40000,92,34,34,0.2380077225013208
lung,baseline,40000,92,91,91,0.006167160572743033
lung,baseline,40000,92,91,91,0.20000177850129985
lung,baseline,40000,92,89,89,0.02568473803088533
lung,baseline,40000,92,87,87,0.03222717368862644
lung,baseline,40000,92,85,85,0.019354810112846208
lung,baseline,40000,92,91,91,0.04760502859373643
lung,baseline,40000,92,90,90,0.029263245527857567
lung,baseline,40000,92,90,90,0.0026773151032136156
lung,baseline,40000,92,88,88,0.009652589378928239
lung,baseline,40000,92,87,87,0.023348923774320792
lung,baseline,40000,92,89,89,0.10956449176004261
lung,baseline,40000,92,88,88,0.11964840602460688
lung,baseline,40000,92,91,91,0.2088635522149051
lung,baseline,40000,92,90,90,0.032115515463147774
lung,baseline,40000,92,91,91,0.24762129360385057
lung,baseline,40000,92,91,91,0.2930122435728096
lung,baseline,40000,92,83,83,0.0757588880061656
lung,baseline,40000,92,78,78,0.11077299969287267
lung,baseline,40000,92,85,85,0.2087870703144965
lung,baseline,40000,92,37,37,0.22102741832036477
lung,baseline,40000,92,36,36,0.17652963152108436
lung,baseline,40000,92,89,89,0.07344089817004307
lung,baseline,40000,92,88,88,0.05083445837975307
lung,baseline,40000,92,90,90,0.2500652343032979
lung,baseline,40000,92,90,90,0.298100737502886
lung,baseline,40000,92,88,88,0.31294699645548474
lung,baseline,40000,92,86,86,0.33104001269222255
lung,baseline,40000,92,88,88,0.16741316371824924
lung,baseline,40000,92,56,56,0.14524733164539264
lung,baseline,40000,92,91,91,0.1081241615873232
lung,baseline,40000,92,91,91,0.021358641617700864
lung,baseline,40000,92,91,91,0.004888776088845736
lung,baseline,40000,92,90,90,0.057723063998683835
lung,baseline,40000,92,81,81,0.042917063217107775
lung,baseline,40000,92,91,91,0.025896240103502766
lung,baseline,40000,92,91,91,0.047622430403678244
lung,baseline,40000,92,91,91,0.1179693904753463
lung,baseline,40000,92,91,91,0.11571886102642685
lung,baseline,40000,92,91,91,0.015276928660491362
lung,baseline,40000,92,91,91,0.01203027453501694
lung,baseline,40000,92,90,90,0.0338327322357374
lung,baseline,40000,92,90,90,0.03173232048035323
lung,baseline,40000,92,89,89,0.0385592705895724
lung,baseline,40000,92,91,91,0.01938526982408291
lung,baseline,40000,92,90,90,0.012159264656868667
lung,baseline,40000,92,82,82,0.020082930944205945
lung,baseline,40000,92,91,91,0.11991335455501392
lung,baseline,40000,92,89,89,0.05646932637069505
lung,baseline,40000,92,87,87,0.14776505444941768
lung,baseline,40000,92,91,91,0.24347394939706613
lung,baseline,40000,92,91,91,0.24947233752548686
lung,baseline,40000,92,83,83,0.18509574149952965
lung,baseline,40000,92,78,78,0.17830847284740634
lung,baseline,40000,92,56,56,0.19975141943202335
lung,baseline,40000,92,90,90,0.18032618953338087
lung,baseline,40000,92,86,86,0.2208871051359025
lung,baseline,40000,92,62,62,0.17429733352332613
lung,baseline,40000,92,91,91,0.14650515449367776
lung,baseline,40000,92,88,88,0.02120391122887015
lung,baseline,40000,92,86,86,0.034613524592147234
lung,baseline,40000,92,39,39,0.29051954246291256
lung,baseline,40000,92,20,20,0.4771846704021222
lung,baseline,40000,92,91,91,0.10963784344189516
lung,baseline,40000,92,90,90,0.05392717771806424
lung,baseline,40000,92,86,86,0.05752422576671008
lung,baseline,40000,92,91,91,0.004773480917082203
lung,baseline,40000,92,91,91,0.22271024401746148
lung,baseline,40000,92,91,91,0.016287659873019007
lung,baseline,40000,92,91,91,0.02508255942813024
lung,baseline,40000,92,84,84,0.1263026599756667
lung,baseline,40000,92,83,83,0.17017715927553503
lung,baseline,40000,92,91,91,0.030277412155544154
lung,baseline,40000,92,91,91,0.13212609662623165
lung,baseline,40000,92,91,91,0.0029914963770714957
lung,baseline,40000,92,86,86,0.032338686607436655
lung,baseline,40000,92,75,75,0.14088784710782057
lung,baseline,40000,92,90,90,0.12942164280656077
lung,baseline,40000,92,90,90,0.16730792527900806
lung,baseline,40000,92,90,90,0.17059112295911225
lung,baseline,40000,92,37,37,0.20545074885732315
lung,baseline,40000,92,36,36,0.1607693336829759
lung,baseline,40000,92,34,34,0.2829741646548236
lung,baseline,40000,92,91,91,0.049256285728709145
lung,baseline,40000,92,91,91,0.11413880267657035
lung,baseline,40000,92,91,91,0.016744133706084546
lung,baseline,40000,92,37,37,0.12994692278083372
lung,baseline,40000,92,36,36,0.10105982108362283
lung,baseline,40000,92,34,34,0.22131756356306823
lung,baseline,40000,92,91,91,0.02488281970468566
lung,baseline,40000,92,91,91,0.2817007825663716
lung,baseline,40000,92,88,88,0.022538882797480366
lung,baseline,40000,92,91,91,0.14622424682795282
lung,baseline,40000,92,34,34,0.1555091372135102
lung,baseline,40000,92,90,90,0.02946975510919529
lung,baseline,40000,92,89,89,0.014598562465467441
lung,baseline,40000,92,91,91,0.2886941830137744
lung,baseline,40000,93,92,92,0.0031648718048228612
lung,baseline,40000,93,91,91,0.022238077538802425
lung,baseline,40000,93,91,91,0.005958090539743981
lung,baseline,40000,93,90,90,0.12644719126240878
lung,baseline,40000,93,92,92,0.1197639043087658
lung,baseline,40000,93,91,91,0.08811126922692344
lung,baseline,40000,93,91,91,0.2129192013212339
lung,baseline,40000,93,89,89,0.2178367564094506
lung,baseline,40000,93,89,89,0.22457197536421897
lung,baseline,40000,93,87,87,0.22900780706004573
lung,baseline,40000,93,71,71,0.06264966946265618
lung,baseline,40000,93,92,92,0.1520828951666702
lung,baseline,40000,93,90,90,0.06024093161773582
lung,baseline,40000,93,89,89,0.21911552704313655
lung,baseline,40000,93,88,88,0.20405328494227926
lung,baseline,40000,93,88,88,0.18696845887951866
lung,baseline,40000,93,91,91,0.010220275320758702
lung,baseline,40000,93,89,89,0.1369430966881377
lung,baseline,40000,93,87,87,0.13364441422259243
lung,baseline,40000,93,85,85,0.03650458784181282
lung,baseline,40000,93,92,92,0.1785833357960624
lung,baseline,40000,93,92,92,0.014253928915740233
lung,baseline,40000,93,92,92,0.019724376914987903
lung,baseline,40000,93,92,92,0.13202306073518838
lung,baseline,40000,93,91,91,0.02941033012991536
lung,baseline,40000,93,90,90,0.010139270707763713
lung,baseline,40000,93,92,92,0.11385398459342957
lung,baseline,40000,93,88,88,0.1596587233401573
lung,baseline,40000,93,88,88,0.10248161353405148
lung,baseline,40000,93,73,73,0.07711077017895808
lung,baseline,40000,93,92,92,0.05175881830420082
lung,baseline,40000,93,91,91,0.10251201463252949
lung,baseline,40000,93,89,89,0.10938472125538594
lung,baseline,40000,93,89,89,0.1006108813992349
lung,baseline,40000,93,87,87,0.11302715598977346
lung,baseline,40000,93,81,81,0.0421244210494233
lung,baseline,40000,93,92,92,0.1215463637223002
lung,baseline,40000,93,92,92,0.009392411960213292
lung,baseline,40000,93,92,92,0.07615938623693179
lung,baseline,40000,93,82,82,0.03771144204925743
lung,baseline,40000,93,92,92,0.11223244244372901
lung,baseline,40000,93,91,91,0.007432315146503086
lung,baseline,40000,93,86,86,0.0658390633454342
lung,baseline,40000,93,92,92,0.2734839263690638
lung,baseline,40000,93,92,92,0.023414765740127554
lung,baseline,40000,93,92,92,0.2027471265872533
lung,baseline,40000,93,88,88,0.060232929253928154
lung,baseline,40000,93,63,63,0.14944498465328307
lung,baseline,40000,93,87,87,0.16035597623095288
lung,baseline,40000,93,82,82,0.1592914793017557
lung,baseline,40000,93,73,73,0.07105699768874794
lung,baseline,40000,93,66,66,0.17765010737987494
lung,baseline,40000,93,92,92,0.05350496846514736
lung,baseline,40000,93,92,92,0.12053917963109381
lung,baseline,40000,93,91,91,0.0483341620266519
lung,baseline,40000,93,91,91,0.009939974599453515
lung,baseline,40000,93,91,91,0.01054887715794566
lung,baseline,40000,93,91,91,0.011526929194839724
lung,baseline,40000,93,80,80,0.08875504894973088
lung,baseline,40000,93,92,92,0.00664128427357297
lung,baseline,40000,93,87,87,0.13119961129848878
lung,baseline,40000,93,87,87,0.15912374947694105
lung,baseline,40000,93,43,43,0.209901111455294
lung,baseline,40000,93,39,39,0.20632184328230652
lung,baseline,40000,93,27,27,0.23982735625100085
lung,baseline,40000,93,92,92,0.12961516164950937
lung,baseline,40000,93,91,91,0.023011360815191804
lung,baseline,40000,93,90,90,0.01725847149958059
lung,baseline,40000,93,92,92,0.05261677169680204
lung,baseline,40000,93,92,92,0.055747619435760995
lung,baseline,40000,93,92,92,0.10796621082477842
lung,baseline,40000,93,83,83,0.03683095636174494
lung,baseline,40000,93,90,90,0.014931385030775292
lung,baseline,40000,93,88,88,0.05665819632045566
lung,baseline,40000,93,88,88,0.030552225418130387
lung,baseline,40000,93,92,92,0.25935597382787057
lung,baseline,40000,93,91,91,0.2640043250051209
lung,baseline,40000,93,85,85,0.17403810917184145
lung,baseline,40000,93,87,87,0.16619331886332106
lung,baseline,40000,93,37,37,0.23067101529908984
lung,baseline,40000,93,28,28,0.3171159865676279
lung,baseline,40000,93,91,91,0.012973814122343729
lung,baseline,40000,93,91,91,0.13503617084409938
lung,baseline,40000,93,87,87,0.13618120022837704
lung,baseline,40000,93,86,86,0.03266331432415612
lung,baseline,40000,93,81,81,0.042372582984539976
lung,baseline,40000,93,75,75,0.14104593571273724
lung,baseline,40000,93,92,92,0.24670575732804412
lung,baseline,40000,93,92,92,0.1776725374086249
lung,baseline,40000,93,92,92,0.03606754302227094
lung,baseline,40000,93,90,90,0.26043615838975187
lung,baseline,40000,93,92,92,0.011506369452584831
lung,baseline,40000,93,92,92,0.17276356585694702
lung,baseline,40000,93,92,92,0.12728008076882583
lung,baseline,40000,93,92,92,0.007713643290390466
lung,baseline,40000,93,92,92,0.008231130078314717
lung,baseline,40000,93,91,91,0.008188896410441786
lung,baseline,40000,93,85,85,0.0375163982416696
lung,baseline,40000,93,92,92,0.011862692508112449
lung,baseline,40000,93,92,92,0.009701711871378738
lung,baseline,40000,93,91,91,0.0518437306649871
lung,baseline,40000,93,91,91,0.13275741712986222
lung,baseline,40000,93,90,90,0.12753351603504864
lung,baseline,40000,93,89,89,0.11723393323132703
lung,baseline,40000,93,88,88,0.12909659482510555
lung,baseline,40000,93,86,86,0.04029847877256632
lung,baseline,40000,93,85,85,0.26148471345679264
lung,baseline,40000,93,66,66,0.1720290801223771
lung,baseline,40000,93,62,62,0.1803837237630152
lung,baseline,40000,93,56,56,0.20144346019371243
lung,baseline,40000,93,37,37,0.16415808515055402
lung,baseline,40000,93,36,36,0.11409689941497152
lung,baseline,40000,93,92,92,0.22791353873303602
lung,baseline,40000,93,71,71,0.04757876319247324
lung,baseline,40000,93,43,43,0.25540130166277003
lung,baseline,40000,93,39,39,0.25654402164901896
lung,baseline,40000,93,36,36,0.16999087388035594
lung,baseline,40000,93,51,51,0.1848964662656141
lung,baseline,40000,93,43,43,0.33066883805172065
lung,baseline,40000,93,28,28,0.42280102923295815
lung,baseline,40000,93,92,92,0.28574505567421216
lung,baseline,40000,93,92,92,0.019879683129486854
lung,baseline,40000,93,92,92,0.2485809323235442
lung,baseline,40000,93,92,92,0.017202581364893325
lung,baseline,40000,93,90,90,0.16721643610522088
lung,baseline,40000,93,88,88,0.02901000230676348
lung,baseline,40000,93,62,62,0.13431308732909927
lung,baseline,40000,93,34,34,0.19886752336251354
lung,baseline,40000,93,14,14,0.2895001321270203
lung,baseline,40000,93,92,92,0.017116546323087446
lung,baseline,40000,93,92,92,0.007884196699568604
lung,baseline,40000,93,92,92,0.13263505806983175
lung,baseline,40000,93,90,90,0.17148199205836698
lung,baseline,40000,93,90,90,0.016342117382227763
lung,baseline,40000,93,86,86,0.09967814531256514
lung,baseline,40000,93,85,85,0.16118338267454285
lung,baseline,40000,93,84,84,0.0421758439338559
lung,baseline,40000,93,80,80,0.2186138462116407
lung,baseline,40000,93,37,37,0.2784811661094057
lung,baseline,40000,93,28,28,0.36506144993135
lung,baseline,40000,93,92,92,0.013427762079678237
lung,baseline,40000,93,92,92,0.3074513154658202
lung,baseline,40000,93,92,92,0.2747801528025227
lung,baseline,40000,93,91,91,0.10044001806163677
lung,baseline,40000,93,92,92,0.17437044804242338
lung,baseline,40000,93,92,92,0.13017613238307385
lung,baseline,40000,93,91,91,0.009887262549866297
lung,baseline,40000,93,90,90,0.013725908715571064
lung,baseline,40000,93,89,89,0.04072156016860912
lung,baseline,40000,93,79,79,0.04263075404940571
lung,baseline,40000,93,92,92,0.12760096076489916
lung,baseline,40000,93,90,90,0.006462547012092715
lung,baseline,40000,93,88,88,0.06198469011924099
lung,baseline,40000,93,85,85,0.03767796738926735
lung,baseline,40000,93,92,92,0.0531678179556863
lung,baseline,40000,93,92,92,0.014079294769524001
lung,baseline,40000,93,92,92,0.09760397926099254
lung,baseline,40000,93,91,91,0.047665967273182376
lung,baseline,40000,93,85,85,0.1627394665482982
lung,baseline,40000,93,84,84,0.16315595458635102
lung,baseline,40000,93,82,82,0.17085874513648264
lung,baseline,40000,93,73,73,0.06884238420251565
lung,baseline,40000,93,66,66,0.16221858911616807
lung,baseline,40000,93,62,62,0.16788833715813112
lung,baseline,40000,93,43,43,0.20899452549205697
lung,baseline,40000,93,39,39,0.20616059419254634
lung,baseline,40000,93,27,27,0.2416193159199505
lung,baseline,40000,93,89,89,0.12781815956552056
lung,baseline,40000,93,37,37,0.06400802915888146
lung,baseline,40000,93,92,92,0.25395210138196356
lung,baseline,40000,93,92,92,0.024767180879882403
lung,baseline,40000,93,88,88,0.26602094797598885
lung,baseline,40000,93,92,92,0.005461727003811031
lung,baseline,40000,93,92,92,0.0189915231048171
lung,baseline,40000,93,14,14,0.27215743562599953
lung,baseline,40000,93,92,92,0.2872784778102638
lung,baseline,40000,93,92,92,0.2006536284772688
lung,baseline,40000,93,63,63,0.13947031037714333
lung,baseline,40000,93,92,92,0.05547221387370532
lung,baseline,40000,93,92,92,0.1335494938154625
lung,baseline,40000,93,92,92,0.054898477421178135
lung,baseline,40000,93,92,92,0.046642721992416175
lung,baseline,40000,93,92,92,0.011836894080678183
lung,baseline,40000,93,92,92,0.03227763831809529
lung,baseline,40000,93,92,92,0.04407072917734971
lung,baseline,40000,93,91,91,0.04335146913736975
lung,baseline,40000,93,84,84,0.03269209663770392
lung,baseline,40000,93,43,43,0.28549430399934983
lung,baseline,40000,93,39,39,0.28798346648197065
lung,baseline,40000,93,91,91,0.11605669510543376
lung,baseline,40000,93,81,81,0.0867743280255378
lung,baseline,40000,93,92,92,0.11682621765874539
lung,baseline,40000,93,92,92,0.026445703097558535
lung,baseline,40000,93,89,89,0.09803644166024214
lung,baseline,40000,93,89,89,0.23576776609615915
lung,baseline,40000,93,89,89,0.044727327372099605
lung,baseline,40000,93,87,87,0.22692370641992266
lung,baseline,40000,93,92,92,0.11321699205377206
lung,baseline,40000,93,92,92,0.007318289245745742
lung,baseline,40000,93,91,91,0.05242282470768889
lung,baseline,40000,93,92,92,0.12494434716830143
lung,baseline,40000,93,92,92,0.014716751145847367
lung,baseline,40000,93,90,90,0.009628651065509948
lung,baseline,40000,93,92,92,0.009192616358157601
lung,baseline,40000,93,92,92,0.048516438937818124
lung,baseline,40000,93,91,91,0.052270069406053526
lung,baseline,40000,93,90,90,0.10951545052327098
lung,baseline,40000,93,92,92,0.06502156562997487
lung,baseline,40000,93,92,92,0.1332834128475946
lung,baseline,40000,93,88,88,0.01881370432009907
lung,baseline,40000,93,88,88,0.021768721017585573
lung,baseline,40000,93,92,92,0.11347547107685052
lung,baseline,40000,93,92,92,0.016224620439366136
lung,baseline,40000,93,91,91,0.007764872608404152
lung,baseline,40000,93,90,90,0.031084043856173253
lung,baseline,40000,93,90,90,0.039731558632391084
lung,baseline,40000,93,82,82,0.1444967620428337
lung,baseline,40000,93,37,37,0.20013286224095742
lung,baseline,40000,93,36,36,0.16358006317346302
lung,baseline,40000,93,92,92,0.21275695511761059
lung,baseline,40000,93,92,92,0.005368095564994298
lung,baseline,40000,93,92,92,0.023757627790100714
lung,baseline,40000,93,92,92,0.06855569965083816
lung,baseline,40000,93,81,81,0.13690429748658275
lung,baseline,40000,93,77,77,0.17705590180509378
lung,baseline,40000,93,76,76,0.16513017203165842
lung,baseline,40000,93,92,92,0.12880987740895578
lung,baseline,40000,93,86,86,0.03166161561850093
lung,baseline,40000,93,81,81,0.041436478484831375
lung,baseline,40000,93,92,92,0.060045163252391585
lung,baseline,40000,93,28,28,0.2597840173906051
lung,baseline,40000,93,92,92,0.006666185969406228
lung,baseline,40000,93,92,92,0.13294706687135643
lung,baseline,40000,93,92,92,0.024601376265143745
lung,baseline,40000,93,92,92,0.017346233478586427
lung,baseline,40000,93,92,92,0.17227770616365393
lung,baseline,40000,93,77,77,0.12888181312525093
lung,baseline,40000,93,77,77,0.17522972164596515
lung,baseline,40000,93,76,76,0.11804664627713286
lung,baseline,40000,93,37,37,0.1264158673533027
lung,baseline,40000,93,92,92,0.09689659043233684
lung,baseline,40000,93,90,90,0.05568044254545587
lung,baseline,40000,93,89,89,0.1368294510485172
lung,baseline,40000,93,87,87,0.13642143364288686
lung,baseline,40000,93,92,92,0.057371606159434665
lung,baseline,40000,93,90,90,0.11398949028365996
lung,baseline,40000,93,40,40,0.20842124564486303
lung,baseline,40000,93,39,39,0.2574806197283757
lung,baseline,40000,93,37,37,0.27013077254160334
lung,baseline,40000,93,37,37,0.23680721753494582
lung,baseline,40000,93,36,36,0.2050178113781451
lung,baseline,40000,93,34,34,0.21332655009062146
lung,baseline,40000,93,56,56,0.166224980972338
lung,baseline,40000,93,43,43,0.13814568928322768
lung,baseline,40000,93,39,39,0.15529979368876828
lung,baseline,40000,93,92,92,0.11206277858033163
lung,baseline,40000,93,81,81,0.04242677241730574
lung,baseline,40000,93,56,56,0.3204311670240164
lung,baseline,40000,93,90,90,0.13189841153798051
lung,baseline,40000,93,88,88,0.1788043805019518
lung,baseline,40000,93,88,88,0.1807402672117594
lung,baseline,40000,93,86,86,0.18949076624849706
lung,baseline,40000,93,92,92,0.1484970364654821
lung,baseline,40000,93,88,88,0.009603163288392029
lung,baseline,40000,93,14,14,0.19728323390837926
lung,baseline,40000,93,92,92,0.028325498900111445
lung,baseline,40000,93,92,92,0.04570596798934319
lung,baseline,40000,93,92,92,0.12863921298884087
lung,baseline,40000,93,91,91,0.010595376438287656
lung,baseline,40000,93,90,90,0.02037513860205924
lung,baseline,40000,93,90,90,0.018145004860425456
lung,baseline,40000,93,90,90,0.0554336769656115
lung,baseline,40000,93,90,90,0.027710354773005177
lung,baseline,40000,93,92,92,0.1321207253409127
lung,baseline,40000,93,92,92,0.17326834628458745
lung,baseline,40000,93,87,87,0.23533727906901575
lung,baseline,40000,93,87,87,0.22346711515722725
lung,baseline,40000,93,37,37,0.2694540082829283
lung,baseline,40000,93,92,92,0.1257923088826998
lung,baseline,40000,93,92,92,0.008154637274693738
lung,baseline,40000,93,92,92,0.29021549634853594
lung,baseline,40000,93,91,91,0.058810155075418154
lung,baseline,40000,93,63,63,0.13770779571214498
lung,baseline,40000,93,37,37,0.20196717897156508
lung,baseline,40000,93,36,36,0.16643352552033308
lung,baseline,40000,93,34,34,0.20320234272119958
lung,baseline,40000,93,92,92,0.006972302954617491
lung,baseline,40000,93,92,92,0.10188998224091259
lung,baseline,40000,93,92,92,0.008830831462543797
lung,baseline,40000,93,36,36,0.10987779883086188
lung,baseline,40000,93,89,89,0.1354667276629498
lung,baseline,40000,93,87,87,0.12346894986618927
lung,baseline,40000,93,86,86,0.014966013219595644
lung,baseline,40000,93,37,37,0.2872629283925586
lung,baseline,40000,93,19,19,0.46422194933796856
lung,baseline,40000,93,92,92,0.009443341442405797
lung,baseline,40000,93,92,92,0.12721805749204315
lung,baseline,40000,93,91,91,0.04916247998935596
lung,baseline,40000,93,90,90,0.057777466417608135
lung,baseline,40000,93,92,92,0.011032958266316438
lung,baseline,40000,93,92,92,0.050327846939982546
lung,baseline,40000,93,89,89,0.23270546975472037
lung,baseline,40000,93,88,88,0.2311555794706236
lung,baseline,40000,93,87,87,0.2297248254067516
lung,baseline,40000,93,92,92,0.05067562482313646
lung,baseline,40000,93,92,92,0.28928342602680757
lung,baseline,40000,93,92,92,0.014324956174979862
lung,baseline,40000,93,92,92,0.2413139478316692
lung,baseline,40000,93,86,86,0.042313785639729144
lung,baseline,40000,93,92,92,0.12866881416237066
lung,baseline,40000,93,91,91,0.021400314514939987
lung,baseline,40000,93,86,86,0.03492004049942677
lung,baseline,40000,93,86,86,0.016120384210409355
lung,baseline,40000,93,92,92,0.2778672295891362
lung,baseline,40000,93,92,92,0.027215558203055126
lung,baseline,40000,93,92,92,0.197520321564642
lung,baseline,40000,93,90,90,0.05591282940698086
lung,baseline,40000,93,37,37,0.08853709747861475
lung,baseline,40000,93,34,34,0.18886330695888864
lung,baseline,40000,93,92,92,0.03303285288891014
lung,baseline,40000,93,92,92,0.05104647178335638
lung,baseline,40000,93,92,92,0.12502346674074283
lung,baseline,40000,93,91,91,0.017283822571103443
lung,baseline,40000,93,84,84,0.02809685158329082
lung,baseline,40000,93,43,43,0.2242974710661655
lung,baseline,40000,93,39,39,0.223363984596105
lung,baseline,40000,93,37,37,0.2092305901935199
lung,baseline,40000,93,36,36,0.1810243572299746
lung,baseline,40000,93,92,92,0.1337197030522546
lung,baseline,40000,93,92,92,0.0037625945302448994
lung,baseline,40000,93,92,92,0.0022471883636079456
lung,baseline,40000,93,91,91,0.05805498536799645
lung,baseline,40000,93,87,87,0.2060403081404696
lung,baseline,40000,93,80,80,0.22505329566560278
lung,baseline,40000,93,28,28,0.4082779310346348
lung,baseline,40000,93,89,89,0.030217580980573044
lung,baseline,40000,93,88,88,0.15826872541715442
lung,baseline,40000,93,87,87,0.028385948502616738
lung,baseline,40000,93,14,14,0.29357848128436786
lung,baseline,40000,93,92,92,0.1176570276293245
lung,baseline,40000,93,92,92,0.028528240844965885
lung,baseline,40000,93,92,92,0.030651141325617505
lung,baseline,40000,93,91,91,0.026311458160290818
lung,baseline,40000,93,90,90,0.03259995585804086
lung,baseline,40000,93,87,87,0.045325156202134835
lung,baseline,40000,93,92,92,0.053686640139451444
lung,baseline,40000,93,92,92,0.23068911345297496
lung,baseline,40000,93,88,88,0.023217932053793258
lung,baseline,40000,93,14,14,0.2953834237529751
lung,baseline,40000,93,92,92,0.1348748322856625
lung,baseline,40000,93,92,92,0.00477572676170517
lung,baseline,40000,93,92,92,0.009070076417863905
lung,baseline,40000,93,92,92,0.13074492252210976
lung,baseline,40000,93,92,92,0.017377402622930336
lung,baseline,40000,93,92,92,0.17162628298597984
lung,baseline,40000,93,92,92,0.1281027877239778
lung,baseline,40000,93,92,92,0.01363765659695727
lung,baseline,40000,93,92,92,0.019886319934745364
lung,baseline,40000,93,92,92,0.005524818487681054
lung,baseline,40000,93,91,91,0.01068768439227507
lung,baseline,40000,93,91,91,0.006665535134046012
lung,baseline,40000,93,92,92,0.009638377524003025
lung,baseline,40000,93,92,92,0.014390569676427241
lung,baseline,40000,93,92,92,0.008344514184150914
lung,baseline,40000,93,90,90,0.01150352912016438
lung,baseline,40000,93,88,88,0.03892697628154012
lung,baseline,40000,93,92,92,0.06980514296962034
lung,baseline,40000,93,91,91,0.04361450063370604
lung,baseline,40000,93,91,91,0.3053069878531118
lung,baseline,40000,93,37,37,0.24091161065038189
lung,baseline,40000,93,34,34,0.23080269506934178
lung,baseline,40000,93,88,88,0.11788378530260349
lung,baseline,40000,93,43,43,0.15053043987685708
lung,baseline,40000,93,39,39,0.15769647853477775
lung,baseline,40000,93,92,92,0.06751912905286087
lung,baseline,40000,93,92,92,0.3088141536284793
lung,baseline,40000,93,91,91,0.02114344631882974
lung,baseline,40000,93,90,90,0.20573339965279555
lung,baseline,40000,93,28,28,0.40762474144882166
lung,baseline,40000,93,84,84,0.13597671735316422
lung,baseline,40000,93,82,82,0.13340969553444898
lung,baseline,40000,93,43,43,0.17077284909533702
lung,baseline,40000,93,39,39,0.17226888592070105
lung,baseline,40000,93,28,28,0.23268555013471265
lung,baseline,40000,93,92,92,0.23310015118129265
lung,baseline,40000,93,92,92,0.02668815078494955
lung,baseline,40000,93,92,92,0.16238484120854463
lung,baseline,40000,93,82,82,0.17773162689281027
lung,baseline,40000,93,82,82,0.17242030901101396
lung,baseline,40000,93,70,70,0.19799340094871085
lung,baseline,40000,93,92,92,0.17858210699725693
lung,baseline,40000,93,92,92,0.2537392426775212
lung,baseline,40000,93,92,92,0.11314229440808064
lung,baseline,40000,93,92,92,0.2519914292568006
lung,baseline,40000,93,92,92,0.0020774581605861897
lung,baseline,40000,93,92,92,0.02167564545844211
lung,baseline,40000,93,90,90,0.026916048956793143
lung,baseline,40000,93,92,92,0.1296450096141254
lung,baseline,40000,93,81,81,0.06648122458166685
lung,baseline,40000,93,78,78,0.05363237865561894
lung,baseline,40000,93,77,77,0.1806275663892931
lung,baseline,40000,93,43,43,0.21092283577518736
lung,baseline,40000,93,39,39,0.20851402455138965
lung,baseline,40000,93,92,92,0.02093692863157377
lung,baseline,40000,93,92,92,0.12965860084627637
lung,baseline,40000,93,92,92,0.007293881947622406
lung,baseline,40000,93,92,92,0.0056519909976204975
lung,baseline,40000,93,92,92,0.0171236553381698
lung,baseline,40000,93,92,92,0.0009945826937724001
lung,baseline,40000,93,92,92,0.01110845664350424
lung,baseline,40000,93,92,92,0.004519569439882712
lung,baseline,40000,93,92,92,0.014172936424384688
lung,baseline,40000,93,92,92,0.06077358367072505
lung,baseline,40000,93,92,92,0.053200561566029016
lung,baseline,40000,93,92,92,0.007444657731643863
lung,baseline,40000,93,92,92,0.0027762937746418884
lung,baseline,40000,93,92,92,0.05222017486053186
lung,baseline,40000,93,92,92,0.06535906215784577
lung,baseline,40000,93,92,92,0.03393240016206826
lung,baseline,40000,93,92,92,0.00470732073744259
lung,baseline,40000,93,92,92,0.011064109745285143
lung,baseline,40000,93,92,92,0.0031623661770700047
lung,baseline,40000,93,92,92,0.0019401572581480215
lung,baseline,40000,93,92,92,0.004960635417084862
lung,baseline,40000,93,92,92,0.04834093719796232
lung,baseline,40000,93,92,92,0.02489849229729275
lung,baseline,40000,93,92,92,0.0038575461608895225
lung,baseline,40000,93,92,92,0.04766227408865619
lung,baseline,40000,93,92,92,0.005906244297766268
lung,baseline,40000,93,91,91,0.048068821721438976
lung,baseline,40000,93,91,91,0.005934497120654364
lung,baseline,40000,93,91,91,0.053473248396832915
lung,baseline,40000,93,91,91,0.051644796142198565
lung,baseline,40000,93,90,90,0.010857341079320666
lung,baseline,40000,93,90,90,0.00965446889433543
lung,baseline,40000,93,90,90,0.01591638619971342
lung,baseline,40000,93,86,86,0.012576555132983358
lung,baseline,40000,93,34,34,0.19777832337199938
lung,baseline,40000,93,92,92,0.05184907335573399
lung,baseline,40000,93,89,89,0.1099840517608405
lung,baseline,40000,93,88,88,0.10930856914654775
lung,baseline,40000,93,92,92,0.020301372948962254
lung,baseline,40000,93,92,92,0.12778938083486527
lung,baseline,40000,93,90,90,0.011008182060724075
lung,baseline,40000,93,88,88,0.020344623224289853
lung,baseline,40000,93,85,85,0.052487160078377906
lung,baseline,40000,93,92,92,0.2298999474673204
lung,baseline,40000,93,56,56,0.20234351055041563
lung,baseline,40000,93,43,43,0.1728971891503578
lung,baseline,40000,93,39,39,0.18879377880335738
lung,baseline,40000,93,28,28,0.25220296773865075
lung,baseline,40000,93,92,92,0.12534569253975006
lung,baseline,40000,93,92,92,0.16219186215233855
lung,baseline,40000,93,90,90,0.019182070414447142
lung,baseline,40000,93,88,88,0.020555456346746534
lung,baseline,40000,93,88,88,0.028936272874951433
lung,baseline,40000,93,92,92,0.0063608262274875305
lung,baseline,40000,93,92,92,0.008886129192336376
lung,baseline,40000,93,92,92,0.017097490279681386
lung,baseline,40000,93,91,91,0.004273167945154988
lung,baseline,40000,93,92,92,0.008737904461623931
lung,baseline,40000,93,92,92,0.1271860207355135
lung,baseline,40000,93,92,92,0.006506952015036612
lung,baseline,40000,93,91,91,0.008013741911699249
lung,baseline,40000,93,90,90,0.039862224445059706
lung,baseline,40000,93,92,92,0.007167483682414448
lung,baseline,40000,93,91,91,0.007863257220971833
lung,baseline,40000,93,89,89,0.12838681181956726
lung,baseline,40000,93,88,88,0.1236237185698715
lung,baseline,40000,93,88,88,0.017690026876445317
lung,baseline,40000,93,92,92,0.1218288321589857
lung,baseline,40000,93,90,90,0.017361913514956903
lung,baseline,40000,93,86,86,0.024358822356639977
lung,baseline,40000,93,85,85,0.03526268665665598
lung,baseline,40000,93,81,81,0.03418622037846955
lung,baseline,40000,93,92,92,0.031436515848386526
lung,baseline,40000,93,91,91,0.16719904119443657
lung,baseline,40000,93,91,91,0.12338159871000351
lung,baseline,40000,93,90,90,0.1433454935794093
lung,baseline,40000,93,89,89,0.022222112066463084
lung,baseline,40000,93,88,88,0.194453084885275
lung,baseline,40000,93,87,87,0.0365011562830176
lung,baseline,40000,93,84,84,0.13029471683531077
lung,baseline,40000,93,83,83,0.14071917559053743
lung,baseline,40000,93,69,69,0.16073389257364212
lung,baseline,40000,93,91,91,0.18575124427055026
lung,baseline,40000,93,90,90,0.13203681429847475
lung,baseline,40000,93,89,89,0.1611921109061209
lung,baseline,40000,93,89,89,0.15792591563754332
lung,baseline,40000,93,87,87,0.17456444843085564
lung,baseline,40000,93,87,87,0.15714769795047473
lung,baseline,40000,93,72,72,0.10343954000077163
lung,baseline,40000,93,82,82,0.16964858224948776
lung,baseline,40000,93,37,37,0.19911673093791485
lung,baseline,40000,93,36,36,0.17550552929964805
lung,baseline,40000,93,56,56,0.2438404303581278
lung,baseline,40000,93,43,43,0.27503223404323746
lung,baseline,40000,93,39,39,0.2840508819518414
lung,baseline,40000,93,28,28,0.3604639184897636
lung,baseline,40000,93,92,92,0.10321716697685494
lung,baseline,40000,93,92,92,0.052458694852003454
lung,baseline,40000,93,83,83,0.05042932964938659
lung,baseline,40000,93,66,66,0.1579415891740612
lung,baseline,40000,93,62,62,0.1646088832807695
lung,baseline,40000,93,92,92,0.010206116532053819
lung,baseline,40000,93,92,92,0.02435381809645011
lung,baseline,40000,93,92,92,0.010218484657114758
lung,baseline,40000,93,92,92,0.018772263086770987
lung,baseline,40000,93,83,83,0.03089332924264737
lung,baseline,40000,93,92,92,0.051100533119768005
lung,baseline,40000,93,87,87,0.10877129010863444
lung,baseline,40000,93,92,92,0.050989535227334036
lung,baseline,40000,93,92,92,0.20602022047529897
lung,baseline,40000,93,92,92,0.2845435477431172
lung,baseline,40000,93,91,91,0.03242818058713733
lung,baseline,40000,93,90,90,0.021417027878509007
lung,baseline,40000,93,88,88,0.035044222992425926
lung,baseline,40000,93,92,92,0.05180894372282486
lung,baseline,40000,93,92,92,0.11033969031245823
lung,baseline,40000,93,92,92,0.04699410564407267
lung,baseline,40000,93,91,91,0.00885492712680775
lung,baseline,40000,93,87,87,0.02570246599848351
lung,baseline,40000,93,88,88,0.1341357498260512
lung,baseline,40000,93,87,87,0.03169078323684417
lung,baseline,40000,93,81,81,0.08569884011633636
lung,baseline,40000,93,75,75,0.1655077883465249
lung,baseline,40000,93,92,92,0.12628790616436258
lung,baseline,40000,93,92,92,0.0034713144961867693
lung,baseline,40000,93,90,90,0.008156274731547083
lung,baseline,40000,93,92,92,0.13113607553707815
lung,baseline,40000,93,91,91,0.04551596964069922
lung,baseline,40000,93,88,88,0.03330687654384627
lung,baseline,40000,93,81,81,0.07610444716138604
lung,baseline,40000,94,43,43,0.15273866730478858
lung,baseline,40000,94,39,39,0.1499382921535274
lung,baseline,40000,94,80,80,0.1572552859328908
lung,baseline,40000,94,37,37,0.1935308134838041
lung,baseline,40000,94,91,91,0.07724183314178713
lung,baseline,40000,94,90,90,0.08496752657639232
lung,baseline,40000,94,88,88,0.1507073647325163
lung,baseline,40000,94,87,87,0.014692643886206766
lung,baseline,40000,94,93,93,0.17851769955058014
lung,baseline,40000,94,93,93,0.006544987259780694
lung,baseline,40000,94,93,93,0.12797141891895653
lung,baseline,40000,94,81,81,0.31343888434625755
lung,baseline,40000,94,78,78,0.19719339338379627
lung,baseline,40000,94,77,77,0.317789500027597
lung,baseline,40000,94,76,76,0.31659469966795156
lung,baseline,40000,94,63,63,0.22609800529006102
lung,baseline,40000,94,62,62,0.2915251875882205
lung,baseline,40000,94,37,37,0.15825680771385905
lung,baseline,40000,94,14,14,0.23837906050142393
lung,baseline,40000,94,93,93,0.008509482742339121
lung,baseline,40000,94,93,93,0.1764261768815251
lung,baseline,40000,94,93,93,0.13111859939561712
lung,baseline,40000,94,93,93,0.013174058921539514
lung,baseline,40000,94,91,91,0.14350483721757204
lung,baseline,40000,94,93,93,0.20899581365980932
lung,baseline,40000,94,89,89,0.2184380959857754
lung,baseline,40000,94,93,93,0.003848932160375435
lung,baseline,40000,94,87,87,0.022992238307620542
lung,baseline,40000,94,66,66,0.21901704432555816
lung,baseline,40000,94,62,62,0.2118467267152274
lung,baseline,40000,94,56,56,0.21989998315794232
lung,baseline,40000,94,37,37,0.19653840915495796
lung,baseline,40000,94,91,91,0.018451282605707154
lung,baseline,40000,94,89,89,0.2059906835809984
lung,baseline,40000,94,62,62,0.26021829116550393
lung,baseline,40000,94,66,66,0.23399536254533543
lung,baseline,40000,94,62,62,0.2168483270313125
lung,baseline,40000,94,56,56,0.23555556978992467
lung,baseline,40000,94,37,37,0.22038047506971617
lung,baseline,40000,94,36,36,0.17973079224132277
lung,baseline,40000,94,87,87,0.15034697578881542
lung,baseline,40000,94,85,85,0.15884400833824217
lung,baseline,40000,94,37,37,0.22662119450940946
lung,baseline,40000,94,91,91,0.009039613895079728
lung,baseline,40000,94,90,90,0.10189998610901559
lung,baseline,40000,94,89,89,0.15568087767761152
lung,baseline,40000,94,93,93,0.020419680302800943
lung,baseline,40000,94,93,93,0.017174384478925397
lung,baseline,40000,94,93,93,0.004088548008435826
lung,baseline,40000,94,93,93,0.0036909710083105948
lung,baseline,40000,94,93,93,0.11447352433535812
lung,baseline,40000,94,92,92,0.008713715723176791
lung,baseline,40000,94,92,92,0.04470974744199192
lung,baseline,40000,94,90,90,0.01965592781312423
lung,baseline,40000,94,93,93,0.007786282613717882
lung,baseline,40000,94,93,93,0.030267070340371956
lung,baseline,40000,94,93,93,0.016511085943178905
lung,baseline,40000,94,93,93,0.04899488185688159
lung,baseline,40000,94,93,93,0.005940464820861375
lung,baseline,40000,94,93,93,0.022937791300331693
lung,baseline,40000,94,93,93,0.01659933885052715
lung,baseline,40000,94,93,93,0.23039633816970478
lung,baseline,40000,94,93,93,0.005420961819096787
lung,baseline,40000,94,92,92,0.023071999760853758
lung,baseline,40000,94,92,92,0.01026391975516076
lung,baseline,40000,94,92,92,0.017554311935361715
lung,baseline,40000,94,92,92,0.01946379768221795
lung,baseline,40000,94,92,92,0.022122686258297747
lung,baseline,40000,94,90,90,0.028617198943150395
lung,baseline,40000,94,93,93,0.01081111724182867
lung,baseline,40000,94,93,93,0.048898619785282524
lung,baseline,40000,94,93,93,0.01702520174242221
lung,baseline,40000,94,93,93,0.04650408017165163
lung,baseline,40000,94,93,93,0.01885930367397197
lung,baseline,40000,94,93,93,0.04799951792642307
lung,baseline,40000,94,93,93,0.01712756114262341
lung,baseline,40000,94,93,93,0.05805772837653658
lung,baseline,40000,94,93,93,0.014878074979390353
lung,baseline,40000,94,93,93,0.014901558699292737
lung,baseline,40000,94,93,93,0.04687444489453773
lung,baseline,40000,94,93,93,0.046880067782944373
lung,baseline,40000,94,93,93,0.006497649718736617
lung,baseline,40000,94,93,93,0.017265663325636914
lung,baseline,40000,94,93,93,0.047075707427046296
lung,baseline,40000,94,93,93,0.04720441242923756
lung,baseline,40000,94,93,93,0.007244239893614581
lung,baseline,40000,94,93,93,0.010422791593711537
lung,baseline,40000,94,93,93,0.008354740317730995
lung,baseline,40000,94,93,93,0.0385823644030787
lung,baseline,40000,94,93,93,0.00559606593270214
lung,baseline,40000,94,93,93,0.02376108473663933
lung,baseline,40000,94,93,93,0.13116497519077713
lung,baseline,40000,94,93,93,0.048330707081113915
lung,baseline,40000,94,93,93,0.010572706705465977
lung,baseline,40000,94,93,93,0.04279383833105727
lung,baseline,40000,94,93,93,0.05032354582537036
lung,baseline,40000,94,93,93,0.008309902458548271
lung,baseline,40000,94,93,93,0.013729374353843696
lung,baseline,40000,94,92,92,0.0484025384582173
lung,baseline,40000,94,92,92,0.012688812226644667
lung,baseline,40000,94,91,91,0.05060661040013897
lung,baseline,40000,94,91,91,0.027898241267078027
lung,baseline,40000,94,91,91,0.055708622464554824
lung,baseline,40000,94,87,87,0.057865148008911384
lung,baseline,40000,94,93,93,0.019283932107991328
lung,baseline,40000,94,93,93,0.25548823550253635
lung,baseline,40000,94,93,93,0.024572910295366016
lung,baseline,40000,94,92,92,0.27947244430266893
lung,baseline,40000,94,78,78,0.05354266257077423
lung,baseline,40000,94,43,43,0.2127439899776327
lung,baseline,40000,94,39,39,0.20819921634311692
lung,baseline,40000,94,92,92,0.2827921733046394
lung,baseline,40000,94,92,92,0.2695217110186993
lung,baseline,40000,94,90,90,0.27425520035118056
lung,baseline,40000,94,90,90,0.05725505725584468
lung,baseline,40000,94,89,89,0.0672301926760969
lung,baseline,40000,94,85,85,0.2690666021140996
lung,baseline,40000,94,84,84,0.2383231556724604
lung,baseline,40000,94,93,93,0.18293371467681466
lung,baseline,40000,94,92,92,0.1312158704328658
lung,baseline,40000,94,92,92,0.13042512215096913
lung,baseline,40000,94,91,91,0.017001255157751968
lung,baseline,40000,94,91,91,0.13258018983547395
lung,baseline,40000,94,91,91,0.13101795303965258
lung,baseline,40000,94,88,88,0.04923590939585338
lung,baseline,40000,94,93,93,0.15712774217259243
lung,baseline,40000,94,93,93,0.2493035140471016
lung,baseline,40000,94,93,93,0.22208599131389634
lung,baseline,40000,94,90,90,0.05027700902991157
lung,baseline,40000,94,43,43,0.2257108014694434
lung,baseline,40000,94,39,39,0.23443366968406693
lung,baseline,40000,94,37,37,0.205666663177448
lung,baseline,40000,94,93,93,0.12344799553856234
lung,baseline,40000,94,92,92,0.0447215577844401
lung,baseline,40000,94,90,90,0.10613168109253913
lung,baseline,40000,94,91,91,0.12726120044480244
lung,baseline,40000,94,89,89,0.17184498671606774
lung,baseline,40000,94,88,88,0.10863257504621003
lung,baseline,40000,94,86,86,0.18330105761302257
lung,baseline,40000,94,92,92,0.051891307460747445
lung,baseline,40000,94,91,91,0.025694609419756605
lung,baseline,40000,94,89,89,0.08928621253256044
lung,baseline,40000,94,89,89,0.1569505976858515
lung,baseline,40000,94,77,77,0.12866222869249955
lung,baseline,40000,94,43,43,0.1451085930044095
lung,baseline,40000,94,39,39,0.1473232352392756
lung,baseline,40000,94,93,93,0.13199246225278943
lung,baseline,40000,94,92,92,0.01403176910719316
lung,baseline,40000,94,93,93,0.006509091206763155
lung,baseline,40000,94,93,93,0.2765312451679562
lung,baseline,40000,94,93,93,0.00940699579212171
lung,baseline,40000,94,93,93,0.08215307926377567
lung,baseline,40000,94,93,93,0.058984987167404454
lung,baseline,40000,94,90,90,0.02799628397172207
lung,baseline,40000,94,56,56,0.1697763297693967
lung,baseline,40000,94,90,90,0.16851023051111513
lung,baseline,40000,94,87,87,0.2073121500066831
lung,baseline,40000,94,84,84,0.08425171470600322
lung,baseline,40000,94,93,93,0.008616845793792289
lung,baseline,40000,94,93,93,0.12776398114012597
lung,baseline,40000,94,92,92,0.16886654661501507
lung,baseline,40000,94,73,73,0.10398399902559136
lung,baseline,40000,94,56,56,0.21240208633400598
lung,baseline,40000,94,37,37,0.20145914649474678
lung,baseline,40000,94,36,36,0.16192531512104955
lung,baseline,40000,94,34,34,0.295706870845815
lung,baseline,40000,94,93,93,0.00914509877901397
lung,baseline,40000,94,93,93,0.0032582953007969763
lung,baseline,40000,94,93,93,0.006938089355132797
lung,baseline,40000,94,93,93,0.025326321201779734
lung,baseline,40000,94,93,93,0.009877771710649652
lung,baseline,40000,94,93,93,0.13064252265881685
lung,baseline,40000,94,93,93,0.1735043761159359
lung,baseline,40000,94,93,93,0.1763934642427749
lung,baseline,40000,94,93,93,0.12938889518486535
lung,baseline,40000,94,92,92,0.01477105771242246
lung,baseline,40000,94,87,87,0.3287280163294555
lung,baseline,40000,94,87,87,0.160499013343187
lung,baseline,40000,94,37,37,0.14448572841940083
lung,baseline,40000,94,91,91,0.06991712542853931
lung,baseline,40000,94,88,88,0.16104817001735022
lung,baseline,40000,94,93,93,0.024004105144269084
lung,baseline,40000,94,93,93,0.2857367419339838
lung,baseline,40000,94,93,93,0.0046157875928328615
lung,baseline,40000,94,93,93,0.19915729974206714
lung,baseline,40000,94,91,91,0.095869294231366
lung,baseline,40000,94,90,90,0.03565412311470263
lung,baseline,40000,94,87,87,0.1622647084181506
lung,baseline,40000,94,74,74,0.13325586154479108
lung,baseline,40000,94,37,37,0.14967882936320986
lung,baseline,40000,94,93,93,0.02789250586689565
lung,baseline,40000,94,93,93,0.03822168856858798
lung,baseline,40000,94,93,93,0.2577734969758205
lung,baseline,40000,94,93,93,0.007121857674096651
lung,baseline,40000,94,93,93,0.18255713289029238
lung,baseline,40000,94,93,93,0.1291698661619549
lung,baseline,40000,94,89,89,0.151022525834092
lung,baseline,40000,94,80,80,0.21505204708490439
lung,baseline,40000,94,62,62,0.09171359698996652
lung,baseline,40000,94,93,93,0.03954652095460904
lung,baseline,40000,94,90,90,0.1259930519026705
lung,baseline,40000,94,89,89,0.015042528347668544
lung,baseline,40000,94,93,93,0.18428096011864112
lung,baseline,40000,94,93,93,0.1305532354434833
lung,baseline,40000,94,93,93,0.00826468275823796
lung,baseline,40000,94,93,93,0.17135291013443935
lung,baseline,40000,94,92,92,0.13462094146504813
lung,baseline,40000,94,91,91,0.13156759695145487
lung,baseline,40000,94,84,84,0.13377847043519747
lung,baseline,40000,94,84,84,0.12784262311953848
lung,baseline,40000,94,83,83,0.048630998616414345
lung,baseline,40000,94,88,88,0.15281800619874875
lung,baseline,40000,94,37,37,0.12977345441745766
lung,baseline,40000,94,92,92,0.1349662931665009
lung,baseline,40000,94,92,92,0.1327320878554004
lung,baseline,40000,94,92,92,0.17731972396040008
lung,baseline,40000,94,92,92,0.1824854648202511
lung,baseline,40000,94,92,92,0.01471722288899234
lung,baseline,40000,94,91,91,0.021828645480040692
lung,baseline,40000,94,90,90,0.134770877078441
lung,baseline,40000,94,90,90,0.1685086695862307
lung,baseline,40000,94,90,90,0.17951523855014223
lung,baseline,40000,94,88,88,0.17263723662281627
lung,baseline,40000,94,88,88,0.05763051273722235
lung,baseline,40000,94,56,56,0.16558780004371884
lung,baseline,40000,94,40,40,0.1260430240620842
lung,baseline,40000,94,39,39,0.1438031540500204
lung,baseline,40000,94,93,93,0.30970142767332287
lung,baseline,40000,94,85,85,0.2519513544451654
lung,baseline,40000,94,85,85,0.2924980494068046
lung,baseline,40000,94,93,93,0.12384924095608234
lung,baseline,40000,94,93,93,0.17091753010530553
lung,baseline,40000,94,93,93,0.03337595155657563
lung,baseline,40000,94,89,89,0.017782841031972113
lung,baseline,40000,94,43,43,0.2657682934302979
lung,baseline,40000,94,39,39,0.2666992581747884
lung,baseline,40000,94,27,27,0.34852293630472847
lung,baseline,40000,94,87,87,0.10232368934056958
lung,baseline,40000,94,85,85,0.03008678395979934
lung,baseline,40000,94,83,83,0.06346775931599376
lung,baseline,40000,94,75,75,0.18362636030252505
lung,baseline,40000,94,69,69,0.061007306591139523
lung,baseline,40000,94,37,37,0.22314318539777264
lung,baseline,40000,94,93,93,0.039054441597181765
lung,baseline,40000,94,90,90,0.12565247238006585
lung,baseline,40000,94,66,66,0.29375845028164366
lung,baseline,40000,94,28,28,0.37302982149309105
lung,baseline,40000,94,93,93,0.23214756438587064
lung,baseline,40000,94,93,93,0.25919391569525224
lung,baseline,40000,94,93,93,0.2598446926480756
lung,baseline,40000,94,93,93,0.1730998132923963
lung,baseline,40000,94,93,93,0.005880787445906274
lung,baseline,40000,94,93,93,0.013544850763847002
lung,baseline,40000,94,93,93,0.1721151416366651
lung,baseline,40000,94,92,92,0.13102796125679464
lung,baseline,40000,94,91,91,0.006152140928875984
lung,baseline,40000,94,91,91,0.13967946042064358
lung,baseline,40000,94,91,91,0.021147671572036703
lung,baseline,40000,94,93,93,0.0091398754910648
lung,baseline,40000,94,93,93,0.27498290694951083
lung,baseline,40000,94,92,92,0.01885520640823325
lung,baseline,40000,94,93,93,0.023936945583481
lung,baseline,40000,94,93,93,0.15251801185884295
lung,baseline,40000,94,92,92,0.06080221466690693
lung,baseline,40000,94,90,90,0.02253052089972006
lung,baseline,40000,94,86,86,0.04532287356419417
lung,baseline,40000,94,84,84,0.03406235673345848
lung,baseline,40000,94,83,83,0.04248309638798395
lung,baseline,40000,94,93,93,0.3022550631547416
lung,baseline,40000,94,93,93,0.27464292226999093
lung,baseline,40000,94,92,92,0.12755916291238428
lung,baseline,40000,94,91,91,0.04407045085888723
lung,baseline,40000,94,89,89,0.19145692963727295
lung,baseline,40000,94,75,75,0.1666813676119901
lung,baseline,40000,94,51,51,0.14917265563916512
lung,baseline,40000,94,78,78,0.22795554845375632
lung,baseline,40000,94,77,77,0.28646676355526235
lung,baseline,40000,94,77,77,0.2711955309564765
lung,baseline,40000,94,76,76,0.27586692788678996
lung,baseline,40000,94,43,43,0.3203535920437626
lung,baseline,40000,94,39,39,0.32556642047823015
lung,baseline,40000,94,93,93,0.15224747910515588
lung,baseline,40000,94,87,87,0.013021198686492682
lung,baseline,40000,94,87,87,0.033383694294885226
lung,baseline,40000,94,86,86,0.18744342137414458
lung,baseline,40000,94,83,83,0.1801312760234923
lung,baseline,40000,94,82,82,0.22093126021330212
lung,baseline,40000,94,93,93,0.1411492464540841
lung,baseline,40000,94,93,93,0.07350827479713355
lung,baseline,40000,94,85,85,0.1668212258419043
lung,baseline,40000,94,66,66,0.24973926776315242
lung,baseline,40000,94,62,62,0.2341132477405926
lung,baseline,40000,94,56,56,0.23361865736764115
lung,baseline,40000,94,37,37,0.20077237431999526
lung,baseline,40000,94,36,36,0.1674496816761169
lung,baseline,40000,94,91,91,0.022618032109833434
lung,baseline,40000,94,90,90,0.03513799464151981
lung,baseline,40000,94,90,90,0.0943312994674897
lung,baseline,40000,94,89,89,0.12873453478886643
lung,baseline,40000,94,81,81,0.05051475121434024
lung,baseline,40000,94,43,43,0.27192926705374815
lung,baseline,40000,94,39,39,0.27280257332115915
lung,baseline,40000,94,28,28,0.351723025762742
lung,baseline,40000,94,84,84,0.1270302334705744
lung,baseline,40000,94,89,89,0.1902459571421316
lung,baseline,40000,94,87,87,0.2100873739890146
lung,baseline,40000,94,87,87,0.21228534649638797
lung,baseline,40000,94,36,36,0.1791630514131971
lung,baseline,40000,94,91,91,0.2513489284263525
lung,baseline,40000,94,91,91,0.19555309480842173
lung,baseline,40000,94,91,91,0.19984641933550265
lung,baseline,40000,94,90,90,0.06093872972131546
lung,baseline,40000,94,90,90,0.027102135184998093
lung,baseline,40000,94,90,90,0.17087633396608337
lung,baseline,40000,94,89,89,0.19581335529176497
lung,baseline,40000,94,87,87,0.18093352807991897
lung,baseline,40000,94,73,73,0.27345829651805864
lung,baseline,40000,94,93,93,0.014737381502689943
lung,baseline,40000,94,93,93,0.2852253475798704
lung,baseline,40000,94,14,14,0.30870102345771394
lung,baseline,40000,94,89,89,0.11602452267794834
lung,baseline,40000,94,43,43,0.1452240181918158
lung,baseline,40000,94,39,39,0.14749045317473677
lung,baseline,40000,94,56,56,0.24595846278340283
lung,baseline,40000,94,43,43,0.2775586422233586
lung,baseline,40000,94,39,39,0.2797524040357464
lung,baseline,40000,94,28,28,0.36085268294478257
lung,baseline,40000,94,88,88,0.11913752575930837
lung,baseline,40000,94,40,40,0.1980309643948452
lung,baseline,40000,94,39,39,0.24574282697245303
lung,baseline,40000,94,89,89,0.14668417458225622
lung,baseline,40000,94,37,37,0.14473293891156744
lung,baseline,40000,94,93,93,0.17858501697388654
lung,baseline,40000,94,87,87,0.030069159109484538
lung,baseline,40000,94,81,81,0.13507999278555421
lung,baseline,40000,94,79,79,0.0420086999710716
lung,baseline,40000,94,88,88,0.17056222249677278
lung,baseline,40000,94,28,28,0.2576545687007907
lung,baseline,40000,94,93,93,0.0038272743127612486
lung,baseline,40000,94,93,93,0.009244680592610088
lung,baseline,40000,94,93,93,0.004788031223345407
lung,baseline,40000,94,93,93,0.007154968113241085
lung,baseline,40000,94,93,93,0.004045752325826679
lung,baseline,40000,94,93,93,0.010457722546773143
lung,baseline,40000,94,93,93,0.0049639168347637656
lung,baseline,40000,94,93,93,0.011516636825955962
lung,baseline,40000,94,93,93,0.0037145511125326893
lung,baseline,40000,94,93,93,0.004166254710183981
lung,baseline,40000,94,93,93,0.00747914428545559
lung,baseline,40000,94,93,93,0.02805217761540412
lung,baseline,40000,94,93,93,0.013578120942432478
lung,baseline,40000,94,93,93,0.036163993332531716
lung,baseline,40000,94,93,93,0.005737402090157955
lung,baseline,40000,94,93,93,0.009888567065096908
lung,baseline,40000,94,93,93,0.003672010759113975
lung,baseline,40000,94,93,93,0.004501574514804345
lung,baseline,40000,94,93,93,0.1279142847507601
lung,baseline,40000,94,93,93,0.004174436259717551
lung,baseline,40000,94,93,93,0.004265512062398432
lung,baseline,40000,94,93,93,0.00822885576508605
lung,baseline,40000,94,93,93,0.026052372022893792
lung,baseline,40000,94,93,93,0.004705008010314551
lung,baseline,40000,94,92,92,0.009165888091244856
lung,baseline,40000,94,92,92,0.025744076766130636
lung,baseline,40000,94,92,92,0.014087027120503814
lung,baseline,40000,94,92,92,0.013947915927398288
lung,baseline,40000,94,91,91,0.021054573433166673
lung,baseline,40000,94,91,91,0.027440954721282145
lung,baseline,40000,94,91,91,0.017499428583548086
lung,baseline,40000,94,87,87,0.03759227837389504
lung,baseline,40000,94,91,91,0.02293480244018396
lung,baseline,40000,94,88,88,0.09787454579490693
lung,baseline,40000,94,84,84,0.11203237450514449
lung,baseline,40000,94,37,37,0.14400823937412272
lung,baseline,40000,94,37,37,0.20444136546804073
lung,baseline,40000,94,91,91,0.18790579636752233
lung,baseline,40000,94,89,89,0.16364352539504237
lung,baseline,40000,94,73,73,0.19272292970065752
lung,baseline,40000,94,66,66,0.21592563133483433
lung,baseline,40000,94,62,62,0.19143096265817666
lung,baseline,40000,94,89,89,0.12359501420388613
lung,baseline,40000,94,89,89,0.1771670350612745
lung,baseline,40000,94,86,86,0.1783829541752295
lung,baseline,40000,94,86,86,0.17797347800326024
lung,baseline,40000,94,85,85,0.14492069632481472
lung,baseline,40000,94,92,92,0.1269616849444219
lung,baseline,40000,94,89,89,0.13728811892746684
lung,baseline,40000,94,84,84,0.2371988116390498
lung,baseline,40000,94,19,19,0.4745770937170869
lung,baseline,40000,94,40,40,0.21949608991535224
lung,baseline,40000,94,39,39,0.2620667160240835
lung,baseline,40000,94,93,93,0.30694900626560967
lung,baseline,40000,94,93,93,0.27003727626241214
lung,baseline,40000,94,89,89,0.23492647675850017
lung,baseline,40000,94,37,37,0.2723133537496982
lung,baseline,40000,94,43,43,0.21600627312705312
lung,baseline,40000,94,39,39,0.2121057246102714
lung,baseline,40000,94,28,28,0.24546624916325224
lung,baseline,40000,94,93,93,0.012236047717099283
lung,baseline,40000,94,92,92,0.01715435291548861
lung,baseline,40000,94,87,87,0.15434788474135921
lung,baseline,40000,94,83,83,0.07934537726177981
lung,baseline,40000,94,77,77,0.19058938086388255
lung,baseline,40000,94,69,69,0.06263877706733943
lung,baseline,40000,94,93,93,0.11765168011002937
lung,baseline,40000,94,89,89,0.13937657208916251
lung,baseline,40000,94,43,43,0.27527667848401516
lung,baseline,40000,94,39,39,0.2772303104910869
lung,baseline,40000,94,28,28,0.3564856329362637
lung,baseline,40000,94,92,92,0.02489686476078943
lung,baseline,40000,94,87,87,0.16611862573660077
lung,baseline,40000,94,87,87,0.16687729048842873
lung,baseline,40000,94,93,93,0.01636292392095421
lung,baseline,40000,94,88,88,0.15622329626848944
lung,baseline,40000,94,92,92,0.13520062979404332
lung,baseline,40000,94,91,91,0.13998785561153085
lung,baseline,40000,94,88,88,0.1727635480199993
lung,baseline,40000,94,81,81,0.13416157130405254
lung,baseline,40000,94,81,81,0.1785958650651688
lung,baseline,40000,94,79,79,0.04527878252562688
lung,baseline,40000,94,93,93,0.18124269819098254
lung,baseline,40000,94,93,93,0.008292521882435172
lung,baseline,40000,94,93,93,0.12720477377620448
lung,baseline,40000,94,91,91,0.01962653970982476
lung,baseline,40000,94,91,91,0.03266916950803268
lung,baseline,40000,94,79,79,0.03690461370720921
lung,baseline,40000,94,92,92,0.259594607781408
lung,baseline,40000,94,90,90,0.2588979447583603
lung,baseline,40000,94,88,88,0.24458477987695115
lung,baseline,40000,94,85,85,0.2349530136689095
lung,baseline,40000,94,85,85,0.2511344181986947
lung,baseline,40000,94,84,84,0.24660372186315924
lung,baseline,40000,94,56,56,0.22791134060576848
lung,baseline,40000,94,93,93,0.13160053978907965
lung,baseline,40000,94,93,93,0.18193253814470658
lung,baseline,40000,94,79,79,0.041083090405281124
lung,baseline,40000,94,93,93,0.2022495697657941
lung,baseline,40000,94,93,93,0.28790961054892233
lung,baseline,40000,94,63,63,0.14145914172318944
lung,baseline,40000,94,93,93,0.28606157719401965
lung,baseline,40000,94,92,92,0.06264734599265878
lung,baseline,40000,94,92,92,0.036059084051038484
lung,baseline,40000,94,92,92,0.12219621576019875
lung,baseline,40000,94,92,92,0.13421216177834716
lung,baseline,40000,94,92,92,0.04572630761132899
lung,baseline,40000,94,91,91,0.010695607418656673
lung,baseline,40000,94,90,90,0.025117095652010733
lung,baseline,40000,94,90,90,0.11273022060917073
lung,baseline,40000,94,90,90,0.08925163360904992
lung,baseline,40000,94,88,88,0.16953106228387396
lung,baseline,40000,94,93,93,0.17765733712235363
lung,baseline,40000,94,91,91,0.12722918063166014
lung,baseline,40000,94,88,88,0.048974622920058296
lung,baseline,40000,94,88,88,0.19404246595997557
lung,baseline,40000,94,39,39,0.2603220318893193
lung,baseline,40000,94,79,79,0.2074238458624959
lung,baseline,40000,94,43,43,0.28075062481521573
lung,baseline,40000,94,39,39,0.27280587417158925
lung,baseline,40000,94,27,27,0.3053677126348088
lung,baseline,40000,94,91,91,0.0067457981671910925
lung,baseline,40000,94,91,91,0.13393021079191955
lung,baseline,40000,94,87,87,0.1629299651415136
lung,baseline,40000,94,85,85,0.1755014491126854
lung,baseline,40000,94,84,84,0.1346309846453328
lung,baseline,40000,94,80,80,0.15499944330549473
lung,baseline,40000,94,91,91,0.05195565933357165
lung,baseline,40000,94,91,91,0.028665053637637692
lung,baseline,40000,94,90,90,0.11566323388061575
lung,baseline,40000,94,88,88,0.05034990826847427
lung,baseline,40000,94,14,14,0.20244430320220275
lung,baseline,40000,94,93,93,0.26316815516926784
lung,baseline,40000,94,92,92,0.3045096225561283
lung,baseline,40000,94,93,93,0.13031397505835093
lung,baseline,40000,94,90,90,0.16610200616981904
lung,baseline,40000,94,88,88,0.16752174120275198
lung,baseline,40000,94,81,81,0.1756369931816453
lung,baseline,40000,94,79,79,0.04368326838466664
lung,baseline,40000,94,93,93,0.2850329106497853
lung,baseline,40000,94,93,93,0.19412577014822552
lung,baseline,40000,94,91,91,0.08524195277614172
lung,baseline,40000,94,93,93,0.13175360114373763
lung,baseline,40000,94,92,92,0.18509387114593484
lung,baseline,40000,94,92,92,0.17729464514102486
lung,baseline,40000,94,87,87,0.18368948735951388
lung,baseline,40000,94,93,93,0.1839125473159414
lung,baseline,40000,94,91,91,0.13839666050688557
lung,baseline,40000,94,90,90,0.014045690181728385
lung,baseline,40000,94,87,87,0.030662738474698043
lung,baseline,40000,94,86,86,0.13777485534800907
lung,baseline,40000,94,81,81,0.13747324727812316
lung,baseline,40000,94,79,79,0.04040729767906655
lung,baseline,40000,94,92,92,0.01009629804144021
lung,baseline,40000,94,88,88,0.2135013913615624
lung,baseline,40000,94,86,86,0.18147815259473812
lung,baseline,40000,94,77,77,0.059864703089176644
lung,baseline,40000,94,93,93,0.03502180265350015
lung,baseline,40000,94,92,92,0.05651619801999515
lung,baseline,40000,94,90,90,0.11760965793162724
lung,baseline,40000,94,84,84,0.03377156513972796
lung,baseline,40000,95,89,89,0.14725045380116664
lung,baseline,40000,95,37,37,0.16369094602439446
lung,baseline,40000,95,36,36,0.11070605092457662
lung,baseline,40000,95,90,90,0.12427128120752651
lung,baseline,40000,95,37,37,0.08391841365025479
lung,baseline,40000,95,43,43,0.2923629697092821
lung,baseline,40000,95,39,39,0.2903501621384899
lung,baseline,40000,95,37,37,0.23462997763700916
lung,baseline,40000,95,27,27,0.3269652523637032
lung,baseline,40000,95,62,62,0.1652768552844963
lung,baseline,40000,95,37,37,0.2021387820798376
lung,baseline,40000,95,34,34,0.20456065672719276
lung,baseline,40000,95,83,83,0.054825047190932445
lung,baseline,40000,95,43,43,0.19462847950300402
lung,baseline,40000,95,39,39,0.20465022684902556
lung,baseline,40000,95,28,28,0.25153880152668573
lung,baseline,40000,95,92,92,0.2886940767116925
lung,baseline,40000,95,92,92,0.28257851414440427
lung,baseline,40000,95,92,92,0.2669574499578065
lung,baseline,40000,95,94,94,0.14933590051950854
lung,baseline,40000,95,77,77,0.2059883877609432
lung,baseline,40000,95,76,76,0.19923010375710445
lung,baseline,40000,95,94,94,0.0074120692173729515
lung,baseline,40000,95,94,94,0.014022089149110616
lung,baseline,40000,95,93,93,0.03095328173366708
lung,baseline,40000,95,93,93,0.05442124070955027
lung,baseline,40000,95,92,92,0.028439845904989675
lung,baseline,40000,95,90,90,0.028116689592380062
lung,baseline,40000,95,90,90,0.03040728335420518
lung,baseline,40000,95,90,90,0.1189330774834226
lung,baseline,40000,95,88,88,0.03342599645902808
lung,baseline,40000,95,82,82,0.07048497089316741
lung,baseline,40000,95,87,87,0.1607227924427997
lung,baseline,40000,95,37,37,0.19140790205501182
lung,baseline,40000,95,94,94,0.26827085656489996
lung,baseline,40000,95,94,94,0.26644834573578685
lung,baseline,40000,95,93,93,0.08118540820771541
lung,baseline,40000,95,87,87,0.2145711331480615
lung,baseline,40000,95,28,28,0.3277947876197992
lung,baseline,40000,95,90,90,0.14955223432504447
lung,baseline,40000,95,37,37,0.12732595880599162
lung,baseline,40000,95,83,83,0.15356454659454824
lung,baseline,40000,95,77,77,0.21140200670268658
lung,baseline,40000,95,77,77,0.23531396333009347
lung,baseline,40000,95,76,76,0.20284717612728667
lung,baseline,40000,95,69,69,0.16267824732789965
lung,baseline,40000,95,89,89,0.17744387632099345
lung,baseline,40000,95,87,87,0.2242452179227976
lung,baseline,40000,95,74,74,0.26185654853138823
lung,baseline,40000,95,43,43,0.27048637141201004
lung,baseline,40000,95,94,94,0.03671884337592701
lung,baseline,40000,95,94,94,0.015086790474770526
lung,baseline,40000,95,93,93,0.25406324013487214
lung,baseline,40000,95,93,93,0.07020231042124088
lung,baseline,40000,95,93,93,0.1803181281419557
lung,baseline,40000,95,93,93,0.24985373258065996
lung,baseline,40000,95,93,93,0.3122880055033143
lung,baseline,40000,95,93,93,0.29400177810142253
lung,baseline,40000,95,92,92,0.25473738051871797
lung,baseline,40000,95,92,92,0.03861740773784071
lung,baseline,40000,95,91,91,0.2501729608488326
lung,baseline,40000,95,43,43,0.2527024108249921
lung,baseline,40000,95,39,39,0.2566827640144487
lung,baseline,40000,95,28,28,0.2994063351155255
lung,baseline,40000,95,92,92,0.16826916794638744
lung,baseline,40000,95,91,91,0.1816646540706475
lung,baseline,40000,95,90,90,0.15641768108443171
lung,baseline,40000,95,93,93,0.17915180078431803
lung,baseline,40000,95,93,93,0.023739538588552985
lung,baseline,40000,95,93,93,0.1401206343961976
lung,baseline,40000,95,91,91,0.1725249484775593
lung,baseline,40000,95,90,90,0.17319311388858627
lung,baseline,40000,95,86,86,0.1975391500980578
lung,baseline,40000,95,84,84,0.23736358164683005
lung,baseline,40000,95,94,94,0.13853342861279733
lung,baseline,40000,95,94,94,0.16197660503966443
lung,baseline,40000,95,93,93,0.1405629989286325
lung,baseline,40000,95,72,72,0.21006330371823012
lung,baseline,40000,95,92,92,0.019003385272612864
lung,baseline,40000,95,89,89,0.10925879612028526
lung,baseline,40000,95,87,87,0.11073550674902806
lung,baseline,40000,95,79,79,0.08067465331845398
lung,baseline,40000,95,94,94,0.1277792506041441
lung,baseline,40000,95,94,94,0.0076584882675497035
lung,baseline,40000,95,91,91,0.1574127502789907
lung,baseline,40000,95,90,90,0.0323227166214857
lung,baseline,40000,95,73,73,0.18112347294279876
lung,baseline,40000,95,94,94,0.011753427390316075
lung,baseline,40000,95,94,94,0.02000442634075194
lung,baseline,40000,95,91,91,0.11603637222226516
lung,baseline,40000,95,93,93,0.14104831200232304
lung,baseline,40000,95,69,69,0.1632754560417065
lung,baseline,40000,95,83,83,0.14088342127219713
lung,baseline,40000,95,77,77,0.06314351942073182
lung,baseline,40000,95,90,90,0.15865880552336295
lung,baseline,40000,95,37,37,0.14397613983905844
lung,baseline,40000,95,90,90,0.14358578738520475
lung,baseline,40000,95,43,43,0.2764371617752439
lung,baseline,40000,95,28,28,0.35357561752115174
lung,baseline,40000,95,94,94,0.012086544609589776
lung,baseline,40000,95,87,87,0.2119952456546496
lung,baseline,40000,95,91,91,0.01749001098479105
lung,baseline,40000,95,90,90,0.12076609946195066
lung,baseline,40000,95,90,90,0.029704399151650168
lung,baseline,40000,95,82,82,0.0714719940828774
lung,baseline,40000,95,89,89,0.1621764382900927
lung,baseline,40000,95,37,37,0.15959071928627674
lung,baseline,40000,95,94,94,0.15832627901380822
lung,baseline,40000,95,94,94,0.12486915083773442
lung,baseline,40000,95,94,94,0.012033405492720674
lung,baseline,40000,95,92,92,0.012818098558778381
lung,baseline,40000,95,92,92,0.018735846418174263
lung,baseline,40000,95,92,92,0.007426658204867926
lung,baseline,40000,95,91,91,0.018964862034374818
lung,baseline,40000,95,82,82,0.05714734115334395
lung,baseline,40000,95,88,88,0.20951587661655438
lung,baseline,40000,95,88,88,0.12125860707868923
lung,baseline,40000,95,87,87,0.13330173761809108
lung,baseline,40000,95,86,86,0.18891123736431775
lung,baseline,40000,95,79,79,0.1775471763180168
lung,baseline,40000,95,87,87,0.11597434811323659
lung,baseline,40000,95,85,85,0.1483792256175199
lung,baseline,40000,95,37,37,0.2178045013160448
lung,baseline,40000,95,85,85,0.21080502140975788
lung,baseline,40000,95,78,78,0.19112773480618717
lung,baseline,40000,95,36,36,0.1972288564876469
lung,baseline,40000,95,94,94,0.258953391077787
lung,baseline,40000,95,89,89,0.243741971476556
lung,baseline,40000,95,89,89,0.08401933515765929
lung,baseline,40000,95,92,92,0.012758009514527009
lung,baseline,40000,95,91,91,0.09068322625291032
lung,baseline,40000,95,90,90,0.04403767300723879
lung,baseline,40000,95,90,90,0.16532666993119857
lung,baseline,40000,95,83,83,0.03961821490405199
lung,baseline,40000,95,75,75,0.03887155863189202
lung,baseline,40000,95,69,69,0.06475032292562785
lung,baseline,40000,95,89,89,0.10956733957018654
lung,baseline,40000,95,43,43,0.13430048702086397
lung,baseline,40000,95,39,39,0.1525451850177453
lung,baseline,40000,95,94,94,0.1562311274991306
lung,baseline,40000,95,91,91,0.10859668650120605
lung,baseline,40000,95,86,86,0.038176409889032266
lung,baseline,40000,95,84,84,0.03326731260100077
lung,baseline,40000,95,83,83,0.04036047764710702
lung,baseline,40000,95,94,94,0.10700842538093942
lung,baseline,40000,95,93,93,0.1339688663874005
lung,baseline,40000,95,78,78,0.16741725890752002
lung,baseline,40000,95,51,51,0.166027404146888
lung,baseline,40000,95,28,28,0.40546299538106656
lung,baseline,40000,95,94,94,0.14887845934323604
lung,baseline,40000,95,92,92,0.20731712732297866
lung,baseline,40000,95,37,37,0.21476266382911152
lung,baseline,40000,95,34,34,0.29672427557713327
lung,baseline,40000,95,90,90,0.17235178411479743
lung,baseline,40000,95,37,37,0.19740998910007526
lung,baseline,40000,95,36,36,0.15947867455746534
lung,baseline,40000,95,94,94,0.2673897859052174
lung,baseline,40000,95,90,90,0.2865168133933215
lung,baseline,40000,95,87,87,0.2499530018583829
lung,baseline,40000,95,63,63,0.23338609212693698
lung,baseline,40000,95,94,94,0.02400894683873948
lung,baseline,40000,95,94,94,0.09621716291277718
lung,baseline,40000,95,92,92,0.014544769254197551
lung,baseline,40000,95,92,92,0.0485087235578357
lung,baseline,40000,95,91,91,0.07756320878179063
lung,baseline,40000,95,66,66,0.18717223800507166
lung,baseline,40000,95,62,62,0.1852310057412187
lung,baseline,40000,95,94,94,0.15284374989280472
lung,baseline,40000,95,94,94,0.12880662865754836
lung,baseline,40000,95,93,93,0.05378907515814202
lung,baseline,40000,95,92,92,0.018945772895178823
lung,baseline,40000,95,92,92,0.01189158919387375
lung,baseline,40000,95,94,94,0.10149627549073859
lung,baseline,40000,95,92,92,0.009617793745747096
lung,baseline,40000,95,91,91,0.07897491903978558
lung,baseline,40000,95,90,90,0.022318317945343422
lung,baseline,40000,95,73,73,0.10813120546278016
lung,baseline,40000,95,66,66,0.19128847767862958
lung,baseline,40000,95,62,62,0.1863179608926047
lung,baseline,40000,95,94,94,0.152919153539079
lung,baseline,40000,95,91,91,0.10092855320394452
lung,baseline,40000,95,78,78,0.1644144589827949
lung,baseline,40000,95,77,77,0.2215460629661388
lung,baseline,40000,95,43,43,0.27356561006132946
lung,baseline,40000,95,39,39,0.26659818035231275
lung,baseline,40000,95,92,92,0.021480593495486356
lung,baseline,40000,95,56,56,0.1857663678511154
lung,baseline,40000,95,94,94,0.030201864020907396
lung,baseline,40000,95,91,91,0.12515078890623432
lung,baseline,40000,95,43,43,0.20518848707189544
lung,baseline,40000,95,39,39,0.2022486801689957
lung,baseline,40000,95,28,28,0.24442974332355863
lung,baseline,40000,95,56,56,0.2202064187755888
lung,baseline,40000,95,43,43,0.20109420608175638
lung,baseline,40000,95,39,39,0.21161343378920897
lung,baseline,40000,95,28,28,0.26034829826043004
lung,baseline,40000,95,93,93,0.16614760296397077
lung,baseline,40000,95,89,89,0.1942191492610508
lung,baseline,40000,95,88,88,0.1833061625872878
lung,baseline,40000,95,87,87,0.0856577421233009
lung,baseline,40000,95,78,78,0.23571776379764317
lung,baseline,40000,95,78,78,0.23651478766552267
lung,baseline,40000,95,77,77,0.2418920650869035
lung,baseline,40000,95,63,63,0.20292516083874254
lung,baseline,40000,95,43,43,0.28852935531355345
lung,baseline,40000,95,39,39,0.27576397336276093
lung,baseline,40000,95,94,94,0.02141287209837251
lung,baseline,40000,95,94,94,0.24716816181750945
lung,baseline,40000,95,93,93,0.24770683067524316
lung,baseline,40000,95,92,92,0.04897004647750047
lung,baseline,40000,95,91,91,0.20879991535193354
lung,baseline,40000,95,93,93,0.044077582218544395
lung,baseline,40000,95,93,93,0.33004673758395187
lung,baseline,40000,95,93,93,0.2940929329972748
lung,baseline,40000,95,92,92,0.28614394014305455
lung,baseline,40000,95,91,91,0.24726189976220933
lung,baseline,40000,95,91,91,0.17840248633804212
lung,baseline,40000,95,88,88,0.2601635456573535
lung,baseline,40000,95,87,87,0.2583818921304453
lung,baseline,40000,95,39,39,0.19732450235896165
lung,baseline,40000,95,20,20,0.3904416457880687
lung,baseline,40000,95,91,91,0.12482268798625375
lung,baseline,40000,95,37,37,0.0847069988109271
lung,baseline,40000,95,89,89,0.2161591783442417
lung,baseline,40000,95,88,88,0.1957950832824048
lung,baseline,40000,95,86,86,0.19707532483750914
lung,baseline,40000,95,66,66,0.24254010660536418
lung,baseline,40000,95,92,92,0.030838708931746228
lung,baseline,40000,95,56,56,0.18907607431803722
lung,baseline,40000,95,92,92,0.05880546515247843
lung,baseline,40000,95,91,91,0.12260542355637867
lung,baseline,40000,95,91,91,0.18106878223848022
lung,baseline,40000,95,36,36,0.1700040338801612
lung,baseline,40000,95,34,34,0.20088921632623188
lung,baseline,40000,95,92,92,0.011332996792313884
lung,baseline,40000,95,90,90,0.1527801622159481
lung,baseline,40000,95,62,62,0.1698181507210453
lung,baseline,40000,95,43,43,0.19985248309799641
lung,baseline,40000,95,39,39,0.21133956493644646
lung,baseline,40000,95,28,28,0.2562579044013555
lung,baseline,40000,95,89,89,0.11334632908633197
lung,baseline,40000,95,79,79,0.07744692932304714
lung,baseline,40000,95,43,43,0.16474131698306047
lung,baseline,40000,95,92,92,0.03256901203673702
lung,baseline,40000,95,90,90,0.12448449222667067
lung,baseline,40000,95,88,88,0.0369502611136931
lung,baseline,40000,95,79,79,0.15388178715290762
lung,baseline,40000,95,94,94,0.016224757170128862
lung,baseline,40000,95,86,86,0.1699059389229828
lung,baseline,40000,95,79,79,0.12670433324499875
lung,baseline,40000,95,43,43,0.2008421712561348
lung,baseline,40000,95,39,39,0.20811153746007433
lung,baseline,40000,95,92,92,0.024387042207558288
lung,baseline,40000,95,92,92,0.01978961980262265
lung,baseline,40000,95,91,91,0.022061715279747235
lung,baseline,40000,95,91,91,0.12159955021481793
lung,baseline,40000,95,88,88,0.018990522310323374
lung,baseline,40000,95,88,88,0.19975897519559507
lung,baseline,40000,95,88,88,0.22844781598498132
lung,baseline,40000,95,87,87,0.19914774872564298
lung,baseline,40000,95,83,83,0.25090352822555667
lung,baseline,40000,95,43,43,0.27726414825944024
lung,baseline,40000,95,39,39,0.2734647539659555
lung,baseline,40000,95,43,43,0.2801316392829375
lung,baseline,40000,95,39,39,0.2701937164686087
lung,baseline,40000,95,27,27,0.3135050627809924
lung,baseline,40000,95,43,43,0.3071137964822946
lung,baseline,40000,95,94,94,0.16008973817850633
lung,baseline,40000,95,89,89,0.16537091819149635
lung,baseline,40000,95,39,39,0.20548593477252702
lung,baseline,40000,95,20,20,0.3918242771269191
lung,baseline,40000,95,89,89,0.12147992429640203
lung,baseline,40000,95,89,89,0.12021986980597067
lung,baseline,40000,95,43,43,0.1453523604412336
lung,baseline,40000,95,39,39,0.1500310756075062
lung,baseline,40000,95,40,40,0.22700991189296368
lung,baseline,40000,95,39,39,0.2678818900504432
lung,baseline,40000,95,56,56,0.29122151628308585
lung,baseline,40000,95,43,43,0.3306283397587613
lung,baseline,40000,95,39,39,0.333581646297307
lung,baseline,40000,95,37,37,0.29982115080197996
lung,baseline,40000,95,28,28,0.3882582011872176
lung,baseline,40000,95,56,56,0.2071563578312075
lung,baseline,40000,95,37,37,0.2256197900095966
lung,baseline,40000,95,84,84,0.19676463199459687
lung,baseline,40000,95,62,62,0.2186135200827486
lung,baseline,40000,95,51,51,0.13429170564021997
lung,baseline,40000,95,43,43,0.27586209042876597
lung,baseline,40000,95,28,28,0.32673192200828866
lung,baseline,40000,95,94,94,0.019291252576050286
lung,baseline,40000,95,91,91,0.1182028296761576
lung,baseline,40000,95,91,91,0.12470010852609033
lung,baseline,40000,95,91,91,0.037785563556791676
lung,baseline,40000,95,87,87,0.035800880070746235
lung,baseline,40000,95,84,84,0.04411215806960254
lung,baseline,40000,95,94,94,0.012120472196942894
lung,baseline,40000,95,94,94,0.003782205644056104
lung,baseline,40000,95,94,94,0.17760759866898423
lung,baseline,40000,95,94,94,0.011841735600711164
lung,baseline,40000,95,94,94,0.008089171082339029
lung,baseline,40000,95,94,94,0.016631147893649376
lung,baseline,40000,95,94,94,0.006673560625576507
lung,baseline,40000,95,94,94,0.02250584371091811
lung,baseline,40000,95,94,94,0.011278528332496991
lung,baseline,40000,95,94,94,0.008063101893149956
lung,baseline,40000,95,94,94,0.008560073656362079
lung,baseline,40000,95,94,94,0.003198789630121045
lung,baseline,40000,95,94,94,0.03453073932112117
lung,baseline,40000,95,94,94,0.016618556693186317
lung,baseline,40000,95,94,94,0.007857989177413576
lung,baseline,40000,95,94,94,0.12947658488362476
lung,baseline,40000,95,94,94,0.009794879188839855
lung,baseline,40000,95,94,94,0.00884864155979903
lung,baseline,40000,95,94,94,0.029572056752666616
lung,baseline,40000,95,94,94,0.01065466855556122
lung,baseline,40000,95,94,94,0.0190771795338035
lung,baseline,40000,95,94,94,0.006511998513224935
lung,baseline,40000,95,94,94,0.010431509597222003
lung,baseline,40000,95,94,94,0.010867657331114501
lung,baseline,40000,95,94,94,0.011090481380112711
lung,baseline,40000,95,93,93,0.013069404778469082
lung,baseline,40000,95,93,93,0.010626407455681776
lung,baseline,40000,95,93,93,0.008875251145274966
lung,baseline,40000,95,92,92,0.0334970566297443
lung,baseline,40000,95,92,92,0.01675071633399171
lung,baseline,40000,95,92,92,0.02492431056687055
lung,baseline,40000,95,91,91,0.011258351611568348
lung,baseline,40000,95,88,88,0.02628431465263653
lung,baseline,40000,95,94,94,0.09313780793530682
lung,baseline,40000,95,78,78,0.05953355908810854
lung,baseline,40000,95,89,89,0.17878530214638144
lung,baseline,40000,95,66,66,0.21209240998830975
lung,baseline,40000,95,62,62,0.18937335999240545
lung,baseline,40000,95,37,37,0.22933037577015777
lung,baseline,40000,95,36,36,0.19880043318292262
lung,baseline,40000,95,94,94,0.24528777038760258
lung,baseline,40000,95,94,94,0.2799086121273611
lung,baseline,40000,95,89,89,0.2586682966468553
lung,baseline,40000,95,93,93,0.05362556239333457
lung,baseline,40000,95,93,93,0.09635719306920597
lung,baseline,40000,95,91,91,0.13269758915975466
lung,baseline,40000,95,90,90,0.16623905347951246
lung,baseline,40000,95,90,90,0.026293157790743947
lung,baseline,40000,95,83,83,0.040144123979280154
lung,baseline,40000,95,75,75,0.04327159827333368
lung,baseline,40000,95,94,94,0.250330946351366
lung,baseline,40000,95,94,94,0.27022310787065684
lung,baseline,40000,95,79,79,0.254998099383734
lung,baseline,40000,95,39,39,0.3115175290417228
lung,baseline,40000,95,20,20,0.5276568027653761
lung,baseline,40000,95,92,92,0.15686540873341498
lung,baseline,40000,95,88,88,0.2102372987521946
lung,baseline,40000,95,73,73,0.254677374196759
lung,baseline,40000,95,56,56,0.30207003162607365
lung,baseline,40000,95,43,43,0.2772634590521718
lung,baseline,40000,95,39,39,0.284215397717724
lung,baseline,40000,95,92,92,0.2768276180351457
lung,baseline,40000,95,92,92,0.25062727115033284
lung,baseline,40000,95,91,91,0.23624657213283676
lung,baseline,40000,95,88,88,0.27584706533819187
lung,baseline,40000,95,83,83,0.2515809214204567
lung,baseline,40000,95,69,69,0.27016761012089585
lung,baseline,40000,95,93,93,0.031787845085956876
lung,baseline,40000,95,37,37,0.21477226138004848
lung,baseline,40000,95,94,94,0.273673349336743
lung,baseline,40000,95,94,94,0.019150995889733687
lung,baseline,40000,95,94,94,0.24437153392332117
lung,baseline,40000,95,82,82,0.2291698658490683
lung,baseline,40000,95,37,37,0.26934685854085794
lung,baseline,40000,95,36,36,0.2319253206231233
lung,baseline,40000,95,87,87,0.19117833922137223
lung,baseline,40000,95,86,86,0.06525276913617643
lung,baseline,40000,95,83,83,0.1623928249493609
lung,baseline,40000,95,75,75,0.21045531963887032
lung,baseline,40000,95,93,93,0.26106814384492016
lung,baseline,40000,95,93,93,0.27520809819976205
lung,baseline,40000,95,88,88,0.27008905266946
lung,baseline,40000,95,87,87,0.25679305440386807
lung,baseline,40000,95,94,94,0.027986372492282297
lung,baseline,40000,95,94,94,0.01115762636126292
lung,baseline,40000,95,94,94,0.1251204317972544
lung,baseline,40000,95,91,91,0.12309080074378116
lung,baseline,40000,95,90,90,0.15858156377774366
lung,baseline,40000,95,37,37,0.16207627821953757
lung,baseline,40000,95,36,36,0.10778049333634185
lung,baseline,40000,95,94,94,0.11818420897100684
lung,baseline,40000,95,94,94,0.15751215429623083
lung,baseline,40000,95,87,87,0.0774194918271735
lung,baseline,40000,95,88,88,0.26371240974157356
lung,baseline,40000,95,88,88,0.2649948245402798
lung,baseline,40000,95,39,39,0.28403161206470845
lung,baseline,40000,95,94,94,0.09948623405149196
lung,baseline,40000,95,93,93,0.05223855164916265
lung,baseline,40000,95,92,92,0.021843281351965064
lung,baseline,40000,95,90,90,0.039692392708685416
lung,baseline,40000,95,90,90,0.02658413745277083
lung,baseline,40000,95,83,83,0.04320702221466756
lung,baseline,40000,95,75,75,0.054058058263545386
lung,baseline,40000,95,69,69,0.05813815787832748
lung,baseline,40000,95,94,94,0.0149205275725083
lung,baseline,40000,95,93,93,0.011527602155870984
lung,baseline,40000,95,92,92,0.10581593093252861
lung,baseline,40000,95,69,69,0.06533542651837122
lung,baseline,40000,95,28,28,0.3470015946715899
lung,baseline,40000,95,83,83,0.1433666429585872
lung,baseline,40000,95,77,77,0.05986436244966307
lung,baseline,40000,95,94,94,0.02357598489250348
lung,baseline,40000,95,94,94,0.11593570173667021
lung,baseline,40000,95,93,93,0.04658894009050917
lung,baseline,40000,95,93,93,0.01838268744364181
lung,baseline,40000,95,91,91,0.09435810695183561
lung,baseline,40000,95,91,91,0.0176708764148679
lung,baseline,40000,95,94,94,0.19804717067696362
lung,baseline,40000,95,94,94,0.2850756829887013
lung,baseline,40000,95,94,94,0.034415042683326805
lung,baseline,40000,95,94,94,0.012064120877617688
lung,baseline,40000,95,94,94,0.02051514760647343
lung,baseline,40000,95,94,94,0.02325789033630444
lung,baseline,40000,95,94,94,0.027564582364919103
lung,baseline,40000,95,94,94,0.019484840681825603
lung,baseline,40000,95,94,94,0.04303315159482388
lung,baseline,40000,95,93,93,0.028451028671055423
lung,baseline,40000,95,93,93,0.05929612242477952
lung,baseline,40000,95,92,92,0.023211878091918665
lung,baseline,40000,95,91,91,0.07528594721242951
lung,baseline,40000,95,92,92,0.029592868849915802
lung,baseline,40000,95,90,90,0.1520752604141705
lung,baseline,40000,95,91,91,0.11131468389591359
lung,baseline,40000,95,37,37,0.13660730944386168
lung,baseline,40000,95,89,89,0.16021095174869054
lung,baseline,40000,95,66,66,0.16307843650191445
lung,baseline,40000,95,62,62,0.16987620149002586
lung,baseline,40000,95,37,37,0.14016483666166868
lung,baseline,40000,95,36,36,0.08667336686454699
lung,baseline,40000,95,94,94,0.2732767426676427
lung,baseline,40000,95,94,94,0.007670462551612539
lung,baseline,40000,95,94,94,0.02249031778235087
lung,baseline,40000,95,94,94,0.3073260079871289
lung,baseline,40000,95,94,94,0.01334544059117655
lung,baseline,40000,95,93,93,0.12640373487763643
lung,baseline,40000,95,93,93,0.03364844302884224
lung,baseline,40000,95,93,93,0.08245064440638189
lung,baseline,40000,95,93,93,0.03612303460638935
lung,baseline,40000,95,93,93,0.04445275269796409
lung,baseline,40000,95,89,89,0.08946577799790367
lung,baseline,40000,95,85,85,0.055194950886007024
lung,baseline,40000,95,93,93,0.10375325555462991
lung,baseline,40000,95,91,91,0.13782749575433995
lung,baseline,40000,95,91,91,0.12054359268963753
lung,baseline,40000,95,91,91,0.041790037929042116
lung,baseline,40000,95,91,91,0.030304616372326725
lung,baseline,40000,95,87,87,0.04277617595323671
lung,baseline,40000,95,84,84,0.05033006821031742
lung,baseline,40000,95,94,94,0.1301945834955745
lung,baseline,40000,95,94,94,0.1300064394659058
lung,baseline,40000,95,94,94,0.032428501359441364
lung,baseline,40000,95,92,92,0.19500405518060868
lung,baseline,40000,95,92,92,0.14141958803608715
lung,baseline,40000,95,91,91,0.15363254544494526
lung,baseline,40000,95,88,88,0.18381567427844583
lung,baseline,40000,95,86,86,0.14628377494778208
lung,baseline,40000,95,84,84,0.14522008600559977
lung,baseline,40000,95,83,83,0.14206153500830637
lung,baseline,40000,95,83,83,0.14664537085309776
lung,baseline,40000,95,69,69,0.1584290069633065
lung,baseline,40000,95,90,90,0.2969174336189167
lung,baseline,40000,95,83,83,0.20295805244093024
lung,baseline,40000,95,37,37,0.27983360510551436
lung,baseline,40000,95,94,94,0.24732668820512227
lung,baseline,40000,95,88,88,0.2857791811345056
lung,baseline,40000,95,87,87,0.24333379844926858
lung,baseline,40000,95,93,93,0.2576894557803981
lung,baseline,40000,95,91,91,0.29853293786220336
lung,baseline,40000,95,91,91,0.2559700786296884
lung,baseline,40000,95,91,91,0.32661849104031443
lung,baseline,40000,95,90,90,0.30154200042706
lung,baseline,40000,95,90,90,0.3193608160571542
lung,baseline,40000,95,89,89,0.1755747572199055
lung,baseline,40000,95,88,88,0.28645817695637843
lung,baseline,40000,95,88,88,0.3252612504578245
lung,baseline,40000,95,88,88,0.31218462108048756
lung,baseline,40000,95,83,83,0.3188388398777186
lung,baseline,40000,95,81,81,0.3303302600902417
lung,baseline,40000,95,79,79,0.25555810937677587
lung,baseline,40000,95,63,63,0.22888120083001834
lung,baseline,40000,95,90,90,0.018953617760527276
lung,baseline,40000,95,37,37,0.1594529849057276
lung,baseline,40000,95,36,36,0.10151155893263014
lung,baseline,40000,95,34,34,0.238314502365153
lung,baseline,40000,95,94,94,0.015439674452005192
lung,baseline,40000,95,94,94,0.26355057184024827
lung,baseline,40000,95,94,94,0.043428730094726246
lung,baseline,40000,95,93,93,0.17448485275448716
lung,baseline,40000,95,92,92,0.28487008649417567
lung,baseline,40000,95,92,92,0.20639741197672143
lung,baseline,40000,95,92,92,0.2630442439970183
lung,baseline,40000,95,78,78,0.1759152059906658
lung,baseline,40000,95,86,86,0.22567250403602773
lung,baseline,40000,95,83,83,0.22503367311649775
lung,baseline,40000,95,69,69,0.2184218035909948
lung,baseline,40000,95,28,28,0.3497386173467486
lung,baseline,40000,95,94,94,0.03849299523837254
lung,baseline,40000,95,94,94,0.012352772815153411
lung,baseline,40000,95,94,94,0.10216610583215784
lung,baseline,40000,95,93,93,0.05500327743319936
lung,baseline,40000,95,91,91,0.018100183433536657
lung,baseline,40000,95,90,90,0.02743762118397202
lung,baseline,40000,95,90,90,0.011527571056243295
lung,baseline,40000,95,88,88,0.14892722867537908
lung,baseline,40000,95,85,85,0.15880426623724128
lung,baseline,40000,95,66,66,0.15990441225251267
lung,baseline,40000,95,62,62,0.1655355512007693
lung,baseline,40000,95,37,37,0.13279109983255846
lung,baseline,40000,95,36,36,0.09236572490025419
lung,baseline,40000,95,90,90,0.2628406847786181
lung,baseline,40000,95,79,79,0.31566778183765304
lung,baseline,40000,95,43,43,0.34955324049615727
lung,baseline,40000,95,39,39,0.3206058806073624
lung,baseline,40000,95,94,94,0.028555633245707125
lung,baseline,40000,95,94,94,0.005774567491610829
lung,baseline,40000,95,94,94,0.12011466769784311
lung,baseline,40000,95,91,91,0.09908076147853259
lung,baseline,40000,95,94,94,0.2629645971847633
lung,baseline,40000,95,92,92,0.27085646869452096
lung,baseline,40000,95,79,79,0.18257317413624702
lung,baseline,40000,95,92,92,0.1360208335212962
lung,baseline,40000,95,91,91,0.05545860891240765
lung,baseline,40000,95,90,90,0.13404980639234726
lung,baseline,40000,95,84,84,0.16854801810760145
lung,baseline,40000,95,80,80,0.22101665438207627
lung,baseline,40000,95,78,78,0.2247279480861578
lung,baseline,40000,95,69,69,0.16814562481763473
lung,baseline,40000,95,89,89,0.1392059404354699
lung,baseline,40000,95,43,43,0.26130999983748177
lung,baseline,40000,95,39,39,0.26083155250407025
lung,baseline,40000,95,92,92,0.031255432163221866
lung,baseline,40000,95,91,91,0.044402060328889
lung,baseline,40000,95,90,90,0.11786908831139957
lung,baseline,40000,95,90,90,0.03794103640675748
lung,baseline,40000,95,90,90,0.03839343574909632
lung,baseline,40000,95,92,92,0.2156544760361583
lung,baseline,40000,95,89,89,0.13687710444356888
lung,baseline,40000,95,89,89,0.21691312530647638
lung,baseline,40000,95,88,88,0.21347801945042483
lung,baseline,40000,95,94,94,0.19553555005124446
lung,baseline,40000,95,92,92,0.12863762035292176
lung,baseline,40000,95,91,91,0.13598721505263361
lung,baseline,40000,95,91,91,0.13862495670496736
lung,baseline,40000,95,90,90,0.13320150627193134
lung,baseline,40000,95,89,89,0.15482969269940877
lung,baseline,40000,95,89,89,0.1855166823527401
lung,baseline,40000,95,88,88,0.13337836271963907
lung,baseline,40000,95,87,87,0.135340498449146
lung,baseline,40000,95,87,87,0.12387680714865974
lung,baseline,40000,95,87,87,0.02966140851299866
lung,baseline,40000,95,75,75,0.14181983407027043
lung,baseline,40000,95,91,91,0.2986655003596233
lung,baseline,40000,95,90,90,0.29598184144837875
lung,baseline,40000,95,90,90,0.28541194015761784
lung,baseline,40000,95,90,90,0.2529538456797866
lung,baseline,40000,95,90,90,0.2752196472839719
lung,baseline,40000,95,89,89,0.2535926635746967
lung,baseline,40000,95,88,88,0.2823748910929371
lung,baseline,40000,95,90,90,0.15034188351670671
lung,baseline,40000,95,66,66,0.1587723694318191
lung,baseline,40000,95,94,94,0.010223656876885976
lung,baseline,40000,95,92,92,0.1485061248069103
lung,baseline,40000,95,91,91,0.16569132658208668
lung,baseline,40000,95,88,88,0.20593624801484553
lung,baseline,40000,95,87,87,0.20706696066545163
lung,baseline,40000,95,73,73,0.18691423501620555
lung,baseline,40000,95,80,80,0.17051858102929005
lung,baseline,40000,95,62,62,0.16383635253308007
lung,baseline,40000,95,28,28,0.3670600589933554
lung,baseline,40000,95,39,39,0.14223246458221978
lung,baseline,40000,95,77,77,0.20800352523326504
lung,baseline,40000,95,73,73,0.18951729721039812
lung,baseline,40000,95,94,94,0.2618971008811014
lung,baseline,40000,95,79,79,0.17468243133035793
lung,baseline,40000,95,78,78,0.19198388156969054
lung,baseline,40000,95,71,71,0.2785107489082686
lung,baseline,40000,95,63,63,0.22181530098518343
lung,baseline,40000,95,43,43,0.19469833171946216
lung,baseline,40000,95,39,39,0.20284201852691666
lung,baseline,40000,95,28,28,0.24964603842195596
lung,baseline,40000,95,94,94,0.20411757818421872
lung,baseline,40000,95,91,91,0.14189848249910353
lung,baseline,40000,95,89,89,0.2691186128543977
lung,baseline,40000,95,85,85,0.26238660904816175
lung,baseline,40000,96,95,95,0.14913604733772057
lung,baseline,40000,96,94,94,0.01794291022592309
lung,baseline,40000,96,94,94,0.03408554214040298
lung,baseline,40000,96,91,91,0.14522923880694408
lung,baseline,40000,96,90,90,0.05638130958073851
lung,baseline,40000,96,95,95,0.11770019688546858
lung,baseline,40000,96,95,95,0.015744701571669795
lung,baseline,40000,96,95,95,0.016359193414253417
lung,baseline,40000,96,92,92,0.09530948178530595
lung,baseline,40000,96,90,90,0.13948755131684593
lung,baseline,40000,96,87,87,0.24752424653829921
lung,baseline,40000,96,87,87,0.057137978079396655
lung,baseline,40000,96,74,74,0.26328976617011135
lung,baseline,40000,96,95,95,0.1435406339017458
lung,baseline,40000,96,85,85,0.16789608467141096
lung,baseline,40000,96,79,79,0.07957397842820234
lung,baseline,40000,96,77,77,0.11769400175468919
lung,baseline,40000,96,95,95,0.006598852631666051
lung,baseline,40000,96,88,88,0.18048257933288775
lung,baseline,40000,96,87,87,0.029938701716287916
lung,baseline,40000,96,79,79,0.1145850931339516
lung,baseline,40000,96,87,87,0.16942821195336016
lung,baseline,40000,96,82,82,0.186873632512147
lung,baseline,40000,96,28,28,0.316526472104435
lung,baseline,40000,96,94,94,0.25206736032012805
lung,baseline,40000,96,92,92,0.25344377944471597
lung,baseline,40000,96,90,90,0.27740295635962564
lung,baseline,40000,96,63,63,0.2494679319032059
lung,baseline,40000,96,88,88,0.19397128012632459
lung,baseline,40000,96,87,87,0.057585530036325
lung,baseline,40000,96,84,84,0.21051631868536938
lung,baseline,40000,96,83,83,0.20897475463391538
lung,baseline,40000,96,66,66,0.28920673419004045
lung,baseline,40000,96,62,62,0.2654276755660079
lung,baseline,40000,96,56,56,0.27298584611296633
lung,baseline,40000,96,92,92,0.11963657427185401
lung,baseline,40000,96,89,89,0.1355145730869725
lung,baseline,40000,96,90,90,0.19868169769916863
lung,baseline,40000,96,56,56,0.26387854992228715
lung,baseline,40000,96,92,92,0.12116080414834031
lung,baseline,40000,96,91,91,0.14140662450945055
lung,baseline,40000,96,89,89,0.17643646999314838
lung,baseline,40000,96,79,79,0.17628320266807143
lung,baseline,40000,96,94,94,0.16151846332811906
lung,baseline,40000,96,92,92,0.06537586454879409
lung,baseline,40000,96,91,91,0.10918030620579938
lung,baseline,40000,96,91,91,0.11069408678916735
lung,baseline,40000,96,94,94,0.021398716348031553
lung,baseline,40000,96,92,92,0.10354492275501624
lung,baseline,40000,96,95,95,0.17771478938981392
lung,baseline,40000,96,93,93,0.024394731226852845
lung,baseline,40000,96,93,93,0.1616509063677083
lung,baseline,40000,96,91,91,0.20209884752274637
lung,baseline,40000,96,37,37,0.1539493988328878
lung,baseline,40000,96,34,34,0.23495452398628722
lung,baseline,40000,96,87,87,0.189919968486845
lung,baseline,40000,96,87,87,0.19055721215084614
lung,baseline,40000,96,37,37,0.19209526085779688
lung,baseline,40000,96,95,95,0.1426145014952028
lung,baseline,40000,96,92,92,0.18150128372967206
lung,baseline,40000,96,94,94,0.13527193854876893
lung,baseline,40000,96,28,28,0.3021286608177845
lung,baseline,40000,96,94,94,0.09456279951088647
lung,baseline,40000,96,94,94,0.06686389317363048
lung,baseline,40000,96,93,93,0.025372386808098356
lung,baseline,40000,96,90,90,0.16500364154198913
lung,baseline,40000,96,82,82,0.13322089478074953
lung,baseline,40000,96,78,78,0.06448302606828532
lung,baseline,40000,96,92,92,0.16833967260142052
lung,baseline,40000,96,36,36,0.1639535691021904
lung,baseline,40000,96,95,95,0.28488347888539955
lung,baseline,40000,96,91,91,0.2551254673180369
lung,baseline,40000,96,89,89,0.14938653441853939
lung,baseline,40000,96,94,94,0.14391765194160552
lung,baseline,40000,96,93,93,0.13324872764626267
lung,baseline,40000,96,91,91,0.020996980485406373
lung,baseline,40000,96,89,89,0.19437598215847485
lung,baseline,40000,96,95,95,0.1287368854139872
lung,baseline,40000,96,95,95,0.15783220889849012
lung,baseline,40000,96,92,92,0.10461005212282404
lung,baseline,40000,96,92,92,0.134339115148727
lung,baseline,40000,96,91,91,0.13002670111008868
lung,baseline,40000,96,90,90,0.05455903287388772
lung,baseline,40000,96,94,94,0.10471349953795855
lung,baseline,40000,96,93,93,0.1582542516738794
lung,baseline,40000,96,93,93,0.1900983082758618
lung,baseline,40000,96,90,90,0.17842645859573436
lung,baseline,40000,96,89,89,0.22197016988073526
lung,baseline,40000,96,88,88,0.18581028357929996
lung,baseline,40000,96,88,88,0.03969435109321146
lung,baseline,40000,96,88,88,0.1913809189871449
lung,baseline,40000,96,82,82,0.20328141532882635
lung,baseline,40000,96,78,78,0.1688088764165422
lung,baseline,40000,96,94,94,0.11943192215165185
lung,baseline,40000,96,94,94,0.10303301233314258
lung,baseline,40000,96,90,90,0.17345558735314934
lung,baseline,40000,96,89,89,0.152715715854421
lung,baseline,40000,96,95,95,0.008348965051654776
lung,baseline,40000,96,94,94,0.029389106973866753
lung,baseline,40000,96,93,93,0.05883254787602656
lung,baseline,40000,96,90,90,0.16592872922512805
lung,baseline,40000,96,95,95,0.22846018238314297
lung,baseline,40000,96,92,92,0.1359829651714651
lung,baseline,40000,96,87,87,0.052067392748912734
lung,baseline,40000,96,85,85,0.262967341521497
lung,baseline,40000,96,43,43,0.32186621873550963
lung,baseline,40000,96,39,39,0.3320260234128266
lung,baseline,40000,96,37,37,0.29785459787830904
lung,baseline,40000,96,28,28,0.3476116629976091
lung,baseline,40000,96,82,82,0.20349412005668294
lung,baseline,40000,96,43,43,0.27182286083070517
lung,baseline,40000,96,39,39,0.27438147256438866
lung,baseline,40000,96,28,28,0.3599138036827575
lung,baseline,40000,96,92,92,0.12289576432533802
lung,baseline,40000,96,95,95,0.2409661896853051
lung,baseline,40000,96,91,91,0.26408174702520887
lung,baseline,40000,96,95,95,0.1314111142937742
lung,baseline,40000,96,95,95,0.15651418839130413
lung,baseline,40000,96,94,94,0.07142016293991156
lung,baseline,40000,96,93,93,0.02397304598228384
lung,baseline,40000,96,90,90,0.0477151829789613
lung,baseline,40000,96,88,88,0.02762204643308299
lung,baseline,40000,96,86,86,0.04639608833423612
lung,baseline,40000,96,83,83,0.06946445960523105
lung,baseline,40000,96,95,95,0.13693203672593063
lung,baseline,40000,96,95,95,0.03922218198346079
lung,baseline,40000,96,95,95,0.14867638972153144
lung,baseline,40000,96,93,93,0.01616824670150669
lung,baseline,40000,96,95,95,0.009744654978702668
lung,baseline,40000,96,93,93,0.02828174376876643
lung,baseline,40000,96,89,89,0.16517956148428256
lung,baseline,40000,96,87,87,0.030463157865973037
lung,baseline,40000,96,95,95,0.14968184487059544
lung,baseline,40000,96,94,94,0.2659215984658523
lung,baseline,40000,96,93,93,0.17085253011007792
lung,baseline,40000,96,91,91,0.18077245916949675
lung,baseline,40000,96,90,90,0.23973131106171877
lung,baseline,40000,96,90,90,0.24348138615065656
lung,baseline,40000,96,92,92,0.019243601883099693
lung,baseline,40000,96,88,88,0.15578791284085677
lung,baseline,40000,96,85,85,0.164214848541294
lung,baseline,40000,96,73,73,0.2519312670470052
lung,baseline,40000,96,56,56,0.26295936302938666
lung,baseline,40000,96,95,95,0.09980038279004161
lung,baseline,40000,96,95,95,0.013519009582355702
lung,baseline,40000,96,95,95,0.021049639906949042
lung,baseline,40000,96,95,95,0.026516804465850603
lung,baseline,40000,96,95,95,0.007266777296677638
lung,baseline,40000,96,95,95,0.13348095183010938
lung,baseline,40000,96,95,95,0.12921432998404464
lung,baseline,40000,96,93,93,0.027150448765488368
lung,baseline,40000,96,88,88,0.027113412174394155
lung,baseline,40000,96,83,83,0.05308900157499422
lung,baseline,40000,96,95,95,0.15821384534828106
lung,baseline,40000,96,93,93,0.02593542777777122
lung,baseline,40000,96,91,91,0.1768494403714179
lung,baseline,40000,96,77,77,0.11130622492244326
lung,baseline,40000,96,37,37,0.20126384549399925
lung,baseline,40000,96,36,36,0.1718850316556143
lung,baseline,40000,96,34,34,0.20149350454347734
lung,baseline,40000,96,86,86,0.2662415323288164
lung,baseline,40000,96,70,70,0.281000986806788
lung,baseline,40000,96,56,56,0.2993081339107322
lung,baseline,40000,96,43,43,0.30894172103964834
lung,baseline,40000,96,39,39,0.315226543611359
lung,baseline,40000,96,28,28,0.4242224511500276
lung,baseline,40000,96,91,91,0.0952789509443292
lung,baseline,40000,96,87,87,0.12388740870692797
lung,baseline,40000,96,84,84,0.04713865893216372
lung,baseline,40000,96,75,75,0.14248642058967798
lung,baseline,40000,96,89,89,0.13519681616718604
lung,baseline,40000,96,43,43,0.28769242878486134
lung,baseline,40000,96,39,39,0.2899752815663397
lung,baseline,40000,96,94,94,0.15212605202905266
lung,baseline,40000,96,94,94,0.03894314319278546
lung,baseline,40000,96,93,93,0.0699487484154141
lung,baseline,40000,96,91,91,0.1435968870061215
lung,baseline,40000,96,82,82,0.1815622962776322
lung,baseline,40000,96,92,92,0.12430960399464017
lung,baseline,40000,96,83,83,0.04687783071432306
lung,baseline,40000,96,37,37,0.08073745441994488
lung,baseline,40000,96,95,95,0.028879292041794652
lung,baseline,40000,96,95,95,0.008450042476236558
lung,baseline,40000,96,95,95,0.03179247163473693
lung,baseline,40000,96,95,95,0.01612967595481049
lung,baseline,40000,96,95,95,0.004524057096990595
lung,baseline,40000,96,95,95,0.13610720126642056
lung,baseline,40000,96,95,95,0.13738803377557968
lung,baseline,40000,96,94,94,0.04519480681826006
lung,baseline,40000,96,92,92,0.01751430614574863
lung,baseline,40000,96,91,91,0.05337040071480445
lung,baseline,40000,96,93,93,0.019564069567314355
lung,baseline,40000,96,91,91,0.11465977983548177
lung,baseline,40000,96,95,95,0.024881497976565015
lung,baseline,40000,96,94,94,0.013355883994690707
lung,baseline,40000,96,94,94,0.016866829273918797
lung,baseline,40000,96,93,93,0.02022365552697975
lung,baseline,40000,96,93,93,0.08979802648773871
lung,baseline,40000,96,90,90,0.09435575837219441
lung,baseline,40000,96,90,90,0.15680888606283486
lung,baseline,40000,96,82,82,0.12679143065189696
lung,baseline,40000,96,14,14,0.25234063025161396
lung,baseline,40000,96,95,95,0.006747371789322962
lung,baseline,40000,96,95,95,0.09776822512781062
lung,baseline,40000,96,95,95,0.021239994979870155
lung,baseline,40000,96,92,92,0.02768882559469594
lung,baseline,40000,96,95,95,0.17587497274114428
lung,baseline,40000,96,89,89,0.22132769060076857
lung,baseline,40000,96,88,88,0.1943734585847798
lung,baseline,40000,96,72,72,0.15883139600278418
lung,baseline,40000,96,95,95,0.0208511526386146
lung,baseline,40000,96,94,94,0.019523357427011657
lung,baseline,40000,96,91,91,0.10117480725032083
lung,baseline,40000,96,90,90,0.107919882381869
lung,baseline,40000,96,95,95,0.010531103624511463
lung,baseline,40000,96,90,90,0.15745151837451155
lung,baseline,40000,96,79,79,0.12181474975607537
lung,baseline,40000,96,92,92,0.03508911700134874
lung,baseline,40000,96,92,92,0.08956648537791718
lung,baseline,40000,96,90,90,0.15310120984433406
lung,baseline,40000,96,90,90,0.03226934291011078
lung,baseline,40000,96,43,43,0.30827355346614677
lung,baseline,40000,96,39,39,0.30352996528697096
lung,baseline,40000,96,27,27,0.41260119321890937
lung,baseline,40000,96,94,94,0.043921679434125505
lung,baseline,40000,96,89,89,0.20561283006437914
lung,baseline,40000,96,37,37,0.19998051160169963
lung,baseline,40000,96,36,36,0.17319756386714172
lung,baseline,40000,96,34,34,0.2003554034594192
lung,baseline,40000,96,89,89,0.15290034434592664
lung,baseline,40000,96,43,43,0.19832103387809769
lung,baseline,40000,96,39,39,0.2084787536805129
lung,baseline,40000,96,28,28,0.2469103069362144
lung,baseline,40000,96,95,95,0.14529392289625156
lung,baseline,40000,96,94,94,0.01544841401814796
lung,baseline,40000,96,91,91,0.17821696323756456
lung,baseline,40000,96,86,86,0.0335932003910387
lung,baseline,40000,96,94,94,0.04827334678717423
lung,baseline,40000,96,89,89,0.15148072570170124
lung,baseline,40000,96,95,95,0.02750382090302212
lung,baseline,40000,96,95,95,0.00616843188830439
lung,baseline,40000,96,94,94,0.02400120478575262
lung,baseline,40000,96,93,93,0.019084335855216225
lung,baseline,40000,96,91,91,0.11615394875996383
lung,baseline,40000,96,91,91,0.024686408372258987
lung,baseline,40000,96,90,90,0.029964764043502148
lung,baseline,40000,96,79,79,0.07479202483489383
lung,baseline,40000,96,92,92,0.061840777572422054
lung,baseline,40000,96,92,92,0.12435786086233591
lung,baseline,40000,96,92,92,0.025094364897067824
lung,baseline,40000,96,91,91,0.04243722296853006
lung,baseline,40000,96,95,95,0.025643851937825958
lung,baseline,40000,96,92,92,0.06744785084707627
lung,baseline,40000,96,92,92,0.1097454943075949
lung,baseline,40000,96,95,95,0.27220828680246606
lung,baseline,40000,96,94,94,0.22749587408601085
lung,baseline,40000,96,93,93,0.23165840101933133
lung,baseline,40000,96,92,92,0.21530448556864015
lung,baseline,40000,96,95,95,0.16346773884486793
lung,baseline,40000,96,77,77,0.06594153216431346
lung,baseline,40000,96,95,95,0.074354474882126
lung,baseline,40000,96,94,94,0.011402858497958968
lung,baseline,40000,96,92,92,0.035340251431500144
lung,baseline,40000,96,90,90,0.03608005105916523
lung,baseline,40000,96,90,90,0.16649894283057398
lung,baseline,40000,96,28,28,0.4152475698079276
lung,baseline,40000,96,68,68,0.1694548871285446
lung,baseline,40000,96,43,43,0.3084857803314478
lung,baseline,40000,96,39,39,0.2909322669601006
lung,baseline,40000,96,37,37,0.2627920858298423
lung,baseline,40000,96,36,36,0.24251965479173515
lung,baseline,40000,96,93,93,0.2707479650881954
lung,baseline,40000,96,90,90,0.26329987745743294
lung,baseline,40000,96,89,89,0.29950555566318743
lung,baseline,40000,96,28,28,0.3306389373461796
lung,baseline,40000,96,95,95,0.17394486303830498
lung,baseline,40000,96,93,93,0.024252127569823582
lung,baseline,40000,96,88,88,0.26022614445494735
lung,baseline,40000,96,39,39,0.18030450863312295
lung,baseline,40000,96,20,20,0.38565805387922936
lung,baseline,40000,96,95,95,0.016484275697280944
lung,baseline,40000,96,95,95,0.021496187588412777
lung,baseline,40000,96,95,95,0.007733051957938154
lung,baseline,40000,96,95,95,0.1102129513074142
lung,baseline,40000,96,95,95,0.01518753198113472
lung,baseline,40000,96,94,94,0.030818515897681375
lung,baseline,40000,96,93,93,0.02184090271502486
lung,baseline,40000,96,92,92,0.026764439010600796
lung,baseline,40000,96,92,92,0.10758204237491936
lung,baseline,40000,96,94,94,0.19687992150000466
lung,baseline,40000,96,93,93,0.20687556548280675
lung,baseline,40000,96,89,89,0.25577385030592686
lung,baseline,40000,96,88,88,0.24477645736356923
lung,baseline,40000,96,95,95,0.06909179165496813
lung,baseline,40000,96,88,88,0.11895502008748683
lung,baseline,40000,96,88,88,0.11674182399513121
lung,baseline,40000,96,87,87,0.11298970865728515
lung,baseline,40000,96,95,95,0.133305146802721
lung,baseline,40000,96,93,93,0.031694094625064013
lung,baseline,40000,96,91,91,0.1759017499836103
lung,baseline,40000,96,89,89,0.02865519131330937
lung,baseline,40000,96,86,86,0.1363769042943701
lung,baseline,40000,96,86,86,0.13300593601937288
lung,baseline,40000,96,37,37,0.19956700728496574
lung,baseline,40000,96,36,36,0.16107860044461142
lung,baseline,40000,96,34,34,0.28801144931815204
lung,baseline,40000,96,95,95,0.1404665643350029
lung,baseline,40000,96,95,95,0.011492836187300058
lung,baseline,40000,96,93,93,0.02977418398909979
lung,baseline,40000,96,91,91,0.17003234834617678
lung,baseline,40000,96,91,91,0.13067273642526653
lung,baseline,40000,96,91,91,0.12697942777244095
lung,baseline,40000,96,92,92,0.15110353887439792
lung,baseline,40000,96,90,90,0.18465593984222287
lung,baseline,40000,96,90,90,0.19167423082302334
lung,baseline,40000,96,76,76,0.31156305406579926
lung,baseline,40000,96,63,63,0.23137725052945118
lung,baseline,40000,96,43,43,0.31991024722671013
lung,baseline,40000,96,39,39,0.3062254350095801
lung,baseline,40000,96,86,86,0.038288068688220336
lung,baseline,40000,96,95,95,0.1790260661382308
lung,baseline,40000,96,90,90,0.18745141203670343
lung,baseline,40000,96,83,83,0.05770650325864896
lung,baseline,40000,96,95,95,0.12206485931432039
lung,baseline,40000,96,94,94,0.006247038275750236
lung,baseline,40000,96,94,94,0.042249258411343533
lung,baseline,40000,96,91,91,0.1348662180319061
lung,baseline,40000,96,89,89,0.041492741924249836
lung,baseline,40000,96,87,87,0.05987359839288699
lung,baseline,40000,96,91,91,0.09483184690918714
lung,baseline,40000,96,89,89,0.09444031161054185
lung,baseline,40000,96,89,89,0.12202468976198245
lung,baseline,40000,96,87,87,0.12469163687628754
lung,baseline,40000,96,87,87,0.035663671766913894
lung,baseline,40000,96,56,56,0.267718554562885
lung,baseline,40000,96,43,43,0.3024612735508722
lung,baseline,40000,96,39,39,0.28995184784705846
lung,baseline,40000,96,37,37,0.23557023261220475
lung,baseline,40000,96,94,94,0.16411602156953026
lung,baseline,40000,96,93,93,0.1800110161160112
lung,baseline,40000,96,93,93,0.21122487268227957
lung,baseline,40000,96,93,93,0.0524906019373662
lung,baseline,40000,96,93,93,0.027848796810050404
lung,baseline,40000,96,92,92,0.166754598214582
lung,baseline,40000,96,91,91,0.07266450187846697
lung,baseline,40000,96,91,91,0.17554459621635943
lung,baseline,40000,96,95,95,0.08643026060998343
lung,baseline,40000,96,95,95,0.007323017696229477
lung,baseline,40000,96,93,93,0.02146699831555621
lung,baseline,40000,96,93,93,0.0920037158725054
lung,baseline,40000,96,78,78,0.05842841521945873
lung,baseline,40000,96,95,95,0.08907904948854693
lung,baseline,40000,96,94,94,0.06462275291189644
lung,baseline,40000,96,92,92,0.03799651117501932
lung,baseline,40000,96,90,90,0.034683733856617195
lung,baseline,40000,96,89,89,0.06009837089835432
lung,baseline,40000,96,94,94,0.14730718745336793
lung,baseline,40000,96,90,90,0.20322364082976815
lung,baseline,40000,96,90,90,0.22401804942736567
lung,baseline,40000,96,95,95,0.1277102616838443
lung,baseline,40000,96,95,95,0.12360902083448541
lung,baseline,40000,96,93,93,0.030925541173460677
lung,baseline,40000,96,93,93,0.009972107852378814
lung,baseline,40000,96,86,86,0.053415352827127734
lung,baseline,40000,96,90,90,0.16726966716059308
lung,baseline,40000,96,88,88,0.027304593504492772
lung,baseline,40000,96,39,39,0.24510259180011132
lung,baseline,40000,96,95,95,0.008653609444514022
lung,baseline,40000,96,92,92,0.11841772910664139
lung,baseline,40000,96,92,92,0.13121244609461435
lung,baseline,40000,96,91,91,0.16148043405098017
lung,baseline,40000,96,90,90,0.17679673429041096
lung,baseline,40000,96,95,95,0.026131979125853744
lung,baseline,40000,96,92,92,0.10575641362089468
lung,baseline,40000,96,87,87,0.021430851040626663
lung,baseline,40000,96,78,78,0.17583149911938067
lung,baseline,40000,96,56,56,0.2368278965440325
lung,baseline,40000,96,40,40,0.22372846014780262
lung,baseline,40000,96,39,39,0.27438404741776273
lung,baseline,40000,96,91,91,0.19238269779009742
lung,baseline,40000,96,90,90,0.13608203420478376
lung,baseline,40000,96,69,69,0.1626955841207185
lung,baseline,40000,96,66,66,0.23571840615442285
lung,baseline,40000,96,62,62,0.2180459967981958
lung,baseline,40000,96,92,92,0.015404762179471202
lung,baseline,40000,96,87,87,0.14803731688538663
lung,baseline,40000,96,85,85,0.15826950952071311
lung,baseline,40000,96,94,94,0.10677123875454403
lung,baseline,40000,96,90,90,0.1902471852420854
lung,baseline,40000,96,20,20,0.5383041505124802
lung,baseline,40000,96,92,92,0.1170672907610208
lung,baseline,40000,96,91,91,0.03976193547633548
lung,baseline,40000,96,95,95,0.245322688032798
lung,baseline,40000,96,94,94,0.13813341470673982
lung,baseline,40000,96,94,94,0.21220230462552656
lung,baseline,40000,96,93,93,0.20547197738030304
lung,baseline,40000,96,91,91,0.2664516373797581
lung,baseline,40000,96,90,90,0.15342370763375937
lung,baseline,40000,96,79,79,0.12488523252010121
lung,baseline,40000,96,43,43,0.20142520226793817
lung,baseline,40000,96,39,39,0.20955382201618106
lung,baseline,40000,96,28,28,0.25978699221021956
lung,baseline,40000,96,95,95,0.1494220561398321
lung,baseline,40000,96,94,94,0.19844829959997579
lung,baseline,40000,96,95,95,0.03554073115449937
lung,baseline,40000,96,95,95,0.14394519616844362
lung,baseline,40000,96,95,95,0.1303410152546297
lung,baseline,40000,96,95,95,0.028203597840784207
lung,baseline,40000,96,94,94,0.278272360861741
lung,baseline,40000,96,94,94,0.3122718886730981
lung,baseline,40000,96,89,89,0.29380504360935794
lung,baseline,40000,96,88,88,0.2578584221820636
lung,baseline,40000,96,86,86,0.268148563963241
lung,baseline,40000,96,86,86,0.27761973201386003
lung,baseline,40000,96,85,85,0.21700054808721292
lung,baseline,40000,96,85,85,0.3078212597500509
lung,baseline,40000,96,84,84,0.2935481506527149
lung,baseline,40000,96,82,82,0.2674017150247819
lung,baseline,40000,96,95,95,0.09008253018860156
lung,baseline,40000,96,95,95,0.009257328847271599
lung,baseline,40000,96,94,94,0.06769107633597908
lung,baseline,40000,96,94,94,0.00997788074000027
lung,baseline,40000,96,93,93,0.01964995732006023
lung,baseline,40000,96,93,93,0.013938414865363078
lung,baseline,40000,96,89,89,0.06480816388655553
lung,baseline,40000,96,89,89,0.01616378542336838
lung,baseline,40000,96,85,85,0.20921570691764635
lung,baseline,40000,96,84,84,0.1745593754273766
lung,baseline,40000,96,66,66,0.23936139594601466
lung,baseline,40000,96,62,62,0.19846120175705415
lung,baseline,40000,96,37,37,0.1979287652084639
lung,baseline,40000,96,36,36,0.16439547541876212
lung,baseline,40000,96,95,95,0.09376261086581977
lung,baseline,40000,96,95,95,0.029270781389166087
lung,baseline,40000,96,69,69,0.05452982777825535
lung,baseline,40000,96,66,66,0.1799876429762504
lung,baseline,40000,96,62,62,0.17624606556079017
lung,baseline,40000,96,93,93,0.13103441569535715
lung,baseline,40000,96,88,88,0.28388122245315583
lung,baseline,40000,96,79,79,0.28742304810002667
lung,baseline,40000,96,28,28,0.35918439049318157
lung,baseline,40000,96,94,94,0.2833254040233176
lung,baseline,40000,96,94,94,0.2381441698456481
lung,baseline,40000,96,93,93,0.23581002376048718
lung,baseline,40000,96,91,91,0.2536588184150133
lung,baseline,40000,96,90,90,0.2793065766319482
lung,baseline,40000,96,89,89,0.20318874686657315
lung,baseline,40000,96,90,90,0.1863218026214233
lung,baseline,40000,96,87,87,0.18917151276378277
lung,baseline,40000,96,87,87,0.17997451723307148
lung,baseline,40000,96,95,95,0.16576324699203143
lung,baseline,40000,96,94,94,0.01689700257945548
lung,baseline,40000,96,94,94,0.01558721537028178
lung,baseline,40000,96,91,91,0.0924277778085499
lung,baseline,40000,96,90,90,0.1275999367791669
lung,baseline,40000,96,90,90,0.12595980944425422
lung,baseline,40000,96,95,95,0.010310764100147302
lung,baseline,40000,96,89,89,0.14872214813222626
lung,baseline,40000,96,85,85,0.0517461630628936
lung,baseline,40000,96,75,75,0.1813692753437351
lung,baseline,40000,96,91,91,0.2889654495903562
lung,baseline,40000,96,85,85,0.28042410236068693
lung,baseline,40000,96,37,37,0.28055264131042296
lung,baseline,40000,96,95,95,0.00694160767820186
lung,baseline,40000,96,95,95,0.011874731447313075
lung,baseline,40000,96,95,95,0.09088124352959451
lung,baseline,40000,96,95,95,0.03540919234819821
lung,baseline,40000,96,95,95,0.014397632155412043
lung,baseline,40000,96,95,95,0.014108007555182666
lung,baseline,40000,96,95,95,0.007958334027749436
lung,baseline,40000,96,94,94,0.008500517263344361
lung,baseline,40000,96,93,93,0.007825782466279095
lung,baseline,40000,96,93,93,0.025840770309682827
lung,baseline,40000,96,93,93,0.02854523986654423
lung,baseline,40000,96,93,93,0.018181720018110047
lung,baseline,40000,96,91,91,0.020186010974052176
lung,baseline,40000,96,91,91,0.033177749293802176
lung,baseline,40000,96,91,91,0.01130267565990991
lung,baseline,40000,96,95,95,0.027732331173404033
lung,baseline,40000,96,95,95,0.04288479915898976
lung,baseline,40000,96,92,92,0.12064599219145734
lung,baseline,40000,96,92,92,0.025349160194443984
lung,baseline,40000,96,95,95,0.15196449102206452
lung,baseline,40000,96,95,95,0.029002261823388283
lung,baseline,40000,96,94,94,0.018856390895573064
lung,baseline,40000,96,92,92,0.09812858819260227
lung,baseline,40000,96,92,92,0.01846746597593962
lung,baseline,40000,96,92,92,0.017511317388226953
lung,baseline,40000,96,91,91,0.02172608287816034
lung,baseline,40000,96,89,89,0.03458047284071378
lung,baseline,40000,96,95,95,0.027657804429123446
lung,baseline,40000,96,89,89,0.2884758685686396
lung,baseline,40000,96,91,91,0.04564803345590404
lung,baseline,40000,96,91,91,0.0427772141013606
lung,baseline,40000,96,28,28,0.3715293462672333
lung,baseline,40000,96,86,86,0.19400008689964388
lung,baseline,40000,96,28,28,0.3049116109265148
lung,baseline,40000,96,40,40,0.2551132685430783
lung,baseline,40000,96,39,39,0.2864975403322351
lung,baseline,40000,96,37,37,0.22440360397670553
lung,baseline,40000,96,28,28,0.3141227756718807
lung,baseline,40000,96,95,95,0.17134721779131412
lung,baseline,40000,96,95,95,0.16582343507428526
lung,baseline,40000,96,92,92,0.03247720133616696
lung,baseline,40000,96,90,90,0.1491114422932675
lung,baseline,40000,96,79,79,0.11456945838799903
lung,baseline,40000,96,43,43,0.19529010110944442
lung,baseline,40000,96,39,39,0.2043478913910132
lung,baseline,40000,96,28,28,0.2511624899238704
lung,baseline,40000,96,43,43,0.26820711110129436
lung,baseline,40000,96,39,39,0.2687733106348159
lung,baseline,40000,96,28,28,0.35606825515081936
lung,baseline,40000,96,95,95,0.020916105736039255
lung,baseline,40000,96,93,93,0.2879448452658805
lung,baseline,40000,96,92,92,0.27130659881197294
lung,baseline,40000,96,91,91,0.24248595297282183
lung,baseline,40000,96,90,90,0.2775066473323709
lung,baseline,40000,96,85,85,0.18316996970145105
lung,baseline,40000,96,84,84,0.14101372915491625
lung,baseline,40000,96,43,43,0.26622769326129525
lung,baseline,40000,96,39,39,0.2660659302482978
lung,baseline,40000,96,89,89,0.15563392278319002
lung,baseline,40000,96,89,89,0.16079310892493492
lung,baseline,40000,96,39,39,0.2019459210480847
lung,baseline,40000,96,20,20,0.3857074427222443
lung,baseline,40000,96,95,95,0.0358143212194433
lung,baseline,40000,96,91,91,0.15531773479530908
lung,baseline,40000,96,91,91,0.1679524365732912
lung,baseline,40000,96,87,87,0.11787709247027939
lung,baseline,40000,96,66,66,0.19461771507208925
lung,baseline,40000,96,62,62,0.19042805358241016
lung,baseline,40000,96,37,37,0.16515337066418773
lung,baseline,40000,96,36,36,0.10548807066715753
lung,baseline,40000,96,63,63,0.21339100747267084
lung,baseline,40000,96,43,43,0.3074023227997719
lung,baseline,40000,96,39,39,0.28111853578899243
lung,baseline,40000,96,28,28,0.39213753666539103
lung,baseline,40000,96,95,95,0.15447819141748195
lung,baseline,40000,96,91,91,0.15992619427652138
lung,baseline,40000,96,95,95,0.1257559002563091
lung,baseline,40000,96,92,92,0.11840283527084446
lung,baseline,40000,96,90,90,0.1959312359183322
lung,baseline,40000,96,89,89,0.18952510913910653
lung,baseline,40000,96,83,83,0.12615937089581555
lung,baseline,40000,96,83,83,0.12404404471021774
lung,baseline,40000,96,85,85,0.2355798653063813
lung,baseline,40000,96,56,56,0.28039157160392286
lung,baseline,40000,96,40,40,0.26381258417026715
lung,baseline,40000,96,39,39,0.30077517743080917
lung,baseline,40000,96,28,28,0.339064512268266
lung,baseline,40000,96,94,94,0.040326760536757385
lung,baseline,40000,96,91,91,0.14303361154572397
lung,baseline,40000,96,90,90,0.14632118052552479
lung,baseline,40000,96,82,82,0.18340005115061997
lung,baseline,40000,96,95,95,0.030922377503103175
lung,baseline,40000,96,92,92,0.12906728832220457
lung,baseline,40000,96,95,95,0.15201469583241684
lung,baseline,40000,96,94,94,0.07144461606130527
lung,baseline,40000,96,95,95,0.02613038988074444
lung,baseline,40000,96,94,94,0.014835504286486332
lung,baseline,40000,96,91,91,0.027181715125220277
lung,baseline,40000,96,91,91,0.04218358462388653
lung,baseline,40000,96,91,91,0.1265590805866056
lung,baseline,40000,96,90,90,0.02936594232077241
lung,baseline,40000,96,93,93,0.2642520779715169
lung,baseline,40000,96,93,93,0.2257039761294906
lung,baseline,40000,96,91,91,0.2670176390187574
lung,baseline,40000,96,89,89,0.30198588281489613
lung,baseline,40000,96,88,88,0.26390491158843804
lung,baseline,40000,96,88,88,0.25275318221762794
lung,baseline,40000,96,85,85,0.269384768726458
lung,baseline,40000,96,83,83,0.2497993740212051
lung,baseline,40000,96,78,78,0.24261091754122616
lung,baseline,40000,96,73,73,0.2808601188883331
lung,baseline,40000,96,66,66,0.2793236803514478
lung,baseline,40000,96,62,62,0.23873878879417038
lung,baseline,40000,96,43,43,0.14566832243188235
lung,baseline,40000,96,39,39,0.15893514448159873
lung,baseline,40000,96,37,37,0.1416432192025435
lung,baseline,40000,96,95,95,0.12361113567049231
lung,baseline,40000,96,95,95,0.1629649846571087
lung,baseline,40000,96,92,92,0.11103947616172258
lung,baseline,40000,96,90,90,0.2931402560701353
lung,baseline,40000,96,90,90,0.2998184895646069
lung,baseline,40000,96,89,89,0.2633264999498734
lung,baseline,40000,96,85,85,0.24504114802741606
lung,baseline,40000,96,82,82,0.3025926131882999
lung,baseline,40000,96,90,90,0.14618376276969502
lung,baseline,40000,96,88,88,0.1560226307819631
lung,baseline,40000,96,62,62,0.11586831261836089
lung,baseline,40000,96,37,37,0.2022598824014936
lung,baseline,40000,96,95,95,0.04923869610833631
lung,baseline,40000,96,94,94,0.12019471933154131
lung,baseline,40000,96,94,94,0.009172379947028528
lung,baseline,40000,96,94,94,0.20409843493142346
lung,baseline,40000,96,92,92,0.10883204644652954
lung,baseline,40000,96,91,91,0.14652147106332764
lung,baseline,40000,96,91,91,0.15056608619376557
lung,baseline,40000,96,91,91,0.15236223495616463
lung,baseline,40000,96,90,90,0.043190472985319535
lung,baseline,40000,96,86,86,0.14558490398741739
lung,baseline,40000,96,95,95,0.26611617554021183
lung,baseline,40000,96,91,91,0.28360529886169084
lung,baseline,40000,96,88,88,0.20177111238190337
lung,baseline,40000,96,87,87,0.17647922964156126
lung,baseline,40000,96,94,94,0.01461714610058555
lung,baseline,40000,96,94,94,0.028905167253286228
lung,baseline,40000,96,92,92,0.08622031761391519
lung,baseline,40000,96,95,95,0.00641554889593768
lung,baseline,40000,96,95,95,0.019560869225208225
lung,baseline,40000,96,92,92,0.03277185268495521
lung,baseline,40000,96,92,92,0.09688841369515284
lung,baseline,40000,96,95,95,0.15813884145523335
lung,baseline,40000,96,94,94,0.13421234390853706
lung,baseline,40000,96,93,93,0.07195415603971653
lung,baseline,40000,96,89,89,0.19117517743216988
lung,baseline,40000,96,89,89,0.045324011221857044
lung,baseline,40000,96,88,88,0.16334600437862254
lung,baseline,40000,96,86,86,0.14588455502806597
lung,baseline,40000,96,86,86,0.14712659636093328
lung,baseline,40000,96,82,82,0.17385493363400079
lung,baseline,40000,96,95,95,0.015116334554587328
lung,baseline,40000,96,89,89,0.21949896505954003
lung,baseline,40000,96,85,85,0.02481352249741298
lung,baseline,40000,96,80,80,0.03418644426119318
lung,baseline,40000,96,75,75,0.13684315676742684
lung,baseline,40000,96,19,19,0.46712095920417135
lung,baseline,40000,96,78,78,0.17030969160805773
lung,baseline,40000,96,77,77,0.22271302841660306
lung,baseline,40000,96,77,77,0.2191324655508709
lung,baseline,40000,96,76,76,0.20894050214166304
lung,baseline,40000,96,43,43,0.2838498818569409
lung,baseline,40000,96,39,39,0.2746710314940426
lung,baseline,40000,96,94,94,0.04498020511511914
lung,baseline,40000,96,92,92,0.1322560716066116
lung,baseline,40000,96,87,87,0.12201568018697156
lung,baseline,40000,96,93,93,0.26933284774733046
lung,baseline,40000,96,92,92,0.29324471763950277
lung,baseline,40000,96,88,88,0.2941822177098252
lung,baseline,40000,96,86,86,0.2645760567624979
lung,baseline,40000,96,84,84,0.24209797828243662
lung,baseline,40000,96,83,83,0.23854166876729807
lung,baseline,40000,96,95,95,0.13023769752291817
lung,baseline,40000,96,95,95,0.12755838507784972
lung,baseline,40000,96,94,94,0.17072476821074528
lung,baseline,40000,96,94,94,0.015411901117611536
lung,baseline,40000,96,91,91,0.1746398101999388
lung,baseline,40000,96,89,89,0.049468946366741214
lung,baseline,40000,96,94,94,0.006735721789767694
lung,baseline,40000,96,87,87,0.15092622503397374
lung,baseline,40000,96,89,89,0.14341481174444543
lung,baseline,40000,96,89,89,0.1914079300995455
lung,baseline,40000,96,88,88,0.18406043442987
lung,baseline,40000,96,84,84,0.13959915539165285
lung,baseline,40000,96,62,62,0.14647773521912308
lung,baseline,40000,96,43,43,0.26388146016163905
lung,baseline,40000,96,39,39,0.2692438719371351
lung,baseline,40000,96,95,95,0.017973528088026384
lung,baseline,40000,96,95,95,0.04221290516230246
lung,baseline,40000,96,95,95,0.12141447097393293
lung,baseline,40000,96,95,95,0.0717183085494527
lung,baseline,40000,96,95,95,0.26353003464163455
lung,baseline,40000,96,95,95,0.2628574770430639
lung,baseline,40000,96,95,95,0.173900484577779
lung,baseline,40000,96,95,95,0.029542832501346157
lung,baseline,40000,96,95,95,0.03275658813454748
lung,baseline,40000,96,95,95,0.029905852770677224
lung,baseline,40000,96,95,95,0.018546142478889176
lung,baseline,40000,96,94,94,0.03682417616155078
lung,baseline,40000,96,94,94,0.017955247009446847
lung,baseline,40000,96,93,93,0.012937452878102468
lung,baseline,40000,96,89,89,0.07839848111694954
lung,baseline,40000,96,28,28,0.3582729671377815
lung,baseline,40000,96,91,91,0.152757151760194
lung,baseline,40000,96,90,90,0.19534412743210366
lung,baseline,40000,96,79,79,0.20072748983169747
lung,baseline,40000,96,93,93,0.20677487122431126
lung,baseline,40000,96,92,92,0.24365791627994346
lung,baseline,40000,96,95,95,0.15402237052886417
lung,baseline,40000,96,94,94,0.03377224358934817
lung,baseline,40000,96,91,91,0.13208003390584938
lung,baseline,40000,96,86,86,0.02768774950624414
lung,baseline,40000,96,95,95,0.2053220306620291
lung,baseline,40000,96,95,95,0.2801920180298489
lung,baseline,40000,96,94,94,0.12690648336778113
lung,baseline,40000,96,93,93,0.1458561847994746
lung,baseline,40000,96,95,95,0.15592611751803703
lung,baseline,40000,96,95,95,0.013844860226706647
lung,baseline,40000,96,95,95,0.017017795156507868
lung,baseline,40000,96,92,92,0.10723697690638385
lung,baseline,40000,96,90,90,0.04369754805174034
lung,baseline,40000,96,95,95,0.016113690643961263
lung,baseline,40000,96,95,95,0.01928393586931771
lung,baseline,40000,96,91,91,0.11565554801257978
lung,baseline,40000,96,95,95,0.04826626726121982
lung,baseline,40000,97,96,96,0.03513233606596866
lung,baseline,40000,97,96,96,0.1140989611547284
lung,baseline,40000,97,93,93,0.11067875312965315
lung,baseline,40000,97,91,91,0.02997390282059407
lung,baseline,40000,97,56,56,0.2392314363528237
lung,baseline,40000,97,43,43,0.3171676561149824
lung,baseline,40000,97,39,39,0.2906135432551465
lung,baseline,40000,97,92,92,0.15826344499702685
lung,baseline,40000,97,91,91,0.19107759225422463
lung,baseline,40000,97,91,91,0.15470821544190727
lung,baseline,40000,97,91,91,0.15666624815554464
lung,baseline,40000,97,90,90,0.12946913364589274
lung,baseline,40000,97,88,88,0.19558564902394623
lung,baseline,40000,97,87,87,0.1493938043504801
lung,baseline,40000,97,84,84,0.13473366214332488
lung,baseline,40000,97,94,94,0.010696805658413367
lung,baseline,40000,97,93,93,0.12172986047568467
lung,baseline,40000,97,87,87,0.04027887399180671
lung,baseline,40000,97,96,96,0.008027892470527728
lung,baseline,40000,97,96,96,0.005188856818260603
lung,baseline,40000,97,96,96,0.025898618336867924
lung,baseline,40000,97,96,96,0.013091839473305241
lung,baseline,40000,97,96,96,0.08040747388855331
lung,baseline,40000,97,96,96,0.025834529018117808
lung,baseline,40000,97,96,96,0.004658230621648677
lung,baseline,40000,97,96,96,0.015287663789409567
lung,baseline,40000,97,96,96,0.007125265016093594
lung,baseline,40000,97,96,96,0.01793018674626716
lung,baseline,40000,97,96,96,0.018849959676264627
lung,baseline,40000,97,95,95,0.0147824294246783
lung,baseline,40000,97,95,95,0.009485937542943641
lung,baseline,40000,97,94,94,0.024642627996774885
lung,baseline,40000,97,94,94,0.019448890054153536
lung,baseline,40000,97,94,94,0.011777567658985206
lung,baseline,40000,97,92,92,0.012459381886017825
lung,baseline,40000,97,70,70,0.3176483721604856
lung,baseline,40000,97,56,56,0.317684204698761
lung,baseline,40000,97,43,43,0.3279555937716326
lung,baseline,40000,97,39,39,0.32030298824447984
lung,baseline,40000,97,37,37,0.29530067406979327
lung,baseline,40000,97,28,28,0.4071623702254759
lung,baseline,40000,97,92,92,0.06828630203328123
lung,baseline,40000,97,87,87,0.13966224524817572
lung,baseline,40000,97,85,85,0.1514129632794488
lung,baseline,40000,97,82,82,0.12820049432975233
lung,baseline,40000,97,80,80,0.1563243681619523
lung,baseline,40000,97,96,96,0.13552550107275044
lung,baseline,40000,97,92,92,0.17277089646925142
lung,baseline,40000,97,83,83,0.04587752435183667
lung,baseline,40000,97,83,83,0.1507752387523394
lung,baseline,40000,97,85,85,0.03752825413881862
lung,baseline,40000,97,75,75,0.13341890228195014
lung,baseline,40000,97,91,91,0.21710584588751736
lung,baseline,40000,97,88,88,0.21431314861935222
lung,baseline,40000,97,19,19,0.4697389828731281
lung,baseline,40000,97,95,95,0.261744884552393
lung,baseline,40000,97,93,93,0.16450762636045888
lung,baseline,40000,97,93,93,0.2380796214795891
lung,baseline,40000,97,92,92,0.24761092981911284
lung,baseline,40000,97,86,86,0.2661065454168297
lung,baseline,40000,97,96,96,0.04488937725362361
lung,baseline,40000,97,92,92,0.1666449924830883
lung,baseline,40000,97,91,91,0.05525657963796604
lung,baseline,40000,97,90,90,0.05398356322037415
lung,baseline,40000,97,96,96,0.285981327143444
lung,baseline,40000,97,90,90,0.051446803965060246
lung,baseline,40000,97,89,89,0.05911177679891564
lung,baseline,40000,97,70,70,0.23291379263719234
lung,baseline,40000,97,56,56,0.23756387959364897
lung,baseline,40000,97,37,37,0.2086250211729343
lung,baseline,40000,97,36,36,0.17662665859930465
lung,baseline,40000,97,95,95,0.02519647214121424
lung,baseline,40000,97,88,88,0.15974887510246763
lung,baseline,40000,97,96,96,0.161563421602572
lung,baseline,40000,97,96,96,0.20790773749370617
lung,baseline,40000,97,94,94,0.025869786576415255
lung,baseline,40000,97,96,96,0.030713032940157824
lung,baseline,40000,97,96,96,0.15787587360609726
lung,baseline,40000,97,96,96,0.13228541790501328
lung,baseline,40000,97,96,96,0.2857467488480827
lung,baseline,40000,97,95,95,0.04305837022870309
lung,baseline,40000,97,92,92,0.26288730145257366
lung,baseline,40000,97,89,89,0.16109075625728989
lung,baseline,40000,97,96,96,0.2608520723118439
lung,baseline,40000,97,91,91,0.031576712481354886
lung,baseline,40000,97,89,89,0.2768144333471097
lung,baseline,40000,97,95,95,0.06965645504099939
lung,baseline,40000,97,95,95,0.1667519204492559
lung,baseline,40000,97,90,90,0.143269041995571
lung,baseline,40000,97,89,89,0.24611158844328668
lung,baseline,40000,97,84,84,0.242426194747391
lung,baseline,40000,97,77,77,0.18971623484288738
lung,baseline,40000,97,62,62,0.2264387108693017
lung,baseline,40000,97,96,96,0.008790711646834686
lung,baseline,40000,97,91,91,0.11571043627042747
lung,baseline,40000,97,91,91,0.13547249482368226
lung,baseline,40000,97,96,96,0.010771182734533211
lung,baseline,40000,97,95,95,0.16476957918644056
lung,baseline,40000,97,87,87,0.2211337723473936
lung,baseline,40000,97,96,96,0.23577573567078444
lung,baseline,40000,97,95,95,0.02052007615573168
lung,baseline,40000,97,96,96,0.27747785168926264
lung,baseline,40000,97,92,92,0.2671575606989455
lung,baseline,40000,97,87,87,0.20894122184727576
lung,baseline,40000,97,87,87,0.14010484082181057
lung,baseline,40000,97,84,84,0.1376572706734727
lung,baseline,40000,97,82,82,0.13688233515664008
lung,baseline,40000,97,43,43,0.1990627923784768
lung,baseline,40000,97,39,39,0.21826813038915618
lung,baseline,40000,97,37,37,0.21597694356712888
lung,baseline,40000,97,93,93,0.2575519956788403
lung,baseline,40000,97,89,89,0.29633262502073
lung,baseline,40000,97,63,63,0.21074557996862783
lung,baseline,40000,97,28,28,0.39526733110039086
lung,baseline,40000,97,37,37,0.21164071467942738
lung,baseline,40000,97,34,34,0.20874698014198273
lung,baseline,40000,97,79,79,0.20530113363633695
lung,baseline,40000,97,43,43,0.2809352884698123
lung,baseline,40000,97,39,39,0.2741998674220244
lung,baseline,40000,97,27,27,0.30458424774979487
lung,baseline,40000,97,94,94,0.028237060929245026
lung,baseline,40000,97,91,91,0.13304538874456512
lung,baseline,40000,97,87,87,0.12348581299128131
lung,baseline,40000,97,85,85,0.034268365356722966
lung,baseline,40000,97,80,80,0.037371725852897594
lung,baseline,40000,97,75,75,0.13627342768682632
lung,baseline,40000,97,96,96,0.2874403790721039
lung,baseline,40000,97,94,94,0.024477703248473655
lung,baseline,40000,97,89,89,0.1669737322967543
lung,baseline,40000,97,95,95,0.07840689767703493
lung,baseline,40000,97,95,95,0.1189943602574606
lung,baseline,40000,97,94,94,0.024846000866947642
lung,baseline,40000,97,94,94,0.04497954427515145
lung,baseline,40000,97,91,91,0.21223372272856833
lung,baseline,40000,97,91,91,0.18022645106658533
lung,baseline,40000,97,90,90,0.16370436226382112
lung,baseline,40000,97,87,87,0.20680081542675147
lung,baseline,40000,97,89,89,0.2835801941455564
lung,baseline,40000,97,74,74,0.30553420494079825
lung,baseline,40000,97,37,37,0.25216136178371096
lung,baseline,40000,97,36,36,0.23940627690210034
lung,baseline,40000,97,96,96,0.02682020828277414
lung,baseline,40000,97,95,95,0.023945049432924477
lung,baseline,40000,97,95,95,0.018288350674377563
lung,baseline,40000,97,93,93,0.16609903950922483
lung,baseline,40000,97,91,91,0.026723101613089547
lung,baseline,40000,97,91,91,0.17375623901976203
lung,baseline,40000,97,91,91,0.03498286227072944
lung,baseline,40000,97,96,96,0.16021530051080776
lung,baseline,40000,97,92,92,0.11106460440166623
lung,baseline,40000,97,92,92,0.11078941013451743
lung,baseline,40000,97,91,91,0.05807710888243861
lung,baseline,40000,97,91,91,0.10956786781888318
lung,baseline,40000,97,91,91,0.10850354079524553
lung,baseline,40000,97,84,84,0.04143910328392197
lung,baseline,40000,97,95,95,0.020343016857582497
lung,baseline,40000,97,94,94,0.06214745076237358
lung,baseline,40000,97,94,94,0.16863617699219127
lung,baseline,40000,97,90,90,0.027519776702294965
lung,baseline,40000,97,90,90,0.18180941465026193
lung,baseline,40000,97,89,89,0.18328322106787637
lung,baseline,40000,97,84,84,0.14816475967580223
lung,baseline,40000,97,77,77,0.10601474682395959
lung,baseline,40000,97,62,62,0.1743996781769984
lung,baseline,40000,97,96,96,0.273926872439931
lung,baseline,40000,97,96,96,0.2956637645721814
lung,baseline,40000,97,93,93,0.21061866042158506
lung,baseline,40000,97,96,96,0.17336157004533834
lung,baseline,40000,97,96,96,0.013340845422995526
lung,baseline,40000,97,96,96,0.13683610464031803
lung,baseline,40000,97,92,92,0.1574320398880375
lung,baseline,40000,97,77,77,0.16483097744738298
lung,baseline,40000,97,77,77,0.1873536195037007
lung,baseline,40000,97,76,76,0.15572189315139093
lung,baseline,40000,97,43,43,0.2360456363977249
lung,baseline,40000,97,39,39,0.2388674434662459
lung,baseline,40000,97,96,96,0.15524111461286563
lung,baseline,40000,97,93,93,0.10216124363566113
lung,baseline,40000,97,96,96,0.2581281174022447
lung,baseline,40000,97,91,91,0.2824932248328639
lung,baseline,40000,97,91,91,0.03537289835446112
lung,baseline,40000,97,96,96,0.11685336151738997
lung,baseline,40000,97,93,93,0.12474026621007081
lung,baseline,40000,97,93,93,0.016057305680465383
lung,baseline,40000,97,93,93,0.025954094491010545
lung,baseline,40000,97,96,96,0.1541638937838803
lung,baseline,40000,97,96,96,0.00993987586299624
lung,baseline,40000,97,93,93,0.025304528826637415
lung,baseline,40000,97,92,92,0.14655305722734144
lung,baseline,40000,97,90,90,0.02292099274239631
lung,baseline,40000,97,96,96,0.22254128235523107
lung,baseline,40000,97,96,96,0.2603631842513352
lung,baseline,40000,97,96,96,0.005661660654211323
lung,baseline,40000,97,90,90,0.2915500131510592
lung,baseline,40000,97,96,96,0.007853178541191838
lung,baseline,40000,97,96,96,0.013554177132595067
lung,baseline,40000,97,96,96,0.08850134208956278
lung,baseline,40000,97,96,96,0.12176774331758992
lung,baseline,40000,97,93,93,0.1225545342799606
lung,baseline,40000,97,94,94,0.06262865840010383
lung,baseline,40000,97,93,93,0.175395111334456
lung,baseline,40000,97,92,92,0.15268438151244998
lung,baseline,40000,97,91,91,0.06077579653129562
lung,baseline,40000,97,90,90,0.03380856624183893
lung,baseline,40000,97,89,89,0.1823187194707028
lung,baseline,40000,97,88,88,0.18407672467621936
lung,baseline,40000,97,84,84,0.14540379252240593
lung,baseline,40000,97,77,77,0.10060329405861532
lung,baseline,40000,97,62,62,0.17237858092751898
lung,baseline,40000,97,96,96,0.0077502267094834544
lung,baseline,40000,97,96,96,0.013405607703414183
lung,baseline,40000,97,96,96,0.015015099141334648
lung,baseline,40000,97,96,96,0.12844850511772252
lung,baseline,40000,97,96,96,0.14455584196414162
lung,baseline,40000,97,96,96,0.02891504796571402
lung,baseline,40000,97,96,96,0.020192357736913732
lung,baseline,40000,97,95,95,0.010201117488340858
lung,baseline,40000,97,94,94,0.025203715107171783
lung,baseline,40000,97,93,93,0.017942986974662258
lung,baseline,40000,97,92,92,0.015026090023617995
lung,baseline,40000,97,92,92,0.05768965000185701
lung,baseline,40000,97,91,91,0.1683924331706386
lung,baseline,40000,97,90,90,0.18040978602967173
lung,baseline,40000,97,88,88,0.19149692039234043
lung,baseline,40000,97,87,87,0.07062582843428701
lung,baseline,40000,97,95,95,0.020157559378633685
lung,baseline,40000,97,87,87,0.11312832668425503
lung,baseline,40000,97,96,96,0.11832636938504977
lung,baseline,40000,97,94,94,0.027385353015229194
lung,baseline,40000,97,92,92,0.1503898294361302
lung,baseline,40000,97,92,92,0.1379822689826603
lung,baseline,40000,97,37,37,0.1343451406347283
lung,baseline,40000,97,96,96,0.16321001945211402
lung,baseline,40000,97,96,96,0.010649100204664128
lung,baseline,40000,97,96,96,0.010994609406305244
lung,baseline,40000,97,96,96,0.12417390815528433
lung,baseline,40000,97,93,93,0.10367325383266927
lung,baseline,40000,97,91,91,0.029161621679983703
lung,baseline,40000,97,96,96,0.0210401452416735
lung,baseline,40000,97,96,96,0.006212767817407858
lung,baseline,40000,97,96,96,0.008838502389071414
lung,baseline,40000,97,96,96,0.019938368919523955
lung,baseline,40000,97,96,96,0.00664949593000145
lung,baseline,40000,97,96,96,0.03131804284036222
lung,baseline,40000,97,96,96,0.02064968588509561
lung,baseline,40000,97,96,96,0.023276823331290355
lung,baseline,40000,97,96,96,0.03434470135522367
lung,baseline,40000,97,96,96,0.031677103972683134
lung,baseline,40000,97,96,96,0.009389500030125194
lung,baseline,40000,97,96,96,0.008643946920786566
lung,baseline,40000,97,95,95,0.021837227051227783
lung,baseline,40000,97,95,95,0.02113838971131384
lung,baseline,40000,97,95,95,0.02489347502922303
lung,baseline,40000,97,95,95,0.023567250987962092
lung,baseline,40000,97,94,94,0.02115168905810527
lung,baseline,40000,97,93,93,0.03001348044616293
lung,baseline,40000,97,93,93,0.12067624677950545
lung,baseline,40000,97,93,93,0.027587126431178503
lung,baseline,40000,97,90,90,0.053206168635383605
lung,baseline,40000,97,96,96,0.09056598021193303
lung,baseline,40000,97,96,96,0.022039248837002617
lung,baseline,40000,97,96,96,0.2813181423573848
lung,baseline,40000,97,96,96,0.017166299147747158
lung,baseline,40000,97,95,95,0.1548022682861367
lung,baseline,40000,97,75,75,0.17502082994395216
lung,baseline,40000,97,56,56,0.18989328948017223
lung,baseline,40000,97,43,43,0.2036334353637472
lung,baseline,40000,97,39,39,0.19948646825445462
lung,baseline,40000,97,27,27,0.2356083199766728
lung,baseline,40000,97,92,92,0.19988985535942233
lung,baseline,40000,97,37,37,0.2105693659123608
lung,baseline,40000,97,95,95,0.05714557609331403
lung,baseline,40000,97,94,94,0.026016576632471564
lung,baseline,40000,97,92,92,0.1624647746192829
lung,baseline,40000,97,92,92,0.034010035404366624
lung,baseline,40000,97,92,92,0.06841147540756218
lung,baseline,40000,97,56,56,0.1900223660429869
lung,baseline,40000,97,40,40,0.16521021397617577
lung,baseline,40000,97,39,39,0.20100113785777454
lung,baseline,40000,97,96,96,0.14408173534630558
lung,baseline,40000,97,95,95,0.010240654655602597
lung,baseline,40000,97,95,95,0.0234975353954922
lung,baseline,40000,97,92,92,0.16024355666595577
lung,baseline,40000,97,88,88,0.189811234182689
lung,baseline,40000,97,79,79,0.19781419735444405
lung,baseline,40000,97,28,28,0.31436355633013907
lung,baseline,40000,97,96,96,0.15162965244603
lung,baseline,40000,97,96,96,0.013957548108217296
lung,baseline,40000,97,96,96,0.009749555447104838
lung,baseline,40000,97,96,96,0.13278142871629084
lung,baseline,40000,97,94,94,0.16161551111559413
lung,baseline,40000,97,86,86,0.04798701722044541
lung,baseline,40000,97,96,96,0.13008148528198005
lung,baseline,40000,97,96,96,0.043054274102656165
lung,baseline,40000,97,90,90,0.18947546916765734
lung,baseline,40000,97,90,90,0.14058985074832853
lung,baseline,40000,97,76,76,0.20063633676293965
lung,baseline,40000,97,62,62,0.16580264113612292
lung,baseline,40000,97,91,91,0.12946964667200933
lung,baseline,40000,97,91,91,0.11767706511403701
lung,baseline,40000,97,90,90,0.15914002245011183
lung,baseline,40000,97,87,87,0.16913214457025094
lung,baseline,40000,97,79,79,0.1622633812161761
lung,baseline,40000,97,96,96,0.005697810420796499
lung,baseline,40000,97,92,92,0.11569594074073
lung,baseline,40000,97,91,91,0.02816001402252579
lung,baseline,40000,97,79,79,0.07288530713931904
lung,baseline,40000,97,92,92,0.13585146021032865
lung,baseline,40000,97,80,80,0.0368920003796408
lung,baseline,40000,97,96,96,0.025591690044670923
lung,baseline,40000,97,92,92,0.12271346141482897
lung,baseline,40000,97,92,92,0.13534520272345665
lung,baseline,40000,97,87,87,0.12998528979313248
lung,baseline,40000,97,95,95,0.04606039731980058
lung,baseline,40000,97,94,94,0.01763980985465346
lung,baseline,40000,97,92,92,0.10006852600297576
lung,baseline,40000,97,92,92,0.1245546070506773
lung,baseline,40000,97,90,90,0.10695597359820107
lung,baseline,40000,97,90,90,0.09192322356226428
lung,baseline,40000,97,88,88,0.15414482264766746
lung,baseline,40000,97,96,96,0.12182916764129838
lung,baseline,40000,97,95,95,0.04408960801472617
lung,baseline,40000,97,94,94,0.009812672500451498
lung,baseline,40000,97,93,93,0.0920637765756222
lung,baseline,40000,97,93,93,0.025655024207353577
lung,baseline,40000,97,91,91,0.039947961050213955
lung,baseline,40000,97,89,89,0.035426297663852725
lung,baseline,40000,97,95,95,0.012082393671763988
lung,baseline,40000,97,94,94,0.015744253833705917
lung,baseline,40000,97,92,92,0.19309654592329367
lung,baseline,40000,97,96,96,0.0338966795918732
lung,baseline,40000,97,96,96,0.08788027201428143
lung,baseline,40000,97,95,95,0.05172666998956776
lung,baseline,40000,97,95,95,0.007813537951830202
lung,baseline,40000,97,89,89,0.0348448948348505
lung,baseline,40000,97,96,96,0.1206301260644655
lung,baseline,40000,97,90,90,0.09623410030302952
lung,baseline,40000,97,88,88,0.09706702007044296
lung,baseline,40000,97,85,85,0.05024924252754367
lung,baseline,40000,97,96,96,0.022780254568280187
lung,baseline,40000,97,96,96,0.013173262877693817
lung,baseline,40000,97,96,96,0.05214474225653731
lung,baseline,40000,97,94,94,0.1732455255217949
lung,baseline,40000,97,92,92,0.1763525005200252
lung,baseline,40000,97,96,96,0.11802925407077919
lung,baseline,40000,97,91,91,0.13830812400017126
lung,baseline,40000,97,89,89,0.1444125675516993
lung,baseline,40000,97,89,89,0.12080226933635911
lung,baseline,40000,97,87,87,0.12788357561210784
lung,baseline,40000,97,85,85,0.03325032366547575
lung,baseline,40000,97,80,80,0.03940211388316309
lung,baseline,40000,97,96,96,0.01706635005993815
lung,baseline,40000,97,96,96,0.12485069837693473
lung,baseline,40000,97,92,92,0.13561872839957645
lung,baseline,40000,97,92,92,0.03380282923644748
lung,baseline,40000,97,91,91,0.21452825551273494
lung,baseline,40000,97,63,63,0.21688794938372477
lung,baseline,40000,97,43,43,0.29866919744852743
lung,baseline,40000,97,39,39,0.2937415670754274
lung,baseline,40000,97,96,96,0.23375176954819224
lung,baseline,40000,97,96,96,0.03853224352297958
lung,baseline,40000,97,89,89,0.12935026874681274
lung,baseline,40000,97,85,85,0.2691738765523172
lung,baseline,40000,97,96,96,0.009522428548391889
lung,baseline,40000,97,95,95,0.055506051146842615
lung,baseline,40000,97,95,95,0.18489325340051363
lung,baseline,40000,97,95,95,0.14098402365023688
lung,baseline,40000,97,92,92,0.1415597748530009
lung,baseline,40000,97,92,92,0.1966483742334858
lung,baseline,40000,97,96,96,0.1571464949708166
lung,baseline,40000,97,96,96,0.12238215921872501
lung,baseline,40000,97,93,93,0.09876345794039777
lung,baseline,40000,97,95,95,0.12060901219273563
lung,baseline,40000,97,95,95,0.19231505199138973
lung,baseline,40000,97,93,93,0.10297215495847938
lung,baseline,40000,97,83,83,0.15332095993951445
lung,baseline,40000,97,96,96,0.027838476140717976
lung,baseline,40000,97,96,96,0.12710951303491624
lung,baseline,40000,97,91,91,0.05514805128063883
lung,baseline,40000,97,91,91,0.19150756164226918
lung,baseline,40000,97,90,90,0.05257256820956856
lung,baseline,40000,97,90,90,0.11975463272253008
lung,baseline,40000,97,28,28,0.2580872459265137
lung,baseline,40000,97,96,96,0.12008945872257253
lung,baseline,40000,97,82,82,0.07030948863690759
lung,baseline,40000,97,72,72,0.16658152390688738
lung,baseline,40000,97,96,96,0.27657414281963205
lung,baseline,40000,97,92,92,0.25260969436004915
lung,baseline,40000,97,89,89,0.05065974498128346
lung,baseline,40000,97,56,56,0.14355836362743932
lung,baseline,40000,97,96,96,0.006728959360200612
lung,baseline,40000,97,96,96,0.014827739706021992
lung,baseline,40000,97,96,96,0.16000242421233152
lung,baseline,40000,97,96,96,0.17541463041941133
lung,baseline,40000,97,96,96,0.16174054817979852
lung,baseline,40000,97,95,95,0.02328150285129351
lung,baseline,40000,97,95,95,0.08504208133946983
lung,baseline,40000,97,94,94,0.05931443587623904
lung,baseline,40000,97,96,96,0.13074368396289374
lung,baseline,40000,97,95,95,0.042378637349009644
lung,baseline,40000,97,93,93,0.029015107503667894
lung,baseline,40000,97,83,83,0.1498217565599694
lung,baseline,40000,97,96,96,0.11919908080498198
lung,baseline,40000,97,94,94,0.02642264557044398
lung,baseline,40000,97,91,91,0.1744001747885736
lung,baseline,40000,97,91,91,0.038600472713612395
lung,baseline,40000,97,87,87,0.07485861252255102
lung,baseline,40000,97,56,56,0.19146524170302023
lung,baseline,40000,97,43,43,0.20912472511643254
lung,baseline,40000,97,28,28,0.2483435708271095
lung,baseline,40000,97,94,94,0.1187936399518341
lung,baseline,40000,97,93,93,0.12171583953849954
lung,baseline,40000,97,90,90,0.17116351672470928
lung,baseline,40000,97,28,28,0.2534360186518182
lung,baseline,40000,97,95,95,0.2720140433086396
lung,baseline,40000,97,93,93,0.2548401311464592
lung,baseline,40000,97,87,87,0.25090803563282743
lung,baseline,40000,97,96,96,0.0036700569445140083
lung,baseline,40000,97,96,96,0.01727994379089332
lung,baseline,40000,97,96,96,0.014189550157487093
lung,baseline,40000,97,96,96,0.13521159191150642
lung,baseline,40000,97,95,95,0.023942908603438603
lung,baseline,40000,97,95,95,0.014919384428382356
lung,baseline,40000,97,93,93,0.16843059512703135
lung,baseline,40000,97,91,91,0.02269434473144614
lung,baseline,40000,97,91,91,0.033857031067576135
lung,baseline,40000,97,87,87,0.19485985866615943
lung,baseline,40000,97,86,86,0.06707683864675303
lung,baseline,40000,97,83,83,0.16831846475476608
lung,baseline,40000,97,81,81,0.1961540207879115
lung,baseline,40000,97,75,75,0.21658498623990086
lung,baseline,40000,97,69,69,0.1612881967806045
lung,baseline,40000,97,96,96,0.042311026534401795
lung,baseline,40000,97,95,95,0.17134709136306958
lung,baseline,40000,97,96,96,0.12660759615514375
lung,baseline,40000,97,91,91,0.17603188918309456
lung,baseline,40000,97,28,28,0.37242769420898275
lung,baseline,40000,97,91,91,0.1731497749917692
lung,baseline,40000,97,87,87,0.20146278593497235
lung,baseline,40000,97,86,86,0.18222387734473028
lung,baseline,40000,97,85,85,0.15875730086031853
lung,baseline,40000,97,82,82,0.06768660574449857
lung,baseline,40000,97,81,81,0.1814880006450087
lung,baseline,40000,97,79,79,0.12003576172539357
lung,baseline,40000,97,96,96,0.17483698230515235
lung,baseline,40000,97,94,94,0.14829703910475886
lung,baseline,40000,97,90,90,0.18294193017763685
lung,baseline,40000,97,89,89,0.14304092596462567
lung,baseline,40000,97,89,89,0.15823227569733792
lung,baseline,40000,97,91,91,0.17295736689575805
lung,baseline,40000,97,87,87,0.01817688586090867
lung,baseline,40000,97,79,79,0.11477758997254026
lung,baseline,40000,97,96,96,0.09226582620601086
lung,baseline,40000,97,95,95,0.056191687674939504
lung,baseline,40000,97,94,94,0.025768039041874545
lung,baseline,40000,97,92,92,0.013786198470303112
lung,baseline,40000,97,43,43,0.27631843172157444
lung,baseline,40000,97,39,39,0.27736580989042
lung,baseline,40000,97,37,37,0.2334339320219495
lung,baseline,40000,97,27,27,0.3714236569145211
lung,baseline,40000,97,90,90,0.1705455529284747
lung,baseline,40000,97,90,90,0.1666036311191023
lung,baseline,40000,97,87,87,0.21052074082803116
lung,baseline,40000,97,79,79,0.2034018885721381
lung,baseline,40000,97,72,72,0.105295932243918
lung,baseline,40000,97,43,43,0.27738899940384143
lung,baseline,40000,97,39,39,0.28020901387170327
lung,baseline,40000,97,96,96,0.024137183346288057
lung,baseline,40000,97,92,92,0.1665699522777488
lung,baseline,40000,97,92,92,0.025171267209931392
lung,baseline,40000,97,90,90,0.042349311389750566
lung,baseline,40000,97,84,84,0.10792420940444913
lung,baseline,40000,97,90,90,0.16376937386108453
lung,baseline,40000,97,89,89,0.14600070837666868
lung,baseline,40000,97,79,79,0.16462855882970384
lung,baseline,40000,97,43,43,0.2305232641594821
lung,baseline,40000,97,39,39,0.23628261419358645
lung,baseline,40000,97,95,95,0.026853187909544416
lung,baseline,40000,97,95,95,0.11752976353523034
lung,baseline,40000,97,94,94,0.09934221550146603
lung,baseline,40000,97,91,91,0.1644452218432718
lung,baseline,40000,97,87,87,0.10001274375407992
lung,baseline,40000,97,28,28,0.25306390855501765
lung,baseline,40000,97,37,37,0.20522061769455952
lung,baseline,40000,97,36,36,0.1647767557830939
lung,baseline,40000,97,34,34,0.2883690980861503
lung,baseline,40000,97,96,96,0.01161226273180307
lung,baseline,40000,97,96,96,0.012038142728604059
lung,baseline,40000,97,96,96,0.029758358103987807
lung,baseline,40000,97,91,91,0.1642318165813096
lung,baseline,40000,97,79,79,0.26398275589069825
lung,baseline,40000,97,96,96,0.03382181399377083
lung,baseline,40000,97,94,94,0.05805739338324544
lung,baseline,40000,97,92,92,0.11230728854873848
lung,baseline,40000,97,91,91,0.028441354486445605
lung,baseline,40000,97,90,90,0.1701981806383281
lung,baseline,40000,97,85,85,0.042959517984967936
lung,baseline,40000,97,89,89,0.19271390882177186
lung,baseline,40000,97,43,43,0.2829369728069496
lung,baseline,40000,97,39,39,0.27668594306144656
lung,baseline,40000,97,28,28,0.3073672561503372
lung,baseline,40000,97,92,92,0.17273682160761447
lung,baseline,40000,97,91,91,0.17283906013074474
lung,baseline,40000,97,36,36,0.16248945260193953
lung,baseline,40000,97,92,92,0.1271685827892377
lung,baseline,40000,97,85,85,0.029966761140107902
lung,baseline,40000,97,80,80,0.03641857392021933
lung,baseline,40000,97,93,93,0.10641191130154326
lung,baseline,40000,97,37,37,0.18847901509966192
lung,baseline,40000,97,96,96,0.005765192014660747
lung,baseline,40000,97,94,94,0.05602923125658891
lung,baseline,40000,97,90,90,0.20347216162465587
lung,baseline,40000,97,69,69,0.16513812026504487
lung,baseline,40000,97,92,92,0.17559791671912875
lung,baseline,40000,97,91,91,0.19413120565575798
lung,baseline,40000,97,83,83,0.14257498415423214
lung,baseline,40000,97,75,75,0.12750555582757625
lung,baseline,40000,97,73,73,0.1890007813802296
lung,baseline,40000,97,69,69,0.15314025913736828
lung,baseline,40000,97,68,68,0.10179043766015139
lung,baseline,40000,97,96,96,0.01483770581224531
lung,baseline,40000,97,96,96,0.15964976558454388
lung,baseline,40000,97,96,96,0.12169623629155256
lung,baseline,40000,97,93,93,0.10491213552704588
lung,baseline,40000,97,96,96,0.040666806786550054
lung,baseline,40000,97,92,92,0.11641901019438854
lung,baseline,40000,97,96,96,0.1331806203969805
lung,baseline,40000,97,96,96,0.13132623612538452
lung,baseline,40000,97,91,91,0.021730601197539216
lung,baseline,40000,97,90,90,0.03871023368152733
lung,baseline,40000,97,56,56,0.22935614856442146
lung,baseline,40000,97,43,43,0.26680570788196445
lung,baseline,40000,97,39,39,0.25927314945983887
lung,baseline,40000,97,28,28,0.2953076474647688
lung,baseline,40000,97,85,85,0.04268932906519886
lung,baseline,40000,97,56,56,0.21531942966181825
lung,baseline,40000,97,43,43,0.25732286453757547
lung,baseline,40000,97,39,39,0.260620056856347
lung,baseline,40000,97,28,28,0.30036808038491347
lung,baseline,40000,97,88,88,0.1957679104746984
lung,baseline,40000,97,75,75,0.23235181185668105
lung,baseline,40000,97,37,37,0.2050881156086067
lung,baseline,40000,97,96,96,0.09896544629819481
lung,baseline,40000,97,85,85,0.040977272153371935
lung,baseline,40000,97,83,83,0.06556468361883865
lung,baseline,40000,97,69,69,0.06488315032857621
lung,baseline,40000,97,94,94,0.13417064676236826
lung,baseline,40000,97,90,90,0.20141465796398025
lung,baseline,40000,97,90,90,0.03953406025536172
lung,baseline,40000,97,95,95,0.16977794608949853
lung,baseline,40000,97,90,90,0.25549638832314947
lung,baseline,40000,97,88,88,0.249416917602757
lung,baseline,40000,97,81,81,0.2485454169009492
lung,baseline,40000,97,93,93,0.09718216273722183
lung,baseline,40000,97,93,93,0.02667914573631889
lung,baseline,40000,97,37,37,0.13715121175636463
lung,baseline,40000,97,96,96,0.0503888024749391
lung,baseline,40000,97,96,96,0.10759746685579652
lung,baseline,40000,97,96,96,0.1350030583893669
lung,baseline,40000,97,96,96,0.012880889630737906
lung,baseline,40000,97,95,95,0.004801737864863912
lung,baseline,40000,97,95,95,0.01701224172439563
lung,baseline,40000,97,96,96,0.04923841754463946
lung,baseline,40000,97,96,96,0.17052332307032528
lung,baseline,40000,97,95,95,0.14715848256114364
lung,baseline,40000,97,94,94,0.16131829636368175
lung,baseline,40000,97,92,92,0.05231539059373037
lung,baseline,40000,97,90,90,0.24452954686977135
lung,baseline,40000,97,95,95,0.1427726880426882
lung,baseline,40000,97,95,95,0.16575337964367834
lung,baseline,40000,97,96,96,0.11703851244414308
lung,baseline,40000,97,96,96,0.21989840392208382
lung,baseline,40000,97,96,96,0.26750628372262025
lung,baseline,40000,97,93,93,0.1876039812730791
lung,baseline,40000,97,93,93,0.15769218832688242
lung,baseline,40000,97,95,95,0.15797749629151808
lung,baseline,40000,97,93,93,0.044190716862804486
lung,baseline,40000,97,89,89,0.194784099755834
lung,baseline,40000,97,96,96,0.015529330001469286
lung,baseline,40000,97,96,96,0.02336196190271858
lung,baseline,40000,97,96,96,0.1535230455294214
lung,baseline,40000,97,96,96,0.1353702501510667
lung,baseline,40000,97,92,92,0.13664588017497706
lung,baseline,40000,97,89,89,0.04880037500729144
lung,baseline,40000,97,43,43,0.24558100901567503
lung,baseline,40000,97,94,94,0.014089814651786882
lung,baseline,40000,97,88,88,0.1605706537378896
lung,baseline,40000,97,85,85,0.035649857028215784
lung,baseline,40000,97,83,83,0.0630108007246397
lung,baseline,40000,97,75,75,0.1821221770644955
lung,baseline,40000,97,69,69,0.07468578146477355
lung,baseline,40000,97,94,94,0.01656355710256224
lung,baseline,40000,97,92,92,0.16298665719792096
lung,baseline,40000,97,92,92,0.042797342751090706
lung,baseline,40000,97,83,83,0.04327539082085728
lung,baseline,40000,97,96,96,0.1371125892411154
lung,baseline,40000,97,96,96,0.15543552543284067
lung,baseline,40000,97,96,96,0.013815543581899901
lung,baseline,40000,97,96,96,0.014948228282084456
lung,baseline,40000,97,92,92,0.05776797615416891
lung,baseline,40000,97,91,91,0.16540366446049165
lung,baseline,40000,97,96,96,0.24007151760148426
lung,baseline,40000,97,95,95,0.1455706674859576
lung,baseline,40000,97,93,93,0.1593347486935383
lung,baseline,40000,97,95,95,0.025389186367054
lung,baseline,40000,97,93,93,0.14534343590292625
lung,baseline,40000,97,76,76,0.20635430893981907
lung,baseline,40000,97,96,96,0.012002452009954902
lung,baseline,40000,97,96,96,0.1137693206847385
lung,baseline,40000,97,94,94,0.03126754898391213
lung,baseline,40000,97,93,93,0.025557800180038615
lung,baseline,40000,97,93,93,0.09518119543587794
lung,baseline,40000,97,87,87,0.16871617346918039
lung,baseline,40000,97,85,85,0.08824577792262338
lung,baseline,40000,97,80,80,0.09348501641868513
lung,baseline,40000,97,78,78,0.06060371719709648
lung,baseline,40000,97,75,75,0.17701086257948986
lung,baseline,40000,97,96,96,0.009570575563455907
lung,baseline,40000,97,96,96,0.09757309039274464
lung,baseline,40000,97,95,95,0.021173267545381437
lung,baseline,40000,97,94,94,0.05342986211148443
lung,baseline,40000,97,89,89,0.12452005521263933
lung,baseline,40000,97,87,87,0.18343075416582008
lung,baseline,40000,97,28,28,0.2916655550895334
lung,baseline,40000,97,96,96,0.17595713909237098
lung,baseline,40000,97,96,96,0.16156587404517764
lung,baseline,40000,97,96,96,0.15462182834600544
lung,baseline,40000,97,94,94,0.027146715780040912
lung,baseline,40000,97,87,87,0.05647712530340813
lung,baseline,40000,97,96,96,0.011202237304365821
lung,baseline,40000,97,96,96,0.00747542647330057
lung,baseline,40000,97,95,95,0.04497282337516764
lung,baseline,40000,97,92,92,0.10879592384296816
lung,baseline,40000,97,90,90,0.02899010207358568
lung,baseline,40000,97,90,90,0.1524121091446173
lung,baseline,40000,97,90,90,0.20389348954070038
lung,baseline,40000,97,84,84,0.1640973071938831
lung,baseline,40000,97,83,83,0.20748935723790174
lung,baseline,40000,97,62,62,0.19177683979158336
lung,baseline,40000,97,96,96,0.1199066606741734
lung,baseline,40000,97,91,91,0.18073190490567603
lung,baseline,40000,97,87,87,0.2094683666307354
lung,baseline,40000,97,87,87,0.18817221122850433
lung,baseline,40000,97,86,86,0.04313321699979214
lung,baseline,40000,97,83,83,0.1418276100751733
lung,baseline,40000,97,69,69,0.15975403865755797
lung,baseline,40000,97,96,96,0.10351087791309029
lung,baseline,40000,97,96,96,0.019862190940463192
lung,baseline,40000,97,96,96,0.15836537967978137
lung,baseline,40000,97,96,96,0.02300799331357828
lung,baseline,40000,97,96,96,0.023101019350804247
lung,baseline,40000,97,93,93,0.029563563002479726
lung,baseline,40000,97,91,91,0.0555544384040458
lung,baseline,40000,97,96,96,0.009961583430692
lung,baseline,40000,97,96,96,0.027438888744233406
lung,baseline,40000,97,96,96,0.010547002591281196
lung,baseline,40000,97,96,96,0.1495410711654341
lung,baseline,40000,97,96,96,0.1596440655292418
lung,baseline,40000,97,95,95,0.16975947547090697
lung,baseline,40000,97,94,94,0.14742759571723227
lung,baseline,40000,97,92,92,0.139576763495382
lung,baseline,40000,97,87,87,0.16240490420712533
lung,baseline,40000,97,96,96,0.1474709081585083
lung,baseline,40000,97,91,91,0.06215488435202414
lung,baseline,40000,97,91,91,0.17843470646952125
lung,baseline,40000,97,88,88,0.035582179582244786
lung,baseline,40000,97,96,96,0.014376750339767971
lung,baseline,40000,97,96,96,0.0973362334863906
lung,baseline,40000,97,96,96,0.03945834204545794
lung,baseline,40000,97,95,95,0.022150945580724765
lung,baseline,40000,97,90,90,0.03785541362157581
lung,baseline,40000,97,83,83,0.047306910187034645
lung,baseline,40000,97,96,96,0.1169883031593477
lung,baseline,40000,97,92,92,0.14673949417029772
lung,baseline,40000,97,94,94,0.2701269596796136
lung,baseline,40000,97,89,89,0.2538876926364161
lung,baseline,40000,97,96,96,0.00923086879964899
lung,baseline,40000,97,96,96,0.01341113728181744
lung,baseline,40000,97,95,95,0.06709394310471276
lung,baseline,40000,97,91,91,0.08928468089054988
lung,baseline,40000,97,91,91,0.1609660472570369
lung,baseline,40000,97,96,96,0.00677432940203813
lung,baseline,40000,97,96,96,0.015547301052959957
lung,baseline,40000,97,89,89,0.1504646606991028
lung,baseline,40000,97,92,92,0.2324341683642146
lung,baseline,40000,97,90,90,0.13905693467715582
lung,baseline,40000,97,89,89,0.24444803044856492
lung,baseline,40000,97,89,89,0.22862789640097392
lung,baseline,40000,97,89,89,0.1940065614839256
lung,baseline,40000,97,96,96,0.27115036929454667
lung,baseline,40000,97,96,96,0.15537712239379375
lung,baseline,40000,97,95,95,0.07503880647237986
lung,baseline,40000,97,92,92,0.1696959453823757
lung,baseline,40000,97,90,90,0.13800694926061613
lung,baseline,40000,97,92,92,0.03047835413283479
lung,baseline,40000,97,91,91,0.150829029625459
lung,baseline,40000,97,85,85,0.0422578482715339
lung,baseline,40000,97,93,93,0.11125677277943202
lung,baseline,40000,97,92,92,0.1307920856589025
lung,baseline,40000,97,95,95,0.20598415804405754
lung,baseline,40000,97,95,95,0.20144027200916065
lung,baseline,40000,97,94,94,0.16759418072157367
lung,baseline,40000,97,94,94,0.012925706897926733
lung,baseline,40000,97,93,93,0.1646175468506823
lung,baseline,40000,97,92,92,0.16328542850658956
lung,baseline,40000,97,91,91,0.23148674348518264
lung,baseline,40000,97,91,91,0.16834385736846968
lung,baseline,40000,97,91,91,0.1744314443041225
lung,baseline,40000,97,91,91,0.19663691047059437
lung,baseline,40000,97,91,91,0.19804729054026965
lung,baseline,40000,97,87,87,0.1946243382351865
lung,baseline,40000,97,96,96,0.14723223638876065
lung,baseline,40000,97,96,96,0.153677489772534
lung,baseline,40000,97,95,95,0.02127445966301985
lung,baseline,40000,97,94,94,0.02269038525297264
lung,baseline,40000,97,93,93,0.14313187436689578
lung,baseline,40000,97,92,92,0.18651335105662845
lung,baseline,40000,97,92,92,0.1478723732465841
lung,baseline,40000,97,90,90,0.02909274086110664
lung,baseline,40000,97,96,96,0.10825503058444508
lung,baseline,40000,97,93,93,0.12828576641462697
lung,baseline,40000,97,85,85,0.04247283027128323
lung,baseline,40000,97,96,96,0.024030286335106024
lung,baseline,40000,97,96,96,0.01991448045017017
lung,baseline,40000,97,96,96,0.045493418591691405
lung,baseline,40000,97,92,92,0.14103450881419013
lung,baseline,40000,97,95,95,0.27159965864287083
lung,baseline,40000,97,94,94,0.2953921611374257
lung,baseline,40000,97,88,88,0.28810441481732546
lung,baseline,40000,97,88,88,0.26155153906744444
lung,baseline,40000,97,40,40,0.17925246152083923
lung,baseline,40000,97,39,39,0.20929530180926312
lung,baseline,40000,97,28,28,0.25280407412162
lung,baseline,40000,97,91,91,0.22416068994607524
lung,baseline,40000,97,83,83,0.19782116771426322
lung,baseline,40000,97,83,83,0.20293974077328442
lung,baseline,40000,97,77,77,0.1485180708514452
lung,baseline,40000,97,95,95,0.17148355447137378
lung,baseline,40000,97,90,90,0.2527180955216809
lung,baseline,40000,97,77,77,0.17968714868547142
lung,baseline,40000,97,62,62,0.2265656628683545
lung,baseline,40000,97,96,96,0.13313200993392005
lung,baseline,40000,97,96,96,0.14097145971222194
lung,baseline,40000,97,96,96,0.02572027351820667
lung,baseline,40000,97,96,96,0.01324363760066074
lung,baseline,40000,97,96,96,0.013890263967578727
lung,baseline,40000,97,96,96,0.06911486510950784
lung,baseline,40000,97,96,96,0.15637868872190955
lung,baseline,40000,97,96,96,0.013868473184022257
lung,baseline,40000,97,95,95,0.06932215696886877
lung,baseline,40000,97,91,91,0.06158184600645318
lung,baseline,40000,97,91,91,0.046748363575491975
lung,baseline,40000,97,89,89,0.07384851290812353
lung,baseline,40000,97,88,88,0.16461345766053972
lung,baseline,40000,97,88,88,0.050311428441199284
lung,baseline,40000,97,87,87,0.06566888393876628
lung,baseline,40000,97,96,96,0.28666919839235305
lung,baseline,40000,97,95,95,0.0171570597366223
lung,baseline,40000,97,94,94,0.25643589029320085
lung,baseline,40000,97,93,93,0.24758271591237155
lung,baseline,40000,97,93,93,0.17909892337603847
lung,baseline,40000,97,96,96,0.007541023443002459
lung,baseline,40000,97,96,96,0.16090352236282138
lung,baseline,40000,97,96,96,0.12695234646174205
lung,baseline,40000,97,96,96,0.030015529805963836
lung,baseline,40000,97,96,96,0.007875038881431116
lung,baseline,40000,97,95,95,0.012346372492388916
lung,baseline,40000,97,95,95,0.020594967069419625
lung,baseline,40000,97,95,95,0.01880521432588145
lung,baseline,40000,97,94,94,0.01593518851158733
lung,baseline,40000,97,93,93,0.012140886136415587
lung,baseline,40000,97,91,91,0.02022043635800188
lung,baseline,40000,97,90,90,0.03310994845809107
lung,baseline,40000,97,87,87,0.04840356630160756
lung,baseline,40000,97,94,94,0.011846712639255358
lung,baseline,40000,97,92,92,0.11695792511691191
lung,baseline,40000,97,85,85,0.032743728361827054
lung,baseline,40000,97,28,28,0.32134846028695957
lung,baseline,40000,97,95,95,0.015584669977559277
lung,baseline,40000,97,91,91,0.1229670318809718
lung,baseline,40000,97,92,92,0.26610228491168286
lung,baseline,40000,97,91,91,0.27540103381935854
lung,baseline,40000,97,85,85,0.2821691694907634
lung,baseline,40000,97,84,84,0.2543343145769013
lung,baseline,40000,97,71,71,0.2866895841339265
lung,baseline,40000,97,56,56,0.19666164287494886
lung,baseline,40000,97,95,95,0.10969837310096638
lung,baseline,40000,97,93,93,0.1207452243353745
lung,baseline,40000,97,83,83,0.056427555157212324
lung,baseline,40000,97,76,76,0.20247195371461507
lung,baseline,40000,97,43,43,0.26321561013411415
lung,baseline,40000,97,39,39,0.2660831134664485
lung,baseline,40000,97,28,28,0.3105726753414707
lung,baseline,40000,97,56,56,0.27931070733545615
lung,baseline,40000,97,40,40,0.26743657634907
lung,baseline,40000,97,39,39,0.30550056189242036
lung,baseline,40000,97,28,28,0.3259761058171053
lung,baseline,40000,97,92,92,0.02626652411245325
lung,baseline,40000,97,89,89,0.16885812758218538
lung,baseline,40000,97,28,28,0.2503350397416399
lung,baseline,40000,97,93,93,0.16685524429039483
lung,baseline,40000,97,90,90,0.17488131494961975
lung,baseline,40000,97,96,96,0.013183050175075947
lung,baseline,40000,97,96,96,0.11772406785886345
lung,baseline,40000,97,96,96,0.015606425364403537
lung,baseline,40000,97,93,93,0.0963751882897387
lung,baseline,40000,97,96,96,0.009895406445573426
lung,baseline,40000,97,96,96,0.0898821623816926
lung,baseline,40000,97,95,95,0.01719676188497124
lung,baseline,40000,97,94,94,0.030144676394653295
lung,baseline,40000,97,96,96,0.1356764986325212
lung,baseline,40000,97,95,95,0.01403088392193391
lung,baseline,40000,97,92,92,0.11756330557890943
lung,baseline,40000,97,91,91,0.18841245272619847
lung,baseline,40000,97,89,89,0.13352818699502467
lung,baseline,40000,97,94,94,0.022136827092062484
lung,baseline,40000,97,91,91,0.1479222318698899
lung,baseline,40000,97,90,90,0.16367666618369425
lung,baseline,40000,97,89,89,0.16560981264157573
lung,baseline,40000,97,88,88,0.16288731146575153
lung,baseline,40000,97,87,87,0.15888845428651363
lung,baseline,40000,97,96,96,0.029479153823127057
lung,baseline,40000,97,96,96,0.11094516058848797
lung,baseline,40000,97,96,96,0.010403325032089697
lung,baseline,40000,97,95,95,0.018716299088411385
lung,baseline,40000,97,94,94,0.024131572921292477
lung,baseline,40000,97,92,92,0.12337921912872245
lung,baseline,40000,97,84,84,0.037692372842392186
lung,baseline,40000,97,93,93,0.2751561337868815
lung,baseline,40000,97,87,87,0.25883348955085955
lung,baseline,40000,97,96,96,0.10551999145443004
lung,baseline,40000,97,96,96,0.02981968536198233
lung,baseline,40000,97,96,96,0.04858973649574073
lung,baseline,40000,97,94,94,0.01885886144295973
lung,baseline,40000,97,94,94,0.012436896799787732
lung,baseline,40000,97,96,96,0.1016596068297233
lung,baseline,40000,97,96,96,0.1430316491238103
lung,baseline,40000,97,95,95,0.03079788035562781
lung,baseline,40000,97,91,91,0.048947536716658586
lung,baseline,40000,97,91,91,0.04491610671395006
lung,baseline,40000,97,89,89,0.06834618023057325
lung,baseline,40000,97,87,87,0.05639432366125183
lung,baseline,40000,97,95,95,0.06450229341728823
lung,baseline,40000,97,95,95,0.061253735483983766
lung,baseline,40000,97,93,93,0.0999042103928049
lung,baseline,40000,97,92,92,0.024700886748023374
lung,baseline,40000,97,91,91,0.1592374346536668
lung,baseline,40000,97,89,89,0.1619484103793663
lung,baseline,40000,97,89,89,0.17526660498396257
lung,baseline,40000,97,89,89,0.1527220748346401
lung,baseline,40000,97,87,87,0.11726829215690224
lung,baseline,40000,97,84,84,0.080110582776954
lung,baseline,40000,97,96,96,0.1335161688591733
lung,baseline,40000,97,91,91,0.17689506340600175
lung,baseline,40000,97,96,96,0.14945463878393517
lung,baseline,40000,97,96,96,0.04860929501223634
lung,baseline,40000,97,96,96,0.007089963223386048
lung,baseline,40000,97,93,93,0.09765845099054658
lung,baseline,40000,97,75,75,0.21583358814682213
lung,baseline,40000,97,37,37,0.1936397438650599
lung,baseline,40000,97,96,96,0.009394145540510396
lung,baseline,40000,97,96,96,0.010225624006392436
lung,baseline,40000,97,96,96,0.1576875020263576
lung,baseline,40000,97,96,96,0.10176738563447957
lung,baseline,40000,97,94,94,0.07280473891581601
lung,baseline,40000,97,89,89,0.07097304967521194
lung,baseline,40000,97,68,68,0.2723775842912094
lung,baseline,40000,97,51,51,0.21440488600412944
lung,baseline,40000,97,43,43,0.33336084207158084
lung,baseline,40000,97,28,28,0.37411153156153
lung,baseline,40000,97,96,96,0.019193687665082806
lung,baseline,40000,97,96,96,0.15804533159390885
lung,baseline,40000,97,96,96,0.17633270818300728
lung,baseline,40000,97,92,92,0.1696138189603333
lung,baseline,40000,97,92,92,0.20276556987208266
lung,baseline,40000,97,96,96,0.0820471830940647
lung,baseline,40000,97,96,96,0.03131396314222846
lung,baseline,40000,97,94,94,0.062273677787190146
lung,baseline,40000,97,14,14,0.27287794662843423
lung,baseline,40000,97,96,96,0.2217933623588911
lung,baseline,40000,97,93,93,0.1382926903604601
lung,baseline,40000,97,87,87,0.0944790945151457
lung,baseline,40000,97,66,66,0.2390940355299915
lung,baseline,40000,97,43,43,0.25998975347575687
lung,baseline,40000,97,39,39,0.26179092059993825
lung,baseline,40000,97,37,37,0.2675519793490756
lung,baseline,40000,97,36,36,0.24301353212306573
lung,baseline,40000,97,96,96,0.0857429761291459
lung,baseline,40000,97,94,94,0.017943827329325472
lung,baseline,40000,97,93,93,0.022859152099423952
lung,baseline,40000,97,92,92,0.06699437744480437
lung,baseline,40000,97,92,92,0.037154178345964885
lung,baseline,40000,97,87,87,0.07297219393669932
lung,baseline,40000,97,96,96,0.1581925947162753
lung,baseline,40000,97,93,93,0.1068194045661922
lung,baseline,40000,97,96,96,0.09311794796538737
lung,baseline,40000,97,94,94,0.03000544333326924
lung,baseline,40000,97,94,94,0.02111422092365093
lung,baseline,40000,97,94,94,0.033677501183442336
lung,baseline,40000,97,89,89,0.03753747714127452
lung,baseline,40000,97,92,92,0.15719913639434327
lung,baseline,40000,97,92,92,0.11049162195073016
lung,baseline,40000,97,91,91,0.10893935727074872
lung,baseline,40000,97,90,90,0.03618376628609644
lung,baseline,40000,97,84,84,0.1133041527906529
lung,baseline,40000,97,84,84,0.1419701473957919
lung,baseline,40000,97,84,84,0.10772076809196333
lung,baseline,40000,97,90,90,0.19139639592371524
lung,baseline,40000,97,88,88,0.12730155945790195
lung,baseline,40000,97,79,79,0.1776415098039929
lung,baseline,40000,97,39,39,0.27497192178436297
lung,baseline,40000,97,28,28,0.3067123894876315
lung,baseline,40000,97,96,96,0.047214414374296965
lung,baseline,40000,97,91,91,0.1590917495637353
lung,baseline,40000,97,87,87,0.047288215360157926
lung,baseline,40000,97,36,36,0.217849523515557
lung,baseline,40000,97,28,28,0.33241037874191154
lung,baseline,40000,97,92,92,0.1163423476484336
lung,baseline,40000,97,19,19,0.30738153487792724
lung,baseline,40000,97,78,78,0.16043146716061304
lung,baseline,40000,97,62,62,0.18310681900149078
lung,baseline,40000,97,43,43,0.2821699946367683
lung,baseline,40000,97,39,39,0.28276807206223825
lung,baseline,40000,97,96,96,0.024579695347886423
lung,baseline,40000,97,92,92,0.14927441603450847
lung,baseline,40000,97,96,96,0.011086455986020585
lung,baseline,40000,97,96,96,0.04285502784384527
lung,baseline,40000,97,94,94,0.010665740785027448
lung,baseline,40000,97,92,92,0.17055389877614774
lung,baseline,40000,97,96,96,0.049056558310830924
lung,baseline,40000,97,96,96,0.08790364960028414
lung,baseline,40000,97,96,96,0.0386952252266028
lung,baseline,40000,97,96,96,0.022179493667538103
lung,baseline,40000,97,96,96,0.2879063018616758
lung,baseline,40000,97,96,96,0.09577495575651085
lung,baseline,40000,97,96,96,0.264852254318993
lung,baseline,40000,97,96,96,0.2240768432321459
lung,baseline,40000,97,96,96,0.21572553710753917
lung,baseline,40000,97,96,96,0.012203835608179567
lung,baseline,40000,97,95,95,0.14215348353202764
lung,baseline,40000,97,90,90,0.1372342287025798
lung,baseline,40000,97,93,93,0.04477397827661499
lung,baseline,40000,97,93,93,0.16916220487797826
lung,baseline,40000,97,69,69,0.05810448166384655
lung,baseline,40000,98,97,97,0.006676664939512951
lung,baseline,40000,98,97,97,0.15738520662766337
lung,baseline,40000,98,93,93,0.17196829171688846
lung,baseline,40000,98,96,96,0.0257442394173775
lung,baseline,40000,98,96,96,0.130501898299095
lung,baseline,40000,98,90,90,0.18555878041667345
lung,baseline,40000,98,89,89,0.17407144463180638
lung,baseline,40000,98,97,97,0.01997737435438085
lung,baseline,40000,98,97,97,0.13793457868304312
lung,baseline,40000,98,93,93,0.16859945272357033
lung,baseline,40000,98,97,97,0.14762488583202532
lung,baseline,40000,98,94,94,0.04197056975445213
lung,baseline,40000,98,93,93,0.14767023188850545
lung,baseline,40000,98,56,56,0.2296055196016968
lung,baseline,40000,98,43,43,0.2434526820763276
lung,baseline,40000,98,39,39,0.2570747996117348
lung,baseline,40000,98,37,37,0.22105317582678968
lung,baseline,40000,98,28,28,0.310704702666546
lung,baseline,40000,98,97,97,0.260507751247002
lung,baseline,40000,98,97,97,0.01198691654395408
lung,baseline,40000,98,95,95,0.21268034236048303
lung,baseline,40000,98,93,93,0.24806578648472816
lung,baseline,40000,98,91,91,0.16941443240111537
lung,baseline,40000,98,97,97,0.034107509437151885
lung,baseline,40000,98,96,96,0.14091804724658832
lung,baseline,40000,98,93,93,0.1496356873858146
lung,baseline,40000,98,88,88,0.05889953630322784
lung,baseline,40000,98,97,97,0.10261937081953242
lung,baseline,40000,98,94,94,0.14091406169953682
lung,baseline,40000,98,97,97,0.011905522228395984
lung,baseline,40000,98,97,97,0.009940764037850217
lung,baseline,40000,98,97,97,0.0865254495711284
lung,baseline,40000,98,96,96,0.007842777040150654
lung,baseline,40000,98,93,93,0.06982995249281204
lung,baseline,40000,98,94,94,0.03898799942077065
lung,baseline,40000,98,93,93,0.07346886843571002
lung,baseline,40000,98,93,93,0.144310212332456
lung,baseline,40000,98,79,79,0.18538024501813408
lung,baseline,40000,98,97,97,0.012403819324390912
lung,baseline,40000,98,97,97,0.005908964746016924
lung,baseline,40000,98,96,96,0.04019355790269374
lung,baseline,40000,98,92,92,0.16180523334183336
lung,baseline,40000,98,97,97,0.014189500466886835
lung,baseline,40000,98,97,97,0.009476969060589783
lung,baseline,40000,98,97,97,0.14123091122640638
lung,baseline,40000,98,96,96,0.022377169470878967
lung,baseline,40000,98,93,93,0.1918223922506513
lung,baseline,40000,98,97,97,0.014867207697680719
lung,baseline,40000,98,94,94,0.09721252958343593
lung,baseline,40000,98,92,92,0.06816875761334057
lung,baseline,40000,98,92,92,0.17521088251396508
lung,baseline,40000,98,90,90,0.12056888421613914
lung,baseline,40000,98,88,88,0.2442722336683775
lung,baseline,40000,98,85,85,0.20931066745490923
lung,baseline,40000,98,80,80,0.22272478846391303
lung,baseline,40000,98,97,97,0.13628016793898207
lung,baseline,40000,98,97,97,0.02800235414200508
lung,baseline,40000,98,93,93,0.19367346801846938
lung,baseline,40000,98,90,90,0.19749307951721715
lung,baseline,40000,98,89,89,0.2501890624694331
lung,baseline,40000,98,89,89,0.24289169732671248
lung,baseline,40000,98,89,89,0.15106809421877643
lung,baseline,40000,98,83,83,0.1785164138540371
lung,baseline,40000,98,83,83,0.19885513632652543
lung,baseline,40000,98,79,79,0.20802271892722116
lung,baseline,40000,98,97,97,0.2253868839138195
lung,baseline,40000,98,97,97,0.012361966465727079
lung,baseline,40000,98,96,96,0.08959829027329358
lung,baseline,40000,98,95,95,0.08279614781938055
lung,baseline,40000,98,94,94,0.14065597270633406
lung,baseline,40000,98,94,94,0.03527615408967148
lung,baseline,40000,98,94,94,0.042760438843315894
lung,baseline,40000,98,94,94,0.05598627649759989
lung,baseline,40000,98,93,93,0.05979267767804818
lung,baseline,40000,98,97,97,0.01211525486587189
lung,baseline,40000,98,97,97,0.023977577072365724
lung,baseline,40000,98,97,97,0.14196132192762154
lung,baseline,40000,98,97,97,0.017843404731963313
lung,baseline,40000,98,97,97,0.13321559744934333
lung,baseline,40000,98,97,97,0.00811675373323644
lung,baseline,40000,98,97,97,0.028101850239213022
lung,baseline,40000,98,97,97,0.008024204247129695
lung,baseline,40000,98,96,96,0.0210896875635956
lung,baseline,40000,98,97,97,0.13373568809249342
lung,baseline,40000,98,97,97,0.19144308187823122
lung,baseline,40000,98,93,93,0.23455163446123278
lung,baseline,40000,98,97,97,0.15272712750969006
lung,baseline,40000,98,97,97,0.04659062983199156
lung,baseline,40000,98,97,97,0.12327064083026713
lung,baseline,40000,98,94,94,0.10777594026124294
lung,baseline,40000,98,97,97,0.009337201880596332
lung,baseline,40000,98,96,96,0.06800127493450885
lung,baseline,40000,98,92,92,0.15938287868731546
lung,baseline,40000,98,97,97,0.03206505247700787
lung,baseline,40000,98,97,97,0.006109149253012856
lung,baseline,40000,98,97,97,0.17605006584177504
lung,baseline,40000,98,96,96,0.06841290717486453
lung,baseline,40000,98,95,95,0.14030196381350815
lung,baseline,40000,98,93,93,0.15694929560225854
lung,baseline,40000,98,97,97,0.13063820554815042
lung,baseline,40000,98,97,97,0.08089263355421843
lung,baseline,40000,98,97,97,0.19352197366539073
lung,baseline,40000,98,97,97,0.13553078068343277
lung,baseline,40000,98,96,96,0.007932432993086548
lung,baseline,40000,98,94,94,0.023745689055594984
lung,baseline,40000,98,91,91,0.028165173092666654
lung,baseline,40000,98,97,97,0.006051479012752508
lung,baseline,40000,98,97,97,0.003972732651728674
lung,baseline,40000,98,96,96,0.132834862794358
lung,baseline,40000,98,94,94,0.13580706531198147
lung,baseline,40000,98,94,94,0.13693048717949355
lung,baseline,40000,98,93,93,0.19387498797385885
lung,baseline,40000,98,92,92,0.1925477566917732
lung,baseline,40000,98,87,87,0.04614192440932236
lung,baseline,40000,98,96,96,0.01059776753465351
lung,baseline,40000,98,89,89,0.15517552065727938
lung,baseline,40000,98,36,36,0.1716077958668453
lung,baseline,40000,98,97,97,0.0189155894070271
lung,baseline,40000,98,96,96,0.08695725695967449
lung,baseline,40000,98,95,95,0.06767677071779994
lung,baseline,40000,98,93,93,0.018567448469668287
lung,baseline,40000,98,91,91,0.1783307119235383
lung,baseline,40000,98,90,90,0.1698132683477327
lung,baseline,40000,98,83,83,0.1642822202178974
lung,baseline,40000,98,82,82,0.22775311188610542
lung,baseline,40000,98,37,37,0.22836875059019388
lung,baseline,40000,98,36,36,0.19739548642777388
lung,baseline,40000,98,94,94,0.1920018487270011
lung,baseline,40000,98,90,90,0.1425684450971897
lung,baseline,40000,98,88,88,0.24862709169814437
lung,baseline,40000,98,88,88,0.24901468089740125
lung,baseline,40000,98,88,88,0.25767110434654333
lung,baseline,40000,98,97,97,0.09908664993525024
lung,baseline,40000,98,97,97,0.268636963474513
lung,baseline,40000,98,97,97,0.22123918480124802
lung,baseline,40000,98,94,94,0.15137667098076327
lung,baseline,40000,98,97,97,0.009203075628389325
lung,baseline,40000,98,92,92,0.17284009963968155
lung,baseline,40000,98,92,92,0.21363492455741676
lung,baseline,40000,98,89,89,0.2020420510809108
lung,baseline,40000,98,83,83,0.04604998843169154
lung,baseline,40000,98,83,83,0.20773816857636154
lung,baseline,40000,98,97,97,0.2751250207408719
lung,baseline,40000,98,97,97,0.23083489413791464
lung,baseline,40000,98,94,94,0.21448644409801265
lung,baseline,40000,98,97,97,0.011207066107923868
lung,baseline,40000,98,97,97,0.10672623989397026
lung,baseline,40000,98,97,97,0.13154897656832593
lung,baseline,40000,98,97,97,0.009907291339198956
lung,baseline,40000,98,96,96,0.05170107627812195
lung,baseline,40000,98,96,96,0.021829795514758013
lung,baseline,40000,98,95,95,0.038142661593437786
lung,baseline,40000,98,95,95,0.025794571485956857
lung,baseline,40000,98,91,91,0.1910020959761414
lung,baseline,40000,98,39,39,0.27811048186191273
lung,baseline,40000,98,20,20,0.5316679586951916
lung,baseline,40000,98,97,97,0.029027904395308824
lung,baseline,40000,98,97,97,0.010944703795116672
lung,baseline,40000,98,97,97,0.1369501334369013
lung,baseline,40000,98,97,97,0.1388525766414466
lung,baseline,40000,98,95,95,0.0198199364322274
lung,baseline,40000,98,90,90,0.032646951099959146
lung,baseline,40000,98,97,97,0.2632098583495592
lung,baseline,40000,98,97,97,0.225810019024974
lung,baseline,40000,98,93,93,0.2822142320344052
lung,baseline,40000,98,88,88,0.041525804784715285
lung,baseline,40000,98,94,94,0.28465177021367444
lung,baseline,40000,98,93,93,0.29014446001191513
lung,baseline,40000,98,92,92,0.30306981002827005
lung,baseline,40000,98,91,91,0.19246095720464457
lung,baseline,40000,98,87,87,0.271973153129463
lung,baseline,40000,98,85,85,0.286851689345538
lung,baseline,40000,98,97,97,0.020247403964596032
lung,baseline,40000,98,96,96,0.13861544304720708
lung,baseline,40000,98,93,93,0.152492793485879
lung,baseline,40000,98,88,88,0.06237495085921247
lung,baseline,40000,98,97,97,0.14630445814839763
lung,baseline,40000,98,95,95,0.029279951888329558
lung,baseline,40000,98,95,95,0.013812136198125985
lung,baseline,40000,98,94,94,0.1276598377470093
lung,baseline,40000,98,93,93,0.1678677433016163
lung,baseline,40000,98,91,91,0.028645134519517026
lung,baseline,40000,98,77,77,0.056409831346653734
lung,baseline,40000,98,96,96,0.06670747996835569
lung,baseline,40000,98,91,91,0.17119253827467423
lung,baseline,40000,98,90,90,0.15842790782175348
lung,baseline,40000,98,89,89,0.16812713601046173
lung,baseline,40000,98,89,89,0.16626212528600323
lung,baseline,40000,98,89,89,0.16594022461588817
lung,baseline,40000,98,82,82,0.1319131472419587
lung,baseline,40000,98,96,96,0.008853507300190714
lung,baseline,40000,98,96,96,0.1911464656538354
lung,baseline,40000,98,95,95,0.1515840960811534
lung,baseline,40000,98,93,93,0.019027708323764072
lung,baseline,40000,98,93,93,0.17699382282826398
lung,baseline,40000,98,90,90,0.15810924221235517
lung,baseline,40000,98,90,90,0.05778183930085974
lung,baseline,40000,98,97,97,0.013641712859984485
lung,baseline,40000,98,97,97,0.07355391023787017
lung,baseline,40000,98,97,97,0.04475726456031565
lung,baseline,40000,98,96,96,0.03270656190035229
lung,baseline,40000,98,96,96,0.019175062595791593
lung,baseline,40000,98,92,92,0.039153431885968516
lung,baseline,40000,98,97,97,0.019801574878680978
lung,baseline,40000,98,97,97,0.0045338899548415515
lung,baseline,40000,98,97,97,0.023189551358298276
lung,baseline,40000,98,97,97,0.13546729339104868
lung,baseline,40000,98,91,91,0.1869368316509451
lung,baseline,40000,98,90,90,0.1853864402255689
lung,baseline,40000,98,97,97,0.014617492171206403
lung,baseline,40000,98,97,97,0.007597074220711127
lung,baseline,40000,98,97,97,0.01474737106572487
lung,baseline,40000,98,97,97,0.008984884777390954
lung,baseline,40000,98,97,97,0.034863891548155425
lung,baseline,40000,98,97,97,0.00369802095184685
lung,baseline,40000,98,97,97,0.00713829219310762
lung,baseline,40000,98,97,97,0.01561449490646014
lung,baseline,40000,98,97,97,0.003964417092428422
lung,baseline,40000,98,97,97,0.03400454655844277
lung,baseline,40000,98,97,97,0.02932971370881343
lung,baseline,40000,98,97,97,0.010276198598076781
lung,baseline,40000,98,97,97,0.008798664216981639
lung,baseline,40000,98,96,96,0.013658632875847699
lung,baseline,40000,98,96,96,0.014900816298238603
lung,baseline,40000,98,95,95,0.015624500968737708
lung,baseline,40000,98,93,93,0.1165027256165828
lung,baseline,40000,98,91,91,0.015080266405734313
lung,baseline,40000,98,97,97,0.1283862155559312
lung,baseline,40000,98,97,97,0.03435838021168262
lung,baseline,40000,98,97,97,0.1396387393274794
lung,baseline,40000,98,88,88,0.03782063035784245
lung,baseline,40000,98,97,97,0.12568523310738022
lung,baseline,40000,98,97,97,0.159406011443733
lung,baseline,40000,98,94,94,0.10893059768169401
lung,baseline,40000,98,94,94,0.015324467818901065
lung,baseline,40000,98,97,97,0.11047470214440114
lung,baseline,40000,98,97,97,0.005697559764433782
lung,baseline,40000,98,96,96,0.012226234821633278
lung,baseline,40000,98,93,93,0.13519548914254062
lung,baseline,40000,98,97,97,0.16050500805335138
lung,baseline,40000,98,97,97,0.008621286298877042
lung,baseline,40000,98,97,97,0.017253068360477984
lung,baseline,40000,98,95,95,0.026050949240264208
lung,baseline,40000,98,95,95,0.10565117405967221
lung,baseline,40000,98,92,92,0.18169352624398144
lung,baseline,40000,98,97,97,0.04728874798160952
lung,baseline,40000,98,97,97,0.015291031534899404
lung,baseline,40000,98,97,97,0.1776166512257046
lung,baseline,40000,98,97,97,0.007900262349825295
lung,baseline,40000,98,93,93,0.20330421444832691
lung,baseline,40000,98,93,93,0.1494253394606934
lung,baseline,40000,98,90,90,0.14154163994080354
lung,baseline,40000,98,89,89,0.23795455595304188
lung,baseline,40000,98,89,89,0.241731905341028
lung,baseline,40000,98,87,87,0.23116836713422972
lung,baseline,40000,98,83,83,0.17608742382274806
lung,baseline,40000,98,83,83,0.2416712445367248
lung,baseline,40000,98,79,79,0.2057764788315021
lung,baseline,40000,98,97,97,0.008589683607263776
lung,baseline,40000,98,97,97,0.2630327468815762
lung,baseline,40000,98,97,97,0.011433440485759616
lung,baseline,40000,98,95,95,0.24577792496859616
lung,baseline,40000,98,92,92,0.29963393910591235
lung,baseline,40000,98,88,88,0.28168780427732826
lung,baseline,40000,98,97,97,0.15839395005524604
lung,baseline,40000,98,97,97,0.13719108984480483
lung,baseline,40000,98,97,97,0.13276523719608427
lung,baseline,40000,98,97,97,0.010553290151428973
lung,baseline,40000,98,97,97,0.01906611013716155
lung,baseline,40000,98,97,97,0.0045201768691953146
lung,baseline,40000,98,97,97,0.1435555362928401
lung,baseline,40000,98,94,94,0.04731842986171944
lung,baseline,40000,98,91,91,0.037805285722147586
lung,baseline,40000,98,97,97,0.13560098052408215
lung,baseline,40000,98,97,97,0.022752748941024102
lung,baseline,40000,98,96,96,0.04911208881686919
lung,baseline,40000,98,96,96,0.021481388325393643
lung,baseline,40000,98,92,92,0.18813963796848351
lung,baseline,40000,98,96,96,0.0167798261648503
lung,baseline,40000,98,93,93,0.17615078288521765
lung,baseline,40000,98,88,88,0.034586459297890594
lung,baseline,40000,98,86,86,0.14494579530412463
lung,baseline,40000,98,92,92,0.05902548414934306
lung,baseline,40000,98,91,91,0.16482572249924202
lung,baseline,40000,98,88,88,0.19058468468866943
lung,baseline,40000,98,87,87,0.06697635811792843
lung,baseline,40000,98,97,97,0.1616579876660311
lung,baseline,40000,98,97,97,0.1613024130806617
lung,baseline,40000,98,97,97,0.006268076396999888
lung,baseline,40000,98,97,97,0.05981478240070053
lung,baseline,40000,98,97,97,0.1483731405052523
lung,baseline,40000,98,96,96,0.02337309425477745
lung,baseline,40000,98,96,96,0.021679423296487848
lung,baseline,40000,98,95,95,0.02415304184370212
lung,baseline,40000,98,97,97,0.014926965728430316
lung,baseline,40000,98,96,96,0.13698005256889598
lung,baseline,40000,98,96,96,0.015463643648407596
lung,baseline,40000,98,93,93,0.17392382432789422
lung,baseline,40000,98,76,76,0.24797278192655578
lung,baseline,40000,98,69,69,0.2111099009950581
lung,baseline,40000,98,62,62,0.22556542232639623
lung,baseline,40000,98,37,37,0.24853534500289612
lung,baseline,40000,98,36,36,0.227448813537986
lung,baseline,40000,98,94,94,0.2200944336523284
lung,baseline,40000,98,88,88,0.23451939051791015
lung,baseline,40000,98,28,28,0.42191990394763196
lung,baseline,40000,98,97,97,0.151100252772165
lung,baseline,40000,98,96,96,0.018614278228566015
lung,baseline,40000,98,94,94,0.10551849233383447
lung,baseline,40000,98,92,92,0.16819614101367228
lung,baseline,40000,98,72,72,0.10540237559741149
lung,baseline,40000,98,95,95,0.019290547978206278
lung,baseline,40000,98,95,95,0.18434002222883245
lung,baseline,40000,98,93,93,0.17210443892841168
lung,baseline,40000,98,89,89,0.06510645814698514
lung,baseline,40000,98,97,97,0.010230119020575596
lung,baseline,40000,98,97,97,0.016595007424311796
lung,baseline,40000,98,97,97,0.06066428933972567
lung,baseline,40000,98,97,97,0.12640509387262014
lung,baseline,40000,98,97,97,0.14127917875617896
lung,baseline,40000,98,85,85,0.06462279046382899
lung,baseline,40000,98,97,97,0.25337108479914905
lung,baseline,40000,98,97,97,0.2659224584519931
lung,baseline,40000,98,92,92,0.25923659902133644
lung,baseline,40000,98,97,97,0.2407967555399749
lung,baseline,40000,98,97,97,0.2723383977514596
lung,baseline,40000,98,97,97,0.03169226670223887
lung,baseline,40000,98,97,97,0.22908750047357218
lung,baseline,40000,98,97,97,0.020732542078331855
lung,baseline,40000,98,97,97,0.006836794099143826
lung,baseline,40000,98,97,97,0.12154606966719156
lung,baseline,40000,98,93,93,0.13422799621886458
lung,baseline,40000,98,92,92,0.18626956138380693
lung,baseline,40000,98,28,28,0.3566515286448698
lung,baseline,40000,98,97,97,0.005078482572065704
lung,baseline,40000,98,97,97,0.1313714471276599
lung,baseline,40000,98,91,91,0.23853795624208443
lung,baseline,40000,98,97,97,0.1215492201149264
lung,baseline,40000,98,97,97,0.09750478744943425
lung,baseline,40000,98,97,97,0.014545722929086718
lung,baseline,40000,98,97,97,0.011294729968038746
lung,baseline,40000,98,97,97,0.037182316713672434
lung,baseline,40000,98,97,97,0.022837909581519506
lung,baseline,40000,98,97,97,0.025191291026240126
lung,baseline,40000,98,96,96,0.011751987880890621
lung,baseline,40000,98,96,96,0.02943773716108834
lung,baseline,40000,98,93,93,0.023689913079166607
lung,baseline,40000,98,92,92,0.04603426069696317
lung,baseline,40000,98,97,97,0.15771357004569864
lung,baseline,40000,98,96,96,0.1413041464828664
lung,baseline,40000,98,95,95,0.0420734704560175
lung,baseline,40000,98,92,92,0.1809629669103567
lung,baseline,40000,98,92,92,0.1756922034065111
lung,baseline,40000,98,90,90,0.18072210079389914
lung,baseline,40000,98,97,97,0.15512166384952844
lung,baseline,40000,98,97,97,0.01928429918417081
lung,baseline,40000,98,97,97,0.13295460430640854
lung,baseline,40000,98,97,97,0.049799815501333056
lung,baseline,40000,98,97,97,0.14283669488292236
lung,baseline,40000,98,96,96,0.008566175123955485
lung,baseline,40000,98,96,96,0.021939397854201237
lung,baseline,40000,98,93,93,0.12730242010101755
lung,baseline,40000,98,96,96,0.045384508358390085
lung,baseline,40000,98,93,93,0.14714470142184888
lung,baseline,40000,98,82,82,0.18039024230386316
lung,baseline,40000,98,97,97,0.005695875002474446
lung,baseline,40000,98,96,96,0.0839843567304937
lung,baseline,40000,98,95,95,0.06511621295463552
lung,baseline,40000,98,92,92,0.1584404107004257
lung,baseline,40000,98,96,96,0.010980941348757246
lung,baseline,40000,98,96,96,0.017539917712470463
lung,baseline,40000,98,96,96,0.023706965113116204
lung,baseline,40000,98,93,93,0.1422471509669526
lung,baseline,40000,98,95,95,0.2766656332426966
lung,baseline,40000,98,56,56,0.21931326106716456
lung,baseline,40000,98,97,97,0.0911695745180216
lung,baseline,40000,98,97,97,0.2875639179914313
lung,baseline,40000,98,95,95,0.17014925521565566
lung,baseline,40000,98,89,89,0.0754351059236666
lung,baseline,40000,98,94,94,0.2006490254655461
lung,baseline,40000,98,94,94,0.15206034968248122
lung,baseline,40000,98,94,94,0.21136181921794808
lung,baseline,40000,98,90,90,0.23620413430448353
lung,baseline,40000,98,90,90,0.18625413517521308
lung,baseline,40000,98,88,88,0.24630220023845278
lung,baseline,40000,98,95,95,0.10900940354737348
lung,baseline,40000,98,94,94,0.027852357049037366
lung,baseline,40000,98,94,94,0.16067551706351169
lung,baseline,40000,98,92,92,0.1671184108236724
lung,baseline,40000,98,87,87,0.07136412406001823
lung,baseline,40000,98,97,97,0.026553645833531685
lung,baseline,40000,98,93,93,0.14865610295744464
lung,baseline,40000,98,87,87,0.12063439651021035
lung,baseline,40000,98,80,80,0.11908536619377977
lung,baseline,40000,98,97,97,0.15690181181975277
lung,baseline,40000,98,95,95,0.15305170707884463
lung,baseline,40000,98,89,89,0.056911884651760856
lung,baseline,40000,98,86,86,0.06182895985737928
lung,baseline,40000,98,81,81,0.19595267441938838
lung,baseline,40000,98,79,79,0.24273021002004339
lung,baseline,40000,98,28,28,0.34992298969063373
lung,baseline,40000,98,97,97,0.018579414084577892
lung,baseline,40000,98,97,97,0.10427301397766174
lung,baseline,40000,98,97,97,0.027063879148619324
lung,baseline,40000,98,97,97,0.13243239226162717
lung,baseline,40000,98,95,95,0.018638689915297157
lung,baseline,40000,98,91,91,0.043673205588926116
lung,baseline,40000,98,97,97,0.0145659107917978
lung,baseline,40000,98,97,97,0.007697460417099496
lung,baseline,40000,98,97,97,0.010207074666916739
lung,baseline,40000,98,97,97,0.11727243414912805
lung,baseline,40000,98,93,93,0.14949238905639475
lung,baseline,40000,98,97,97,0.016854255481508925
lung,baseline,40000,98,95,95,0.014160829188994806
lung,baseline,40000,98,92,92,0.16299079524441423
lung,baseline,40000,98,97,97,0.01618186930775453
lung,baseline,40000,98,97,97,0.005586128635003382
lung,baseline,40000,98,97,97,0.014861464340073386
lung,baseline,40000,98,96,96,0.0534058469774171
lung,baseline,40000,98,93,93,0.16819117595335256
lung,baseline,40000,98,92,92,0.13761937416191267
lung,baseline,40000,98,90,90,0.14160311230975958
lung,baseline,40000,98,85,85,0.05280435715945465
lung,baseline,40000,98,97,97,0.2599432870218894
lung,baseline,40000,98,97,97,0.007579008462206035
lung,baseline,40000,98,92,92,0.2862274796188167
lung,baseline,40000,98,85,85,0.18409744240690146
lung,baseline,40000,98,78,78,0.16371965219383705
lung,baseline,40000,98,62,62,0.17210123195856436
lung,baseline,40000,98,97,97,0.007750669777568879
lung,baseline,40000,98,95,95,0.1498224060575387
lung,baseline,40000,98,95,95,0.14020098631742878
lung,baseline,40000,98,93,93,0.1714857378915745
lung,baseline,40000,98,77,77,0.056264227953631805
lung,baseline,40000,98,96,96,0.2362231730272101
lung,baseline,40000,98,96,96,0.2094727472429373
lung,baseline,40000,98,96,96,0.1276363394794008
lung,baseline,40000,98,96,96,0.2620709722160768
lung,baseline,40000,98,95,95,0.2632970293933467
lung,baseline,40000,98,94,94,0.17041894218927536
lung,baseline,40000,98,92,92,0.23668511329589592
lung,baseline,40000,98,96,96,0.20739314399370246
lung,baseline,40000,98,96,96,0.14242444835800636
lung,baseline,40000,98,96,96,0.1911559748273286
lung,baseline,40000,98,96,96,0.08813654069885739
lung,baseline,40000,98,95,95,0.19160367830345837
lung,baseline,40000,98,92,92,0.19094884437270582
lung,baseline,40000,98,89,89,0.2185891501133359
lung,baseline,40000,98,88,88,0.13345946210053677
lung,baseline,40000,98,93,93,0.17242879398742392
lung,baseline,40000,98,87,87,0.20173624019248304
lung,baseline,40000,98,86,86,0.05206916497311274
lung,baseline,40000,98,69,69,0.1689711637799538
lung,baseline,40000,98,19,19,0.3992173067169442
lung,baseline,40000,98,97,97,0.008891426733746467
lung,baseline,40000,98,97,97,0.009311912545855209
lung,baseline,40000,98,95,95,0.0291075753308285
lung,baseline,40000,98,94,94,0.019890442443186024
lung,baseline,40000,98,92,92,0.15383634420215753
lung,baseline,40000,98,62,62,0.21825659275137188
lung,baseline,40000,98,43,43,0.32110495983379655
lung,baseline,40000,98,39,39,0.3260863086876121
lung,baseline,40000,98,28,28,0.4357939635601363
lung,baseline,40000,98,97,97,0.12070338981582801
lung,baseline,40000,98,97,97,0.1583471862711628
lung,baseline,40000,98,94,94,0.10518982560591549
lung,baseline,40000,98,97,97,0.14973323277373415
lung,baseline,40000,98,95,95,0.02764103307670275
lung,baseline,40000,98,93,93,0.17271138961468752
lung,baseline,40000,98,97,97,0.1360097853106862
lung,baseline,40000,98,93,93,0.15930126184723306
lung,baseline,40000,98,91,91,0.15765883694950275
lung,baseline,40000,98,90,90,0.057588231087726774
lung,baseline,40000,98,83,83,0.17332573734975099
lung,baseline,40000,98,79,79,0.07587093648950137
lung,baseline,40000,98,77,77,0.11610497282743049
lung,baseline,40000,98,97,97,0.008098621489063602
lung,baseline,40000,98,97,97,0.024113306568065627
lung,baseline,40000,98,97,97,0.1568354126148833
lung,baseline,40000,98,97,97,0.011025693550546518
lung,baseline,40000,98,97,97,0.03213544721871535
lung,baseline,40000,98,97,97,0.005819410543973328
lung,baseline,40000,98,97,97,0.007161441820720033
lung,baseline,40000,98,96,96,0.012156803551475482
lung,baseline,40000,98,96,96,0.008977342849574977
lung,baseline,40000,98,96,96,0.008524589939684763
lung,baseline,40000,98,96,96,0.022145882145501172
lung,baseline,40000,98,95,95,0.012542610375142328
lung,baseline,40000,98,94,94,0.015627060488361395
lung,baseline,40000,98,94,94,0.025156065282353972
lung,baseline,40000,98,94,94,0.10770018410798417
lung,baseline,40000,98,97,97,0.013258599962496119
lung,baseline,40000,98,95,95,0.023173521543446096
lung,baseline,40000,98,97,97,0.2989193822604009
lung,baseline,40000,98,97,97,0.25725376534379896
lung,baseline,40000,98,93,93,0.2820246834362009
lung,baseline,40000,98,97,97,0.11530235443186697
lung,baseline,40000,98,94,94,0.12156219399035287
lung,baseline,40000,98,93,93,0.1580231613424368
lung,baseline,40000,98,92,92,0.20553815904773898
lung,baseline,40000,98,91,91,0.18154819056819116
lung,baseline,40000,98,91,91,0.1606802303459727
lung,baseline,40000,98,91,91,0.18059860097966762
lung,baseline,40000,98,90,90,0.17907166993157825
lung,baseline,40000,98,90,90,0.15077871612201388
lung,baseline,40000,98,89,89,0.1886189578642195
lung,baseline,40000,98,79,79,0.07857809069682699
lung,baseline,40000,98,97,97,0.024016399368480348
lung,baseline,40000,98,96,96,0.15518774939127822
lung,baseline,40000,98,96,96,0.10222352713640359
lung,baseline,40000,98,96,96,0.16819903144487647
lung,baseline,40000,98,94,94,0.07027993643049775
lung,baseline,40000,98,97,97,0.14875405468505876
lung,baseline,40000,98,97,97,0.17216114971068394
lung,baseline,40000,98,93,93,0.14365130579578408
lung,baseline,40000,98,97,97,0.08314687024335243
lung,baseline,40000,98,89,89,0.06466836331533854
lung,baseline,40000,98,92,92,0.18099676241253645
lung,baseline,40000,98,79,79,0.22229190678222582
lung,baseline,40000,98,28,28,0.3376615759853783
lung,baseline,40000,98,92,92,0.3064999316417661
lung,baseline,40000,98,92,92,0.3148591002349857
lung,baseline,40000,98,92,92,0.27350351554594293
lung,baseline,40000,98,92,92,0.30878207770566724
lung,baseline,40000,98,91,91,0.30115243327124347
lung,baseline,40000,98,89,89,0.31014184440938175
lung,baseline,40000,98,83,83,0.3056535738643047
lung,baseline,40000,98,74,74,0.31898876014231675
lung,baseline,40000,98,97,97,0.0474133758475584
lung,baseline,40000,98,97,97,0.07967230751600303
lung,baseline,40000,98,97,97,0.026137395747993238
lung,baseline,40000,98,96,96,0.006316941838924714
lung,baseline,40000,98,89,89,0.04729722032860567
lung,baseline,40000,98,97,97,0.16748595254934243
lung,baseline,40000,98,97,97,0.16008712420983529
lung,baseline,40000,98,97,97,0.05183781998997194
lung,baseline,40000,98,96,96,0.024990580320609645
lung,baseline,40000,98,96,96,0.1576064495671649
lung,baseline,40000,98,96,96,0.020807809844429873
lung,baseline,40000,98,96,96,0.16039468783619668
lung,baseline,40000,98,93,93,0.14704350201056618
lung,baseline,40000,98,79,79,0.15664751829594994
lung,baseline,40000,98,97,97,0.14661248780938177
lung,baseline,40000,98,96,96,0.01038481361609092
lung,baseline,40000,98,95,95,0.02207891780324192
lung,baseline,40000,98,94,94,0.16973519742119542
lung,baseline,40000,98,87,87,0.06170862299956525
lung,baseline,40000,98,97,97,0.02412963817883518
lung,baseline,40000,98,97,97,0.0074007190386815545
lung,baseline,40000,98,92,92,0.15830041657765223
lung,baseline,40000,98,97,97,0.2542939308606031
lung,baseline,40000,98,92,92,0.2725666668720726
lung,baseline,40000,98,78,78,0.2174851748129531
lung,baseline,40000,98,77,77,0.22115761000568077
lung,baseline,40000,98,97,97,0.008232475914427903
lung,baseline,40000,98,97,97,0.13603119250430898
lung,baseline,40000,98,97,97,0.024442286880337182
lung,baseline,40000,98,93,93,0.17342007654686348
lung,baseline,40000,98,89,89,0.04506280903289534
lung,baseline,40000,98,90,90,0.1810388721955373
lung,baseline,40000,98,87,87,0.08748440385112864
lung,baseline,40000,98,86,86,0.25203964239355925
lung,baseline,40000,98,81,81,0.2558809849141851
lung,baseline,40000,98,88,88,0.2526366049591586
lung,baseline,40000,98,87,87,0.242425268225108
lung,baseline,40000,98,79,79,0.279872298553922
lung,baseline,40000,98,56,56,0.2205001367932358
lung,baseline,40000,98,43,43,0.30489352122174274
lung,baseline,40000,98,39,39,0.2909459702418146
lung,baseline,40000,98,28,28,0.4052084087081322
lung,baseline,40000,98,14,14,0.3196632191963599
lung,baseline,40000,98,92,92,0.07020898695881524
lung,baseline,40000,98,20,20,0.5499131865283845
lung,baseline,40000,98,97,97,0.08165396933208262
lung,baseline,40000,98,97,97,0.011714990505856714
lung,baseline,40000,98,96,96,0.06159286664402863
lung,baseline,40000,98,95,95,0.01762274594456803
lung,baseline,40000,98,95,95,0.014721580193690808
lung,baseline,40000,98,92,92,0.021509206504681178
lung,baseline,40000,98,93,93,0.26015141418858945
lung,baseline,40000,98,90,90,0.26553121119836615
lung,baseline,40000,98,88,88,0.30326593590064865
lung,baseline,40000,98,87,87,0.08828702624192256
lung,baseline,40000,98,87,87,0.28322576610390954
lung,baseline,40000,98,83,83,0.28209748012291774
lung,baseline,40000,98,95,95,0.16121302379529204
lung,baseline,40000,98,94,94,0.20886677121027608
lung,baseline,40000,98,92,92,0.21395662449157815
lung,baseline,40000,98,88,88,0.26555572822207285
lung,baseline,40000,98,79,79,0.2907025231320007
lung,baseline,40000,98,97,97,0.257046786235731
lung,baseline,40000,98,95,95,0.028688061005159797
lung,baseline,40000,98,93,93,0.2386981874126484
lung,baseline,40000,98,97,97,0.2591688243036697
lung,baseline,40000,98,97,97,0.0666941939222964
lung,baseline,40000,98,97,97,0.07959048208337181
lung,baseline,40000,98,96,96,0.032454618379761435
lung,baseline,40000,98,97,97,0.25641398968668616
lung,baseline,40000,98,97,97,0.006154244367813888
lung,baseline,40000,98,92,92,0.2876789400753797
lung,baseline,40000,98,97,97,0.008661556689785788
lung,baseline,40000,98,95,95,0.06682054637941504
lung,baseline,40000,98,87,87,0.15162780496562644
lung,baseline,40000,98,97,97,0.13214518637214637
lung,baseline,40000,98,97,97,0.017972619441349667
lung,baseline,40000,98,97,97,0.1425744518655488
lung,baseline,40000,98,96,96,0.020353934901518673
lung,baseline,40000,98,94,94,0.03958627856520114
lung,baseline,40000,98,87,87,0.04215964554393002
lung,baseline,40000,98,75,75,0.20773355306163882
lung,baseline,40000,98,97,97,0.011224281090069331
lung,baseline,40000,98,96,96,0.1354021087996247
lung,baseline,40000,98,92,92,0.17844572548622353
lung,baseline,40000,98,97,97,0.24311350478833144
lung,baseline,40000,98,97,97,0.20071749273402864
lung,baseline,40000,98,97,97,0.23907250893186757
lung,baseline,40000,98,96,96,0.006626193465471201
lung,baseline,40000,98,97,97,0.24476748886920432
lung,baseline,40000,98,97,97,0.02660874281577796
lung,baseline,40000,98,97,97,0.14921630529285745
lung,baseline,40000,98,96,96,0.2091813752700162
lung,baseline,40000,98,93,93,0.2740873633547053
lung,baseline,40000,98,93,93,0.1648429653594128
lung,baseline,40000,98,97,97,0.017379480344583986
lung,baseline,40000,98,97,97,0.2750264744040739
lung,baseline,40000,98,95,95,0.26218420892955535
lung,baseline,40000,98,93,93,0.2856907563717222
lung,baseline,40000,98,97,97,0.1572183041342496
lung,baseline,40000,98,97,97,0.09717483997321204
lung,baseline,40000,98,97,97,0.01992319149715928
lung,baseline,40000,98,95,95,0.02496329268621679
lung,baseline,40000,98,95,95,0.01787548137471768
lung,baseline,40000,98,94,94,0.017339452561390703
lung,baseline,40000,98,94,94,0.02957724422724094
lung,baseline,40000,98,94,94,0.01668622934822023
lung,baseline,40000,98,93,93,0.039780503648606906
lung,baseline,40000,98,97,97,0.032830488746473055
lung,baseline,40000,98,96,96,0.14262611053063234
lung,baseline,40000,98,93,93,0.15036876632519963
lung,baseline,40000,98,97,97,0.025839476401553232
lung,baseline,40000,98,96,96,0.06613577387494517
lung,baseline,40000,98,94,94,0.08868171545201671
lung,baseline,40000,98,94,94,0.02358657825848789
lung,baseline,40000,98,92,92,0.17500522222376153
lung,baseline,40000,98,90,90,0.10832923839994336
lung,baseline,40000,98,87,87,0.09507348255141487
lung,baseline,40000,98,92,92,0.13439425799519042
lung,baseline,40000,98,92,92,0.16109667290632396
lung,baseline,40000,98,92,92,0.13930329089657595
lung,baseline,40000,98,89,89,0.14310919572447875
lung,baseline,40000,98,83,83,0.14570329833215567
lung,baseline,40000,98,74,74,0.16409588282400392
lung,baseline,40000,98,43,43,0.23758942173394954
lung,baseline,40000,98,39,39,0.2428932069667452
lung,baseline,40000,98,96,96,0.00825301296798995
lung,baseline,40000,98,96,96,0.0190188223827514
lung,baseline,40000,98,96,96,0.0189008045225532
lung,baseline,40000,98,96,96,0.19705867921211592
lung,baseline,40000,98,96,96,0.07277987901111738
lung,baseline,40000,98,92,92,0.14875102238820007
lung,baseline,40000,98,91,91,0.19177477556476955
lung,baseline,40000,98,84,84,0.1696280404358106
lung,baseline,40000,98,80,80,0.2036736823179725
lung,baseline,40000,98,97,97,0.010905728644298158
lung,baseline,40000,98,93,93,0.1925009795667073
lung,baseline,40000,98,90,90,0.1343960372860956
lung,baseline,40000,98,88,88,0.033951311343671194
lung,baseline,40000,98,40,40,0.29039223006840753
lung,baseline,40000,98,39,39,0.32565171560637796
lung,baseline,40000,98,37,37,0.2777492859473694
lung,baseline,40000,98,36,36,0.27324808430716424
lung,baseline,40000,98,28,28,0.37798988830179775
lung,baseline,40000,98,97,97,0.12070446082487715
lung,baseline,40000,98,96,96,0.009894635558768343
lung,baseline,40000,98,93,93,0.14992039926836817
lung,baseline,40000,98,97,97,0.08342017921343577
lung,baseline,40000,98,97,97,0.003747732616051908
lung,baseline,40000,98,97,97,0.0068431627832386665
lung,baseline,40000,98,97,97,0.19785945065975677
lung,baseline,40000,98,97,97,0.15256939960832555
lung,baseline,40000,98,89,89,0.16369722265617187
lung,baseline,40000,98,87,87,0.18129817295607822
lung,baseline,40000,98,88,88,0.15992835948192197
lung,baseline,40000,98,85,85,0.0939516857010306
lung,baseline,40000,98,78,78,0.06569583938686827
lung,baseline,40000,98,75,75,0.176602082225783
lung,baseline,40000,98,97,97,0.15423103562159235
lung,baseline,40000,98,97,97,0.02508821819000785
lung,baseline,40000,98,96,96,0.10461009186766679
lung,baseline,40000,98,96,96,0.03512105383995976
lung,baseline,40000,98,94,94,0.07013508940183405
lung,baseline,40000,98,92,92,0.1756994473882986
lung,baseline,40000,98,96,96,0.208421982293138
lung,baseline,40000,98,96,96,0.20624976760443023
lung,baseline,40000,98,96,96,0.07500968223763553
lung,baseline,40000,98,96,96,0.128864298653834
lung,baseline,40000,98,95,95,0.23303542885916215
lung,baseline,40000,98,95,95,0.22214512087855054
lung,baseline,40000,98,92,92,0.23222127901439296
lung,baseline,40000,98,92,92,0.22403123559687793
lung,baseline,40000,98,92,92,0.2777275991538172
lung,baseline,40000,98,91,91,0.2523042050764119
lung,baseline,40000,98,91,91,0.2328485026916967
lung,baseline,40000,98,91,91,0.23990464320018476
lung,baseline,40000,98,95,95,0.2957044223489834
lung,baseline,40000,98,92,92,0.3000464648618771
lung,baseline,40000,98,91,91,0.2627612345023883
lung,baseline,40000,98,88,88,0.2736533356440827
lung,baseline,40000,98,56,56,0.18580614575914517
lung,baseline,40000,98,97,97,0.01634001725986793
lung,baseline,40000,98,97,97,0.028376968742689215
lung,baseline,40000,98,97,97,0.13305645539423375
lung,baseline,40000,98,97,97,0.004827834936776819
lung,baseline,40000,98,97,97,0.13499801205947543
lung,baseline,40000,98,96,96,0.009012303649523322
lung,baseline,40000,98,92,92,0.19607781488793957
lung,baseline,40000,98,79,79,0.2455511919651312
lung,baseline,40000,98,28,28,0.33883304303565126
lung,baseline,40000,98,97,97,0.03688985271436738
lung,baseline,40000,98,93,93,0.155164125842507
lung,baseline,40000,98,90,90,0.1326031269309737
lung,baseline,40000,98,82,82,0.15431973603715413
lung,baseline,40000,98,97,97,0.005627379136493288
lung,baseline,40000,98,97,97,0.025823942457128914
lung,baseline,40000,98,92,92,0.1744034726195432
lung,baseline,40000,98,89,89,0.06238108453065279
lung,baseline,40000,98,87,87,0.09120447104007694
lung,baseline,40000,98,80,80,0.08864024399266997
lung,baseline,40000,98,97,97,0.13531659267710036
lung,baseline,40000,98,97,97,0.1614118374489149
lung,baseline,40000,98,97,97,0.0357545206327778
lung,baseline,40000,98,79,79,0.07942358775336104
lung,baseline,40000,98,92,92,0.16506808244609597
lung,baseline,40000,98,89,89,0.2084690456401824
lung,baseline,40000,98,89,89,0.2207136751270897
lung,baseline,40000,98,87,87,0.20846217768509925
lung,baseline,40000,98,87,87,0.0743867643077871
lung,baseline,40000,98,75,75,0.2371567237534319
lung,baseline,40000,98,97,97,0.2708906155744021
lung,baseline,40000,98,95,95,0.23616894858002407
lung,baseline,40000,98,92,92,0.2371647488042545
lung,baseline,40000,98,91,91,0.26202399852666725
lung,baseline,40000,98,91,91,0.2604507953129738
lung,baseline,40000,98,90,90,0.2742999701719347
lung,baseline,40000,98,97,97,0.1337838654695736
lung,baseline,40000,98,97,97,0.10477279639488048
lung,baseline,40000,98,97,97,0.008754151026335831
lung,baseline,40000,98,97,97,0.007687667406481495
lung,baseline,40000,98,97,97,0.010077738908585624
lung,baseline,40000,98,96,96,0.008330267009094828
lung,baseline,40000,98,97,97,0.1553570272040925
lung,baseline,40000,98,97,97,0.00578043223805185
lung,baseline,40000,98,94,94,0.12796801905288063
lung,baseline,40000,98,94,94,0.023038419027797276
lung,baseline,40000,98,93,93,0.16809249335743745
lung,baseline,40000,98,87,87,0.10771511611738582
lung,baseline,40000,98,92,92,0.17815678820638386
lung,baseline,40000,98,79,79,0.2210021485488133
lung,baseline,40000,98,68,68,0.13158274646498191
lung,baseline,40000,98,43,43,0.28637883164518463
lung,baseline,40000,98,39,39,0.2682333741572508
lung,baseline,40000,98,28,28,0.33705355192689995
lung,baseline,40000,98,19,19,0.4015598167372147
lung,baseline,40000,98,28,28,0.31196160324235966
lung,baseline,40000,98,97,97,0.04977219729225538
lung,baseline,40000,98,97,97,0.1745722401697386
lung,baseline,40000,98,97,97,0.010534507858101788
lung,baseline,40000,98,96,96,0.15569014237131024
lung,baseline,40000,98,93,93,0.147992785924112
lung,baseline,40000,98,92,92,0.24241273285305506
lung,baseline,40000,98,92,92,0.20371946088782558
lung,baseline,40000,98,97,97,0.012362057323775258
lung,baseline,40000,98,97,97,0.014768774717678254
lung,baseline,40000,98,97,97,0.14073732537791292
lung,baseline,40000,98,97,97,0.13370362866159294
lung,baseline,40000,98,96,96,0.021570048477878568
lung,baseline,40000,98,95,95,0.00948266120481134
lung,baseline,40000,98,86,86,0.0615614327911537
lung,baseline,40000,98,97,97,0.017038745500925365
lung,baseline,40000,98,93,93,0.17258753263230245
lung,baseline,40000,98,90,90,0.13176636373789782
lung,baseline,40000,98,97,97,0.0070538075063343
lung,baseline,40000,98,93,93,0.1300312009362226
lung,baseline,40000,98,91,91,0.18971194736945232
lung,baseline,40000,98,89,89,0.11673799915828637
lung,baseline,40000,98,88,88,0.17039712782330574
lung,baseline,40000,98,88,88,0.18072393386675237
lung,baseline,40000,98,83,83,0.20127895692635628
lung,baseline,40000,98,95,95,0.12771790427707852
lung,baseline,40000,98,94,94,0.12797062727976205
lung,baseline,40000,98,93,93,0.14683929713137328
lung,baseline,40000,98,92,92,0.03503685961559661
lung,baseline,40000,98,89,89,0.04632274473896218
lung,baseline,40000,98,97,97,0.04066745172442097
lung,baseline,40000,98,97,97,0.015478702468609004
lung,baseline,40000,98,97,97,0.16132827032242567
lung,baseline,40000,98,96,96,0.016458713995435637
lung,baseline,40000,98,95,95,0.13459912572919552
lung,baseline,40000,98,93,93,0.17458607033844858
lung,baseline,40000,98,94,94,0.0185390066155898
lung,baseline,40000,98,93,93,0.1362006798392171
lung,baseline,40000,98,90,90,0.1380123324940002
lung,baseline,40000,98,90,90,0.19193149102344514
lung,baseline,40000,98,89,89,0.04437034093966041
lung,baseline,40000,98,84,84,0.20069274187003242
lung,baseline,40000,98,83,83,0.1797619261923604
lung,baseline,40000,98,69,69,0.18894975246084478
lung,baseline,40000,98,68,68,0.16891619600751517
lung,baseline,40000,98,97,97,0.1550249523767876
lung,baseline,40000,98,97,97,0.10621987091683446
lung,baseline,40000,98,93,93,0.03683689600567147
lung,baseline,40000,98,72,72,0.10522001386923568
lung,baseline,40000,98,97,97,0.23427756146436524
lung,baseline,40000,98,97,97,0.2780388094140024
lung,baseline,40000,98,92,92,0.2658350263270298
lung,baseline,40000,98,97,97,0.08393011031536587
lung,baseline,40000,98,97,97,0.008884692905125889
lung,baseline,40000,98,93,93,0.022038991363041993
lung,baseline,40000,98,97,97,0.04346610197609543
lung,baseline,40000,98,97,97,0.009944305818456808
lung,baseline,40000,98,97,97,0.008956566652603377
lung,baseline,40000,98,93,93,0.17255079036125479
lung,baseline,40000,98,92,92,0.14542080364917556
lung,baseline,40000,98,90,90,0.1562517547952327
lung,baseline,40000,98,97,97,0.12632118933188222
lung,baseline,40000,98,97,97,0.1378665935580398
lung,baseline,40000,98,97,97,0.1966721390971373
lung,baseline,40000,98,97,97,0.03850898115529898
lung,baseline,40000,98,97,97,0.15515896983835326
lung,baseline,40000,98,97,97,0.03571995457860824
lung,baseline,40000,98,95,95,0.11459480162492874
lung,baseline,40000,98,95,95,0.07373396814633888
lung,baseline,40000,98,94,94,0.030870839407458488
lung,baseline,40000,98,94,94,0.07436430986445938
lung,baseline,40000,98,94,94,0.07398227526280987
lung,baseline,40000,98,92,92,0.1738555814136744
lung,baseline,40000,98,88,88,0.053464764422905285
lung,baseline,40000,98,97,97,0.18131995278112678
lung,baseline,40000,98,97,97,0.12976447464606816
lung,baseline,40000,98,92,92,0.19345875394561257
lung,baseline,40000,98,90,90,0.13293618846740238
lung,baseline,40000,98,88,88,0.1283250580069823
lung,baseline,40000,98,95,95,0.08211401111648747
lung,baseline,40000,98,92,92,0.12698632220833156
lung,baseline,40000,98,92,92,0.24201663719420372
lung,baseline,40000,98,92,92,0.244025607428221
lung,baseline,40000,98,91,91,0.27434701395866706
lung,baseline,40000,98,91,91,0.18107614133687014
lung,baseline,40000,98,89,89,0.18468192774160488
lung,baseline,40000,98,88,88,0.23461176360096345
lung,baseline,40000,98,87,87,0.17861704171715118
lung,baseline,40000,98,96,96,0.23878628353707962
lung,baseline,40000,98,96,96,0.22598788581580687
lung,baseline,40000,98,95,95,0.23321973470679497
lung,baseline,40000,98,93,93,0.21965263604674803
lung,baseline,40000,98,92,92,0.24186099410309989
lung,baseline,40000,98,90,90,0.2185139084371906
lung,baseline,40000,98,89,89,0.23203743146057565
lung,baseline,40000,98,79,79,0.23281689183519286
lung,baseline,40000,98,97,97,0.1878671544211449
lung,baseline,40000,98,96,96,0.005590832693038887
lung,baseline,40000,98,93,93,0.17831997001582697
lung,baseline,40000,98,97,97,0.1331393586200185
lung,baseline,40000,98,95,95,0.026681991618744415
lung,baseline,40000,98,91,91,0.18369492493159134
lung,baseline,40000,98,91,91,0.1815661781982677
lung,baseline,40000,98,89,89,0.1294051218524683
lung,baseline,40000,98,95,95,0.13636072350660527
lung,baseline,40000,98,87,87,0.06676339145634967
lung,baseline,40000,98,86,86,0.17000792870340725
lung,baseline,40000,98,86,86,0.17957902793210265
lung,baseline,40000,98,77,77,0.05528748235953867
lung,baseline,40000,98,97,97,0.19513726441765675
lung,baseline,40000,98,97,97,0.12191150807032625
lung,baseline,40000,98,96,96,0.08183893297347583
lung,baseline,40000,98,95,95,0.04586298091528594
lung,baseline,40000,98,92,92,0.1835886684618199
lung,baseline,40000,98,97,97,0.17190390256768381
lung,baseline,40000,98,97,97,0.019122030665157552
lung,baseline,40000,98,96,96,0.020556971358640153
lung,baseline,40000,98,96,96,0.1621296447532278
lung,baseline,40000,98,93,93,0.20655397206314807
lung,baseline,40000,98,97,97,0.02974083879379363
lung,baseline,40000,98,97,97,0.014182513486173665
lung,baseline,40000,98,97,97,0.005965341880715557
lung,baseline,40000,98,97,97,0.014480028770896184
lung,baseline,40000,98,97,97,0.010082329750756848
lung,baseline,40000,98,97,97,0.12276787648423569
lung,baseline,40000,98,97,97,0.01736506312309766
lung,baseline,40000,98,97,97,0.005319042805229771
lung,baseline,40000,98,97,97,0.017449725115973518
lung,baseline,40000,98,97,97,0.010371740384620803
lung,baseline,40000,98,97,97,0.006954851056060129
lung,baseline,40000,98,97,97,0.022910957157082214
lung,baseline,40000,98,97,97,0.033922569058849224
lung,baseline,40000,98,97,97,0.009090020077335798
lung,baseline,40000,98,97,97,0.012969570260576258
lung,baseline,40000,98,96,96,0.010537861184749857
lung,baseline,40000,98,96,96,0.007036189364410132
lung,baseline,40000,98,96,96,0.007556544478717943
lung,baseline,40000,98,95,95,0.028229962624924627
lung,baseline,40000,98,95,95,0.0159047165130363
lung,baseline,40000,98,94,94,0.026527370308856914
lung,baseline,40000,98,94,94,0.10139453853522674
lung,baseline,40000,98,97,97,0.014664257055963012
lung,baseline,40000,98,95,95,0.09280093799201561
lung,baseline,40000,98,94,94,0.0196849725791599
lung,baseline,40000,98,93,93,0.019842646819525248
lung,baseline,40000,98,92,92,0.15816335113969257
lung,baseline,40000,98,88,88,0.09459941843836442
lung,baseline,40000,98,97,97,0.09787480072253292
lung,baseline,40000,98,96,96,0.050079578986473895
lung,baseline,40000,98,95,95,0.2645925746342044
lung,baseline,40000,98,94,94,0.30555976285036024
lung,baseline,40000,98,93,93,0.2833507623437983
lung,baseline,40000,98,92,92,0.29561634384327345
lung,baseline,40000,98,56,56,0.18258812300641988
lung,baseline,40000,98,56,56,0.27680348734455434
lung,baseline,40000,98,43,43,0.3233903622982004
lung,baseline,40000,98,39,39,0.30478129985182395
lung,baseline,40000,98,28,28,0.3329315155644565
lung,baseline,40000,98,87,87,0.24708016204982666
lung,baseline,40000,98,87,87,0.2179880247956612
lung,baseline,40000,98,84,84,0.23677794951166722
lung,baseline,40000,98,72,72,0.16801828893639587
lung,baseline,40000,98,43,43,0.31332650149894103
lung,baseline,40000,98,95,95,0.026085257615103448
lung,baseline,40000,98,94,94,0.03924105239382109
lung,baseline,40000,98,92,92,0.18937783065215286
lung,baseline,40000,98,92,92,0.14661852643189513
lung,baseline,40000,98,92,92,0.142393016854625
lung,baseline,40000,98,91,91,0.14476908902632882
lung,baseline,40000,98,91,91,0.1376455081068848
lung,baseline,40000,98,86,86,0.034943161041900865
lung,baseline,40000,98,97,97,0.15701379150956227
lung,baseline,40000,98,93,93,0.1798844363216453
lung,baseline,40000,98,90,90,0.14405863226295737
lung,baseline,40000,98,89,89,0.05403724865159114
lung,baseline,40000,98,86,86,0.055279726407146255
lung,baseline,40000,98,97,97,0.009059801120093573
lung,baseline,40000,98,95,95,0.08787972530779192
lung,baseline,40000,98,92,92,0.1650024847147589
lung,baseline,40000,98,97,97,0.008238374713991182
lung,baseline,40000,98,96,96,0.03906925749775902
lung,baseline,40000,98,96,96,0.014945254314772746
lung,baseline,40000,98,91,91,0.17325551286427035
lung,baseline,40000,98,90,90,0.15716250920200994
lung,baseline,40000,98,97,97,0.007108446287280454
lung,baseline,40000,98,97,97,0.008692058020014298
lung,baseline,40000,98,97,97,0.010911269826003118
lung,baseline,40000,98,93,93,0.1720716625489278
lung,baseline,40000,98,97,97,0.13272210713791882
lung,baseline,40000,98,95,95,0.04094553860078348
lung,baseline,40000,98,91,91,0.25984795209086414
lung,baseline,40000,98,91,91,0.19183111622785567
lung,baseline,40000,98,91,91,0.1901239561015353
lung,baseline,40000,98,87,87,0.19312091788420527
lung,baseline,40000,98,91,91,0.17411977207417823
lung,baseline,40000,98,85,85,0.08724056198208925
lung,baseline,40000,98,78,78,0.06103782766409529
lung,baseline,40000,98,97,97,0.07703273113923119
lung,baseline,40000,98,94,94,0.22586294296236376
lung,baseline,40000,98,93,93,0.2688739425513504
lung,baseline,40000,98,90,90,0.26280394271055363
lung,baseline,40000,98,88,88,0.17454317788992219
lung,baseline,40000,98,56,56,0.20896803338344866
lung,baseline,40000,98,40,40,0.21738776399813003
lung,baseline,40000,98,39,39,0.25812294211613224
lung,baseline,40000,98,28,28,0.3029580300418055
lung,baseline,40000,98,72,72,0.09920740418004242
lung,baseline,40000,98,43,43,0.280390124519311
lung,baseline,40000,98,39,39,0.2793656967417758
lung,baseline,40000,98,97,97,0.008963750718925172
lung,baseline,40000,98,97,97,0.0129775273041515
lung,baseline,40000,98,96,96,0.1324184461982355
lung,baseline,40000,98,96,96,0.18301386564786323
lung,baseline,40000,98,92,92,0.17060617469580902
lung,baseline,40000,98,97,97,0.24523133234312883
lung,baseline,40000,98,97,97,0.2882983507948926
lung,baseline,40000,98,95,95,0.0245256512629978
lung,baseline,40000,98,95,95,0.036560882295563535
lung,baseline,40000,98,97,97,0.05114373070728823
lung,baseline,40000,98,97,97,0.1914940754851155
lung,baseline,40000,98,95,95,0.16501762079206692
lung,baseline,40000,98,93,93,0.21760535335210815
lung,baseline,40000,98,19,19,0.49493206289295033
lung,baseline,40000,98,79,79,0.21354403658727042
lung,baseline,40000,98,28,28,0.3234964964606107
lung,baseline,40000,98,97,97,0.16688363064275952
lung,baseline,40000,98,96,96,0.0047667065162447005
lung,baseline,40000,98,94,94,0.16767218911534554
lung,baseline,40000,98,92,92,0.2530169646423985
lung,baseline,40000,98,96,96,0.19403231980768262
lung,baseline,40000,98,96,96,0.029467795696421824
lung,baseline,40000,98,94,94,0.1453061826582839
lung,baseline,40000,98,89,89,0.23812368998540423
lung,baseline,40000,98,84,84,0.22717307738621859
lung,baseline,40000,98,97,97,0.1479362699544222
lung,baseline,40000,98,95,95,0.010362894341530047
lung,baseline,40000,98,94,94,0.09834601700839904
lung,baseline,40000,98,90,90,0.11619402433814098
lung,baseline,40000,98,82,82,0.0525788210161185
lung,baseline,40000,98,87,87,0.18105516222245477
lung,baseline,40000,98,84,84,0.2230820764289516
lung,baseline,40000,98,28,28,0.3668435293869391
lung,baseline,40000,98,97,97,0.2535780256277255
lung,baseline,40000,98,84,84,0.1689909783873343
lung,baseline,40000,98,83,83,0.17659403447880195
lung,baseline,40000,98,19,19,0.49297982864583356
lung,baseline,40000,98,97,97,0.018088279512549123
lung,baseline,40000,98,96,96,0.06688608644137203
lung,baseline,40000,98,95,95,0.09027492802294393
lung,baseline,40000,98,89,89,0.16400576470786965
lung,baseline,40000,98,88,88,0.155451737305504
lung,baseline,40000,98,93,93,0.14604502926698373
lung,baseline,40000,98,88,88,0.18019366853985747
lung,baseline,40000,98,87,87,0.19955338132387226
lung,baseline,40000,98,85,85,0.04618864829904394
lung,baseline,40000,98,97,97,0.006623090424981624
lung,baseline,40000,98,97,97,0.09780677042770232
lung,baseline,40000,98,96,96,0.15576110486955605
lung,baseline,40000,98,97,97,0.1612498543828105
lung,baseline,40000,98,97,97,0.01742106051833273
lung,baseline,40000,98,97,97,0.16230496281963444
lung,baseline,40000,98,97,97,0.17097890014004646
lung,baseline,40000,98,96,96,0.014546013163229524
lung,baseline,40000,98,97,97,0.22348293152095966
lung,baseline,40000,98,96,96,0.015267765443806971
lung,baseline,40000,98,92,92,0.29112163231231875
lung,baseline,40000,98,91,91,0.24744582569051185
lung,baseline,40000,98,78,78,0.2368118652227207
lung,baseline,40000,98,97,97,0.2502752013886159
lung,baseline,40000,98,97,97,0.2590924160960181
lung,baseline,40000,98,90,90,0.013918690376127555
lung,baseline,40000,98,85,85,0.23621785239295548
lung,baseline,40000,98,97,97,0.006084007761693752
lung,baseline,40000,98,97,97,0.1023466132886543
lung,baseline,40000,98,95,95,0.02251510991665134
lung,baseline,40000,98,94,94,0.14255942349930287
lung,baseline,40000,98,94,94,0.0241609877744392
lung,baseline,40000,98,97,97,0.02007305436178229
lung,baseline,40000,98,97,97,0.1341711747783053
lung,baseline,40000,98,95,95,0.013808657379597501
lung,baseline,40000,98,94,94,0.10552063915298142
lung,baseline,40000,98,92,92,0.18669239234764007
lung,baseline,40000,98,97,97,0.2572576672800668
lung,baseline,40000,98,93,93,0.27107966799752353
lung,baseline,40000,98,96,96,0.2732834979458722
lung,baseline,40000,98,96,96,0.26631903699159787
lung,baseline,40000,98,96,96,0.2708348651134845
lung,baseline,40000,98,96,96,0.26863520198784735
lung,baseline,40000,98,95,95,0.2657647700144326
lung,baseline,40000,98,95,95,0.269341069298718
lung,baseline,40000,98,93,93,0.24635512002411133
lung,baseline,40000,98,97,97,0.011122712040310546
lung,baseline,40000,98,97,97,0.025350094323141115
lung,baseline,40000,98,97,97,0.08719239933467653
lung,baseline,40000,98,95,95,0.06983544187274907
lung,baseline,40000,98,93,93,0.1478255103720814
lung,baseline,40000,98,68,68,0.0845621505863747
lung,baseline,40000,98,43,43,0.23359606002438058
lung,baseline,40000,98,39,39,0.22401292235349907
lung,baseline,40000,98,97,97,0.12745838974781637
lung,baseline,40000,98,97,97,0.0455117214822968
lung,baseline,40000,98,97,97,0.02055877337426856
lung,baseline,40000,98,97,97,0.028942372557624396
lung,baseline,40000,98,97,97,0.011649337972611066
lung,baseline,40000,98,97,97,0.011330420537992119
lung,baseline,40000,98,97,97,0.1317082171008017
lung,baseline,40000,98,95,95,0.012211466955350043
lung,baseline,40000,98,92,92,0.027379731977329826
lung,baseline,40000,98,97,97,0.005553502350643419
lung,baseline,40000,98,97,97,0.15686328431408753
lung,baseline,40000,98,94,94,0.1163339777993871
lung,baseline,40000,98,94,94,0.10451318283559197
lung,baseline,40000,98,94,94,0.02238777560558326
lung,baseline,40000,98,97,97,0.008119577135661004
lung,baseline,40000,98,93,93,0.1438263447615644
lung,baseline,40000,98,76,76,0.07907777809419594
lung,baseline,40000,98,97,97,0.019971524606754273
lung,baseline,40000,98,96,96,0.013395091774201479
lung,baseline,40000,98,93,93,0.13949787726379073
lung,baseline,40000,98,97,97,0.1332547960081114
lung,baseline,40000,98,97,97,0.13871563600739684
lung,baseline,40000,98,97,97,0.011154860046052132
lung,baseline,40000,98,97,97,0.028386970421486024
lung,baseline,40000,98,88,88,0.23856670572159333
lung,baseline,40000,98,28,28,0.41601633303139096
lung,baseline,40000,98,97,97,0.1344459040969978
lung,baseline,40000,98,97,97,0.15386352751725457
lung,baseline,40000,98,97,97,0.009331624811129174
lung,baseline,40000,98,96,96,0.037869371247344547
lung,baseline,40000,98,96,96,0.07179053337008195
lung,baseline,40000,98,94,94,0.023866042376870726
lung,baseline,40000,98,75,75,0.23486651314652657
lung,baseline,40000,98,72,72,0.10830910580305801
lung,baseline,40000,98,40,40,0.23491853423564746
lung,baseline,40000,98,39,39,0.28097741406263743
lung,baseline,40000,98,97,97,0.022883724105151392
lung,baseline,40000,98,92,92,0.17069734855186933
lung,baseline,40000,98,92,92,0.30399405727732093
lung,baseline,40000,98,87,87,0.26644812080137326
lung,baseline,40000,98,85,85,0.24823933146190072
lung,baseline,40000,98,56,56,0.1810884554545281
lung,baseline,40000,98,40,40,0.27485243560873507
lung,baseline,40000,98,39,39,0.31260663502599206
lung,baseline,40000,98,97,97,0.04609537162384913
lung,baseline,40000,98,97,97,0.09802238068557806
lung,baseline,40000,98,97,97,0.011191618039421808
lung,baseline,40000,98,97,97,0.01695706350341844
lung,baseline,40000,98,97,97,0.012189883693631323
lung,baseline,40000,98,97,97,0.018290538875861975
lung,baseline,40000,98,97,97,0.005651740945512586
lung,baseline,40000,98,97,97,0.020272921216883667
lung,baseline,40000,98,97,97,0.019831045619033302
lung,baseline,40000,98,97,97,0.010303056260281246
lung,baseline,40000,98,97,97,0.016407940721992892
lung,baseline,40000,98,97,97,0.0072429316294487685
lung,baseline,40000,98,97,97,0.01274309694186488
lung,baseline,40000,98,97,97,0.00969453305282394
lung,baseline,40000,98,97,97,0.026969538852213964
lung,baseline,40000,98,97,97,0.05307503131979566
lung,baseline,40000,98,97,97,0.019405817173022685
lung,baseline,40000,98,97,97,0.024839044970612123
lung,baseline,40000,98,97,97,0.02833321598835679
lung,baseline,40000,98,97,97,0.030367817938900185
lung,baseline,40000,98,96,96,0.00758964816373809
lung,baseline,40000,98,95,95,0.012060097712574241
lung,baseline,40000,98,95,95,0.025628835151461422
lung,baseline,40000,98,95,95,0.023755408636345374
lung,baseline,40000,98,95,95,0.014796537369145199
lung,baseline,40000,98,95,95,0.024283918135511486
lung,baseline,40000,98,91,91,0.03068105564328127
lung,baseline,40000,98,97,97,0.13465158867358357
lung,baseline,40000,98,97,97,0.006340889101436738
lung,baseline,40000,98,97,97,0.013115413092959003
lung,baseline,40000,98,92,92,0.17362780227178176
lung,baseline,40000,99,94,94,0.11014863662386844
lung,baseline,40000,99,90,90,0.11966140300070853
lung,baseline,40000,99,89,89,0.20258245109842074
lung,baseline,40000,99,89,89,0.2145948436762154
lung,baseline,40000,99,79,79,0.20713875981839877
lung,baseline,40000,99,28,28,0.3256718820760463
lung,baseline,40000,99,95,95,0.07392208138113185
lung,baseline,40000,99,94,94,0.1685212511756275
lung,baseline,40000,99,93,93,0.19248230654524498
lung,baseline,40000,99,68,68,0.21507929952104388
lung,baseline,40000,99,98,98,0.15527809804308612
lung,baseline,40000,99,98,98,0.021853373158816004
lung,baseline,40000,99,98,98,0.0028744180867285437
lung,baseline,40000,99,98,98,0.010143740772356217
lung,baseline,40000,99,96,96,0.11670968202200782
lung,baseline,40000,99,93,93,0.17534264863782137
lung,baseline,40000,99,97,97,0.2539787764893457
lung,baseline,40000,99,97,97,0.2642304359931201
lung,baseline,40000,99,97,97,0.2624516747414737
lung,baseline,40000,99,95,95,0.26088087665605414
lung,baseline,40000,99,94,94,0.24743536708475
lung,baseline,40000,99,90,90,0.2919196152546595
lung,baseline,40000,99,98,98,0.021272393024830943
lung,baseline,40000,99,97,97,0.05501546547996192
lung,baseline,40000,99,95,95,0.13088610558029076
lung,baseline,40000,99,94,94,0.13983484326326423
lung,baseline,40000,99,98,98,0.12634805588484707
lung,baseline,40000,99,98,98,0.1640634141553305
lung,baseline,40000,99,97,97,0.20764088433830538
lung,baseline,40000,99,97,97,0.22372901790679584
lung,baseline,40000,99,97,97,0.2097666954644626
lung,baseline,40000,99,96,96,0.21291886974221141
lung,baseline,40000,99,96,96,0.07465621898035275
lung,baseline,40000,99,95,95,0.14100382457664326
lung,baseline,40000,99,98,98,0.15961424737411264
lung,baseline,40000,99,95,95,0.030390847894589856
lung,baseline,40000,99,81,81,0.18626710258466947
lung,baseline,40000,99,62,62,0.17931240751551963
lung,baseline,40000,99,98,98,0.13519188854722297
lung,baseline,40000,99,93,93,0.05379740504293706
lung,baseline,40000,99,92,92,0.19314143955515642
lung,baseline,40000,99,91,91,0.18538325986709117
lung,baseline,40000,99,89,89,0.13447153358924763
lung,baseline,40000,99,88,88,0.1834139061066478
lung,baseline,40000,99,98,98,0.049271714860869474
lung,baseline,40000,99,98,98,0.13092664566215953
lung,baseline,40000,99,98,98,0.008374667133306023
lung,baseline,40000,99,98,98,0.020079553915114626
lung,baseline,40000,99,98,98,0.008156033387651156
lung,baseline,40000,99,93,93,0.17885415780184258
lung,baseline,40000,99,98,98,0.15559894740392857
lung,baseline,40000,99,98,98,0.17227368119557507
lung,baseline,40000,99,96,96,0.0834166706121859
lung,baseline,40000,99,95,95,0.0645885699264226
lung,baseline,40000,99,94,94,0.20732198090575943
lung,baseline,40000,99,98,98,0.18632749904691445
lung,baseline,40000,99,98,98,0.24147253748501513
lung,baseline,40000,99,98,98,0.14420602326219809
lung,baseline,40000,99,98,98,0.07381172226797653
lung,baseline,40000,99,98,98,0.02404935864772157
lung,baseline,40000,99,95,95,0.27018933720903865
lung,baseline,40000,99,93,93,0.2941731253163246
lung,baseline,40000,99,90,90,0.1699413876097751
lung,baseline,40000,99,80,80,0.20190286459903523
lung,baseline,40000,99,68,68,0.1717698260926296
lung,baseline,40000,99,51,51,0.15561375122577123
lung,baseline,40000,99,28,28,0.34583286027864596
lung,baseline,40000,99,98,98,0.25268661677118676
lung,baseline,40000,99,98,98,0.04157543214758598
lung,baseline,40000,99,98,98,0.27715533003950527
lung,baseline,40000,99,98,98,0.003261978909181382
lung,baseline,40000,99,98,98,0.11705616068703029
lung,baseline,40000,99,98,98,0.016071050640941123
lung,baseline,40000,99,96,96,0.042482756144997386
lung,baseline,40000,99,95,95,0.020166963706294387
lung,baseline,40000,99,95,95,0.20026156042285484
lung,baseline,40000,99,98,98,0.16964708177289523
lung,baseline,40000,99,98,98,0.022468936037082197
lung,baseline,40000,99,97,97,0.16524244034049881
lung,baseline,40000,99,95,95,0.17112823054842868
lung,baseline,40000,99,94,94,0.2080095267895125
lung,baseline,40000,99,90,90,0.20757678789831327
lung,baseline,40000,99,87,87,0.08058072588180286
lung,baseline,40000,99,98,98,0.06795938357626329
lung,baseline,40000,99,97,97,0.15572052021024063
lung,baseline,40000,99,95,95,0.16097907268296746
lung,baseline,40000,99,94,94,0.17927828740519117
lung,baseline,40000,99,93,93,0.16776718188909795
lung,baseline,40000,99,87,87,0.06704999044948869
lung,baseline,40000,99,98,98,0.1692004994750658
lung,baseline,40000,99,98,98,0.24570089457242406
lung,baseline,40000,99,94,94,0.21599623236606472
lung,baseline,40000,99,98,98,0.007288465988482439
lung,baseline,40000,99,98,98,0.13256983557318122
lung,baseline,40000,99,97,97,0.12238112016181292
lung,baseline,40000,99,97,97,0.10857287788544856
lung,baseline,40000,99,93,93,0.1731031792274079
lung,baseline,40000,99,98,98,0.10719941375647331
lung,baseline,40000,99,98,98,0.025652233566424626
lung,baseline,40000,99,98,98,0.01029874401743349
lung,baseline,40000,99,97,97,0.009759823205208308
lung,baseline,40000,99,95,95,0.025091675448714382
lung,baseline,40000,99,92,92,0.01998145888474728
lung,baseline,40000,99,98,98,0.136852362534015
lung,baseline,40000,99,98,98,0.09752437742879838
lung,baseline,40000,99,97,97,0.028926865194129382
lung,baseline,40000,99,97,97,0.03377852004285961
lung,baseline,40000,99,98,98,0.13392045336409278
lung,baseline,40000,99,97,97,0.04875917143982954
lung,baseline,40000,99,91,91,0.05097690833569266
lung,baseline,40000,99,98,98,0.012414294053339544
lung,baseline,40000,99,98,98,0.01566222289021846
lung,baseline,40000,99,98,98,0.02328540866804915
lung,baseline,40000,99,97,97,0.13546959243735063
lung,baseline,40000,99,93,93,0.18271390464201157
lung,baseline,40000,99,91,91,0.055617714509627394
lung,baseline,40000,99,98,98,0.27517567974123797
lung,baseline,40000,99,98,98,0.24246659880279264
lung,baseline,40000,99,96,96,0.02655643686016712
lung,baseline,40000,99,93,93,0.26571841332802526
lung,baseline,40000,99,98,98,0.017977986899848718
lung,baseline,40000,99,98,98,0.15982880317682663
lung,baseline,40000,99,98,98,0.010484640110974839
lung,baseline,40000,99,98,98,0.012208114743145614
lung,baseline,40000,99,98,98,0.1678933620185401
lung,baseline,40000,99,98,98,0.017477040943496565
lung,baseline,40000,99,96,96,0.08824056711190904
lung,baseline,40000,99,94,94,0.2048477267697377
lung,baseline,40000,99,98,98,0.007678082124584508
lung,baseline,40000,99,98,98,0.25636826184506545
lung,baseline,40000,99,97,97,0.016785524967504847
lung,baseline,40000,99,96,96,0.03524270333770436
lung,baseline,40000,99,96,96,0.21761923662588845
lung,baseline,40000,99,93,93,0.2771026482573281
lung,baseline,40000,99,96,96,0.28894276551311054
lung,baseline,40000,99,93,93,0.259173586833334
lung,baseline,40000,99,92,92,0.25109972187814233
lung,baseline,40000,99,91,91,0.2409592231355402
lung,baseline,40000,99,87,87,0.2818805009561582
lung,baseline,40000,99,86,86,0.24539257357861896
lung,baseline,40000,99,85,85,0.2799052857513892
lung,baseline,40000,99,80,80,0.27238936733685054
lung,baseline,40000,99,96,96,0.19844899030997762
lung,baseline,40000,99,95,95,0.1900434511728726
lung,baseline,40000,99,93,93,0.21916187493173495
lung,baseline,40000,99,91,91,0.06921703838001576
lung,baseline,40000,99,90,90,0.2773044870831871
lung,baseline,40000,99,87,87,0.22565009057804353
lung,baseline,40000,99,84,84,0.27338617742259114
lung,baseline,40000,99,82,82,0.31153681629952573
lung,baseline,40000,99,73,73,0.2976850244600445
lung,baseline,40000,99,68,68,0.21955507942419492
lung,baseline,40000,99,98,98,0.2596513315632524
lung,baseline,40000,99,98,98,0.2208549117647072
lung,baseline,40000,99,98,98,0.010259817134642732
lung,baseline,40000,99,98,98,0.12784862352964785
lung,baseline,40000,99,97,97,0.009422097881126093
lung,baseline,40000,99,96,96,0.09811204563955371
lung,baseline,40000,99,93,93,0.0511841534611968
lung,baseline,40000,99,93,93,0.17706477774103344
lung,baseline,40000,99,98,98,0.17966786856079042
lung,baseline,40000,99,98,98,0.13193517285159573
lung,baseline,40000,99,96,96,0.039033948174071804
lung,baseline,40000,99,95,95,0.055439167946495796
lung,baseline,40000,99,93,93,0.17428015294980712
lung,baseline,40000,99,85,85,0.19034004749859634
lung,baseline,40000,99,78,78,0.16631781951740685
lung,baseline,40000,99,98,98,0.12408053034253043
lung,baseline,40000,99,98,98,0.18545128276907097
lung,baseline,40000,99,95,95,0.12096749432872508
lung,baseline,40000,99,93,93,0.17651692104988886
lung,baseline,40000,99,82,82,0.07950346298962839
lung,baseline,40000,99,98,98,0.15282510306169317
lung,baseline,40000,99,97,97,0.06681153565023938
lung,baseline,40000,99,93,93,0.17299620895459988
lung,baseline,40000,99,98,98,0.1739853922428618
lung,baseline,40000,99,92,92,0.18329702285268965
lung,baseline,40000,99,92,92,0.14191890965681847
lung,baseline,40000,99,83,83,0.14786225441393616
lung,baseline,40000,99,98,98,0.008950265144100777
lung,baseline,40000,99,93,93,0.17749545428352764
lung,baseline,40000,99,97,97,0.1572357278315605
lung,baseline,40000,99,97,97,0.0611945173198833
lung,baseline,40000,99,97,97,0.011701722311638895
lung,baseline,40000,99,97,97,0.03085409145643281
lung,baseline,40000,99,96,96,0.1056855347075878
lung,baseline,40000,99,94,94,0.027471824472151827
lung,baseline,40000,99,93,93,0.18864437287179933
lung,baseline,40000,99,87,87,0.04397889282513889
lung,baseline,40000,99,86,86,0.21683921777244075
lung,baseline,40000,99,79,79,0.21419538164917776
lung,baseline,40000,99,51,51,0.09509714098057918
lung,baseline,40000,99,43,43,0.2640119661744888
lung,baseline,40000,99,28,28,0.26724084841931406
lung,baseline,40000,99,98,98,0.1336312101098494
lung,baseline,40000,99,97,97,0.10576130494542212
lung,baseline,40000,99,97,97,0.006536371017562025
lung,baseline,40000,99,93,93,0.1850740224985786
lung,baseline,40000,99,87,87,0.04257082756866184
lung,baseline,40000,99,98,98,0.09557133292929479
lung,baseline,40000,99,98,98,0.14671095565504788
lung,baseline,40000,99,98,98,0.04287621659217144
lung,baseline,40000,99,89,89,0.05311299815840115
lung,baseline,40000,99,98,98,0.23644300959137873
lung,baseline,40000,99,98,98,0.006069111340483987
lung,baseline,40000,99,98,98,0.19812758650251125
lung,baseline,40000,99,98,98,0.241801788121275
lung,baseline,40000,99,98,98,0.03882106497485751
lung,baseline,40000,99,92,92,0.2093002785462653
lung,baseline,40000,99,84,84,0.05831252569489013
lung,baseline,40000,99,98,98,0.20532090432973177
lung,baseline,40000,99,98,98,0.13521360318491077
lung,baseline,40000,99,98,98,0.007782663129854765
lung,baseline,40000,99,98,98,0.037358251112304196
lung,baseline,40000,99,98,98,0.2523249698692233
lung,baseline,40000,99,97,97,0.03149514976454754
lung,baseline,40000,99,96,96,0.024520372571152995
lung,baseline,40000,99,96,96,0.036508694922472905
lung,baseline,40000,99,96,96,0.023926279705563436
lung,baseline,40000,99,95,95,0.025833785183811124
lung,baseline,40000,99,92,92,0.027572977401406778
lung,baseline,40000,99,85,85,0.09829672172523769
lung,baseline,40000,99,98,98,0.2221410041049456
lung,baseline,40000,99,89,89,0.2930422387556012
lung,baseline,40000,99,98,98,0.20127464575975967
lung,baseline,40000,99,92,92,0.23264698531054143
lung,baseline,40000,99,89,89,0.23187551360131364
lung,baseline,40000,99,62,62,0.17486503852457036
lung,baseline,40000,99,98,98,0.13682071165801252
lung,baseline,40000,99,98,98,0.16781933413743136
lung,baseline,40000,99,98,98,0.0252139540884545
lung,baseline,40000,99,96,96,0.025586456117150342
lung,baseline,40000,99,94,94,0.13412643825080892
lung,baseline,40000,99,98,98,0.13810939570053452
lung,baseline,40000,99,97,97,0.12278080364077314
lung,baseline,40000,99,95,95,0.01776710122528049
lung,baseline,40000,99,95,95,0.10988171821309227
lung,baseline,40000,99,92,92,0.1855774453303072
lung,baseline,40000,99,92,92,0.1893247829530626
lung,baseline,40000,99,90,90,0.174047862266104
lung,baseline,40000,99,90,90,0.17303251411155063
lung,baseline,40000,99,88,88,0.06818370551841771
lung,baseline,40000,99,98,98,0.1376250459768153
lung,baseline,40000,99,96,96,0.025056979697269405
lung,baseline,40000,99,93,93,0.1828055024313383
lung,baseline,40000,99,87,87,0.04435650967800195
lung,baseline,40000,99,98,98,0.010645056190050297
lung,baseline,40000,99,98,98,0.007381279259681869
lung,baseline,40000,99,98,98,0.009593793279559228
lung,baseline,40000,99,98,98,0.011017972388477813
lung,baseline,40000,99,98,98,0.010490266047982534
lung,baseline,40000,99,98,98,0.006897186796068364
lung,baseline,40000,99,98,98,0.0303396265084124
lung,baseline,40000,99,98,98,0.009128755406225684
lung,baseline,40000,99,98,98,0.021458922398454976
lung,baseline,40000,99,98,98,0.008478168040370118
lung,baseline,40000,99,98,98,0.013482393101461949
lung,baseline,40000,99,98,98,0.014679532712557494
lung,baseline,40000,99,98,98,0.007430996407896763
lung,baseline,40000,99,98,98,0.009699244481102832
lung,baseline,40000,99,98,98,0.016232885037676295
lung,baseline,40000,99,98,98,0.03096926078514365
lung,baseline,40000,99,98,98,0.008643688744823956
lung,baseline,40000,99,98,98,0.012014213986855428
lung,baseline,40000,99,98,98,0.023304932346017358
lung,baseline,40000,99,98,98,0.01151526199670736
lung,baseline,40000,99,98,98,0.012554981015163494
lung,baseline,40000,99,98,98,0.030754320009922356
lung,baseline,40000,99,98,98,0.010684581389572654
lung,baseline,40000,99,98,98,0.1353056173379345
lung,baseline,40000,99,98,98,0.014643245633410342
lung,baseline,40000,99,98,98,0.009129073456564166
lung,baseline,40000,99,98,98,0.030483904284530513
lung,baseline,40000,99,98,98,0.012821777298612207
lung,baseline,40000,99,98,98,0.13821536226489642
lung,baseline,40000,99,97,97,0.01249054607534886
lung,baseline,40000,99,96,96,0.01554413040394939
lung,baseline,40000,99,96,96,0.02869518415046543
lung,baseline,40000,99,98,98,0.007167018837781007
lung,baseline,40000,99,98,98,0.15289904656901607
lung,baseline,40000,99,96,96,0.028115735200429166
lung,baseline,40000,99,94,94,0.11726333869245198
lung,baseline,40000,99,91,91,0.17335686651924054
lung,baseline,40000,99,84,84,0.17603107622505462
lung,baseline,40000,99,84,84,0.17572754937693885
lung,baseline,40000,99,98,98,0.21895054418696067
lung,baseline,40000,99,94,94,0.2503156938783378
lung,baseline,40000,99,93,93,0.28334520574962396
lung,baseline,40000,99,91,91,0.1927278702280031
lung,baseline,40000,99,87,87,0.2348772871436429
lung,baseline,40000,99,98,98,0.2752579099822088
lung,baseline,40000,99,98,98,0.2795143117607742
lung,baseline,40000,99,97,97,0.028727544606689418
lung,baseline,40000,99,93,93,0.2478403353576283
lung,baseline,40000,99,97,97,0.22584681101252932
lung,baseline,40000,99,97,97,0.20468260860369966
lung,baseline,40000,99,94,94,0.1721283774277031
lung,baseline,40000,99,93,93,0.22131711109952942
lung,baseline,40000,99,92,92,0.23125390834285572
lung,baseline,40000,99,92,92,0.2329819110485013
lung,baseline,40000,99,90,90,0.23853142425822843
lung,baseline,40000,99,90,90,0.1767389781898174
lung,baseline,40000,99,89,89,0.26601176604171806
lung,baseline,40000,99,89,89,0.19450811500527077
lung,baseline,40000,99,88,88,0.24455438496134194
lung,baseline,40000,99,98,98,0.27860264208377017
lung,baseline,40000,99,98,98,0.11511820698707977
lung,baseline,40000,99,93,93,0.25133414102112567
lung,baseline,40000,99,98,98,0.27209442504150994
lung,baseline,40000,99,98,98,0.01180352775822474
lung,baseline,40000,99,88,88,0.2521659684806475
lung,baseline,40000,99,71,71,0.227554358417489
lung,baseline,40000,99,56,56,0.239759178081585
lung,baseline,40000,99,43,43,0.27231789626090563
lung,baseline,40000,99,39,39,0.2755510338234604
lung,baseline,40000,99,37,37,0.23538373633911291
lung,baseline,40000,99,28,28,0.31985330123517064
lung,baseline,40000,99,95,95,0.02152254272579476
lung,baseline,40000,99,91,91,0.032533986270993104
lung,baseline,40000,99,87,87,0.22041194123784127
lung,baseline,40000,99,83,83,0.1937896021141347
lung,baseline,40000,99,69,69,0.1890631551788254
lung,baseline,40000,99,94,94,0.1466922113129944
lung,baseline,40000,99,37,37,0.2093990059350321
lung,baseline,40000,99,28,28,0.2967576268076715
lung,baseline,40000,99,98,98,0.170771968702286
lung,baseline,40000,99,98,98,0.16077877396688217
lung,baseline,40000,99,98,98,0.15814965753794505
lung,baseline,40000,99,96,96,0.024054480494966418
lung,baseline,40000,99,98,98,0.13755536575980015
lung,baseline,40000,99,98,98,0.007890140791816935
lung,baseline,40000,99,93,93,0.18299786806028936
lung,baseline,40000,99,98,98,0.10491515898881579
lung,baseline,40000,99,98,98,0.02668441845809896
lung,baseline,40000,99,98,98,0.13533131583275426
lung,baseline,40000,99,98,98,0.2876108657836496
lung,baseline,40000,99,98,98,0.08561598590326049
lung,baseline,40000,99,98,98,0.010307107086736551
lung,baseline,40000,99,98,98,0.026423890534695075
lung,baseline,40000,99,97,97,0.014406679050351073
lung,baseline,40000,99,97,97,0.1589286669946906
lung,baseline,40000,99,96,96,0.06329131701197559
lung,baseline,40000,99,96,96,0.05371593537612462
lung,baseline,40000,99,94,94,0.2663443480883314
lung,baseline,40000,99,43,43,0.2885285741254384
lung,baseline,40000,99,39,39,0.29120608960504984
lung,baseline,40000,99,37,37,0.21873209461860665
lung,baseline,40000,99,28,28,0.31666448148523435
lung,baseline,40000,99,56,56,0.29527590048043384
lung,baseline,40000,99,43,43,0.32601094712461587
lung,baseline,40000,99,39,39,0.3124142228924344
lung,baseline,40000,99,37,37,0.2681335260817369
lung,baseline,40000,99,36,36,0.24956982640406655
lung,baseline,40000,99,90,90,0.14364182801558525
lung,baseline,40000,99,89,89,0.19947898051496737
lung,baseline,40000,99,79,79,0.21493715578609493
lung,baseline,40000,99,28,28,0.3268814980196702
lung,baseline,40000,99,98,98,0.011906399161085305
lung,baseline,40000,99,98,98,0.15858159607791716
lung,baseline,40000,99,97,97,0.21188900407313388
lung,baseline,40000,99,94,94,0.2051646914412217
lung,baseline,40000,99,87,87,0.16909174358090806
lung,baseline,40000,99,98,98,0.26267989227714567
lung,baseline,40000,99,98,98,0.09440275814221294
lung,baseline,40000,99,97,97,0.1501852060321483
lung,baseline,40000,99,92,92,0.04574398962506277
lung,baseline,40000,99,98,98,0.009024476779105766
lung,baseline,40000,99,94,94,0.025088312505075747
lung,baseline,40000,99,93,93,0.19153964322785147
lung,baseline,40000,99,91,91,0.052646583550693765
lung,baseline,40000,99,80,80,0.15738963102176734
lung,baseline,40000,99,98,98,0.15462597239037792
lung,baseline,40000,99,98,98,0.15984050721111645
lung,baseline,40000,99,95,95,0.02489048353192951
lung,baseline,40000,99,94,94,0.19352183115934524
lung,baseline,40000,99,92,92,0.16891722869144407
lung,baseline,40000,99,91,91,0.16884292010247012
lung,baseline,40000,99,97,97,0.11495207848150685
lung,baseline,40000,99,93,93,0.031565546595612254
lung,baseline,40000,99,93,93,0.14179552145604035
lung,baseline,40000,99,89,89,0.16570053359295375
lung,baseline,40000,99,68,68,0.07589008357200717
lung,baseline,40000,99,97,97,0.18088274245490502
lung,baseline,40000,99,95,95,0.15520727035387719
lung,baseline,40000,99,95,95,0.1616298702986008
lung,baseline,40000,99,94,94,0.16919748825521674
lung,baseline,40000,99,92,92,0.1727403360028037
lung,baseline,40000,99,84,84,0.1740055494341919
lung,baseline,40000,99,98,98,0.11826370657957093
lung,baseline,40000,99,93,93,0.19881790584958897
lung,baseline,40000,99,92,92,0.2228310233178186
lung,baseline,40000,99,91,91,0.18713670081669337
lung,baseline,40000,99,88,88,0.228187745127346
lung,baseline,40000,99,78,78,0.2057426226500271
lung,baseline,40000,99,68,68,0.17083310583172842
lung,baseline,40000,99,98,98,0.1620539274309184
lung,baseline,40000,99,98,98,0.1716762515952152
lung,baseline,40000,99,98,98,0.15206291604296351
lung,baseline,40000,99,97,97,0.08119801042952705
lung,baseline,40000,99,97,97,0.155700572114535
lung,baseline,40000,99,95,95,0.13502302708234185
lung,baseline,40000,99,95,95,0.1293669401982531
lung,baseline,40000,99,94,94,0.13082636393135774
lung,baseline,40000,99,93,93,0.1822277083645467
lung,baseline,40000,99,98,98,0.16709897896200376
lung,baseline,40000,99,95,95,0.1770453993195691
lung,baseline,40000,99,90,90,0.20610666774978878
lung,baseline,40000,99,87,87,0.08792233115029238
lung,baseline,40000,99,81,81,0.256735778100036
lung,baseline,40000,99,98,98,0.21768472108368905
lung,baseline,40000,99,98,98,0.008104821043712197
lung,baseline,40000,99,96,96,0.2310940094220644
lung,baseline,40000,99,95,95,0.20198999614936655
lung,baseline,40000,99,94,94,0.02803966607511364
lung,baseline,40000,99,93,93,0.2471863273817467
lung,baseline,40000,99,98,98,0.020525607388118237
lung,baseline,40000,99,98,98,0.017476697575538915
lung,baseline,40000,99,98,98,0.004544452755915489
lung,baseline,40000,99,98,98,0.005075019475495277
lung,baseline,40000,99,98,98,0.005362221870965721
lung,baseline,40000,99,98,98,0.009638776774671665
lung,baseline,40000,99,98,98,0.01778860825649751
lung,baseline,40000,99,98,98,0.041680375412973154
lung,baseline,40000,99,98,98,0.0041955514161360705
lung,baseline,40000,99,98,98,0.008178818056062685
lung,baseline,40000,99,98,98,0.027471528481602277
lung,baseline,40000,99,98,98,0.02892576857268743
lung,baseline,40000,99,98,98,0.014751319581929606
lung,baseline,40000,99,98,98,0.13918251421014083
lung,baseline,40000,99,98,98,0.0177106367795074
lung,baseline,40000,99,98,98,0.009302209047939448
lung,baseline,40000,99,98,98,0.005294492008426236
lung,baseline,40000,99,98,98,0.008369946106006144
lung,baseline,40000,99,98,98,0.01140811763223857
lung,baseline,40000,99,98,98,0.015940535639229
lung,baseline,40000,99,98,98,0.020238092168772513
lung,baseline,40000,99,98,98,0.03254921460489818
lung,baseline,40000,99,98,98,0.036252152302632845
lung,baseline,40000,99,98,98,0.15306395448740917
lung,baseline,40000,99,97,97,0.0035604062467388944
lung,baseline,40000,99,97,97,0.018674766322608356
lung,baseline,40000,99,96,96,0.038355602370558795
lung,baseline,40000,99,96,96,0.030282016825448316
lung,baseline,40000,99,96,96,0.012085306313059247
lung,baseline,40000,99,95,95,0.018383370259994886
lung,baseline,40000,99,95,95,0.02367055759099623
lung,baseline,40000,99,92,92,0.030881021421559227
lung,baseline,40000,99,98,98,0.016404973902282433
lung,baseline,40000,99,98,98,0.023344644839101883
lung,baseline,40000,99,98,98,0.10182765314685162
lung,baseline,40000,99,98,98,0.12862906683033218
lung,baseline,40000,99,98,98,0.20922712351993955
lung,baseline,40000,99,97,97,0.12833494384335575
lung,baseline,40000,99,97,97,0.16331143564179174
lung,baseline,40000,99,96,96,0.05429645440599027
lung,baseline,40000,99,96,96,0.07371610493511284
lung,baseline,40000,99,94,94,0.22650950339171594
lung,baseline,40000,99,94,94,0.07694934944705643
lung,baseline,40000,99,98,98,0.006131778801178258
lung,baseline,40000,99,98,98,0.15661570557398644
lung,baseline,40000,99,98,98,0.007323519390581273
lung,baseline,40000,99,97,97,0.021552617805763584
lung,baseline,40000,99,94,94,0.025443917819663577
lung,baseline,40000,99,93,93,0.17209846885243305
lung,baseline,40000,99,98,98,0.16714005999216955
lung,baseline,40000,99,98,98,0.03189385308183304
lung,baseline,40000,99,98,98,0.11324963058966403
lung,baseline,40000,99,98,98,0.14669311289156145
lung,baseline,40000,99,96,96,0.02405673961184965
lung,baseline,40000,99,96,96,0.009268989149838579
lung,baseline,40000,99,81,81,0.08170923473178737
lung,baseline,40000,99,77,77,0.22767160019798888
lung,baseline,40000,99,77,77,0.2101049914964771
lung,baseline,40000,99,76,76,0.2169721622954794
lung,baseline,40000,99,43,43,0.2768593464564566
lung,baseline,40000,99,39,39,0.2806293114317855
lung,baseline,40000,99,37,37,0.26180341916973615
lung,baseline,40000,99,98,98,0.22081608194880298
lung,baseline,40000,99,98,98,0.010910188755149942
lung,baseline,40000,99,98,98,0.24064557890844335
lung,baseline,40000,99,98,98,0.27630328992737296
lung,baseline,40000,99,98,98,0.15433636475107101
lung,baseline,40000,99,97,97,0.20382743204119977
lung,baseline,40000,99,97,97,0.053080726711944866
lung,baseline,40000,99,97,97,0.17658589633293512
lung,baseline,40000,99,95,95,0.17564275077854763
lung,baseline,40000,99,94,94,0.20474110844038954
lung,baseline,40000,99,98,98,0.1528314018286311
lung,baseline,40000,99,98,98,0.17407651069601823
lung,baseline,40000,99,96,96,0.0926356625181567
lung,baseline,40000,99,95,95,0.07120356421922842
lung,baseline,40000,99,94,94,0.1958583441156242
lung,baseline,40000,99,98,98,0.15579065546632304
lung,baseline,40000,99,98,98,0.1041967214934153
lung,baseline,40000,99,95,95,0.07043409318958846
lung,baseline,40000,99,98,98,0.1615429496267089
lung,baseline,40000,99,98,98,0.061162300394677245
lung,baseline,40000,99,98,98,0.14775648384407883
lung,baseline,40000,99,98,98,0.16518611823252785
lung,baseline,40000,99,97,97,0.01631244030832038
lung,baseline,40000,99,97,97,0.01988800058029266
lung,baseline,40000,99,97,97,0.017587695490204464
lung,baseline,40000,99,98,98,0.17619513342154147
lung,baseline,40000,99,93,93,0.14838870180751046
lung,baseline,40000,99,92,92,0.19405713020502907
lung,baseline,40000,99,92,92,0.1477956638400313
lung,baseline,40000,99,92,92,0.19347547495185027
lung,baseline,40000,99,91,91,0.13809896227520882
lung,baseline,40000,99,91,91,0.1466107479917205
lung,baseline,40000,99,98,98,0.25764507122068475
lung,baseline,40000,99,93,93,0.289679704408557
lung,baseline,40000,99,63,63,0.23685342178159466
lung,baseline,40000,99,98,98,0.1566247355122952
lung,baseline,40000,99,98,98,0.2639624972592984
lung,baseline,40000,99,93,93,0.23545046034004635
lung,baseline,40000,99,98,98,0.011294427167478327
lung,baseline,40000,99,98,98,0.00454334439368022
lung,baseline,40000,99,98,98,0.008516740217323723
lung,baseline,40000,99,98,98,0.018961084796981886
lung,baseline,40000,99,98,98,0.015693278548908486
lung,baseline,40000,99,98,98,0.0046247523539330575
lung,baseline,40000,99,98,98,0.029241561513494274
lung,baseline,40000,99,98,98,0.08380020309540312
lung,baseline,40000,99,98,98,0.01188324182918868
lung,baseline,40000,99,98,98,0.005173617256489893
lung,baseline,40000,99,98,98,0.00940661807206838
lung,baseline,40000,99,98,98,0.008995918818843388
lung,baseline,40000,99,98,98,0.0389403615190819
lung,baseline,40000,99,98,98,0.015743865190096018
lung,baseline,40000,99,98,98,0.01074831115807257
lung,baseline,40000,99,98,98,0.026139855111223163
lung,baseline,40000,99,98,98,0.010344680981999331
lung,baseline,40000,99,98,98,0.007616891292574883
lung,baseline,40000,99,98,98,0.01243238389103539
lung,baseline,40000,99,98,98,0.013564521628273212
lung,baseline,40000,99,98,98,0.012549370096793298
lung,baseline,40000,99,98,98,0.005661421688830636
lung,baseline,40000,99,98,98,0.013592159397491203
lung,baseline,40000,99,98,98,0.008544937199573962
lung,baseline,40000,99,98,98,0.007356182332741745
lung,baseline,40000,99,98,98,0.007648806012719013
lung,baseline,40000,99,98,98,0.02353286963010592
lung,baseline,40000,99,98,98,0.00443099267463022
lung,baseline,40000,99,98,98,0.01517896521740608
lung,baseline,40000,99,97,97,0.021202191318378222
lung,baseline,40000,99,97,97,0.00561334713920339
lung,baseline,40000,99,96,96,0.020332355393409423
lung,baseline,40000,99,96,96,0.02160892804790959
lung,baseline,40000,99,96,96,0.017748378305508617
lung,baseline,40000,99,98,98,0.1721401166548864
lung,baseline,40000,99,98,98,0.015861210261919324
lung,baseline,40000,99,98,98,0.15500519404292418
lung,baseline,40000,99,98,98,0.013945691581380319
lung,baseline,40000,99,80,80,0.16097447669044557
lung,baseline,40000,99,78,78,0.2209505011449651
lung,baseline,40000,99,37,37,0.2275033657362986
lung,baseline,40000,99,28,28,0.3211896717546065
lung,baseline,40000,99,98,98,0.12510222570345841
lung,baseline,40000,99,98,98,0.10177620352040731
lung,baseline,40000,99,98,98,0.28247142269784875
lung,baseline,40000,99,98,98,0.07215120897379983
lung,baseline,40000,99,98,98,0.25336590247962726
lung,baseline,40000,99,93,93,0.16582682208906
lung,baseline,40000,99,90,90,0.17730452568258648
lung,baseline,40000,99,89,89,0.20108737979805572
lung,baseline,40000,99,69,69,0.1568507045812254
lung,baseline,40000,99,68,68,0.0868314255451024
lung,baseline,40000,99,66,66,0.2454191522565866
lung,baseline,40000,99,62,62,0.21562203744977002
lung,baseline,40000,99,37,37,0.21029680659250202
lung,baseline,40000,99,36,36,0.18406913858567156
lung,baseline,40000,99,98,98,0.2648415024944296
lung,baseline,40000,99,98,98,0.1314509432882478
lung,baseline,40000,99,98,98,0.15607050530535524
lung,baseline,40000,99,93,93,0.2400813624826046
lung,baseline,40000,99,89,89,0.01685287351359115
lung,baseline,40000,99,98,98,0.15823986897742404
lung,baseline,40000,99,94,94,0.11567601363815956
lung,baseline,40000,99,92,92,0.17796305034931345
lung,baseline,40000,99,92,92,0.1710546206989661
lung,baseline,40000,99,90,90,0.18053341542319007
lung,baseline,40000,99,89,89,0.07539808690760207
lung,baseline,40000,99,72,72,0.10316360188555883
lung,baseline,40000,99,90,90,0.14648060515917727
lung,baseline,40000,99,79,79,0.1545212104140092
lung,baseline,40000,99,43,43,0.21296005273087112
lung,baseline,40000,99,39,39,0.22637855302562757
lung,baseline,40000,99,37,37,0.21040760680312606
lung,baseline,40000,99,98,98,0.2817430014291663
lung,baseline,40000,99,85,85,0.24518271338611697
lung,baseline,40000,99,85,85,0.2701504497254812
lung,baseline,40000,99,56,56,0.19158631246847152
lung,baseline,40000,99,79,79,0.2927699497310349
lung,baseline,40000,99,20,20,0.5440751645943386
lung,baseline,40000,99,98,98,0.26538131139988963
lung,baseline,40000,99,97,97,0.13973132594847684
lung,baseline,40000,99,96,96,0.2737966456774654
lung,baseline,40000,99,90,90,0.2877578363388214
lung,baseline,40000,99,88,88,0.28955114629518636
lung,baseline,40000,99,94,94,0.1962103491007336
lung,baseline,40000,99,89,89,0.048439492884724086
lung,baseline,40000,99,87,87,0.19488665417616421
lung,baseline,40000,99,86,86,0.2405809695573513
lung,baseline,40000,99,83,83,0.14289786796786955
lung,baseline,40000,99,82,82,0.07520035790658017
lung,baseline,40000,99,81,81,0.23936269733127655
lung,baseline,40000,99,80,80,0.2274899734958356
lung,baseline,40000,99,79,79,0.20464098117157223
lung,baseline,40000,99,95,95,0.14561193040709286
lung,baseline,40000,99,94,94,0.12113975969703393
lung,baseline,40000,99,94,94,0.15496740296876466
lung,baseline,40000,99,90,90,0.12690746937347633
lung,baseline,40000,99,98,98,0.003883493699061593
lung,baseline,40000,99,98,98,0.013141179263608029
lung,baseline,40000,99,98,98,0.2591121661935317
lung,baseline,40000,99,96,96,0.03182896648615724
lung,baseline,40000,99,94,94,0.28044114490324923
lung,baseline,40000,99,98,98,0.26775374577477473
lung,baseline,40000,99,97,97,0.020989052065269548
lung,baseline,40000,99,93,93,0.26173780572675165
lung,baseline,40000,99,56,56,0.19020378670389335
lung,baseline,40000,99,56,56,0.24598453564787656
lung,baseline,40000,99,43,43,0.27883879049032556
lung,baseline,40000,99,39,39,0.28582355664620496
lung,baseline,40000,99,37,37,0.24054628945432277
lung,baseline,40000,99,28,28,0.3254905067288919
lung,baseline,40000,99,98,98,0.22355432829099228
lung,baseline,40000,99,96,96,0.1931150856038061
lung,baseline,40000,99,94,94,0.24165826551852013
lung,baseline,40000,99,87,87,0.2582883361369234
lung,baseline,40000,99,98,98,0.022369549678235217
lung,baseline,40000,99,98,98,0.13303088274273725
lung,baseline,40000,99,97,97,0.031909881345471174
lung,baseline,40000,99,92,92,0.18719748883440493
lung,baseline,40000,99,87,87,0.18757928327223444
lung,baseline,40000,99,98,98,0.02587546518084693
lung,baseline,40000,99,98,98,0.024024921958763792
lung,baseline,40000,99,98,98,0.14734421697768668
lung,baseline,40000,99,98,98,0.040676309586719535
lung,baseline,40000,99,98,98,0.012601058879372542
lung,baseline,40000,99,98,98,0.013303034754430423
lung,baseline,40000,99,98,98,0.010568832257575864
lung,baseline,40000,99,98,98,0.014816327576646053
lung,baseline,40000,99,97,97,0.02376188797663694
lung,baseline,40000,99,96,96,0.033307010618500145
lung,baseline,40000,99,95,95,0.03140677086706838
lung,baseline,40000,99,94,94,0.14319295815825267
lung,baseline,40000,99,98,98,0.2664290333267452
lung,baseline,40000,99,96,96,0.264689056905292
lung,baseline,40000,99,95,95,0.255521042353332
lung,baseline,40000,99,93,93,0.2432881143863683
lung,baseline,40000,99,92,92,0.2526359145973215
lung,baseline,40000,99,78,78,0.22359537145608413
lung,baseline,40000,99,98,98,0.09629207872428923
lung,baseline,40000,99,98,98,0.15062061180533218
lung,baseline,40000,99,97,97,0.01047372793758938
lung,baseline,40000,99,98,98,0.036546814630893536
lung,baseline,40000,99,98,98,0.004842810359873316
lung,baseline,40000,99,98,98,0.016427535665887377
lung,baseline,40000,99,98,98,0.12292628232403953
lung,baseline,40000,99,98,98,0.0238043147313172
lung,baseline,40000,99,98,98,0.1613266404354484
lung,baseline,40000,99,98,98,0.04789852955901895
lung,baseline,40000,99,98,98,0.014167913381154465
lung,baseline,40000,99,97,97,0.012585254004260096
lung,baseline,40000,99,97,97,0.010191740094189033
lung,baseline,40000,99,97,97,0.024225448527965033
lung,baseline,40000,99,97,97,0.00421118130276835
lung,baseline,40000,99,96,96,0.011891826833832273
lung,baseline,40000,99,95,95,0.022914481559114196
lung,baseline,40000,99,95,95,0.10470653274747099
lung,baseline,40000,99,93,93,0.04058642033141469
lung,baseline,40000,99,92,92,0.04558040039720359
lung,baseline,40000,99,98,98,0.1850440983549176
lung,baseline,40000,99,94,94,0.17321094293059544
lung,baseline,40000,99,92,92,0.03798629024710102
lung,baseline,40000,99,86,86,0.1608858709288845
lung,baseline,40000,99,37,37,0.2682365408602133
lung,baseline,40000,99,19,19,0.48148604625491814
lung,baseline,40000,99,98,98,0.24829996670776208
lung,baseline,40000,99,98,98,0.1581865132910549
lung,baseline,40000,99,94,94,0.1450168059777938
lung,baseline,40000,99,90,90,0.2251550445155749
lung,baseline,40000,99,90,90,0.12145561447124739
lung,baseline,40000,99,89,89,0.022176766868715093
lung,baseline,40000,99,98,98,0.15241690869699223
lung,baseline,40000,99,98,98,0.024444861109122144
lung,baseline,40000,99,97,97,0.031236078665991707
lung,baseline,40000,99,96,96,0.030055879774000455
lung,baseline,40000,99,96,96,0.022853811986818646
lung,baseline,40000,99,93,93,0.1746209464849941
lung,baseline,40000,99,98,98,0.13505516293567146
lung,baseline,40000,99,94,94,0.1910526952460555
lung,baseline,40000,99,94,94,0.16669841072352642
lung,baseline,40000,99,94,94,0.2615732867928705
lung,baseline,40000,99,93,93,0.2145100057098974
lung,baseline,40000,99,93,93,0.09641212215678285
lung,baseline,40000,99,91,91,0.072711699242923
lung,baseline,40000,99,90,90,0.2108424078522061
lung,baseline,40000,99,89,89,0.17889217287403567
lung,baseline,40000,99,91,91,0.17614866590345737
lung,baseline,40000,99,88,88,0.20038693607107466
lung,baseline,40000,99,88,88,0.20027573037675592
lung,baseline,40000,99,68,68,0.10027811711758075
lung,baseline,40000,99,39,39,0.2471980161400174
lung,baseline,40000,99,98,98,0.16500107299434807
lung,baseline,40000,99,97,97,0.23925528069029411
lung,baseline,40000,99,95,95,0.11550967886041179
lung,baseline,40000,99,92,92,0.11582134451584904
lung,baseline,40000,99,89,89,0.23531639450526012
lung,baseline,40000,99,98,98,0.28632410455976726
lung,baseline,40000,99,95,95,0.09907887204676046
lung,baseline,40000,99,93,93,0.2503899659678166
lung,baseline,40000,99,56,56,0.18967548856943411
lung,baseline,40000,99,98,98,0.260038243007118
lung,baseline,40000,99,98,98,0.2243160278500845
lung,baseline,40000,99,97,97,0.13033705377813026
lung,baseline,40000,99,94,94,0.28853940294779606
lung,baseline,40000,99,98,98,0.12662729205004253
lung,baseline,40000,99,97,97,0.049531440559625994
lung,baseline,40000,99,97,97,0.017759543870881595
lung,baseline,40000,99,96,96,0.03260727009063095
lung,baseline,40000,99,93,93,0.1727384519976619
lung,baseline,40000,99,98,98,0.02445843600409482
lung,baseline,40000,99,98,98,0.02351423049870168
lung,baseline,40000,99,97,97,0.16102648100048247
lung,baseline,40000,99,96,96,0.1701315180314973
lung,baseline,40000,99,84,84,0.17693556551653108
lung,baseline,40000,99,84,84,0.17134104680875484
lung,baseline,40000,99,56,56,0.2376584747364941
lung,baseline,40000,99,43,43,0.27270255981901886
lung,baseline,40000,99,39,39,0.279203401649022
lung,baseline,40000,99,37,37,0.2309428409191388
lung,baseline,40000,99,28,28,0.32939508943255574
lung,baseline,40000,99,98,98,0.1068886470428036
lung,baseline,40000,99,98,98,0.015047131814788756
lung,baseline,40000,99,98,98,0.13221154437866464
lung,baseline,40000,99,98,98,0.033752313783988096
lung,baseline,40000,99,97,97,0.05203328039826926
lung,baseline,40000,99,97,97,0.020530637543829115
lung,baseline,40000,99,98,98,0.2569848117393292
lung,baseline,40000,99,98,98,0.2607132498181461
lung,baseline,40000,99,94,94,0.23090861864252477
lung,baseline,40000,99,98,98,0.01683481275957913
lung,baseline,40000,99,98,98,0.03463302771780476
lung,baseline,40000,99,98,98,0.1253467740323794
lung,baseline,40000,99,98,98,0.19248511238905006
lung,baseline,40000,99,97,97,0.13750982957573737
lung,baseline,40000,99,94,94,0.13032297117538094
lung,baseline,40000,99,97,97,0.17223356609039692
lung,baseline,40000,99,62,62,0.20853292689063305
lung,baseline,40000,99,98,98,0.019593561054512345
lung,baseline,40000,99,98,98,0.1610570468582665
lung,baseline,40000,99,97,97,0.1488769429977415
lung,baseline,40000,99,93,93,0.19233578859451675
lung,baseline,40000,99,92,92,0.2419607623268956
lung,baseline,40000,99,92,92,0.05052538690824246
lung,baseline,40000,99,92,92,0.18725631842850393
lung,baseline,40000,99,92,92,0.23680500117121725
lung,baseline,40000,99,91,91,0.20684495619407492
lung,baseline,40000,99,91,91,0.1969260853263826
lung,baseline,40000,99,84,84,0.19765239504268917
lung,baseline,40000,99,92,92,0.14533629817260654
lung,baseline,40000,99,79,79,0.16054234457642977
lung,baseline,40000,99,98,98,0.0035956571223938125
lung,baseline,40000,99,98,98,0.011937631913730694
lung,baseline,40000,99,98,98,0.15761534120360082
lung,baseline,40000,99,97,97,0.16207846912474358
lung,baseline,40000,99,97,97,0.2294699021384699
lung,baseline,40000,99,97,97,0.047383603576676245
lung,baseline,40000,99,96,96,0.01664123204634585
lung,baseline,40000,99,98,98,0.11757814668439506
lung,baseline,40000,99,98,98,0.02477879652708523
lung,baseline,40000,99,98,98,0.018357791038128974
lung,baseline,40000,99,98,98,0.007145056408883068
lung,baseline,40000,99,98,98,0.043125730951110955
lung,baseline,40000,99,98,98,0.012057048059650409
lung,baseline,40000,99,98,98,0.01757924625932768
lung,baseline,40000,99,98,98,0.007533091736441108
lung,baseline,40000,99,98,98,0.01420405428836625
lung,baseline,40000,99,98,98,0.011252224013825375
lung,baseline,40000,99,97,97,0.016033855112711166
lung,baseline,40000,99,97,97,0.017546898567168137
lung,baseline,40000,99,97,97,0.014754672900926528
lung,baseline,40000,99,97,97,0.00530423937424181
lung,baseline,40000,99,94,94,0.1356893880402531
lung,baseline,40000,99,92,92,0.016029083116016127
lung,baseline,40000,99,90,90,0.05843781790580865
lung,baseline,40000,99,98,98,0.13562301924248893
lung,baseline,40000,99,97,97,0.021123477577512616
lung,baseline,40000,99,97,97,0.007899613022908205
lung,baseline,40000,99,93,93,0.1820553575585534
lung,baseline,40000,99,98,98,0.12455497220618714
lung,baseline,40000,99,98,98,0.022720313412967253
lung,baseline,40000,99,98,98,0.1375514380812264
lung,baseline,40000,99,98,98,0.19602907074107845
lung,baseline,40000,99,98,98,0.006656489129179529
lung,baseline,40000,99,92,92,0.0293742622230776
lung,baseline,40000,99,98,98,0.007725812749601888
lung,baseline,40000,99,97,97,0.020753671986011815
lung,baseline,40000,99,97,97,0.16065983443213716
lung,baseline,40000,99,93,93,0.1779572979426966
lung,baseline,40000,99,98,98,0.18960420269312553
lung,baseline,40000,99,98,98,0.030395433450194617
lung,baseline,40000,99,98,98,0.03636893366472935
lung,baseline,40000,99,98,98,0.12754487603154147
lung,baseline,40000,99,98,98,0.0056127527526634744
lung,baseline,40000,99,98,98,0.012924314078586938
lung,baseline,40000,99,95,95,0.12856284804838977
lung,baseline,40000,99,93,93,0.18666151562118355
lung,baseline,40000,99,92,92,0.13336301362415998
lung,baseline,40000,99,78,78,0.1666118808551816
lung,baseline,40000,99,72,72,0.09830872326151126
lung,baseline,40000,99,98,98,0.10351705904374886
lung,baseline,40000,99,98,98,0.2328287216525007
lung,baseline,40000,99,98,98,0.020458118143079945
lung,baseline,40000,99,98,98,0.025743906733340052
lung,baseline,40000,99,98,98,0.2666004724994406
lung,baseline,40000,99,96,96,0.05678070165746247
lung,baseline,40000,99,95,95,0.04487691223195509
lung,baseline,40000,99,95,95,0.025003622619845914
lung,baseline,40000,99,95,95,0.21270438636959477
lung,baseline,40000,99,92,92,0.09384817306325251
lung,baseline,40000,99,98,98,0.15458983228523085
lung,baseline,40000,99,96,96,0.021956164915006418
lung,baseline,40000,99,92,92,0.17854300293359932
lung,baseline,40000,99,92,92,0.17305097468996883
lung,baseline,40000,99,84,84,0.17638844276551324
lung,baseline,40000,99,97,97,0.14170568593625102
lung,baseline,40000,99,97,97,0.048423650346534286
lung,baseline,40000,99,95,95,0.028913620398620183
lung,baseline,40000,99,98,98,0.16460212983339717
lung,baseline,40000,99,98,98,0.02334925997445435
lung,baseline,40000,99,96,96,0.15666621565349156
lung,baseline,40000,99,95,95,0.03226477160000868
lung,baseline,40000,99,95,95,0.1498478884294379
lung,baseline,40000,99,93,93,0.2022073952201476
lung,baseline,40000,99,93,93,0.24463910266219704
lung,baseline,40000,99,92,92,0.17409668770445536
lung,baseline,40000,99,91,91,0.17317494107612197
lung,baseline,40000,99,98,98,0.12305187786332498
lung,baseline,40000,99,98,98,0.17384619557652942
lung,baseline,40000,99,96,96,0.034077399779716876
lung,baseline,40000,99,92,92,0.18485033480047577
lung,baseline,40000,99,98,98,0.016427469974951054
lung,baseline,40000,99,97,97,0.05176286759903943
lung,baseline,40000,99,95,95,0.2311004987762231
lung,baseline,40000,99,95,95,0.17029746007999472
lung,baseline,40000,99,94,94,0.2190133821780265
lung,baseline,40000,99,94,94,0.21596949182646413
lung,baseline,40000,99,93,93,0.19913261769526805
lung,baseline,40000,99,93,93,0.22990856154628053
lung,baseline,40000,99,91,91,0.20279373590884955
lung,baseline,40000,99,90,90,0.1803908757239644
lung,baseline,40000,99,89,89,0.15375382093199852
lung,baseline,40000,99,87,87,0.07905481247649615
lung,baseline,40000,99,86,86,0.25184501006424864
lung,baseline,40000,99,81,81,0.2562541210503108
lung,baseline,40000,99,98,98,0.1234663767243265
lung,baseline,40000,99,98,98,0.014369822666269532
lung,baseline,40000,99,98,98,0.13151943841215372
lung,baseline,40000,99,98,98,0.03306621219928127
lung,baseline,40000,99,98,98,0.08174350271092475
lung,baseline,40000,99,98,98,0.27448470740569453
lung,baseline,40000,99,98,98,0.02374002124768464
lung,baseline,40000,99,96,96,0.05429695215129025
lung,baseline,40000,99,93,93,0.24359292557177425
lung,baseline,40000,99,98,98,0.16672427381684102
lung,baseline,40000,99,97,97,0.16488774233281564
lung,baseline,40000,99,97,97,0.15703154077724227
lung,baseline,40000,99,93,93,0.17260781074808468
lung,baseline,40000,99,92,92,0.24419365123213796
lung,baseline,40000,99,98,98,0.13479297782348412
lung,baseline,40000,99,98,98,0.17014978364189032
lung,baseline,40000,99,96,96,0.0359180967997477
lung,baseline,40000,99,94,94,0.15601088718294548
lung,baseline,40000,99,94,94,0.15081345979321284
lung,baseline,40000,99,43,43,0.2500948676499247
lung,baseline,40000,99,39,39,0.2490230044945752
lung,baseline,40000,99,98,98,0.10721934563038482
lung,baseline,40000,99,98,98,0.031696659934763456
lung,baseline,40000,99,98,98,0.16067528636888928
lung,baseline,40000,99,98,98,0.01851039780300669
lung,baseline,40000,99,96,96,0.02414033463447153
lung,baseline,40000,99,98,98,0.023711984949942144
lung,baseline,40000,99,98,98,0.1333799674660511
lung,baseline,40000,99,96,96,0.03311836407579812
lung,baseline,40000,99,93,93,0.17688055541841213
lung,baseline,40000,100,99,99,0.27200675758846726
lung,baseline,40000,100,99,99,0.23297409419497045
lung,baseline,40000,100,63,63,0.22403196111408877
lung,baseline,40000,100,95,95,0.026988646608367053
lung,baseline,40000,100,91,91,0.03670582652428141
lung,baseline,40000,100,87,87,0.21718452950699127
lung,baseline,40000,100,83,83,0.1963408167849159
lung,baseline,40000,100,80,80,0.20330960207947277
lung,baseline,40000,100,75,75,0.23101242731274194
lung,baseline,40000,100,39,39,0.2854681837258026
lung,baseline,40000,100,37,37,0.23405541166385796
lung,baseline,40000,100,20,20,0.4741972492311259
lung,baseline,40000,100,97,97,0.25025422333490815
lung,baseline,40000,100,93,93,0.24784445386694112
lung,baseline,40000,100,88,88,0.05315645573364602
lung,baseline,40000,100,81,81,0.23901613245497805
lung,baseline,40000,100,98,98,0.013911567529723437
lung,baseline,40000,100,93,93,0.02880783423202411
lung,baseline,40000,100,88,88,0.16169778909839894
lung,baseline,40000,100,99,99,0.13096380133264973
lung,baseline,40000,100,99,99,0.18973544926430866
lung,baseline,40000,100,99,99,0.01379878365173858
lung,baseline,40000,100,99,99,0.2214241180760035
lung,baseline,40000,100,96,96,0.05320572335822655
lung,baseline,40000,100,94,94,0.2542609377236604
lung,baseline,40000,100,87,87,0.22308468257566438
lung,baseline,40000,100,63,63,0.22253571233136132
lung,baseline,40000,100,99,99,0.1918932972493663
lung,baseline,40000,100,99,99,0.12406987993643195
lung,baseline,40000,100,99,99,0.13275745687037682
lung,baseline,40000,100,99,99,0.180644149534482
lung,baseline,40000,100,97,97,0.03673174292244188
lung,baseline,40000,100,95,95,0.19919301046979324
lung,baseline,40000,100,94,94,0.047877401369151175
lung,baseline,40000,100,93,93,0.20810564967717085
lung,baseline,40000,100,89,89,0.22262378880113542
lung,baseline,40000,100,66,66,0.2612523762605008
lung,baseline,40000,100,99,99,0.2014635355987818
lung,baseline,40000,100,89,89,0.2580477486515936
lung,baseline,40000,100,87,87,0.1648716529294725
lung,baseline,40000,100,99,99,0.00539881264125206
lung,baseline,40000,100,99,99,0.016252134950732435
lung,baseline,40000,100,99,99,0.014213205423606374
lung,baseline,40000,100,99,99,0.0096400485198931
lung,baseline,40000,100,99,99,0.014428802096240282
lung,baseline,40000,100,99,99,0.04995069821182596
lung,baseline,40000,100,99,99,0.009906451847177094
lung,baseline,40000,100,99,99,0.008947386419650543
lung,baseline,40000,100,99,99,0.023741179474138698
lung,baseline,40000,100,99,99,0.008987625195456416
lung,baseline,40000,100,99,99,0.15513375981777308
lung,baseline,40000,100,99,99,0.013984900399201822
lung,baseline,40000,100,99,99,0.10258588340053437
lung,baseline,40000,100,99,99,0.038806288453299975
lung,baseline,40000,100,99,99,0.014379817379956696
lung,baseline,40000,100,99,99,0.029093469802269074
lung,baseline,40000,100,99,99,0.014652983282999514
lung,baseline,40000,100,99,99,0.0037262569981614817
lung,baseline,40000,100,99,99,0.024812017887621794
lung,baseline,40000,100,98,98,0.021357400284029958
lung,baseline,40000,100,98,98,0.019849546743951757
lung,baseline,40000,100,98,98,0.020325958411529135
lung,baseline,40000,100,98,98,0.02821060122892809
lung,baseline,40000,100,98,98,0.014894179948984307
lung,baseline,40000,100,98,98,0.0225521969151803
lung,baseline,40000,100,97,97,0.03706049187919155
lung,baseline,40000,100,97,97,0.020697987594401557
lung,baseline,40000,100,97,97,0.03970951154484956
lung,baseline,40000,100,93,93,0.020247457844067715
lung,baseline,40000,100,99,99,0.1240734142576682
lung,baseline,40000,100,99,99,0.18238203963226216
lung,baseline,40000,100,98,98,0.004718848000660934
lung,baseline,40000,100,94,94,0.19045521122633424
lung,baseline,40000,100,96,96,0.15953449074892234
lung,baseline,40000,100,95,95,0.12968253391271395
lung,baseline,40000,100,93,93,0.05631528132966795
lung,baseline,40000,100,91,91,0.2079725028665042
lung,baseline,40000,100,90,90,0.05806778212276788
lung,baseline,40000,100,99,99,0.185666100544106
lung,baseline,40000,100,99,99,0.13478401443975835
lung,baseline,40000,100,97,97,0.037847353231469295
lung,baseline,40000,100,96,96,0.05448018188147202
lung,baseline,40000,100,94,94,0.19532048897841894
lung,baseline,40000,100,97,97,0.14123306022603802
lung,baseline,40000,100,93,93,0.20560653103916726
lung,baseline,40000,100,92,92,0.1934468720520507
lung,baseline,40000,100,88,88,0.19842677351594196
lung,baseline,40000,100,81,81,0.12339103237578006
lung,baseline,40000,100,95,95,0.028907159033227166
lung,baseline,40000,100,95,95,0.141367078323607
lung,baseline,40000,100,19,19,0.42160988200235233
lung,baseline,40000,100,88,88,0.27395716448529117
lung,baseline,40000,100,43,43,0.27011738909071836
lung,baseline,40000,100,39,39,0.27280590279415917
lung,baseline,40000,100,37,37,0.27060122783132395
lung,baseline,40000,100,36,36,0.23818355388998158
lung,baseline,40000,100,99,99,0.005054176657640415
lung,baseline,40000,100,99,99,0.07397900341219119
lung,baseline,40000,100,99,99,0.14277314415448575
lung,baseline,40000,100,99,99,0.2475228426026235
lung,baseline,40000,100,95,95,0.1903115501845607
lung,baseline,40000,100,95,95,0.21899288337896206
lung,baseline,40000,100,98,98,0.11220487510756978
lung,baseline,40000,100,96,96,0.16018200033796198
lung,baseline,40000,100,94,94,0.200054883815339
lung,baseline,40000,100,99,99,0.2638038865578993
lung,baseline,40000,100,99,99,0.024278132165716344
lung,baseline,40000,100,99,99,0.2491947897723805
lung,baseline,40000,100,98,98,0.05481331286173513
lung,baseline,40000,100,99,99,0.12477932529757314
lung,baseline,40000,100,99,99,0.19651899752684526
lung,baseline,40000,100,96,96,0.12374653888048752
lung,baseline,40000,100,99,99,0.24398552058678816
lung,baseline,40000,100,99,99,0.27912886997550385
lung,baseline,40000,100,98,98,0.11020458229684113
lung,baseline,40000,100,96,96,0.03664658578033978
lung,baseline,40000,100,95,95,0.2731719016644438
lung,baseline,40000,100,97,97,0.029322893775822884
lung,baseline,40000,100,95,95,0.1420856509549008
lung,baseline,40000,100,95,95,0.1499521959399802
lung,baseline,40000,100,95,95,0.18248095624277888
lung,baseline,40000,100,93,93,0.06833649547393711
lung,baseline,40000,100,87,87,0.21665849254126177
lung,baseline,40000,100,77,77,0.25204895538819777
lung,baseline,40000,100,73,73,0.308786879763079
lung,baseline,40000,100,62,62,0.2742778213473358
lung,baseline,40000,100,51,51,0.24483556613078536
lung,baseline,40000,100,91,91,0.19179921726215357
lung,baseline,40000,100,43,43,0.31685967002991267
lung,baseline,40000,100,39,39,0.30853688762493425
lung,baseline,40000,100,28,28,0.3578711463290099
lung,baseline,40000,100,98,98,0.1791789082102485
lung,baseline,40000,100,92,92,0.2527671243458087
lung,baseline,40000,100,91,91,0.0532122873152887
lung,baseline,40000,100,91,91,0.049010245431328536
lung,baseline,40000,100,89,89,0.1644627997164848
lung,baseline,40000,100,69,69,0.24542608531493124
lung,baseline,40000,100,68,68,0.22091586943005492
lung,baseline,40000,100,99,99,0.18873980016808314
lung,baseline,40000,100,93,93,0.16319135881335764
lung,baseline,40000,100,92,92,0.1885540248246448
lung,baseline,40000,100,90,90,0.24580890600054522
lung,baseline,40000,100,88,88,0.208638768152768
lung,baseline,40000,100,83,83,0.19955457037573912
lung,baseline,40000,100,72,72,0.16728214065513747
lung,baseline,40000,100,99,99,0.13087995901605382
lung,baseline,40000,100,99,99,0.1884235588007927
lung,baseline,40000,100,99,99,0.027228407979749767
lung,baseline,40000,100,99,99,0.00936873297233134
lung,baseline,40000,100,98,98,0.1262610234637229
lung,baseline,40000,100,94,94,0.19278149716206364
lung,baseline,40000,100,98,98,0.2303186617449873
lung,baseline,40000,100,98,98,0.21349342095441876
lung,baseline,40000,100,98,98,0.22573380545791918
lung,baseline,40000,100,97,97,0.22069374054595917
lung,baseline,40000,100,97,97,0.2212514468976323
lung,baseline,40000,100,97,97,0.20688051375182465
lung,baseline,40000,100,91,91,0.27623371820913856
lung,baseline,40000,100,90,90,0.28132340682794016
lung,baseline,40000,100,90,90,0.2308885740612547
lung,baseline,40000,100,89,89,0.27339633076062575
lung,baseline,40000,100,89,89,0.25522993621990886
lung,baseline,40000,100,87,87,0.16112483529801305
lung,baseline,40000,100,87,87,0.1979741580029943
lung,baseline,40000,100,98,98,0.11722573472942811
lung,baseline,40000,100,96,96,0.1640809615918842
lung,baseline,40000,100,96,96,0.04914519746648268
lung,baseline,40000,100,94,94,0.20131755926222986
lung,baseline,40000,100,93,93,0.05119820891293061
lung,baseline,40000,100,68,68,0.18598886474058013
lung,baseline,40000,100,99,99,0.19093550043658228
lung,baseline,40000,100,99,99,0.12123651624518882
lung,baseline,40000,100,99,99,0.23196343021628496
lung,baseline,40000,100,99,99,0.007353530490527459
lung,baseline,40000,100,99,99,0.010679635336431608
lung,baseline,40000,100,99,99,0.010515182715882145
lung,baseline,40000,100,99,99,0.22065912348877798
lung,baseline,40000,100,99,99,0.011467430810227358
lung,baseline,40000,100,98,98,0.025355572366309965
lung,baseline,40000,100,99,99,0.07126952796603384
lung,baseline,40000,100,98,98,0.22830603325467966
lung,baseline,40000,100,98,98,0.20883889995559893
lung,baseline,40000,100,97,97,0.17519903264978476
lung,baseline,40000,100,96,96,0.06413582993054988
lung,baseline,40000,100,96,96,0.15353241409353835
lung,baseline,40000,100,94,94,0.23098827153613044
lung,baseline,40000,100,87,87,0.20320060288831024
lung,baseline,40000,100,99,99,0.13153207868434946
lung,baseline,40000,100,99,99,0.1867607795539668
lung,baseline,40000,100,94,94,0.1919944308517186
lung,baseline,40000,100,83,83,0.1458387590183587
lung,baseline,40000,100,82,82,0.07948884400993397
lung,baseline,40000,100,98,98,0.21017430165120715
lung,baseline,40000,100,97,97,0.23702632567868992
lung,baseline,40000,100,96,96,0.2272387042581774
lung,baseline,40000,100,95,95,0.22682812806398445
lung,baseline,40000,100,90,90,0.22865302730728926
lung,baseline,40000,100,87,87,0.1652982115520515
lung,baseline,40000,100,87,87,0.19878121164792875
lung,baseline,40000,100,99,99,0.0462111769046895
lung,baseline,40000,100,99,99,0.13215060719182462
lung,baseline,40000,100,99,99,0.2568722588933603
lung,baseline,40000,100,99,99,0.16312462405390657
lung,baseline,40000,100,99,99,0.02146139339679437
lung,baseline,40000,100,98,98,0.022802029294918126
lung,baseline,40000,100,95,95,0.06609994575051502
lung,baseline,40000,100,99,99,0.017503515753083683
lung,baseline,40000,100,99,99,0.27157813621336746
lung,baseline,40000,100,99,99,0.2449013273312949
lung,baseline,40000,100,96,96,0.025098349161018645
lung,baseline,40000,100,96,96,0.07687964229186546
lung,baseline,40000,100,94,94,0.266540048471196
lung,baseline,40000,100,99,99,0.007495991542783702
lung,baseline,40000,100,99,99,0.1308117394126695
lung,baseline,40000,100,99,99,0.17560604730309406
lung,baseline,40000,100,98,98,0.0017332497111946525
lung,baseline,40000,100,94,94,0.19351772241581378
lung,baseline,40000,100,99,99,0.20514436686365561
lung,baseline,40000,100,98,98,0.007043209106966271
lung,baseline,40000,100,98,98,0.22446824899794046
lung,baseline,40000,100,94,94,0.258114201261704
lung,baseline,40000,100,94,94,0.07935197932940873
lung,baseline,40000,100,94,94,0.22822397177257567
lung,baseline,40000,100,92,92,0.2552169292490524
lung,baseline,40000,100,99,99,0.27739607392660764
lung,baseline,40000,100,99,99,0.2458341471844736
lung,baseline,40000,100,94,94,0.2703352949911105
lung,baseline,40000,100,99,99,0.19035053479335343
lung,baseline,40000,100,99,99,0.006243491549502534
lung,baseline,40000,100,99,99,0.09639672253740542
lung,baseline,40000,100,94,94,0.19823499426485647
lung,baseline,40000,100,93,93,0.030653579144706976
lung,baseline,40000,100,99,99,0.005502274899796802
lung,baseline,40000,100,99,99,0.009809944448285944
lung,baseline,40000,100,99,99,0.008470086621153164
lung,baseline,40000,100,99,99,0.024313777112941064
lung,baseline,40000,100,99,99,0.01000915054240287
lung,baseline,40000,100,99,99,0.006896557203226318
lung,baseline,40000,100,99,99,0.02224617341166955
lung,baseline,40000,100,99,99,0.016599787024159495
lung,baseline,40000,100,99,99,0.005449903093014369
lung,baseline,40000,100,99,99,0.013761992507866635
lung,baseline,40000,100,99,99,0.006198692671778508
lung,baseline,40000,100,99,99,0.011777066881350438
lung,baseline,40000,100,99,99,0.016141226868012976
lung,baseline,40000,100,99,99,0.013707242931654992
lung,baseline,40000,100,99,99,0.006284442547963833
lung,baseline,40000,100,99,99,0.008055290049478175
lung,baseline,40000,100,99,99,0.049121956270132154
lung,baseline,40000,100,99,99,0.13373356871563966
lung,baseline,40000,100,99,99,0.01633574595831254
lung,baseline,40000,100,99,99,0.014993688079222516
lung,baseline,40000,100,99,99,0.030479742788311826
lung,baseline,40000,100,99,99,0.10544575718217401
lung,baseline,40000,100,99,99,0.007964048228297983
lung,baseline,40000,100,99,99,0.00970353556109314
lung,baseline,40000,100,99,99,0.017167442113752672
lung,baseline,40000,100,99,99,0.022972096928086876
lung,baseline,40000,100,98,98,0.018969700357210344
lung,baseline,40000,100,98,98,0.014087767199252648
lung,baseline,40000,100,97,97,0.02987708630676428
lung,baseline,40000,100,97,97,0.038777119416199095
lung,baseline,40000,100,93,93,0.01264448044148556
lung,baseline,40000,100,99,99,0.11282438571628096
lung,baseline,40000,100,99,99,0.027844311436645522
lung,baseline,40000,100,99,99,0.016586580830612787
lung,baseline,40000,100,95,95,0.1430450322081839
lung,baseline,40000,100,99,99,0.18082919521124327
lung,baseline,40000,100,95,95,0.07310598313200667
lung,baseline,40000,100,93,93,0.23523892727058823
lung,baseline,40000,100,91,91,0.19054064204970436
lung,baseline,40000,100,89,89,0.16503631733733803
lung,baseline,40000,100,68,68,0.19207761284687858
lung,baseline,40000,100,79,79,0.24740573747496689
lung,baseline,40000,100,36,36,0.22914247900818902
lung,baseline,40000,100,98,98,0.248911266401479
lung,baseline,40000,100,98,98,0.2594588556151727
lung,baseline,40000,100,98,98,0.25196278561264307
lung,baseline,40000,100,96,96,0.2723269705927136
lung,baseline,40000,100,93,93,0.24202305846123218
lung,baseline,40000,100,92,92,0.2402021769230399
lung,baseline,40000,100,91,91,0.25284665571746306
lung,baseline,40000,100,90,90,0.015305359270354982
lung,baseline,40000,100,99,99,0.1850144290110048
lung,baseline,40000,100,98,98,0.17701729987151113
lung,baseline,40000,100,98,98,0.1325402612742305
lung,baseline,40000,100,94,94,0.19475262588710124
lung,baseline,40000,100,93,93,0.15860779094743283
lung,baseline,40000,100,89,89,0.04550091182434222
lung,baseline,40000,100,99,99,0.11389171513552966
lung,baseline,40000,100,92,92,0.13103447273000576
lung,baseline,40000,100,68,68,0.07610187318322638
lung,baseline,40000,100,99,99,0.20201806525245586
lung,baseline,40000,100,98,98,0.126434760529724
lung,baseline,40000,100,94,94,0.26891617676186624
lung,baseline,40000,100,94,94,0.23124462514371963
lung,baseline,40000,100,99,99,0.26209136556254087
lung,baseline,40000,100,99,99,0.2554712699056523
lung,baseline,40000,100,99,99,0.015831185357703746
lung,baseline,40000,100,99,99,0.005451865078352107
lung,baseline,40000,100,98,98,0.09911083312421748
lung,baseline,40000,100,98,98,0.03604374697758858
lung,baseline,40000,100,97,97,0.037003784778413484
lung,baseline,40000,100,95,95,0.24178026443921535
lung,baseline,40000,100,94,94,0.014781041397471068
lung,baseline,40000,100,99,99,0.12028503363751364
lung,baseline,40000,100,99,99,0.05161069658113133
lung,baseline,40000,100,99,99,0.022893013723139757
lung,baseline,40000,100,98,98,0.018525125960683123
lung,baseline,40000,100,98,98,0.005676429099707661
lung,baseline,40000,100,94,94,0.18588192717724966
lung,baseline,40000,100,98,98,0.01498913865965244
lung,baseline,40000,100,96,96,0.13517455550854196
lung,baseline,40000,100,99,99,0.2555423293944624
lung,baseline,40000,100,89,89,0.2466541226744819
lung,baseline,40000,100,56,56,0.24105787078256652
lung,baseline,40000,100,99,99,0.012963938764148131
lung,baseline,40000,100,97,97,0.032315881996550284
lung,baseline,40000,100,96,96,0.11301558451135345
lung,baseline,40000,100,95,95,0.1391448091284644
lung,baseline,40000,100,82,82,0.18507885256732506
lung,baseline,40000,100,37,37,0.31581659368107673
lung,baseline,40000,100,99,99,0.18799889196174907
lung,baseline,40000,100,97,97,0.1358732255765148
lung,baseline,40000,100,94,94,0.19561424900821162
lung,baseline,40000,100,83,83,0.1507527297632026
lung,baseline,40000,100,82,82,0.08139115432214349
lung,baseline,40000,100,98,98,0.11773085318379438
lung,baseline,40000,100,98,98,0.06385796901861075
lung,baseline,40000,100,94,94,0.1802814409437413
lung,baseline,40000,100,94,94,0.1436211448893204
lung,baseline,40000,100,90,90,0.20017351819739712
lung,baseline,40000,100,19,19,0.4181547372063946
lung,baseline,40000,100,90,90,0.17088684819809974
lung,baseline,40000,100,86,86,0.27298163070205556
lung,baseline,40000,100,84,84,0.23716701390277575
lung,baseline,40000,100,82,82,0.2581447059355301
lung,baseline,40000,100,70,70,0.30998338839743356
lung,baseline,40000,100,68,68,0.1718792405455575
lung,baseline,40000,100,43,43,0.31664695536041576
lung,baseline,40000,100,39,39,0.30580602452124406
lung,baseline,40000,100,99,99,0.018276294720610365
lung,baseline,40000,100,99,99,0.06662014680000039
lung,baseline,40000,100,99,99,0.003733129253037311
lung,baseline,40000,100,99,99,0.1351011551894733
lung,baseline,40000,100,99,99,0.1730477593824858
lung,baseline,40000,100,99,99,0.014290286920860587
lung,baseline,40000,100,98,98,0.012622815556559102
lung,baseline,40000,100,98,98,0.019650396685720977
lung,baseline,40000,100,98,98,0.005919436225359538
lung,baseline,40000,100,98,98,0.022757904801270466
lung,baseline,40000,100,96,96,0.03555521855976652
lung,baseline,40000,100,95,95,0.1551087126456286
lung,baseline,40000,100,92,92,0.051147849217922405
lung,baseline,40000,100,90,90,0.06641555020237375
lung,baseline,40000,100,99,99,0.18974349201088167
lung,baseline,40000,100,99,99,0.15749779855590856
lung,baseline,40000,100,96,96,0.11195004182502417
lung,baseline,40000,100,95,95,0.2502712462709714
lung,baseline,40000,100,94,94,0.23558131387204398
lung,baseline,40000,100,96,96,0.20501672958118208
lung,baseline,40000,100,94,94,0.261638617710358
lung,baseline,40000,100,92,92,0.1911429264794442
lung,baseline,40000,100,83,83,0.18443888543132533
lung,baseline,40000,100,98,98,0.19555483780338034
lung,baseline,40000,100,98,98,0.2095714918343591
lung,baseline,40000,100,98,98,0.23722812902181828
lung,baseline,40000,100,98,98,0.22240576075826557
lung,baseline,40000,100,98,98,0.24517166380313518
lung,baseline,40000,100,96,96,0.02882669329213984
lung,baseline,40000,100,96,96,0.13672097042593442
lung,baseline,40000,100,95,95,0.2292153635779697
lung,baseline,40000,100,85,85,0.22131527414978347
lung,baseline,40000,100,99,99,0.12549254532427323
lung,baseline,40000,100,99,99,0.24275700616730764
lung,baseline,40000,100,99,99,0.20817343547864992
lung,baseline,40000,100,98,98,0.14206080920066266
lung,baseline,40000,100,98,98,0.03808167132293195
lung,baseline,40000,100,98,98,0.043325615340471
lung,baseline,40000,100,97,97,0.010924946172819888
lung,baseline,40000,100,96,96,0.013550899694689337
lung,baseline,40000,100,96,96,0.1611363172773321
lung,baseline,40000,100,95,95,0.13920269888341272
lung,baseline,40000,100,75,75,0.1749395007573566
lung,baseline,40000,100,56,56,0.19641733611918358
lung,baseline,40000,100,40,40,0.17961477283977426
lung,baseline,40000,100,39,39,0.22560559242088324
lung,baseline,40000,100,37,37,0.19932969023156322
lung,baseline,40000,100,99,99,0.0013757929488273694
lung,baseline,40000,100,99,99,0.015595592975921991
lung,baseline,40000,100,99,99,0.008476810943497528
lung,baseline,40000,100,99,99,0.02141657199202251
lung,baseline,40000,100,99,99,0.00592141769893309
lung,baseline,40000,100,99,99,0.21543227813164878
lung,baseline,40000,100,99,99,0.25577976257867585
lung,baseline,40000,100,99,99,0.12821575241652347
lung,baseline,40000,100,99,99,0.02406755394357961
lung,baseline,40000,100,99,99,0.013781004794885527
lung,baseline,40000,100,99,99,0.02077884130817558
lung,baseline,40000,100,99,99,0.21875706556580762
lung,baseline,40000,100,98,98,0.04409838702946295
lung,baseline,40000,100,97,97,0.031393844323327376
lung,baseline,40000,100,97,97,0.022910396818227135
lung,baseline,40000,100,96,96,0.06759762933355117
lung,baseline,40000,100,99,99,0.24034246888041916
lung,baseline,40000,100,99,99,0.28336574977254214
lung,baseline,40000,100,99,99,0.002125635531108067
lung,baseline,40000,100,91,91,0.26509760075895894
lung,baseline,40000,100,98,98,0.12004853213499804
lung,baseline,40000,100,94,94,0.17913406785864097
lung,baseline,40000,100,89,89,0.20146716734269604
lung,baseline,40000,100,68,68,0.13209746431921957
lung,baseline,40000,100,66,66,0.23059547588606688
lung,baseline,40000,100,62,62,0.2156439751776995
lung,baseline,40000,100,51,51,0.1323440519539255
lung,baseline,40000,100,99,99,0.18556293882002373
lung,baseline,40000,100,98,98,0.00394246678316437
lung,baseline,40000,100,96,96,0.12320360264210128
lung,baseline,40000,100,96,96,0.11855574613498981
lung,baseline,40000,100,94,94,0.18788873533421416
lung,baseline,40000,100,86,86,0.18512017129265476
lung,baseline,40000,100,97,97,0.009769747472182106
lung,baseline,40000,100,56,56,0.2328652187809294
lung,baseline,40000,100,39,39,0.2777271081918595
lung,baseline,40000,100,37,37,0.2336043772665593
lung,baseline,40000,100,99,99,0.12794926236613044
lung,baseline,40000,100,99,99,0.11560652009611949
lung,baseline,40000,100,99,99,0.17175879639682415
lung,baseline,40000,100,99,99,0.02699935954784138
lung,baseline,40000,100,99,99,0.054270708859078094
lung,baseline,40000,100,98,98,0.006919823462483178
lung,baseline,40000,100,97,97,0.03577421861622701
lung,baseline,40000,100,93,93,0.029759723040037912
lung,baseline,40000,100,99,99,0.11120989194485963
lung,baseline,40000,100,99,99,0.006354649846905058
lung,baseline,40000,100,98,98,0.059554322893898386
lung,baseline,40000,100,96,96,0.13246111696147234
lung,baseline,40000,100,95,95,0.15753694467524326
lung,baseline,40000,100,99,99,0.2069655333883902
lung,baseline,40000,100,94,94,0.26976533142612863
lung,baseline,40000,100,87,87,0.16466968558096265
lung,baseline,40000,100,79,79,0.23203029216779003
lung,baseline,40000,100,78,78,0.2460044050730088
lung,baseline,40000,100,99,99,0.006289434495257038
lung,baseline,40000,100,99,99,0.1266099631828446
lung,baseline,40000,100,99,99,0.008528329181435281
lung,baseline,40000,100,98,98,0.1628066347693516
lung,baseline,40000,100,98,98,0.20858039263390696
lung,baseline,40000,100,98,98,0.20407021104079334
lung,baseline,40000,100,98,98,0.21514072610211754
lung,baseline,40000,100,97,97,0.2283345173076355
lung,baseline,40000,100,95,95,0.225337935452284
lung,baseline,40000,100,99,99,0.18825262224212497
lung,baseline,40000,100,99,99,0.0037233461926913327
lung,baseline,40000,100,96,96,0.2049226138699447
lung,baseline,40000,100,94,94,0.18213637471391766
lung,baseline,40000,100,99,99,0.1380323394284034
lung,baseline,40000,100,99,99,0.01546822441593015
lung,baseline,40000,100,99,99,0.008763511551862113
lung,baseline,40000,100,98,98,0.09501773766219498
lung,baseline,40000,100,98,98,0.1959869485224753
lung,baseline,40000,100,97,97,0.2183688834558312
lung,baseline,40000,100,93,93,0.19283373817108704
lung,baseline,40000,100,93,93,0.2502970137805324
lung,baseline,40000,100,92,92,0.1866107699687396
lung,baseline,40000,100,91,91,0.19894726892813216
lung,baseline,40000,100,97,97,0.13958549587097807
lung,baseline,40000,100,95,95,0.12847024555970887
lung,baseline,40000,100,92,92,0.12988325398456574
lung,baseline,40000,100,92,92,0.2181815425343739
lung,baseline,40000,100,92,92,0.1794679896878455
lung,baseline,40000,100,91,91,0.19167236438460514
lung,baseline,40000,100,83,83,0.17328627104300226
lung,baseline,40000,100,69,69,0.1849286885572636
lung,baseline,40000,100,43,43,0.23889214451134658
lung,baseline,40000,100,39,39,0.2312061127354693
lung,baseline,40000,100,37,37,0.20615603363133178
lung,baseline,40000,100,36,36,0.1867512864749311
lung,baseline,40000,100,98,98,0.1956772145160285
lung,baseline,40000,100,94,94,0.24927312180201944
lung,baseline,40000,100,92,92,0.23293490785357887
lung,baseline,40000,100,89,89,0.2493917608001394
lung,baseline,40000,100,51,51,0.17196599275603142
lung,baseline,40000,100,99,99,0.25118140375754777
lung,baseline,40000,100,99,99,0.06358191899907518
lung,baseline,40000,100,99,99,0.25327641647489657
lung,baseline,40000,100,98,98,0.18252988278809143
lung,baseline,40000,100,96,96,0.15214639366698712
lung,baseline,40000,100,95,95,0.16357514958373706
lung,baseline,40000,100,99,99,0.20425035827433724
lung,baseline,40000,100,86,86,0.24771718998046588
lung,baseline,40000,100,99,99,0.027201553344586966
lung,baseline,40000,100,96,96,0.16385687628040477
lung,baseline,40000,100,94,94,0.11489810720215116
lung,baseline,40000,100,94,94,0.187401438718478
lung,baseline,40000,100,99,99,0.01645346390797746
lung,baseline,40000,100,99,99,0.004655113647512679
lung,baseline,40000,100,99,99,0.013760650083262159
lung,baseline,40000,100,99,99,0.16624594289367658
lung,baseline,40000,100,99,99,0.004221611297673715
lung,baseline,40000,100,99,99,0.018519182936818826
lung,baseline,40000,100,99,99,0.02720641402250442
lung,baseline,40000,100,99,99,0.004259238363623759
lung,baseline,40000,100,99,99,0.015319628750074844
lung,baseline,40000,100,99,99,0.15617771115951212
lung,baseline,40000,100,99,99,0.010280337736352617
lung,baseline,40000,100,99,99,0.0151410987061696
lung,baseline,40000,100,99,99,0.04883206641492483
lung,baseline,40000,100,99,99,0.010335127042325615
lung,baseline,40000,100,99,99,0.16175188001127727
lung,baseline,40000,100,99,99,0.016816199970438057
lung,baseline,40000,100,99,99,0.02252254353441465
lung,baseline,40000,100,99,99,0.01189673687132064
lung,baseline,40000,100,99,99,0.020234004204276516
lung,baseline,40000,100,99,99,0.0028720667822202724
lung,baseline,40000,100,98,98,0.021473117922336183
lung,baseline,40000,100,98,98,0.016016227479242653
lung,baseline,40000,100,98,98,0.04330655071759122
lung,baseline,40000,100,97,97,0.01303383202108973
lung,baseline,40000,100,97,97,0.028856485318509956
lung,baseline,40000,100,97,97,0.05989147116289515
lung,baseline,40000,100,97,97,0.05137880349982855
lung,baseline,40000,100,96,96,0.013768837322060504
lung,baseline,40000,100,93,93,0.03152383888838376
lung,baseline,40000,100,90,90,0.20034545916745425
lung,baseline,40000,100,90,90,0.26233544410530973
lung,baseline,40000,100,68,68,0.17484532831003907
lung,baseline,40000,100,66,66,0.28847890900046363
lung,baseline,40000,100,62,62,0.2655026429661083
lung,baseline,40000,100,43,43,0.3169593534644536
lung,baseline,40000,100,39,39,0.3019805225698924
lung,baseline,40000,100,98,98,0.1607956601895381
lung,baseline,40000,100,97,97,0.17710046406709892
lung,baseline,40000,100,92,92,0.21196253938635323
lung,baseline,40000,100,89,89,0.244724836515942
lung,baseline,40000,100,81,81,0.18967867044251166
lung,baseline,40000,100,92,92,0.20514337977629832
lung,baseline,40000,100,89,89,0.22259305029506365
lung,baseline,40000,100,68,68,0.16812589547679715
lung,baseline,40000,100,37,37,0.2597508814300109
lung,baseline,40000,100,99,99,0.1880687274423441
lung,baseline,40000,100,99,99,0.02960720794014908
lung,baseline,40000,100,98,98,0.12566619053864417
lung,baseline,40000,100,98,98,0.1860534873115841
lung,baseline,40000,100,98,98,0.006322674886652414
lung,baseline,40000,100,98,98,0.13031044145920812
lung,baseline,40000,100,94,94,0.19219019404178664
lung,baseline,40000,100,99,99,0.01158094464233724
lung,baseline,40000,100,98,98,0.19115677603574008
lung,baseline,40000,100,98,98,0.21103693341066712
lung,baseline,40000,100,98,98,0.18713295256567852
lung,baseline,40000,100,98,98,0.209591146696316
lung,baseline,40000,100,98,98,0.13808761147930435
lung,baseline,40000,100,98,98,0.18671231699849855
lung,baseline,40000,100,93,93,0.19149288694748928
lung,baseline,40000,100,98,98,0.02640921267491567
lung,baseline,40000,100,95,95,0.2604958258860542
lung,baseline,40000,100,94,94,0.21296431971679358
lung,baseline,40000,100,51,51,0.1827957330898241
lung,baseline,40000,100,66,66,0.3418005153171927
lung,baseline,40000,100,62,62,0.30851097218740664
lung,baseline,40000,100,56,56,0.3368599867757977
lung,baseline,40000,100,51,51,0.22023490522011677
lung,baseline,40000,100,28,28,0.3666174633499807
lung,baseline,40000,100,99,99,0.27072427661103793
lung,baseline,40000,100,98,98,0.24858552292334327
lung,baseline,40000,100,96,96,0.23492521722496154
lung,baseline,40000,100,94,94,0.26481488144262216
lung,baseline,40000,100,94,94,0.1519599880121833
lung,baseline,40000,100,82,82,0.17277092216355244
lung,baseline,40000,100,68,68,0.07801771696333318
lung,baseline,40000,100,66,66,0.2177154472415292
lung,baseline,40000,100,62,62,0.18247160309521704
lung,baseline,40000,100,37,37,0.20684522679812817
lung,baseline,40000,100,36,36,0.1833708547725948
lung,baseline,40000,100,99,99,0.18789851732912335
lung,baseline,40000,100,94,94,0.04114335640807717
lung,baseline,40000,100,93,93,0.19240271370879516
lung,baseline,40000,100,91,91,0.1946367318695234
lung,baseline,40000,100,89,89,0.04881210545897189
lung,baseline,40000,100,86,86,0.24360880822180359
lung,baseline,40000,100,83,83,0.14683385213097094
lung,baseline,40000,100,82,82,0.0781459696189699
lung,baseline,40000,100,81,81,0.24176779051425762
lung,baseline,40000,100,79,79,0.20721630844228395
lung,baseline,40000,100,99,99,0.12786619105525437
lung,baseline,40000,100,99,99,0.1827795821176118
lung,baseline,40000,100,93,93,0.19021692103390211
lung,baseline,40000,100,93,93,0.19455538984971812
lung,baseline,40000,100,92,92,0.1932243320385088
lung,baseline,40000,100,87,87,0.19217473990421516
lung,baseline,40000,100,93,93,0.18792322337599013
lung,baseline,40000,100,93,93,0.27498519362122564
lung,baseline,40000,100,92,92,0.23165921810953666
lung,baseline,40000,100,91,91,0.24052668972529812
lung,baseline,40000,100,73,73,0.26204815584175634
lung,baseline,40000,100,68,68,0.19367806716466485
lung,baseline,40000,100,66,66,0.2751513449367117
lung,baseline,40000,100,62,62,0.24858480288666426
lung,baseline,40000,100,51,51,0.17616816124568116
lung,baseline,40000,100,99,99,0.13387508377584784
lung,baseline,40000,100,98,98,0.004732013079724486
lung,baseline,40000,100,98,98,0.028108400086587344
lung,baseline,40000,100,98,98,0.20590122681403772
lung,baseline,40000,100,96,96,0.042471691745543355
lung,baseline,40000,100,87,87,0.19997929111329044
lung,baseline,40000,100,97,97,0.14141230046559305
lung,baseline,40000,100,93,93,0.1287487846047895
lung,baseline,40000,100,93,93,0.23146614882423286
lung,baseline,40000,100,91,91,0.18893900073371428
lung,baseline,40000,100,89,89,0.21735263167459112
lung,baseline,40000,100,73,73,0.211905137243176
lung,baseline,40000,100,68,68,0.14671533278998114
lung,baseline,40000,100,66,66,0.25160266855940794
lung,baseline,40000,100,62,62,0.24241214557072013
lung,baseline,40000,100,51,51,0.15172905822875232
lung,baseline,40000,100,99,99,0.09879113497762679
lung,baseline,40000,100,99,99,0.027137310673501277
lung,baseline,40000,100,99,99,0.09026796340027904
lung,baseline,40000,100,99,99,0.0820560535219192
lung,baseline,40000,100,99,99,0.2850278137210338
lung,baseline,40000,100,99,99,0.025900671624620977
lung,baseline,40000,100,99,99,0.009090304499308852
lung,baseline,40000,100,99,99,0.018864395894189135
lung,baseline,40000,100,98,98,0.016412496822514167
lung,baseline,40000,100,97,97,0.03907906052965642
lung,baseline,40000,100,97,97,0.023778141873700167
lung,baseline,40000,100,97,97,0.054910898237369166
lung,baseline,40000,100,97,97,0.04127113493190583
lung,baseline,40000,100,97,97,0.03853405046532316
lung,baseline,40000,100,99,99,0.11116874122115687
lung,baseline,40000,100,98,98,0.07643296067914528
lung,baseline,40000,100,96,96,0.1571544322576646
lung,baseline,40000,100,98,98,0.18878150665041304
lung,baseline,40000,100,98,98,0.21199427654889882
lung,baseline,40000,100,98,98,0.21045797567184865
lung,baseline,40000,100,98,98,0.19083153447334433
lung,baseline,40000,100,95,95,0.13960564162376324
lung,baseline,40000,100,94,94,0.03771825991042234
lung,baseline,40000,100,94,94,0.1707603846069736
lung,baseline,40000,100,94,94,0.19858520693310663
lung,baseline,40000,100,94,94,0.19799198250295524
lung,baseline,40000,100,91,91,0.20075982340039641
lung,baseline,40000,100,89,89,0.04507215672364589
lung,baseline,40000,100,83,83,0.1479932822601687
lung,baseline,40000,100,82,82,0.08040030564281382
lung,baseline,40000,100,99,99,0.12905792223994422
lung,baseline,40000,100,98,98,0.20817320114519358
lung,baseline,40000,100,94,94,0.2483753366200901
lung,baseline,40000,100,93,93,0.22432316093311808
lung,baseline,40000,100,93,93,0.19363356878596982
lung,baseline,40000,100,93,93,0.23668740660426568
lung,baseline,40000,100,92,92,0.21249800377091294
lung,baseline,40000,100,92,92,0.22589216719166158
lung,baseline,40000,100,87,87,0.22321601610993094
lung,baseline,40000,100,89,89,0.25755663211518787
lung,baseline,40000,100,88,88,0.2241302888275933
lung,baseline,40000,100,83,83,0.22736950709076087
lung,baseline,40000,100,37,37,0.32031245202407155
lung,baseline,40000,101,100,100,0.12432404850450089
lung,baseline,40000,101,100,100,0.009687777898722048
lung,baseline,40000,101,100,100,0.16664627355109782
lung,baseline,40000,101,100,100,0.25693946487398256
lung,baseline,40000,101,95,95,0.21225292552510458
lung,baseline,40000,101,100,100,0.005408772784190517
lung,baseline,40000,101,100,100,0.01202099704568553
lung,baseline,40000,101,100,100,0.12803851504529715
lung,baseline,40000,101,100,100,0.009197993620287141
lung,baseline,40000,101,100,100,0.007283101278004499
lung,baseline,40000,101,100,100,0.01416663633223981
lung,baseline,40000,101,100,100,0.003875868975917722
lung,baseline,40000,101,100,100,0.008727994940482969
lung,baseline,40000,101,100,100,0.019705366414723934
lung,baseline,40000,101,100,100,0.0075490287500176575
lung,baseline,40000,101,100,100,0.013302556818267608
lung,baseline,40000,101,100,100,0.18781167105747154
lung,baseline,40000,101,100,100,0.013335076220407735
lung,baseline,40000,101,100,100,0.01813620591804432
lung,baseline,40000,101,100,100,0.12338245388132207
lung,baseline,40000,101,100,100,0.030849310560671285
lung,baseline,40000,101,100,100,0.08000575273817584
lung,baseline,40000,101,100,100,0.0032424055973299627
lung,baseline,40000,101,100,100,0.02790713632166423
lung,baseline,40000,101,100,100,0.012314823349190802
lung,baseline,40000,101,100,100,0.0031496779820923896
lung,baseline,40000,101,100,100,0.012229712544861047
lung,baseline,40000,101,100,100,0.01815608885186945
lung,baseline,40000,101,100,100,0.03880067860258567
lung,baseline,40000,101,100,100,0.01582848942069784
lung,baseline,40000,101,99,99,0.015746395760992862
lung,baseline,40000,101,99,99,0.04446466306779811
lung,baseline,40000,101,98,98,0.046323821354069525
lung,baseline,40000,101,98,98,0.029678704023483764
lung,baseline,40000,101,98,98,0.03744952387463859
lung,baseline,40000,101,99,99,0.01177119181321544
lung,baseline,40000,101,97,97,0.16460236375659193
lung,baseline,40000,101,100,100,0.20543156003727792
lung,baseline,40000,101,96,96,0.1693423729471958
lung,baseline,40000,101,96,96,0.23095068678425493
lung,baseline,40000,101,97,97,0.16918475484305434
lung,baseline,40000,101,99,99,0.20373451014433985
lung,baseline,40000,101,99,99,0.19477494113940014
lung,baseline,40000,101,99,99,0.20597950922378466
lung,baseline,40000,101,98,98,0.020791631357820105
lung,baseline,40000,101,98,98,0.19013905736302178
lung,baseline,40000,101,96,96,0.13025875912347115
lung,baseline,40000,101,95,95,0.21254203592277804
lung,baseline,40000,101,87,87,0.19354363341723757
lung,baseline,40000,101,100,100,0.0201177095265534
lung,baseline,40000,101,100,100,0.02021714909710559
lung,baseline,40000,101,97,97,0.15877866301743926
lung,baseline,40000,101,100,100,0.021435221070899534
lung,baseline,40000,101,96,96,0.15094172539756776
lung,baseline,40000,101,51,51,0.16216516461055222
lung,baseline,40000,101,43,43,0.3378999060031878
lung,baseline,40000,101,28,28,0.35720818613094396
lung,baseline,40000,101,100,100,0.12492494903032329
lung,baseline,40000,101,97,97,0.024770343580155965
lung,baseline,40000,101,96,96,0.20134602936048304
lung,baseline,40000,101,51,51,0.1601039121331526
lung,baseline,40000,101,100,100,0.17365178194323608
lung,baseline,40000,101,96,96,0.23548003506288315
lung,baseline,40000,101,96,96,0.028055402775176555
lung,baseline,40000,101,94,94,0.2458420553162781
lung,baseline,40000,101,92,92,0.21195387579169497
lung,baseline,40000,101,87,87,0.23350414202975484
lung,baseline,40000,101,90,90,0.12957058029337176
lung,baseline,40000,101,87,87,0.23790830515690245
lung,baseline,40000,101,87,87,0.17131920468955036
lung,baseline,40000,101,87,87,0.0421296499644851
lung,baseline,40000,101,85,85,0.21297732211536263
lung,baseline,40000,101,81,81,0.13207017743721733
lung,baseline,40000,101,75,75,0.2544211711029478
lung,baseline,40000,101,100,100,0.1869367546316194
lung,baseline,40000,101,100,100,0.15758864974651723
lung,baseline,40000,101,100,100,0.12401763050574605
lung,baseline,40000,101,100,100,0.2328264993047723
lung,baseline,40000,101,99,99,0.09463328248539266
lung,baseline,40000,101,96,96,0.23020326766417717
lung,baseline,40000,101,99,99,0.13310224342253826
lung,baseline,40000,101,97,97,0.02833589510608172
lung,baseline,40000,101,95,95,0.1809486240906798
lung,baseline,40000,101,92,92,0.13529154564414628
lung,baseline,40000,101,99,99,0.21209383752829142
lung,baseline,40000,101,98,98,0.04079351618324173
lung,baseline,40000,101,97,97,0.19755703817225037
lung,baseline,40000,101,96,96,0.218790883914853
lung,baseline,40000,101,95,95,0.2191643983815167
lung,baseline,40000,101,94,94,0.2138477295833097
lung,baseline,40000,101,94,94,0.2824437871704771
lung,baseline,40000,101,86,86,0.2220723706703125
lung,baseline,40000,101,98,98,0.2568299393236219
lung,baseline,40000,101,97,97,0.20484997945012384
lung,baseline,40000,101,96,96,0.2875472906296889
lung,baseline,40000,101,93,93,0.23314827396405327
lung,baseline,40000,101,92,92,0.11636411081573395
lung,baseline,40000,101,91,91,0.30939494881082935
lung,baseline,40000,101,87,87,0.2148261004278166
lung,baseline,40000,101,73,73,0.3129425008120544
lung,baseline,40000,101,66,66,0.36716674328141463
lung,baseline,40000,101,62,62,0.3346806552256112
lung,baseline,40000,101,83,83,0.21389104898523428
lung,baseline,40000,101,83,83,0.21770074953740925
lung,baseline,40000,101,43,43,0.30477935939553935
lung,baseline,40000,101,39,39,0.299647463115091
lung,baseline,40000,101,95,95,0.23665721965542452
lung,baseline,40000,101,93,93,0.2639251803435933
lung,baseline,40000,101,93,93,0.20832612510296541
lung,baseline,40000,101,93,93,0.21859142099050002
lung,baseline,40000,101,92,92,0.22874517640751138
lung,baseline,40000,101,91,91,0.2218117618677064
lung,baseline,40000,101,91,91,0.25337940741655984
lung,baseline,40000,101,91,91,0.24354371311586873
lung,baseline,40000,101,90,90,0.2517850488674679
lung,baseline,40000,101,89,89,0.2653582522559991
lung,baseline,40000,101,87,87,0.2603600124338599
lung,baseline,40000,101,68,68,0.23327087151754977
lung,baseline,40000,101,62,62,0.1609888234981256
lung,baseline,40000,101,62,62,0.24039734532570584
lung,baseline,40000,101,100,100,0.1545297803676226
lung,baseline,40000,101,98,98,0.04930906848819703
lung,baseline,40000,101,96,96,0.17544501513537689
lung,baseline,40000,101,43,43,0.30300639256473905
lung,baseline,40000,101,39,39,0.3010796436097921
lung,baseline,40000,101,37,37,0.22970841636164469
lung,baseline,40000,101,28,28,0.33335098946827174
lung,baseline,40000,101,100,100,0.20684017182797704
lung,baseline,40000,101,97,97,0.1813893832285345
lung,baseline,40000,101,96,96,0.20826572609817728
lung,baseline,40000,101,90,90,0.2320037253821406
lung,baseline,40000,101,68,68,0.20995021040897963
lung,baseline,40000,101,66,66,0.2427320051509669
lung,baseline,40000,101,62,62,0.23040391377303457
lung,baseline,40000,101,56,56,0.26130023384359674
lung,baseline,40000,101,43,43,0.2938221243180417
lung,baseline,40000,101,39,39,0.31965793177659974
lung,baseline,40000,101,99,99,0.12614974677613494
lung,baseline,40000,101,97,97,0.1093414428178814
lung,baseline,40000,101,97,97,0.17173603971444837
lung,baseline,40000,101,96,96,0.13011283914994068
lung,baseline,40000,101,95,95,0.05795071981923937
lung,baseline,40000,101,95,95,0.16025175448458234
lung,baseline,40000,101,94,94,0.041700998196385286
lung,baseline,40000,101,94,94,0.23009745629302691
lung,baseline,40000,101,93,93,0.13456520116304893
lung,baseline,40000,101,91,91,0.18497245164057566
lung,baseline,40000,101,90,90,0.1304941991951176
lung,baseline,40000,101,92,92,0.21526726261091797
lung,baseline,40000,101,89,89,0.07288394502948763
lung,baseline,40000,101,85,85,0.2289973953806198
lung,baseline,40000,101,82,82,0.2460399526121738
lung,baseline,40000,101,68,68,0.17826690979460913
lung,baseline,40000,101,51,51,0.15715870599319007
lung,baseline,40000,101,100,100,0.0017192384040001496
lung,baseline,40000,101,100,100,0.2531508859685295
lung,baseline,40000,101,100,100,0.10049983931473461
lung,baseline,40000,101,100,100,0.0035777259094017483
lung,baseline,40000,101,100,100,0.062585408280356
lung,baseline,40000,101,100,100,0.007878934849463526
lung,baseline,40000,101,100,100,0.002376361868526932
lung,baseline,40000,101,100,100,0.24683093114743243
lung,baseline,40000,101,98,98,0.03686150651870672
lung,baseline,40000,101,98,98,0.004458974130638759
lung,baseline,40000,101,97,97,0.03260102921202728
lung,baseline,40000,101,99,99,0.005725540755050951
lung,baseline,40000,101,98,98,0.04187558624025771
lung,baseline,40000,101,97,97,0.1238764465041907
lung,baseline,40000,101,96,96,0.19396769183978538
lung,baseline,40000,101,95,95,0.16573393610368387
lung,baseline,40000,101,96,96,0.21317289213843868
lung,baseline,40000,101,92,92,0.2421404179995755
lung,baseline,40000,101,87,87,0.23486899302732978
lung,baseline,40000,101,51,51,0.19397038484686174
lung,baseline,40000,101,28,28,0.36189681118843314
lung,baseline,40000,101,98,98,0.02868678966513848
lung,baseline,40000,101,95,95,0.19294717238147224
lung,baseline,40000,101,95,95,0.21451804463807367
lung,baseline,40000,101,94,94,0.18036831721701552
lung,baseline,40000,101,91,91,0.16379389111946618
lung,baseline,40000,101,100,100,0.17302764966347228
lung,baseline,40000,101,97,97,0.14974626559374926
lung,baseline,40000,101,96,96,0.1649201961085074
lung,baseline,40000,101,100,100,0.2531425068820617
lung,baseline,40000,101,97,97,0.26659595662520086
lung,baseline,40000,101,95,95,0.1243505677700738
lung,baseline,40000,101,92,92,0.23845186150295697
lung,baseline,40000,101,56,56,0.21824062068936553
lung,baseline,40000,101,98,98,0.20146304746328997
lung,baseline,40000,101,96,96,0.05995444019970967
lung,baseline,40000,101,96,96,0.17407388865683027
lung,baseline,40000,101,89,89,0.25329704208901044
lung,baseline,40000,101,81,81,0.2195326109615532
lung,baseline,40000,101,100,100,0.19448838891774833
lung,baseline,40000,101,95,95,0.21871408767266062
lung,baseline,40000,101,95,95,0.1483667824882929
lung,baseline,40000,101,86,86,0.29353704961710797
lung,baseline,40000,101,100,100,0.16451839032156157
lung,baseline,40000,101,99,99,0.08204010302217712
lung,baseline,40000,101,99,99,0.21287027466843908
lung,baseline,40000,101,96,96,0.1737961346768936
lung,baseline,40000,101,100,100,0.03487374580632451
lung,baseline,40000,101,100,100,0.0625877859308153
lung,baseline,40000,101,100,100,0.010601549612117834
lung,baseline,40000,101,100,100,0.06164067288048668
lung,baseline,40000,101,100,100,0.27342839334236824
lung,baseline,40000,101,100,100,0.1119463411015659
lung,baseline,40000,101,100,100,0.011181495741210912
lung,baseline,40000,101,100,100,0.2381301212806146
lung,baseline,40000,101,99,99,0.003948898753221761
lung,baseline,40000,101,98,98,0.024882099196756127
lung,baseline,40000,101,98,98,0.02071939529370319
lung,baseline,40000,101,98,98,0.020440407109542962
lung,baseline,40000,101,96,96,0.04725778599918615
lung,baseline,40000,101,56,56,0.2361973872183307
lung,baseline,40000,101,51,51,0.2190017965373305
lung,baseline,40000,101,43,43,0.27766054704316206
lung,baseline,40000,101,28,28,0.3748709711380614
lung,baseline,40000,101,96,96,0.12192111456114153
lung,baseline,40000,101,94,94,0.023275525737116047
lung,baseline,40000,101,92,92,0.15487942609473507
lung,baseline,40000,101,90,90,0.05506176363017495
lung,baseline,40000,101,89,89,0.14428475379772912
lung,baseline,40000,101,96,96,0.18647117827843251
lung,baseline,40000,101,95,95,0.16889805671958974
lung,baseline,40000,101,68,68,0.13549665827731147
lung,baseline,40000,101,100,100,0.23480540808933287
lung,baseline,40000,101,96,96,0.12124191384220466
lung,baseline,40000,101,96,96,0.1910487802547367
lung,baseline,40000,101,95,95,0.242770155179603
lung,baseline,40000,101,100,100,0.22071297643039586
lung,baseline,40000,101,97,97,0.04255965874282527
lung,baseline,40000,101,96,96,0.2658574363805232
lung,baseline,40000,101,96,96,0.23585006414743448
lung,baseline,40000,101,98,98,0.20802268729086437
lung,baseline,40000,101,94,94,0.21876058605628632
lung,baseline,40000,101,94,94,0.23792927377868447
lung,baseline,40000,101,94,94,0.21478663743976076
lung,baseline,40000,101,92,92,0.26375968718986775
lung,baseline,40000,101,89,89,0.24774133790016994
lung,baseline,40000,101,81,81,0.2151370621178503
lung,baseline,40000,101,99,99,0.2438013167480841
lung,baseline,40000,101,99,99,0.23662288803686113
lung,baseline,40000,101,98,98,0.25106034246010006
lung,baseline,40000,101,96,96,0.21560284252734505
lung,baseline,40000,101,95,95,0.23063763742107662
lung,baseline,40000,101,100,100,0.017563143488615415
lung,baseline,40000,101,100,100,0.11686571191514367
lung,baseline,40000,101,100,100,0.12558039977817143
lung,baseline,40000,101,99,99,0.0749979321913321
lung,baseline,40000,101,98,98,0.04374223772859593
lung,baseline,40000,101,97,97,0.15708300440502218
lung,baseline,40000,101,95,95,0.13262407038543828
lung,baseline,40000,101,82,82,0.22704189126521704
lung,baseline,40000,101,68,68,0.17543280732264482
lung,baseline,40000,101,66,66,0.27049011815426455
lung,baseline,40000,101,62,62,0.25953450527062033
lung,baseline,40000,101,51,51,0.16210153165806865
lung,baseline,40000,101,43,43,0.32445478252856697
lung,baseline,40000,101,98,98,0.18628204148583924
lung,baseline,40000,101,97,97,0.21439055064500084
lung,baseline,40000,101,95,95,0.17051910608661006
lung,baseline,40000,101,94,94,0.2571054183442282
lung,baseline,40000,101,93,93,0.22453926718542302
lung,baseline,40000,101,92,92,0.22287807553689395
lung,baseline,40000,101,91,91,0.17210421138908735
lung,baseline,40000,101,91,91,0.23755253312930008
lung,baseline,40000,101,87,87,0.17629372845322883
lung,baseline,40000,101,95,95,0.18880199997630714
lung,baseline,40000,101,93,93,0.0423176842741361
lung,baseline,40000,101,92,92,0.18957995476891248
lung,baseline,40000,101,89,89,0.24217715118836625
lung,baseline,40000,101,86,86,0.18505939114345168
lung,baseline,40000,101,84,84,0.20401822084951368
lung,baseline,40000,101,68,68,0.19571574329658328
lung,baseline,40000,101,100,100,0.11934312686065311
lung,baseline,40000,101,100,100,0.01954452704081572
lung,baseline,40000,101,99,99,0.1345720592434959
lung,baseline,40000,101,96,96,0.2049540534787945
lung,baseline,40000,101,96,96,0.1368074633307315
lung,baseline,40000,101,94,94,0.047517572029841255
lung,baseline,40000,101,93,93,0.1418315793640448
lung,baseline,40000,101,91,91,0.044202287756384136
lung,baseline,40000,101,90,90,0.1438920197067523
lung,baseline,40000,101,89,89,0.06374676282114226
lung,baseline,40000,101,100,100,0.12290843201972501
lung,baseline,40000,101,100,100,0.004865804989348816
lung,baseline,40000,101,95,95,0.18332147753216144
lung,baseline,40000,101,97,97,0.14345333934343701
lung,baseline,40000,101,95,95,0.19684830463102745
lung,baseline,40000,101,83,83,0.17411629892162164
lung,baseline,40000,101,87,87,0.20521036976580023
lung,baseline,40000,101,87,87,0.2035865996385774
lung,baseline,40000,101,79,79,0.22196201752862432
lung,baseline,40000,101,68,68,0.13316897103444106
lung,baseline,40000,101,43,43,0.2851955764434183
lung,baseline,40000,101,37,37,0.24473480134463213
lung,baseline,40000,101,28,28,0.3449246526718044
lung,baseline,40000,101,100,100,0.010981593418176804
lung,baseline,40000,101,99,99,0.1480110642858309
lung,baseline,40000,101,98,98,0.18671406751896613
lung,baseline,40000,101,96,96,0.16771815747493948
lung,baseline,40000,101,96,96,0.026877920373051478
lung,baseline,40000,101,95,95,0.2440354708385085
lung,baseline,40000,101,93,93,0.16895778619142587
lung,baseline,40000,101,92,92,0.2335780181035259
lung,baseline,40000,101,89,89,0.23747837512414757
lung,baseline,40000,101,81,81,0.20756713453455736
lung,baseline,40000,101,99,99,0.23733404901270386
lung,baseline,40000,101,97,97,0.02968396195313619
lung,baseline,40000,101,96,96,0.1909145578310587
lung,baseline,40000,101,96,96,0.2359547311987121
lung,baseline,40000,101,96,96,0.190265125158354
lung,baseline,40000,101,93,93,0.04686723811748578
lung,baseline,40000,101,97,97,0.1153693823453837
lung,baseline,40000,101,87,87,0.15514874518061592
lung,baseline,40000,101,84,84,0.13385503345938923
lung,baseline,40000,101,100,100,0.26034016290970385
lung,baseline,40000,101,99,99,0.011121971390836403
lung,baseline,40000,101,99,99,0.014370445335703004
lung,baseline,40000,101,99,99,0.10365873299313846
lung,baseline,40000,101,98,98,0.1516414997996076
lung,baseline,40000,101,97,97,0.15163291256556444
lung,baseline,40000,101,97,97,0.16658463492204006
lung,baseline,40000,101,97,97,0.2662451120453411
lung,baseline,40000,101,96,96,0.16407396723211545
lung,baseline,40000,101,95,95,0.23745550330679016
lung,baseline,40000,101,91,91,0.17458196052000136
lung,baseline,40000,101,56,56,0.2794132629997662
lung,baseline,40000,101,40,40,0.22208127465617036
lung,baseline,40000,101,39,39,0.27336377770178516
lung,baseline,40000,101,37,37,0.2903899556057904
lung,baseline,40000,101,89,89,0.2269331761884771
lung,baseline,40000,101,87,87,0.22363435538170764
lung,baseline,40000,101,84,84,0.2716712258758733
lung,baseline,40000,101,80,80,0.29131977757349764
lung,baseline,40000,101,62,62,0.20156192248195892
lung,baseline,40000,101,51,51,0.20005564689007208
lung,baseline,40000,101,43,43,0.32247691318811833
lung,baseline,40000,101,100,100,0.20187228437030216
lung,baseline,40000,101,62,62,0.1946206638667235
lung,baseline,40000,101,100,100,0.014066798417809261
lung,baseline,40000,101,100,100,0.00619813594956301
lung,baseline,40000,101,100,100,0.12415238404295775
lung,baseline,40000,101,100,100,0.031620764874355486
lung,baseline,40000,101,100,100,0.07071735861863714
lung,baseline,40000,101,100,100,0.011418633876263512
lung,baseline,40000,101,100,100,0.0055792923433984395
lung,baseline,40000,101,100,100,0.0011663129892554166
lung,baseline,40000,101,100,100,0.005221209082072156
lung,baseline,40000,101,100,100,0.052809518557103044
lung,baseline,40000,101,100,100,0.1619242761701834
lung,baseline,40000,101,100,100,0.12589246499877396
lung,baseline,40000,101,100,100,0.005556591382403022
lung,baseline,40000,101,100,100,0.004845321085622275
lung,baseline,40000,101,100,100,0.21082190519918761
lung,baseline,40000,101,100,100,0.017540289407680116
lung,baseline,40000,101,98,98,0.010496190922699298
lung,baseline,40000,101,95,95,0.0060106916853847935
lung,baseline,40000,101,93,93,0.2076248921420424
lung,baseline,40000,101,89,89,0.2295510084685945
lung,baseline,40000,101,63,63,0.1971230068539763
lung,baseline,40000,101,37,37,0.2295116629586597
lung,baseline,40000,101,28,28,0.36852443160147796
lung,baseline,40000,101,100,100,0.022276062707006883
lung,baseline,40000,101,100,100,0.12270265021743815
lung,baseline,40000,101,100,100,0.12292139631155567
lung,baseline,40000,101,99,99,0.012730903818989774
lung,baseline,40000,101,97,97,0.019168878126011996
lung,baseline,40000,101,94,94,0.03719727470659032
lung,baseline,40000,101,89,89,0.06974338383587496
lung,baseline,40000,101,89,89,0.0689743215376952
lung,baseline,40000,101,95,95,0.18364967250449116
lung,baseline,40000,101,95,95,0.15282958715755754
lung,baseline,40000,101,94,94,0.11368351404833432
lung,baseline,40000,101,92,92,0.1523553602641281
lung,baseline,40000,101,91,91,0.16731551295131794
lung,baseline,40000,101,79,79,0.19413821564217715
lung,baseline,40000,101,83,83,0.20627995486901202
lung,baseline,40000,101,43,43,0.32695218595794784
lung,baseline,40000,101,39,39,0.3162239565201406
lung,baseline,40000,101,27,27,0.34460161823258884
lung,baseline,40000,101,92,92,0.24919948926112961
lung,baseline,40000,101,91,91,0.19171896139725988
lung,baseline,40000,101,90,90,0.2714249905430655
lung,baseline,40000,101,88,88,0.19168454964487924
lung,baseline,40000,101,87,87,0.24025000225442106
lung,baseline,40000,101,87,87,0.27624245707021144
lung,baseline,40000,101,87,87,0.17673171271473917
lung,baseline,40000,101,86,86,0.1753139872108064
lung,baseline,40000,101,83,83,0.23875321688754123
lung,baseline,40000,101,80,80,0.20703990920885595
lung,baseline,40000,101,62,62,0.18206131701922001
lung,baseline,40000,101,100,100,0.15683586190440296
lung,baseline,40000,101,100,100,0.2125811175061328
lung,baseline,40000,101,100,100,0.056749774317713955
lung,baseline,40000,101,98,98,0.18444557588713495
lung,baseline,40000,101,97,97,0.11798813196945325
lung,baseline,40000,101,96,96,0.13615115790255708
lung,baseline,40000,101,100,100,0.16091114803128284
lung,baseline,40000,101,91,91,0.23185085423974788
lung,baseline,40000,101,100,100,0.2580431168572293
lung,baseline,40000,101,96,96,0.17708916528036592
lung,baseline,40000,101,95,95,0.016594809002934488
lung,baseline,40000,101,92,92,0.2595079058416195
lung,baseline,40000,101,91,91,0.2829350384379882
lung,baseline,40000,101,90,90,0.262718534244707
lung,baseline,40000,101,90,90,0.22167560663865565
lung,baseline,40000,101,89,89,0.2506857799035226
lung,baseline,40000,101,89,89,0.25354556458217703
lung,baseline,40000,101,88,88,0.13141582143225905
lung,baseline,40000,101,99,99,0.170704698556627
lung,baseline,40000,101,98,98,0.219639935864633
lung,baseline,40000,101,94,94,0.2799812436046663
lung,baseline,40000,101,94,94,0.26989238413532407
lung,baseline,40000,101,93,93,0.29784155113874633
lung,baseline,40000,101,92,92,0.28067367452008585
lung,baseline,40000,101,91,91,0.239914951356628
lung,baseline,40000,101,51,51,0.2178959680097129
lung,baseline,40000,101,86,86,0.2280000842368421
lung,baseline,40000,101,70,70,0.27500547839344985
lung,baseline,40000,101,56,56,0.25555609150063807
lung,baseline,40000,101,43,43,0.31357520359472624
lung,baseline,40000,101,39,39,0.3046660091058692
lung,baseline,40000,101,37,37,0.2477003867320873
lung,baseline,40000,101,28,28,0.33944349835919896
lung,baseline,40000,101,100,100,0.12518311227991152
lung,baseline,40000,101,97,97,0.023604860859272478
lung,baseline,40000,101,95,95,0.19452299807580262
lung,baseline,40000,101,68,68,0.1780804659356241
lung,baseline,40000,101,51,51,0.1655913851276051
lung,baseline,40000,101,97,97,0.13258113987832543
lung,baseline,40000,101,96,96,0.15149387820571877
lung,baseline,40000,101,100,100,0.014553049962779608
lung,baseline,40000,101,100,100,0.015848734921850172
lung,baseline,40000,101,100,100,0.018000844543283004
lung,baseline,40000,101,100,100,0.11381860451930625
lung,baseline,40000,101,100,100,0.010557465419697432
lung,baseline,40000,101,99,99,0.015464833398676124
lung,baseline,40000,101,96,96,0.13480671928841956
lung,baseline,40000,101,100,100,0.12286320457637034
lung,baseline,40000,101,100,100,0.06116396965645972
lung,baseline,40000,101,99,99,0.11866899738214434
lung,baseline,40000,101,97,97,0.026181788672201438
lung,baseline,40000,101,95,95,0.18454273658465753
lung,baseline,40000,101,100,100,0.15754786326122971
lung,baseline,40000,101,98,98,0.20902431647265282
lung,baseline,40000,101,98,98,0.14055801570631501
lung,baseline,40000,101,93,93,0.24065982650228068
lung,baseline,40000,101,91,91,0.07645365479464301
lung,baseline,40000,101,84,84,0.2096707454654982
lung,baseline,40000,101,100,100,0.11631767300269374
lung,baseline,40000,101,98,98,0.008293209427101557
lung,baseline,40000,101,95,95,0.17163537615549815
lung,baseline,40000,101,100,100,0.02984402438273508
lung,baseline,40000,101,97,97,0.03284498219948211
lung,baseline,40000,101,97,97,0.12223482546256001
lung,baseline,40000,101,96,96,0.1313786068651023
lung,baseline,40000,101,95,95,0.03666299135353164
lung,baseline,40000,101,90,90,0.03205028605376603
lung,baseline,40000,101,100,100,0.2011099718373998
lung,baseline,40000,101,97,97,0.19640431741737396
lung,baseline,40000,101,95,95,0.21334861519168707
lung,baseline,40000,101,87,87,0.09965304078511088
lung,baseline,40000,101,100,100,0.23737518498821328
lung,baseline,40000,101,96,96,0.24812955693664374
lung,baseline,40000,101,96,96,0.20906621389523203
lung,baseline,40000,101,90,90,0.2901848838278746
lung,baseline,40000,101,89,89,0.23879343869983918
lung,baseline,40000,101,82,82,0.3118682178694737
lung,baseline,40000,101,68,68,0.2753419898948509
lung,baseline,40000,101,51,51,0.2451087086989335
lung,baseline,40000,101,100,100,0.2518031288973469
lung,baseline,40000,101,87,87,0.23373086361041645
lung,baseline,40000,101,56,56,0.23260857131440563
lung,baseline,40000,101,99,99,0.20451318292403053
lung,baseline,40000,101,90,90,0.2874232925422143
lung,baseline,40000,101,20,20,0.5805928459234033
lung,baseline,40000,101,100,100,0.025905481221553114
lung,baseline,40000,101,100,100,0.09577061626265791
lung,baseline,40000,101,99,99,0.0405669174881253
lung,baseline,40000,101,98,98,0.03198812244145542
lung,baseline,40000,101,97,97,0.1425813395955057
lung,baseline,40000,101,97,97,0.012981523967050974
lung,baseline,40000,101,93,93,0.2402840189235236
lung,baseline,40000,101,91,91,0.0770093417341249
lung,baseline,40000,101,83,83,0.24901386411263993
lung,baseline,40000,101,99,99,0.2479224783200611
lung,baseline,40000,101,99,99,0.23119468856383585
lung,baseline,40000,101,99,99,0.22266448939033778
lung,baseline,40000,101,97,97,0.07629752924261814
lung,baseline,40000,101,95,95,0.23662442479316226
lung,baseline,40000,101,95,95,0.26730320913262545
lung,baseline,40000,101,87,87,0.25186724615944694
lung,baseline,40000,101,100,100,0.11926234307057855
lung,baseline,40000,101,98,98,0.036359753462604436
lung,baseline,40000,101,97,97,0.131065378481841
lung,baseline,40000,101,96,96,0.15741553113007864
lung,baseline,40000,101,99,99,0.05116432655480397
lung,baseline,40000,101,95,95,0.12538000245107875
lung,baseline,40000,101,94,94,0.022332747257395178
lung,baseline,40000,101,91,91,0.16738142151054597
lung,baseline,40000,101,90,90,0.05233479630786767
lung,baseline,40000,101,89,89,0.1411481989919901
lung,baseline,40000,101,89,89,0.15900043284851903
lung,baseline,40000,101,88,88,0.15425700584378996
lung,baseline,40000,101,100,100,0.011998454986746515
lung,baseline,40000,101,97,97,0.1632574779029827
lung,baseline,40000,101,95,95,0.20906157804375364
lung,baseline,40000,101,94,94,0.2723315802216339
lung,baseline,40000,101,93,93,0.26367975781764075
lung,baseline,40000,101,92,92,0.2818527631035368
lung,baseline,40000,101,89,89,0.21465245782169262
lung,baseline,40000,101,68,68,0.24809349307870127
lung,baseline,40000,101,62,62,0.17626448113643448
lung,baseline,40000,101,51,51,0.21078038106302385
lung,baseline,40000,101,96,96,0.16495964164865282
lung,baseline,40000,101,94,94,0.11880696895176518
lung,baseline,40000,101,94,94,0.1510843953758168
lung,baseline,40000,101,90,90,0.1310222740354113
lung,baseline,40000,101,83,83,0.14165954131719727
lung,baseline,40000,101,68,68,0.10152264339223291
lung,baseline,40000,101,95,95,0.14850179507134417
lung,baseline,40000,101,90,90,0.11476555304685286
lung,baseline,40000,101,88,88,0.18383204316414403
lung,baseline,40000,101,79,79,0.18823761698978358
lung,baseline,40000,101,68,68,0.08252872415555662
lung,baseline,40000,101,99,99,0.016801436921463853
lung,baseline,40000,101,97,97,0.14189435710900528
lung,baseline,40000,101,100,100,0.1646328549722756
lung,baseline,40000,101,100,100,0.00714125135619339
lung,baseline,40000,101,100,100,0.20286858796417895
lung,baseline,40000,101,99,99,0.022034391823362573
lung,baseline,40000,101,96,96,0.17862938578222395
lung,baseline,40000,101,96,96,0.05356208197103427
lung,baseline,40000,101,88,88,0.06309985340580318
lung,baseline,40000,102,101,101,0.24206404552543298
lung,baseline,40000,102,101,101,0.12119268266474294
lung,baseline,40000,102,96,96,0.22532251389645142
lung,baseline,40000,102,72,72,0.21802712592088958
lung,baseline,40000,102,43,43,0.347138570798844
lung,baseline,40000,102,39,39,0.3499513750480323
lung,baseline,40000,102,37,37,0.32488118027375784
lung,baseline,40000,102,97,97,0.18944438961232693
lung,baseline,40000,102,90,90,0.04541959449636962
lung,baseline,40000,102,87,87,0.2223179298385455
lung,baseline,40000,102,97,97,0.1755052809494178
lung,baseline,40000,102,97,97,0.24121071761244373
lung,baseline,40000,102,68,68,0.17031098513863835
lung,baseline,40000,102,101,101,0.1830724334938462
lung,baseline,40000,102,101,101,0.1640669930044778
lung,baseline,40000,102,101,101,0.009183007498435754
lung,baseline,40000,102,101,101,0.11978996022971831
lung,baseline,40000,102,100,100,0.08610918141356637
lung,baseline,40000,102,98,98,0.021769595754072044
lung,baseline,40000,102,94,94,0.040908272834506855
lung,baseline,40000,102,91,91,0.07655500828855656
lung,baseline,40000,102,101,101,0.01661414590421031
lung,baseline,40000,102,101,101,0.010595133114530217
lung,baseline,40000,102,101,101,0.013905498652980734
lung,baseline,40000,102,101,101,0.02798770481137468
lung,baseline,40000,102,101,101,0.024698428639771203
lung,baseline,40000,102,101,101,0.039440749561529244
lung,baseline,40000,102,101,101,0.010020909916534926
lung,baseline,40000,102,99,99,0.026074519952505308
lung,baseline,40000,102,99,99,0.011113066671820807
lung,baseline,40000,102,98,98,0.1257321503281899
lung,baseline,40000,102,98,98,0.031643644551183986
lung,baseline,40000,102,97,97,0.1470210025812353
lung,baseline,40000,102,100,100,0.2736982435983683
lung,baseline,40000,102,97,97,0.22958638308516596
lung,baseline,40000,102,97,97,0.2773703974723053
lung,baseline,40000,102,92,92,0.26796167671021387
lung,baseline,40000,102,98,98,0.1247182380504069
lung,baseline,40000,102,98,98,0.15440471508060344
lung,baseline,40000,102,96,96,0.18971919931967215
lung,baseline,40000,102,101,101,0.023261282796242427
lung,baseline,40000,102,101,101,0.0071719943526279886
lung,baseline,40000,102,99,99,0.1516373916411599
lung,baseline,40000,102,97,97,0.2000612714502876
lung,baseline,40000,102,96,96,0.18209274574887666
lung,baseline,40000,102,97,97,0.17923144296191007
lung,baseline,40000,102,97,97,0.14216629680724477
lung,baseline,40000,102,100,100,0.20138962418035303
lung,baseline,40000,102,100,100,0.009161662942323323
lung,baseline,40000,102,99,99,0.19698769944289668
lung,baseline,40000,102,98,98,0.033135444529616837
lung,baseline,40000,102,96,96,0.21033557741920772
lung,baseline,40000,102,95,95,0.1302607967230057
lung,baseline,40000,102,28,28,0.3513951974933912
lung,baseline,40000,102,97,97,0.21618076810603362
lung,baseline,40000,102,95,95,0.2330144429405758
lung,baseline,40000,102,94,94,0.18042553397687727
lung,baseline,40000,102,93,93,0.22299106150908932
lung,baseline,40000,102,90,90,0.21376044297685692
lung,baseline,40000,102,90,90,0.2578819388636427
lung,baseline,40000,102,88,88,0.2099183399194859
lung,baseline,40000,102,68,68,0.22098832161281196
lung,baseline,40000,102,101,101,0.04303322882564844
lung,baseline,40000,102,101,101,0.16826542754109683
lung,baseline,40000,102,98,98,0.14697975909031977
lung,baseline,40000,102,97,97,0.15910279925432966
lung,baseline,40000,102,101,101,0.12897447429500042
lung,baseline,40000,102,101,101,0.18527852806679068
lung,baseline,40000,102,101,101,0.1601256979284603
lung,baseline,40000,102,101,101,0.02878209494813348
lung,baseline,40000,102,100,100,0.07699372645258719
lung,baseline,40000,102,99,99,0.012687893024047712
lung,baseline,40000,102,99,99,0.015046329975960497
lung,baseline,40000,102,95,95,0.10210979867586874
lung,baseline,40000,102,91,91,0.07937459177156994
lung,baseline,40000,102,80,80,0.19323237458795778
lung,baseline,40000,102,66,66,0.2465478853030015
lung,baseline,40000,102,62,62,0.2191643754933515
lung,baseline,40000,102,56,56,0.2125331683419671
lung,baseline,40000,102,43,43,0.24234627801343797
lung,baseline,40000,102,39,39,0.24089501853002843
lung,baseline,40000,102,37,37,0.21081504272856375
lung,baseline,40000,102,36,36,0.1862920177462004
lung,baseline,40000,102,101,101,0.2247562345545631
lung,baseline,40000,102,99,99,0.06693372514590662
lung,baseline,40000,102,97,97,0.2729576247909348
lung,baseline,40000,102,91,91,0.2403402864168203
lung,baseline,40000,102,84,84,0.23971356566770585
lung,baseline,40000,102,101,101,0.1096216588627949
lung,baseline,40000,102,100,100,0.0462004556976399
lung,baseline,40000,102,98,98,0.16442577318459778
lung,baseline,40000,102,95,95,0.03420933974341749
lung,baseline,40000,102,88,88,0.2724422801018978
lung,baseline,40000,102,88,88,0.06226161082006978
lung,baseline,40000,102,87,87,0.2649841605396723
lung,baseline,40000,102,86,86,0.26024331486956387
lung,baseline,40000,102,86,86,0.1934149755176356
lung,baseline,40000,102,75,75,0.2678169610936307
lung,baseline,40000,102,69,69,0.22834608068867643
lung,baseline,40000,102,101,101,0.11615893549982172
lung,baseline,40000,102,97,97,0.15818771971177434
lung,baseline,40000,102,96,96,0.14575940870852033
lung,baseline,40000,102,89,89,0.16167217604940998
lung,baseline,40000,102,97,97,0.17198448056709872
lung,baseline,40000,102,90,90,0.14047752141673095
lung,baseline,40000,102,68,68,0.10118186644671648
lung,baseline,40000,102,62,62,0.21877413981970156
lung,baseline,40000,102,101,101,0.1838069478771491
lung,baseline,40000,102,97,97,0.23352490195831926
lung,baseline,40000,102,96,96,0.20569215429304752
lung,baseline,40000,102,95,95,0.14472898009369164
lung,baseline,40000,102,95,95,0.03786347068664077
lung,baseline,40000,102,95,95,0.08558618024996312
lung,baseline,40000,102,92,92,0.0630869482283132
lung,baseline,40000,102,95,95,0.26446944357273267
lung,baseline,40000,102,95,95,0.2668500236087889
lung,baseline,40000,102,68,68,0.21137724773369684
lung,baseline,40000,102,37,37,0.2308902074857236
lung,baseline,40000,102,98,98,0.17030361769220692
lung,baseline,40000,102,97,97,0.22231255163096678
lung,baseline,40000,102,96,96,0.23787878368366253
lung,baseline,40000,102,95,95,0.1410628413002507
lung,baseline,40000,102,95,95,0.19551229647013546
lung,baseline,40000,102,94,94,0.265253300929037
lung,baseline,40000,102,92,92,0.2572684078922154
lung,baseline,40000,102,100,100,0.25430284801995057
lung,baseline,40000,102,98,98,0.24415035009440472
lung,baseline,40000,102,97,97,0.26222821199520435
lung,baseline,40000,102,97,97,0.2531006466489349
lung,baseline,40000,102,95,95,0.19145543965909323
lung,baseline,40000,102,95,95,0.13732906027992903
lung,baseline,40000,102,94,94,0.2648592190575648
lung,baseline,40000,102,91,91,0.24684060059552707
lung,baseline,40000,102,98,98,0.1633687638845205
lung,baseline,40000,102,95,95,0.19992615188350504
lung,baseline,40000,102,92,92,0.03724876650884327
lung,baseline,40000,102,101,101,0.2554349664763108
lung,baseline,40000,102,101,101,0.051102120360633836
lung,baseline,40000,102,101,101,0.16159667152413176
lung,baseline,40000,102,101,101,0.18769613605528035
lung,baseline,40000,102,97,97,0.165304764409615
lung,baseline,40000,102,96,96,0.1861854132596433
lung,baseline,40000,102,94,94,0.20329040970822013
lung,baseline,40000,102,93,93,0.15060492853087865
lung,baseline,40000,102,92,92,0.1370401465806755
lung,baseline,40000,102,89,89,0.06578706154918995
lung,baseline,40000,102,51,51,0.153279712539438
lung,baseline,40000,102,98,98,0.16338915220282194
lung,baseline,40000,102,37,37,0.22856002079270407
lung,baseline,40000,102,90,90,0.22992026856941838
lung,baseline,40000,102,90,90,0.13279340472864126
lung,baseline,40000,102,88,88,0.23585198843528257
lung,baseline,40000,102,87,87,0.23204224190610867
lung,baseline,40000,102,87,87,0.1726045135157836
lung,baseline,40000,102,87,87,0.06397281119568013
lung,baseline,40000,102,85,85,0.2137456565601638
lung,baseline,40000,102,81,81,0.13660114989343045
lung,baseline,40000,102,80,80,0.2125763074973622
lung,baseline,40000,102,75,75,0.25797478447535105
lung,baseline,40000,102,101,101,0.03126390557633863
lung,baseline,40000,102,101,101,0.12365768108639075
lung,baseline,40000,102,101,101,0.11353565155047228
lung,baseline,40000,102,100,100,0.016705994872468558
lung,baseline,40000,102,99,99,0.1035507290508215
lung,baseline,40000,102,101,101,0.278464413646165
lung,baseline,40000,102,98,98,0.2461135350935321
lung,baseline,40000,102,96,96,0.23664664659121984
lung,baseline,40000,102,95,95,0.05055919240105995
lung,baseline,40000,102,101,101,0.1279212736280429
lung,baseline,40000,102,101,101,0.19091090875463634
lung,baseline,40000,102,98,98,0.17423448155616686
lung,baseline,40000,102,98,98,0.026802202282947492
lung,baseline,40000,102,101,101,0.1588550616924503
lung,baseline,40000,102,101,101,0.13837119009183663
lung,baseline,40000,102,99,99,0.04203124268079664
lung,baseline,40000,102,101,101,0.18268023049506205
lung,baseline,40000,102,101,101,0.21100775090260523
lung,baseline,40000,102,97,97,0.2384268890442238
lung,baseline,40000,102,97,97,0.19985365133524616
lung,baseline,40000,102,95,95,0.04510719691642483
lung,baseline,40000,102,94,94,0.20118469501225628
lung,baseline,40000,102,101,101,0.03214393839432714
lung,baseline,40000,102,101,101,0.18341336848054196
lung,baseline,40000,102,101,101,0.22251049919076202
lung,baseline,40000,102,97,97,0.28393557391202984
lung,baseline,40000,102,101,101,0.05790020826203106
lung,baseline,40000,102,97,97,0.13848134331024703
lung,baseline,40000,102,94,94,0.11853981184560577
lung,baseline,40000,102,95,95,0.249231717230444
lung,baseline,40000,102,93,93,0.18962579598990886
lung,baseline,40000,102,92,92,0.24597942706341805
lung,baseline,40000,102,91,91,0.2436921720640552
lung,baseline,40000,102,89,89,0.2508973989422609
lung,baseline,40000,102,51,51,0.16788813126556032
lung,baseline,40000,102,101,101,0.1290588446305624
lung,baseline,40000,102,101,101,0.09709189260308916
lung,baseline,40000,102,100,100,0.026802934345546783
lung,baseline,40000,102,99,99,0.032517885107067046
lung,baseline,40000,102,98,98,0.14864528000337093
lung,baseline,40000,102,98,98,0.043648216031056904
lung,baseline,40000,102,101,101,0.17547653645697356
lung,baseline,40000,102,101,101,0.17824397126138125
lung,baseline,40000,102,97,97,0.2239248722723096
lung,baseline,40000,102,90,90,0.22865468482990517
lung,baseline,40000,102,101,101,0.12342300635679564
lung,baseline,40000,102,98,98,0.14120997347214492
lung,baseline,40000,102,98,98,0.031846049289240265
lung,baseline,40000,102,97,97,0.15967499467664534
lung,baseline,40000,102,51,51,0.1743826116374033
lung,baseline,40000,102,43,43,0.3438500042552703
lung,baseline,40000,102,28,28,0.39067883201373316
lung,baseline,40000,102,101,101,0.0214225593738495
lung,baseline,40000,102,100,100,0.20216807740075265
lung,baseline,40000,102,96,96,0.234005189110005
lung,baseline,40000,102,96,96,0.1777964564218618
lung,baseline,40000,102,94,94,0.1760095237758246
lung,baseline,40000,102,92,92,0.1911299386824417
lung,baseline,40000,102,92,92,0.19888237100784234
lung,baseline,40000,102,91,91,0.1818389158013415
lung,baseline,40000,102,89,89,0.19670672799057579
lung,baseline,40000,102,89,89,0.15125023351886532
lung,baseline,40000,102,88,88,0.17880227177897978
lung,baseline,40000,102,101,101,0.015318641286517571
lung,baseline,40000,102,100,100,0.16502242268958128
lung,baseline,40000,102,100,100,0.05841471443374146
lung,baseline,40000,102,97,97,0.1750255615181089
lung,baseline,40000,102,92,92,0.06926490635833736
lung,baseline,40000,102,91,91,0.07931022066739896
lung,baseline,40000,102,90,90,0.2761354508987621
lung,baseline,40000,102,90,90,0.21741839237426433
lung,baseline,40000,102,88,88,0.28334015476962365
lung,baseline,40000,102,87,87,0.267389536359718
lung,baseline,40000,102,78,78,0.24775232268444647
lung,baseline,40000,102,77,77,0.23599042719224228
lung,baseline,40000,102,73,73,0.24346222279979654
lung,baseline,40000,102,51,51,0.21463929118889882
lung,baseline,40000,102,43,43,0.2869546249682129
lung,baseline,40000,102,100,100,0.23613522007023857
lung,baseline,40000,102,95,95,0.29007628781976635
lung,baseline,40000,102,95,95,0.23056803309725335
lung,baseline,40000,102,94,94,0.2211778713866791
lung,baseline,40000,102,94,94,0.22135080233030063
lung,baseline,40000,102,88,88,0.26654812218222895
lung,baseline,40000,102,100,100,0.20187409203869905
lung,baseline,40000,102,100,100,0.19608095945972298
lung,baseline,40000,102,96,96,0.2532904890221283
lung,baseline,40000,102,94,94,0.29534749261648663
lung,baseline,40000,102,94,94,0.31038115482961476
lung,baseline,40000,102,92,92,0.2812981791345653
lung,baseline,40000,102,91,91,0.23769882789870836
lung,baseline,40000,102,90,90,0.30383527220078227
lung,baseline,40000,102,90,90,0.2930488944009881
lung,baseline,40000,102,90,90,0.2780286562961052
lung,baseline,40000,102,87,87,0.24584446718987016
lung,baseline,40000,102,99,99,0.2420793765491996
lung,baseline,40000,102,98,98,0.2255337881945808
lung,baseline,40000,102,95,95,0.18031396240459135
lung,baseline,40000,102,95,95,0.23206899213095092
lung,baseline,40000,102,95,95,0.28252160173310226
lung,baseline,40000,102,91,91,0.23735164661767394
lung,baseline,40000,102,87,87,0.21142084411460416
lung,baseline,40000,102,72,72,0.26003670245047783
lung,baseline,40000,102,98,98,0.16199318090566928
lung,baseline,40000,102,94,94,0.11880247246452773
lung,baseline,40000,102,93,93,0.05687152338705392
lung,baseline,40000,102,101,101,0.12830661368283588
lung,baseline,40000,102,101,101,0.1683520844117294
lung,baseline,40000,102,100,100,0.1891933197693196
lung,baseline,40000,102,95,95,0.2562637390169114
lung,baseline,40000,102,94,94,0.04621290118085272
lung,baseline,40000,102,91,91,0.08749676619772842
lung,baseline,40000,102,91,91,0.08109582223546363
lung,baseline,40000,102,101,101,0.19149216714114098
lung,baseline,40000,102,101,101,0.20038703703050603
lung,baseline,40000,102,101,101,0.19761767238155398
lung,baseline,40000,102,100,100,0.06262550313874925
lung,baseline,40000,102,96,96,0.20122535742368672
lung,baseline,40000,102,96,96,0.1954357268125486
lung,baseline,40000,102,100,100,0.22753155462338892
lung,baseline,40000,102,100,100,0.19094865801164587
lung,baseline,40000,102,96,96,0.1984188857603375
lung,baseline,40000,102,96,96,0.27079790894554484
lung,baseline,40000,102,96,96,0.19846599634966078
lung,baseline,40000,102,96,96,0.1949225859146828
lung,baseline,40000,102,95,95,0.22491507503185487
lung,baseline,40000,102,95,95,0.21919407521376574
lung,baseline,40000,102,92,92,0.2502148597138639
lung,baseline,40000,102,91,91,0.2204159177013809
lung,baseline,40000,102,91,91,0.2231333406333084
lung,baseline,40000,102,89,89,0.25531427823519626
lung,baseline,40000,102,88,88,0.24755502937754092
lung,baseline,40000,102,101,101,0.10952272208165535
lung,baseline,40000,102,100,100,0.06409508502868978
lung,baseline,40000,102,99,99,0.009247762954385728
lung,baseline,40000,102,98,98,0.1601756172376411
lung,baseline,40000,102,98,98,0.040639516303573195
lung,baseline,40000,102,101,101,0.11776254122656023
lung,baseline,40000,102,99,99,0.030118920055147578
lung,baseline,40000,102,97,97,0.14306033930378473
lung,baseline,40000,102,101,101,0.07618898184992004
lung,baseline,40000,102,101,101,0.15741224846630295
lung,baseline,40000,102,100,100,0.026756663217599095
lung,baseline,40000,102,97,97,0.25129752485502843
lung,baseline,40000,102,96,96,0.21856075168586206
lung,baseline,40000,102,94,94,0.19284709958988147
lung,baseline,40000,102,95,95,0.10835442646356648
lung,baseline,40000,102,95,95,0.25054604111454365
lung,baseline,40000,102,94,94,0.20323913413050912
lung,baseline,40000,102,89,89,0.16788371053837106
lung,baseline,40000,102,89,89,0.24559012612661762
lung,baseline,40000,102,87,87,0.2670688768464869
lung,baseline,40000,102,100,100,0.15064708501588278
lung,baseline,40000,102,92,92,0.04019130089148641
lung,baseline,40000,102,91,91,0.05529651400535025
lung,baseline,40000,102,90,90,0.2248777511300872
lung,baseline,40000,102,99,99,0.051996694718176674
lung,baseline,40000,102,98,98,0.1578937807996795
lung,baseline,40000,102,90,90,0.053067405218397104
lung,baseline,40000,102,90,90,0.034474941949728825
lung,baseline,40000,102,87,87,0.22179668679939246
lung,baseline,40000,102,101,101,0.11223585424469824
lung,baseline,40000,102,99,99,0.02486515354278803
lung,baseline,40000,102,97,97,0.14253068870037983
lung,baseline,40000,102,101,101,0.05291766418541878
lung,baseline,40000,102,100,100,0.13032688251613014
lung,baseline,40000,102,97,97,0.21017327354140747
lung,baseline,40000,102,96,96,0.16785070708162944
lung,baseline,40000,102,101,101,0.17392875373074274
lung,baseline,40000,102,100,100,0.15758966250873496
lung,baseline,40000,102,92,92,0.2243017111390339
lung,baseline,40000,102,101,101,0.1848035450074738
lung,baseline,40000,102,101,101,0.02677942190154008
lung,baseline,40000,102,101,101,0.23247268816768346
lung,baseline,40000,102,101,101,0.19322002624087972
lung,baseline,40000,102,101,101,0.0033060576819677
lung,baseline,40000,102,88,88,0.21932212938670848
lung,baseline,40000,102,83,83,0.207483089528035
lung,baseline,40000,102,83,83,0.22510755355450224
lung,baseline,40000,102,83,83,0.25465348436714214
lung,baseline,40000,102,69,69,0.2544366074792655
lung,baseline,40000,102,92,92,0.03914183396550884
lung,baseline,40000,102,101,101,0.1147554008049165
lung,baseline,40000,102,101,101,0.006681594697250731
lung,baseline,40000,102,97,97,0.15641006765751625
lung,baseline,40000,102,101,101,0.041217259583283705
lung,baseline,40000,102,101,101,0.11032450694866941
lung,baseline,40000,102,101,101,0.026002847228399833
lung,baseline,40000,102,100,100,0.01032738639945473
lung,baseline,40000,102,97,97,0.12640066550530832
lung,baseline,40000,102,99,99,0.1519810005763398
lung,baseline,40000,102,97,97,0.19963921118585848
lung,baseline,40000,102,96,96,0.18116500947494377
lung,baseline,40000,102,68,68,0.17322068560969608
lung,baseline,40000,102,51,51,0.15414139903664698
lung,baseline,40000,102,101,101,0.05161159428764016
lung,baseline,40000,102,101,101,0.018401308901697902
lung,baseline,40000,102,99,99,0.17733314519105292
lung,baseline,40000,102,97,97,0.2449425691392802
lung,baseline,40000,102,97,97,0.17400063592084256
lung,baseline,40000,102,101,101,0.018251894194578042
lung,baseline,40000,102,101,101,0.011787450875838493
lung,baseline,40000,102,101,101,0.012124408235479946
lung,baseline,40000,102,101,101,0.11541031054849211
lung,baseline,40000,102,101,101,0.13090957039535484
lung,baseline,40000,102,99,99,0.06636436458556398
lung,baseline,40000,102,98,98,0.025562304991863637
lung,baseline,40000,102,95,95,0.030556577783220653
lung,baseline,40000,102,89,89,0.03514763665483144
lung,baseline,40000,102,101,101,0.16180973761766795
lung,baseline,40000,102,100,100,0.0812146350758268
lung,baseline,40000,102,100,100,0.133466601218606
lung,baseline,40000,102,96,96,0.13537594992805504
lung,baseline,40000,102,95,95,0.21192559198742375
lung,baseline,40000,102,95,95,0.2580523224013667
lung,baseline,40000,102,95,95,0.2041541801137097
lung,baseline,40000,102,95,95,0.20638678465096877
lung,baseline,40000,102,94,94,0.04440769489383234
lung,baseline,40000,102,91,91,0.07988494306242887
lung,baseline,40000,102,91,91,0.21339303557052727
lung,baseline,40000,102,91,91,0.2686928749745501
lung,baseline,40000,102,91,91,0.20239355545333682
lung,baseline,40000,102,89,89,0.2565161728768819
lung,baseline,40000,102,91,91,0.23738213537272093
lung,baseline,40000,102,89,89,0.22574909106021881
lung,baseline,40000,102,87,87,0.20352846661938825
lung,baseline,40000,102,86,86,0.23109542719476625
lung,baseline,40000,102,83,83,0.27823694239011987
lung,baseline,40000,102,81,81,0.2815449578914203
lung,baseline,40000,102,75,75,0.2803672535806602
lung,baseline,40000,102,69,69,0.24356815988628083
lung,baseline,40000,102,62,62,0.19724326242394064
lung,baseline,40000,102,83,83,0.17560451302504848
lung,baseline,40000,102,43,43,0.3074877954671127
lung,baseline,40000,102,39,39,0.2914690736382657
lung,baseline,40000,102,101,101,0.0993890479454947
lung,baseline,40000,102,101,101,0.045125481294274516
lung,baseline,40000,102,100,100,0.017342771514780725
lung,baseline,40000,102,99,99,0.017665133662351184
lung,baseline,40000,102,99,99,0.025941793580659067
lung,baseline,40000,102,98,98,0.1559321123858204
lung,baseline,40000,102,101,101,0.02384580945159869
lung,baseline,40000,102,100,100,0.12308826041240416
lung,baseline,40000,102,99,99,0.07903302658296786
lung,baseline,40000,102,98,98,0.1591824176883588
lung,baseline,40000,102,96,96,0.19953325693356783
lung,baseline,40000,102,95,95,0.07078265623727739
lung,baseline,40000,102,100,100,0.07621790113535382
lung,baseline,40000,102,97,97,0.19473307056409064
lung,baseline,40000,102,96,96,0.2069174588377191
lung,baseline,40000,102,101,101,0.09963958526655442
lung,baseline,40000,102,101,101,0.25289280797006464
lung,baseline,40000,102,101,101,0.05059080403120555
lung,baseline,40000,102,101,101,0.11579364406356339
lung,baseline,40000,102,101,101,0.002928395367778961
lung,baseline,40000,102,101,101,0.15517486804541536
lung,baseline,40000,102,101,101,0.00929283352243824
lung,baseline,40000,102,101,101,0.01981698821853062
lung,baseline,40000,102,99,99,0.007529030555877954
lung,baseline,40000,102,98,98,0.0047846850411184605
lung,baseline,40000,102,75,75,0.2309150141142806
lung,baseline,40000,102,56,56,0.24789636815466215
lung,baseline,40000,102,51,51,0.15855405563943598
lung,baseline,40000,102,43,43,0.3205376690025043
lung,baseline,40000,102,96,96,0.23521257280162974
lung,baseline,40000,102,89,89,0.17044130308481673
lung,baseline,40000,102,87,87,0.2608612257335675
lung,baseline,40000,102,86,86,0.24201141782351643
lung,baseline,40000,102,86,86,0.18034803452340945
lung,baseline,40000,102,83,83,0.25062471150918875
lung,baseline,40000,102,62,62,0.10422191585306119
lung,baseline,40000,102,98,98,0.15132376796432784
lung,baseline,40000,102,96,96,0.2004376740208759
lung,baseline,40000,102,101,101,0.16049063698102214
lung,baseline,40000,102,101,101,0.022984260229346916
lung,baseline,40000,102,101,101,0.19464756161311375
lung,baseline,40000,102,99,99,0.04013160965931324
lung,baseline,40000,102,97,97,0.17635522995316405
lung,baseline,40000,102,62,62,0.10809687439071693
lung,baseline,40000,102,100,100,0.025248314309968087
lung,baseline,40000,102,97,97,0.16221458929990645
lung,baseline,40000,102,94,94,0.18363177870122477
lung,baseline,40000,102,101,101,0.2578431520180321
lung,baseline,40000,102,101,101,0.06516834267671487
lung,baseline,40000,102,97,97,0.2557363685858925
lung,baseline,40000,102,99,99,0.20299047748152227
lung,baseline,40000,102,89,89,0.2818338001056866
lung,baseline,40000,102,51,51,0.18232673274640346
lung,baseline,40000,102,28,28,0.3903779132669394
lung,baseline,40000,102,101,101,0.02459129528486143
lung,baseline,40000,102,101,101,0.011803607130781138
lung,baseline,40000,102,98,98,0.16258458481833266
lung,baseline,40000,102,101,101,0.27780481470258456
lung,baseline,40000,102,96,96,0.17082524336514962
lung,baseline,40000,102,99,99,0.008391282817055515
lung,baseline,40000,102,98,98,0.14181103996021957
lung,baseline,40000,102,97,97,0.1596577496154711
lung,baseline,40000,102,101,101,0.134982712490596
lung,baseline,40000,102,101,101,0.1633585274421227
lung,baseline,40000,102,101,101,0.023618725844505327
lung,baseline,40000,102,100,100,0.084390013754921
lung,baseline,40000,102,99,99,0.04116740775800866
lung,baseline,40000,102,99,99,0.20566763011994857
lung,baseline,40000,102,97,97,0.26516434189424953
lung,baseline,40000,102,94,94,0.052181046730122006
lung,baseline,40000,103,101,101,0.12664850185066978
lung,baseline,40000,103,101,101,0.1444954814374674
lung,baseline,40000,103,99,99,0.16211758134734836
lung,baseline,40000,103,99,99,0.06430895794109306
lung,baseline,40000,103,99,99,0.11409687887679576
lung,baseline,40000,103,97,97,0.19636207750647428
lung,baseline,40000,103,97,97,0.13054777037168813
lung,baseline,40000,103,87,87,0.06642782855935113
lung,baseline,40000,103,101,101,0.13967278568161068
lung,baseline,40000,103,98,98,0.20219580806704587
lung,baseline,40000,103,97,97,0.19218995737375258
lung,baseline,40000,103,89,89,0.0755000078136501
lung,baseline,40000,103,51,51,0.1525298054196596
lung,baseline,40000,103,102,102,0.16084217965734754
lung,baseline,40000,103,102,102,0.029961383997032236
lung,baseline,40000,103,98,98,0.1726726829004515
lung,baseline,40000,103,96,96,0.24916845029693024
lung,baseline,40000,103,88,88,0.06565620575631657
lung,baseline,40000,103,102,102,0.032388794227147945
lung,baseline,40000,103,102,102,0.16145169809672527
lung,baseline,40000,103,102,102,0.04161210328326004
lung,baseline,40000,103,102,102,0.1270041717667473
lung,baseline,40000,103,102,102,0.18048675263717923
lung,baseline,40000,103,102,102,0.006522937697232467
lung,baseline,40000,103,99,99,0.16571068809899472
lung,baseline,40000,103,99,99,0.12454769977657697
lung,baseline,40000,103,98,98,0.2403091234444379
lung,baseline,40000,103,98,98,0.17835514322902787
lung,baseline,40000,103,68,68,0.22927429816233844
lung,baseline,40000,103,62,62,0.13289906328255355
lung,baseline,40000,103,102,102,0.00830927801923571
lung,baseline,40000,103,102,102,0.15841887607568322
lung,baseline,40000,103,102,102,0.015881640639488787
lung,baseline,40000,103,98,98,0.18965025198210966
lung,baseline,40000,103,98,98,0.2584035529007953
lung,baseline,40000,103,97,97,0.20746660866622338
lung,baseline,40000,103,97,97,0.22145296630674569
lung,baseline,40000,103,93,93,0.2318020835690508
lung,baseline,40000,103,84,84,0.26783693599693476
lung,baseline,40000,103,62,62,0.19237646290755844
lung,baseline,40000,103,51,51,0.1962545702549489
lung,baseline,40000,103,102,102,0.1577821303733068
lung,baseline,40000,103,98,98,0.24710584228561527
lung,baseline,40000,103,98,98,0.1687480718036082
lung,baseline,40000,103,102,102,0.12856089333161907
lung,baseline,40000,103,102,102,0.12021400834435463
lung,baseline,40000,103,102,102,0.06282047362957692
lung,baseline,40000,103,100,100,0.024131292460193837
lung,baseline,40000,103,102,102,0.011416923850819044
lung,baseline,40000,103,100,100,0.13203734663169933
lung,baseline,40000,103,97,97,0.1960722101918169
lung,baseline,40000,103,97,97,0.1914401826700434
lung,baseline,40000,103,97,97,0.16442804249773366
lung,baseline,40000,103,95,95,0.1949016023337291
lung,baseline,40000,103,98,98,0.1926194535254068
lung,baseline,40000,103,96,96,0.24057906842000146
lung,baseline,40000,103,95,95,0.2093526400311113
lung,baseline,40000,103,95,95,0.2819942019599296
lung,baseline,40000,103,93,93,0.2538197818999996
lung,baseline,40000,103,92,92,0.21008026519293763
lung,baseline,40000,103,101,101,0.22224601976318212
lung,baseline,40000,103,93,93,0.2941622599871267
lung,baseline,40000,103,90,90,0.2613528813955592
lung,baseline,40000,103,87,87,0.26526340505865864
lung,baseline,40000,103,72,72,0.2617582387402137
lung,baseline,40000,103,99,99,0.18400949868183822
lung,baseline,40000,103,94,94,0.23100127670716444
lung,baseline,40000,103,102,102,0.16029597246369678
lung,baseline,40000,103,101,101,0.17502860457199268
lung,baseline,40000,103,98,98,0.25661391457332033
lung,baseline,40000,103,97,97,0.20156860450339184
lung,baseline,40000,103,94,94,0.03925183228394633
lung,baseline,40000,103,98,98,0.19036225990577868
lung,baseline,40000,103,98,98,0.23943468383249977
lung,baseline,40000,103,91,91,0.2564962934376843
lung,baseline,40000,103,90,90,0.21222752605689396
lung,baseline,40000,103,90,90,0.21082841692661064
lung,baseline,40000,103,87,87,0.11189870309467859
lung,baseline,40000,103,102,102,0.01989327361808367
lung,baseline,40000,103,101,101,0.021821604124347038
lung,baseline,40000,103,98,98,0.17138367173774308
lung,baseline,40000,103,97,97,0.24266007497204983
lung,baseline,40000,103,97,97,0.24481237542342585
lung,baseline,40000,103,102,102,0.11383529791481554
lung,baseline,40000,103,100,100,0.01447139591449983
lung,baseline,40000,103,99,99,0.02102026920419846
lung,baseline,40000,103,94,94,0.1840564061529783
lung,baseline,40000,103,102,102,0.22279139935262388
lung,baseline,40000,103,102,102,0.020144521054691677
lung,baseline,40000,103,102,102,0.026685108185576616
lung,baseline,40000,103,98,98,0.28419619307660593
lung,baseline,40000,103,97,97,0.2223038532812368
lung,baseline,40000,103,102,102,0.26075176013351037
lung,baseline,40000,103,101,101,0.11812894858651725
lung,baseline,40000,103,97,97,0.23295080435396623
lung,baseline,40000,103,99,99,0.1196091056819868
lung,baseline,40000,103,97,97,0.2124363462778572
lung,baseline,40000,103,96,96,0.20106401104026336
lung,baseline,40000,103,90,90,0.13408113390685586
lung,baseline,40000,103,87,87,0.24231732011495405
lung,baseline,40000,103,87,87,0.17110190808863043
lung,baseline,40000,103,87,87,0.06744155584828705
lung,baseline,40000,103,102,102,0.028340168413417192
lung,baseline,40000,103,102,102,0.024975825961757007
lung,baseline,40000,103,102,102,0.007506020917305319
lung,baseline,40000,103,102,102,0.19867191328032127
lung,baseline,40000,103,98,98,0.237619719671941
lung,baseline,40000,103,98,98,0.20088300573363646
lung,baseline,40000,103,97,97,0.04875595636055851
lung,baseline,40000,103,102,102,0.22979239416030037
lung,baseline,40000,103,98,98,0.020635768491224338
lung,baseline,40000,103,97,97,0.20064486265398185
lung,baseline,40000,103,97,97,0.2140373576889319
lung,baseline,40000,103,96,96,0.15429488297350913
lung,baseline,40000,103,96,96,0.13118263803781455
lung,baseline,40000,103,96,96,0.1674747492913776
lung,baseline,40000,103,96,96,0.22337525974195072
lung,baseline,40000,103,95,95,0.27148608801457336
lung,baseline,40000,103,94,94,0.16724220818183388
lung,baseline,40000,103,102,102,0.04853402427054189
lung,baseline,40000,103,102,102,0.014040652000419169
lung,baseline,40000,103,102,102,0.2691582001304911
lung,baseline,40000,103,99,99,0.22422994750652644
lung,baseline,40000,103,95,95,0.22736069719454496
lung,baseline,40000,103,102,102,0.20073598313192478
lung,baseline,40000,103,102,102,0.2734348754118143
lung,baseline,40000,103,99,99,0.17043359949851414
lung,baseline,40000,103,97,97,0.22227467005016918
lung,baseline,40000,103,96,96,0.071038827793564
lung,baseline,40000,103,102,102,0.1138985452877615
lung,baseline,40000,103,102,102,0.015040875937251133
lung,baseline,40000,103,102,102,0.02353249306955948
lung,baseline,40000,103,102,102,0.02377851429960292
lung,baseline,40000,103,102,102,0.023227433238648277
lung,baseline,40000,103,102,102,0.01730640504143095
lung,baseline,40000,103,101,101,0.015078877866608092
lung,baseline,40000,103,101,101,0.06388277521360293
lung,baseline,40000,103,101,101,0.005945584166290442
lung,baseline,40000,103,100,100,0.03307137630729603
lung,baseline,40000,103,99,99,0.14157009386176014
lung,baseline,40000,103,98,98,0.16250982219374493
lung,baseline,40000,103,97,97,0.04465069788908353
lung,baseline,40000,103,102,102,0.21974167593127356
lung,baseline,40000,103,100,100,0.008267593416667558
lung,baseline,40000,103,98,98,0.21009091621848627
lung,baseline,40000,103,98,98,0.21036027708831298
lung,baseline,40000,103,102,102,0.12863464450773196
lung,baseline,40000,103,102,102,0.16875909271020528
lung,baseline,40000,103,102,102,0.17699509143397002
lung,baseline,40000,103,101,101,0.02578222189363646
lung,baseline,40000,103,98,98,0.23153531758224044
lung,baseline,40000,103,96,96,0.048394370846034394
lung,baseline,40000,103,101,101,0.24262993988953016
lung,baseline,40000,103,101,101,0.1445760957312971
lung,baseline,40000,103,101,101,0.21741290415537187
lung,baseline,40000,103,101,101,0.17655408877303921
lung,baseline,40000,103,100,100,0.22378678117161
lung,baseline,40000,103,100,100,0.14813644148341504
lung,baseline,40000,103,99,99,0.20034642996556729
lung,baseline,40000,103,98,98,0.20997486819031994
lung,baseline,40000,103,97,97,0.05554556115725603
lung,baseline,40000,103,96,96,0.2670169417202662
lung,baseline,40000,103,92,92,0.22613777247588637
lung,baseline,40000,103,102,102,0.025310854315964304
lung,baseline,40000,103,102,102,0.11366913756506357
lung,baseline,40000,103,102,102,0.12473836293542798
lung,baseline,40000,103,99,99,0.16535277739985807
lung,baseline,40000,103,96,96,0.2518888623007616
lung,baseline,40000,103,93,93,0.19392552716329295
lung,baseline,40000,103,91,91,0.2020774920317076
lung,baseline,40000,103,89,89,0.23149372641333696
lung,baseline,40000,103,87,87,0.217947296412423
lung,baseline,40000,103,85,85,0.2557958557614062
lung,baseline,40000,103,77,77,0.18147425771257153
lung,baseline,40000,103,68,68,0.1959636008280291
lung,baseline,40000,103,62,62,0.21498804498967186
lung,baseline,40000,103,56,56,0.2355820012888692
lung,baseline,40000,103,51,51,0.21477855618473696
lung,baseline,40000,103,99,99,0.20110861525440743
lung,baseline,40000,103,97,97,0.20233523280398463
lung,baseline,40000,103,95,95,0.04665580862594778
lung,baseline,40000,103,93,93,0.1069272207970621
lung,baseline,40000,103,92,92,0.13608405497574605
lung,baseline,40000,103,68,68,0.17172761720262653
lung,baseline,40000,103,102,102,0.23643417890311919
lung,baseline,40000,103,99,99,0.2200936314875579
lung,baseline,40000,103,98,98,0.2213615924140079
lung,baseline,40000,103,97,97,0.032879023999777116
lung,baseline,40000,103,96,96,0.03916605616798269
lung,baseline,40000,103,102,102,0.16046879660045543
lung,baseline,40000,103,101,101,0.20596295361552264
lung,baseline,40000,103,101,101,0.1845996569437269
lung,baseline,40000,103,98,98,0.26228095179860583
lung,baseline,40000,103,97,97,0.2080582784834359
lung,baseline,40000,103,86,86,0.06976315046098702
lung,baseline,40000,103,84,84,0.21371704450692036
lung,baseline,40000,103,102,102,0.12816973832330264
lung,baseline,40000,103,102,102,0.18535255088034133
lung,baseline,40000,103,101,101,0.18152527551857522
lung,baseline,40000,103,100,100,0.181654073396626
lung,baseline,40000,103,98,98,0.24236929803810628
lung,baseline,40000,103,97,97,0.19263525786718327
lung,baseline,40000,103,100,100,0.1515758035715017
lung,baseline,40000,103,98,98,0.20291789914042382
lung,baseline,40000,103,98,98,0.13898099487465332
lung,baseline,40000,103,95,95,0.18616934200588364
lung,baseline,40000,103,90,90,0.055793780770053286
lung,baseline,40000,103,68,68,0.17627959683033223
lung,baseline,40000,103,102,102,0.023255182830337253
lung,baseline,40000,103,102,102,0.20059520827123523
lung,baseline,40000,103,102,102,0.16358273158526138
lung,baseline,40000,103,100,100,0.05816859740868897
lung,baseline,40000,103,98,98,0.1761999712378317
lung,baseline,40000,103,102,102,0.1098235785596492
lung,baseline,40000,103,102,102,0.008871649276078348
lung,baseline,40000,103,102,102,0.16964779139588868
lung,baseline,40000,103,102,102,0.16167244508913584
lung,baseline,40000,103,100,100,0.02921371739608039
lung,baseline,40000,103,100,100,0.020042418688522395
lung,baseline,40000,103,100,100,0.0209663031208647
lung,baseline,40000,103,102,102,0.2760816600879134
lung,baseline,40000,103,102,102,0.1538002193462215
lung,baseline,40000,103,102,102,0.004708069823739298
lung,baseline,40000,103,98,98,0.18518538134383866
lung,baseline,40000,103,95,95,0.21030415994520746
lung,baseline,40000,103,102,102,0.022050215310067997
lung,baseline,40000,103,102,102,0.11968766988533588
lung,baseline,40000,103,102,102,0.05017901071173318
lung,baseline,40000,103,102,102,0.12126775743426996
lung,baseline,40000,103,100,100,0.018117943757175802
lung,baseline,40000,103,102,102,0.036075006198239
lung,baseline,40000,103,102,102,0.15254334217436416
lung,baseline,40000,103,100,100,0.020688526653834974
lung,baseline,40000,103,98,98,0.23170806201642308
lung,baseline,40000,103,98,98,0.15889200646750568
lung,baseline,40000,103,102,102,0.028711084992848256
lung,baseline,40000,103,101,101,0.03230024055424103
lung,baseline,40000,103,101,101,0.017983503193942228
lung,baseline,40000,103,101,101,0.1334636317141904
lung,baseline,40000,103,100,100,0.15130019717680476
lung,baseline,40000,103,98,98,0.199026946509499
lung,baseline,40000,103,97,97,0.1826611494667172
lung,baseline,40000,103,102,102,0.21413564243885883
lung,baseline,40000,103,98,98,0.058032496015055564
lung,baseline,40000,103,96,96,0.225615208200414
lung,baseline,40000,103,95,95,0.24416968846786397
lung,baseline,40000,103,102,102,0.13370026554729794
lung,baseline,40000,103,102,102,0.24979306267631057
lung,baseline,40000,103,101,101,0.010924749288703337
lung,baseline,40000,103,97,97,0.20562019385829008
lung,baseline,40000,103,102,102,0.17525809474463733
lung,baseline,40000,103,102,102,0.20168442865289715
lung,baseline,40000,103,99,99,0.18943734818354718
lung,baseline,40000,103,98,98,0.047763730159367655
lung,baseline,40000,103,97,97,0.2321547753546439
lung,baseline,40000,103,102,102,0.03463365159192302
lung,baseline,40000,103,102,102,0.11491562307434514
lung,baseline,40000,103,100,100,0.016979704477051136
lung,baseline,40000,103,99,99,0.04566837226415679
lung,baseline,40000,103,99,99,0.03666496379327244
lung,baseline,40000,103,99,99,0.01288004067080707
lung,baseline,40000,103,99,99,0.1567799042339525
lung,baseline,40000,103,97,97,0.18002826479062994
lung,baseline,40000,103,100,100,0.17603609097084852
lung,baseline,40000,103,98,98,0.16879883895889386
lung,baseline,40000,103,95,95,0.2405829640127002
lung,baseline,40000,103,88,88,0.2619470331946964
lung,baseline,40000,103,68,68,0.1754048378862968
lung,baseline,40000,103,102,102,0.021119301111536173
lung,baseline,40000,103,101,101,0.2085414303728528
lung,baseline,40000,103,100,100,0.19791130030665385
lung,baseline,40000,103,98,98,0.19844421674108875
lung,baseline,40000,103,97,97,0.26297474202997706
lung,baseline,40000,103,95,95,0.16476684314235585
lung,baseline,40000,103,102,102,0.18885245462275435
lung,baseline,40000,103,101,101,0.22947087332491953
lung,baseline,40000,103,101,101,0.16249629154161774
lung,baseline,40000,103,101,101,0.11328452860250092
lung,baseline,40000,103,100,100,0.009812365533239586
lung,baseline,40000,103,98,98,0.25067946049370216
lung,baseline,40000,103,97,97,0.2336422119164734
lung,baseline,40000,103,97,97,0.034496326657983384
lung,baseline,40000,103,95,95,0.2006513496823887
lung,baseline,40000,103,101,101,0.1592048404561221
lung,baseline,40000,103,100,100,0.0384808140303618
lung,baseline,40000,103,97,97,0.2274414367448958
lung,baseline,40000,103,97,97,0.18108229919462424
lung,baseline,40000,103,102,102,0.11741417967264153
lung,baseline,40000,103,102,102,0.12973432668710985
lung,baseline,40000,103,102,102,0.005112346825350704
lung,baseline,40000,103,101,101,0.07771368352068413
lung,baseline,40000,103,101,101,0.020476282371100236
lung,baseline,40000,103,101,101,0.024658671410789847
lung,baseline,40000,103,101,101,0.018803989260187025
lung,baseline,40000,103,100,100,0.15536904898269477
lung,baseline,40000,103,98,98,0.20421024340737187
lung,baseline,40000,103,97,97,0.19128932876201218
lung,baseline,40000,103,102,102,0.11919724660673159
lung,baseline,40000,103,99,99,0.15941065099428495
lung,baseline,40000,103,97,97,0.18797290455006932
lung,baseline,40000,103,102,102,0.03573231998222369
lung,baseline,40000,103,102,102,0.20895897679998363
lung,baseline,40000,103,99,99,0.1929753828835509
lung,baseline,40000,103,97,97,0.2109909649309934
lung,baseline,40000,103,99,99,0.05194287842325792
lung,baseline,40000,103,99,99,0.16285232721672066
lung,baseline,40000,103,95,95,0.20501739758928977
lung,baseline,40000,103,102,102,0.13993305021951857
lung,baseline,40000,103,102,102,0.06348713163631058
lung,baseline,40000,103,102,102,0.18713045817772966
lung,baseline,40000,103,99,99,0.1813849967565583
lung,baseline,40000,103,102,102,0.1261892554026099
lung,baseline,40000,103,99,99,0.041582636694143055
lung,baseline,40000,103,93,93,0.20813897152455668
lung,baseline,40000,103,102,102,0.0190750319136336
lung,baseline,40000,103,101,101,0.20073449968344137
lung,baseline,40000,103,100,100,0.19501383068580908
lung,baseline,40000,103,98,98,0.23790001595964694
lung,baseline,40000,103,97,97,0.22628856301881495
lung,baseline,40000,103,97,97,0.18725288164657863
lung,baseline,40000,103,97,97,0.20464683950149185
lung,baseline,40000,103,97,97,0.19643179043702155
lung,baseline,40000,103,102,102,0.1678702973151202
lung,baseline,40000,103,101,101,0.19131094585304595
lung,baseline,40000,103,99,99,0.168767351957062
lung,baseline,40000,103,98,98,0.1871930592839901
lung,baseline,40000,103,97,97,0.06474686284969136
lung,baseline,40000,103,81,81,0.18962720233488664
lung,baseline,40000,103,102,102,0.21555796298739874
lung,baseline,40000,103,98,98,0.27106582228480325
lung,baseline,40000,103,95,95,0.2638915336887683
lung,baseline,40000,103,93,93,0.22511664695880856
lung,baseline,40000,103,90,90,0.2221850862714692
lung,baseline,40000,103,89,89,0.23522263172222518
lung,baseline,40000,103,62,62,0.19569385162229336
lung,baseline,40000,103,100,100,0.048644016003057906
lung,baseline,40000,103,98,98,0.20004531814551904
lung,baseline,40000,103,95,95,0.20828908805849075
lung,baseline,40000,103,102,102,0.1803435362897895
lung,baseline,40000,103,102,102,0.04619454081423123
lung,baseline,40000,103,101,101,0.022808850303086346
lung,baseline,40000,103,100,100,0.02211386040752228
lung,baseline,40000,103,99,99,0.15412717540445073
lung,baseline,40000,103,99,99,0.017665123239510916
lung,baseline,40000,103,98,98,0.1715424636113533
lung,baseline,40000,103,93,93,0.08042521829993093
lung,baseline,40000,103,102,102,0.21152922095491372
lung,baseline,40000,103,98,98,0.23821244845262077
lung,baseline,40000,103,98,98,0.1824206743609705
lung,baseline,40000,103,98,98,0.18571085630406842
lung,baseline,40000,103,98,98,0.16780624286980828
lung,baseline,40000,103,95,95,0.16329080280030409
lung,baseline,40000,103,91,91,0.20440375476774358
lung,baseline,40000,103,84,84,0.09789575435520617
lung,baseline,40000,103,102,102,0.22142335192342713
lung,baseline,40000,103,101,101,0.12674489465768163
lung,baseline,40000,103,101,101,0.15357120273694128
lung,baseline,40000,103,97,97,0.19974594671525686
lung,baseline,40000,103,97,97,0.19991309630272766
lung,baseline,40000,103,96,96,0.20443918054025223
lung,baseline,40000,103,96,96,0.21321975168357402
lung,baseline,40000,103,95,95,0.2712416996222156
lung,baseline,40000,103,93,93,0.25803898091300764
lung,baseline,40000,103,101,101,0.1256774536914176
lung,baseline,40000,103,100,100,0.04418238925675764
lung,baseline,40000,103,99,99,0.03980937329502934
lung,baseline,40000,103,99,99,0.14654368946227211
lung,baseline,40000,103,98,98,0.20367187461536393
lung,baseline,40000,103,97,97,0.13537547449759357
lung,baseline,40000,103,97,97,0.19342731442838165
lung,baseline,40000,103,90,90,0.1466086088229502
lung,baseline,40000,103,102,102,0.2404672101337739
lung,baseline,40000,103,102,102,0.14902962246640158
lung,baseline,40000,103,101,101,0.13867477773418307
lung,baseline,40000,103,98,98,0.2010358862067373
lung,baseline,40000,103,97,97,0.20823632666399716
lung,baseline,40000,103,102,102,0.2451067058388182
lung,baseline,40000,103,98,98,0.19305967572051608
lung,baseline,40000,103,97,97,0.25348657029268795
lung,baseline,40000,103,101,101,0.12472446662118676
lung,baseline,40000,103,101,101,0.14017207732197418
lung,baseline,40000,103,100,100,0.15415451468005797
lung,baseline,40000,103,98,98,0.08630068578472974
lung,baseline,40000,103,98,98,0.209860368423857
lung,baseline,40000,103,97,97,0.13826086461172277
lung,baseline,40000,103,97,97,0.1910801227597277
lung,baseline,40000,103,95,95,0.03738132321902799
lung,baseline,40000,103,51,51,0.1591181261362506
lung,baseline,40000,103,95,95,0.20718256939221216
lung,baseline,40000,103,91,91,0.28974368468418793
lung,baseline,40000,103,91,91,0.23706033967841939
lung,baseline,40000,103,87,87,0.2215418060332756
lung,baseline,40000,103,87,87,0.3092560729216124
lung,baseline,40000,103,86,86,0.2863281348679735
lung,baseline,40000,103,86,86,0.23656270877736557
lung,baseline,40000,103,81,81,0.28046333978957616
lung,baseline,40000,103,80,80,0.2758574447903647
lung,baseline,40000,103,62,62,0.1970817632465885
lung,baseline,40000,103,98,98,0.1822860240212538
lung,baseline,40000,103,98,98,0.24251342796808595
lung,baseline,40000,103,88,88,0.06029165591759834
lung,baseline,40000,103,97,97,0.2560754184215266
lung,baseline,40000,103,97,97,0.24605609166601652
lung,baseline,40000,103,91,91,0.05061768942935402
lung,baseline,40000,103,90,90,0.27397546931884403
lung,baseline,40000,103,89,89,0.26833295157196935
lung,baseline,40000,103,102,102,0.016203674998810938
lung,baseline,40000,103,101,101,0.2767498693900036
lung,baseline,40000,103,101,101,0.22513960983157472
lung,baseline,40000,103,100,100,0.0340959966937752
lung,baseline,40000,103,97,97,0.223790778997545
lung,baseline,40000,103,97,97,0.29219214744979666
lung,baseline,40000,103,96,96,0.3017454640068951
lung,baseline,40000,103,94,94,0.27222173837031
lung,baseline,40000,103,101,101,0.01090791313661363
lung,baseline,40000,103,97,97,0.20325291338235152
lung,baseline,40000,103,96,96,0.21544482548165914
lung,baseline,40000,103,96,96,0.20751179703415867
lung,baseline,40000,103,93,93,0.19958899634555813
lung,baseline,40000,103,92,92,0.17892020040067463
lung,baseline,40000,103,102,102,0.13268355950964936
lung,baseline,40000,103,102,102,0.17467319118725172
lung,baseline,40000,103,102,102,0.1560492467324009
lung,baseline,40000,103,102,102,0.1638830756251706
lung,baseline,40000,103,102,102,0.24452816362814297
lung,baseline,40000,103,99,99,0.14066511462697107
lung,baseline,40000,103,97,97,0.2529597368098523
lung,baseline,40000,103,96,96,0.04160913121758936
lung,baseline,40000,103,102,102,0.21387266040192257
lung,baseline,40000,103,99,99,0.19395179772730936
lung,baseline,40000,103,97,97,0.2111901386283874
lung,baseline,40000,103,101,101,0.2646274823806283
lung,baseline,40000,103,98,98,0.21962315531426807
lung,baseline,40000,103,95,95,0.227001262346133
lung,baseline,40000,103,95,95,0.20846213603849872
lung,baseline,40000,103,94,94,0.2814168811303484
lung,baseline,40000,103,92,92,0.28272874683408133
lung,baseline,40000,103,72,72,0.26055331919021263
lung,baseline,40000,103,51,51,0.218191221238023
lung,baseline,40000,103,102,102,0.2612472950326081
lung,baseline,40000,103,98,98,0.17794140349708945
lung,baseline,40000,103,102,102,0.02354282061687505
lung,baseline,40000,103,102,102,0.008263069099879455
lung,baseline,40000,103,101,101,0.19888576892697063
lung,baseline,40000,103,100,100,0.06987660113379579
lung,baseline,40000,103,98,98,0.19360907797999521
lung,baseline,40000,103,98,98,0.25028036002124765
lung,baseline,40000,103,97,97,0.2034225657330558
lung,baseline,40000,103,102,102,0.269682396964722
lung,baseline,40000,103,102,102,0.0063138577538185
lung,baseline,40000,103,98,98,0.04773823366217848
lung,baseline,40000,103,96,96,0.2394863266854402
lung,baseline,40000,103,96,96,0.1313248385227432
lung,baseline,40000,103,96,96,0.22941199391245926
lung,baseline,40000,103,95,95,0.2738531400089997
lung,baseline,40000,103,95,95,0.2524391493629788
lung,baseline,40000,103,94,94,0.1742565957106814
lung,baseline,40000,103,92,92,0.2666373054637273
lung,baseline,40000,103,92,92,0.2910618229449754
lung,baseline,40000,103,97,97,0.2377920829253741
lung,baseline,40000,103,83,83,0.21502441241032416
lung,baseline,40000,103,83,83,0.21895119294677992
lung,baseline,40000,103,81,81,0.19321671524135126
lung,baseline,40000,103,51,51,0.1674509070601461
lung,baseline,40000,103,102,102,0.11188361489645125
lung,baseline,40000,103,102,102,0.008434705850980976
lung,baseline,40000,103,102,102,0.012690754200767823
lung,baseline,40000,103,102,102,0.009081574243661537
lung,baseline,40000,103,102,102,0.013784817148265604
lung,baseline,40000,103,102,102,0.02164171964104606
lung,baseline,40000,103,102,102,0.027532362887721398
lung,baseline,40000,103,102,102,0.0037544794874645594
lung,baseline,40000,103,102,102,0.054902092101178336
lung,baseline,40000,103,101,101,0.01236062428977642
lung,baseline,40000,103,100,100,0.010921048553187485
lung,baseline,40000,103,100,100,0.025492596659303274
lung,baseline,40000,103,100,100,0.015857739928786356
lung,baseline,40000,103,98,98,0.14569244421200403
lung,baseline,40000,103,95,95,0.023550948946952314
lung,baseline,40000,103,102,102,0.12623364121833774
lung,baseline,40000,103,102,102,0.12529791462801423
lung,baseline,40000,103,98,98,0.08703041252212902
lung,baseline,40000,103,95,95,0.03194457579902109
lung,baseline,40000,103,51,51,0.15393731106518288
lung,baseline,40000,103,101,101,0.19910874279708618
lung,baseline,40000,103,99,99,0.035109583397282144
lung,baseline,40000,103,99,99,0.16180024918451316
lung,baseline,40000,103,98,98,0.17363868368451002
lung,baseline,40000,103,93,93,0.18332368092011528
lung,baseline,40000,103,102,102,0.17972432872899338
lung,baseline,40000,103,102,102,0.20898177667756482
lung,baseline,40000,103,102,102,0.1619290041011299
lung,baseline,40000,103,101,101,0.021579249811707182
lung,baseline,40000,103,101,101,0.0149701516612221
lung,baseline,40000,103,99,99,0.02947561581997299
lung,baseline,40000,103,102,102,0.21820013848959705
lung,baseline,40000,103,98,98,0.2814614326494487
lung,baseline,40000,103,96,96,0.22826545771418305
lung,baseline,40000,103,95,95,0.22671416698766406
lung,baseline,40000,103,93,93,0.22423207318958122
lung,baseline,40000,103,91,91,0.2606737657855329
lung,baseline,40000,103,87,87,0.24937365481762322
lung,baseline,40000,103,102,102,0.007794232204151205
lung,baseline,40000,103,102,102,0.11192981888157731
lung,baseline,40000,103,102,102,0.022917147776021305
lung,baseline,40000,103,102,102,0.01763215621022728
lung,baseline,40000,103,102,102,0.010974334375049346
lung,baseline,40000,103,102,102,0.010562020521539166
lung,baseline,40000,103,102,102,0.0276609512465916
lung,baseline,40000,103,102,102,0.027643026384363018
lung,baseline,40000,103,102,102,0.046319176668731664
lung,baseline,40000,103,102,102,0.021314864594860306
lung,baseline,40000,103,102,102,0.009401939397471137
lung,baseline,40000,103,101,101,0.023068181218460024
lung,baseline,40000,103,101,101,0.015963848736507306
lung,baseline,40000,103,100,100,0.03882616117858001
lung,baseline,40000,103,100,100,0.018735477556478287
lung,baseline,40000,103,99,99,0.039518661427941235
lung,baseline,40000,103,99,99,0.16258706178974533
lung,baseline,40000,103,99,99,0.04076336083697127
lung,baseline,40000,103,102,102,0.2064189834880675
lung,baseline,40000,103,102,102,0.18717117028742303
lung,baseline,40000,103,98,98,0.1907588807238342
lung,baseline,40000,103,98,98,0.24150611382683224
lung,baseline,40000,103,97,97,0.20005647561874484
lung,baseline,40000,103,102,102,0.2207819908956743
lung,baseline,40000,103,101,101,0.15342417529718763
lung,baseline,40000,103,101,101,0.17962716121545724
lung,baseline,40000,103,100,100,0.21120253418059762
lung,baseline,40000,103,99,99,0.2045997936281368
lung,baseline,40000,103,97,97,0.05779938699093967
lung,baseline,40000,103,97,97,0.22878271892521795
lung,baseline,40000,103,94,94,0.1600210415452578
lung,baseline,40000,103,89,89,0.23043362364808292
lung,baseline,40000,103,86,86,0.06875573703231297
lung,baseline,40000,103,76,76,0.29230844746786244
lung,baseline,40000,103,69,69,0.24817215806624499
lung,baseline,40000,103,51,51,0.18601838195995485
lung,baseline,40000,103,43,43,0.35425903710273565
lung,baseline,40000,103,28,28,0.3880600913799047
lung,baseline,40000,103,102,102,0.2489814712501349
lung,baseline,40000,103,98,98,0.20247081388017327
lung,baseline,40000,103,98,98,0.20471965168520093
lung,baseline,40000,103,97,97,0.21329330118953682
lung,baseline,40000,103,97,97,0.10050975041024984
lung,baseline,40000,103,96,96,0.009592383791686962
lung,baseline,40000,103,100,100,0.1627356588852585
lung,baseline,40000,103,92,92,0.12605602510013117
lung,baseline,40000,103,81,81,0.12903138041052514
lung,baseline,40000,103,102,102,0.11932667241063732
lung,baseline,40000,103,100,100,0.02391501794098857
lung,baseline,40000,103,100,100,0.016722505181640753
lung,baseline,40000,103,100,100,0.14981567314147218
lung,baseline,40000,103,97,97,0.18586310488637622
lung,baseline,40000,103,102,102,0.009105004230745969
lung,baseline,40000,103,99,99,0.16206315451990475
lung,baseline,40000,103,96,96,0.19833265968285882
lung,baseline,40000,103,90,90,0.1288948391215576
lung,baseline,40000,103,102,102,0.003266009477908364
lung,baseline,40000,103,102,102,0.2549925455900874
lung,baseline,40000,103,97,97,0.2603171113276522
lung,baseline,40000,103,97,97,0.2581030106514348
lung,baseline,40000,103,86,86,0.07162595113016645
lung,baseline,40000,103,51,51,0.18816670391790152
lung,baseline,40000,103,102,102,0.1856682950125205
lung,baseline,40000,103,102,102,0.12396118751421337
lung,baseline,40000,103,102,102,0.1786468664184427
lung,baseline,40000,103,101,101,0.025946754644893592
lung,baseline,40000,103,98,98,0.25433519099823587
lung,baseline,40000,103,97,97,0.1915648404194083
lung,baseline,40000,103,102,102,0.017252740937432978
lung,baseline,40000,103,102,102,0.13141613555239923
lung,baseline,40000,103,102,102,0.17387135656692124
lung,baseline,40000,103,102,102,0.18682356028494362
lung,baseline,40000,103,98,98,0.2516027882459199
lung,baseline,40000,103,97,97,0.19571471996130507
lung,baseline,40000,103,97,97,0.049964106217801965
lung,baseline,40000,103,102,102,0.1504342509028467
lung,baseline,40000,103,102,102,0.18338610292503532
lung,baseline,40000,103,102,102,0.03704072389404662
lung,baseline,40000,103,98,98,0.15633802709291147
lung,baseline,40000,103,101,101,0.030458505331309626
lung,baseline,40000,103,97,97,0.14400612750823524
lung,baseline,40000,103,94,94,0.25017288105544616
lung,baseline,40000,103,92,92,0.2711239458460313
lung,baseline,40000,103,92,92,0.2703550589732089
lung,baseline,40000,103,91,91,0.25425606313717275
lung,baseline,40000,103,90,90,0.2647352965000664
lung,baseline,40000,103,89,89,0.2684038469909643
lung,baseline,40000,103,89,89,0.269289759936663
lung,baseline,40000,103,87,87,0.21643664188665845
lung,baseline,40000,103,97,97,0.2635333052699267
lung,baseline,40000,103,96,96,0.17719204670436917
lung,baseline,40000,103,96,96,0.26540689127648354
lung,baseline,40000,103,93,93,0.2506959063578935
lung,baseline,40000,103,68,68,0.22952321580634805
lung,baseline,40000,103,101,101,0.22354334699353412
lung,baseline,40000,103,101,101,0.24520883989995476
lung,baseline,40000,103,98,98,0.24997155398297055
lung,baseline,40000,103,98,98,0.2610677892823422
lung,baseline,40000,103,98,98,0.139939489552548
lung,baseline,40000,103,81,81,0.23727560997205369
lung,baseline,40000,103,99,99,0.1939456229298829
lung,baseline,40000,103,98,98,0.21032638657919497
lung,baseline,40000,103,95,95,0.28340253527036047
lung,baseline,40000,103,84,84,0.20921223062011124
lung,baseline,40000,103,100,100,0.21303897143473247
lung,baseline,40000,103,98,98,0.17827883558765326
lung,baseline,40000,103,97,97,0.2642015022681125
lung,baseline,40000,103,101,101,0.2076571431602497
lung,baseline,40000,103,101,101,0.029496604020425327
lung,baseline,40000,103,100,100,0.02122969967659842
lung,baseline,40000,103,97,97,0.21419259679138747
lung,baseline,40000,104,102,102,0.19674118617635047
lung,baseline,40000,104,101,101,0.02981418796021758
lung,baseline,40000,104,101,101,0.20308031947430688
lung,baseline,40000,104,99,99,0.261636839297162
lung,baseline,40000,104,99,99,0.1614718373208861
lung,baseline,40000,104,98,98,0.20961395297998803
lung,baseline,40000,104,98,98,0.14610814840407835
lung,baseline,40000,104,92,92,0.20540691630298458
lung,baseline,40000,104,103,103,0.008895714205062502
lung,baseline,40000,104,103,103,0.15966373035097606
lung,baseline,40000,104,102,102,0.019292812779769835
lung,baseline,40000,104,100,100,0.20279160871967034
lung,baseline,40000,104,99,99,0.25217188431854737
lung,baseline,40000,104,97,97,0.24036155589519836
lung,baseline,40000,104,97,97,0.21292248896936308
lung,baseline,40000,104,95,95,0.21052544297842862
lung,baseline,40000,104,94,94,0.050868773023492825
lung,baseline,40000,104,86,86,0.07384049336703445
lung,baseline,40000,104,99,99,0.2507899826341235
lung,baseline,40000,104,96,96,0.20179913445126987
lung,baseline,40000,104,90,90,0.25679834909158084
lung,baseline,40000,104,87,87,0.24876785111453614
lung,baseline,40000,104,81,81,0.19658588968362306
lung,baseline,40000,104,71,71,0.23941350497758676
lung,baseline,40000,104,63,63,0.2006148387179876
lung,baseline,40000,104,56,56,0.20735530054238863
lung,baseline,40000,104,102,102,0.20052314857910164
lung,baseline,40000,104,102,102,0.13352786805712447
lung,baseline,40000,104,101,101,0.18345095611954887
lung,baseline,40000,104,100,100,0.16265968894251492
lung,baseline,40000,104,99,99,0.2590816146256293
lung,baseline,40000,104,98,98,0.21090968276930616
lung,baseline,40000,104,92,92,0.07536637663841733
lung,baseline,40000,104,91,91,0.08515808203544502
lung,baseline,40000,104,103,103,0.19353444180349058
lung,baseline,40000,104,98,98,0.20223695925658605
lung,baseline,40000,104,98,98,0.23713703097618732
lung,baseline,40000,104,97,97,0.21086631769954586
lung,baseline,40000,104,97,97,0.20758992321031117
lung,baseline,40000,104,97,97,0.20817528210841799
lung,baseline,40000,104,95,95,0.20099717806669326
lung,baseline,40000,104,87,87,0.20852718258323302
lung,baseline,40000,104,83,83,0.23822084278237823
lung,baseline,40000,104,62,62,0.14773004823168812
lung,baseline,40000,104,102,102,0.05500073493069932
lung,baseline,40000,104,101,101,0.24297110443587727
lung,baseline,40000,104,101,101,0.21707988374961087
lung,baseline,40000,104,100,100,0.19809634739203158
lung,baseline,40000,104,99,99,0.243921293682596
lung,baseline,40000,104,97,97,0.0613174174037188
lung,baseline,40000,104,97,97,0.24109024658408443
lung,baseline,40000,104,96,96,0.27538309986404563
lung,baseline,40000,104,95,95,0.21214295374768571
lung,baseline,40000,104,95,95,0.2341747002128876
lung,baseline,40000,104,92,92,0.21242016858953683
lung,baseline,40000,104,102,102,0.2440009205955723
lung,baseline,40000,104,99,99,0.18341730807131415
lung,baseline,40000,104,97,97,0.23910054565792158
lung,baseline,40000,104,97,97,0.238672356263965
lung,baseline,40000,104,92,92,0.2680716192970115
lung,baseline,40000,104,103,103,0.222392497605574
lung,baseline,40000,104,102,102,0.20978809085488226
lung,baseline,40000,104,98,98,0.23025058636050594
lung,baseline,40000,104,97,97,0.27767812592941143
lung,baseline,40000,104,87,87,0.22383516597425238
lung,baseline,40000,104,103,103,0.022904361954864765
lung,baseline,40000,104,102,102,0.19822249865010627
lung,baseline,40000,104,102,102,0.0833199922938586
lung,baseline,40000,104,102,102,0.15929594016521345
lung,baseline,40000,104,99,99,0.2604060942401663
lung,baseline,40000,104,97,97,0.24463451226912475
lung,baseline,40000,104,97,97,0.24658497187020165
lung,baseline,40000,104,95,95,0.1923921640014759
lung,baseline,40000,104,103,103,0.035442541000085155
lung,baseline,40000,104,103,103,0.14951715277788302
lung,baseline,40000,104,103,103,0.11281779878815675
lung,baseline,40000,104,103,103,0.1736802118325936
lung,baseline,40000,104,103,103,0.00797864705225653
lung,baseline,40000,104,103,103,0.009877378351759086
lung,baseline,40000,104,101,101,0.061753566404155205
lung,baseline,40000,104,103,103,0.01160644680859887
lung,baseline,40000,104,103,103,0.16563074408084746
lung,baseline,40000,104,103,103,0.011783194155466487
lung,baseline,40000,104,103,103,0.2062707755254605
lung,baseline,40000,104,103,103,0.06795400993191875
lung,baseline,40000,104,103,103,0.006752329979117899
lung,baseline,40000,104,103,103,0.0062432991422499634
lung,baseline,40000,104,102,102,0.027564527116824954
lung,baseline,40000,104,102,102,0.10085980633025934
lung,baseline,40000,104,101,101,0.039717483289314265
lung,baseline,40000,104,99,99,0.17797460997546052
lung,baseline,40000,104,94,94,0.1077162518358352
lung,baseline,40000,104,103,103,0.04409690463927956
lung,baseline,40000,104,103,103,0.018466883009810153
lung,baseline,40000,104,103,103,0.20517872255818
lung,baseline,40000,104,99,99,0.12531200970089781
lung,baseline,40000,104,96,96,0.17232930402326652
lung,baseline,40000,104,66,66,0.35726263322516927
lung,baseline,40000,104,62,62,0.3212379455263326
lung,baseline,40000,104,28,28,0.35370054714471344
lung,baseline,40000,104,103,103,0.17723416977526538
lung,baseline,40000,104,102,102,0.19612236614994585
lung,baseline,40000,104,99,99,0.15246513508898704
lung,baseline,40000,104,98,98,0.20852236495863344
lung,baseline,40000,104,94,94,0.04713914418426629
lung,baseline,40000,104,103,103,0.009601808032024334
lung,baseline,40000,104,103,103,0.06114968515364798
lung,baseline,40000,104,103,103,0.009564678680578443
lung,baseline,40000,104,103,103,0.013538262721279806
lung,baseline,40000,104,103,103,0.06749200302445528
lung,baseline,40000,104,103,103,0.1550925021661612
lung,baseline,40000,104,103,103,0.016292775918542442
lung,baseline,40000,104,103,103,0.21172567219818378
lung,baseline,40000,104,103,103,0.010764453414572267
lung,baseline,40000,104,101,101,0.0187116690200164
lung,baseline,40000,104,101,101,0.03742453195492507
lung,baseline,40000,104,100,100,0.19230257763456138
lung,baseline,40000,104,96,96,0.047279037708803894
lung,baseline,40000,104,103,103,0.18798511176881375
lung,baseline,40000,104,102,102,0.2218723770250146
lung,baseline,40000,104,99,99,0.22743221757248433
lung,baseline,40000,104,97,97,0.22827470871216338
lung,baseline,40000,104,91,91,0.2175047313066543
lung,baseline,40000,104,62,62,0.1973754036180562
lung,baseline,40000,104,103,103,0.22297053712347617
lung,baseline,40000,104,93,93,0.25112386199730036
lung,baseline,40000,104,92,92,0.02900092991189782
lung,baseline,40000,104,91,91,0.16972476954443272
lung,baseline,40000,104,87,87,0.23413139954602796
lung,baseline,40000,104,98,98,0.26281367536532435
lung,baseline,40000,104,97,97,0.26127722107931195
lung,baseline,40000,104,91,91,0.24827498829551886
lung,baseline,40000,104,91,91,0.24808810674966775
lung,baseline,40000,104,90,90,0.22392492413252202
lung,baseline,40000,104,89,89,0.24069106604283053
lung,baseline,40000,104,89,89,0.22689363022745365
lung,baseline,40000,104,89,89,0.2389020542345877
lung,baseline,40000,104,87,87,0.2219326100616035
lung,baseline,40000,104,85,85,0.24435145390010587
lung,baseline,40000,104,56,56,0.21076400146230742
lung,baseline,40000,104,102,102,0.21626086673703396
lung,baseline,40000,104,101,101,0.21955912293735821
lung,baseline,40000,104,101,101,0.24703709619696096
lung,baseline,40000,104,100,100,0.20076230084053137
lung,baseline,40000,104,99,99,0.2560779842054727
lung,baseline,40000,104,98,98,0.2362397383013294
lung,baseline,40000,104,97,97,0.24854500887421851
lung,baseline,40000,104,90,90,0.24132357178153366
lung,baseline,40000,104,90,90,0.10788793067986682
lung,baseline,40000,104,87,87,0.18519607811896738
lung,baseline,40000,104,103,103,0.2031945761887996
lung,baseline,40000,104,103,103,0.17733700635461172
lung,baseline,40000,104,103,103,0.04143084413362998
lung,baseline,40000,104,103,103,0.162884361517048
lung,baseline,40000,104,100,100,0.03323726322010728
lung,baseline,40000,104,103,103,0.1788725392452198
lung,baseline,40000,104,103,103,0.00870143066537991
lung,baseline,40000,104,102,102,0.02572449709595312
lung,baseline,40000,104,95,95,0.2567249478975515
lung,baseline,40000,104,93,93,0.2182999826274819
lung,baseline,40000,104,92,92,0.24765739323609318
lung,baseline,40000,104,103,103,0.129171548279754
lung,baseline,40000,104,103,103,0.16657495493877977
lung,baseline,40000,104,103,103,0.1821491409138072
lung,baseline,40000,104,101,101,0.04205682566360082
lung,baseline,40000,104,101,101,0.01218532598693107
lung,baseline,40000,104,103,103,0.1615758683913604
lung,baseline,40000,104,103,103,0.13096557800406275
lung,baseline,40000,104,103,103,0.011133647706307507
lung,baseline,40000,104,102,102,0.18048936061331552
lung,baseline,40000,104,102,102,0.022376004559260688
lung,baseline,40000,104,101,101,0.1833681263833169
lung,baseline,40000,104,98,98,0.2629712521151454
lung,baseline,40000,104,98,98,0.26634420410767234
lung,baseline,40000,104,94,94,0.2613343223781522
lung,baseline,40000,104,91,91,0.26175603356589033
lung,baseline,40000,104,96,96,0.19250854565084394
lung,baseline,40000,104,96,96,0.19331175294768543
lung,baseline,40000,104,96,96,0.1914361472018048
lung,baseline,40000,104,94,94,0.19410308484733668
lung,baseline,40000,104,92,92,0.1749273766094946
lung,baseline,40000,104,92,92,0.2439856095579677
lung,baseline,40000,104,91,91,0.1773814668000585
lung,baseline,40000,104,56,56,0.20509369021286794
lung,baseline,40000,104,103,103,0.1586618907071414
lung,baseline,40000,104,102,102,0.0778419215915212
lung,baseline,40000,104,101,101,0.03350785829892475
lung,baseline,40000,104,100,100,0.20278556262910707
lung,baseline,40000,104,99,99,0.2629906435809626
lung,baseline,40000,104,103,103,0.23520433229478824
lung,baseline,40000,104,101,101,0.014670103887309589
lung,baseline,40000,104,100,100,0.1383580675058421
lung,baseline,40000,104,98,98,0.2307331843065781
lung,baseline,40000,104,103,103,0.21987107174716342
lung,baseline,40000,104,103,103,0.1682483335835683
lung,baseline,40000,104,103,103,0.10909594918451619
lung,baseline,40000,104,101,101,0.03386790211334703
lung,baseline,40000,104,101,101,0.0178267340271756
lung,baseline,40000,104,100,100,0.13637520886228904
lung,baseline,40000,104,99,99,0.2343953613720672
lung,baseline,40000,104,103,103,0.06041817783266669
lung,baseline,40000,104,102,102,0.19276162833725644
lung,baseline,40000,104,99,99,0.2831033845043683
lung,baseline,40000,104,98,98,0.2287961761511247
lung,baseline,40000,104,103,103,0.004284392351787776
lung,baseline,40000,104,103,103,0.12764889674870478
lung,baseline,40000,104,103,103,0.022679942364148435
lung,baseline,40000,104,101,101,0.18247351644979878
lung,baseline,40000,104,98,98,0.2615239532622982
lung,baseline,40000,104,98,98,0.25602114256470704
lung,baseline,40000,104,86,86,0.07414324361982438
lung,baseline,40000,104,103,103,0.2084474994131156
lung,baseline,40000,104,103,103,0.1855579595931148
lung,baseline,40000,104,103,103,0.045710347975284685
lung,baseline,40000,104,103,103,0.18624665822186276
lung,baseline,40000,104,101,101,0.045581273759487666
lung,baseline,40000,104,99,99,0.1863506574444668
lung,baseline,40000,104,102,102,0.2460045865974249
lung,baseline,40000,104,102,102,0.24861325316407876
lung,baseline,40000,104,101,101,0.16503002488819776
lung,baseline,40000,104,98,98,0.24922879747959412
lung,baseline,40000,104,98,98,0.20648070941152089
lung,baseline,40000,104,97,97,0.2109999763458996
lung,baseline,40000,104,97,97,0.13379441443044954
lung,baseline,40000,104,97,97,0.19550155976453792
lung,baseline,40000,104,97,97,0.2881185284047406
lung,baseline,40000,104,96,96,0.16313817880816606
lung,baseline,40000,104,96,96,0.21268894779156156
lung,baseline,40000,104,96,96,0.22024750360108122
lung,baseline,40000,104,95,95,0.25356616049873326
lung,baseline,40000,104,92,92,0.055681227119307855
lung,baseline,40000,104,88,88,0.2697288049225548
lung,baseline,40000,104,86,86,0.2453650315614701
lung,baseline,40000,104,103,103,0.009489684324329088
lung,baseline,40000,104,103,103,0.01868623241298548
lung,baseline,40000,104,103,103,0.04652916158126982
lung,baseline,40000,104,103,103,0.016002013467889424
lung,baseline,40000,104,103,103,0.006217626074484927
lung,baseline,40000,104,103,103,0.06365017928695355
lung,baseline,40000,104,103,103,0.013696745954405704
lung,baseline,40000,104,103,103,0.014218913844543761
lung,baseline,40000,104,103,103,0.015328225553597134
lung,baseline,40000,104,103,103,0.0096183797802127
lung,baseline,40000,104,103,103,0.005707373921754774
lung,baseline,40000,104,103,103,0.013320439519264371
lung,baseline,40000,104,103,103,0.0075339949704721606
lung,baseline,40000,104,103,103,0.004656442245384938
lung,baseline,40000,104,103,103,0.12334787062642763
lung,baseline,40000,104,103,103,0.016810018919895316
lung,baseline,40000,104,103,103,0.12482849440945488
lung,baseline,40000,104,103,103,0.01717774744960647
lung,baseline,40000,104,102,102,0.014263329358540775
lung,baseline,40000,104,102,102,0.01875767559851915
lung,baseline,40000,104,102,102,0.016980056887910832
lung,baseline,40000,104,102,102,0.013338425467002934
lung,baseline,40000,104,101,101,0.013085287693249388
lung,baseline,40000,104,101,101,0.033950771536856036
lung,baseline,40000,104,101,101,0.019713236196120445
lung,baseline,40000,104,101,101,0.058502105734859026
lung,baseline,40000,104,100,100,0.024420943939000957
lung,baseline,40000,104,97,97,0.03358490199711128
lung,baseline,40000,104,103,103,0.05892282651397698
lung,baseline,40000,104,103,103,0.20413262521754233
lung,baseline,40000,104,103,103,0.15649814854860963
lung,baseline,40000,104,103,103,0.1477050751749962
lung,baseline,40000,104,100,100,0.18925245350163625
lung,baseline,40000,104,103,103,0.16159654453994518
lung,baseline,40000,104,102,102,0.024369950907392142
lung,baseline,40000,104,102,102,0.023964910903391295
lung,baseline,40000,104,102,102,0.008654402631240128
lung,baseline,40000,104,98,98,0.20980746462667368
lung,baseline,40000,104,98,98,0.26182529906876006
lung,baseline,40000,104,98,98,0.25084913331694064
lung,baseline,40000,104,98,98,0.25789300988569996
lung,baseline,40000,104,86,86,0.07315152446705094
lung,baseline,40000,104,103,103,0.22723839306955185
lung,baseline,40000,104,103,103,0.0010869126431277997
lung,baseline,40000,104,103,103,0.03805697583782083
lung,baseline,40000,104,98,98,0.21760763399148078
lung,baseline,40000,104,98,98,0.1910597738478324
lung,baseline,40000,104,95,95,0.20360703950102052
lung,baseline,40000,104,102,102,0.031495190622927056
lung,baseline,40000,104,98,98,0.20618943120987288
lung,baseline,40000,104,96,96,0.26500177316760315
lung,baseline,40000,104,96,96,0.24186347462873048
lung,baseline,40000,104,95,95,0.1837282611316818
lung,baseline,40000,104,92,92,0.25198982225503797
lung,baseline,40000,104,91,91,0.1524941460192966
lung,baseline,40000,104,84,84,0.2107955335847199
lung,baseline,40000,104,103,103,0.028983170511494155
lung,baseline,40000,104,103,103,0.013480991385378937
lung,baseline,40000,104,101,101,0.21628242528960587
lung,baseline,40000,104,100,100,0.20343452541142376
lung,baseline,40000,104,97,97,0.22823900428202906
lung,baseline,40000,104,103,103,0.2202015959386423
lung,baseline,40000,104,100,100,0.09364728022201975
lung,baseline,40000,104,98,98,0.22912264623932393
lung,baseline,40000,104,98,98,0.29535626538023496
lung,baseline,40000,104,98,98,0.2849178654043716
lung,baseline,40000,104,93,93,0.2787914569187738
lung,baseline,40000,104,62,62,0.1961932821868397
lung,baseline,40000,104,103,103,0.14730461742730436
lung,baseline,40000,104,102,102,0.19783752452975611
lung,baseline,40000,104,102,102,0.008379038861918077
lung,baseline,40000,104,100,100,0.1992582970666485
lung,baseline,40000,104,99,99,0.2553135825457746
lung,baseline,40000,104,98,98,0.20294279371628077
lung,baseline,40000,104,103,103,0.010377597470060639
lung,baseline,40000,104,103,103,0.006118252512416852
lung,baseline,40000,104,103,103,0.011211395928774435
lung,baseline,40000,104,103,103,0.00740111631311026
lung,baseline,40000,104,103,103,0.10921399990234607
lung,baseline,40000,104,103,103,0.030524026881214715
lung,baseline,40000,104,103,103,0.05976620325010124
lung,baseline,40000,104,103,103,0.031319902908339976
lung,baseline,40000,104,103,103,0.020538006455864243
lung,baseline,40000,104,103,103,0.042528529809689186
lung,baseline,40000,104,103,103,0.1264636516717269
lung,baseline,40000,104,103,103,0.009074151629694016
lung,baseline,40000,104,103,103,0.006040985116545124
lung,baseline,40000,104,101,101,0.019082737508351127
lung,baseline,40000,104,101,101,0.04628285944562005
lung,baseline,40000,104,101,101,0.03368486586562923
lung,baseline,40000,104,101,101,0.013721104626123705
lung,baseline,40000,104,101,101,0.04487890233039089
lung,baseline,40000,104,100,100,0.049282972091882114
lung,baseline,40000,104,98,98,0.2223326677044766
lung,baseline,40000,104,96,96,0.18989581319975737
lung,baseline,40000,104,96,96,0.2868306658149519
lung,baseline,40000,104,96,96,0.2693088179237741
lung,baseline,40000,104,95,95,0.2217726257429998
lung,baseline,40000,104,92,92,0.2953178641808483
lung,baseline,40000,104,91,91,0.21157444958547
lung,baseline,40000,104,87,87,0.26285166992291137
lung,baseline,40000,104,62,62,0.19901832062814603
lung,baseline,40000,104,103,103,0.1283733677161198
lung,baseline,40000,104,103,103,0.019541411766653406
lung,baseline,40000,104,102,102,0.18753905046444502
lung,baseline,40000,104,100,100,0.17191465923765933
lung,baseline,40000,104,98,98,0.28545858191606777
lung,baseline,40000,104,98,98,0.27451752266941293
lung,baseline,40000,104,86,86,0.19236136919282235
lung,baseline,40000,104,103,103,0.25899216321213786
lung,baseline,40000,104,93,93,0.26219352419094777
lung,baseline,40000,104,102,102,0.13140534228751052
lung,baseline,40000,104,102,102,0.018392133298300434
lung,baseline,40000,104,101,101,0.18183445684504587
lung,baseline,40000,104,100,100,0.1999683680361382
lung,baseline,40000,104,99,99,0.2610567618424373
lung,baseline,40000,104,99,99,0.16334805063614904
lung,baseline,40000,104,99,99,0.21207047991626005
lung,baseline,40000,104,95,95,0.2467315589745966
lung,baseline,40000,104,95,95,0.20927995925478401
lung,baseline,40000,104,94,94,0.21845472622021234
lung,baseline,40000,104,94,94,0.2274977653714707
lung,baseline,40000,104,103,103,0.21876087996387655
lung,baseline,40000,104,103,103,0.1851862469028814
lung,baseline,40000,104,103,103,0.1852185852965493
lung,baseline,40000,104,99,99,0.10680641507465517
lung,baseline,40000,104,102,102,0.19705948814478186
lung,baseline,40000,104,99,99,0.23231552176741144
lung,baseline,40000,104,99,99,0.18903552718497552
lung,baseline,40000,104,62,62,0.14242505807197267
lung,baseline,40000,104,103,103,0.2512763361256632
lung,baseline,40000,104,103,103,0.01347392777891459
lung,baseline,40000,104,98,98,0.22114046247338318
lung,baseline,40000,104,103,103,0.22366565863036217
lung,baseline,40000,104,103,103,0.008172444502368254
lung,baseline,40000,104,100,100,0.043763364252523036
lung,baseline,40000,104,95,95,0.24288601922124722
lung,baseline,40000,104,90,90,0.2543369882282803
lung,baseline,40000,104,89,89,0.23529930273576508
lung,baseline,40000,104,103,103,0.17971488885334677
lung,baseline,40000,104,103,103,0.16687323220022404
lung,baseline,40000,104,102,102,0.2068469255782957
lung,baseline,40000,104,101,101,0.033778618081110906
lung,baseline,40000,104,99,99,0.23916517359630882
lung,baseline,40000,104,98,98,0.22523664779148805
lung,baseline,40000,104,102,102,0.2025050890638085
lung,baseline,40000,104,101,101,0.18367653921559196
lung,baseline,40000,104,97,97,0.24203662688331035
lung,baseline,40000,104,96,96,0.2231108491710314
lung,baseline,40000,104,96,96,0.21521665349743765
lung,baseline,40000,104,95,95,0.2161285368836523
lung,baseline,40000,104,95,95,0.20657380095448996
lung,baseline,40000,104,95,95,0.1280405733816061
lung,baseline,40000,104,88,88,0.26732693867570506
lung,baseline,40000,104,77,77,0.2098043882600989
lung,baseline,40000,104,103,103,0.23180965078548352
lung,baseline,40000,104,102,102,0.20200870981127267
lung,baseline,40000,104,100,100,0.14377032640031404
lung,baseline,40000,104,103,103,0.22184683939127925
lung,baseline,40000,104,102,102,0.18101429596995416
lung,baseline,40000,104,95,95,0.27882278833408897
lung,baseline,40000,104,93,93,0.2586711332529259
lung,baseline,40000,104,91,91,0.3074186674714694
lung,baseline,40000,104,90,90,0.29655219867077875
lung,baseline,40000,104,90,90,0.2510180383991487
lung,baseline,40000,104,87,87,0.20201932258483296
lung,baseline,40000,104,81,81,0.3016544652232444
lung,baseline,40000,104,103,103,0.05463987973458517
lung,baseline,40000,104,103,103,0.2342141591527982
lung,baseline,40000,104,103,103,0.16185936127287787
lung,baseline,40000,104,103,103,0.13878644693922748
lung,baseline,40000,104,102,102,0.022309125068392357
lung,baseline,40000,104,101,101,0.011027153857596669
lung,baseline,40000,104,97,97,0.008925345748619268
lung,baseline,40000,104,103,103,0.02916617683370917
lung,baseline,40000,104,103,103,0.1619606730676875
lung,baseline,40000,104,100,100,0.13308322490515181
lung,baseline,40000,104,99,99,0.2577406247114202
lung,baseline,40000,104,98,98,0.20619943833935794
lung,baseline,40000,104,95,95,0.18764156729454132
lung,baseline,40000,104,91,91,0.084350879172967
lung,baseline,40000,104,97,97,0.2229168070444511
lung,baseline,40000,104,89,89,0.25035557919826473
lung,baseline,40000,104,89,89,0.23694748615717168
lung,baseline,40000,104,87,87,0.183755799206152
lung,baseline,40000,104,82,82,0.24119113416868995
lung,baseline,40000,104,68,68,0.18020585148921334
lung,baseline,40000,104,56,56,0.20977196573557164
lung,baseline,40000,104,103,103,0.17033728911351229
lung,baseline,40000,104,101,101,0.21373833568056355
lung,baseline,40000,104,100,100,0.1987341292597849
lung,baseline,40000,104,100,100,0.23509028102616156
lung,baseline,40000,104,97,97,0.27524663524379617
lung,baseline,40000,104,103,103,0.16357873467607617
lung,baseline,40000,104,103,103,0.24460628555670094
lung,baseline,40000,104,103,103,0.013282593357236064
lung,baseline,40000,104,103,103,0.053497286536721186
lung,baseline,40000,104,100,100,0.14492576959849598
lung,baseline,40000,104,103,103,0.010504540760692203
lung,baseline,40000,104,99,99,0.15616560364845097
lung,baseline,40000,104,99,99,0.2584893362767294
lung,baseline,40000,104,98,98,0.20704204241932514
lung,baseline,40000,104,95,95,0.19298666119789018
lung,baseline,40000,104,91,91,0.16425704753311474
lung,baseline,40000,104,103,103,0.1293102149435405
lung,baseline,40000,104,103,103,0.11065688577736787
lung,baseline,40000,104,103,103,0.02461530123855658
lung,baseline,40000,104,103,103,0.23719347534138796
lung,baseline,40000,104,101,101,0.024561266935727775
lung,baseline,40000,104,101,101,0.03084980259861046
lung,baseline,40000,104,99,99,0.2120979341980173
lung,baseline,40000,104,103,103,0.21106646229083817
lung,baseline,40000,104,103,103,0.12228400229696014
lung,baseline,40000,104,103,103,0.17477425718285347
lung,baseline,40000,104,103,103,0.18238248721776837
lung,baseline,40000,104,103,103,0.021002590009523772
lung,baseline,40000,104,103,103,0.17885043930605563
lung,baseline,40000,104,103,103,0.15838629939777066
lung,baseline,40000,104,103,103,0.010061883648863262
lung,baseline,40000,104,98,98,0.20986162381464432
lung,baseline,40000,104,103,103,0.21555688916296728
lung,baseline,40000,104,99,99,0.24521197158060704
lung,baseline,40000,104,97,97,0.2304945355871516
lung,baseline,40000,104,103,103,0.01865078358356936
lung,baseline,40000,104,103,103,0.04031637715463012
lung,baseline,40000,104,103,103,0.20996553644892482
lung,baseline,40000,104,99,99,0.12408830755622935
lung,baseline,40000,104,103,103,0.17761344869029416
lung,baseline,40000,104,103,103,0.13330120880692986
lung,baseline,40000,104,103,103,0.08089324468394175
lung,baseline,40000,104,103,103,0.1618063609988439
lung,baseline,40000,104,103,103,0.016122493303947813
lung,baseline,40000,104,103,103,0.01764314113377563
lung,baseline,40000,104,103,103,0.010250518995954947
lung,baseline,40000,104,102,102,0.02373423057371561
lung,baseline,40000,104,101,101,0.24714299702322187
lung,baseline,40000,104,98,98,0.2968950297518774
lung,baseline,40000,104,98,98,0.22972462297947507
lung,baseline,40000,104,93,93,0.2757209278973032
lung,baseline,40000,104,89,89,0.2304454141108387
lung,baseline,40000,104,89,89,0.22549040919976668
lung,baseline,40000,104,72,72,0.26258387267825933
lung,baseline,40000,104,62,62,0.1980140549011596
lung,baseline,40000,104,103,103,0.11098007079213057
lung,baseline,40000,104,103,103,0.06671685037360629
lung,baseline,40000,104,103,103,0.26510753862554776
lung,baseline,40000,104,100,100,0.2261327918188599
lung,baseline,40000,104,98,98,0.01968183224486434
lung,baseline,40000,104,103,103,0.015435278613796557
lung,baseline,40000,104,103,103,0.16176234335752648
lung,baseline,40000,104,103,103,0.005346779451000025
lung,baseline,40000,104,102,102,0.20437788863044615
lung,baseline,40000,104,100,100,0.1908665968515303
lung,baseline,40000,104,98,98,0.2089609369245443
lung,baseline,40000,104,103,103,0.19786216684099012
lung,baseline,40000,104,103,103,0.1958622328643199
lung,baseline,40000,104,103,103,0.18915324962986327
lung,baseline,40000,104,103,103,0.1378185010917399
lung,baseline,40000,104,102,102,0.006364101462516714
lung,baseline,40000,104,99,99,0.037516583957814986
lung,baseline,40000,104,103,103,0.2561362840789458
lung,baseline,40000,104,99,99,0.1774460032443738
lung,baseline,40000,104,98,98,0.24336958722346344
lung,baseline,40000,104,95,95,0.25324996562525875
lung,baseline,40000,104,94,94,0.16534429359141156
lung,baseline,40000,104,86,86,0.2458108110281668
lung,baseline,40000,104,76,76,0.20426759515112708
lung,baseline,40000,104,63,63,0.20676741761562883
lung,baseline,40000,104,56,56,0.21398206941654802
lung,baseline,40000,104,51,51,0.1935554265133409
lung,baseline,40000,104,43,43,0.2505285284906185
lung,baseline,40000,104,28,28,0.35665522661738913
lung,baseline,40000,104,103,103,0.19604119388848903
lung,baseline,40000,104,103,103,0.0920073260838726
lung,baseline,40000,104,103,103,0.1776794938009333
lung,baseline,40000,104,101,101,0.03529865807157081
lung,baseline,40000,104,100,100,0.019375319456691967
lung,baseline,40000,104,100,100,0.18674923331669052
lung,baseline,40000,104,100,100,0.03792478810368763
lung,baseline,40000,104,99,99,0.2027810083758258
lung,baseline,40000,104,102,102,0.20458391351431476
lung,baseline,40000,104,100,100,0.22865317212643368
lung,baseline,40000,104,99,99,0.19339408714743836
lung,baseline,40000,104,95,95,0.19946083964268913
lung,baseline,40000,104,83,83,0.2340287051539124
lung,baseline,40000,104,62,62,0.14759300958275579
lung,baseline,40000,104,103,103,0.022319450337135918
lung,baseline,40000,104,103,103,0.026505513210155845
lung,baseline,40000,104,102,102,0.2178933646761111
lung,baseline,40000,104,101,101,0.190839529408556
lung,baseline,40000,104,99,99,0.24715017639014086
lung,baseline,40000,104,98,98,0.22826107568922233
lung,baseline,40000,104,103,103,0.14675344614566566
lung,baseline,40000,104,103,103,0.24407308333369235
lung,baseline,40000,104,101,101,0.11990992186527186
lung,baseline,40000,104,99,99,0.2071608166475907
lung,baseline,40000,104,98,98,0.20983782086251235
lung,baseline,40000,104,100,100,0.27043942815774247
lung,baseline,40000,104,96,96,0.13888627233783982
lung,baseline,40000,104,95,95,0.25964929639531525
lung,baseline,40000,104,92,92,0.07368427243960567
lung,baseline,40000,104,86,86,0.24709198711134034
lung,baseline,40000,104,83,83,0.16832712417675588
lung,baseline,40000,104,83,83,0.1694902958619951
lung,baseline,40000,104,78,78,0.2514069203292618
lung,baseline,40000,104,103,103,0.002995479299290747
lung,baseline,40000,104,102,102,0.18669205760604446
lung,baseline,40000,104,100,100,0.17409047132239597
lung,baseline,40000,104,100,100,0.23263511607271586
lung,baseline,40000,104,98,98,0.2763674242699856
lung,baseline,40000,104,97,97,0.22018267148560855
lung,baseline,40000,104,97,97,0.22666399181533692
lung,baseline,40000,104,96,96,0.283439159299739
lung,baseline,40000,104,96,96,0.24411548618039527
lung,baseline,40000,104,102,102,0.07602645704521557
lung,baseline,40000,104,99,99,0.26348304054499666
lung,baseline,40000,104,97,97,0.20230654982956559
lung,baseline,40000,104,97,97,0.21948384428414208
lung,baseline,40000,104,96,96,0.24653883131344098
lung,baseline,40000,104,91,91,0.0850503397072855
lung,baseline,40000,104,90,90,0.21210877137457926
lung,baseline,40000,104,103,103,0.16665382864454087
lung,baseline,40000,104,103,103,0.2559003271453816
lung,baseline,40000,104,99,99,0.16787420953031637
lung,baseline,40000,104,98,98,0.18546812861395012
lung,baseline,40000,104,96,96,0.09456935945274329
lung,baseline,40000,104,102,102,0.07737955032846194
lung,baseline,40000,104,101,101,0.18223092538032426
lung,baseline,40000,104,99,99,0.16494972129640795
lung,baseline,40000,104,99,99,0.2621877269638245
lung,baseline,40000,104,99,99,0.21142356851393437
lung,baseline,40000,104,99,99,0.22125607087963656
lung,baseline,40000,104,97,97,0.21163112269635667
lung,baseline,40000,104,95,95,0.132451946646554
lung,baseline,40000,104,103,103,0.21856301327353309
lung,baseline,40000,104,98,98,0.23271570541153774
lung,baseline,40000,104,95,95,0.2970730700057352
lung,baseline,40000,104,95,95,0.20898713332300584
lung,baseline,40000,104,94,94,0.28953202186914645
lung,baseline,40000,104,87,87,0.21752778216857047
lung,baseline,40000,104,62,62,0.19966558700155235
lung,baseline,40000,104,103,103,0.1862444659721867
lung,baseline,40000,104,103,103,0.17623787309636765
lung,baseline,40000,104,103,103,0.12347262769293799
lung,baseline,40000,104,103,103,0.20527996153237835
lung,baseline,40000,104,103,103,0.020517563791381213
lung,baseline,40000,104,103,103,0.022699884706414118
lung,baseline,40000,104,103,103,0.004776617927949876
lung,baseline,40000,104,103,103,0.24380648134066318
lung,baseline,40000,104,103,103,0.14990425849746242
lung,baseline,40000,104,93,93,0.26217489703531827
lung,baseline,40000,104,102,102,0.20259534936120344
lung,baseline,40000,104,99,99,0.2561687673900899
lung,baseline,40000,104,99,99,0.13184951912097556
lung,baseline,40000,104,97,97,0.24570286863512578
lung,baseline,40000,104,94,94,0.20986182984161622
lung,baseline,40000,104,93,93,0.24254342896886202
lung,baseline,40000,104,91,91,0.23708045398969235
lung,baseline,40000,104,89,89,0.18378894869317738
lung,baseline,40000,104,87,87,0.21791064246034633
lung,baseline,40000,104,83,83,0.2282156159192751
lung,baseline,40000,104,68,68,0.21337831117866274
lung,baseline,40000,104,51,51,0.18562078840965507
lung,baseline,40000,104,103,103,0.007372349717521564
lung,baseline,40000,104,103,103,0.012251389482087177
lung,baseline,40000,104,103,103,0.008266592868228393
lung,baseline,40000,104,103,103,0.19646649928562906
lung,baseline,40000,104,103,103,0.009386587556244282
lung,baseline,40000,104,103,103,0.06366230171559006
lung,baseline,40000,104,103,103,0.015909989535952577
lung,baseline,40000,104,103,103,0.019408174171811527
lung,baseline,40000,104,103,103,0.1594422573067756
lung,baseline,40000,104,103,103,0.007649650221500859
lung,baseline,40000,104,102,102,0.01860235582962543
lung,baseline,40000,104,102,102,0.02515907943148177
lung,baseline,40000,104,101,101,0.03539409109804376
lung,baseline,40000,104,101,101,0.055175141116655405
lung,baseline,40000,104,99,99,0.17079050215791117
lung,baseline,40000,104,98,98,0.0406576050179916
lung,baseline,40000,105,104,104,0.01772641094622319
lung,baseline,40000,105,104,104,0.16767046510088915
lung,baseline,40000,105,104,104,0.05074500660232058
lung,baseline,40000,105,104,104,0.1018503650324558
lung,baseline,40000,105,104,104,0.01941980567650872
lung,baseline,40000,105,104,104,0.21538664384953568
lung,baseline,40000,105,104,104,0.011443062501596917
lung,baseline,40000,105,104,104,0.011466633128520202
lung,baseline,40000,105,104,104,0.15684899522386547
lung,baseline,40000,105,101,101,0.19754061328994652
lung,baseline,40000,105,101,101,0.021006916385175975
lung,baseline,40000,105,100,100,0.03599092915802584
lung,baseline,40000,105,104,104,0.17521469331141487
lung,baseline,40000,105,102,102,0.2567578306986545
lung,baseline,40000,105,100,100,0.24738127399138846
lung,baseline,40000,105,99,99,0.13383288376554617
lung,baseline,40000,105,98,98,0.17884880881189946
lung,baseline,40000,105,97,97,0.2406354197504745
lung,baseline,40000,105,94,94,0.24889859768535544
lung,baseline,40000,105,100,100,0.2658406589705422
lung,baseline,40000,105,97,97,0.18833766022685727
lung,baseline,40000,105,96,96,0.18810632256366558
lung,baseline,40000,105,95,95,0.11726027615407171
lung,baseline,40000,105,94,94,0.2728608046309338
lung,baseline,40000,105,93,93,0.23141182366764154
lung,baseline,40000,105,92,92,0.2748503733646847
lung,baseline,40000,105,90,90,0.16903791767655493
lung,baseline,40000,105,90,90,0.2682254045176771
lung,baseline,40000,105,90,90,0.2505562903377708
lung,baseline,40000,105,89,89,0.26928072920482515
lung,baseline,40000,105,88,88,0.1839592095533078
lung,baseline,40000,105,87,87,0.2786655180777866
lung,baseline,40000,105,87,87,0.24232316774284282
lung,baseline,40000,105,81,81,0.19851845971477705
lung,baseline,40000,105,104,104,0.00321907539687497
lung,baseline,40000,105,104,104,0.0029230418227907703
lung,baseline,40000,105,104,104,0.04732537265155613
lung,baseline,40000,105,104,104,0.23466666663753316
lung,baseline,40000,105,104,104,0.04979128676609648
lung,baseline,40000,105,104,104,0.10762608825958446
lung,baseline,40000,105,104,104,0.1626947725515676
lung,baseline,40000,105,102,102,0.01092056714883732
lung,baseline,40000,105,102,102,0.011267552577268749
lung,baseline,40000,105,101,101,0.13372324378825995
lung,baseline,40000,105,101,101,0.009693269294182735
lung,baseline,40000,105,101,101,0.019749291014724266
lung,baseline,40000,105,97,97,0.039161808045906944
lung,baseline,40000,105,104,104,0.0037724967540114615
lung,baseline,40000,105,104,104,0.19581102816339996
lung,baseline,40000,105,104,104,0.18065304647378
lung,baseline,40000,105,104,104,0.13785680840424464
lung,baseline,40000,105,104,104,0.1993874814558372
lung,baseline,40000,105,104,104,0.05464511027891749
lung,baseline,40000,105,103,103,0.019691459487344968
lung,baseline,40000,105,101,101,0.038669664649184886
lung,baseline,40000,105,104,104,0.12215919416390199
lung,baseline,40000,105,104,104,0.24528154794531812
lung,baseline,40000,105,104,104,0.0032621303778258078
lung,baseline,40000,105,104,104,0.0030168825201128983
lung,baseline,40000,105,101,101,0.16431264413944907
lung,baseline,40000,105,99,99,0.20956994852840538
lung,baseline,40000,105,104,104,0.11138029023018288
lung,baseline,40000,105,104,104,0.1947265487989586
lung,baseline,40000,105,104,104,0.17489535859655464
lung,baseline,40000,105,100,100,0.24722219462975253
lung,baseline,40000,105,99,99,0.22795178969979413
lung,baseline,40000,105,99,99,0.12693663528762716
lung,baseline,40000,105,93,93,0.14498427862828567
lung,baseline,40000,105,104,104,0.0018734242338141573
lung,baseline,40000,105,104,104,0.04551517787333019
lung,baseline,40000,105,104,104,0.0033196066373512184
lung,baseline,40000,105,104,104,0.20703598907163967
lung,baseline,40000,105,97,97,0.21851760077024737
lung,baseline,40000,105,96,96,0.2988666290573393
lung,baseline,40000,105,104,104,0.004047737129502891
lung,baseline,40000,105,104,104,0.12462087976151633
lung,baseline,40000,105,104,104,0.0022105599140165764
lung,baseline,40000,105,104,104,0.1505309104241921
lung,baseline,40000,105,104,104,0.22336811754938138
lung,baseline,40000,105,103,103,0.09679372132554279
lung,baseline,40000,105,103,103,0.015078119491578754
lung,baseline,40000,105,100,100,0.1991828739432914
lung,baseline,40000,105,104,104,0.1687637086582303
lung,baseline,40000,105,102,102,0.1903337915042112
lung,baseline,40000,105,102,102,0.19006341547866606
lung,baseline,40000,105,101,101,0.20972209932337327
lung,baseline,40000,105,100,100,0.25182857533897524
lung,baseline,40000,105,98,98,0.2400417152017674
lung,baseline,40000,105,97,97,0.23807594545225957
lung,baseline,40000,105,94,94,0.28495689447813494
lung,baseline,40000,105,93,93,0.25315599556184315
lung,baseline,40000,105,91,91,0.25128187992814116
lung,baseline,40000,105,90,90,0.20385163487785093
lung,baseline,40000,105,88,88,0.29907373368207324
lung,baseline,40000,105,87,87,0.24041052377358052
lung,baseline,40000,105,83,83,0.24299434764831823
lung,baseline,40000,105,99,99,0.24800799782068916
lung,baseline,40000,105,97,97,0.18402309429914687
lung,baseline,40000,105,95,95,0.19062773627919916
lung,baseline,40000,105,92,92,0.22795631055508905
lung,baseline,40000,105,89,89,0.2243123577088336
lung,baseline,40000,105,83,83,0.1762829072488164
lung,baseline,40000,105,79,79,0.1531698577957844
lung,baseline,40000,105,72,72,0.24980471576023777
lung,baseline,40000,105,56,56,0.21449714299952755
lung,baseline,40000,105,104,104,0.01396560415276488
lung,baseline,40000,105,104,104,0.10399292246877952
lung,baseline,40000,105,104,104,0.24453321786704263
lung,baseline,40000,105,101,101,0.10250555726593766
lung,baseline,40000,105,100,100,0.008690807529389565
lung,baseline,40000,105,100,100,0.20262718893217027
lung,baseline,40000,105,99,99,0.009312711005947822
lung,baseline,40000,105,96,96,0.12236613178040634
lung,baseline,40000,105,104,104,0.24662842383687883
lung,baseline,40000,105,102,102,0.019813457267569508
lung,baseline,40000,105,99,99,0.20485652125348977
lung,baseline,40000,105,96,96,0.2136160659227275
lung,baseline,40000,105,94,94,0.2624217514917558
lung,baseline,40000,105,104,104,0.253953830743961
lung,baseline,40000,105,104,104,0.15810418056106504
lung,baseline,40000,105,104,104,0.002457976940458814
lung,baseline,40000,105,104,104,0.09089286395327568
lung,baseline,40000,105,100,100,0.16034923656291553
lung,baseline,40000,105,100,100,0.17613052986730995
lung,baseline,40000,105,98,98,0.018908404313627752
lung,baseline,40000,105,104,104,0.1304495547602943
lung,baseline,40000,105,104,104,0.19767641285042328
lung,baseline,40000,105,104,104,0.18931339247510706
lung,baseline,40000,105,104,104,0.17969053702458765
lung,baseline,40000,105,104,104,0.01470140558668644
lung,baseline,40000,105,104,104,0.1851087815035585
lung,baseline,40000,105,104,104,0.010868351972576573
lung,baseline,40000,105,104,104,0.18941523538706584
lung,baseline,40000,105,104,104,0.004559691836871037
lung,baseline,40000,105,104,104,0.09650002509908856
lung,baseline,40000,105,104,104,0.02314810066670385
lung,baseline,40000,105,104,104,0.22013182791427835
lung,baseline,40000,105,104,104,0.021165478642707673
lung,baseline,40000,105,104,104,0.024813390386109437
lung,baseline,40000,105,104,104,0.019725082751409273
lung,baseline,40000,105,104,104,0.004674516345869533
lung,baseline,40000,105,104,104,0.09313364506156378
lung,baseline,40000,105,104,104,0.010297965283708264
lung,baseline,40000,105,104,104,0.03237981399836687
lung,baseline,40000,105,103,103,0.011206176987459564
lung,baseline,40000,105,103,103,0.024259064326116804
lung,baseline,40000,105,103,103,0.00808768031259554
lung,baseline,40000,105,103,103,0.030405653983859266
lung,baseline,40000,105,103,103,0.08646916458094359
lung,baseline,40000,105,103,103,0.0264833939526236
lung,baseline,40000,105,102,102,0.030608547002403064
lung,baseline,40000,105,102,102,0.12543762311832257
lung,baseline,40000,105,101,101,0.04982517197297948
lung,baseline,40000,105,97,97,0.1458542152476809
lung,baseline,40000,105,96,96,0.177020243150924
lung,baseline,40000,105,93,93,0.1771446201365047
lung,baseline,40000,105,92,92,0.20857878503679553
lung,baseline,40000,105,90,90,0.1547399735096559
lung,baseline,40000,105,88,88,0.16981667535874773
lung,baseline,40000,105,87,87,0.23457702515089718
lung,baseline,40000,105,84,84,0.2657211229758618
lung,baseline,40000,105,62,62,0.1820919839944324
lung,baseline,40000,105,56,56,0.21454773788007203
lung,baseline,40000,105,51,51,0.19263678593505149
lung,baseline,40000,105,28,28,0.3439997754546285
lung,baseline,40000,105,104,104,0.24628777120115622
lung,baseline,40000,105,94,94,0.26772522084783296
lung,baseline,40000,105,91,91,0.1818133759791671
lung,baseline,40000,105,87,87,0.24195495634857395
lung,baseline,40000,105,104,104,0.26317583710231074
lung,baseline,40000,105,104,104,0.1258147272073287
lung,baseline,40000,105,103,103,0.022475518560600895
lung,baseline,40000,105,101,101,0.11557732750167038
lung,baseline,40000,105,98,98,0.2069351046589725
lung,baseline,40000,105,98,98,0.21962829169953232
lung,baseline,40000,105,95,95,0.2092219902114737
lung,baseline,40000,105,104,104,0.23596572664383003
lung,baseline,40000,105,100,100,0.20368507231596497
lung,baseline,40000,105,94,94,0.2121381909401623
lung,baseline,40000,105,104,104,0.26898248313809014
lung,baseline,40000,105,104,104,0.18189683135456614
lung,baseline,40000,105,103,103,0.10374013574782781
lung,baseline,40000,105,101,101,0.15804714683912072
lung,baseline,40000,105,101,101,0.005076406827592743
lung,baseline,40000,105,99,99,0.2261309726604727
lung,baseline,40000,105,104,104,0.052893325305593215
lung,baseline,40000,105,104,104,0.22740551644110954
lung,baseline,40000,105,103,103,0.08804451292853863
lung,baseline,40000,105,103,103,0.02365230537012626
lung,baseline,40000,105,100,100,0.13185381441611932
lung,baseline,40000,105,99,99,0.1623660913484907
lung,baseline,40000,105,104,104,0.18728286162639246
lung,baseline,40000,105,103,103,0.1719452850707464
lung,baseline,40000,105,98,98,0.22790091040313953
lung,baseline,40000,105,97,97,0.2507026459071557
lung,baseline,40000,105,96,96,0.22577960309012676
lung,baseline,40000,105,94,94,0.24984982799724886
lung,baseline,40000,105,93,93,0.2222677155496934
lung,baseline,40000,105,90,90,0.2114011023819584
lung,baseline,40000,105,89,89,0.2305081086534849
lung,baseline,40000,105,83,83,0.23630991583585054
lung,baseline,40000,105,104,104,0.002251796046590979
lung,baseline,40000,105,104,104,0.016209738773396994
lung,baseline,40000,105,104,104,0.008968952783930754
lung,baseline,40000,105,104,104,0.005418857852130737
lung,baseline,40000,105,104,104,0.07952226912719182
lung,baseline,40000,105,104,104,0.017789274161466775
lung,baseline,40000,105,104,104,0.011446901432069473
lung,baseline,40000,105,104,104,0.022375485156591438
lung,baseline,40000,105,104,104,0.017183131277008826
lung,baseline,40000,105,104,104,0.012246079922504035
lung,baseline,40000,105,104,104,0.005696124382203681
lung,baseline,40000,105,104,104,0.15976730440402814
lung,baseline,40000,105,104,104,0.003085058123256251
lung,baseline,40000,105,104,104,0.03727102955685157
lung,baseline,40000,105,104,104,0.0397923713709098
lung,baseline,40000,105,104,104,0.1770774250004476
lung,baseline,40000,105,104,104,0.020713557949010284
lung,baseline,40000,105,104,104,0.021363985209148704
lung,baseline,40000,105,104,104,0.01060164779088533
lung,baseline,40000,105,104,104,0.014968400615883764
lung,baseline,40000,105,104,104,0.007719024165668504
lung,baseline,40000,105,104,104,0.008129354795342351
lung,baseline,40000,105,104,104,0.00865125694787332
lung,baseline,40000,105,104,104,0.007126081818193014
lung,baseline,40000,105,104,104,0.007492747891796885
lung,baseline,40000,105,104,104,0.015017825203304226
lung,baseline,40000,105,104,104,0.12993383700121675
lung,baseline,40000,105,103,103,0.01818379321403368
lung,baseline,40000,105,102,102,0.042095118996589985
lung,baseline,40000,105,102,102,0.008699959634897924
lung,baseline,40000,105,102,102,0.06941882726054566
lung,baseline,40000,105,101,101,0.01847265007438232
lung,baseline,40000,105,101,101,0.030325510160051965
lung,baseline,40000,105,104,104,0.15184286759404225
lung,baseline,40000,105,99,99,0.259538033028309
lung,baseline,40000,105,98,98,0.18249488138274153
lung,baseline,40000,105,94,94,0.17178622968069562
lung,baseline,40000,105,92,92,0.23954078828330072
lung,baseline,40000,105,92,92,0.2798888077186823
lung,baseline,40000,105,104,104,0.23308945221896815
lung,baseline,40000,105,104,104,0.0065658838499054835
lung,baseline,40000,105,104,104,0.13956883533870615
lung,baseline,40000,105,103,103,0.17726200904878783
lung,baseline,40000,105,99,99,0.22377259117936113
lung,baseline,40000,105,104,104,0.007198834208721827
lung,baseline,40000,105,104,104,0.016045697935902128
lung,baseline,40000,105,102,102,0.21324958534843413
lung,baseline,40000,105,102,102,0.1173660324900019
lung,baseline,40000,105,102,102,0.2563719224834958
lung,baseline,40000,105,102,102,0.18202385496418533
lung,baseline,40000,105,101,101,0.21363867822998456
lung,baseline,40000,105,100,100,0.2434948796086857
lung,baseline,40000,105,98,98,0.22762201709110413
lung,baseline,40000,105,98,98,0.2430375621021356
lung,baseline,40000,105,104,104,0.0009750473471928453
lung,baseline,40000,105,104,104,0.2566967231734971
lung,baseline,40000,105,104,104,0.018485042467951192
lung,baseline,40000,105,104,104,0.02032853724126865
lung,baseline,40000,105,104,104,0.06595393759153864
lung,baseline,40000,105,104,104,0.12775609503864666
lung,baseline,40000,105,103,103,0.009267074752856154
lung,baseline,40000,105,103,103,0.11476434120489083
lung,baseline,40000,105,102,102,0.00808131786383002
lung,baseline,40000,105,102,102,0.029206475521875587
lung,baseline,40000,105,102,102,0.033115165875604834
lung,baseline,40000,105,104,104,0.18591450562840453
lung,baseline,40000,105,104,104,0.2032883866119472
lung,baseline,40000,105,104,104,0.023013191542264513
lung,baseline,40000,105,104,104,0.018478045438283474
lung,baseline,40000,105,104,104,0.017517874589101513
lung,baseline,40000,105,98,98,0.21346713700368877
lung,baseline,40000,105,104,104,0.03645897697032474
lung,baseline,40000,105,104,104,0.17963453000801172
lung,baseline,40000,105,104,104,0.12111188495114088
lung,baseline,40000,105,104,104,0.005934436076939705
lung,baseline,40000,105,104,104,0.19163324164624523
lung,baseline,40000,105,104,104,0.02050029067239749
lung,baseline,40000,105,104,104,0.20107227417476972
lung,baseline,40000,105,103,103,0.01926011534259933
lung,baseline,40000,105,103,103,0.027743285932239316
lung,baseline,40000,105,103,103,0.025865618474945465
lung,baseline,40000,105,102,102,0.12536565500224187
lung,baseline,40000,105,102,102,0.0350821992129825
lung,baseline,40000,105,101,101,0.04210653754762535
lung,baseline,40000,105,100,100,0.19748552464653987
lung,baseline,40000,105,99,99,0.027777854123403434
lung,baseline,40000,105,103,103,0.23112270797699194
lung,baseline,40000,105,102,102,0.20526504920434716
lung,baseline,40000,105,98,98,0.2436857587721433
lung,baseline,40000,105,97,97,0.2801073221079598
lung,baseline,40000,105,96,96,0.24897113975519827
lung,baseline,40000,105,95,95,0.206872712401165
lung,baseline,40000,105,91,91,0.24194111432311247
lung,baseline,40000,105,90,90,0.21592762511391103
lung,baseline,40000,105,89,89,0.22724458042263782
lung,baseline,40000,105,87,87,0.24529460951270768
lung,baseline,40000,105,87,87,0.23743635466222043
lung,baseline,40000,105,83,83,0.23731759608771064
lung,baseline,40000,105,62,62,0.17002962775872227
lung,baseline,40000,105,103,103,0.26824550991523455
lung,baseline,40000,105,103,103,0.012426886465841206
lung,baseline,40000,105,103,103,0.011051611246342184
lung,baseline,40000,105,102,102,0.2541962010479729
lung,baseline,40000,105,102,102,0.1530721897698743
lung,baseline,40000,105,101,101,0.24269351464003977
lung,baseline,40000,105,101,101,0.26994352878923283
lung,baseline,40000,105,100,100,0.26289478313213377
lung,baseline,40000,105,99,99,0.2602661013828666
lung,baseline,40000,105,98,98,0.18319178034787256
lung,baseline,40000,105,98,98,0.19395656693785948
lung,baseline,40000,105,97,97,0.18330270269979626
lung,baseline,40000,105,97,97,0.2501492031664005
lung,baseline,40000,105,96,96,0.29958674248811673
lung,baseline,40000,105,96,96,0.20840908298672023
lung,baseline,40000,105,93,93,0.2797575085407386
lung,baseline,40000,105,93,93,0.27853764452057406
lung,baseline,40000,105,90,90,0.25353972384017254
lung,baseline,40000,105,103,103,0.24017411999558247
lung,baseline,40000,105,103,103,0.25096446952665613
lung,baseline,40000,105,101,101,0.18994227002189604
lung,baseline,40000,105,99,99,0.2862237641367442
lung,baseline,40000,105,98,98,0.21881946667361948
lung,baseline,40000,105,94,94,0.25402223241314165
lung,baseline,40000,105,91,91,0.2569936251054298
lung,baseline,40000,105,86,86,0.22795799002125053
lung,baseline,40000,105,104,104,0.18504613562951816
lung,baseline,40000,105,100,100,0.24444009544164794
lung,baseline,40000,105,99,99,0.22704343105902255
lung,baseline,40000,105,99,99,0.1267187389483023
lung,baseline,40000,105,62,62,0.16985702378621265
lung,baseline,40000,105,104,104,0.011931774066733224
lung,baseline,40000,105,103,103,0.22528962785904066
lung,baseline,40000,105,103,103,0.2264322426481095
lung,baseline,40000,105,103,103,0.23106641183005522
lung,baseline,40000,105,101,101,0.16683520701796672
lung,baseline,40000,105,100,100,0.13840107823700673
lung,baseline,40000,105,97,97,0.1891651789685015
lung,baseline,40000,105,96,96,0.2800504121432702
lung,baseline,40000,105,92,92,0.04961580173462855
lung,baseline,40000,105,103,103,0.1856010550065187
lung,baseline,40000,105,99,99,0.23226418023480883
lung,baseline,40000,105,99,99,0.24756115151462565
lung,baseline,40000,105,99,99,0.2609816220500558
lung,baseline,40000,105,99,99,0.2911657128568725
lung,baseline,40000,105,98,98,0.2104100301039591
lung,baseline,40000,105,97,97,0.1957539928804124
lung,baseline,40000,105,97,97,0.05750617805688709
lung,baseline,40000,105,104,104,0.16803959504733007
lung,baseline,40000,105,104,104,0.17883504681156573
lung,baseline,40000,105,100,100,0.2364319372370911
lung,baseline,40000,105,100,100,0.22871525069380158
lung,baseline,40000,105,99,99,0.12776798477551143
lung,baseline,40000,105,99,99,0.22093837610610248
lung,baseline,40000,105,104,104,0.26808188704492475
lung,baseline,40000,105,104,104,0.05794156026843008
lung,baseline,40000,105,103,103,0.2119053941543477
lung,baseline,40000,105,103,103,0.08248977374114726
lung,baseline,40000,105,103,103,0.014004733551531439
lung,baseline,40000,105,103,103,0.1661094141862324
lung,baseline,40000,105,100,100,0.18523454083847812
lung,baseline,40000,106,105,105,0.2583575377814437
lung,baseline,40000,106,105,105,0.0030983272306980025
lung,baseline,40000,106,105,105,0.11212262199388406
lung,baseline,40000,106,105,105,0.054902224971840226
lung,baseline,40000,106,105,105,0.10113425710264266
lung,baseline,40000,106,105,105,0.021843650675874602
lung,baseline,40000,106,102,102,0.11216131307364201
lung,baseline,40000,106,105,105,0.04715363990491391
lung,baseline,40000,106,105,105,0.2720314403179306
lung,baseline,40000,106,105,105,0.0684078132805037
lung,baseline,40000,106,105,105,0.0050235574070849175
lung,baseline,40000,106,105,105,0.14931140475666804
lung,baseline,40000,106,105,105,0.009641943600418902
lung,baseline,40000,106,105,105,0.08719378840209666
lung,baseline,40000,106,103,103,0.006580674372979627
lung,baseline,40000,106,102,102,0.015910416766131315
lung,baseline,40000,106,105,105,0.03677461270396088
lung,baseline,40000,106,105,105,0.07157547070479503
lung,baseline,40000,106,105,105,0.01822397376604309
lung,baseline,40000,106,105,105,0.22473152433047713
lung,baseline,40000,106,105,105,0.009990766564197761
lung,baseline,40000,106,101,101,0.14043182328674164
lung,baseline,40000,106,105,105,0.12178353474530443
lung,baseline,40000,106,105,105,0.0022517391947086567
lung,baseline,40000,106,105,105,0.04711539419576935
lung,baseline,40000,106,105,105,0.001332626293225411
lung,baseline,40000,106,105,105,0.002623711108388592
lung,baseline,40000,106,105,105,0.0016523830021344169
lung,baseline,40000,106,105,105,0.24428518940910596
lung,baseline,40000,106,105,105,0.09084996490164118
lung,baseline,40000,106,105,105,0.14306046504951053
lung,baseline,40000,106,104,104,0.001624807647463555
lung,baseline,40000,106,104,104,0.0042526595255601785
lung,baseline,40000,106,103,103,0.01594196323601889
lung,baseline,40000,106,103,103,0.0035779202353522234
lung,baseline,40000,106,104,104,0.001971028454244728
lung,baseline,40000,106,104,104,0.2460812412143842
lung,baseline,40000,106,102,102,0.2329156959674934
lung,baseline,40000,106,102,102,0.26485160002822694
lung,baseline,40000,106,101,101,0.01912602478834635
lung,baseline,40000,106,100,100,0.27326180075979917
lung,baseline,40000,106,98,98,0.20832247093727194
lung,baseline,40000,106,97,97,0.18264128564369225
lung,baseline,40000,106,89,89,0.2738258470797005
lung,baseline,40000,106,88,88,0.2416778744212977
lung,baseline,40000,106,105,105,0.20297885349395903
lung,baseline,40000,106,101,101,0.09729369787499711
lung,baseline,40000,106,99,99,0.21333397286587102
lung,baseline,40000,106,56,56,0.2147927476711397
lung,baseline,40000,106,105,105,0.20052711404163626
lung,baseline,40000,106,102,102,0.1560323282795719
lung,baseline,40000,106,91,91,0.22458025299434653
lung,baseline,40000,106,91,91,0.195897386751913
lung,baseline,40000,106,88,88,0.19173270581343396
lung,baseline,40000,106,87,87,0.24323622677673418
lung,baseline,40000,106,105,105,0.20237319910417406
lung,baseline,40000,106,105,105,0.0012896601577770527
lung,baseline,40000,106,105,105,0.1113987780073393
lung,baseline,40000,106,105,105,0.002107754811435937
lung,baseline,40000,106,105,105,0.08636332138235285
lung,baseline,40000,106,105,105,0.026369051627669688
lung,baseline,40000,106,105,105,0.1755281690687635
lung,baseline,40000,106,105,105,0.011682333588686396
lung,baseline,40000,106,105,105,0.18502293627911598
lung,baseline,40000,106,105,105,0.018524558549443022
lung,baseline,40000,106,105,105,0.006005125457837042
lung,baseline,40000,106,105,105,0.12286630780169956
lung,baseline,40000,106,105,105,0.017547479871797056
lung,baseline,40000,106,105,105,0.00707326183289554
lung,baseline,40000,106,105,105,0.006478301182183245
lung,baseline,40000,106,105,105,0.013766605275530064
lung,baseline,40000,106,105,105,0.03605545414983069
lung,baseline,40000,106,104,104,0.03345705229593755
lung,baseline,40000,106,104,104,0.013346900235078892
lung,baseline,40000,106,103,103,0.11442931134606113
lung,baseline,40000,106,103,103,0.03604074360090409
lung,baseline,40000,106,102,102,0.040368074810596045
lung,baseline,40000,106,105,105,0.21939809836950125
lung,baseline,40000,106,105,105,0.08026589611412523
lung,baseline,40000,106,105,105,0.01065298683754799
lung,baseline,40000,106,105,105,0.053595609895657044
lung,baseline,40000,106,105,105,0.020911516176088923
lung,baseline,40000,106,100,100,0.16181695125520354
lung,baseline,40000,107,106,106,0.06469275024974894
lung,baseline,40000,107,106,106,0.017300226320736415
lung,baseline,40000,107,106,106,0.04627952321228127
lung,baseline,40000,107,106,106,0.03779248491055261
lung,baseline,40000,107,106,106,0.004209336601832669
lung,baseline,40000,107,106,106,0.0029685976456898973
lung,baseline,40000,107,106,106,0.0005121452915698999
lung,baseline,40000,107,106,106,0.2032625992824969
lung,baseline,40000,107,106,106,0.0845647287516517
lung,baseline,40000,107,105,105,0.014614694566551378
lung,baseline,40000,107,105,105,0.00847839355876948
lung,baseline,40000,107,105,105,0.0041445687265035955
lung,baseline,40000,107,103,103,0.003342303688671007
lung,baseline,40000,107,97,97,0.010980577125364594
