cohort,method,feature_set,subsample_n,seed,fold,auroc,auprc,prevalence,accuracy,brier,calibration_slope,calibration_intercept,n_positive
prostate,xgboost_native,baseline,40000,0,0,0.6942506105167583,0.1347371346061973,0.051375,0.94725,0.0478529117159587,0.5456965185283623,-1.0034747543527354,411
prostate,xgboost_native,baseline,40000,0,1,0.6880218487572775,0.1172569498210023,0.051375,0.947,0.0489044763457616,0.5009870775150795,-1.152174825409801,411
prostate,xgboost_native,baseline,40000,0,2,0.6708172508615523,0.1257437726462666,0.051375,0.947,0.048718569660743,0.4601260891867957,-1.2704844878682884,411
prostate,xgboost_native,baseline,40000,0,3,0.6805130617082799,0.1300026393751032,0.051375,0.9475,0.0487576516023224,0.477037659976241,-1.2395638767509751,411
prostate,xgboost_native,baseline,40000,0,4,0.6912482535019525,0.1229875566655657,0.0515,0.94575,0.048779623317397,0.5110294311965337,-1.0780142723085235,412
prostate,xgboost_native,baseline,40000,1,0,0.6890742427492218,0.1298170643703986,0.051375,0.94725,0.0483201680991137,0.5263166208925307,-1.0835800688688135,411
prostate,xgboost_native,baseline,40000,1,1,0.6882847468756,0.1220819917215175,0.051375,0.945875,0.0488693881046038,0.491127156882534,-1.1550806043436477,411
prostate,xgboost_native,baseline,40000,1,2,0.6851399082870298,0.1225390268376336,0.051375,0.9465,0.0490674219801078,0.4924139278950409,-1.1805883286328909,411
prostate,xgboost_native,baseline,40000,1,3,0.6741430723620658,0.113464280528924,0.051375,0.94625,0.0492736641119433,0.4512061704365459,-1.2735954196260648,411
prostate,xgboost_native,baseline,40000,1,4,0.679864668792319,0.1230568275742048,0.0515,0.94675,0.0489120363244818,0.4989847080947687,-1.13850980628318,412
prostate,xgboost_native,baseline,40000,2,0,0.6838688600064313,0.1141015813578698,0.051375,0.946625,0.0491891354399304,0.4640913931769914,-1.2320111606337962,411
prostate,xgboost_native,baseline,40000,2,1,0.7029100577446099,0.1368318115152518,0.051375,0.94575,0.0482217955435095,0.5461342280262768,-1.0058179290467293,411
prostate,xgboost_native,baseline,40000,2,2,0.6787242323775704,0.124043390925755,0.051375,0.9465,0.0486403846720516,0.4809944707972073,-1.2015484829608147,411
prostate,xgboost_native,baseline,40000,2,3,0.6788947955470188,0.111643377760716,0.051375,0.945125,0.0496129911516705,0.4569906220139839,-1.286471239967359,411
prostate,xgboost_native,baseline,40000,2,4,0.6837154410899171,0.1112645366527157,0.0515,0.9455,0.0497732128747032,0.4681390988797948,-1.2338250070991108,412
prostate,xgboost_native,baseline,40000,3,0,0.6814643040461624,0.1269962683247716,0.051375,0.94675,0.0485548930271011,0.4862445185152617,-1.1900246526573035,411
prostate,xgboost_native,baseline,40000,3,1,0.6997799670992623,0.1291662016286741,0.051375,0.94575,0.0486294028836877,0.5272219673818249,-1.0661490593979135,411
prostate,xgboost_native,baseline,40000,3,2,0.6928279149069325,0.1312014963887714,0.051375,0.94725,0.0483119044752084,0.5230299795322426,-1.0968700521071797,411
prostate,xgboost_native,baseline,40000,3,3,0.6749502016460629,0.1121484763902892,0.051375,0.94575,0.0494483985638971,0.4422929067594733,-1.305877920298084,411
prostate,xgboost_native,baseline,40000,3,4,0.6973984216263799,0.1410314526495678,0.0515,0.94625,0.0480593148879362,0.5376793517215707,-1.0314347887720792,412
prostate,xgboost_native,baseline,40000,4,0,0.6973728462793022,0.1327777951358492,0.051375,0.946125,0.048617762996073,0.5177284754242368,-1.1103596415368884,411
prostate,xgboost_native,baseline,40000,4,1,0.69105944415002,0.1320158316651382,0.051375,0.947,0.04854983336299,0.5100188545009926,-1.1144239561904004,411
prostate,xgboost_native,baseline,40000,4,2,0.6826632156479524,0.1337423589050889,0.051375,0.94725,0.048350826023819,0.498736630970902,-1.1343639562393195,411
prostate,xgboost_native,baseline,40000,4,3,0.6650461562531761,0.1143989963981081,0.051375,0.9465,0.0498159614051457,0.4244545309355084,-1.3704546123018495,411
prostate,xgboost_native,baseline,40000,4,4,0.689497277254326,0.134675315288254,0.0515,0.94625,0.0485255678523372,0.4981844468622793,-1.1261502629833176,412
prostate,xgboost_native,baseline,40000,5,0,0.694961878169806,0.1223139905170431,0.051375,0.94625,0.0489650070609512,0.5044224639808402,-1.136091519130087,411
prostate,xgboost_native,baseline,40000,5,1,0.6792909060655405,0.1098994276483784,0.051375,0.9465,0.0494190489979795,0.4646606782064817,-1.2588368686652462,411
prostate,xgboost_native,baseline,40000,5,2,0.6748484087770781,0.1160402308131255,0.051375,0.94675,0.0489002939132906,0.4653668467443736,-1.2449931770144198,411
prostate,xgboost_native,baseline,40000,5,3,0.6715190605944895,0.1279657303920768,0.051375,0.947125,0.0487146573041707,0.4658743485370266,-1.2453900656131756,411
prostate,xgboost_native,baseline,40000,5,4,0.6921227820114539,0.1317339461809164,0.0515,0.9455,0.0486968557883426,0.5025006687834912,-1.1188741317331128,412
prostate,xgboost_native,baseline,40000,6,0,0.6898294336244769,0.1355960031031144,0.051375,0.947125,0.0479670426339642,0.5227758139830784,-1.071415249800274,411
prostate,xgboost_native,baseline,40000,6,1,0.6939734453664046,0.1350016325563519,0.051375,0.947,0.0484482984249298,0.5069854592312453,-1.0976935976760642,411
prostate,xgboost_native,baseline,40000,6,2,0.6757690331023998,0.1231408180120505,0.051375,0.946375,0.0492073311337683,0.4635802744490264,-1.2841101589176405,411
prostate,xgboost_native,baseline,40000,6,3,0.6941858478095617,0.1432701313965716,0.051375,0.945875,0.048211247745591,0.5193806928062115,-1.0802472834447814,411
prostate,xgboost_native,baseline,40000,6,4,0.694194269439227,0.1458505988003111,0.0515,0.947625,0.0477330751539416,0.5425330601983513,-1.013283098869061,412
prostate,xgboost_native,baseline,40000,7,0,0.6791450296706174,0.1180112305928505,0.051375,0.945125,0.049253330661186,0.4610347766786014,-1.2633003584145075,411
prostate,xgboost_native,baseline,40000,7,1,0.6893807434822907,0.1175174972736151,0.051375,0.9465,0.0487756881091025,0.4989774851550915,-1.1468725864937874,411
prostate,xgboost_native,baseline,40000,7,2,0.6807967993115915,0.1143531572335767,0.051375,0.9465,0.0492681003335986,0.4780319561300279,-1.216323294295362,411
prostate,xgboost_native,baseline,40000,7,3,0.6819004904973551,0.1171567140691952,0.051375,0.945625,0.0491887744401482,0.4816325855099059,-1.2056093504504404,411
prostate,xgboost_native,baseline,40000,7,4,0.6931753189757972,0.1251402599578489,0.0515,0.94675,0.0487011540241297,0.5088891910319704,-1.107703878288284,412
prostate,xgboost_native,baseline,40000,8,0,0.6928051517771752,0.1264515557791041,0.051375,0.948,0.0487647094092551,0.4922870672205247,-1.166362440646505,411
prostate,xgboost_native,baseline,40000,8,1,0.6794984993967771,0.1347094550377254,0.051375,0.947125,0.0482699459477719,0.4843833864510502,-1.185195384575384,411
prostate,xgboost_native,baseline,40000,8,2,0.6872071851979382,0.1273975182888589,0.051375,0.946375,0.048592355203802,0.4925761942723505,-1.161094870568256,411
prostate,xgboost_native,baseline,40000,8,3,0.7000521628339648,0.134868734485215,0.051375,0.94725,0.0482201862506868,0.545111706953358,-1.0006521792194696,411
prostate,xgboost_native,baseline,40000,8,4,0.689736701025124,0.1338025485552691,0.0515,0.945625,0.0486743540363211,0.5122634166782182,-1.1009748233992698,412
prostate,xgboost_native,baseline,40000,9,0,0.6852994104990608,0.1123289967143771,0.051375,0.94575,0.0495016000981029,0.4636842850731412,-1.2523936491714251,411
prostate,xgboost_native,baseline,40000,9,1,0.6937139136264262,0.1301930276519224,0.051375,0.946375,0.0484060507372952,0.5309177530317969,-1.064896264248202,411
prostate,xgboost_native,baseline,40000,9,2,0.6820409165654349,0.1314640219323082,0.051375,0.9475,0.0483140164461176,0.4911278066689068,-1.149837352007911,411
prostate,xgboost_native,baseline,40000,9,3,0.6815138378989439,0.1254293266221836,0.051375,0.946,0.0489514286146586,0.486763709069985,-1.18205601156156,411
prostate,xgboost_native,baseline,40000,9,4,0.6863447843042925,0.1306750664071873,0.0515,0.946125,0.0489157045470263,0.4883273616522242,-1.1623121354485422,412
prostate,lightgbm_native,baseline,40000,0,0,0.7324347988621,0.1535362843186382,0.051375,0.94775,0.0466040601650756,0.8213996289614099,-0.3889752664362617,411
prostate,lightgbm_native,baseline,40000,0,1,0.7404942292259992,0.1624841556456766,0.051375,0.948375,0.0462633755695968,0.8387942843976915,-0.3375359003949201,411
prostate,lightgbm_native,baseline,40000,0,2,0.7302009663750101,0.1643386265183916,0.051375,0.94925,0.04628710477153,0.8328776339362877,-0.3733334913170408,411
prostate,lightgbm_native,baseline,40000,0,3,0.7371224005547791,0.1554509713040729,0.051375,0.9485,0.0465707996408377,0.812294351319017,-0.445841814286392,411
prostate,lightgbm_native,baseline,40000,0,4,0.7399045375682605,0.1498458469510344,0.0515,0.948125,0.046767437239797,0.8341903945227042,-0.324525951467992,412
prostate,lightgbm_native,baseline,40000,1,0,0.7543369372818066,0.1630091082225068,0.051375,0.947875,0.0462567964043363,0.894527381782754,-0.2126218606158042,411
prostate,lightgbm_native,baseline,40000,1,1,0.7289650246114316,0.1491157558459893,0.051375,0.948625,0.0469642701126749,0.7864053784847402,-0.4776013076340981,411
prostate,lightgbm_native,baseline,40000,1,2,0.7467471968488133,0.1537242864523736,0.051375,0.94775,0.0467808942122353,0.8265300429750084,-0.4018836908348578,411
prostate,lightgbm_native,baseline,40000,1,3,0.7185148244081027,0.1432081788276212,0.051375,0.947875,0.0469993905318242,0.7692618866257921,-0.5199730346200166,411
prostate,lightgbm_native,baseline,40000,1,4,0.740022570128614,0.1597299545232959,0.0515,0.948,0.0463925169727961,0.8686338513502905,-0.2405626768499952,412
prostate,lightgbm_native,baseline,40000,2,0,0.7274963218308994,0.1489301710624357,0.051375,0.948,0.0468110936125154,0.7953086797057637,-0.4526088929189882,411
prostate,lightgbm_native,baseline,40000,2,1,0.7510644969236111,0.1588579711729662,0.051375,0.947625,0.0464851856194271,0.8567045800853919,-0.2995603184325261,411
prostate,lightgbm_native,baseline,40000,2,2,0.7306155118225606,0.1544725993175521,0.051375,0.948375,0.0466379952530686,0.802265703655775,-0.44729498410626,411
prostate,lightgbm_native,baseline,40000,2,3,0.7385835690599692,0.1476057344798777,0.051375,0.948,0.0468319550863825,0.8112563083999004,-0.418681315088741,411
prostate,lightgbm_native,baseline,40000,2,4,0.7254580239110298,0.13286084653836,0.0515,0.947375,0.0475819541740449,0.7687884513399148,-0.5439432513177633,412
prostate,lightgbm_native,baseline,40000,3,0,0.7219764231685057,0.1571729166538404,0.051375,0.947625,0.0465803195525753,0.8002667004458729,-0.4505640608458682,411
prostate,lightgbm_native,baseline,40000,3,1,0.7397919385818698,0.1559007188966666,0.051375,0.948375,0.046499859236322,0.846254550815243,-0.327008252827868,411
prostate,lightgbm_native,baseline,40000,3,2,0.747197169420845,0.1917100656116851,0.051375,0.949,0.0454492181780885,0.9065734799396828,-0.1830609641789089,411
prostate,lightgbm_native,baseline,40000,3,3,0.7320085512422096,0.1406563875326465,0.051375,0.94775,0.0469976175670395,0.8032943043423779,-0.4158593727038738,411
prostate,lightgbm_native,baseline,40000,3,4,0.7314623306600612,0.1633208661650501,0.0515,0.9485,0.0464199064931115,0.8051037896678157,-0.4415327009905476,412
prostate,lightgbm_native,baseline,40000,4,0,0.754484577017767,0.1677049896725828,0.051375,0.94825,0.0461291878602999,0.8841394089710876,-0.247614671417318,411
prostate,lightgbm_native,baseline,40000,4,1,0.7246449993732124,0.1338877822121974,0.051375,0.947625,0.0473412905300609,0.7669377687395552,-0.5319142436625156,411
prostate,lightgbm_native,baseline,40000,4,2,0.7398871589978964,0.1581788554341534,0.051375,0.948,0.0464394893920963,0.8445651997238205,-0.3234996761873309,411
prostate,lightgbm_native,baseline,40000,4,3,0.7174872774944142,0.1502896556273333,0.051375,0.94875,0.0468766790913784,0.7503011389429072,-0.589309972518002,411
prostate,lightgbm_native,baseline,40000,4,4,0.7351912319400588,0.1545479746576958,0.0515,0.94825,0.0466898790465017,0.8151806932233909,-0.3923330794131798,412
prostate,lightgbm_native,baseline,40000,5,0,0.7420868467903506,0.1493834807791164,0.051375,0.947625,0.0468159626558204,0.8275220550930572,-0.3830087133486726,411
prostate,lightgbm_native,baseline,40000,5,1,0.7322225567226737,0.151291527161294,0.051375,0.9485,0.0466924101743405,0.8150586064516451,-0.4016468677291087,411
prostate,lightgbm_native,baseline,40000,5,2,0.7359879310527242,0.1722023242778919,0.051375,0.948625,0.0459501172481151,0.8714755195373085,-0.2420296893487463,411
prostate,lightgbm_native,baseline,40000,5,3,0.7295844382267971,0.1490491593784161,0.051375,0.947375,0.0468331433707434,0.787342508843986,-0.4996105851080467,411
prostate,lightgbm_native,baseline,40000,5,4,0.7341327773541257,0.14820535202318,0.0515,0.94725,0.0470495937907957,0.7898300409642287,-0.4835972144759415,412
prostate,lightgbm_native,baseline,40000,6,0,0.7451404725561616,0.1691824070335922,0.051375,0.94825,0.0460756400894548,0.8738293308051459,-0.2415177990240753,411
prostate,lightgbm_native,baseline,40000,6,1,0.7270320822268369,0.1519102809607224,0.051375,0.948,0.0468962648284529,0.7733687024857262,-0.5212145518268224,411
prostate,lightgbm_native,baseline,40000,6,2,0.736849563605154,0.1438472094720446,0.051375,0.94775,0.0469175044995801,0.813806233197376,-0.418615786502359,411
prostate,lightgbm_native,baseline,40000,6,3,0.7288532929111446,0.1665607607353711,0.051375,0.949,0.0462744088450655,0.8100338380725307,-0.4209608783413411,411
prostate,lightgbm_native,baseline,40000,6,4,0.7452737395785886,0.1771262659132842,0.0515,0.948375,0.0459062570004488,0.8881382557988299,-0.2233846071731048,412
prostate,lightgbm_native,baseline,40000,7,0,0.7312650625392945,0.1605934505747943,0.051375,0.948125,0.0464299713508987,0.8017771757751838,-0.4614558828823159,411
prostate,lightgbm_native,baseline,40000,7,1,0.7354917910062555,0.153763286312727,0.051375,0.948375,0.0465140490691819,0.8344866453727813,-0.3646763952042224,411
prostate,lightgbm_native,baseline,40000,7,2,0.7451406328598923,0.1432471392656342,0.051375,0.947875,0.0469271496957247,0.8400313121178521,-0.3493226591345387,411
prostate,lightgbm_native,baseline,40000,7,3,0.7263346006946281,0.1512740885540252,0.051375,0.947125,0.0467562595189897,0.789391104489869,-0.4622436533180535,411
prostate,lightgbm_native,baseline,40000,7,4,0.7460319948206416,0.156044404842794,0.0515,0.9475,0.0465741146034829,0.8678711598166129,-0.2407548263953787,412
prostate,lightgbm_native,baseline,40000,8,0,0.7433655896500218,0.1472350557489778,0.051375,0.94825,0.0469540653290085,0.8331905423503015,-0.3574189656558428,411
prostate,lightgbm_native,baseline,40000,8,1,0.7310048895843932,0.1636910838690847,0.051375,0.94875,0.0463107350061527,0.8128161246910245,-0.4223283734207435,411
prostate,lightgbm_native,baseline,40000,8,2,0.7346700740827661,0.1557798053157721,0.051375,0.947875,0.0464740740252728,0.8196328534261155,-0.402759257758368,411
prostate,lightgbm_native,baseline,40000,8,3,0.7399524026162851,0.1520402604151815,0.051375,0.947375,0.0468119184085301,0.8294546773289967,-0.3682836871308366,411
prostate,lightgbm_native,baseline,40000,8,4,0.7307011965750726,0.1552178315752885,0.0515,0.9485,0.0467060189138677,0.8153423446323281,-0.3849295683373777,412
prostate,lightgbm_native,baseline,40000,9,0,0.7393264165479617,0.150717604776996,0.051375,0.94775,0.046600970097988,0.8395242804499068,-0.3579821517019844,411
prostate,lightgbm_native,baseline,40000,9,1,0.7445459060190526,0.1596829640723863,0.051375,0.947875,0.0463698423385908,0.8706602670412452,-0.2424567986981159,411
prostate,lightgbm_native,baseline,40000,9,2,0.730845387372362,0.1645138985680097,0.051375,0.949125,0.0464551325866935,0.7985414860568071,-0.4677070441184716,411
prostate,lightgbm_native,baseline,40000,9,3,0.7310331030409938,0.1528096423988439,0.051375,0.947875,0.0467171420962747,0.7998165746239606,-0.4513255223027865,411
prostate,lightgbm_native,baseline,40000,9,4,0.7248010079788731,0.150123594481421,0.0515,0.94825,0.046811188642771,0.7960946014134326,-0.4410651988861224,412
prostate,refe,baseline,40000,0,0,0.7437923181811041,0.1662025888449304,0.051375,0.947875,0.0459974458679905,0.9494310795471508,-0.1207573973426566,411
prostate,refe,baseline,40000,0,1,0.7470729340295644,0.1665595467810353,0.051375,0.9485,0.0462286588173858,0.8456870453295243,-0.4070368032889194,411
prostate,refe,baseline,40000,0,2,0.7390710527049813,0.1713511639391135,0.051375,0.948875,0.0459367476330087,0.952804252051032,-0.1206437050813793,411
prostate,refe,baseline,40000,0,3,0.7445114407169553,0.1583073057626744,0.051375,0.9485,0.0462297659420908,0.923240681956169,-0.2242121714226697,411
prostate,refe,baseline,40000,0,4,0.7480092801101381,0.1576161776964681,0.0515,0.948375,0.0463493873110254,0.9412104301416454,-0.1291145741780824,412
prostate,refe,baseline,40000,1,0,0.7504086943613804,0.1745208972786302,0.051375,0.948375,0.0457261783658509,0.9867263108349684,-0.0571590535000422,411
prostate,refe,baseline,40000,1,1,0.7416250117422483,0.1469752442669139,0.051375,0.948375,0.04668571653702,0.893486711512531,-0.2577650437586168,411
prostate,refe,baseline,40000,1,2,0.7568605989139743,0.1825336623026874,0.051375,0.949125,0.045567126108415,0.9967735662324788,-0.0407677008776615,411
prostate,refe,baseline,40000,1,3,0.7203174398596509,0.1604848575028248,0.051375,0.948375,0.0462791310292466,0.8772301116761235,-0.2896400517856808,411
prostate,refe,baseline,40000,1,4,0.752450695016659,0.1640878789833779,0.0515,0.94875,0.0462862200873773,0.9440418995106972,-0.1347277490055742,412
prostate,refe,baseline,40000,2,0,0.7256941872905432,0.1658864058608422,0.051375,0.94875,0.0461602059405857,0.8623592218591832,-0.3538860562153943,411
prostate,refe,baseline,40000,2,1,0.7422138073450528,0.1708322101145377,0.051375,0.94875,0.0459726704720807,0.9236252635395862,-0.1957902077318134,411
prostate,refe,baseline,40000,2,2,0.7392186924409418,0.1522845221925799,0.051375,0.9485,0.0463802840488529,0.919260967831085,-0.2103108480178915,411
prostate,refe,baseline,40000,2,3,0.7429029530832659,0.1672463542364342,0.051375,0.94875,0.0460097096435129,0.9490902246221696,-0.1232114524929359,411
prostate,refe,baseline,40000,2,4,0.7635406377468767,0.1682637459791993,0.0515,0.947875,0.0459591778499822,1.0227535110234125,0.0578996590450833,412
prostate,refe,baseline,40000,3,0,0.7267651765152471,0.1487858441201547,0.051375,0.948875,0.0466704127600094,0.8595042077264299,-0.3689342209243083,411
prostate,refe,baseline,40000,3,1,0.7641649987063489,0.155906178434135,0.051375,0.94825,0.0462425829769979,0.9907283999475216,-0.021464647824634,411
prostate,refe,baseline,40000,3,2,0.7571531532224737,0.1774079515261931,0.051375,0.948625,0.0456611081508967,1.0088324177658936,0.0159137101476618,411
prostate,refe,baseline,40000,3,3,0.7312559252266454,0.1501565980271129,0.051375,0.94875,0.0465517085293255,0.8731954760369156,-0.3104258600404722,411
prostate,refe,baseline,40000,3,4,0.7402893429072988,0.1815744289472358,0.0515,0.948875,0.0457347235383172,0.9415061016243158,-0.154590905438281,412
prostate,refe,baseline,40000,4,0,0.7658065089085592,0.168784970885448,0.051375,0.948125,0.0458940130753947,0.9950997202993146,-0.0410179681505334,411
prostate,refe,baseline,40000,4,1,0.7359473742088609,0.1656759931532538,0.051375,0.949,0.0461214751489174,0.934571155830142,-0.1652010190968464,411
prostate,refe,baseline,40000,4,2,0.738676224616305,0.1753540962601696,0.051375,0.949375,0.0458858480305466,0.9365397109281692,-0.1531096458893576,411
prostate,refe,baseline,40000,4,3,0.7319952460325629,0.1509099034134988,0.051375,0.948125,0.0468435670779264,0.7674492579176784,-0.6233653545720989,411
prostate,refe,baseline,40000,4,4,0.7504475001407435,0.1771834829682548,0.0515,0.948375,0.0457896759873835,0.9924209065944042,0.0128175999971947,412
prostate,refe,baseline,40000,5,0,0.7495177262262354,0.1566221729019658,0.051375,0.948,0.046258455498663,0.9224136737830284,-0.2127933163186713,411
prostate,refe,baseline,40000,5,1,0.7426895888177248,0.1619839711620633,0.051375,0.949125,0.0461973191282642,0.9368027919035206,-0.1500374678210979,411
prostate,refe,baseline,40000,5,2,0.7468788062117054,0.1806791021381165,0.051375,0.94875,0.0456126915075921,0.9973616263050424,0.0035092095807604,411
prostate,refe,baseline,40000,5,3,0.738076528359814,0.1694094003219171,0.051375,0.9485,0.0459807674039714,0.9167667671946892,-0.2258460993013922,411
prostate,refe,baseline,40000,5,4,0.7447288385851959,0.1631918388021055,0.0515,0.94875,0.0463518205118363,0.9281854437140904,-0.1815512493683772,412
prostate,refe,baseline,40000,6,0,0.7414852268890912,0.1699786307737893,0.051375,0.949,0.0459484191949067,0.9454922582045272,-0.1241923101983182,411
prostate,refe,baseline,40000,6,1,0.7524695591230617,0.1524370663109951,0.051375,0.948375,0.0464464933848583,0.930445024405424,-0.1644786564219054,411
prostate,refe,baseline,40000,6,2,0.742610719382228,0.1539942556303108,0.051375,0.948,0.0464489221377445,0.8915302112061155,-0.2827349906509627,411
prostate,refe,baseline,40000,6,3,0.733760350411131,0.1665603902822912,0.051375,0.948125,0.0460159747328328,0.9174191319448212,-0.2168628782642831,411
prostate,refe,baseline,40000,6,4,0.7504271883044767,0.1917742681055885,0.0515,0.948875,0.0454910552737127,1.0170837176758936,0.0298194576958393,412
prostate,refe,baseline,40000,7,0,0.7386699727708083,0.1690060269788997,0.051375,0.949,0.0459975020718222,0.9277997648353388,-0.1937360468198027,411
prostate,refe,baseline,40000,7,1,0.740782936244962,0.1586433470516438,0.051375,0.948,0.0462340478926532,0.9226497394371684,-0.2087509115813013,411
prostate,refe,baseline,40000,7,2,0.7571145200233786,0.1580407277695882,0.051375,0.948,0.0464644889854178,0.8876013568268089,-0.3176967371692215,411
prostate,refe,baseline,40000,7,3,0.7368795404027919,0.1638220538953056,0.051375,0.948375,0.0460991704704871,0.9287071938484308,-0.1597546056499489,411
prostate,refe,baseline,40000,7,4,0.7431904169076364,0.1692568131369791,0.0515,0.9485,0.0461496130199911,0.9160644050126264,-0.201484087504382,412
prostate,refe,baseline,40000,8,0,0.7390338622394624,0.1472652289435781,0.051375,0.948375,0.0466379856554115,0.8929226167849106,-0.2837788561076684,411
prostate,refe,baseline,40000,8,1,0.7368628688148008,0.1722519881118506,0.051375,0.94875,0.0459089501919655,0.9272813815893478,-0.1914738859127709,411
prostate,refe,baseline,40000,8,2,0.742412904578563,0.1628427024363812,0.051375,0.948375,0.0461157818028224,0.9256596441842418,-0.1894873327775601,411
prostate,refe,baseline,40000,8,3,0.7605180888332741,0.18640680127831,0.051375,0.948875,0.0454049930544694,1.023894248038628,0.0496712231150327,411
prostate,refe,baseline,40000,8,4,0.7416835025666484,0.1574755424822162,0.0515,0.948625,0.0464005267293143,0.9275321548695938,-0.1598986707022925,412
prostate,refe,baseline,40000,9,0,0.7453839739230714,0.1544933257746448,0.051375,0.948625,0.046308591259755,0.945992698610788,-0.1470731986787759,411
prostate,refe,baseline,40000,9,1,0.7531227968256013,0.1645601135851317,0.051375,0.948875,0.0460677894599669,0.9680058737206944,-0.0602185171582054,411
prostate,refe,baseline,40000,9,2,0.7448649104431148,0.1761934662795253,0.051375,0.9485,0.0458300529549529,0.9425837233029996,-0.1611455624722532,411
prostate,refe,baseline,40000,9,3,0.743845699323422,0.1569253049423676,0.051375,0.94825,0.0463620060383661,0.9041369949391964,-0.2622727088545604,411
prostate,refe,baseline,40000,9,4,0.727286089175039,0.1711137784443353,0.0515,0.94875,0.0460930878867019,0.9025462528279992,-0.2346845031030243,412
prostate,learnpp_mf,baseline,40000,0,0,0.7463594221242873,0.1603878021608804,0.051375,0.948125,0.0461627588589092,1.0237362065159463,0.0543794645636455,411
prostate,learnpp_mf,baseline,40000,0,1,0.7384822571021765,0.1611641803414496,0.051375,0.948625,0.0462371748094798,0.9714414333140508,-0.0814434318232781,411
prostate,learnpp_mf,baseline,40000,0,2,0.7372265979797241,0.1677272881829633,0.051375,0.94875,0.0460190924370201,0.9898952027320188,-0.0388538810343388,411
prostate,learnpp_mf,baseline,40000,0,3,0.73612979985438,0.1475565726292198,0.051375,0.948625,0.0464517510787587,0.9648422049869392,-0.1223410952777872,411
prostate,learnpp_mf,baseline,40000,0,4,0.7392041790563537,0.1409754824755113,0.0515,0.94825,0.046819002783975,0.9441603002611562,-0.131535822234915,412
prostate,learnpp_mf,baseline,40000,1,0,0.746668167109586,0.1616448628033821,0.051375,0.948625,0.0460262234457754,1.0274173360894008,0.042356703146792,411
prostate,learnpp_mf,baseline,40000,1,1,0.74112197863536,0.1411109219512276,0.051375,0.9485,0.0468042256558141,0.939736678078474,-0.1626493464934615,411
prostate,learnpp_mf,baseline,40000,1,2,0.7501579793265896,0.1646264393109471,0.051375,0.948625,0.0459757318502165,1.0184852432858775,0.0017024187842011,411
prostate,learnpp_mf,baseline,40000,1,3,0.7226549888604938,0.1515311521640267,0.051375,0.948375,0.0464915602807508,0.937131985412186,-0.1405618637095082,411
prostate,learnpp_mf,baseline,40000,1,4,0.7485319500386405,0.1618124347296946,0.0515,0.9485,0.0462425702684803,1.0187523449118827,0.0566121146457727,412
prostate,learnpp_mf,baseline,40000,2,0,0.7210216541485485,0.1482901874276738,0.051375,0.948375,0.0465698297142859,0.8896842800734779,-0.2965569523315839,411
prostate,learnpp_mf,baseline,40000,2,1,0.7448950475444835,0.1524422077698219,0.051375,0.9485,0.0464196762943977,0.964679490992615,-0.101250465890238,411
prostate,learnpp_mf,baseline,40000,2,2,0.7329828773173107,0.146147860486087,0.051375,0.948375,0.0465573016698588,0.9588197730658342,-0.1179597986939052,411
prostate,learnpp_mf,baseline,40000,2,3,0.7370271801387525,0.164100076362931,0.051375,0.948875,0.0460948387479679,1.00144634815625,0.0006582330676415,411
prostate,learnpp_mf,baseline,40000,2,4,0.7597792695159961,0.1630303638198327,0.0515,0.948,0.0460731873673459,1.07742062663246,0.1961719850719069,412
prostate,learnpp_mf,baseline,40000,3,0,0.7216482814317946,0.1427043560354704,0.051375,0.948375,0.0468020808375968,0.8915852620531254,-0.2949815159248709,411
prostate,learnpp_mf,baseline,40000,3,1,0.7574636615488098,0.1406190109352419,0.051375,0.948125,0.0466543244745505,1.0074050396300005,0.0143228644825487,411
prostate,learnpp_mf,baseline,40000,3,2,0.7544866609662659,0.1687118736748228,0.051375,0.9485,0.0459426746906535,1.0568265508377632,0.1382423557809833,411
prostate,learnpp_mf,baseline,40000,3,3,0.7325675303511069,0.1534111559223145,0.051375,0.948875,0.0464437316767053,0.9457055670364468,-0.1310442752376892,411
prostate,learnpp_mf,baseline,40000,3,4,0.7360292951057112,0.1662349295901191,0.0515,0.94875,0.0461109073715414,0.989851303453107,-0.0430462641647799,412
prostate,learnpp_mf,baseline,40000,4,0,0.7668747729698414,0.1703961988641195,0.051375,0.948375,0.0457989376470514,1.104494582387444,0.2426679068887605,411
prostate,learnpp_mf,baseline,40000,4,1,0.7295839573156049,0.152755334007129,0.051375,0.948625,0.0463862230789101,0.9635950800936968,-0.0970882873922585,411
prostate,learnpp_mf,baseline,40000,4,2,0.7333316982352803,0.165586184866982,0.051375,0.948875,0.0461395899188647,0.9699205108747472,-0.0851450504811877,411
prostate,learnpp_mf,baseline,40000,4,3,0.7312229026581244,0.1425361228365793,0.051375,0.94825,0.0468957480273292,0.8852605395223095,-0.3252247264647762,411
prostate,learnpp_mf,baseline,40000,4,4,0.745839432215404,0.1667267476932606,0.0515,0.9485,0.0461467839714831,1.0103688803767714,0.0482480255847315,412
prostate,learnpp_mf,baseline,40000,5,0,0.7470464839140015,0.1474812401856487,0.051375,0.948125,0.0465218094513517,0.951549495449178,-0.1454217375667205,411
prostate,learnpp_mf,baseline,40000,5,1,0.7390125418432812,0.1479757275797539,0.051375,0.948875,0.0465367696854867,0.9686042874402936,-0.077663849250757,411
prostate,learnpp_mf,baseline,40000,5,2,0.7513615397365695,0.1805399509245967,0.051375,0.9485,0.0456304752232024,1.093826374286054,0.2303816506884856,411
prostate,learnpp_mf,baseline,40000,5,3,0.727199279017941,0.1539484633879325,0.051375,0.94825,0.0464324414301999,0.9256912623421508,-0.2108365385967776,411
prostate,learnpp_mf,baseline,40000,5,4,0.7347274183560144,0.1530249258291064,0.0515,0.9485,0.0464975791726257,0.9638764682504416,-0.0905063210743997,412
prostate,learnpp_mf,baseline,40000,6,0,0.7372894370421524,0.1665160959485251,0.051375,0.948875,0.0460521368509895,1.0095586975121675,0.0238015803645607,411
prostate,learnpp_mf,baseline,40000,6,1,0.7431953470880347,0.1414378968116449,0.051375,0.9485,0.0466962790972064,0.9392863687560786,-0.1449714525897443,411
prostate,learnpp_mf,baseline,40000,6,2,0.7403972454689349,0.144815913667664,0.051375,0.9475,0.0468154809609424,0.9191049104070298,-0.2239866806668083,411
prostate,learnpp_mf,baseline,40000,6,3,0.7285033498670601,0.1537893625668892,0.051375,0.948375,0.0464113436829376,0.9344938690709134,-0.1829924190959483,411
prostate,learnpp_mf,baseline,40000,6,4,0.7465845727285289,0.1844507595027445,0.0515,0.948875,0.0457533099328893,1.0804684063030892,0.1831024274012099,412
prostate,learnpp_mf,baseline,40000,7,0,0.732123809624572,0.1580175076991812,0.051375,0.94875,0.0462692481432569,0.9649645106424796,-0.1028228291348696,411
prostate,learnpp_mf,baseline,40000,7,1,0.7356779036375801,0.1506890378177187,0.051375,0.948,0.0465836486987926,0.9354812162372336,-0.1990995072009211,411
prostate,learnpp_mf,baseline,40000,7,2,0.7495927483721957,0.1514473459021516,0.051375,0.94875,0.0463311696554698,1.012739279049373,0.0065688793044524,411
prostate,learnpp_mf,baseline,40000,7,3,0.731249032166226,0.1512649436931212,0.051375,0.948625,0.0464553693619705,0.943731600970934,-0.1298356188400801,411
prostate,learnpp_mf,baseline,40000,7,4,0.7422116103095844,0.1560374416205122,0.0515,0.948,0.0465292857209897,0.9587386231088858,-0.1032117629666725,412
prostate,learnpp_mf,baseline,40000,8,0,0.7340089814974228,0.1366311490720302,0.051375,0.9485,0.0469471891071038,0.9137702453041916,-0.2359769041035035,411
prostate,learnpp_mf,baseline,40000,8,1,0.7316799285943062,0.1598474901994065,0.051375,0.9485,0.0462167259079028,0.958098837758531,-0.1148797159098249,411
prostate,learnpp_mf,baseline,40000,8,2,0.7394908881756441,0.1541800844303091,0.051375,0.94875,0.0463225361422308,0.9704307911472916,-0.0872973467584145,411
prostate,learnpp_mf,baseline,40000,8,3,0.7586457412588781,0.1735212051581731,0.051375,0.948375,0.0458800550057136,1.0350422815214428,0.0651211402596186,411
prostate,learnpp_mf,baseline,40000,8,4,0.7423811421713384,0.1566342056001493,0.0515,0.9485,0.0463716763114541,1.0127308053854636,0.0420686262172445,412
prostate,learnpp_mf,baseline,40000,9,0,0.7425164607885854,0.146617068124605,0.051375,0.9485,0.0465241604403378,0.9881758540438108,-0.0419681443434186,411
prostate,learnpp_mf,baseline,40000,9,1,0.7452788146757424,0.157490308361189,0.051375,0.94825,0.0462508177298381,1.0003313253798785,0.0163146722289539,411
prostate,learnpp_mf,baseline,40000,9,2,0.7383472813609402,0.1562667616319812,0.051375,0.948875,0.0463421667543134,0.9628451470810536,-0.1216492205798901,411
prostate,learnpp_mf,baseline,40000,9,3,0.7443125037871757,0.1539327150775707,0.051375,0.94825,0.0463488065510414,0.9801141174000764,-0.0743850791710666,411
prostate,learnpp_mf,baseline,40000,9,4,0.7240118851431233,0.1624011989348429,0.0515,0.949,0.0463513157023017,0.9312563736146132,-0.175896301417557,412
prostate,mice_impute_lr,baseline,40000,0,0,0.6488283881235455,0.0951057607462479,0.051375,0.948375,0.048067383875425,0.9770021635103232,-0.0673392544508965,411
prostate,mice_impute_lr,baseline,40000,0,1,0.7436733728129362,0.1622844848344019,0.051375,0.948125,0.0463350942131193,0.8342936012333544,-0.4351300000833906,411
prostate,mice_impute_lr,baseline,40000,0,2,0.7373760010567222,0.1720721024386691,0.051375,0.948875,0.0459381614743698,0.9486502116544197,-0.1360805598395912,411
prostate,mice_impute_lr,baseline,40000,0,3,0.7436977389800002,0.1574973580599928,0.051375,0.9485,0.0462638067064572,0.919805709853996,-0.2352956066637384,411
prostate,mice_impute_lr,baseline,40000,0,4,0.7474487054163191,0.1586589929327347,0.0515,0.9485,0.0463484873470662,0.9431545663628456,-0.1254861992842983,412
prostate,mice_impute_lr,baseline,40000,1,0,0.7521316388587787,0.171693382440821,0.051375,0.94825,0.0457864235691773,0.9930815337296388,-0.0438706337984945,411
prostate,mice_impute_lr,baseline,40000,1,1,0.7407106392624232,0.1476716934710376,0.051375,0.948625,0.0466294687972119,0.9028475139191312,-0.2324225516877574,411
prostate,mice_impute_lr,baseline,40000,1,2,0.7561837965630238,0.1809643501190546,0.051375,0.949125,0.045612462261512,1.002458942359519,-0.0284165038455339,411
prostate,mice_impute_lr,baseline,40000,1,3,0.7194027467723646,0.1580030237209021,0.051375,0.948625,0.046348287417617,0.8700847078753186,-0.3122133357474624,411
prostate,mice_impute_lr,baseline,40000,1,4,0.638940317107748,0.0895172386707409,0.0515,0.948375,0.0482705935272836,0.893397313605408,-0.2898576442122421,412
prostate,mice_impute_lr,baseline,40000,2,0,0.6265038493734849,0.0877774680120469,0.051375,0.948375,0.0483348536464184,0.6306442136924877,-1.0362141004669412,411
prostate,mice_impute_lr,baseline,40000,2,1,0.7438775997658283,0.1685839515458552,0.051375,0.948875,0.0460545512247373,0.9139739744680656,-0.222199840689074,411
prostate,mice_impute_lr,baseline,40000,2,2,0.7379486059827276,0.1511080722533069,0.051375,0.9485,0.0464139314766259,0.9193614257197064,-0.2095981072079124,411
prostate,mice_impute_lr,baseline,40000,2,3,0.7423717065197772,0.1675817414937494,0.051375,0.9485,0.0460033834268774,0.9549427989651744,-0.1093421455944271,411
prostate,mice_impute_lr,baseline,40000,2,4,0.7627897395478809,0.1681591243492031,0.0515,0.94775,0.0459747078757093,1.0224892981259974,0.0581711274894695,412
prostate,mice_impute_lr,baseline,40000,3,0,0.6593548929026806,0.1003665643076549,0.051375,0.948625,0.0478612872464504,0.9582769137732962,-0.1273896195150122,411
prostate,mice_impute_lr,baseline,40000,3,1,0.7626847540572073,0.1539044132334845,0.051375,0.948,0.046325672014339,0.979812897958906,-0.0533063182278533,411
prostate,mice_impute_lr,baseline,40000,3,2,0.7581609827772878,0.1798338087520822,0.051375,0.94875,0.0455557924381603,1.0312791984111966,0.0769613145831561,411
prostate,mice_impute_lr,baseline,40000,3,3,0.7309215316444374,0.1505491555585235,0.051375,0.94875,0.0465624464856137,0.8736931895781967,-0.3107785380621853,411
prostate,mice_impute_lr,baseline,40000,3,4,0.7411785855029146,0.1782394079294614,0.0515,0.948625,0.0457876324112095,0.9451146818729406,-0.144298744664242,412
prostate,mice_impute_lr,baseline,40000,4,0,0.6697002544661421,0.1096962209374809,0.051375,0.948625,0.047639186656341,1.1115862563450856,0.306246925313599,411
prostate,mice_impute_lr,baseline,40000,4,1,0.7345495256772914,0.1639908302916301,0.051375,0.948875,0.0461111710791548,0.9349465768175784,-0.1640093599042154,411
prostate,mice_impute_lr,baseline,40000,4,2,0.7363782706369413,0.1732241754370708,0.051375,0.94925,0.0459826055073775,0.926024521408778,-0.1786143845860415,411
prostate,mice_impute_lr,baseline,40000,4,3,0.7308192578642605,0.1496008959207322,0.051375,0.947875,0.046848347584211,0.7681156294940101,-0.6211744313542417,411
prostate,mice_impute_lr,baseline,40000,4,4,0.7497156342922652,0.1777258761056564,0.0515,0.9485,0.045788114789584,0.995840196141649,0.0188239795980327,412
prostate,mice_impute_lr,baseline,40000,5,0,0.7486241932313995,0.1559432337791675,0.051375,0.947875,0.0462569343004,0.9273115143274254,-0.199258944202158,411
prostate,mice_impute_lr,baseline,40000,5,1,0.7420488548061783,0.1597285551155274,0.051375,0.949,0.0462467642363194,0.9299066209313814,-0.171109633399906,411
prostate,mice_impute_lr,baseline,40000,5,2,0.6582003854342902,0.1038275594656041,0.051375,0.948625,0.0478095031839176,1.1082924331839403,0.2954420850632852,411
prostate,mice_impute_lr,baseline,40000,5,3,0.7379848346258623,0.1680435678461565,0.051375,0.948625,0.0460026010170549,0.9179437620240568,-0.2263681640224518,411
prostate,mice_impute_lr,baseline,40000,5,4,0.7459485083755137,0.1634141828815495,0.0515,0.948625,0.0463116800654034,0.9373901039404074,-0.1580559618294383,412
prostate,mice_impute_lr,baseline,40000,6,0,0.7457547564521451,0.172796289834415,0.051375,0.948875,0.0458313021843925,0.976612771591626,-0.0432571313238344,411
prostate,mice_impute_lr,baseline,40000,6,1,0.6383368295576995,0.0884152311152901,0.051375,0.948625,0.0481494328457629,0.8941567249087697,-0.2888237408879102,411
prostate,mice_impute_lr,baseline,40000,6,2,0.7413088927853382,0.1539017715954992,0.051375,0.948,0.0464224605084098,0.8986530175870858,-0.2610542022971117,411
prostate,mice_impute_lr,baseline,40000,6,3,0.730540008765408,0.1683838018056531,0.051375,0.948375,0.0459817193891983,0.9018694229122014,-0.2621033533922626,411
prostate,mice_impute_lr,baseline,40000,6,4,0.7488404660398892,0.1882148135461079,0.0515,0.94925,0.0455522358982981,1.0159866566111313,0.0260331029732123,412
prostate,mice_impute_lr,baseline,40000,7,0,0.7357210253411344,0.1668501571458838,0.051375,0.949,0.0460761451754301,0.9192186926712376,-0.2152894909081275,411
prostate,mice_impute_lr,baseline,40000,7,1,0.7409975829403488,0.1581783814613924,0.051375,0.9485,0.0462731356411396,0.9245807069956344,-0.203447074203972,411
prostate,mice_impute_lr,baseline,40000,7,2,0.7566743259789188,0.1596698223550111,0.051375,0.9485,0.0464058392913953,0.8895676565161779,-0.3120970113973723,411
prostate,mice_impute_lr,baseline,40000,7,3,0.6309285529478414,0.0923411619718441,0.051375,0.948625,0.0481009642257974,0.8641527380329664,-0.3733611157189579,411
prostate,mice_impute_lr,baseline,40000,7,4,0.7450477504081559,0.1705553750516272,0.0515,0.9485,0.0460763275536575,0.9363538259516028,-0.1481454096140078,412
prostate,mice_impute_lr,baseline,40000,8,0,0.7384291965673201,0.1466952582607655,0.051375,0.948125,0.0466807785486636,0.8900903139746715,-0.2916172583341582,411
prostate,mice_impute_lr,baseline,40000,8,1,0.7357835437961013,0.1700785219611341,0.051375,0.9485,0.0459735646961144,0.919442626919169,-0.2134329814664974,411
prostate,mice_impute_lr,baseline,40000,8,2,0.6404951589876371,0.092791171837952,0.051375,0.948625,0.0481286590536664,0.8353020218439905,-0.4624481610795264,411
prostate,mice_impute_lr,baseline,40000,8,3,0.7609291075987494,0.1848795059117131,0.051375,0.949,0.0454342190418963,1.0373934508129992,0.0872582753621898,411
prostate,mice_impute_lr,baseline,40000,8,4,0.7393949823686864,0.1621164690601987,0.0515,0.948625,0.0462994043266691,0.9403085197448522,-0.1270358894296688,412
prostate,mice_impute_lr,baseline,40000,9,0,0.7461798819459206,0.1547842277357586,0.051375,0.9485,0.0462674977918391,0.9577897857519576,-0.1174918021951235,411
prostate,mice_impute_lr,baseline,40000,9,1,0.7504673655268109,0.1614411461808251,0.051375,0.948625,0.0461698794967851,0.9547451765170216,-0.0958990946647276,411
prostate,mice_impute_lr,baseline,40000,9,2,0.7430334403200433,0.1702603503707188,0.051375,0.9485,0.0459274037106908,0.9401653398895704,-0.1649697122952875,411
prostate,mice_impute_lr,baseline,40000,9,3,0.7421623498475032,0.1570378675303871,0.051375,0.948,0.0463651395088386,0.9127716007526316,-0.2350011024574403,411
prostate,mice_impute_lr,baseline,40000,9,4,0.727563257775435,0.1729480060685276,0.0515,0.948625,0.0460793845586505,0.9076446943564584,-0.2256020466689063,412
prostate,refe_tree,baseline,40000,0,0,0.6868473033225514,0.1187306328350624,0.051375,0.947125,0.0485776466055959,0.4328325120258804,-1.540768938611903,411
prostate,refe_tree,baseline,40000,0,1,0.6898908299533292,0.1215627054948667,0.051375,0.948125,0.0482339514301879,0.5725169048493737,-1.1281687202384132,411
prostate,refe_tree,baseline,40000,0,2,0.6988102898323512,0.1172101455637526,0.051375,0.947375,0.0483947951521457,0.6684174374132521,-0.8826632473730214,411
prostate,refe_tree,baseline,40000,0,3,0.687308016244539,0.1099766856718497,0.051375,0.94425,0.0494491786225847,0.4363721928906882,-1.529842730578287,411
prostate,refe_tree,baseline,40000,0,4,0.6891790051742404,0.1094473862346667,0.0515,0.9455,0.04923694334236,0.562468813423821,-1.1393912031106057,412
prostate,refe_tree,baseline,40000,1,0,0.6869157530155536,0.1187996054725532,0.051375,0.94625,0.0485978450954045,0.5277387213687798,-1.2746943910340294,411
prostate,refe_tree,baseline,40000,1,1,0.6822682272555456,0.1071868430433062,0.051375,0.947125,0.0488879789163649,0.3359857574161236,-1.820993477492812,411
prostate,refe_tree,baseline,40000,1,2,0.7026223125480311,0.1160966141299547,0.051375,0.946375,0.0489708970099727,0.6007979929041772,-1.0781904712243324,411
prostate,refe_tree,baseline,40000,1,3,0.6592266499181327,0.1018234035033336,0.051375,0.9465,0.0494700550795371,0.4705842185469347,-1.4225677164124872,411
prostate,refe_tree,baseline,40000,1,4,0.682504247892687,0.1113375396294843,0.0515,0.944875,0.0494235349289969,0.3851919878540487,-1.6812864558717513,412
prostate,refe_tree,baseline,40000,2,0,0.6550206006324303,0.1201769967754779,0.051375,0.948,0.0486148358511639,0.5095013709037245,-1.315714687069352,411
prostate,refe_tree,baseline,40000,2,1,0.6733476452504088,0.1105366554517885,0.051375,0.947375,0.0489501968652456,0.3238824950538999,-1.8594572650741932,411
prostate,refe_tree,baseline,40000,2,2,0.6798338548013693,0.1122333801551044,0.051375,0.947875,0.0486542779793515,0.5462231832755482,-1.212577033714262,411
prostate,refe_tree,baseline,40000,2,3,0.683934584536012,0.1244565650791627,0.051375,0.948125,0.0478556412155786,0.5571566902901771,-1.1728756352595988,411
prostate,refe_tree,baseline,40000,2,4,0.6727791965853084,0.1039726516008643,0.0515,0.94725,0.0500543163862822,0.4416754930769768,-1.52035362561717,412
prostate,refe_tree,baseline,40000,3,0,0.694152184026118,0.1131696688367762,0.051375,0.947375,0.048713683931351,0.5173436934664402,-1.3092030176567222,411
prostate,refe_tree,baseline,40000,3,1,0.6978723527041155,0.126976890006107,0.051375,0.947375,0.0481021233701528,0.5353472213034135,-1.2459313242286203,411
prostate,refe_tree,baseline,40000,3,2,0.6923183093470862,0.1253798911103289,0.051375,0.946625,0.0482453350091556,0.4739028339333204,-1.438844440175874,411
prostate,refe_tree,baseline,40000,3,3,0.6756750951162186,0.1172928142618129,0.051375,0.94675,0.0486964814306545,0.5620448274524933,-1.1475015370671393,411
prostate,refe_tree,baseline,40000,3,4,0.6991310052663634,0.1214163423847253,0.0515,0.94625,0.0482910845665767,0.6591118041912163,-0.8995598972776545,412
prostate,refe_tree,baseline,40000,4,0,0.6868352805427499,0.1187447315119077,0.051375,0.947125,0.048407780368453,0.346759186089235,-1.8088186378009077,411
prostate,refe_tree,baseline,40000,4,1,0.6736993516355307,0.0969226201873484,0.051375,0.946875,0.049488386868395,0.5189785390833472,-1.28246042534792,411
prostate,refe_tree,baseline,40000,4,2,0.6840163394386612,0.1154580191519053,0.051375,0.947375,0.0485641354399323,0.6340233184752576,-0.9782282475481509,411
prostate,refe_tree,baseline,40000,4,3,0.6702201194647522,0.1097295809218074,0.051375,0.945625,0.0490331933807803,0.2420484514648094,-2.1217922764827915,411
prostate,refe_tree,baseline,40000,4,4,0.6985680315367647,0.1174723449394054,0.0515,0.947125,0.0489494913713577,0.5388172743604208,-1.231774134202378,412
prostate,refe_tree,baseline,40000,5,0,0.6862075311333892,0.1217693452046046,0.051375,0.946875,0.0483454349378403,0.5029554311942983,-1.3463526066450522,411
prostate,refe_tree,baseline,40000,5,1,0.6753937620688673,0.1128984528116846,0.051375,0.947875,0.0491188454235364,0.367216244751837,-1.7353522210910384,411
prostate,refe_tree,baseline,40000,5,2,0.6900440803198636,0.13250324533053,0.051375,0.94825,0.0475713911503847,0.6583352961350032,-0.8895820229237075,411
prostate,refe_tree,baseline,40000,5,3,0.668147071619539,0.1082152214090759,0.051375,0.945375,0.0492627476558861,0.5339338122763755,-1.2509549760678769,411
prostate,refe_tree,baseline,40000,5,4,0.6856209152417461,0.1111673155919587,0.0515,0.944875,0.0492820068590007,0.5000438475964615,-1.3463014512375229,412
prostate,refe_tree,baseline,40000,6,0,0.6770671727134837,0.1072034621358606,0.051375,0.946,0.0490566512706785,0.5902298103050413,-1.0885332781183412,411
prostate,refe_tree,baseline,40000,6,1,0.6671110286081244,0.1045448965798314,0.051375,0.94625,0.0491450832755898,0.4467551673563073,-1.5009019219178297,411
prostate,refe_tree,baseline,40000,6,2,0.6769504715975453,0.1092038259456238,0.051375,0.94675,0.04893957206962,0.3591012791546022,-1.752532662418146,411
prostate,refe_tree,baseline,40000,6,3,0.6693782042711968,0.1084214409885962,0.051375,0.946625,0.04914920320983,0.4167190188912668,-1.5840474594346912,411
prostate,refe_tree,baseline,40000,6,4,0.679459551617014,0.1161494703556763,0.0515,0.9475,0.0488917329023525,0.4376740047206841,-1.534072655088994,412
prostate,refe_tree,baseline,40000,7,0,0.6722729690398993,0.1126198140219083,0.051375,0.947625,0.0488336885145258,0.4198828366555909,-1.5798693787353693,411
prostate,refe_tree,baseline,40000,7,1,0.7018203129834159,0.1320004586848198,0.051375,0.948,0.0482132648974221,0.6385324986317856,-0.956222797304515,411
prostate,refe_tree,baseline,40000,7,2,0.6817036375160745,0.1094484233896133,0.051375,0.947,0.0486455029460422,0.6078670196792084,-1.0312220127176146,411
prostate,refe_tree,baseline,40000,7,3,0.6628342853771899,0.1007199516304626,0.051375,0.946375,0.0496390562893787,0.2608577433611876,-2.0639451273722726,411
prostate,refe_tree,baseline,40000,7,4,0.6955866698056717,0.1170548605386492,0.0515,0.947375,0.0483590912452486,0.5671872660920486,-1.1358140144990931,412
prostate,refe_tree,baseline,40000,8,0,0.6928729602552548,0.102371725720413,0.051375,0.94425,0.0496635689630656,0.4877378555627871,-1.3834212417452645,411
prostate,refe_tree,baseline,40000,8,1,0.6859912814006955,0.1146430971694697,0.051375,0.945125,0.0487995275206228,0.6042853644328123,-1.053047432840558,411
prostate,refe_tree,baseline,40000,8,2,0.6842216885176683,0.1192134265633096,0.051375,0.9465,0.0485055021592494,0.5512348378141971,-1.1968741341517255,411
prostate,refe_tree,baseline,40000,8,3,0.7027451052057353,0.1173219596129744,0.051375,0.946375,0.0484412031848485,0.5471414200739115,-1.2072871337584865,411
prostate,refe_tree,baseline,40000,8,4,0.6746074217850361,0.1037332380886765,0.0515,0.945,0.0494698366204508,0.5173156960257169,-1.2863199789017206,412
prostate,refe_tree,baseline,40000,9,0,0.6775766179695993,0.1075974687072417,0.051375,0.945125,0.0494293866193424,0.4710294583195553,-1.4373484440159183,411
prostate,refe_tree,baseline,40000,9,1,0.69901371526659,0.1186224251987723,0.051375,0.947,0.0484186648605956,0.5572689201652229,-1.174503450869103,411
prostate,refe_tree,baseline,40000,9,2,0.6735706277397912,0.1015577942672035,0.051375,0.94475,0.0495817691973695,0.5309392347371167,-1.2725780433634704,411
prostate,refe_tree,baseline,40000,9,3,0.6875350063271881,0.1043772553924745,0.051375,0.947375,0.0491025928679664,0.5791648972943994,-1.1200670562725268,411
prostate,refe_tree,baseline,40000,9,4,0.6840968877788638,0.1193898525801336,0.0515,0.946125,0.0486096388216532,0.5038242554176904,-1.3158017841967562,412
ovarian,xgboost_native,baseline,40000,0,0,0.6814499663793631,0.0832908789524647,0.02625,0.972375,0.025606699937984,0.4429390241538628,-1.526644243559628,210
ovarian,xgboost_native,baseline,40000,0,1,0.6903404853597408,0.0729014822901239,0.02625,0.972875,0.0258117425487473,0.4605144475541908,-1.405966407617386,210
ovarian,xgboost_native,baseline,40000,0,2,0.6821410232899321,0.0611899071098437,0.02625,0.973,0.0263524453749645,0.4050582646154113,-1.6720118248864455,210
ovarian,xgboost_native,baseline,40000,0,3,0.6921838131915153,0.0810840498050501,0.02625,0.97225,0.0259496006010852,0.4420137109484539,-1.4937166370571868,210
ovarian,xgboost_native,baseline,40000,0,4,0.6789338348710265,0.0943299831266781,0.026375,0.97375,0.025407352435753,0.4612955837732911,-1.484113284838648,211
ovarian,xgboost_native,baseline,40000,1,0,0.6858316523014855,0.0713440170192389,0.02625,0.97325,0.0258193002155275,0.4294950389623991,-1.578681005945512,210
ovarian,xgboost_native,baseline,40000,1,1,0.7085986307231494,0.0733470928719523,0.02625,0.97275,0.0257203861222879,0.4952004872580946,-1.2824006471366698,210
ovarian,xgboost_native,baseline,40000,1,2,0.6667794486215538,0.0623986305749026,0.02625,0.972375,0.0261791986868694,0.3661133768499207,-1.8377382164019376,210
ovarian,xgboost_native,baseline,40000,1,3,0.6663231248853841,0.0693628820884227,0.02625,0.973125,0.0258765043501804,0.3860117585795405,-1.7239022927881833,210
ovarian,xgboost_native,baseline,40000,1,4,0.6779852374140466,0.0641789670766403,0.026375,0.9725,0.0262490373555756,0.4051922143937625,-1.675578818322632,211
ovarian,xgboost_native,baseline,40000,2,0,0.6785072437190538,0.0629739761874654,0.02625,0.97225,0.0263086087145444,0.3893920199633589,-1.747392155577843,210
ovarian,xgboost_native,baseline,40000,2,1,0.6969487743749619,0.0763859501591185,0.02625,0.972375,0.0256819110156466,0.4556944492063085,-1.4163926782888527,210
ovarian,xgboost_native,baseline,40000,2,2,0.6933962956170915,0.0602428286275451,0.02625,0.97225,0.0263071753495882,0.435409696597655,-1.5346864519999104,210
ovarian,xgboost_native,baseline,40000,2,3,0.6726517513295435,0.0892125839402026,0.02625,0.972875,0.0253874478313004,0.4366890165287195,-1.5664918363000369,210
ovarian,xgboost_native,baseline,40000,2,4,0.6406923970431019,0.0653739012050204,0.026375,0.972375,0.0259822338652564,0.3563862354767588,-1.8600753250994084,211
ovarian,xgboost_native,baseline,40000,3,0,0.7099764655541292,0.0826072388596571,0.02625,0.973,0.0254967818381204,0.4968651574364171,-1.292246135702208,210
ovarian,xgboost_native,baseline,40000,3,1,0.6739910752490984,0.0739200085904551,0.02625,0.973125,0.0256844679881041,0.4220981197554003,-1.6009289503981303,210
ovarian,xgboost_native,baseline,40000,3,2,0.7001616846995538,0.0850895611569084,0.02625,0.972875,0.025645097923152,0.46791427248169,-1.4221068362565674,210
ovarian,xgboost_native,baseline,40000,3,3,0.6794996637936302,0.0841020206751427,0.02625,0.973125,0.0257662710534697,0.4145418679551781,-1.6265389026771966,210
ovarian,xgboost_native,baseline,40000,3,4,0.6639750188472138,0.0679045614599133,0.026375,0.972625,0.0258871256489688,0.4040694883230362,-1.6654243634446424,211
ovarian,xgboost_native,baseline,40000,4,0,0.6585744849929702,0.0794242130284622,0.02625,0.97275,0.0258696403991508,0.3836166555202591,-1.7514082733171352,210
ovarian,xgboost_native,baseline,40000,4,1,0.6886707622715325,0.0741086948993836,0.02625,0.972875,0.0258274496498758,0.4507887427826223,-1.5049507375094255,210
ovarian,xgboost_native,baseline,40000,4,2,0.6865003973348005,0.0693887384911192,0.02625,0.973,0.0258207266876264,0.4325786200335919,-1.5414982359701708,210
ovarian,xgboost_native,baseline,40000,4,3,0.6911131487254722,0.0779788321842192,0.02625,0.972625,0.0258037786089985,0.4462802872301426,-1.5020388570108811,210
ovarian,xgboost_native,baseline,40000,4,4,0.705917447074164,0.076932360191815,0.026375,0.972625,0.0259513938470897,0.4714548178212709,-1.3914903340302316,211
ovarian,xgboost_native,baseline,40000,5,0,0.6918344642093037,0.1084894583849619,0.02625,0.974,0.0249824942452947,0.4831541505001204,-1.3415640897012036,210
ovarian,xgboost_native,baseline,40000,5,1,0.6892823522220184,0.0679477239956722,0.02625,0.97275,0.026074018916437,0.4297341411695458,-1.5835380413012714,210
ovarian,xgboost_native,baseline,40000,5,2,0.6627354972797849,0.0655946951132631,0.02625,0.972625,0.0262536068013608,0.38941918766294,-1.739807709009133,210
ovarian,xgboost_native,baseline,40000,5,3,0.6662124824255762,0.0732749334396861,0.02625,0.973125,0.0256831463573263,0.4099691470845327,-1.6350818125956013,210
ovarian,xgboost_native,baseline,40000,5,4,0.7014081104778339,0.0755116386075989,0.026375,0.972375,0.0258115247332457,0.4710501270354043,-1.3982677859873822,211
ovarian,xgboost_native,baseline,40000,6,0,0.6787716241824071,0.0691693868414016,0.02625,0.97225,0.0261688337067387,0.4077050276793626,-1.6669398865167824,210
ovarian,xgboost_native,baseline,40000,6,1,0.6815914786967417,0.0814615971797196,0.02625,0.97325,0.0254076537096015,0.451185082366135,-1.454865909185866,210
ovarian,xgboost_native,baseline,40000,6,2,0.6804113943395073,0.0811728993638389,0.02625,0.972,0.0260562733940204,0.4252067547196296,-1.5873425075002636,210
ovarian,xgboost_native,baseline,40000,6,3,0.6732486704566293,0.0828800196506083,0.02625,0.9735,0.0252741058785642,0.4414427036119687,-1.5135409483364517,210
ovarian,xgboost_native,baseline,40000,6,4,0.6864070061132512,0.0754191355161606,0.026375,0.973,0.026025053370598,0.4269727815844521,-1.5838026511881629,211
ovarian,xgboost_native,baseline,40000,7,0,0.7019882022128492,0.1051360543369321,0.02625,0.973625,0.0251110580084359,0.4941152983636201,-1.3022407527389157,210
ovarian,xgboost_native,baseline,40000,7,1,0.7101124763127331,0.0745549401571219,0.02625,0.972125,0.0258796093290804,0.4814777989830069,-1.3781058818333685,210
ovarian,xgboost_native,baseline,40000,7,2,0.696442325325509,0.0680998677233227,0.02625,0.971875,0.0262544235673461,0.4430925325936046,-1.534757562568412,210
ovarian,xgboost_native,baseline,40000,7,3,0.679795525398863,0.062911908424986,0.02625,0.972625,0.0263949897399011,0.4014982325175207,-1.6912462996622393,210
ovarian,xgboost_native,baseline,40000,7,4,0.6854623636809476,0.058637541303029,0.026375,0.97225,0.0264978572881757,0.4063504960132968,-1.6719655761647343,211
ovarian,xgboost_native,baseline,40000,8,0,0.6477189926034598,0.0616535830169335,0.02625,0.973,0.0262879463127294,0.3359820129170816,-1.96558992374881,210
ovarian,xgboost_native,baseline,40000,8,1,0.6966101228681459,0.0874765902792149,0.02625,0.973,0.025573199731845,0.4765732785601675,-1.3984304465610624,210
ovarian,xgboost_native,baseline,40000,8,2,0.6924433033804023,0.0725756941284338,0.02625,0.9725,0.0258565437619181,0.4602025859978282,-1.4161034492615128,210
ovarian,xgboost_native,baseline,40000,8,3,0.6851274527782871,0.0720233290362847,0.02625,0.97275,0.0258821674133414,0.4342172685497729,-1.5437911601343552,210
ovarian,xgboost_native,baseline,40000,8,4,0.6716861000353518,0.0711757040561436,0.026375,0.972375,0.0263431446872092,0.404446995084423,-1.6961655365231836,211
ovarian,xgboost_native,baseline,40000,9,0,0.6928617274894554,0.0965997585462479,0.02625,0.973,0.0252988420531591,0.4843890632753012,-1.364840710200226,210
ovarian,xgboost_native,baseline,40000,9,1,0.6958001711596062,0.0704763134718083,0.02625,0.972625,0.0258346962955995,0.4657090683376865,-1.4473124943667894,210
ovarian,xgboost_native,baseline,40000,9,2,0.667234855431261,0.076792707758257,0.02625,0.972875,0.0257197123516582,0.4147737878187328,-1.6447939114385317,210
ovarian,xgboost_native,baseline,40000,9,3,0.6866770584999083,0.075449385062057,0.02625,0.9725,0.0258475672055428,0.4379263383147861,-1.5184212634145748,210
ovarian,xgboost_native,baseline,40000,9,4,0.6823588862407126,0.0750078470729248,0.026375,0.972375,0.0260213968571616,0.4240138592578548,-1.5776539973964363,211
ovarian,lightgbm_native,baseline,40000,0,0,0.7016648328137416,0.0919284752475723,0.02625,0.973,0.0251836896785655,0.6565330167009896,-0.9915702874018948,210
ovarian,lightgbm_native,baseline,40000,0,1,0.7330117977871509,0.0917398815753225,0.02625,0.97325,0.0253431242238858,0.6789702192612924,-0.8824027097596183,210
ovarian,lightgbm_native,baseline,40000,0,2,0.7407393483709273,0.085941657388013,0.02625,0.973,0.0252875679401442,0.7463730810344196,-0.6150203932758128,210
ovarian,lightgbm_native,baseline,40000,0,3,0.7591866862277646,0.1133220663614343,0.02625,0.973625,0.024649004694923,0.7957108180225464,-0.4783627882285563,210
ovarian,lightgbm_native,baseline,40000,0,4,0.7279496726152266,0.1125993038514762,0.026375,0.9735,0.0248287080219003,0.7348339964447916,-0.6908137567768825,211
ovarian,lightgbm_native,baseline,40000,1,0,0.7719888134971575,0.1099968116968473,0.02625,0.9735,0.0246248281696172,0.8783865737375649,-0.194053187079688,210
ovarian,lightgbm_native,baseline,40000,1,1,0.7456057827495569,0.0871777482675341,0.02625,0.973375,0.025108304999834,0.7832788017231875,-0.4782130812458145,210
ovarian,lightgbm_native,baseline,40000,1,2,0.711582615074271,0.0693459912943302,0.02625,0.973125,0.0256262029393112,0.6226976202773625,-1.0827845216875918,210
ovarian,lightgbm_native,baseline,40000,1,3,0.7104890274466655,0.0816650170823232,0.02625,0.9735,0.0252684491632633,0.6628906842405862,-0.9196510465159,210
ovarian,lightgbm_native,baseline,40000,1,4,0.7096589004179548,0.0825337483148021,0.026375,0.973625,0.0254370376354207,0.6542236774478852,-0.9651935173952576,211
ovarian,lightgbm_native,baseline,40000,2,0,0.7295076104896387,0.0781125018429281,0.02625,0.97225,0.0257928730445506,0.6403871805956755,-1.050293258675828,210
ovarian,lightgbm_native,baseline,40000,2,1,0.7264139006051714,0.1099469682634894,0.02625,0.97375,0.0248255028554832,0.7214695180321997,-0.7141671290441248,210
ovarian,lightgbm_native,baseline,40000,2,2,0.7431563665260713,0.0798547070434206,0.02625,0.972875,0.0254556657620085,0.7323939003308703,-0.6806330104198514,210
ovarian,lightgbm_native,baseline,40000,2,3,0.7246090836848217,0.104100040162921,0.02625,0.97375,0.0248050122300454,0.7299304429504794,-0.7074246878261333,210
ovarian,lightgbm_native,baseline,40000,2,4,0.7120951956185628,0.0804683960188327,0.026375,0.97275,0.0254570377441073,0.6782815180756564,-0.8441343979813895,211
ovarian,lightgbm_native,baseline,40000,3,0,0.7520679748150865,0.0922275611786102,0.02625,0.973,0.0250886544504832,0.7631565467670244,-0.5882923396498753,210
ovarian,lightgbm_native,baseline,40000,3,1,0.7211507427104347,0.0811887479663296,0.02625,0.97325,0.0253493483276583,0.6802012983970279,-0.8556636201273119,210
ovarian,lightgbm_native,baseline,40000,3,2,0.7434696497340912,0.1023190542800561,0.02625,0.9735,0.0248574665062302,0.7650724715960016,-0.5721937206298968,210
ovarian,lightgbm_native,baseline,40000,3,3,0.7202167002873037,0.0818378884831342,0.02625,0.973,0.0253380393146135,0.6891907271857948,-0.8221832806196769,210
ovarian,lightgbm_native,baseline,40000,3,4,0.7303385075197188,0.0894143787859004,0.026375,0.973125,0.0252670037616123,0.7107006648618734,-0.7575671954052678,211
ovarian,lightgbm_native,baseline,40000,4,0,0.7006821932880983,0.0747313401158221,0.02625,0.97325,0.0254893662362791,0.612390514498542,-1.110889837871645,210
ovarian,lightgbm_native,baseline,40000,4,1,0.7625857326242436,0.1242725002544452,0.02625,0.97375,0.0244391053866415,0.8797119859456304,-0.1948380844152737,210
ovarian,lightgbm_native,baseline,40000,4,2,0.7211516596368972,0.0828465115392875,0.02625,0.972625,0.0255035090834525,0.6542471705278522,-0.966614444523904,210
ovarian,lightgbm_native,baseline,40000,4,3,0.7352020294639035,0.1112984922483373,0.02625,0.97375,0.0245942529235331,0.7845409976760337,-0.5117092198329551,210
ovarian,lightgbm_native,baseline,40000,4,4,0.7646516931460638,0.0857944413453017,0.026375,0.973375,0.0254397548401758,0.765556916121657,-0.5646218542205503,211
ovarian,lightgbm_native,baseline,40000,5,0,0.7382223852313711,0.1140714848398534,0.02625,0.974125,0.024621095330358,0.7915058297099618,-0.4573187743073234,210
ovarian,lightgbm_native,baseline,40000,5,1,0.7116978421663916,0.0738538257155178,0.02625,0.973375,0.0255566410385495,0.6260240302153603,-1.067717680704353,210
ovarian,lightgbm_native,baseline,40000,5,2,0.7194901888868511,0.0763899553994016,0.02625,0.972875,0.0255074704394945,0.6738880713273103,-0.8752090298367282,210
ovarian,lightgbm_native,baseline,40000,5,3,0.7395580414450761,0.090369681364902,0.02625,0.972875,0.0253744508280373,0.7233220434823421,-0.7475900916819014,210
ovarian,lightgbm_native,baseline,40000,5,4,0.7676304351926614,0.1135700108578771,0.026375,0.973375,0.024660559616439,0.8512767740186439,-0.2802042724798758,211
ovarian,lightgbm_native,baseline,40000,6,0,0.72901980561159,0.0884898909117572,0.02625,0.972625,0.0253244383572137,0.689889548116566,-0.8671964460671785,210
ovarian,lightgbm_native,baseline,40000,6,1,0.751477474173238,0.1020908008491544,0.02625,0.973375,0.0247615705379701,0.8096253060708698,-0.4110771497500636,210
ovarian,lightgbm_native,baseline,40000,6,2,0.7293092487315852,0.0928831894559231,0.02625,0.97375,0.025074535490573,0.7121946559652241,-0.7255016865004578,210
ovarian,lightgbm_native,baseline,40000,6,3,0.7229301913319884,0.0832226876680301,0.02625,0.973125,0.0252429192422999,0.7103013696083452,-0.7587157423416057,210
ovarian,lightgbm_native,baseline,40000,6,4,0.7420551160069585,0.1110942006165444,0.026375,0.973375,0.0248499364934096,0.7710409037599436,-0.5728250316192777,211
ovarian,lightgbm_native,baseline,40000,7,0,0.7375851213399353,0.1140000954954525,0.02625,0.9735,0.0246594128592371,0.7891367852661015,-0.4723175340671864,210
ovarian,lightgbm_native,baseline,40000,7,1,0.775981722599181,0.1096497234705881,0.02625,0.97375,0.0248096455744882,0.8248274384729316,-0.3802437665056917,210
ovarian,lightgbm_native,baseline,40000,7,2,0.7534124946512621,0.0886478618998088,0.02625,0.973125,0.0251982735963775,0.7657330415023678,-0.5719841614931268,210
ovarian,lightgbm_native,baseline,40000,7,3,0.7301182835136621,0.0952862744322396,0.02625,0.973,0.0251117011507961,0.7037250872278795,-0.7959408872002124,210
ovarian,lightgbm_native,baseline,40000,7,4,0.7133775363116899,0.0858047335895126,0.026375,0.9735,0.0253526895549154,0.6549893437438916,-0.9641775575296052,211
ovarian,lightgbm_native,baseline,40000,8,0,0.7044764349899137,0.0758283203151331,0.02625,0.972875,0.0255784274141962,0.6290668244578856,-1.0662330656871082,210
ovarian,lightgbm_native,baseline,40000,8,1,0.7528002934164678,0.1010238477246191,0.02625,0.97325,0.0248355500749847,0.8097345482790862,-0.4185342909277197,210
ovarian,lightgbm_native,baseline,40000,8,2,0.7554291215844489,0.092946596887723,0.02625,0.97325,0.0250383780138097,0.7976051158743752,-0.4225032913276392,210
ovarian,lightgbm_native,baseline,40000,8,3,0.7310012836970474,0.0839496212330987,0.02625,0.97325,0.0251752861151159,0.7333053294473257,-0.6529061096224253,210
ovarian,lightgbm_native,baseline,40000,8,4,0.72292922513765,0.0908824370374374,0.026375,0.97275,0.0253268746665567,0.6719897509384778,-0.9269262031842846,211
ovarian,lightgbm_native,baseline,40000,9,0,0.7444571795342013,0.0925826163927972,0.02625,0.9735,0.0250929077643958,0.7593769088528668,-0.5932970469890089,210
ovarian,lightgbm_native,baseline,40000,9,1,0.7520640014670823,0.1170643292165223,0.02625,0.97375,0.0245347126856229,0.8199982857975671,-0.3904582288979763,210
ovarian,lightgbm_native,baseline,40000,9,2,0.7036842105263157,0.0921030395258839,0.02625,0.973875,0.0250295840703972,0.6608319957078426,-0.9419350769516568,210
ovarian,lightgbm_native,baseline,40000,9,3,0.7291408399046396,0.085461612845377,0.02625,0.97275,0.0252757900150008,0.7117593393094492,-0.7556456511556724,210
ovarian,lightgbm_native,baseline,40000,9,4,0.7404028283902623,0.0870173614907203,0.026375,0.973125,0.0253506587045172,0.7196822658312905,-0.7170870537132545,211
ovarian,refe,baseline,40000,0,0,0.7483626749801332,0.1131351315156087,0.02625,0.973125,0.0245940540601126,0.8661249621678155,-0.4473272736795098,210
ovarian,refe,baseline,40000,0,1,0.7558316523014853,0.0981373891487682,0.02625,0.9735,0.024952000515249,0.8049930413253694,-0.6105155078558697,210
ovarian,refe,baseline,40000,0,2,0.7634262485481998,0.1171889910170875,0.02625,0.9735,0.0244884672756759,0.9526041034621906,-0.1131900651301013,210
ovarian,refe,baseline,40000,0,3,0.7661657191759889,0.1126727828826114,0.02625,0.973625,0.0246119041445175,0.8829232886234321,-0.381603938417245,210
ovarian,refe,baseline,40000,0,4,0.7593735605991924,0.1258001861027572,0.026375,0.973625,0.0244770031822296,0.9127800583055148,-0.274614492995202,211
ovarian,refe,baseline,40000,1,0,0.7859584937954645,0.1291555692541358,0.02625,0.973375,0.0243414888595188,0.9590473944119844,-0.1616426167271757,210
ovarian,refe,baseline,40000,1,1,0.7605608533528944,0.1221469624915956,0.02625,0.9735,0.0243403166222314,0.9452954491646084,-0.1622435668022185,210
ovarian,refe,baseline,40000,1,2,0.7268592212237911,0.1019592299229477,0.02625,0.9735,0.0248017158412766,0.7862496141733848,-0.6720605635345137,210
ovarian,refe,baseline,40000,1,3,0.7493682376673391,0.0897094253821762,0.02625,0.97325,0.0251044772406649,0.7892200746284072,-0.6599887496640029,210
ovarian,refe,baseline,40000,1,4,0.7553354804046781,0.1119329830128029,0.026375,0.973625,0.0246650046272884,0.893716661258897,-0.346727499240501,211
ovarian,refe,baseline,40000,2,0,0.736138517024268,0.0928072719634928,0.02625,0.9735,0.0251391962664355,0.7137296800481204,-0.9446669825248968,210
ovarian,refe,baseline,40000,2,1,0.7549969435784584,0.1313679287077646,0.02625,0.973625,0.0242332901743711,0.9397770754795652,-0.1660449242926121,210
ovarian,refe,baseline,40000,2,2,0.7760407115349348,0.1236073944961618,0.02625,0.97375,0.0243884238357087,0.9620748198604736,-0.0997156507665272,210
ovarian,refe,baseline,40000,2,3,0.7579711473806466,0.1398900884488075,0.02625,0.97375,0.0241657408463152,0.9367267677736554,-0.2237051806991404,210
ovarian,refe,baseline,40000,2,4,0.752555098057231,0.0971846394188958,0.026375,0.973375,0.0249609649843309,0.8600124840885779,-0.4194982956475593,211
ovarian,refe,baseline,40000,3,0,0.7665266825600586,0.1360887537881395,0.02625,0.97375,0.0241580759747707,0.987999633420305,-0.0433720462996438,210
ovarian,refe,baseline,40000,3,1,0.7392420074576688,0.1112830551222829,0.02625,0.973625,0.0246124687726514,0.816232333808985,-0.5870776870556986,210
ovarian,refe,baseline,40000,3,2,0.7814120667522464,0.1263001231053323,0.02625,0.974,0.0243467257654637,0.988329512987034,-0.0269653717990468,210
ovarian,refe,baseline,40000,3,3,0.7439831285530902,0.0964345104169133,0.02625,0.972875,0.0251753545682587,0.6971683432792022,-0.9934169370431404,210
ovarian,refe,baseline,40000,3,4,0.7511106013523751,0.1152370735354031,0.026375,0.9735,0.0245492264120401,0.9218079422725832,-0.2176851961739882,211
ovarian,refe,baseline,40000,4,0,0.7224784522281313,0.0908915510743728,0.02625,0.973625,0.0250334880024065,0.7370952521001323,-0.8332490452949481,210
ovarian,refe,baseline,40000,4,1,0.7739602053915275,0.1393173134483448,0.02625,0.973875,0.0241854432155744,0.9881607095024894,-0.0281998249225003,210
ovarian,refe,baseline,40000,4,2,0.7425059600220063,0.1133122847953346,0.02625,0.97375,0.0245595899453519,0.8574333051119806,-0.4485871010570328,210
ovarian,refe,baseline,40000,4,3,0.7589635674552235,0.1110606367247893,0.02625,0.97325,0.0247316643009903,0.8628656094665111,-0.435476667163554,210
ovarian,refe,baseline,40000,4,4,0.7716943751639055,0.1109760360840598,0.026375,0.973625,0.0246708089071595,0.931975577212126,-0.2214399985864724,211
ovarian,refe,baseline,40000,5,0,0.7423491655969191,0.1250503427740052,0.02625,0.9735,0.0243478572759177,0.8864922431820409,-0.3519334261929371,210
ovarian,refe,baseline,40000,5,1,0.7245027202151721,0.0926541138616453,0.02625,0.97375,0.0249877829039288,0.7528254967154515,-0.8016801418527564,210
ovarian,refe,baseline,40000,5,2,0.7562350999449843,0.0818335053224739,0.02625,0.973375,0.0252425643265955,0.8162957476037298,-0.5491056824839864,210
ovarian,refe,baseline,40000,5,3,0.7733079650345374,0.1380570220569252,0.02625,0.974,0.0241463191272398,0.976722510060012,-0.0895733264061441,210
ovarian,refe,baseline,40000,5,4,0.7902972900779384,0.1327702152770189,0.026375,0.973375,0.024450375051298,0.9310057412616564,-0.2220371994150878,211
ovarian,refe,baseline,40000,6,0,0.7428748701020844,0.1089751369727349,0.02625,0.97325,0.0247178944525491,0.7586396110824801,-0.7953347864773487,210
ovarian,refe,baseline,40000,6,1,0.7595039427837886,0.1290264314258478,0.02625,0.974,0.0243278490840851,0.9467769167892852,-0.1591057911747751,210
ovarian,refe,baseline,40000,6,2,0.7563002017238218,0.1218089065502964,0.02625,0.973375,0.0245750454536683,0.8425871254781022,-0.4853670002741913,210
ovarian,refe,baseline,40000,6,3,0.7462457974203802,0.1018711286412864,0.02625,0.97375,0.0247449121618124,0.8611759881492728,-0.4259839348021228,210
ovarian,refe,baseline,40000,6,4,0.7655008065208013,0.1114604213573471,0.026375,0.97325,0.0247576151798075,0.874454896456137,-0.4122532261286566,211
ovarian,refe,baseline,40000,7,0,0.7641723210465187,0.1386491635677454,0.02625,0.973375,0.0242985682570802,0.8286054379618069,-0.5555798620741914,210
ovarian,refe,baseline,40000,7,1,0.7775808423497769,0.1156253646901734,0.02625,0.97375,0.0244993323776401,0.937112123073473,-0.2196539719066387,210
ovarian,refe,baseline,40000,7,2,0.7687419768934532,0.1011623089430535,0.02625,0.97375,0.0247387364698556,0.9085547172335916,-0.2865404036466681,210
ovarian,refe,baseline,40000,7,3,0.7546983311938383,0.1280010510103364,0.02625,0.974125,0.0243441470095936,0.8799053687741997,-0.3691886524250202,210
ovarian,refe,baseline,40000,7,4,0.7264784034356387,0.0949900703385818,0.026375,0.97325,0.0250361240863962,0.7920750907994544,-0.6553487939470719,211
ovarian,refe,baseline,40000,8,0,0.7376175194082768,0.097749387825995,0.02625,0.97325,0.024922625094096,0.7948686040633578,-0.681478759642235,210
ovarian,refe,baseline,40000,8,1,0.7547784094382297,0.120586581988529,0.02625,0.973375,0.0245109830509562,0.8641174998831395,-0.4380176906832888,210
ovarian,refe,baseline,40000,8,2,0.7766523014854209,0.120243065558835,0.02625,0.973625,0.0244427157793809,0.9615044111392896,-0.1058332258662574,210
ovarian,refe,baseline,40000,8,3,0.7357093954398191,0.1001313388461567,0.02625,0.97375,0.0247203436727635,0.7839199292754383,-0.6632942120004283,210
ovarian,refe,baseline,40000,8,4,0.7523241854626679,0.1112632319366361,0.026375,0.973375,0.0248960693921226,0.7819923804158649,-0.7144596974070656,211
ovarian,refe,baseline,40000,9,0,0.7693327831774558,0.1390597283240182,0.02625,0.974125,0.0241448173967255,0.970085416558078,-0.0867226156814364,210
ovarian,refe,baseline,40000,9,1,0.7731759276239378,0.1146198800799578,0.02625,0.97325,0.0245197861543891,0.9360003494351514,-0.2218103575121301,210
ovarian,refe,baseline,40000,9,2,0.7490531206063941,0.1078570414259443,0.02625,0.973375,0.0248270373337436,0.7411467281201047,-0.8346374782304008,210
ovarian,refe,baseline,40000,9,3,0.7493318662509931,0.0974341841229087,0.02625,0.973375,0.0248238984814674,0.8518848657779179,-0.4636176150921677,210
ovarian,refe,baseline,40000,9,4,0.7430694277200987,0.1182730851590037,0.026375,0.9735,0.0245404058910803,0.860200151438404,-0.432203153610466,211
ovarian,learnpp_mf,baseline,40000,0,0,0.7359053120606394,0.1068090052035147,0.02625,0.97375,0.0245774409545947,0.8998244420135129,-0.3132632536719869,210
ovarian,learnpp_mf,baseline,40000,0,1,0.7513038694296718,0.0804752041799372,0.02625,0.9735,0.025137071287519,0.839043803008096,-0.4865441504871384,210
ovarian,learnpp_mf,baseline,40000,0,2,0.7620844794914114,0.1164583480211828,0.02625,0.97375,0.0244286079544702,1.0299341167810276,0.153902584205908,210
ovarian,learnpp_mf,baseline,40000,0,3,0.7542028852619354,0.105283987553465,0.02625,0.97375,0.0246826889501434,0.9023143851440292,-0.2995322411524475,210
ovarian,learnpp_mf,baseline,40000,0,4,0.7504729296814867,0.1077597378787064,0.026375,0.973625,0.0247209410545684,0.907969300720958,-0.2678618403059112,211
ovarian,learnpp_mf,baseline,40000,1,0,0.7885173299101412,0.1104994834984382,0.02625,0.97375,0.0244616167799159,1.096854822558934,0.3034333781733381,210
ovarian,learnpp_mf,baseline,40000,1,1,0.7522382174949569,0.1063345142947595,0.02625,0.97375,0.0246055827318009,0.922463861470387,-0.218160748942882,210
ovarian,learnpp_mf,baseline,40000,1,2,0.7181887645944127,0.0986959875120793,0.02625,0.97375,0.0247620787245027,0.8136394754314016,-0.5737987262186959,210
ovarian,learnpp_mf,baseline,40000,1,3,0.729482547832997,0.0800255031855882,0.02625,0.973625,0.0250759822421512,0.7905838647294009,-0.6318122939414065,210
ovarian,learnpp_mf,baseline,40000,1,4,0.7357763622169798,0.0970575430617878,0.026375,0.973625,0.0248926527547275,0.8533434364695315,-0.4584668702206226,211
ovarian,learnpp_mf,baseline,40000,2,0,0.7246231432239133,0.0926615184634485,0.02625,0.974,0.0249301708512826,0.7948009216489533,-0.6601751779157937,210
ovarian,learnpp_mf,baseline,40000,2,1,0.740609756097561,0.1109893874947737,0.02625,0.973875,0.0245427911046166,0.9354213262411908,-0.1544542518898246,210
ovarian,learnpp_mf,baseline,40000,2,2,0.7585671495812701,0.1027927765256283,0.02625,0.973625,0.024695697178572,0.9409863229898262,-0.1394287148935549,210
ovarian,learnpp_mf,baseline,40000,2,3,0.7515373800354544,0.1123261458517073,0.02625,0.973625,0.0245032704799431,0.9302335310407742,-0.2217232382903529,210
ovarian,learnpp_mf,baseline,40000,2,4,0.7311553722317109,0.0828801536619519,0.026375,0.9735,0.0251661845631454,0.8196407139458914,-0.5527193184079098,211
ovarian,learnpp_mf,baseline,40000,3,0,0.7478311632740386,0.1176399697989715,0.02625,0.973625,0.0244800917720028,0.9486548027154208,-0.1393953151152241,210
ovarian,learnpp_mf,baseline,40000,3,1,0.7277406931964057,0.0898700380403956,0.02625,0.97375,0.0248827198429125,0.8147414394354332,-0.5725739973772977,210
ovarian,learnpp_mf,baseline,40000,3,2,0.7626566416040099,0.1041424838517033,0.02625,0.97375,0.024665578004979,0.9600486959779488,-0.1006344923660286,210
ovarian,learnpp_mf,baseline,40000,3,3,0.7310660798337306,0.0916929426583668,0.02625,0.973625,0.0248852115696841,0.8253690523799484,-0.5457567133877315,210
ovarian,learnpp_mf,baseline,40000,3,4,0.7469925079663324,0.0985342806144681,0.026375,0.973375,0.0248552074022785,0.917788445545106,-0.2176595131989763,211
ovarian,learnpp_mf,baseline,40000,4,0,0.7122498318968152,0.0879102852529422,0.02625,0.97375,0.0249235065534209,0.7756541264420128,-0.6905095017674552,210
ovarian,learnpp_mf,baseline,40000,4,1,0.7692759337367809,0.1144064813710269,0.02625,0.9735,0.0245382620359528,1.0210339928586805,0.1058350263320958,210
ovarian,learnpp_mf,baseline,40000,4,2,0.7313445198361759,0.1053537060739305,0.02625,0.973875,0.0246481094581036,0.8583213367244548,-0.4192181933964671,210
ovarian,learnpp_mf,baseline,40000,4,3,0.742130020172382,0.0816399914699833,0.02625,0.973625,0.0250259959345285,0.8458221235319429,-0.4806377978591786,210
ovarian,learnpp_mf,baseline,40000,4,4,0.7593978992125848,0.1026166423712986,0.026375,0.973625,0.024784225970298,0.9488060566533214,-0.1431265602779287,211
ovarian,learnpp_mf,baseline,40000,5,0,0.7294150009169265,0.1105685235184274,0.02625,0.973625,0.0245302798587592,0.8731721695811505,-0.3616300152083964,210
ovarian,learnpp_mf,baseline,40000,5,1,0.7249361207897793,0.0884782550522262,0.02625,0.974,0.0249548442426086,0.8022803352958316,-0.6140978051853428,210
ovarian,learnpp_mf,baseline,40000,5,2,0.7447747417323798,0.077844512538411,0.02625,0.9735,0.0251528998647381,0.8502453004924747,-0.4181248335756337,210
ovarian,learnpp_mf,baseline,40000,5,3,0.7615835320007335,0.1163436770057438,0.02625,0.973875,0.0244941656688367,0.9636709333511668,-0.1218730422935125,210
ovarian,learnpp_mf,baseline,40000,5,4,0.7668805016674993,0.1229802176924768,0.026375,0.973375,0.0245358884918158,1.01419073443743,0.074622044330411,211
ovarian,learnpp_mf,baseline,40000,6,0,0.7244293660981722,0.0982159731187053,0.02625,0.97375,0.0247572087134683,0.8264056057500107,-0.5510762411872708,210
ovarian,learnpp_mf,baseline,40000,6,1,0.7684451983617581,0.1173824563536101,0.02625,0.973875,0.0244515538990197,1.022778238517613,0.0972459636095599,210
ovarian,learnpp_mf,baseline,40000,6,2,0.7316104285103002,0.108743627532461,0.02625,0.973875,0.0246208111241655,0.867351998619946,-0.3723139951661555,210
ovarian,learnpp_mf,baseline,40000,6,3,0.7439663182346109,0.0910247992747455,0.02625,0.9735,0.0249117119839534,0.8705063760613715,-0.3885106793281114,210
ovarian,learnpp_mf,baseline,40000,6,4,0.7511781410045398,0.0976434302946412,0.026375,0.973375,0.0248691627166229,0.886331850400778,-0.3519967898368372,211
ovarian,learnpp_mf,baseline,40000,7,0,0.7572635857937526,0.1261522564371485,0.02625,0.973625,0.0243531449974481,0.9802269169649056,-0.0177158035349169,210
ovarian,learnpp_mf,baseline,40000,7,1,0.7613329054343174,0.10486863188473,0.02625,0.973625,0.0246412459718378,0.9293779117061508,-0.2208612062425869,210
ovarian,learnpp_mf,baseline,40000,7,2,0.7562418240723761,0.089086547046905,0.02625,0.973625,0.0248771803246477,0.92085715563767,-0.2192469210752905,210
ovarian,learnpp_mf,baseline,40000,7,3,0.7463616357968091,0.0977988281127957,0.02625,0.973875,0.0247236313075493,0.8955510991328557,-0.2991304948120165,210
ovarian,learnpp_mf,baseline,40000,7,4,0.7120802882178597,0.091099526796623,0.026375,0.973625,0.0250124121430467,0.7896174257643628,-0.6623317648393267,211
ovarian,learnpp_mf,baseline,40000,8,0,0.7307448499297022,0.0932588445889152,0.02625,0.973625,0.0249213289442068,0.8063352765238061,-0.6414355407641101,210
ovarian,learnpp_mf,baseline,40000,8,1,0.7380891252521548,0.0973794009961367,0.02625,0.9735,0.0248033241406143,0.8656201649041857,-0.4040339393121905,210
ovarian,learnpp_mf,baseline,40000,8,2,0.7700217005929457,0.1163642320571233,0.02625,0.97375,0.0244349908049656,1.050987830114066,0.2056273160655092,210
ovarian,learnpp_mf,baseline,40000,8,3,0.7277131854025307,0.0956397275956223,0.02625,0.97375,0.0247362331764805,0.8407153129861415,-0.4512579785388186,210
ovarian,learnpp_mf,baseline,40000,8,4,0.7379339802942416,0.0925273226772777,0.026375,0.97375,0.0250013649224919,0.832453717769114,-0.5291641212160595,211
ovarian,learnpp_mf,baseline,40000,9,0,0.7564163457424048,0.1150888223239573,0.02625,0.97375,0.0245423731880334,0.9521895951607676,-0.1082750353455766,210
ovarian,learnpp_mf,baseline,40000,9,1,0.7617687511461582,0.1007671085002576,0.02625,0.9735,0.0247098244909883,0.9436533061050004,-0.1761571376867554,210
ovarian,learnpp_mf,baseline,40000,9,2,0.7190207225380524,0.0976569944499054,0.02625,0.973875,0.0248134152833633,0.8031821522179227,-0.6098492641113147,210
ovarian,learnpp_mf,baseline,40000,9,3,0.7536249159484076,0.095440231131443,0.02625,0.973625,0.0247393928815972,0.9204911490149292,-0.2176102246869293,210
ovarian,learnpp_mf,baseline,40000,9,4,0.7372196419911662,0.1010705106281411,0.026375,0.9735,0.0247975386175084,0.8848016241941076,-0.3401354364777069,211
ovarian,mice_impute_lr,baseline,40000,0,0,0.7461972003178678,0.1130334148384617,0.02625,0.973,0.0245746341278858,0.876991744836894,-0.4147570240425241,210
ovarian,mice_impute_lr,baseline,40000,0,1,0.7518381319151538,0.0966653155605341,0.02625,0.973625,0.0249433577286366,0.7989033234879152,-0.6350896903600561,210
ovarian,mice_impute_lr,baseline,40000,0,2,0.7584950180328872,0.1141319164410798,0.02625,0.9735,0.0246472520967959,0.9202340928769304,-0.2177901516994131,210
ovarian,mice_impute_lr,baseline,40000,0,3,0.6626059050064185,0.0523397388145143,0.02625,0.9735,0.025475388492152,0.853039590990069,-0.5197448258184936,210
ovarian,mice_impute_lr,baseline,40000,0,4,0.757365929226963,0.124413848688983,0.026375,0.973875,0.0244846907426649,0.9282123264607816,-0.2218032224316871,211
ovarian,mice_impute_lr,baseline,40000,1,0,0.6884210526315789,0.0586217462114542,0.02625,0.97375,0.0252197771537964,1.186403136276497,0.6319113548519006,210
ovarian,mice_impute_lr,baseline,40000,1,1,0.7634176905678832,0.1227509391107589,0.02625,0.97375,0.0243483133165095,0.964025926604653,-0.1086514435995747,210
ovarian,mice_impute_lr,baseline,40000,1,2,0.7286979644232532,0.1004391999812287,0.02625,0.973375,0.0248542266854642,0.7921235816499795,-0.6555080922787665,210
ovarian,mice_impute_lr,baseline,40000,1,3,0.7391301424292438,0.0871718124811172,0.02625,0.973375,0.025141969061206,0.767938655625127,-0.7321306924960588,210
ovarian,mice_impute_lr,baseline,40000,1,4,0.7514991064686557,0.1137024957173396,0.026375,0.9735,0.024600980923007,0.8960342890988757,-0.3355587988390548,211
ovarian,mice_impute_lr,baseline,40000,2,0,0.7358249281740937,0.09298369318886,0.02625,0.973375,0.0250857074780831,0.729137512039759,-0.8949787349875487,210
ovarian,mice_impute_lr,baseline,40000,2,1,0.6750547099455957,0.0537724012790475,0.02625,0.97375,0.0254184377833618,0.9391174391201128,-0.2494348021003445,210
ovarian,mice_impute_lr,baseline,40000,2,2,0.7741194449538481,0.1231037528528049,0.02625,0.97375,0.0244158935567977,0.952635550000498,-0.1390778662495712,210
ovarian,mice_impute_lr,baseline,40000,2,3,0.754813863928113,0.1308786213131576,0.02625,0.97375,0.0242477381793412,0.9238214947237384,-0.2689558294734925,210
ovarian,mice_impute_lr,baseline,40000,2,4,0.748905827211665,0.0981120486364708,0.026375,0.9735,0.0249351107036339,0.8625642848254377,-0.4092406845456186,211
ovarian,mice_impute_lr,baseline,40000,3,0,0.7663604132281924,0.1328611257382994,0.02625,0.973625,0.0242845270382929,0.9829246149116512,-0.0640998468840287,210
ovarian,mice_impute_lr,baseline,40000,3,1,0.6724347454000856,0.0528239684195255,0.02625,0.97375,0.0252975420386264,1.028637226195232,0.1028961510651247,210
ovarian,mice_impute_lr,baseline,40000,3,2,0.7812439635674553,0.122818379653161,0.02625,0.974,0.0243779979199641,0.9928033669682712,-0.0111195102365279,210
ovarian,mice_impute_lr,baseline,40000,3,3,0.7408405159239563,0.0952440811798803,0.02625,0.973,0.0252015952015107,0.6894650858794115,-1.0247200262934586,210
ovarian,mice_impute_lr,baseline,40000,3,4,0.7460314369699887,0.1140831809924552,0.026375,0.97375,0.0245889345116996,0.9211208310346266,-0.2192366271334792,211
ovarian,mice_impute_lr,baseline,40000,4,0,0.6709315972858977,0.0472202005484438,0.02625,0.97375,0.0253654587392809,0.9732087818008645,-0.0910805661820487,210
ovarian,mice_impute_lr,baseline,40000,4,1,0.7709004217861727,0.1355863148058614,0.02625,0.974125,0.0242088424189974,0.9834232060900298,-0.0429144305954855,210
ovarian,mice_impute_lr,baseline,40000,4,2,0.7477431383336389,0.1154031746063775,0.02625,0.97375,0.0245444215176564,0.8756583419094413,-0.3987854741849858,210
ovarian,mice_impute_lr,baseline,40000,4,3,0.7565884222752002,0.1120612862557464,0.02625,0.973,0.0248369992768826,0.8320488827924044,-0.5431099383067447,210
ovarian,mice_impute_lr,baseline,40000,4,4,0.7811131143142078,0.1099685438166647,0.026375,0.973375,0.0246967088964984,0.9592830907799842,-0.1356966924589828,211
ovarian,mice_impute_lr,baseline,40000,5,0,0.7402206736353077,0.1209265883970503,0.02625,0.9735,0.024391784426619,0.8832189024595785,-0.3681294654044938,210
ovarian,mice_impute_lr,baseline,40000,5,1,0.7270474967907574,0.0968882571311032,0.02625,0.97375,0.0249915971874037,0.7507414301693702,-0.8168829183994205,210
ovarian,mice_impute_lr,baseline,40000,5,2,0.7534690384497831,0.077858997443402,0.02625,0.973375,0.0254087417589712,0.7942198374370036,-0.6250565361641234,210
ovarian,mice_impute_lr,baseline,40000,5,3,0.6749746317012042,0.0572604857184205,0.02625,0.973875,0.0251972782002334,1.0588221402025837,0.2180848824105118,210
ovarian,mice_impute_lr,baseline,40000,5,4,0.7894314439064934,0.1288413265413473,0.026375,0.97325,0.0245048493893365,0.930426949858278,-0.2222084353226841,211
ovarian,mice_impute_lr,baseline,40000,6,0,0.7448144752124213,0.1110469402126016,0.02625,0.97325,0.0247046420878332,0.7719816332733209,-0.7505303803857986,210
ovarian,mice_impute_lr,baseline,40000,6,1,0.7652515434928785,0.1172066673130394,0.02625,0.973875,0.0245144950265613,0.9449886366820236,-0.1701978017640206,210
ovarian,mice_impute_lr,baseline,40000,6,2,0.7473586405036983,0.1192967803069296,0.02625,0.9735,0.0245590913228968,0.8271010347342231,-0.5363265612630587,210
ovarian,mice_impute_lr,baseline,40000,6,3,0.7464178739531756,0.1061900862502767,0.02625,0.97375,0.0247003022787918,0.8741442134268718,-0.3867494659264904,210
ovarian,mice_impute_lr,baseline,40000,6,4,0.6672607316552265,0.0562556204086763,0.026375,0.9735,0.025420830143995,0.9880529188178732,-0.045556107261505,211
ovarian,mice_impute_lr,baseline,40000,7,0,0.7621938993826028,0.1307742998828987,0.02625,0.9735,0.0243749854596462,0.8141099595316424,-0.6007357243364141,210
ovarian,mice_impute_lr,baseline,40000,7,1,0.7767730301363164,0.1158179100513126,0.02625,0.973875,0.0245019095697391,0.9562630652586688,-0.1602744192631308,210
ovarian,mice_impute_lr,baseline,40000,7,2,0.7646842716547466,0.0988477396415513,0.02625,0.973625,0.0248420160975421,0.8697385306775364,-0.4135394266193908,210
ovarian,mice_impute_lr,baseline,40000,7,3,0.7580616174582797,0.1312003656850346,0.02625,0.974,0.0242696888331153,0.9148778804367742,-0.261303831251549,210
ovarian,mice_impute_lr,baseline,40000,7,4,0.612648838226713,0.0379195813686873,0.026375,0.973625,0.025701993684187,0.5833464401971952,-1.460736715495358,211
ovarian,mice_impute_lr,baseline,40000,8,0,0.7343425637263892,0.0963383374071656,0.02625,0.973625,0.0249576813608976,0.7857186727356089,-0.7127328648063,210
ovarian,mice_impute_lr,baseline,40000,8,1,0.7551353994742956,0.1167705621280367,0.02625,0.973375,0.0245397729571341,0.8773829921733246,-0.3936877884913353,210
ovarian,mice_impute_lr,baseline,40000,8,2,0.7729781771501926,0.113924573243437,0.02625,0.9735,0.0246219562562806,0.9275049635365514,-0.2213847006469972,210
ovarian,mice_impute_lr,baseline,40000,8,3,0.7368249893025246,0.1084851385534146,0.02625,0.973625,0.0245936113737202,0.809409836720332,-0.5784550666289198,210
ovarian,mice_impute_lr,baseline,40000,8,4,0.7461281829582247,0.1075386857674919,0.026375,0.973375,0.0249855010134066,0.7617325745493425,-0.7831426038515058,211
ovarian,mice_impute_lr,baseline,40000,9,0,0.6928033498380097,0.0668333050990993,0.02625,0.97375,0.0251235736754515,1.0574699442116993,0.1891476670674312,210
ovarian,mice_impute_lr,baseline,40000,9,1,0.774261262913381,0.1102787996397101,0.02625,0.973375,0.0246223018199155,0.9369683501429292,-0.2230684528431537,210
ovarian,mice_impute_lr,baseline,40000,9,2,0.7452753835809034,0.1056489745996536,0.02625,0.97325,0.0248806733861249,0.7321761261277907,-0.8653720936897014,210
ovarian,mice_impute_lr,baseline,40000,9,3,0.7455944739898527,0.1008936060057191,0.02625,0.97325,0.0247540173746877,0.8643120182806486,-0.4254757041558122,210
ovarian,mice_impute_lr,baseline,40000,9,4,0.7391417839838537,0.1193286266048447,0.026375,0.973625,0.0245391500741387,0.8585844926362235,-0.4391040105202526,211
ovarian,refe_tree,baseline,40000,0,0,0.6761348493184179,0.0725885081225723,0.02625,0.9735,0.0257311341510925,0.4735174965922994,-1.7856118055447197,210
ovarian,refe_tree,baseline,40000,0,1,0.689486215538847,0.0722787404181466,0.02625,0.97325,0.0257453866363309,0.4582726271400598,-1.80103857097991,210
ovarian,refe_tree,baseline,40000,0,2,0.6846286447826884,0.0643744369195297,0.02625,0.97325,0.0258673625282796,0.5323293819712822,-1.5378332586066916,210
ovarian,refe_tree,baseline,40000,0,3,0.6801836909346536,0.0723683818396081,0.02625,0.972625,0.0259256473004419,0.4655769881004633,-1.7828266884342228,210
ovarian,refe_tree,baseline,40000,0,4,0.6733027924299613,0.0591241827411921,0.026375,0.972125,0.026439613521479,0.4247836047483332,-1.923229480065247,211
ovarian,refe_tree,baseline,40000,1,0,0.7182254416529127,0.0708971292211477,0.02625,0.973125,0.0258432029766293,0.5590345536241118,-1.4683076741516747,210
ovarian,refe_tree,baseline,40000,1,1,0.6811861972003178,0.0756505970036523,0.02625,0.973375,0.0256284657437276,0.4775298533500602,-1.7366763325466854,210
ovarian,refe_tree,baseline,40000,1,2,0.6845014976465554,0.0655198555691821,0.02625,0.972625,0.0262237094935679,0.490171643365268,-1.7051987555075088,210
ovarian,refe_tree,baseline,40000,1,3,0.6924145730179107,0.0707315495722794,0.02625,0.97325,0.0259157567158462,0.4836891716215291,-1.7079837584972395,210
ovarian,refe_tree,baseline,40000,1,4,0.6917964878163944,0.0725383194477467,0.026375,0.973,0.0263550904840712,0.4961928373243621,-1.6744824854449591,211
ovarian,refe_tree,baseline,40000,2,0,0.6825887890457853,0.0644373783814346,0.02625,0.9725,0.0263528840477832,0.3672159651683012,-2.149321980602129,210
ovarian,refe_tree,baseline,40000,2,1,0.6764328504187298,0.0735178815048986,0.02625,0.972625,0.0257312925571274,0.4690876852965065,-1.7508500489632202,210
ovarian,refe_tree,baseline,40000,2,2,0.6899660737208877,0.0607697661849777,0.02625,0.972125,0.0263894989897283,0.3136480164501691,-2.357274315232362,210
ovarian,refe_tree,baseline,40000,2,3,0.6754022250748825,0.0716195445892255,0.02625,0.972375,0.0260154394211006,0.3663326170698391,-2.1404422505120224,210
ovarian,refe_tree,baseline,40000,2,4,0.677769536452854,0.0694605969566476,0.026375,0.973375,0.0260421302196538,0.3436695269506913,-2.208632247355675,211
ovarian,refe_tree,baseline,40000,3,0,0.705248792713491,0.079172751073838,0.02625,0.97275,0.0255555388308283,0.4428439702194747,-1.8698532805334345,210
ovarian,refe_tree,baseline,40000,3,1,0.6813521608900298,0.0595926606548861,0.02625,0.973,0.0264158096174761,0.4438438266460391,-1.8610561028408967,210
ovarian,refe_tree,baseline,40000,3,2,0.6927614768628889,0.0701287503324853,0.02625,0.972375,0.0258214559431499,0.4638976437414614,-1.8104245455114345,210
ovarian,refe_tree,baseline,40000,3,3,0.6773730056849441,0.0635538299184862,0.02625,0.972875,0.0263251345151243,0.4952897135824759,-1.6848987073890864,210
ovarian,refe_tree,baseline,40000,3,4,0.6975711280764768,0.0782996141520033,0.026375,0.973625,0.025789030004456,0.424950916133993,-1.927153163718117,211
ovarian,refe_tree,baseline,40000,4,0,0.6554428754813864,0.0578482894751625,0.02625,0.973125,0.0260732577512615,0.4813770118979221,-1.7026673855949543,210
ovarian,refe_tree,baseline,40000,4,1,0.7267638608716914,0.0883000428131171,0.02625,0.97375,0.0255071565578303,0.6412624387680926,-1.179878625861812,210
ovarian,refe_tree,baseline,40000,4,2,0.6669252399290909,0.0746464296000488,0.02625,0.972625,0.0258787323008893,0.3157490226076543,-2.339711546193082,210
ovarian,refe_tree,baseline,40000,4,3,0.6836832935998531,0.0717987165163041,0.02625,0.97375,0.0257834614720108,0.2709139699407662,-2.5179789697526536,210
ovarian,refe_tree,baseline,40000,4,4,0.7069074201739116,0.0636390645415823,0.026375,0.972,0.026331552618549,0.525966271978696,-1.5777102866018775,211
ovarian,refe_tree,baseline,40000,5,0,0.6622706155632984,0.0741420836431308,0.02625,0.97375,0.0258616004855613,0.3305941907067012,-2.262933400749058,210
ovarian,refe_tree,baseline,40000,5,1,0.6578388043278929,0.0552430087181708,0.02625,0.973,0.0262212503574655,0.3544775161347286,-2.2135132632154355,210
ovarian,refe_tree,baseline,40000,5,2,0.6852873036249161,0.079393299697508,0.02625,0.97375,0.0256755497608713,0.5231509441374206,-1.5680120656901249,210
ovarian,refe_tree,baseline,40000,5,3,0.6980530594779633,0.0596428162056746,0.02625,0.972125,0.0262126793272548,0.6247653391574598,-1.2508409354671537,210
ovarian,refe_tree,baseline,40000,5,4,0.6833178276083843,0.0660192403610006,0.026375,0.973375,0.0260398468082373,0.4372263234615427,-1.8792880687322384,211
ovarian,refe_tree,baseline,40000,6,0,0.6800372883428081,0.0706183336382331,0.02625,0.97175,0.0259844719266612,0.4338350346620506,-1.8959263780800557,210
ovarian,refe_tree,baseline,40000,6,1,0.6654761904761904,0.064293759435571,0.02625,0.973,0.0260537156190289,0.1862024903374543,-2.8505152725443095,210
ovarian,refe_tree,baseline,40000,6,2,0.6582107708295128,0.0633261775465512,0.02625,0.97275,0.026122623211222,0.2584459273999736,-2.566682915704551,210
ovarian,refe_tree,baseline,40000,6,3,0.6865908674124335,0.0669758873224407,0.02625,0.9735,0.0261494703773126,0.5592825158789637,-1.4354165892530526,210
ovarian,refe_tree,baseline,40000,6,4,0.6813701300716345,0.0796719746216674,0.026375,0.97325,0.0256545862531815,0.5186936257627681,-1.5926113782857536,211
ovarian,refe_tree,baseline,40000,7,0,0.7130875970413839,0.0836378006199297,0.02625,0.97375,0.0256284647964946,0.559162391190317,-1.4389154947246303,210
ovarian,refe_tree,baseline,40000,7,1,0.6938379485298614,0.0739545267120458,0.02625,0.97275,0.0257771330385025,0.3396052852292049,-2.2608742142494846,210
ovarian,refe_tree,baseline,40000,7,2,0.6628198545143347,0.0612869621593739,0.02625,0.97375,0.0261658967221176,0.2064370956996258,-2.7537507665754717,210
ovarian,refe_tree,baseline,40000,7,3,0.6635692890763494,0.0717198175701664,0.02625,0.97375,0.0258186590805249,0.2559935658933738,-2.5764393698529746,210
ovarian,refe_tree,baseline,40000,7,4,0.6663614198903667,0.0595051543844053,0.026375,0.97225,0.0263880310014959,0.369831219537985,-2.127535104749635,211
ovarian,refe_tree,baseline,40000,8,0,0.66204474601137,0.0669796928843915,0.02625,0.973,0.0262087425673029,0.356467149375007,-2.197555508629491,210
ovarian,refe_tree,baseline,40000,8,1,0.6744036921572224,0.0718963215099781,0.02625,0.973375,0.0257741825625845,0.3057946064240007,-2.3608529236765783,210
ovarian,refe_tree,baseline,40000,8,2,0.6860663854758847,0.0655768187673201,0.02625,0.97375,0.0258072447304894,0.4496224948274643,-1.8287114667489512,210
ovarian,refe_tree,baseline,40000,8,3,0.6749688245002752,0.0713903965957555,0.02625,0.972625,0.0258365231632325,0.3695585494678187,-2.140149647980547,210
ovarian,refe_tree,baseline,40000,8,4,0.6468747090775118,0.0625120427215732,0.026375,0.972375,0.0264992914835751,0.1567918751506823,-2.9645666352280986,211
ovarian,refe_tree,baseline,40000,9,0,0.6959606332905435,0.0687661674385436,0.02625,0.973,0.0260291272472145,0.5037311275944933,-1.6574494467852905,210
ovarian,refe_tree,baseline,40000,9,1,0.6913249587383091,0.0813228287357106,0.02625,0.97325,0.0255048421791113,0.4174323854079697,-1.9702108177946625,210
ovarian,refe_tree,baseline,40000,9,2,0.67661409621615,0.0737186696868189,0.02625,0.973,0.0255692550819531,0.4873477650108762,-1.715637177058444,210
ovarian,refe_tree,baseline,40000,9,3,0.6688565927012653,0.0539344914025088,0.02625,0.972375,0.0266628255324004,0.1365408904161383,-3.045352840565962,210
ovarian,refe_tree,baseline,40000,9,4,0.714862191728644,0.0890545345787714,0.026375,0.973125,0.0254267029817405,0.720494098891271,-0.910450087288933,211
lung,mice_impute_lr,baseline,40000,0,0,0.6911470095547311,0.0906161851564018,0.038625,0.961125,0.0364629960233333,0.916098202463182,-0.2647970059062581,309
lung,mice_impute_lr,baseline,40000,0,1,0.668965406967081,0.0807356753920203,0.038625,0.96125,0.0365822863231492,0.9119391591693428,-0.2644787373610437,309
lung,mice_impute_lr,baseline,40000,0,2,0.6783174629808297,0.0993177075400058,0.03875,0.96125,0.0363907828246574,0.9481163880893708,-0.1543687128928755,310
lung,mice_impute_lr,baseline,40000,0,3,0.6802609169847729,0.096247707846661,0.03875,0.961,0.0363708092492648,0.8914549049345322,-0.3218049307147169,310
lung,mice_impute_lr,baseline,40000,0,4,0.6861034439364067,0.0872313358578874,0.03875,0.961125,0.0365875679424414,0.9560458801244988,-0.1313889026494083,310
lung,mice_impute_lr,baseline,40000,1,0,0.6886088434386597,0.0912866556276536,0.038625,0.96125,0.0363214305480929,1.0346627106379342,0.0891538832846092,309
lung,mice_impute_lr,baseline,40000,1,1,0.6872547621121481,0.0956726643506509,0.038625,0.960625,0.0367089887350687,0.7393666790252559,-0.8088888057270869,309
lung,mice_impute_lr,baseline,40000,1,2,0.689253743865095,0.0974039194405961,0.03875,0.961125,0.0364231925843704,1.0459226180512124,0.1490918685155852,310
lung,mice_impute_lr,baseline,40000,1,3,0.7071483703175468,0.0871359254939732,0.03875,0.961,0.0365420305635786,0.9904197311572936,-0.0141296158836632,310
lung,mice_impute_lr,baseline,40000,1,4,0.6734087000293637,0.092669405604528,0.03875,0.961375,0.0364680448068633,0.912158350839386,-0.2626411768051372,310
lung,mice_impute_lr,baseline,40000,2,0,0.670115408292549,0.078918734956299,0.038625,0.960125,0.0369039125864326,0.802648836085016,-0.6233393229445435,309
lung,mice_impute_lr,baseline,40000,2,1,0.6805971254595482,0.0883907637473919,0.038625,0.9615,0.0363789737293461,1.028068065324902,0.1109342830316425,309
lung,mice_impute_lr,baseline,40000,2,2,0.6864990142203952,0.1098667868586578,0.03875,0.961375,0.0361665729930503,1.1056556101227917,0.3258041782748144,310
lung,mice_impute_lr,baseline,40000,2,3,0.7486358488191618,0.1308649562585488,0.03875,0.961125,0.0355908451473251,1.013379701640998,0.0253462333445299,310
lung,mice_impute_lr,baseline,40000,2,4,0.680309157263308,0.0977892254735341,0.03875,0.96125,0.0363369192836508,0.9960315339003144,-0.0148424995553753,310
lung,mice_impute_lr,baseline,40000,3,0,0.6949327987699656,0.1019138729769381,0.038625,0.961125,0.0361053008099803,1.0677125852368976,0.2129928167600594,309
lung,mice_impute_lr,baseline,40000,3,1,0.7077793192480262,0.1055572798182968,0.038625,0.960625,0.03639963517701,0.9436721337068692,-0.1602602264311332,309
lung,mice_impute_lr,baseline,40000,3,2,0.6717471370443391,0.0911239214682423,0.03875,0.961,0.0366093863512416,0.8231007537311098,-0.5606598069420248,310
lung,mice_impute_lr,baseline,40000,3,3,0.6623822307982717,0.0848675096943884,0.03875,0.961125,0.0366841099312149,0.8313186536705182,-0.5244658353401582,310
lung,mice_impute_lr,baseline,40000,3,4,0.688822098242376,0.0949980702435755,0.03875,0.9615,0.0363613701402207,0.9884965374940002,-0.0439218893085634,310
lung,mice_impute_lr,baseline,40000,4,0,0.7022262393021053,0.1112059961434712,0.038625,0.961375,0.0360248079399018,1.1910005187395607,0.5509023608265783,309
lung,mice_impute_lr,baseline,40000,4,1,0.6675557822176047,0.0864318942130602,0.038625,0.961125,0.0365370239550782,0.731025251197794,-0.8214832087963974,309
lung,mice_impute_lr,baseline,40000,4,2,0.7164751038214691,0.1024277722073369,0.03875,0.9605,0.0366269449615555,0.8624317732631451,-0.408228635245423,310
lung,mice_impute_lr,baseline,40000,4,3,0.6783707370275599,0.0931602328861607,0.03875,0.961125,0.0364749812531841,0.9655845441843915,-0.0971684552776047,310
lung,mice_impute_lr,baseline,40000,4,4,0.6871332690129619,0.0918147868626117,0.03875,0.96075,0.0366233972775689,0.8615371101591432,-0.422987306776159,310
lung,mice_impute_lr,baseline,40000,5,0,0.6953300184008628,0.089088411067815,0.038625,0.960875,0.0366086475255436,0.877104936517202,-0.3751229050801626,309
lung,mice_impute_lr,baseline,40000,5,1,0.659022713472941,0.0773251767452678,0.038625,0.96125,0.0368790910258997,0.6102409103553653,-1.21850996929914,309
lung,mice_impute_lr,baseline,40000,5,2,0.7024510256302697,0.0934948132186925,0.03875,0.961,0.0365426612388098,0.9706587927003124,-0.0812650119850708,310
lung,mice_impute_lr,baseline,40000,5,3,0.6657212970342716,0.0844047545860904,0.03875,0.961,0.0366237483243509,0.8903687708463803,-0.3297730749134607,310
lung,mice_impute_lr,baseline,40000,5,4,0.6757796048491966,0.0928712118368365,0.03875,0.961375,0.0365483959523846,0.9146810768088286,-0.2640689339371351,310
lung,mice_impute_lr,baseline,40000,6,0,0.6932155812766487,0.0977940932703397,0.038625,0.961375,0.0362710217209105,0.9171412482934236,-0.2658214150907439,309
lung,mice_impute_lr,baseline,40000,6,1,0.6999729436204802,0.1015423759494836,0.038625,0.96125,0.0362539630639187,0.8403838099740055,-0.4645614658910868,309
lung,mice_impute_lr,baseline,40000,6,2,0.6926351776500692,0.0839086696693734,0.03875,0.960625,0.0369200351156175,0.826278094241981,-0.5353561183499786,310
lung,mice_impute_lr,baseline,40000,6,3,0.7059171945131927,0.0983947872777595,0.03875,0.961,0.0364481144985805,0.9117144956425436,-0.2569960625419328,310
lung,mice_impute_lr,baseline,40000,6,4,0.6906353034942742,0.0955495068927123,0.03875,0.961375,0.0364192238041872,1.0346865758099129,0.1081302490174365,310
lung,mice_impute_lr,baseline,40000,7,0,0.6912631458027476,0.0812163252013193,0.038625,0.96125,0.0365382560821394,0.954293930739927,-0.1293522570251194,309
lung,mice_impute_lr,baseline,40000,7,1,0.6804944542837655,0.092445411388358,0.038625,0.961125,0.0363338130534705,1.006794156661161,0.0167320095501948,309
lung,mice_impute_lr,baseline,40000,7,2,0.6912093628088426,0.092596304444538,0.03875,0.961,0.0365524436374944,0.9734908631416228,-0.0996786793578895,310
lung,mice_impute_lr,baseline,40000,7,3,0.6633587818280968,0.0918683370883804,0.03875,0.9615,0.0364807798264461,0.9135708546819692,-0.2653866431621957,310
lung,mice_impute_lr,baseline,40000,7,4,0.6948785603422962,0.0980855945589447,0.03875,0.961375,0.0363351163095438,1.0536364131346854,0.1713821996832637,310
lung,mice_impute_lr,baseline,40000,8,0,0.7116345377419662,0.1061066372988238,0.038625,0.961125,0.0360415168462427,1.1002282062830075,0.3092395989084078,309
lung,mice_impute_lr,baseline,40000,8,1,0.7819285265550161,0.1439446418717838,0.038625,0.961125,0.035305392259955,0.9666609644738148,-0.1033604532003078,309
lung,mice_impute_lr,baseline,40000,8,2,0.6407311548303202,0.0721924028351324,0.03875,0.96075,0.0371491528523456,0.6945522647816362,-0.9313352712613991,310
lung,mice_impute_lr,baseline,40000,8,3,0.6983250136331223,0.1055517760121037,0.03875,0.9615,0.0362132274757651,1.0491071251665054,0.1566914797805058,310
lung,mice_impute_lr,baseline,40000,8,4,0.6843256848022148,0.0902824068865813,0.03875,0.96075,0.03652673916616,1.0121812805091817,0.0325205149578544,310
lung,mice_impute_lr,baseline,40000,9,0,0.6862762300659072,0.0848067466669267,0.038625,0.961,0.0364845636733279,1.0053006597861964,0.017789390466817,309
lung,mice_impute_lr,baseline,40000,9,1,0.6836818893516106,0.0857269439117578,0.038625,0.961375,0.0364951738737388,0.9417996155292632,-0.1833946404028465,309
lung,mice_impute_lr,baseline,40000,9,2,0.6615806032132221,0.0780901551766876,0.03875,0.960875,0.0369243197612678,0.7460263407517965,-0.7741647758788673,310
lung,mice_impute_lr,baseline,40000,9,3,0.7110780653550904,0.1194718540083714,0.03875,0.961625,0.035986199690194,0.8764383979070666,-0.3713555509179955,310
lung,mice_impute_lr,baseline,40000,9,4,0.6940609924912958,0.0860108110531435,0.03875,0.959875,0.0371875312512269,0.8007469287682017,-0.6341811969089197,310
prostate,ours,baseline,1500,0,0,0.6440715552927261,0.1289810962132784,0.0506666666666666,0.9413333333333334,0.052262922520802,0.3646780293157904,-1.748115696461487,38
prostate,ours,baseline,1500,0,1,0.6254462836741318,0.0744760797791797,0.052,0.94,0.0540226506276976,0.293834517176104,-1.8436154410671988,39
prostate,mean_impute,baseline,1500,0,0,0.6363837965700769,0.15228961566323593,0.050666666666666665,0.9373333333333334,0.055579297714927964,0.22538883712224572,-2.0017393946092548,38
prostate,mean_impute,baseline,1500,0,1,0.5619387644704101,0.14353750805585672,0.052,0.9346666666666666,0.05842291270386385,0.10941223546652427,-2.383991234011806,39
