cohort,rank,support
colorectal,1,40000
colorectal,2,19976
colorectal,3,18972
colorectal,4,18849
colorectal,5,18416
colorectal,6,17646
colorectal,7,17447
colorectal,8,17408
colorectal,9,17346
colorectal,10,17224
colorectal,11,16877
colorectal,12,16667
colorectal,13,16476
colorectal,14,16455
colorectal,15,16431
colorectal,16,16425
colorectal,17,16386
colorectal,18,16292
colorectal,19,16261
colorectal,20,16213
colorectal,21,16210
colorectal,22,16207
colorectal,23,16183
colorectal,24,16151
colorectal,25,16144
colorectal,26,16137
colorectal,27,16133
colorectal,28,16100
colorectal,29,16079
colorectal,30,16041
colorectal,31,16036
colorectal,32,16006
colorectal,33,15955
colorectal,34,15939
colorectal,35,15911
colorectal,36,15880
colorectal,37,15851
colorectal,38,15848
colorectal,39,15835
colorectal,40,15802
colorectal,41,15784
colorectal,42,15783
colorectal,43,15777
colorectal,44,15777
colorectal,45,15775
colorectal,46,15771
colorectal,47,15768
colorectal,48,15767
colorectal,49,15759
colorectal,50,15755
colorectal,51,15746
colorectal,52,15746
colorectal,53,15745
colorectal,54,15740
colorectal,55,15740
colorectal,56,15740
colorectal,57,15736
colorectal,58,15733
colorectal,59,15726
colorectal,60,15725
colorectal,61,15723
colorectal,62,15723
colorectal,63,15717
colorectal,64,15708
colorectal,65,15707
colorectal,66,15704
colorectal,67,15698
colorectal,68,15697
colorectal,69,15687
colorectal,70,15672
colorectal,71,15663
colorectal,72,15663
colorectal,73,15663
colorectal,74,15649
colorectal,75,15646
colorectal,76,15643
colorectal,77,15643
colorectal,78,15642
colorectal,79,15638
colorectal,80,15634
colorectal,81,15634
colorectal,82,15632
colorectal,83,15623
colorectal,84,15621
colorectal,85,15602
colorectal,86,15601
colorectal,87,15258
colorectal,88,15201
colorectal,89,15181
colorectal,90,15156
colorectal,91,14994
colorectal,92,14948
colorectal,93,14920
colorectal,94,14902
colorectal,95,14889
colorectal,96,14858
colorectal,97,14856
colorectal,98,14835
colorectal,99,14832
colorectal,100,14829
colorectal,101,14825
colorectal,102,14823
colorectal,103,14811
colorectal,104,14811
colorectal,105,14787
colorectal,106,14784
colorectal,107,14775
colorectal,108,14759
colorectal,109,14750
colorectal,110,14741
colorectal,111,14733
colorectal,112,14708
colorectal,113,14692
colorectal,114,14657
colorectal,115,14656
colorectal,116,14652
colorectal,117,14652
colorectal,118,14650
colorectal,119,14631
colorectal,120,14616
colorectal,121,14615
colorectal,122,14613
colorectal,123,14612
colorectal,124,14607
colorectal,125,14598
colorectal,126,14598
colorectal,127,14597
colorectal,128,14590
colorectal,129,14586
colorectal,130,14581
colorectal,131,14579
colorectal,132,14568
colorectal,133,14553
colorectal,134,14551
colorectal,135,14551
colorectal,136,14515
colorectal,137,14514
colorectal,138,14509
colorectal,139,14482
colorectal,140,14481
colorectal,141,14467
colorectal,142,14467
colorectal,143,14464
colorectal,144,14455
colorectal,145,14454
colorectal,146,14450
colorectal,147,14449
colorectal,148,14447
colorectal,149,14439
colorectal,150,14429
colorectal,151,14387
colorectal,152,14380
colorectal,153,14375
colorectal,154,14374
colorectal,155,14359
colorectal,156,14355
colorectal,157,14333
colorectal,158,14333
colorectal,159,14314
colorectal,160,14305
colorectal,161,14287
colorectal,162,14282
colorectal,163,14279
colorectal,164,14275
colorectal,165,14267
colorectal,166,14264
colorectal,167,14260
colorectal,168,14256
colorectal,169,14254
colorectal,170,14252
colorectal,171,14246
colorectal,172,14241
colorectal,173,14236
colorectal,174,14235
colorectal,175,14234
colorectal,176,14234
colorectal,177,14231
colorectal,178,14230
colorectal,179,14229
colorectal,180,14224
colorectal,181,14221
colorectal,182,14219
colorectal,183,14219
colorectal,184,14219
colorectal,185,14212
colorectal,186,14211
colorectal,187,14211
colorectal,188,14204
colorectal,189,14200
colorectal,190,14200
colorectal,191,14199
colorectal,192,14199
colorectal,193,14196
colorectal,194,14189
colorectal,195,14188
colorectal,196,14187
colorectal,197,14186
colorectal,198,14185
colorectal,199,14185
colorectal,200,14185
colorectal,201,14182
colorectal,202,14180
colorectal,203,14180
colorectal,204,14178
colorectal,205,14178
colorectal,206,14177
colorectal,207,14176
colorectal,208,14175
colorectal,209,14175
colorectal,210,14175
colorectal,211,14173
colorectal,212,14173
colorectal,213,14172
colorectal,214,14171
colorectal,215,14170
colorectal,216,14161
colorectal,217,14025
colorectal,218,13923
colorectal,219,13897
colorectal,220,13820
colorectal,221,13770
colorectal,222,13769
colorectal,223,13760
colorectal,224,13710
colorectal,225,13681
colorectal,226,13654
colorectal,227,13649
colorectal,228,13626
colorectal,229,13578
colorectal,230,13563
colorectal,231,13519
colorectal,232,13499
colorectal,233,13496
colorectal,234,13491
colorectal,235,13467
colorectal,236,13458
colorectal,237,13447
colorectal,238,13393
colorectal,239,13393
colorectal,240,13386
colorectal,241,13377
colorectal,242,13326
colorectal,243,13320
colorectal,244,13311
colorectal,245,13309
colorectal,246,13305
colorectal,247,13301
colorectal,248,13294
colorectal,249,13294
colorectal,250,13292
colorectal,251,13289
colorectal,252,13288
colorectal,253,13283
colorectal,254,13283
colorectal,255,13281
colorectal,256,13281
colorectal,257,13278
colorectal,258,13278
colorectal,259,13276
colorectal,260,13265
colorectal,261,13255
colorectal,262,13254
colorectal,263,13253
colorectal,264,13252
colorectal,265,13250
colorectal,266,13248
colorectal,267,13247
colorectal,268,13247
colorectal,269,13243
colorectal,270,13243
colorectal,271,13242
colorectal,272,13239
colorectal,273,10433
colorectal,274,10421
colorectal,275,10332
colorectal,276,10261
colorectal,277,10225
colorectal,278,10221
colorectal,279,10185
colorectal,280,10139
colorectal,281,10039
colorectal,282,10006
colorectal,283,9994
colorectal,284,9992
colorectal,285,9953
colorectal,286,9935
colorectal,287,9922
colorectal,288,9915
colorectal,289,9905
colorectal,290,9902
colorectal,291,9898
colorectal,292,9890
colorectal,293,9346
colorectal,294,9160
colorectal,295,9096
colorectal,296,9010
colorectal,297,8882
colorectal,298,8861
colorectal,299,8854
colorectal,300,8844
colorectal,301,8783
colorectal,302,8767
colorectal,303,8765
colorectal,304,8762
colorectal,305,8737
colorectal,306,8718
colorectal,307,8699
colorectal,308,8690
colorectal,309,8688
colorectal,310,8685
colorectal,311,8675
colorectal,312,8659
colorectal,313,8648
colorectal,314,8643
colorectal,315,8638
colorectal,316,8628
colorectal,317,8621
colorectal,318,8620
colorectal,319,8612
colorectal,320,8608
colorectal,321,8608
colorectal,322,8591
colorectal,323,8586
colorectal,324,8581
colorectal,325,8565
colorectal,326,8563
colorectal,327,8563
colorectal,328,8552
colorectal,329,8546
colorectal,330,8546
colorectal,331,8533
colorectal,332,8531
colorectal,333,8526
colorectal,334,8522
colorectal,335,8520
colorectal,336,8513
colorectal,337,8513
colorectal,338,8505
colorectal,339,8499
colorectal,340,8495
colorectal,341,8493
colorectal,342,8485
colorectal,343,8482
colorectal,344,8478
colorectal,345,8476
colorectal,346,8470
colorectal,347,8463
colorectal,348,8459
colorectal,349,8459
colorectal,350,8444
colorectal,351,8443
colorectal,352,8441
colorectal,353,8435
colorectal,354,8432
colorectal,355,8423
colorectal,356,8420
colorectal,357,8419
colorectal,358,8415
colorectal,359,8409
colorectal,360,8408
colorectal,361,8403
colorectal,362,8401
colorectal,363,8396
colorectal,364,8394
colorectal,365,8389
colorectal,366,8388
colorectal,367,8387
colorectal,368,8387
colorectal,369,8382
colorectal,370,8382
colorectal,371,8381
colorectal,372,8381
colorectal,373,8376
colorectal,374,8375
colorectal,375,8373
colorectal,376,8373
colorectal,377,8368
colorectal,378,8357
colorectal,379,8351
colorectal,380,8349
colorectal,381,8345
colorectal,382,8345
colorectal,383,8342
colorectal,384,8335
colorectal,385,8333
colorectal,386,8332
colorectal,387,8332
colorectal,388,8319
colorectal,389,8316
colorectal,390,8311
colorectal,391,8311
colorectal,392,8306
colorectal,393,8305
colorectal,394,8304
colorectal,395,8299
colorectal,396,8295
colorectal,397,8283
colorectal,398,8281
colorectal,399,8279
colorectal,400,8279
colorectal,401,8278
colorectal,402,8277
colorectal,403,8271
colorectal,404,8269
colorectal,405,8269
colorectal,406,8268
colorectal,407,8267
colorectal,408,8266
colorectal,409,8263
colorectal,410,8260
colorectal,411,8257
colorectal,412,8251
colorectal,413,8250
colorectal,414,8245
colorectal,415,8243
colorectal,416,8239
colorectal,417,8234
colorectal,418,8231
colorectal,419,8230
colorectal,420,8220
colorectal,421,8218
colorectal,422,8206
colorectal,423,8204
colorectal,424,8198
colorectal,425,8196
colorectal,426,8194
colorectal,427,8194
colorectal,428,8192
colorectal,429,8181
colorectal,430,8176
colorectal,431,8176
colorectal,432,8175
colorectal,433,8170
colorectal,434,8166
colorectal,435,8159
colorectal,436,8157
colorectal,437,8152
colorectal,438,8150
colorectal,439,8150
colorectal,440,8149
colorectal,441,8145
colorectal,442,8141
colorectal,443,8141
colorectal,444,8140
colorectal,445,8138
colorectal,446,8136
colorectal,447,8135
colorectal,448,8131
colorectal,449,8129
colorectal,450,8128
colorectal,451,8128
colorectal,452,8122
colorectal,453,8120
colorectal,454,8117
colorectal,455,8114
colorectal,456,8114
colorectal,457,8114
colorectal,458,8113
colorectal,459,8106
colorectal,460,8103
colorectal,461,8100
colorectal,462,8098
colorectal,463,8091
colorectal,464,8091
colorectal,465,8090
colorectal,466,8085
colorectal,467,8080
colorectal,468,8077
colorectal,469,8076
colorectal,470,8076
colorectal,471,8072
colorectal,472,8070
colorectal,473,8070
colorectal,474,8070
colorectal,475,8066
colorectal,476,8064
colorectal,477,8062
colorectal,478,8058
colorectal,479,8058
colorectal,480,8057
colorectal,481,8056
colorectal,482,8055
colorectal,483,8054
colorectal,484,8053
colorectal,485,8053
colorectal,486,8052
colorectal,487,8051
colorectal,488,8048
colorectal,489,8047
colorectal,490,8046
colorectal,491,8046
colorectal,492,8045
colorectal,493,8044
colorectal,494,8043
colorectal,495,8043
colorectal,496,8042
colorectal,497,8041
colorectal,498,8041
colorectal,499,8041
colorectal,500,8039
colorectal,501,8039
colorectal,502,8038
colorectal,503,8038
colorectal,504,8037
colorectal,505,8036
colorectal,506,8036
colorectal,507,8036
colorectal,508,8036
colorectal,509,8035
colorectal,510,8035
colorectal,511,8034
colorectal,512,8034
colorectal,513,8033
colorectal,514,8032
colorectal,515,8032
colorectal,516,8032
colorectal,517,8031
colorectal,518,8031
colorectal,519,8031
colorectal,520,8031
colorectal,521,8030
colorectal,522,8029
colorectal,523,8029
colorectal,524,8028
colorectal,525,8028
colorectal,526,8025
colorectal,527,8024
colorectal,528,8023
colorectal,529,8023
colorectal,530,8022
colorectal,531,8015
colorectal,532,8013
colorectal,533,8012
colorectal,534,8012
colorectal,535,8009
colorectal,536,8004
colorectal,537,8004
colorectal,538,7949
colorectal,539,7940
colorectal,540,7604
colorectal,541,7585
colorectal,542,7566
colorectal,543,7543
colorectal,544,7526
colorectal,545,7511
colorectal,546,7493
colorectal,547,7491
colorectal,548,7488
colorectal,549,7439
colorectal,550,7434
colorectal,551,7431
colorectal,552,7430
colorectal,553,7414
colorectal,554,7412
colorectal,555,7395
colorectal,556,7393
colorectal,557,7393
colorectal,558,7392
colorectal,559,7386
colorectal,560,7378
colorectal,561,7371
colorectal,562,7368
colorectal,563,7359
colorectal,564,7332
colorectal,565,7324
colorectal,566,7313
colorectal,567,7308
colorectal,568,7299
colorectal,569,7298
colorectal,570,7285
colorectal,571,7282
colorectal,572,7263
colorectal,573,7263
colorectal,574,7262
colorectal,575,7261
colorectal,576,7255
colorectal,577,7252
colorectal,578,7250
colorectal,579,7242
colorectal,580,7242
colorectal,581,7237
colorectal,582,7236
colorectal,583,7235
colorectal,584,7233
colorectal,585,7232
colorectal,586,7231
colorectal,587,7228
colorectal,588,7227
colorectal,589,7226
colorectal,590,7226
colorectal,591,7223
colorectal,592,7223
colorectal,593,7220
colorectal,594,7219
colorectal,595,7218
colorectal,596,7217
colorectal,597,7216
colorectal,598,7216
colorectal,599,7216
colorectal,600,7214
colorectal,601,7214
colorectal,602,7213
colorectal,603,7212
colorectal,604,7210
colorectal,605,7208
colorectal,606,7203
colorectal,607,7159
colorectal,608,7126
colorectal,609,7087
colorectal,610,7074
colorectal,611,7073
colorectal,612,7063
colorectal,613,7062
colorectal,614,7058
colorectal,615,7049
colorectal,616,7047
colorectal,617,7023
colorectal,618,7023
colorectal,619,7018
colorectal,620,6989
colorectal,621,6950
colorectal,622,6942
colorectal,623,6931
colorectal,624,6930
colorectal,625,6924
colorectal,626,6921
colorectal,627,6910
colorectal,628,6899
colorectal,629,6893
colorectal,630,6892
colorectal,631,6891
colorectal,632,6879
colorectal,633,6878
colorectal,634,6877
colorectal,635,6869
colorectal,636,6863
colorectal,637,6859
colorectal,638,6858
colorectal,639,6856
colorectal,640,6856
colorectal,641,6856
colorectal,642,6844
colorectal,643,6838
colorectal,644,6834
colorectal,645,6832
colorectal,646,6821
colorectal,647,6821
colorectal,648,6817
colorectal,649,6814
colorectal,650,6814
colorectal,651,6812
colorectal,652,6808
colorectal,653,6805
colorectal,654,6804
colorectal,655,6793
colorectal,656,6792
colorectal,657,6791
colorectal,658,6791
colorectal,659,6790
colorectal,660,6786
colorectal,661,6780
colorectal,662,6779
colorectal,663,6777
colorectal,664,6773
colorectal,665,6771
colorectal,666,6770
colorectal,667,6769
colorectal,668,6768
colorectal,669,6765
colorectal,670,6764
colorectal,671,6763
colorectal,672,6760
colorectal,673,6759
colorectal,674,6758
colorectal,675,6753
colorectal,676,6751
colorectal,677,6751
colorectal,678,6751
colorectal,679,6750
colorectal,680,6750
colorectal,681,6749
colorectal,682,6749
colorectal,683,6748
colorectal,684,6748
colorectal,685,6747
colorectal,686,6747
colorectal,687,6746
colorectal,688,6745
colorectal,689,6744
colorectal,690,6744
colorectal,691,6744
colorectal,692,6744
colorectal,693,6743
colorectal,694,6742
colorectal,695,6726
colorectal,696,6722
colorectal,697,6721
colorectal,698,6718
colorectal,699,6717
colorectal,700,6715
colorectal,701,6712
colorectal,702,6711
colorectal,703,6707
colorectal,704,6693
colorectal,705,6658
colorectal,706,6556
colorectal,707,6544
colorectal,708,6523
colorectal,709,6438
colorectal,710,6437
colorectal,711,6433
colorectal,712,6423
colorectal,713,6422
colorectal,714,6415
colorectal,715,6407
colorectal,716,6401
colorectal,717,6389
colorectal,718,6382
colorectal,719,6377
colorectal,720,6368
colorectal,721,6365
colorectal,722,6351
colorectal,723,6351
colorectal,724,6349
colorectal,725,6330
colorectal,726,6320
colorectal,727,6313
colorectal,728,6306
colorectal,729,6304
colorectal,730,6302
colorectal,731,6301
colorectal,732,6294
colorectal,733,6292
colorectal,734,6291
colorectal,735,6288
colorectal,736,6288
colorectal,737,6286
colorectal,738,6286
colorectal,739,6283
colorectal,740,6282
colorectal,741,6278
colorectal,742,6275
colorectal,743,6272
colorectal,744,6260
colorectal,745,6257
colorectal,746,6255
colorectal,747,6254
colorectal,748,6248
colorectal,749,6243
colorectal,750,6242
colorectal,751,6237
colorectal,752,6236
colorectal,753,6235
colorectal,754,6233
colorectal,755,6233
colorectal,756,6233
colorectal,757,6233
colorectal,758,6231
colorectal,759,6231
colorectal,760,6231
colorectal,761,6230
colorectal,762,6228
colorectal,763,6223
colorectal,764,6222
colorectal,765,6220
colorectal,766,6219
colorectal,767,6219
colorectal,768,6218
colorectal,769,6217
colorectal,770,6216
colorectal,771,6216
colorectal,772,6213
colorectal,773,6212
colorectal,774,6211
colorectal,775,6208
colorectal,776,6205
colorectal,777,6202
colorectal,778,6190
colorectal,779,6189
colorectal,780,6186
colorectal,781,6181
colorectal,782,6176
colorectal,783,6172
colorectal,784,6168
colorectal,785,6167
colorectal,786,6158
colorectal,787,6148
colorectal,788,6133
colorectal,789,6132
colorectal,790,6131
colorectal,791,6125
colorectal,792,6125
colorectal,793,6124
colorectal,794,6123
colorectal,795,6120
colorectal,796,6116
colorectal,797,6116
colorectal,798,6116
colorectal,799,6115
colorectal,800,6115
colorectal,801,6114
colorectal,802,6114
colorectal,803,6113
colorectal,804,6111
colorectal,805,6109
colorectal,806,6109
colorectal,807,6108
colorectal,808,6106
colorectal,809,6105
colorectal,810,6105
colorectal,811,6104
colorectal,812,6104
colorectal,813,6102
colorectal,814,6102
colorectal,815,6101
colorectal,816,6101
colorectal,817,6101
colorectal,818,6101
colorectal,819,6100
colorectal,820,6099
colorectal,821,6099
colorectal,822,6099
colorectal,823,6098
colorectal,824,6098
colorectal,825,6097
colorectal,826,6097
colorectal,827,6096
colorectal,828,6096
colorectal,829,6095
colorectal,830,6094
colorectal,831,6093
colorectal,832,6087
colorectal,833,6068
colorectal,834,6050
colorectal,835,6040
colorectal,836,6040
colorectal,837,6036
colorectal,838,6020
colorectal,839,6019
colorectal,840,6016
colorectal,841,6015
colorectal,842,6014
colorectal,843,6013
colorectal,844,6012
colorectal,845,6009
colorectal,846,6007
colorectal,847,6006
colorectal,848,6006
colorectal,849,6005
colorectal,850,6000
colorectal,851,6000
colorectal,852,5998
colorectal,853,5997
colorectal,854,5996
colorectal,855,5994
colorectal,856,5994
colorectal,857,5991
colorectal,858,5976
colorectal,859,5973
colorectal,860,5911
colorectal,861,5895
colorectal,862,5877
colorectal,863,5876
colorectal,864,5838
colorectal,865,5833
colorectal,866,5821
colorectal,867,5812
colorectal,868,5809
colorectal,869,5807
colorectal,870,5798
colorectal,871,5791
colorectal,872,5787
colorectal,873,5781
colorectal,874,5773
colorectal,875,5736
colorectal,876,5732
colorectal,877,5731
colorectal,878,5708
colorectal,879,5706
colorectal,880,5634
colorectal,881,5618
colorectal,882,5612
colorectal,883,5606
colorectal,884,5591
colorectal,885,5589
colorectal,886,5588
colorectal,887,5587
colorectal,888,5581
colorectal,889,5576
colorectal,890,5575
colorectal,891,5574
colorectal,892,5572
colorectal,893,5570
colorectal,894,5566
colorectal,895,5565
colorectal,896,5564
colorectal,897,5557
colorectal,898,5547
colorectal,899,5537
colorectal,900,5535
colorectal,901,5534
colorectal,902,5524
colorectal,903,5512
colorectal,904,5509
colorectal,905,5502
colorectal,906,5501
colorectal,907,5499
colorectal,908,5493
colorectal,909,5488
colorectal,910,5484
colorectal,911,5484
colorectal,912,5479
colorectal,913,5477
colorectal,914,5477
colorectal,915,5474
colorectal,916,5474
colorectal,917,5472
colorectal,918,5471
colorectal,919,5467
colorectal,920,5464
colorectal,921,5464
colorectal,922,5459
colorectal,923,5451
colorectal,924,5451
colorectal,925,5451
colorectal,926,5447
colorectal,927,5446
colorectal,928,5445
colorectal,929,5445
colorectal,930,5444
colorectal,931,5443
colorectal,932,5442
colorectal,933,5441
colorectal,934,5440
colorectal,935,5439
colorectal,936,5438
colorectal,937,5437
colorectal,938,5437
colorectal,939,5436
colorectal,940,5435
colorectal,941,5433
colorectal,942,5433
colorectal,943,5432
colorectal,944,5431
colorectal,945,5431
colorectal,946,5431
colorectal,947,5431
colorectal,948,5431
colorectal,949,5430
colorectal,950,5428
colorectal,951,5427
colorectal,952,5427
colorectal,953,5427
colorectal,954,5425
colorectal,955,5425
colorectal,956,5424
colorectal,957,5424
colorectal,958,5423
colorectal,959,5422
colorectal,960,5421
colorectal,961,5421
colorectal,962,5419
colorectal,963,5419
colorectal,964,5419
colorectal,965,5419
colorectal,966,5418
colorectal,967,5418
colorectal,968,5417
colorectal,969,5416
colorectal,970,5416
colorectal,971,5416
colorectal,972,5416
colorectal,973,5416
colorectal,974,5415
colorectal,975,5414
colorectal,976,5414
colorectal,977,5414
colorectal,978,5414
colorectal,979,5413
colorectal,980,5412
colorectal,981,5411
colorectal,982,5411
colorectal,983,5410
colorectal,984,5410
colorectal,985,5409
colorectal,986,5401
colorectal,987,5397
colorectal,988,5393
colorectal,989,5381
colorectal,990,5380
colorectal,991,5379
colorectal,992,5379
colorectal,993,5377
colorectal,994,5374
colorectal,995,5373
colorectal,996,5371
colorectal,997,5368
colorectal,998,5367
colorectal,999,5363
colorectal,1000,5326
colorectal,1001,5287
colorectal,1002,5275
colorectal,1003,5260
colorectal,1004,5260
colorectal,1005,5255
colorectal,1006,5251
colorectal,1007,5243
colorectal,1008,5226
colorectal,1009,5223
colorectal,1010,5208
colorectal,1011,5196
colorectal,1012,5186
colorectal,1013,5185
colorectal,1014,5181
colorectal,1015,5176
colorectal,1016,5162
colorectal,1017,5088
colorectal,1018,5076
colorectal,1019,5070
colorectal,1020,5053
colorectal,1021,5034
colorectal,1022,5034
colorectal,1023,5027
colorectal,1024,5027
colorectal,1025,5024
colorectal,1026,5022
colorectal,1027,5008
colorectal,1028,5004
colorectal,1029,4996
colorectal,1030,4996
colorectal,1031,4983
colorectal,1032,4977
colorectal,1033,4975
colorectal,1034,4970
colorectal,1035,4964
colorectal,1036,4961
colorectal,1037,4960
colorectal,1038,4957
colorectal,1039,4951
colorectal,1040,4947
colorectal,1041,4941
colorectal,1042,4935
colorectal,1043,4933
colorectal,1044,4931
colorectal,1045,4931
colorectal,1046,4924
colorectal,1047,4919
colorectal,1048,4917
colorectal,1049,4914
colorectal,1050,4910
colorectal,1051,4907
colorectal,1052,4897
colorectal,1053,4894
colorectal,1054,4892
colorectal,1055,4887
colorectal,1056,4887
colorectal,1057,4882
colorectal,1058,4881
colorectal,1059,4881
colorectal,1060,4880
colorectal,1061,4879
colorectal,1062,4879
colorectal,1063,4875
colorectal,1064,4874
colorectal,1065,4873
colorectal,1066,4872
colorectal,1067,4871
colorectal,1068,4871
colorectal,1069,4871
colorectal,1070,4869
colorectal,1071,4869
colorectal,1072,4868
colorectal,1073,4868
colorectal,1074,4868
colorectal,1075,4868
colorectal,1076,4866
colorectal,1077,4866
colorectal,1078,4865
colorectal,1079,4865
colorectal,1080,4863
colorectal,1081,4863
colorectal,1082,4862
colorectal,1083,4862
colorectal,1084,4861
colorectal,1085,4861
colorectal,1086,4860
colorectal,1087,4860
colorectal,1088,4857
colorectal,1089,4805
colorectal,1090,4750
colorectal,1091,4636
colorectal,1092,4598
colorectal,1093,4569
colorectal,1094,4568
colorectal,1095,4561
colorectal,1096,4558
colorectal,1097,4531
colorectal,1098,4515
colorectal,1099,4511
colorectal,1100,4510
colorectal,1101,4504
colorectal,1102,4500
colorectal,1103,4499
colorectal,1104,4497
colorectal,1105,4495
colorectal,1106,4478
colorectal,1107,4477
colorectal,1108,4475
colorectal,1109,4470
colorectal,1110,4464
colorectal,1111,4462
colorectal,1112,4462
colorectal,1113,4457
colorectal,1114,4453
colorectal,1115,4451
colorectal,1116,4448
colorectal,1117,4447
colorectal,1118,4444
colorectal,1119,4443
colorectal,1120,4430
colorectal,1121,4429
colorectal,1122,4419
colorectal,1123,4416
colorectal,1124,4412
colorectal,1125,4411
colorectal,1126,4409
colorectal,1127,4407
colorectal,1128,4401
colorectal,1129,4400
colorectal,1130,4398
colorectal,1131,4398
colorectal,1132,4394
colorectal,1133,4392
colorectal,1134,4391
colorectal,1135,4390
colorectal,1136,4388
colorectal,1137,4385
colorectal,1138,4385
colorectal,1139,4385
colorectal,1140,4383
colorectal,1141,4382
colorectal,1142,4382
colorectal,1143,4380
colorectal,1144,4355
colorectal,1145,4338
colorectal,1146,4326
colorectal,1147,4319
colorectal,1148,4312
colorectal,1149,4301
colorectal,1150,4281
colorectal,1151,4277
colorectal,1152,4267
colorectal,1153,4265
colorectal,1154,4258
colorectal,1155,4254
colorectal,1156,4245
colorectal,1157,4213
colorectal,1158,4209
colorectal,1159,4203
colorectal,1160,4189
colorectal,1161,4183
colorectal,1162,4179
colorectal,1163,4176
colorectal,1164,4174
colorectal,1165,4169
colorectal,1166,4168
colorectal,1167,4166
colorectal,1168,4165
colorectal,1169,4162
colorectal,1170,4162
colorectal,1171,4159
colorectal,1172,4156
colorectal,1173,4153
colorectal,1174,4152
colorectal,1175,4146
colorectal,1176,4140
colorectal,1177,4140
colorectal,1178,4137
colorectal,1179,4136
colorectal,1180,4130
colorectal,1181,4125
colorectal,1182,4122
colorectal,1183,4121
colorectal,1184,4120
colorectal,1185,4112
colorectal,1186,4112
colorectal,1187,4107
colorectal,1188,4104
colorectal,1189,4096
colorectal,1190,4096
colorectal,1191,4085
colorectal,1192,4080
colorectal,1193,4080
colorectal,1194,4077
colorectal,1195,4076
colorectal,1196,4072
colorectal,1197,4072
colorectal,1198,4070
colorectal,1199,4069
colorectal,1200,4069
colorectal,1201,4068
colorectal,1202,4067
colorectal,1203,4040
colorectal,1204,4017
colorectal,1205,4016
colorectal,1206,3998
colorectal,1207,3976
colorectal,1208,3974
colorectal,1209,3957
colorectal,1210,3952
colorectal,1211,3951
colorectal,1212,3947
colorectal,1213,3945
colorectal,1214,3939
colorectal,1215,3937
colorectal,1216,3925
colorectal,1217,3925
colorectal,1218,3924
colorectal,1219,3923
colorectal,1220,3920
colorectal,1221,3920
colorectal,1222,3918
colorectal,1223,3918
colorectal,1224,3917
colorectal,1225,3916
colorectal,1226,3916
colorectal,1227,3907
colorectal,1228,3903
colorectal,1229,3900
colorectal,1230,3900
colorectal,1231,3897
colorectal,1232,3894
colorectal,1233,3892
colorectal,1234,3892
colorectal,1235,3890
colorectal,1236,3888
colorectal,1237,3886
colorectal,1238,3886
colorectal,1239,3885
colorectal,1240,3884
colorectal,1241,3883
colorectal,1242,3881
colorectal,1243,3881
colorectal,1244,3880
colorectal,1245,3879
colorectal,1246,3878
colorectal,1247,3877
colorectal,1248,3876
colorectal,1249,3875
colorectal,1250,3874
colorectal,1251,3872
colorectal,1252,3872
colorectal,1253,3872
colorectal,1254,3869
colorectal,1255,3867
colorectal,1256,3867
colorectal,1257,3865
colorectal,1258,3864
colorectal,1259,3862
colorectal,1260,3861
colorectal,1261,3857
colorectal,1262,3854
colorectal,1263,3849
colorectal,1264,3847
colorectal,1265,3846
colorectal,1266,3844
colorectal,1267,3841
colorectal,1268,3840
colorectal,1269,3838
colorectal,1270,3837
colorectal,1271,3836
colorectal,1272,3836
colorectal,1273,3836
colorectal,1274,3835
colorectal,1275,3835
colorectal,1276,3834
colorectal,1277,3834
colorectal,1278,3834
colorectal,1279,3834
colorectal,1280,3832
colorectal,1281,3832
colorectal,1282,3832
colorectal,1283,3830
colorectal,1284,3802
colorectal,1285,3780
colorectal,1286,3775
colorectal,1287,3767
colorectal,1288,3759
colorectal,1289,3752
colorectal,1290,3746
colorectal,1291,3746
colorectal,1292,3737
colorectal,1293,3734
colorectal,1294,3730
colorectal,1295,3730
colorectal,1296,3726
colorectal,1297,3724
colorectal,1298,3719
colorectal,1299,3719
colorectal,1300,3712
colorectal,1301,3711
colorectal,1302,3705
colorectal,1303,3705
colorectal,1304,3704
colorectal,1305,3703
colorectal,1306,3701
colorectal,1307,3699
colorectal,1308,3687
colorectal,1309,3686
colorectal,1310,3679
colorectal,1311,3667
colorectal,1312,3666
colorectal,1313,3666
colorectal,1314,3665
colorectal,1315,3664
colorectal,1316,3663
colorectal,1317,3661
colorectal,1318,3660
colorectal,1319,3660
colorectal,1320,3657
colorectal,1321,3656
colorectal,1322,3656
colorectal,1323,3648
colorectal,1324,3627
colorectal,1325,3613
colorectal,1326,3611
colorectal,1327,3611
colorectal,1328,3611
colorectal,1329,3597
colorectal,1330,3597
colorectal,1331,3596
colorectal,1332,3590
colorectal,1333,3589
colorectal,1334,3581
colorectal,1335,3569
colorectal,1336,3562
colorectal,1337,3552
colorectal,1338,3548
colorectal,1339,3548
colorectal,1340,3537
colorectal,1341,3534
colorectal,1342,3533
colorectal,1343,3532
colorectal,1344,3532
colorectal,1345,3523
colorectal,1346,3521
colorectal,1347,3519
colorectal,1348,3518
colorectal,1349,3509
colorectal,1350,3508
colorectal,1351,3507
colorectal,1352,3505
colorectal,1353,3504
colorectal,1354,3503
colorectal,1355,3501
colorectal,1356,3500
colorectal,1357,3498
colorectal,1358,3497
colorectal,1359,3496
colorectal,1360,3495
colorectal,1361,3495
colorectal,1362,3495
colorectal,1363,3492
colorectal,1364,3492
colorectal,1365,3492
colorectal,1366,3491
colorectal,1367,3490
colorectal,1368,3490
colorectal,1369,3489
colorectal,1370,3488
colorectal,1371,3487
colorectal,1372,3487
colorectal,1373,3486
colorectal,1374,3485
colorectal,1375,3483
colorectal,1376,3482
colorectal,1377,3482
colorectal,1378,3482
colorectal,1379,3482
colorectal,1380,3482
colorectal,1381,3480
colorectal,1382,3480
colorectal,1383,3479
colorectal,1384,3479
colorectal,1385,3479
colorectal,1386,3479
colorectal,1387,3478
colorectal,1388,3478
colorectal,1389,3478
colorectal,1390,3477
colorectal,1391,3477
colorectal,1392,3477
colorectal,1393,3477
colorectal,1394,3477
colorectal,1395,3477
colorectal,1396,3476
colorectal,1397,3476
colorectal,1398,3475
colorectal,1399,3475
colorectal,1400,3475
colorectal,1401,3474
colorectal,1402,3473
colorectal,1403,3473
colorectal,1404,3470
colorectal,1405,3469
colorectal,1406,3468
colorectal,1407,3468
colorectal,1408,3466
colorectal,1409,3465
colorectal,1410,3465
colorectal,1411,3464
colorectal,1412,3462
colorectal,1413,3462
colorectal,1414,3451
colorectal,1415,3447
colorectal,1416,3441
colorectal,1417,3422
colorectal,1418,3415
colorectal,1419,3399
colorectal,1420,3389
colorectal,1421,3375
colorectal,1422,3366
colorectal,1423,3365
colorectal,1424,3360
colorectal,1425,3359
colorectal,1426,3355
colorectal,1427,3354
colorectal,1428,3353
colorectal,1429,3342
colorectal,1430,3339
colorectal,1431,3330
colorectal,1432,3322
colorectal,1433,3304
colorectal,1434,3304
colorectal,1435,3304
colorectal,1436,3302
colorectal,1437,3300
colorectal,1438,3293
colorectal,1439,3291
colorectal,1440,3286
colorectal,1441,3282
colorectal,1442,3271
colorectal,1443,3268
colorectal,1444,3265
colorectal,1445,3264
colorectal,1446,3263
colorectal,1447,3257
colorectal,1448,3256
colorectal,1449,3255
colorectal,1450,3255
colorectal,1451,3254
colorectal,1452,3248
colorectal,1453,3247
colorectal,1454,3247
colorectal,1455,3247
colorectal,1456,3246
colorectal,1457,3242
colorectal,1458,3242
colorectal,1459,3238
colorectal,1460,3235
colorectal,1461,3228
colorectal,1462,3227
colorectal,1463,3226
colorectal,1464,3225
colorectal,1465,3224
colorectal,1466,3222
colorectal,1467,3220
colorectal,1468,3219
colorectal,1469,3219
colorectal,1470,3219
colorectal,1471,3217
colorectal,1472,3217
colorectal,1473,3215
colorectal,1474,3214
colorectal,1475,3214
colorectal,1476,3213
colorectal,1477,3213
colorectal,1478,3212
colorectal,1479,3212
colorectal,1480,3206
colorectal,1481,3204
colorectal,1482,3203
colorectal,1483,3201
colorectal,1484,3201
colorectal,1485,3201
colorectal,1486,3200
colorectal,1487,3198
colorectal,1488,3197
colorectal,1489,3197
colorectal,1490,3196
colorectal,1491,3196
colorectal,1492,3195
colorectal,1493,3195
colorectal,1494,3193
colorectal,1495,3192
colorectal,1496,3191
colorectal,1497,3187
colorectal,1498,3186
colorectal,1499,3185
colorectal,1500,3185
colorectal,1501,3182
colorectal,1502,3181
colorectal,1503,3181
colorectal,1504,3180
colorectal,1505,3178
colorectal,1506,3178
colorectal,1507,3177
colorectal,1508,3176
colorectal,1509,3176
colorectal,1510,3175
colorectal,1511,3175
colorectal,1512,3175
colorectal,1513,3173
colorectal,1514,3173
colorectal,1515,3172
colorectal,1516,3172
colorectal,1517,3171
colorectal,1518,3171
colorectal,1519,3171
colorectal,1520,3170
colorectal,1521,3170
colorectal,1522,3170
colorectal,1523,3169
colorectal,1524,3169
colorectal,1525,3169
colorectal,1526,3169
colorectal,1527,3168
colorectal,1528,3167
colorectal,1529,3167
colorectal,1530,3167
colorectal,1531,3166
colorectal,1532,3166
colorectal,1533,3166
colorectal,1534,3166
colorectal,1535,3165
colorectal,1536,3165
colorectal,1537,3165
colorectal,1538,3165
colorectal,1539,3164
colorectal,1540,3164
colorectal,1541,3163
colorectal,1542,3163
colorectal,1543,3163
colorectal,1544,3162
colorectal,1545,3162
colorectal,1546,3162
colorectal,1547,3162
colorectal,1548,3162
colorectal,1549,3161
colorectal,1550,3161
colorectal,1551,3161
colorectal,1552,3161
colorectal,1553,3161
colorectal,1554,3161
colorectal,1555,3160
colorectal,1556,3160
colorectal,1557,3160
colorectal,1558,3160
colorectal,1559,3159
colorectal,1560,3159
colorectal,1561,3159
colorectal,1562,3159
colorectal,1563,3158
colorectal,1564,3153
colorectal,1565,3148
colorectal,1566,3146
colorectal,1567,3139
colorectal,1568,3134
colorectal,1569,3133
colorectal,1570,3122
colorectal,1571,3110
colorectal,1572,3108
colorectal,1573,3101
colorectal,1574,3099
colorectal,1575,3095
colorectal,1576,3087
colorectal,1577,3083
colorectal,1578,3080
colorectal,1579,3080
colorectal,1580,3078
colorectal,1581,3078
colorectal,1582,3075
colorectal,1583,3071
colorectal,1584,3067
colorectal,1585,3066
colorectal,1586,3062
colorectal,1587,3061
colorectal,1588,3060
colorectal,1589,3058
colorectal,1590,3057
colorectal,1591,3057
colorectal,1592,3055
colorectal,1593,3054
colorectal,1594,3053
colorectal,1595,3053
colorectal,1596,3052
colorectal,1597,3050
colorectal,1598,3048
colorectal,1599,3047
colorectal,1600,3047
colorectal,1601,3047
colorectal,1602,3047
colorectal,1603,3045
colorectal,1604,3045
colorectal,1605,3043
colorectal,1606,3043
colorectal,1607,3042
colorectal,1608,3041
colorectal,1609,3039
colorectal,1610,3039
colorectal,1611,3036
colorectal,1612,3033
colorectal,1613,3033
colorectal,1614,3033
colorectal,1615,3033
colorectal,1616,3032
colorectal,1617,3032
colorectal,1618,3032
colorectal,1619,3032
colorectal,1620,3031
colorectal,1621,3031
colorectal,1622,3031
colorectal,1623,3031
colorectal,1624,3030
colorectal,1625,3028
colorectal,1626,3028
colorectal,1627,3028
colorectal,1628,3028
colorectal,1629,3026
colorectal,1630,3026
colorectal,1631,3025
colorectal,1632,3025
colorectal,1633,3025
colorectal,1634,3024
colorectal,1635,3024
colorectal,1636,3024
colorectal,1637,3023
colorectal,1638,3022
colorectal,1639,3022
colorectal,1640,3021
colorectal,1641,3021
colorectal,1642,3021
colorectal,1643,3021
colorectal,1644,3020
colorectal,1645,3020
colorectal,1646,3020
colorectal,1647,3020
colorectal,1648,3019
colorectal,1649,3019
colorectal,1650,3019
colorectal,1651,3019
colorectal,1652,3018
colorectal,1653,3016
colorectal,1654,3013
colorectal,1655,3013
colorectal,1656,3011
colorectal,1657,3007
colorectal,1658,3006
colorectal,1659,3004
colorectal,1660,3002
colorectal,1661,3000
colorectal,1662,2998
colorectal,1663,2998
colorectal,1664,2998
colorectal,1665,2995
colorectal,1666,2994
colorectal,1667,2993
colorectal,1668,2990
colorectal,1669,2990
colorectal,1670,2985
colorectal,1671,2984
colorectal,1672,2983
colorectal,1673,2982
colorectal,1674,2982
colorectal,1675,2981
colorectal,1676,2978
colorectal,1677,2978
colorectal,1678,2977
colorectal,1679,2977
colorectal,1680,2977
colorectal,1681,2976
colorectal,1682,2975
colorectal,1683,2975
colorectal,1684,2975
colorectal,1685,2975
colorectal,1686,2974
colorectal,1687,2974
colorectal,1688,2972
colorectal,1689,2972
colorectal,1690,2971
colorectal,1691,2971
colorectal,1692,2970
colorectal,1693,2970
colorectal,1694,2969
colorectal,1695,2969
colorectal,1696,2969
colorectal,1697,2969
colorectal,1698,2968
colorectal,1699,2968
colorectal,1700,2968
colorectal,1701,2968
colorectal,1702,2968
colorectal,1703,2967
colorectal,1704,2967
colorectal,1705,2967
colorectal,1706,2967
colorectal,1707,2967
colorectal,1708,2967
colorectal,1709,2967
colorectal,1710,2966
colorectal,1711,2966
colorectal,1712,2965
colorectal,1713,2965
colorectal,1714,2965
colorectal,1715,2965
colorectal,1716,2965
colorectal,1717,2965
colorectal,1718,2964
colorectal,1719,2964
colorectal,1720,2964
colorectal,1721,2964
colorectal,1722,2964
colorectal,1723,2963
colorectal,1724,2962
colorectal,1725,2961
colorectal,1726,2960
colorectal,1727,2960
colorectal,1728,2954
colorectal,1729,2948
colorectal,1730,2943
colorectal,1731,2942
colorectal,1732,2930
colorectal,1733,2926
colorectal,1734,2926
colorectal,1735,2925
colorectal,1736,2918
colorectal,1737,2915
colorectal,1738,2911
colorectal,1739,2910
colorectal,1740,2906
colorectal,1741,2903
colorectal,1742,2902
colorectal,1743,2900
colorectal,1744,2898
colorectal,1745,2897
colorectal,1746,2896
colorectal,1747,2894
colorectal,1748,2894
colorectal,1749,2885
colorectal,1750,2884
colorectal,1751,2882
colorectal,1752,2881
colorectal,1753,2879
colorectal,1754,2876
colorectal,1755,2874
colorectal,1756,2872
colorectal,1757,2870
colorectal,1758,2870
colorectal,1759,2869
colorectal,1760,2869
colorectal,1761,2868
colorectal,1762,2867
colorectal,1763,2867
colorectal,1764,2862
colorectal,1765,2861
colorectal,1766,2854
colorectal,1767,2850
colorectal,1768,2846
colorectal,1769,2844
colorectal,1770,2830
colorectal,1771,2827
colorectal,1772,2826
colorectal,1773,2826
colorectal,1774,2823
colorectal,1775,2823
colorectal,1776,2820
colorectal,1777,2818
colorectal,1778,2815
colorectal,1779,2814
colorectal,1780,2814
colorectal,1781,2814
colorectal,1782,2813
colorectal,1783,2812
colorectal,1784,2807
colorectal,1785,2807
colorectal,1786,2806
colorectal,1787,2803
colorectal,1788,2802
colorectal,1789,2801
colorectal,1790,2801
colorectal,1791,2797
colorectal,1792,2797
colorectal,1793,2796
colorectal,1794,2795
colorectal,1795,2793
colorectal,1796,2783
colorectal,1797,2783
colorectal,1798,2779
colorectal,1799,2777
colorectal,1800,2777
colorectal,1801,2776
colorectal,1802,2770
colorectal,1803,2767
colorectal,1804,2762
colorectal,1805,2761
colorectal,1806,2760
colorectal,1807,2760
colorectal,1808,2759
colorectal,1809,2759
colorectal,1810,2757
colorectal,1811,2756
colorectal,1812,2747
colorectal,1813,2747
colorectal,1814,2743
colorectal,1815,2743
colorectal,1816,2740
colorectal,1817,2730
colorectal,1818,2727
colorectal,1819,2711
colorectal,1820,2709
colorectal,1821,2705
colorectal,1822,2701
colorectal,1823,2688
colorectal,1824,2687
colorectal,1825,2674
colorectal,1826,2669
colorectal,1827,2666
colorectal,1828,2665
colorectal,1829,2664
colorectal,1830,2661
colorectal,1831,2660
colorectal,1832,2658
colorectal,1833,2657
colorectal,1834,2656
colorectal,1835,2649
colorectal,1836,2647
colorectal,1837,2644
colorectal,1838,2640
colorectal,1839,2639
colorectal,1840,2636
colorectal,1841,2634
colorectal,1842,2633
colorectal,1843,2628
colorectal,1844,2627
colorectal,1845,2626
colorectal,1846,2624
colorectal,1847,2624
colorectal,1848,2623
colorectal,1849,2622
colorectal,1850,2620
colorectal,1851,2610
colorectal,1852,2601
colorectal,1853,2600
colorectal,1854,2597
colorectal,1855,2596
colorectal,1856,2592
colorectal,1857,2590
colorectal,1858,2589
colorectal,1859,2584
colorectal,1860,2582
colorectal,1861,2581
colorectal,1862,2581
colorectal,1863,2566
colorectal,1864,2565
colorectal,1865,2560
colorectal,1866,2560
colorectal,1867,2558
colorectal,1868,2558
colorectal,1869,2557
colorectal,1870,2557
colorectal,1871,2557
colorectal,1872,2557
colorectal,1873,2555
colorectal,1874,2552
colorectal,1875,2550
colorectal,1876,2549
colorectal,1877,2548
colorectal,1878,2547
colorectal,1879,2543
colorectal,1880,2542
colorectal,1881,2533
colorectal,1882,2529
colorectal,1883,2523
colorectal,1884,2522
colorectal,1885,2512
colorectal,1886,2509
colorectal,1887,2502
colorectal,1888,2501
colorectal,1889,2500
colorectal,1890,2498
colorectal,1891,2495
colorectal,1892,2493
colorectal,1893,2491
colorectal,1894,2491
colorectal,1895,2490
colorectal,1896,2490
colorectal,1897,2489
colorectal,1898,2488
colorectal,1899,2488
colorectal,1900,2487
colorectal,1901,2486
colorectal,1902,2486
colorectal,1903,2485
colorectal,1904,2485
colorectal,1905,2483
colorectal,1906,2483
colorectal,1907,2482
colorectal,1908,2479
colorectal,1909,2479
colorectal,1910,2476
colorectal,1911,2475
colorectal,1912,2473
colorectal,1913,2471
colorectal,1914,2460
colorectal,1915,2459
colorectal,1916,2459
colorectal,1917,2451
colorectal,1918,2447
colorectal,1919,2444
colorectal,1920,2443
colorectal,1921,2441
colorectal,1922,2436
colorectal,1923,2434
colorectal,1924,2433
colorectal,1925,2432
colorectal,1926,2432
colorectal,1927,2428
colorectal,1928,2427
colorectal,1929,2426
colorectal,1930,2425
colorectal,1931,2424
colorectal,1932,2424
colorectal,1933,2420
colorectal,1934,2418
colorectal,1935,2417
colorectal,1936,2414
colorectal,1937,2413
colorectal,1938,2409
colorectal,1939,2406
colorectal,1940,2404
colorectal,1941,2403
colorectal,1942,2403
colorectal,1943,2401
colorectal,1944,2401
colorectal,1945,2397
colorectal,1946,2396
colorectal,1947,2395
colorectal,1948,2394
colorectal,1949,2392
colorectal,1950,2392
colorectal,1951,2392
colorectal,1952,2392
colorectal,1953,2392
colorectal,1954,2391
colorectal,1955,2391
colorectal,1956,2391
colorectal,1957,2390
colorectal,1958,2390
colorectal,1959,2389
colorectal,1960,2388
colorectal,1961,2387
colorectal,1962,2385
colorectal,1963,2385
colorectal,1964,2385
colorectal,1965,2384
colorectal,1966,2383
colorectal,1967,2382
colorectal,1968,2381
colorectal,1969,2381
colorectal,1970,2381
colorectal,1971,2380
colorectal,1972,2380
colorectal,1973,2379
colorectal,1974,2379
colorectal,1975,2379
colorectal,1976,2378
colorectal,1977,2378
colorectal,1978,2377
colorectal,1979,2376
colorectal,1980,2376
colorectal,1981,2376
colorectal,1982,2375
colorectal,1983,2375
colorectal,1984,2374
colorectal,1985,2374
colorectal,1986,2374
colorectal,1987,2374
colorectal,1988,2373
colorectal,1989,2373
colorectal,1990,2373
colorectal,1991,2373
colorectal,1992,2373
colorectal,1993,2372
colorectal,1994,2371
colorectal,1995,2371
colorectal,1996,2371
colorectal,1997,2371
colorectal,1998,2370
colorectal,1999,2370
colorectal,2000,2370
colorectal,2001,2369
colorectal,2002,2369
colorectal,2003,2368
colorectal,2004,2368
colorectal,2005,2368
colorectal,2006,2368
colorectal,2007,2368
colorectal,2008,2367
colorectal,2009,2367
colorectal,2010,2367
colorectal,2011,2367
colorectal,2012,2367
colorectal,2013,2367
colorectal,2014,2366
colorectal,2015,2366
colorectal,2016,2366
colorectal,2017,2365
colorectal,2018,2365
colorectal,2019,2365
colorectal,2020,2365
colorectal,2021,2364
colorectal,2022,2362
colorectal,2023,2359
colorectal,2024,2358
colorectal,2025,2355
colorectal,2026,2348
colorectal,2027,2348
colorectal,2028,2343
colorectal,2029,2339
colorectal,2030,2330
colorectal,2031,2328
colorectal,2032,2323
colorectal,2033,2323
colorectal,2034,2320
colorectal,2035,2319
colorectal,2036,2315
colorectal,2037,2311
colorectal,2038,2309
colorectal,2039,2306
colorectal,2040,2304
colorectal,2041,2304
colorectal,2042,2303
colorectal,2043,2299
colorectal,2044,2293
colorectal,2045,2293
colorectal,2046,2291
colorectal,2047,2290
colorectal,2048,2289
colorectal,2049,2287
colorectal,2050,2287
colorectal,2051,2284
colorectal,2052,2280
colorectal,2053,2280
colorectal,2054,2276
colorectal,2055,2275
colorectal,2056,2275
colorectal,2057,2272
colorectal,2058,2270
colorectal,2059,2269
colorectal,2060,2268
colorectal,2061,2268
colorectal,2062,2261
colorectal,2063,2260
colorectal,2064,2259
colorectal,2065,2259
colorectal,2066,2258
colorectal,2067,2258
colorectal,2068,2258
colorectal,2069,2257
colorectal,2070,2256
colorectal,2071,2255
colorectal,2072,2254
colorectal,2073,2251
colorectal,2074,2251
colorectal,2075,2250
colorectal,2076,2247
colorectal,2077,2243
colorectal,2078,2228
colorectal,2079,2225
colorectal,2080,2224
colorectal,2081,2223
colorectal,2082,2216
colorectal,2083,2210
colorectal,2084,2201
colorectal,2085,2182
colorectal,2086,2170
colorectal,2087,2164
colorectal,2088,2156
colorectal,2089,2153
colorectal,2090,2153
colorectal,2091,2153
colorectal,2092,2152
colorectal,2093,2151
colorectal,2094,2145
colorectal,2095,2144
colorectal,2096,2142
colorectal,2097,2139
colorectal,2098,2134
colorectal,2099,2133
colorectal,2100,2131
colorectal,2101,2131
colorectal,2102,2131
colorectal,2103,2129
colorectal,2104,2129
colorectal,2105,2127
colorectal,2106,2127
colorectal,2107,2127
colorectal,2108,2126
colorectal,2109,2126
colorectal,2110,2125
colorectal,2111,2125
colorectal,2112,2125
colorectal,2113,2124
colorectal,2114,2124
colorectal,2115,2122
colorectal,2116,2122
colorectal,2117,2121
colorectal,2118,2121
colorectal,2119,2121
colorectal,2120,2121
colorectal,2121,2120
colorectal,2122,2120
colorectal,2123,2119
colorectal,2124,2117
colorectal,2125,2114
colorectal,2126,2114
colorectal,2127,2113
colorectal,2128,2111
colorectal,2129,2108
colorectal,2130,2105
colorectal,2131,2100
colorectal,2132,2098
colorectal,2133,2098
colorectal,2134,2096
colorectal,2135,2090
colorectal,2136,2089
colorectal,2137,2089
colorectal,2138,2089
colorectal,2139,2087
colorectal,2140,2086
colorectal,2141,2085
colorectal,2142,2085
colorectal,2143,2083
colorectal,2144,2083
colorectal,2145,2080
colorectal,2146,2080
colorectal,2147,2080
colorectal,2148,2079
colorectal,2149,2079
colorectal,2150,2079
colorectal,2151,2079
colorectal,2152,2079
colorectal,2153,2079
colorectal,2154,2079
colorectal,2155,2077
colorectal,2156,2077
colorectal,2157,2077
colorectal,2158,2076
colorectal,2159,2076
colorectal,2160,2076
colorectal,2161,2076
colorectal,2162,2076
colorectal,2163,2075
colorectal,2164,2075
colorectal,2165,2075
colorectal,2166,2074
colorectal,2167,2074
colorectal,2168,2070
colorectal,2169,2069
colorectal,2170,2064
colorectal,2171,2063
colorectal,2172,2062
colorectal,2173,2051
colorectal,2174,2047
colorectal,2175,2046
colorectal,2176,2028
colorectal,2177,2021
colorectal,2178,2017
colorectal,2179,2012
colorectal,2180,2010
colorectal,2181,2009
colorectal,2182,2007
colorectal,2183,2006
colorectal,2184,2005
colorectal,2185,2000
colorectal,2186,2000
colorectal,2187,1998
colorectal,2188,1996
colorectal,2189,1991
colorectal,2190,1989
colorectal,2191,1989
colorectal,2192,1988
colorectal,2193,1987
colorectal,2194,1985
colorectal,2195,1984
colorectal,2196,1982
colorectal,2197,1981
colorectal,2198,1980
colorectal,2199,1975
colorectal,2200,1972
colorectal,2201,1970
colorectal,2202,1964
colorectal,2203,1963
colorectal,2204,1963
colorectal,2205,1961
colorectal,2206,1959
colorectal,2207,1958
colorectal,2208,1957
colorectal,2209,1957
colorectal,2210,1956
colorectal,2211,1956
colorectal,2212,1956
colorectal,2213,1955
colorectal,2214,1955
colorectal,2215,1953
colorectal,2216,1949
colorectal,2217,1947
colorectal,2218,1938
colorectal,2219,1934
colorectal,2220,1932
colorectal,2221,1929
colorectal,2222,1929
colorectal,2223,1929
colorectal,2224,1928
colorectal,2225,1928
colorectal,2226,1927
colorectal,2227,1926
colorectal,2228,1924
colorectal,2229,1924
colorectal,2230,1923
colorectal,2231,1921
colorectal,2232,1912
colorectal,2233,1907
colorectal,2234,1906
colorectal,2235,1904
colorectal,2236,1903
colorectal,2237,1903
colorectal,2238,1900
colorectal,2239,1900
colorectal,2240,1897
colorectal,2241,1881
colorectal,2242,1876
colorectal,2243,1865
colorectal,2244,1862
colorectal,2245,1860
colorectal,2246,1856
colorectal,2247,1854
colorectal,2248,1845
colorectal,2249,1842
colorectal,2250,1839
colorectal,2251,1828
colorectal,2252,1827
colorectal,2253,1826
colorectal,2254,1824
colorectal,2255,1821
colorectal,2256,1819
colorectal,2257,1818
colorectal,2258,1817
colorectal,2259,1814
colorectal,2260,1813
colorectal,2261,1810
colorectal,2262,1806
colorectal,2263,1805
colorectal,2264,1801
colorectal,2265,1800
colorectal,2266,1797
colorectal,2267,1794
colorectal,2268,1792
colorectal,2269,1792
colorectal,2270,1791
colorectal,2271,1790
colorectal,2272,1790
colorectal,2273,1786
colorectal,2274,1786
colorectal,2275,1786
colorectal,2276,1785
colorectal,2277,1785
colorectal,2278,1784
colorectal,2279,1784
colorectal,2280,1783
colorectal,2281,1783
colorectal,2282,1783
colorectal,2283,1782
colorectal,2284,1779
colorectal,2285,1778
colorectal,2286,1777
colorectal,2287,1776
colorectal,2288,1776
colorectal,2289,1776
colorectal,2290,1775
colorectal,2291,1774
colorectal,2292,1773
colorectal,2293,1773
colorectal,2294,1771
colorectal,2295,1771
colorectal,2296,1770
colorectal,2297,1769
colorectal,2298,1769
colorectal,2299,1769
colorectal,2300,1768
colorectal,2301,1768
colorectal,2302,1768
colorectal,2303,1768
colorectal,2304,1767
colorectal,2305,1767
colorectal,2306,1767
colorectal,2307,1767
colorectal,2308,1767
colorectal,2309,1767
colorectal,2310,1767
colorectal,2311,1767
colorectal,2312,1767
colorectal,2313,1766
colorectal,2314,1766
colorectal,2315,1766
colorectal,2316,1766
colorectal,2317,1766
colorectal,2318,1765
colorectal,2319,1765
colorectal,2320,1764
colorectal,2321,1763
colorectal,2322,1758
colorectal,2323,1755
colorectal,2324,1754
colorectal,2325,1744
colorectal,2326,1743
colorectal,2327,1740
colorectal,2328,1737
colorectal,2329,1729
colorectal,2330,1728
colorectal,2331,1724
colorectal,2332,1722
colorectal,2333,1720
colorectal,2334,1720
colorectal,2335,1720
colorectal,2336,1719
colorectal,2337,1718
colorectal,2338,1717
colorectal,2339,1716
colorectal,2340,1716
colorectal,2341,1715
colorectal,2342,1715
colorectal,2343,1713
colorectal,2344,1713
colorectal,2345,1713
colorectal,2346,1712
colorectal,2347,1712
colorectal,2348,1711
colorectal,2349,1710
colorectal,2350,1709
colorectal,2351,1708
colorectal,2352,1705
colorectal,2353,1702
colorectal,2354,1700
colorectal,2355,1697
colorectal,2356,1692
colorectal,2357,1690
colorectal,2358,1684
colorectal,2359,1679
colorectal,2360,1676
colorectal,2361,1675
colorectal,2362,1666
colorectal,2363,1665
colorectal,2364,1664
colorectal,2365,1662
colorectal,2366,1660
colorectal,2367,1659
colorectal,2368,1656
colorectal,2369,1653
colorectal,2370,1651
colorectal,2371,1649
colorectal,2372,1642
colorectal,2373,1641
colorectal,2374,1640
colorectal,2375,1639
colorectal,2376,1637
colorectal,2377,1636
colorectal,2378,1635
colorectal,2379,1635
colorectal,2380,1635
colorectal,2381,1634
colorectal,2382,1634
colorectal,2383,1634
colorectal,2384,1634
colorectal,2385,1634
colorectal,2386,1633
colorectal,2387,1631
colorectal,2388,1627
colorectal,2389,1626
colorectal,2390,1626
colorectal,2391,1625
colorectal,2392,1623
colorectal,2393,1618
colorectal,2394,1616
colorectal,2395,1616
colorectal,2396,1615
colorectal,2397,1615
colorectal,2398,1614
colorectal,2399,1612
colorectal,2400,1606
colorectal,2401,1605
colorectal,2402,1605
colorectal,2403,1604
colorectal,2404,1601
colorectal,2405,1599
colorectal,2406,1598
colorectal,2407,1594
colorectal,2408,1593
colorectal,2409,1593
colorectal,2410,1591
colorectal,2411,1591
colorectal,2412,1589
colorectal,2413,1588
colorectal,2414,1588
colorectal,2415,1587
colorectal,2416,1585
colorectal,2417,1583
colorectal,2418,1583
colorectal,2419,1583
colorectal,2420,1581
colorectal,2421,1581
colorectal,2422,1580
colorectal,2423,1580
colorectal,2424,1579
colorectal,2425,1579
colorectal,2426,1578
colorectal,2427,1578
colorectal,2428,1578
colorectal,2429,1576
colorectal,2430,1576
colorectal,2431,1576
colorectal,2432,1575
colorectal,2433,1575
colorectal,2434,1574
colorectal,2435,1574
colorectal,2436,1573
colorectal,2437,1570
colorectal,2438,1568
colorectal,2439,1567
colorectal,2440,1563
colorectal,2441,1562
colorectal,2442,1562
colorectal,2443,1562
colorectal,2444,1561
colorectal,2445,1560
colorectal,2446,1559
colorectal,2447,1559
colorectal,2448,1557
colorectal,2449,1556
colorectal,2450,1555
colorectal,2451,1555
colorectal,2452,1554
colorectal,2453,1553
colorectal,2454,1553
colorectal,2455,1553
colorectal,2456,1552
colorectal,2457,1552
colorectal,2458,1552
colorectal,2459,1551
colorectal,2460,1550
colorectal,2461,1549
colorectal,2462,1549
colorectal,2463,1549
colorectal,2464,1547
colorectal,2465,1547
colorectal,2466,1547
colorectal,2467,1547
colorectal,2468,1547
colorectal,2469,1546
colorectal,2470,1546
colorectal,2471,1546
colorectal,2472,1545
colorectal,2473,1545
colorectal,2474,1545
colorectal,2475,1545
colorectal,2476,1544
colorectal,2477,1544
colorectal,2478,1543
colorectal,2479,1542
colorectal,2480,1541
colorectal,2481,1541
colorectal,2482,1540
colorectal,2483,1540
colorectal,2484,1540
colorectal,2485,1537
colorectal,2486,1536
colorectal,2487,1535
colorectal,2488,1534
colorectal,2489,1534
colorectal,2490,1533
colorectal,2491,1533
colorectal,2492,1531
colorectal,2493,1531
colorectal,2494,1530
colorectal,2495,1529
colorectal,2496,1529
colorectal,2497,1528
colorectal,2498,1528
colorectal,2499,1527
colorectal,2500,1527
colorectal,2501,1525
colorectal,2502,1525
colorectal,2503,1525
colorectal,2504,1525
colorectal,2505,1524
colorectal,2506,1524
colorectal,2507,1524
colorectal,2508,1523
colorectal,2509,1522
colorectal,2510,1521
colorectal,2511,1520
colorectal,2512,1520
colorectal,2513,1519
colorectal,2514,1519
colorectal,2515,1519
colorectal,2516,1518
colorectal,2517,1518
colorectal,2518,1516
colorectal,2519,1516
colorectal,2520,1515
colorectal,2521,1515
colorectal,2522,1514
colorectal,2523,1503
colorectal,2524,1498
colorectal,2525,1497
colorectal,2526,1494
colorectal,2527,1491
colorectal,2528,1485
colorectal,2529,1482
colorectal,2530,1480
colorectal,2531,1477
colorectal,2532,1472
colorectal,2533,1472
colorectal,2534,1471
colorectal,2535,1471
colorectal,2536,1469
colorectal,2537,1468
colorectal,2538,1464
colorectal,2539,1463
colorectal,2540,1463
colorectal,2541,1463
colorectal,2542,1463
colorectal,2543,1462
colorectal,2544,1462
colorectal,2545,1460
colorectal,2546,1460
colorectal,2547,1459
colorectal,2548,1459
colorectal,2549,1459
colorectal,2550,1458
colorectal,2551,1458
colorectal,2552,1457
colorectal,2553,1457
colorectal,2554,1456
colorectal,2555,1456
colorectal,2556,1454
colorectal,2557,1454
colorectal,2558,1447
colorectal,2559,1445
colorectal,2560,1444
colorectal,2561,1442
colorectal,2562,1441
colorectal,2563,1441
colorectal,2564,1440
colorectal,2565,1440
colorectal,2566,1440
colorectal,2567,1438
colorectal,2568,1435
colorectal,2569,1434
colorectal,2570,1431
colorectal,2571,1431
colorectal,2572,1424
colorectal,2573,1422
colorectal,2574,1422
colorectal,2575,1421
colorectal,2576,1421
colorectal,2577,1421
colorectal,2578,1421
colorectal,2579,1419
colorectal,2580,1416
colorectal,2581,1415
colorectal,2582,1414
colorectal,2583,1412
colorectal,2584,1411
colorectal,2585,1407
colorectal,2586,1403
colorectal,2587,1401
colorectal,2588,1398
colorectal,2589,1392
colorectal,2590,1392
colorectal,2591,1388
colorectal,2592,1387
colorectal,2593,1385
colorectal,2594,1384
colorectal,2595,1382
colorectal,2596,1381
colorectal,2597,1380
colorectal,2598,1380
colorectal,2599,1380
colorectal,2600,1377
colorectal,2601,1377
colorectal,2602,1377
colorectal,2603,1374
colorectal,2604,1373
colorectal,2605,1367
colorectal,2606,1362
colorectal,2607,1359
colorectal,2608,1358
colorectal,2609,1358
colorectal,2610,1357
colorectal,2611,1357
colorectal,2612,1357
colorectal,2613,1356
colorectal,2614,1355
colorectal,2615,1355
colorectal,2616,1355
colorectal,2617,1354
colorectal,2618,1354
colorectal,2619,1354
colorectal,2620,1354
colorectal,2621,1354
colorectal,2622,1353
colorectal,2623,1353
colorectal,2624,1352
colorectal,2625,1352
colorectal,2626,1352
colorectal,2627,1352
colorectal,2628,1352
colorectal,2629,1351
colorectal,2630,1351
colorectal,2631,1351
colorectal,2632,1351
colorectal,2633,1351
colorectal,2634,1351
colorectal,2635,1351
colorectal,2636,1350
colorectal,2637,1350
colorectal,2638,1350
colorectal,2639,1350
colorectal,2640,1349
colorectal,2641,1345
colorectal,2642,1341
colorectal,2643,1339
colorectal,2644,1337
colorectal,2645,1336
colorectal,2646,1334
colorectal,2647,1332
colorectal,2648,1330
colorectal,2649,1330
colorectal,2650,1323
colorectal,2651,1320
colorectal,2652,1317
colorectal,2653,1313
colorectal,2654,1313
colorectal,2655,1306
colorectal,2656,1303
colorectal,2657,1301
colorectal,2658,1301
colorectal,2659,1300
colorectal,2660,1300
colorectal,2661,1299
colorectal,2662,1295
colorectal,2663,1294
colorectal,2664,1294
colorectal,2665,1292
colorectal,2666,1289
colorectal,2667,1289
colorectal,2668,1288
colorectal,2669,1288
colorectal,2670,1287
colorectal,2671,1287
colorectal,2672,1287
colorectal,2673,1286
colorectal,2674,1286
colorectal,2675,1286
colorectal,2676,1285
colorectal,2677,1284
colorectal,2678,1284
colorectal,2679,1284
colorectal,2680,1284
colorectal,2681,1284
colorectal,2682,1284
colorectal,2683,1284
colorectal,2684,1283
colorectal,2685,1283
colorectal,2686,1283
colorectal,2687,1283
colorectal,2688,1283
colorectal,2689,1283
colorectal,2690,1283
colorectal,2691,1283
colorectal,2692,1283
colorectal,2693,1283
colorectal,2694,1283
colorectal,2695,1283
colorectal,2696,1283
colorectal,2697,1282
colorectal,2698,1282
colorectal,2699,1282
colorectal,2700,1281
colorectal,2701,1277
colorectal,2702,1276
colorectal,2703,1275
colorectal,2704,1272
colorectal,2705,1272
colorectal,2706,1271
colorectal,2707,1267
colorectal,2708,1267
colorectal,2709,1262
colorectal,2710,1260
colorectal,2711,1258
colorectal,2712,1256
colorectal,2713,1253
colorectal,2714,1250
colorectal,2715,1245
colorectal,2716,1245
colorectal,2717,1244
colorectal,2718,1242
colorectal,2719,1240
colorectal,2720,1239
colorectal,2721,1237
colorectal,2722,1235
colorectal,2723,1235
colorectal,2724,1234
colorectal,2725,1231
colorectal,2726,1229
colorectal,2727,1228
colorectal,2728,1227
colorectal,2729,1227
colorectal,2730,1225
colorectal,2731,1225
colorectal,2732,1225
colorectal,2733,1224
colorectal,2734,1223
colorectal,2735,1223
colorectal,2736,1223
colorectal,2737,1222
colorectal,2738,1222
colorectal,2739,1221
colorectal,2740,1221
colorectal,2741,1220
colorectal,2742,1219
colorectal,2743,1218
colorectal,2744,1218
colorectal,2745,1217
colorectal,2746,1217
colorectal,2747,1217
colorectal,2748,1217
colorectal,2749,1215
colorectal,2750,1214
colorectal,2751,1213
colorectal,2752,1212
colorectal,2753,1211
colorectal,2754,1211
colorectal,2755,1210
colorectal,2756,1207
colorectal,2757,1204
colorectal,2758,1203
colorectal,2759,1202
colorectal,2760,1199
colorectal,2761,1199
colorectal,2762,1198
colorectal,2763,1197
colorectal,2764,1197
colorectal,2765,1196
colorectal,2766,1196
colorectal,2767,1196
colorectal,2768,1195
colorectal,2769,1195
colorectal,2770,1195
colorectal,2771,1194
colorectal,2772,1193
colorectal,2773,1192
colorectal,2774,1192
colorectal,2775,1191
colorectal,2776,1191
colorectal,2777,1191
colorectal,2778,1190
colorectal,2779,1190
colorectal,2780,1190
colorectal,2781,1190
colorectal,2782,1189
colorectal,2783,1189
colorectal,2784,1186
colorectal,2785,1185
colorectal,2786,1184
colorectal,2787,1183
colorectal,2788,1183
colorectal,2789,1180
colorectal,2790,1179
colorectal,2791,1178
colorectal,2792,1178
colorectal,2793,1177
colorectal,2794,1176
colorectal,2795,1176
colorectal,2796,1175
colorectal,2797,1173
colorectal,2798,1173
colorectal,2799,1170
colorectal,2800,1167
colorectal,2801,1164
colorectal,2802,1163
colorectal,2803,1163
colorectal,2804,1162
colorectal,2805,1161
colorectal,2806,1160
colorectal,2807,1159
colorectal,2808,1159
colorectal,2809,1159
colorectal,2810,1158
colorectal,2811,1157
colorectal,2812,1157
colorectal,2813,1157
colorectal,2814,1157
colorectal,2815,1157
colorectal,2816,1156
colorectal,2817,1156
colorectal,2818,1154
colorectal,2819,1154
colorectal,2820,1154
colorectal,2821,1153
colorectal,2822,1152
colorectal,2823,1151
colorectal,2824,1151
colorectal,2825,1151
colorectal,2826,1150
colorectal,2827,1150
colorectal,2828,1149
colorectal,2829,1147
colorectal,2830,1147
colorectal,2831,1146
colorectal,2832,1146
colorectal,2833,1146
colorectal,2834,1145
colorectal,2835,1144
colorectal,2836,1143
colorectal,2837,1143
colorectal,2838,1141
colorectal,2839,1141
colorectal,2840,1139
colorectal,2841,1139
colorectal,2842,1139
colorectal,2843,1137
colorectal,2844,1136
colorectal,2845,1136
colorectal,2846,1136
colorectal,2847,1134
colorectal,2848,1130
colorectal,2849,1130
colorectal,2850,1130
colorectal,2851,1128
colorectal,2852,1128
colorectal,2853,1127
colorectal,2854,1127
colorectal,2855,1126
colorectal,2856,1125
colorectal,2857,1125
colorectal,2858,1124
colorectal,2859,1124
colorectal,2860,1124
colorectal,2861,1124
colorectal,2862,1123
colorectal,2863,1123
colorectal,2864,1123
colorectal,2865,1122
colorectal,2866,1122
colorectal,2867,1121
colorectal,2868,1121
colorectal,2869,1121
colorectal,2870,1121
colorectal,2871,1120
colorectal,2872,1120
colorectal,2873,1119
colorectal,2874,1119
colorectal,2875,1119
colorectal,2876,1119
colorectal,2877,1119
colorectal,2878,1119
colorectal,2879,1119
colorectal,2880,1119
colorectal,2881,1118
colorectal,2882,1118
colorectal,2883,1118
colorectal,2884,1118
colorectal,2885,1118
colorectal,2886,1118
colorectal,2887,1118
colorectal,2888,1117
colorectal,2889,1117
colorectal,2890,1117
colorectal,2891,1117
colorectal,2892,1117
colorectal,2893,1117
colorectal,2894,1117
colorectal,2895,1117
colorectal,2896,1117
colorectal,2897,1117
colorectal,2898,1117
colorectal,2899,1117
colorectal,2900,1116
colorectal,2901,1087
colorectal,2902,1084
colorectal,2903,1073
colorectal,2904,1072
colorectal,2905,1067
colorectal,2906,1065
colorectal,2907,1061
colorectal,2908,1053
colorectal,2909,1051
colorectal,2910,1049
colorectal,2911,1042
colorectal,2912,1041
colorectal,2913,1039
colorectal,2914,1035
colorectal,2915,1035
colorectal,2916,1034
colorectal,2917,1033
colorectal,2918,1032
colorectal,2919,1032
colorectal,2920,1032
colorectal,2921,1031
colorectal,2922,1028
colorectal,2923,1028
colorectal,2924,1028
colorectal,2925,1025
colorectal,2926,1025
colorectal,2927,1024
colorectal,2928,1024
colorectal,2929,1023
colorectal,2930,1023
colorectal,2931,1023
colorectal,2932,1023
colorectal,2933,1023
colorectal,2934,1023
colorectal,2935,1022
colorectal,2936,1022
colorectal,2937,1021
colorectal,2938,1021
colorectal,2939,1021
colorectal,2940,1020
colorectal,2941,1020
colorectal,2942,1019
colorectal,2943,1019
colorectal,2944,1017
colorectal,2945,1016
colorectal,2946,1016
colorectal,2947,1016
colorectal,2948,1011
colorectal,2949,1009
colorectal,2950,1008
colorectal,2951,1004
colorectal,2952,998
colorectal,2953,997
colorectal,2954,995
colorectal,2955,994
colorectal,2956,994
colorectal,2957,993
colorectal,2958,993
colorectal,2959,992
colorectal,2960,992
colorectal,2961,992
colorectal,2962,991
colorectal,2963,990
colorectal,2964,990
colorectal,2965,989
colorectal,2966,989
colorectal,2967,988
colorectal,2968,988
colorectal,2969,988
colorectal,2970,988
colorectal,2971,987
colorectal,2972,987
colorectal,2973,986
colorectal,2974,985
colorectal,2975,982
colorectal,2976,981
colorectal,2977,979
colorectal,2978,977
colorectal,2979,976
colorectal,2980,972
colorectal,2981,968
colorectal,2982,960
colorectal,2983,958
colorectal,2984,958
colorectal,2985,953
colorectal,2986,953
colorectal,2987,952
colorectal,2988,952
colorectal,2989,950
colorectal,2990,950
colorectal,2991,950
colorectal,2992,949
colorectal,2993,949
colorectal,2994,949
colorectal,2995,948
colorectal,2996,948
colorectal,2997,948
colorectal,2998,948
colorectal,2999,947
colorectal,3000,947
colorectal,3001,946
colorectal,3002,946
colorectal,3003,945
colorectal,3004,940
colorectal,3005,932
colorectal,3006,931
colorectal,3007,927
colorectal,3008,924
colorectal,3009,923
colorectal,3010,920
colorectal,3011,919
colorectal,3012,918
colorectal,3013,916
colorectal,3014,916
colorectal,3015,912
colorectal,3016,910
colorectal,3017,906
colorectal,3018,904
colorectal,3019,902
colorectal,3020,902
colorectal,3021,898
colorectal,3022,897
colorectal,3023,897
colorectal,3024,895
colorectal,3025,895
colorectal,3026,895
colorectal,3027,893
colorectal,3028,892
colorectal,3029,892
colorectal,3030,891
colorectal,3031,891
colorectal,3032,891
colorectal,3033,890
colorectal,3034,888
colorectal,3035,888
colorectal,3036,888
colorectal,3037,888
colorectal,3038,887
colorectal,3039,887
colorectal,3040,887
colorectal,3041,886
colorectal,3042,885
colorectal,3043,882
colorectal,3044,880
colorectal,3045,879
colorectal,3046,878
colorectal,3047,876
colorectal,3048,876
colorectal,3049,875
colorectal,3050,872
colorectal,3051,872
colorectal,3052,871
colorectal,3053,870
colorectal,3054,868
colorectal,3055,867
colorectal,3056,867
colorectal,3057,866
colorectal,3058,866
colorectal,3059,864
colorectal,3060,864
colorectal,3061,864
colorectal,3062,863
colorectal,3063,863
colorectal,3064,862
colorectal,3065,862
colorectal,3066,862
colorectal,3067,862
colorectal,3068,861
colorectal,3069,861
colorectal,3070,861
colorectal,3071,861
colorectal,3072,861
colorectal,3073,860
colorectal,3074,860
colorectal,3075,860
colorectal,3076,860
colorectal,3077,860
colorectal,3078,859
colorectal,3079,859
colorectal,3080,859
colorectal,3081,857
colorectal,3082,856
colorectal,3083,855
colorectal,3084,855
colorectal,3085,855
colorectal,3086,853
colorectal,3087,853
colorectal,3088,852
colorectal,3089,845
colorectal,3090,843
colorectal,3091,842
colorectal,3092,840
colorectal,3093,838
colorectal,3094,835
colorectal,3095,834
colorectal,3096,832
colorectal,3097,828
colorectal,3098,824
colorectal,3099,824
colorectal,3100,823
colorectal,3101,822
colorectal,3102,821
colorectal,3103,821
colorectal,3104,821
colorectal,3105,821
colorectal,3106,820
colorectal,3107,820
colorectal,3108,819
colorectal,3109,819
colorectal,3110,819
colorectal,3111,818
colorectal,3112,818
colorectal,3113,817
colorectal,3114,817
colorectal,3115,817
colorectal,3116,817
colorectal,3117,816
colorectal,3118,815
colorectal,3119,815
colorectal,3120,815
colorectal,3121,814
colorectal,3122,813
colorectal,3123,813
colorectal,3124,810
colorectal,3125,808
colorectal,3126,806
colorectal,3127,804
colorectal,3128,803
colorectal,3129,802
colorectal,3130,800
colorectal,3131,799
colorectal,3132,799
colorectal,3133,798
colorectal,3134,798
colorectal,3135,797
colorectal,3136,796
colorectal,3137,795
colorectal,3138,795
colorectal,3139,794
colorectal,3140,792
colorectal,3141,792
colorectal,3142,792
colorectal,3143,791
colorectal,3144,790
colorectal,3145,789
colorectal,3146,789
colorectal,3147,789
colorectal,3148,789
colorectal,3149,788
colorectal,3150,788
colorectal,3151,788
colorectal,3152,788
colorectal,3153,788
colorectal,3154,788
colorectal,3155,786
colorectal,3156,786
colorectal,3157,786
colorectal,3158,785
colorectal,3159,785
colorectal,3160,785
colorectal,3161,783
colorectal,3162,783
colorectal,3163,782
colorectal,3164,780
colorectal,3165,780
colorectal,3166,780
colorectal,3167,780
colorectal,3168,779
colorectal,3169,777
colorectal,3170,777
colorectal,3171,773
colorectal,3172,773
colorectal,3173,772
colorectal,3174,772
colorectal,3175,771
colorectal,3176,770
colorectal,3177,769
colorectal,3178,768
colorectal,3179,768
colorectal,3180,762
colorectal,3181,761
colorectal,3182,761
colorectal,3183,760
colorectal,3184,758
colorectal,3185,758
colorectal,3186,757
colorectal,3187,757
colorectal,3188,756
colorectal,3189,756
colorectal,3190,756
colorectal,3191,756
colorectal,3192,754
colorectal,3193,754
colorectal,3194,753
colorectal,3195,753
colorectal,3196,753
colorectal,3197,753
colorectal,3198,752
colorectal,3199,752
colorectal,3200,752
colorectal,3201,752
colorectal,3202,752
colorectal,3203,751
colorectal,3204,751
colorectal,3205,751
colorectal,3206,751
colorectal,3207,751
colorectal,3208,751
colorectal,3209,751
colorectal,3210,751
colorectal,3211,751
colorectal,3212,751
colorectal,3213,750
colorectal,3214,750
colorectal,3215,749
colorectal,3216,748
colorectal,3217,742
colorectal,3218,740
colorectal,3219,738
colorectal,3220,736
colorectal,3221,732
colorectal,3222,732
colorectal,3223,731
colorectal,3224,729
colorectal,3225,728
colorectal,3226,726
colorectal,3227,725
colorectal,3228,720
colorectal,3229,719
colorectal,3230,717
colorectal,3231,712
colorectal,3232,705
colorectal,3233,704
colorectal,3234,703
colorectal,3235,703
colorectal,3236,700
colorectal,3237,699
colorectal,3238,698
colorectal,3239,697
colorectal,3240,696
colorectal,3241,695
colorectal,3242,694
colorectal,3243,693
colorectal,3244,692
colorectal,3245,691
colorectal,3246,690
colorectal,3247,690
colorectal,3248,689
colorectal,3249,689
colorectal,3250,688
colorectal,3251,688
colorectal,3252,685
colorectal,3253,684
colorectal,3254,684
colorectal,3255,678
colorectal,3256,677
colorectal,3257,676
colorectal,3258,674
colorectal,3259,673
colorectal,3260,671
colorectal,3261,671
colorectal,3262,671
colorectal,3263,671
colorectal,3264,670
colorectal,3265,670
colorectal,3266,669
colorectal,3267,669
colorectal,3268,667
colorectal,3269,666
colorectal,3270,665
colorectal,3271,664
colorectal,3272,663
colorectal,3273,662
colorectal,3274,662
colorectal,3275,661
colorectal,3276,661
colorectal,3277,659
colorectal,3278,659
colorectal,3279,659
colorectal,3280,658
colorectal,3281,657
colorectal,3282,656
colorectal,3283,656
colorectal,3284,656
colorectal,3285,656
colorectal,3286,656
colorectal,3287,655
colorectal,3288,655
colorectal,3289,655
colorectal,3290,654
colorectal,3291,654
colorectal,3292,654
colorectal,3293,652
colorectal,3294,652
colorectal,3295,650
colorectal,3296,649
colorectal,3297,649
colorectal,3298,649
colorectal,3299,648
colorectal,3300,647
colorectal,3301,647
colorectal,3302,646
colorectal,3303,645
colorectal,3304,642
colorectal,3305,641
colorectal,3306,639
colorectal,3307,639
colorectal,3308,638
colorectal,3309,637
colorectal,3310,636
colorectal,3311,636
colorectal,3312,634
colorectal,3313,633
colorectal,3314,633
colorectal,3315,632
colorectal,3316,631
colorectal,3317,631
colorectal,3318,631
colorectal,3319,629
colorectal,3320,628
colorectal,3321,627
colorectal,3322,627
colorectal,3323,627
colorectal,3324,626
colorectal,3325,626
colorectal,3326,624
colorectal,3327,622
colorectal,3328,621
colorectal,3329,621
colorectal,3330,620
colorectal,3331,620
colorectal,3332,619
colorectal,3333,618
colorectal,3334,617
colorectal,3335,616
colorectal,3336,615
colorectal,3337,615
colorectal,3338,614
colorectal,3339,614
colorectal,3340,613
colorectal,3341,613
colorectal,3342,613
colorectal,3343,613
colorectal,3344,612
colorectal,3345,612
colorectal,3346,612
colorectal,3347,612
colorectal,3348,611
colorectal,3349,609
colorectal,3350,607
colorectal,3351,606
colorectal,3352,605
colorectal,3353,605
colorectal,3354,605
colorectal,3355,604
colorectal,3356,603
colorectal,3357,603
colorectal,3358,602
colorectal,3359,601
colorectal,3360,599
colorectal,3361,599
colorectal,3362,597
colorectal,3363,596
colorectal,3364,592
colorectal,3365,590
colorectal,3366,589
colorectal,3367,589
colorectal,3368,589
colorectal,3369,587
colorectal,3370,583
colorectal,3371,579
colorectal,3372,575
colorectal,3373,574
colorectal,3374,574
colorectal,3375,574
colorectal,3376,574
colorectal,3377,574
colorectal,3378,573
colorectal,3379,573
colorectal,3380,573
colorectal,3381,572
colorectal,3382,571
colorectal,3383,571
colorectal,3384,570
colorectal,3385,569
colorectal,3386,569
colorectal,3387,568
colorectal,3388,567
colorectal,3389,567
colorectal,3390,567
colorectal,3391,566
colorectal,3392,565
colorectal,3393,563
colorectal,3394,562
colorectal,3395,562
colorectal,3396,562
colorectal,3397,561
colorectal,3398,561
colorectal,3399,560
colorectal,3400,559
colorectal,3401,559
colorectal,3402,558
colorectal,3403,558
colorectal,3404,558
colorectal,3405,558
colorectal,3406,558
colorectal,3407,557
colorectal,3408,557
colorectal,3409,557
colorectal,3410,557
colorectal,3411,555
colorectal,3412,554
colorectal,3413,554
colorectal,3414,554
colorectal,3415,554
colorectal,3416,553
colorectal,3417,552
colorectal,3418,552
colorectal,3419,550
colorectal,3420,550
colorectal,3421,549
colorectal,3422,547
colorectal,3423,547
colorectal,3424,546
colorectal,3425,545
colorectal,3426,544
colorectal,3427,543
colorectal,3428,543
colorectal,3429,541
colorectal,3430,541
colorectal,3431,541
colorectal,3432,541
colorectal,3433,539
colorectal,3434,539
colorectal,3435,539
colorectal,3436,538
colorectal,3437,538
colorectal,3438,538
colorectal,3439,538
colorectal,3440,538
colorectal,3441,538
colorectal,3442,537
colorectal,3443,536
colorectal,3444,535
colorectal,3445,530
colorectal,3446,529
colorectal,3447,527
colorectal,3448,527
colorectal,3449,524
colorectal,3450,524
colorectal,3451,521
colorectal,3452,521
colorectal,3453,520
colorectal,3454,520
colorectal,3455,520
colorectal,3456,520
colorectal,3457,518
colorectal,3458,517
colorectal,3459,517
colorectal,3460,516
colorectal,3461,516
colorectal,3462,513
colorectal,3463,513
colorectal,3464,512
colorectal,3465,510
colorectal,3466,510
colorectal,3467,510
colorectal,3468,508
colorectal,3469,507
colorectal,3470,506
colorectal,3471,505
colorectal,3472,505
colorectal,3473,504
colorectal,3474,504
colorectal,3475,504
colorectal,3476,503
colorectal,3477,501
colorectal,3478,501
colorectal,3479,500
colorectal,3480,499
colorectal,3481,499
colorectal,3482,498
colorectal,3483,496
colorectal,3484,496
colorectal,3485,495
colorectal,3486,495
colorectal,3487,495
colorectal,3488,494
colorectal,3489,493
colorectal,3490,493
colorectal,3491,492
colorectal,3492,491
colorectal,3493,491
colorectal,3494,490
colorectal,3495,490
colorectal,3496,490
colorectal,3497,489
colorectal,3498,489
colorectal,3499,489
colorectal,3500,489
colorectal,3501,488
colorectal,3502,487
colorectal,3503,485
colorectal,3504,485
colorectal,3505,484
colorectal,3506,484
colorectal,3507,483
colorectal,3508,483
colorectal,3509,483
colorectal,3510,483
colorectal,3511,482
colorectal,3512,482
colorectal,3513,482
colorectal,3514,481
colorectal,3515,481
colorectal,3516,480
colorectal,3517,480
colorectal,3518,479
colorectal,3519,479
colorectal,3520,479
colorectal,3521,479
colorectal,3522,476
colorectal,3523,473
colorectal,3524,473
colorectal,3525,473
colorectal,3526,473
colorectal,3527,473
colorectal,3528,472
colorectal,3529,472
colorectal,3530,472
colorectal,3531,472
colorectal,3532,471
colorectal,3533,471
colorectal,3534,470
colorectal,3535,470
colorectal,3536,470
colorectal,3537,470
colorectal,3538,470
colorectal,3539,470
colorectal,3540,470
colorectal,3541,470
colorectal,3542,470
colorectal,3543,470
colorectal,3544,470
colorectal,3545,470
colorectal,3546,470
colorectal,3547,470
colorectal,3548,469
colorectal,3549,468
colorectal,3550,468
colorectal,3551,466
colorectal,3552,466
colorectal,3553,463
colorectal,3554,463
colorectal,3555,462
colorectal,3556,462
colorectal,3557,460
colorectal,3558,459
colorectal,3559,458
colorectal,3560,457
colorectal,3561,455
colorectal,3562,454
colorectal,3563,454
colorectal,3564,453
colorectal,3565,451
colorectal,3566,450
colorectal,3567,450
colorectal,3568,450
colorectal,3569,450
colorectal,3570,449
colorectal,3571,449
colorectal,3572,448
colorectal,3573,448
colorectal,3574,447
colorectal,3575,446
colorectal,3576,445
colorectal,3577,440
colorectal,3578,440
colorectal,3579,440
colorectal,3580,439
colorectal,3581,438
colorectal,3582,438
colorectal,3583,437
colorectal,3584,437
colorectal,3585,437
colorectal,3586,436
colorectal,3587,435
colorectal,3588,435
colorectal,3589,435
colorectal,3590,434
colorectal,3591,432
colorectal,3592,430
colorectal,3593,430
colorectal,3594,430
colorectal,3595,430
colorectal,3596,429
colorectal,3597,429
colorectal,3598,429
colorectal,3599,428
colorectal,3600,428
colorectal,3601,428
colorectal,3602,427
colorectal,3603,427
colorectal,3604,426
colorectal,3605,426
colorectal,3606,426
colorectal,3607,426
colorectal,3608,425
colorectal,3609,425
colorectal,3610,424
colorectal,3611,424
colorectal,3612,424
colorectal,3613,422
colorectal,3614,422
colorectal,3615,422
colorectal,3616,422
colorectal,3617,421
colorectal,3618,421
colorectal,3619,420
colorectal,3620,419
colorectal,3621,419
colorectal,3622,416
colorectal,3623,413
colorectal,3624,413
colorectal,3625,412
colorectal,3626,412
colorectal,3627,412
colorectal,3628,411
colorectal,3629,410
colorectal,3630,410
colorectal,3631,410
colorectal,3632,409
colorectal,3633,409
colorectal,3634,408
colorectal,3635,407
colorectal,3636,407
colorectal,3637,406
colorectal,3638,405
colorectal,3639,404
colorectal,3640,403
colorectal,3641,403
colorectal,3642,402
colorectal,3643,402
colorectal,3644,402
colorectal,3645,402
colorectal,3646,402
colorectal,3647,401
colorectal,3648,401
colorectal,3649,401
colorectal,3650,401
colorectal,3651,400
colorectal,3652,400
colorectal,3653,400
colorectal,3654,400
colorectal,3655,399
colorectal,3656,398
colorectal,3657,397
colorectal,3658,397
colorectal,3659,396
colorectal,3660,396
colorectal,3661,393
colorectal,3662,393
colorectal,3663,392
colorectal,3664,391
colorectal,3665,391
colorectal,3666,388
colorectal,3667,387
colorectal,3668,387
colorectal,3669,387
colorectal,3670,386
colorectal,3671,386
colorectal,3672,386
colorectal,3673,386
colorectal,3674,386
colorectal,3675,386
colorectal,3676,385
colorectal,3677,384
colorectal,3678,384
colorectal,3679,384
colorectal,3680,384
colorectal,3681,383
colorectal,3682,383
colorectal,3683,383
colorectal,3684,383
colorectal,3685,383
colorectal,3686,382
colorectal,3687,382
colorectal,3688,382
colorectal,3689,382
colorectal,3690,382
colorectal,3691,382
colorectal,3692,381
colorectal,3693,381
colorectal,3694,381
colorectal,3695,381
colorectal,3696,381
colorectal,3697,380
colorectal,3698,380
colorectal,3699,380
colorectal,3700,380
colorectal,3701,380
colorectal,3702,379
colorectal,3703,379
colorectal,3704,379
colorectal,3705,379
colorectal,3706,379
colorectal,3707,379
colorectal,3708,378
colorectal,3709,378
colorectal,3710,378
colorectal,3711,377
colorectal,3712,377
colorectal,3713,377
colorectal,3714,376
colorectal,3715,375
colorectal,3716,375
colorectal,3717,375
colorectal,3718,374
colorectal,3719,374
colorectal,3720,374
colorectal,3721,373
colorectal,3722,373
colorectal,3723,372
colorectal,3724,372
colorectal,3725,372
colorectal,3726,372
colorectal,3727,372
colorectal,3728,371
colorectal,3729,371
colorectal,3730,371
colorectal,3731,370
colorectal,3732,370
colorectal,3733,370
colorectal,3734,370
colorectal,3735,369
colorectal,3736,369
colorectal,3737,369
colorectal,3738,369
colorectal,3739,368
colorectal,3740,368
colorectal,3741,368
colorectal,3742,368
colorectal,3743,367
colorectal,3744,367
colorectal,3745,367
colorectal,3746,367
colorectal,3747,367
colorectal,3748,366
colorectal,3749,366
colorectal,3750,366
colorectal,3751,365
colorectal,3752,365
colorectal,3753,364
colorectal,3754,364
colorectal,3755,363
colorectal,3756,363
colorectal,3757,362
colorectal,3758,360
colorectal,3759,360
colorectal,3760,359
colorectal,3761,358
colorectal,3762,358
colorectal,3763,357
colorectal,3764,357
colorectal,3765,357
colorectal,3766,357
colorectal,3767,357
colorectal,3768,357
colorectal,3769,356
colorectal,3770,356
colorectal,3771,356
colorectal,3772,356
colorectal,3773,355
colorectal,3774,355
colorectal,3775,354
colorectal,3776,354
colorectal,3777,354
colorectal,3778,353
colorectal,3779,353
colorectal,3780,352
colorectal,3781,351
colorectal,3782,351
colorectal,3783,351
colorectal,3784,351
colorectal,3785,351
colorectal,3786,350
colorectal,3787,350
colorectal,3788,348
colorectal,3789,348
colorectal,3790,347
colorectal,3791,347
colorectal,3792,345
colorectal,3793,345
colorectal,3794,344
colorectal,3795,343
colorectal,3796,342
colorectal,3797,340
colorectal,3798,339
colorectal,3799,336
colorectal,3800,336
colorectal,3801,336
colorectal,3802,335
colorectal,3803,335
colorectal,3804,334
colorectal,3805,334
colorectal,3806,334
colorectal,3807,333
colorectal,3808,332
colorectal,3809,332
colorectal,3810,332
colorectal,3811,331
colorectal,3812,331
colorectal,3813,331
colorectal,3814,331
colorectal,3815,331
colorectal,3816,331
colorectal,3817,331
colorectal,3818,330
colorectal,3819,330
colorectal,3820,330
colorectal,3821,330
colorectal,3822,330
colorectal,3823,330
colorectal,3824,329
colorectal,3825,329
colorectal,3826,329
colorectal,3827,329
colorectal,3828,329
colorectal,3829,329
colorectal,3830,328
colorectal,3831,327
colorectal,3832,326
colorectal,3833,326
colorectal,3834,326
colorectal,3835,324
colorectal,3836,324
colorectal,3837,324
colorectal,3838,324
colorectal,3839,324
colorectal,3840,323
colorectal,3841,321
colorectal,3842,320
colorectal,3843,320
colorectal,3844,320
colorectal,3845,320
colorectal,3846,319
colorectal,3847,319
colorectal,3848,319
colorectal,3849,319
colorectal,3850,318
colorectal,3851,318
colorectal,3852,318
colorectal,3853,318
colorectal,3854,317
colorectal,3855,317
colorectal,3856,316
colorectal,3857,316
colorectal,3858,315
colorectal,3859,314
colorectal,3860,313
colorectal,3861,313
colorectal,3862,312
colorectal,3863,312
colorectal,3864,311
colorectal,3865,311
colorectal,3866,311
colorectal,3867,311
colorectal,3868,310
colorectal,3869,309
colorectal,3870,309
colorectal,3871,309
colorectal,3872,309
colorectal,3873,309
colorectal,3874,309
colorectal,3875,308
colorectal,3876,308
colorectal,3877,307
colorectal,3878,307
colorectal,3879,306
colorectal,3880,306
colorectal,3881,306
colorectal,3882,306
colorectal,3883,306
colorectal,3884,305
colorectal,3885,305
colorectal,3886,305
colorectal,3887,305
colorectal,3888,305
colorectal,3889,304
colorectal,3890,304
colorectal,3891,304
colorectal,3892,304
colorectal,3893,304
colorectal,3894,303
colorectal,3895,303
colorectal,3896,303
colorectal,3897,303
colorectal,3898,303
colorectal,3899,303
colorectal,3900,303
colorectal,3901,302
colorectal,3902,302
colorectal,3903,302
colorectal,3904,301
colorectal,3905,301
colorectal,3906,301
colorectal,3907,301
colorectal,3908,300
colorectal,3909,300
colorectal,3910,300
colorectal,3911,300
colorectal,3912,300
colorectal,3913,300
colorectal,3914,299
colorectal,3915,299
colorectal,3916,299
colorectal,3917,298
colorectal,3918,298
colorectal,3919,298
colorectal,3920,298
colorectal,3921,297
colorectal,3922,297
colorectal,3923,297
colorectal,3924,297
colorectal,3925,297
colorectal,3926,296
colorectal,3927,296
colorectal,3928,296
colorectal,3929,296
colorectal,3930,296
colorectal,3931,295
colorectal,3932,295
colorectal,3933,295
colorectal,3934,295
colorectal,3935,295
colorectal,3936,295
colorectal,3937,295
colorectal,3938,295
colorectal,3939,294
colorectal,3940,294
colorectal,3941,294
colorectal,3942,293
colorectal,3943,293
colorectal,3944,292
colorectal,3945,292
colorectal,3946,292
colorectal,3947,292
colorectal,3948,291
colorectal,3949,291
colorectal,3950,291
colorectal,3951,291
colorectal,3952,291
colorectal,3953,291
colorectal,3954,291
colorectal,3955,290
colorectal,3956,290
colorectal,3957,290
colorectal,3958,290
colorectal,3959,290
colorectal,3960,289
colorectal,3961,289
colorectal,3962,288
colorectal,3963,288
colorectal,3964,288
colorectal,3965,288
colorectal,3966,287
colorectal,3967,287
colorectal,3968,287
colorectal,3969,286
colorectal,3970,286
colorectal,3971,286
colorectal,3972,285
colorectal,3973,285
colorectal,3974,285
colorectal,3975,285
colorectal,3976,284
colorectal,3977,284
colorectal,3978,284
colorectal,3979,283
colorectal,3980,283
colorectal,3981,283
colorectal,3982,282
colorectal,3983,282
colorectal,3984,282
colorectal,3985,282
colorectal,3986,281
colorectal,3987,281
colorectal,3988,281
colorectal,3989,281
colorectal,3990,280
colorectal,3991,280
colorectal,3992,280
colorectal,3993,279
colorectal,3994,279
colorectal,3995,279
colorectal,3996,278
colorectal,3997,278
colorectal,3998,278
colorectal,3999,278
colorectal,4000,278
colorectal,4001,278
colorectal,4002,277
colorectal,4003,277
colorectal,4004,277
colorectal,4005,276
colorectal,4006,276
colorectal,4007,276
colorectal,4008,275
colorectal,4009,275
colorectal,4010,275
colorectal,4011,274
colorectal,4012,274
colorectal,4013,273
colorectal,4014,273
colorectal,4015,273
colorectal,4016,272
colorectal,4017,272
colorectal,4018,271
colorectal,4019,271
colorectal,4020,271
colorectal,4021,270
colorectal,4022,270
colorectal,4023,270
colorectal,4024,269
colorectal,4025,269
colorectal,4026,269
colorectal,4027,269
colorectal,4028,268
colorectal,4029,268
colorectal,4030,267
colorectal,4031,267
colorectal,4032,267
colorectal,4033,266
colorectal,4034,266
colorectal,4035,266
colorectal,4036,266
colorectal,4037,265
colorectal,4038,265
colorectal,4039,265
colorectal,4040,264
colorectal,4041,264
colorectal,4042,264
colorectal,4043,263
colorectal,4044,263
colorectal,4045,263
colorectal,4046,263
colorectal,4047,262
colorectal,4048,262
colorectal,4049,261
colorectal,4050,261
colorectal,4051,260
colorectal,4052,260
colorectal,4053,260
colorectal,4054,260
colorectal,4055,260
colorectal,4056,260
colorectal,4057,259
colorectal,4058,259
colorectal,4059,259
colorectal,4060,258
colorectal,4061,258
colorectal,4062,257
colorectal,4063,257
colorectal,4064,257
colorectal,4065,257
colorectal,4066,256
colorectal,4067,256
colorectal,4068,255
colorectal,4069,255
colorectal,4070,254
colorectal,4071,254
colorectal,4072,254
colorectal,4073,253
colorectal,4074,253
colorectal,4075,253
colorectal,4076,253
colorectal,4077,252
colorectal,4078,252
colorectal,4079,252
colorectal,4080,252
colorectal,4081,252
colorectal,4082,251
colorectal,4083,251
colorectal,4084,251
colorectal,4085,251
colorectal,4086,251
colorectal,4087,250
colorectal,4088,250
colorectal,4089,250
colorectal,4090,250
colorectal,4091,250
colorectal,4092,250
colorectal,4093,249
colorectal,4094,248
colorectal,4095,248
colorectal,4096,248
colorectal,4097,247
colorectal,4098,247
colorectal,4099,247
colorectal,4100,246
colorectal,4101,246
colorectal,4102,246
colorectal,4103,245
colorectal,4104,245
colorectal,4105,245
colorectal,4106,245
colorectal,4107,244
colorectal,4108,244
colorectal,4109,244
colorectal,4110,243
colorectal,4111,243
colorectal,4112,243
colorectal,4113,243
colorectal,4114,242
colorectal,4115,242
colorectal,4116,242
colorectal,4117,241
colorectal,4118,241
colorectal,4119,241
colorectal,4120,240
colorectal,4121,240
colorectal,4122,240
colorectal,4123,239
colorectal,4124,239
colorectal,4125,239
colorectal,4126,239
colorectal,4127,239
colorectal,4128,239
colorectal,4129,238
colorectal,4130,237
colorectal,4131,237
colorectal,4132,237
colorectal,4133,236
colorectal,4134,236
colorectal,4135,236
colorectal,4136,236
colorectal,4137,235
colorectal,4138,235
colorectal,4139,235
colorectal,4140,235
colorectal,4141,234
colorectal,4142,233
colorectal,4143,233
colorectal,4144,232
colorectal,4145,231
colorectal,4146,231
colorectal,4147,228
colorectal,4148,228
colorectal,4149,228
colorectal,4150,228
colorectal,4151,228
colorectal,4152,228
colorectal,4153,226
colorectal,4154,226
colorectal,4155,226
colorectal,4156,226
colorectal,4157,226
colorectal,4158,225
colorectal,4159,225
colorectal,4160,225
colorectal,4161,225
colorectal,4162,224
colorectal,4163,224
colorectal,4164,224
colorectal,4165,224
colorectal,4166,223
colorectal,4167,223
colorectal,4168,223
colorectal,4169,223
colorectal,4170,222
colorectal,4171,222
colorectal,4172,222
colorectal,4173,221
colorectal,4174,221
colorectal,4175,221
colorectal,4176,221
colorectal,4177,221
colorectal,4178,221
colorectal,4179,221
colorectal,4180,220
colorectal,4181,220
colorectal,4182,220
colorectal,4183,219
colorectal,4184,219
colorectal,4185,219
colorectal,4186,218
colorectal,4187,218
colorectal,4188,218
colorectal,4189,217
colorectal,4190,217
colorectal,4191,217
colorectal,4192,216
colorectal,4193,216
colorectal,4194,215
colorectal,4195,215
colorectal,4196,215
colorectal,4197,214
colorectal,4198,214
colorectal,4199,213
colorectal,4200,213
colorectal,4201,213
colorectal,4202,213
colorectal,4203,213
colorectal,4204,213
colorectal,4205,213
colorectal,4206,213
colorectal,4207,213
colorectal,4208,213
colorectal,4209,212
colorectal,4210,212
colorectal,4211,212
colorectal,4212,212
colorectal,4213,211
colorectal,4214,211
colorectal,4215,211
colorectal,4216,211
colorectal,4217,210
colorectal,4218,210
colorectal,4219,210
colorectal,4220,208
colorectal,4221,208
colorectal,4222,208
colorectal,4223,208
colorectal,4224,208
colorectal,4225,207
colorectal,4226,207
colorectal,4227,207
colorectal,4228,207
colorectal,4229,206
colorectal,4230,206
colorectal,4231,206
colorectal,4232,205
colorectal,4233,204
colorectal,4234,204
colorectal,4235,204
colorectal,4236,203
colorectal,4237,203
colorectal,4238,202
colorectal,4239,202
colorectal,4240,202
colorectal,4241,201
colorectal,4242,200
colorectal,4243,200
colorectal,4244,200
colorectal,4245,200
colorectal,4246,200
colorectal,4247,200
colorectal,4248,200
colorectal,4249,200
colorectal,4250,200
colorectal,4251,199
colorectal,4252,199
colorectal,4253,199
colorectal,4254,199
colorectal,4255,198
colorectal,4256,198
colorectal,4257,198
colorectal,4258,197
colorectal,4259,197
colorectal,4260,196
colorectal,4261,196
colorectal,4262,196
colorectal,4263,196
colorectal,4264,195
colorectal,4265,194
colorectal,4266,194
colorectal,4267,194
colorectal,4268,193
colorectal,4269,193
colorectal,4270,193
colorectal,4271,193
colorectal,4272,193
colorectal,4273,192
colorectal,4274,192
colorectal,4275,192
colorectal,4276,192
colorectal,4277,192
colorectal,4278,192
colorectal,4279,191
colorectal,4280,191
colorectal,4281,191
colorectal,4282,191
colorectal,4283,191
colorectal,4284,191
colorectal,4285,191
colorectal,4286,190
colorectal,4287,190
colorectal,4288,190
colorectal,4289,190
colorectal,4290,190
colorectal,4291,190
colorectal,4292,189
colorectal,4293,189
colorectal,4294,189
colorectal,4295,189
colorectal,4296,189
colorectal,4297,188
colorectal,4298,188
colorectal,4299,187
colorectal,4300,187
colorectal,4301,187
colorectal,4302,187
colorectal,4303,186
colorectal,4304,186
colorectal,4305,186
colorectal,4306,186
colorectal,4307,185
colorectal,4308,184
colorectal,4309,184
colorectal,4310,184
colorectal,4311,183
colorectal,4312,183
colorectal,4313,181
colorectal,4314,181
colorectal,4315,181
colorectal,4316,180
colorectal,4317,180
colorectal,4318,180
colorectal,4319,180
colorectal,4320,180
colorectal,4321,180
colorectal,4322,180
colorectal,4323,180
colorectal,4324,179
colorectal,4325,179
colorectal,4326,179
colorectal,4327,179
colorectal,4328,179
colorectal,4329,179
colorectal,4330,179
colorectal,4331,179
colorectal,4332,178
colorectal,4333,178
colorectal,4334,178
colorectal,4335,178
colorectal,4336,178
colorectal,4337,177
colorectal,4338,177
colorectal,4339,177
colorectal,4340,177
colorectal,4341,176
colorectal,4342,176
colorectal,4343,176
colorectal,4344,175
colorectal,4345,175
colorectal,4346,175
colorectal,4347,175
colorectal,4348,174
colorectal,4349,174
colorectal,4350,174
colorectal,4351,174
colorectal,4352,173
colorectal,4353,173
colorectal,4354,173
colorectal,4355,172
colorectal,4356,172
colorectal,4357,172
colorectal,4358,171
colorectal,4359,171
colorectal,4360,171
colorectal,4361,171
colorectal,4362,171
colorectal,4363,170
colorectal,4364,170
colorectal,4365,170
colorectal,4366,170
colorectal,4367,170
colorectal,4368,170
colorectal,4369,170
colorectal,4370,170
colorectal,4371,169
colorectal,4372,169
colorectal,4373,169
colorectal,4374,168
colorectal,4375,168
colorectal,4376,168
colorectal,4377,168
colorectal,4378,168
colorectal,4379,168
colorectal,4380,168
colorectal,4381,168
colorectal,4382,167
colorectal,4383,167
colorectal,4384,167
colorectal,4385,167
colorectal,4386,167
colorectal,4387,167
colorectal,4388,166
colorectal,4389,166
colorectal,4390,166
colorectal,4391,166
colorectal,4392,165
colorectal,4393,165
colorectal,4394,165
colorectal,4395,165
colorectal,4396,165
colorectal,4397,165
colorectal,4398,164
colorectal,4399,164
colorectal,4400,164
colorectal,4401,164
colorectal,4402,164
colorectal,4403,164
colorectal,4404,163
colorectal,4405,163
colorectal,4406,163
colorectal,4407,163
colorectal,4408,163
colorectal,4409,162
colorectal,4410,162
colorectal,4411,162
colorectal,4412,162
colorectal,4413,162
colorectal,4414,162
colorectal,4415,161
colorectal,4416,161
colorectal,4417,161
colorectal,4418,161
colorectal,4419,161
colorectal,4420,160
colorectal,4421,160
colorectal,4422,160
colorectal,4423,160
colorectal,4424,160
colorectal,4425,160
colorectal,4426,160
colorectal,4427,160
colorectal,4428,160
colorectal,4429,159
colorectal,4430,159
colorectal,4431,159
colorectal,4432,158
colorectal,4433,158
colorectal,4434,157
colorectal,4435,157
colorectal,4436,157
colorectal,4437,156
colorectal,4438,156
colorectal,4439,156
colorectal,4440,155
colorectal,4441,154
colorectal,4442,154
colorectal,4443,154
colorectal,4444,154
colorectal,4445,153
colorectal,4446,153
colorectal,4447,153
colorectal,4448,153
colorectal,4449,153
colorectal,4450,152
colorectal,4451,152
colorectal,4452,151
colorectal,4453,151
colorectal,4454,151
colorectal,4455,151
colorectal,4456,150
colorectal,4457,150
colorectal,4458,150
colorectal,4459,149
colorectal,4460,149
colorectal,4461,149
colorectal,4462,148
colorectal,4463,148
colorectal,4464,148
colorectal,4465,147
colorectal,4466,147
colorectal,4467,147
colorectal,4468,147
colorectal,4469,146
colorectal,4470,146
colorectal,4471,145
colorectal,4472,145
colorectal,4473,145
colorectal,4474,145
colorectal,4475,144
colorectal,4476,144
colorectal,4477,144
colorectal,4478,143
colorectal,4479,143
colorectal,4480,142
colorectal,4481,142
colorectal,4482,142
colorectal,4483,141
colorectal,4484,141
colorectal,4485,141
colorectal,4486,141
colorectal,4487,141
colorectal,4488,141
colorectal,4489,140
colorectal,4490,140
colorectal,4491,140
colorectal,4492,140
colorectal,4493,139
colorectal,4494,139
colorectal,4495,139
colorectal,4496,138
colorectal,4497,138
colorectal,4498,138
colorectal,4499,138
colorectal,4500,138
colorectal,4501,138
colorectal,4502,138
colorectal,4503,138
colorectal,4504,137
colorectal,4505,137
colorectal,4506,137
colorectal,4507,137
colorectal,4508,137
colorectal,4509,137
colorectal,4510,137
colorectal,4511,137
colorectal,4512,136
colorectal,4513,136
colorectal,4514,136
colorectal,4515,136
colorectal,4516,136
colorectal,4517,136
colorectal,4518,136
colorectal,4519,136
colorectal,4520,136
colorectal,4521,136
colorectal,4522,135
colorectal,4523,135
colorectal,4524,135
colorectal,4525,135
colorectal,4526,135
colorectal,4527,135
colorectal,4528,134
colorectal,4529,134
colorectal,4530,134
colorectal,4531,133
colorectal,4532,133
colorectal,4533,133
colorectal,4534,133
colorectal,4535,133
colorectal,4536,133
colorectal,4537,133
colorectal,4538,133
colorectal,4539,132
colorectal,4540,132
colorectal,4541,132
colorectal,4542,132
colorectal,4543,131
colorectal,4544,131
colorectal,4545,131
colorectal,4546,131
colorectal,4547,131
colorectal,4548,130
colorectal,4549,130
colorectal,4550,130
colorectal,4551,130
colorectal,4552,130
colorectal,4553,130
colorectal,4554,129
colorectal,4555,129
colorectal,4556,129
colorectal,4557,129
colorectal,4558,129
colorectal,4559,129
colorectal,4560,129
colorectal,4561,129
colorectal,4562,128
colorectal,4563,128
colorectal,4564,128
colorectal,4565,128
colorectal,4566,128
colorectal,4567,127
colorectal,4568,127
colorectal,4569,127
colorectal,4570,127
colorectal,4571,127
colorectal,4572,126
colorectal,4573,126
colorectal,4574,126
colorectal,4575,125
colorectal,4576,123
colorectal,4577,123
colorectal,4578,122
colorectal,4579,122
colorectal,4580,122
colorectal,4581,122
colorectal,4582,122
colorectal,4583,122
colorectal,4584,121
colorectal,4585,121
colorectal,4586,121
colorectal,4587,121
colorectal,4588,121
colorectal,4589,121
colorectal,4590,121
colorectal,4591,121
colorectal,4592,121
colorectal,4593,120
colorectal,4594,120
colorectal,4595,120
colorectal,4596,120
colorectal,4597,120
colorectal,4598,120
colorectal,4599,120
colorectal,4600,120
colorectal,4601,120
colorectal,4602,120
colorectal,4603,120
colorectal,4604,120
colorectal,4605,120
colorectal,4606,120
colorectal,4607,119
colorectal,4608,119
colorectal,4609,119
colorectal,4610,119
colorectal,4611,119
colorectal,4612,119
colorectal,4613,119
colorectal,4614,119
colorectal,4615,118
colorectal,4616,118
colorectal,4617,118
colorectal,4618,118
colorectal,4619,118
colorectal,4620,118
colorectal,4621,118
colorectal,4622,118
colorectal,4623,118
colorectal,4624,117
colorectal,4625,117
colorectal,4626,117
colorectal,4627,117
colorectal,4628,117
colorectal,4629,117
colorectal,4630,116
colorectal,4631,116
colorectal,4632,116
colorectal,4633,116
colorectal,4634,116
colorectal,4635,116
colorectal,4636,116
colorectal,4637,116
colorectal,4638,115
colorectal,4639,115
colorectal,4640,114
colorectal,4641,114
colorectal,4642,114
colorectal,4643,114
colorectal,4644,114
colorectal,4645,114
colorectal,4646,113
colorectal,4647,113
colorectal,4648,113
colorectal,4649,113
colorectal,4650,113
colorectal,4651,112
colorectal,4652,112
colorectal,4653,112
colorectal,4654,112
colorectal,4655,111
colorectal,4656,111
colorectal,4657,111
colorectal,4658,111
colorectal,4659,111
colorectal,4660,111
colorectal,4661,110
colorectal,4662,110
colorectal,4663,110
colorectal,4664,110
colorectal,4665,110
colorectal,4666,110
colorectal,4667,110
colorectal,4668,110
colorectal,4669,110
colorectal,4670,110
colorectal,4671,110
colorectal,4672,110
colorectal,4673,109
colorectal,4674,109
colorectal,4675,109
colorectal,4676,109
colorectal,4677,109
colorectal,4678,109
colorectal,4679,109
colorectal,4680,109
colorectal,4681,109
colorectal,4682,109
colorectal,4683,109
colorectal,4684,108
colorectal,4685,108
colorectal,4686,108
colorectal,4687,108
colorectal,4688,108
colorectal,4689,108
colorectal,4690,108
colorectal,4691,108
colorectal,4692,108
colorectal,4693,107
colorectal,4694,107
colorectal,4695,107
colorectal,4696,107
colorectal,4697,107
colorectal,4698,107
colorectal,4699,106
colorectal,4700,106
colorectal,4701,106
colorectal,4702,106
colorectal,4703,106
colorectal,4704,106
colorectal,4705,106
colorectal,4706,105
colorectal,4707,105
colorectal,4708,105
colorectal,4709,105
colorectal,4710,105
colorectal,4711,105
colorectal,4712,105
colorectal,4713,105
colorectal,4714,105
colorectal,4715,105
colorectal,4716,104
colorectal,4717,104
colorectal,4718,104
colorectal,4719,104
colorectal,4720,103
colorectal,4721,103
colorectal,4722,102
colorectal,4723,102
colorectal,4724,102
colorectal,4725,102
colorectal,4726,102
colorectal,4727,102
colorectal,4728,102
colorectal,4729,102
colorectal,4730,102
colorectal,4731,102
colorectal,4732,101
colorectal,4733,101
colorectal,4734,101
colorectal,4735,101
colorectal,4736,101
colorectal,4737,101
colorectal,4738,101
colorectal,4739,101
colorectal,4740,101
colorectal,4741,100
colorectal,4742,100
colorectal,4743,100
colorectal,4744,100
colorectal,4745,100
colorectal,4746,100
colorectal,4747,99
colorectal,4748,99
colorectal,4749,99
colorectal,4750,99
colorectal,4751,98
colorectal,4752,98
colorectal,4753,98
colorectal,4754,98
colorectal,4755,98
colorectal,4756,98
colorectal,4757,98
colorectal,4758,98
colorectal,4759,98
colorectal,4760,98
colorectal,4761,97
colorectal,4762,97
colorectal,4763,97
colorectal,4764,97
colorectal,4765,97
colorectal,4766,97
colorectal,4767,97
colorectal,4768,97
colorectal,4769,96
colorectal,4770,96
colorectal,4771,96
colorectal,4772,96
colorectal,4773,96
colorectal,4774,96
colorectal,4775,96
colorectal,4776,96
colorectal,4777,96
colorectal,4778,95
colorectal,4779,95
colorectal,4780,95
colorectal,4781,95
colorectal,4782,94
colorectal,4783,94
colorectal,4784,94
colorectal,4785,94
colorectal,4786,94
colorectal,4787,94
colorectal,4788,94
colorectal,4789,94
colorectal,4790,94
colorectal,4791,94
colorectal,4792,94
colorectal,4793,94
colorectal,4794,93
colorectal,4795,93
colorectal,4796,93
colorectal,4797,93
colorectal,4798,93
colorectal,4799,93
colorectal,4800,93
colorectal,4801,92
colorectal,4802,92
colorectal,4803,92
colorectal,4804,92
colorectal,4805,92
colorectal,4806,92
colorectal,4807,92
colorectal,4808,92
colorectal,4809,91
colorectal,4810,91
colorectal,4811,91
colorectal,4812,91
colorectal,4813,91
colorectal,4814,91
colorectal,4815,91
colorectal,4816,91
colorectal,4817,90
colorectal,4818,90
colorectal,4819,90
colorectal,4820,90
colorectal,4821,90
colorectal,4822,90
colorectal,4823,90
colorectal,4824,90
colorectal,4825,89
colorectal,4826,89
colorectal,4827,89
colorectal,4828,89
colorectal,4829,89
colorectal,4830,89
colorectal,4831,89
colorectal,4832,89
colorectal,4833,88
colorectal,4834,88
colorectal,4835,88
colorectal,4836,88
colorectal,4837,88
colorectal,4838,88
colorectal,4839,88
colorectal,4840,88
colorectal,4841,88
colorectal,4842,88
colorectal,4843,88
colorectal,4844,88
colorectal,4845,88
colorectal,4846,87
colorectal,4847,87
colorectal,4848,87
colorectal,4849,87
colorectal,4850,87
colorectal,4851,87
colorectal,4852,86
colorectal,4853,85
colorectal,4854,85
colorectal,4855,85
colorectal,4856,85
colorectal,4857,85
colorectal,4858,85
colorectal,4859,85
colorectal,4860,85
colorectal,4861,85
colorectal,4862,84
colorectal,4863,84
colorectal,4864,84
colorectal,4865,84
colorectal,4866,84
colorectal,4867,84
colorectal,4868,83
colorectal,4869,83
colorectal,4870,83
colorectal,4871,83
colorectal,4872,83
colorectal,4873,83
colorectal,4874,83
colorectal,4875,82
colorectal,4876,82
colorectal,4877,82
colorectal,4878,82
colorectal,4879,82
colorectal,4880,82
colorectal,4881,82
colorectal,4882,82
colorectal,4883,81
colorectal,4884,81
colorectal,4885,81
colorectal,4886,81
colorectal,4887,81
colorectal,4888,81
colorectal,4889,81
colorectal,4890,81
colorectal,4891,80
colorectal,4892,80
colorectal,4893,80
colorectal,4894,80
colorectal,4895,79
colorectal,4896,79
colorectal,4897,79
colorectal,4898,79
colorectal,4899,79
colorectal,4900,79
colorectal,4901,79
colorectal,4902,79
colorectal,4903,79
colorectal,4904,79
colorectal,4905,79
colorectal,4906,79
colorectal,4907,79
colorectal,4908,79
colorectal,4909,78
colorectal,4910,78
colorectal,4911,78
colorectal,4912,78
colorectal,4913,78
colorectal,4914,78
colorectal,4915,78
colorectal,4916,78
colorectal,4917,78
colorectal,4918,78
colorectal,4919,77
colorectal,4920,77
colorectal,4921,77
colorectal,4922,77
colorectal,4923,77
colorectal,4924,77
colorectal,4925,77
colorectal,4926,77
colorectal,4927,77
colorectal,4928,77
colorectal,4929,77
colorectal,4930,77
colorectal,4931,76
colorectal,4932,76
colorectal,4933,76
colorectal,4934,76
colorectal,4935,76
colorectal,4936,76
colorectal,4937,76
colorectal,4938,76
colorectal,4939,76
colorectal,4940,76
colorectal,4941,76
colorectal,4942,75
colorectal,4943,75
colorectal,4944,75
colorectal,4945,75
colorectal,4946,75
colorectal,4947,75
colorectal,4948,75
colorectal,4949,75
colorectal,4950,75
colorectal,4951,75
colorectal,4952,75
colorectal,4953,75
colorectal,4954,75
colorectal,4955,74
colorectal,4956,74
colorectal,4957,74
colorectal,4958,74
colorectal,4959,74
colorectal,4960,74
colorectal,4961,74
colorectal,4962,74
colorectal,4963,74
colorectal,4964,74
colorectal,4965,73
colorectal,4966,73
colorectal,4967,73
colorectal,4968,73
colorectal,4969,73
colorectal,4970,73
colorectal,4971,73
colorectal,4972,73
colorectal,4973,73
colorectal,4974,73
colorectal,4975,73
colorectal,4976,73
colorectal,4977,72
colorectal,4978,72
colorectal,4979,72
colorectal,4980,72
colorectal,4981,72
colorectal,4982,72
colorectal,4983,72
colorectal,4984,72
colorectal,4985,72
colorectal,4986,72
colorectal,4987,72
colorectal,4988,71
colorectal,4989,71
colorectal,4990,71
colorectal,4991,71
colorectal,4992,71
colorectal,4993,71
colorectal,4994,71
colorectal,4995,71
colorectal,4996,71
colorectal,4997,71
colorectal,4998,71
colorectal,4999,71
colorectal,5000,70
colorectal,5001,70
colorectal,5002,70
colorectal,5003,70
colorectal,5004,70
colorectal,5005,70
colorectal,5006,70
colorectal,5007,70
colorectal,5008,70
colorectal,5009,69
colorectal,5010,69
colorectal,5011,69
colorectal,5012,69
colorectal,5013,69
colorectal,5014,69
colorectal,5015,69
colorectal,5016,69
colorectal,5017,69
colorectal,5018,69
colorectal,5019,68
colorectal,5020,68
colorectal,5021,68
colorectal,5022,68
colorectal,5023,68
colorectal,5024,68
colorectal,5025,68
colorectal,5026,68
colorectal,5027,68
colorectal,5028,68
colorectal,5029,67
colorectal,5030,67
colorectal,5031,67
colorectal,5032,67
colorectal,5033,67
colorectal,5034,67
colorectal,5035,67
colorectal,5036,67
colorectal,5037,67
colorectal,5038,67
colorectal,5039,67
colorectal,5040,67
colorectal,5041,66
colorectal,5042,66
colorectal,5043,66
colorectal,5044,66
colorectal,5045,66
colorectal,5046,66
colorectal,5047,66
colorectal,5048,66
colorectal,5049,66
colorectal,5050,66
colorectal,5051,66
colorectal,5052,66
colorectal,5053,66
colorectal,5054,65
colorectal,5055,65
colorectal,5056,65
colorectal,5057,65
colorectal,5058,65
colorectal,5059,65
colorectal,5060,65
colorectal,5061,65
colorectal,5062,64
colorectal,5063,64
colorectal,5064,64
colorectal,5065,64
colorectal,5066,64
colorectal,5067,64
colorectal,5068,64
colorectal,5069,64
colorectal,5070,64
colorectal,5071,64
colorectal,5072,64
colorectal,5073,64
colorectal,5074,63
colorectal,5075,63
colorectal,5076,63
colorectal,5077,63
colorectal,5078,63
colorectal,5079,63
colorectal,5080,63
colorectal,5081,62
colorectal,5082,62
colorectal,5083,62
colorectal,5084,62
colorectal,5085,62
colorectal,5086,62
colorectal,5087,62
colorectal,5088,62
colorectal,5089,61
colorectal,5090,61
colorectal,5091,61
colorectal,5092,61
colorectal,5093,61
colorectal,5094,61
colorectal,5095,61
colorectal,5096,61
colorectal,5097,61
colorectal,5098,61
colorectal,5099,61
colorectal,5100,60
colorectal,5101,60
colorectal,5102,60
colorectal,5103,60
colorectal,5104,60
colorectal,5105,60
colorectal,5106,60
colorectal,5107,60
colorectal,5108,60
colorectal,5109,60
colorectal,5110,60
colorectal,5111,59
colorectal,5112,59
colorectal,5113,59
colorectal,5114,59
colorectal,5115,59
colorectal,5116,59
colorectal,5117,59
colorectal,5118,59
colorectal,5119,59
colorectal,5120,59
colorectal,5121,59
colorectal,5122,59
colorectal,5123,59
colorectal,5124,59
colorectal,5125,58
colorectal,5126,58
colorectal,5127,58
colorectal,5128,58
colorectal,5129,58
colorectal,5130,58
colorectal,5131,58
colorectal,5132,58
colorectal,5133,58
colorectal,5134,58
colorectal,5135,58
colorectal,5136,58
colorectal,5137,58
colorectal,5138,58
colorectal,5139,57
colorectal,5140,57
colorectal,5141,57
colorectal,5142,57
colorectal,5143,57
colorectal,5144,57
colorectal,5145,57
colorectal,5146,57
colorectal,5147,57
colorectal,5148,57
colorectal,5149,57
colorectal,5150,56
colorectal,5151,56
colorectal,5152,56
colorectal,5153,56
colorectal,5154,56
colorectal,5155,56
colorectal,5156,56
colorectal,5157,56
colorectal,5158,56
colorectal,5159,56
colorectal,5160,56
colorectal,5161,56
colorectal,5162,55
colorectal,5163,55
colorectal,5164,55
colorectal,5165,55
colorectal,5166,55
colorectal,5167,55
colorectal,5168,55
colorectal,5169,55
colorectal,5170,55
colorectal,5171,54
colorectal,5172,54
colorectal,5173,54
colorectal,5174,54
colorectal,5175,54
colorectal,5176,54
colorectal,5177,54
colorectal,5178,54
colorectal,5179,54
colorectal,5180,54
colorectal,5181,54
colorectal,5182,54
colorectal,5183,54
colorectal,5184,54
colorectal,5185,54
colorectal,5186,53
colorectal,5187,53
colorectal,5188,53
colorectal,5189,53
colorectal,5190,53
colorectal,5191,53
colorectal,5192,53
colorectal,5193,52
colorectal,5194,52
colorectal,5195,52
colorectal,5196,52
colorectal,5197,52
colorectal,5198,52
colorectal,5199,52
colorectal,5200,52
colorectal,5201,52
colorectal,5202,52
colorectal,5203,52
colorectal,5204,51
colorectal,5205,51
colorectal,5206,51
colorectal,5207,51
colorectal,5208,51
colorectal,5209,51
colorectal,5210,51
colorectal,5211,51
colorectal,5212,51
colorectal,5213,50
colorectal,5214,50
colorectal,5215,50
colorectal,5216,50
colorectal,5217,50
colorectal,5218,50
colorectal,5219,50
colorectal,5220,50
colorectal,5221,50
colorectal,5222,50
colorectal,5223,50
colorectal,5224,50
colorectal,5225,49
colorectal,5226,49
colorectal,5227,49
colorectal,5228,49
colorectal,5229,49
colorectal,5230,49
colorectal,5231,49
colorectal,5232,49
colorectal,5233,49
colorectal,5234,49
colorectal,5235,49
colorectal,5236,49
colorectal,5237,49
colorectal,5238,49
colorectal,5239,49
colorectal,5240,48
colorectal,5241,48
colorectal,5242,48
colorectal,5243,48
colorectal,5244,48
colorectal,5245,48
colorectal,5246,48
colorectal,5247,48
colorectal,5248,48
colorectal,5249,48
colorectal,5250,48
colorectal,5251,48
colorectal,5252,47
colorectal,5253,47
colorectal,5254,47
colorectal,5255,47
colorectal,5256,47
colorectal,5257,47
colorectal,5258,47
colorectal,5259,46
colorectal,5260,46
colorectal,5261,46
colorectal,5262,46
colorectal,5263,46
colorectal,5264,46
colorectal,5265,46
colorectal,5266,46
colorectal,5267,46
colorectal,5268,46
colorectal,5269,46
colorectal,5270,46
colorectal,5271,46
colorectal,5272,46
colorectal,5273,45
colorectal,5274,45
colorectal,5275,45
colorectal,5276,45
colorectal,5277,45
colorectal,5278,45
colorectal,5279,45
colorectal,5280,45
colorectal,5281,45
colorectal,5282,45
colorectal,5283,45
colorectal,5284,45
colorectal,5285,45
colorectal,5286,45
colorectal,5287,44
colorectal,5288,44
colorectal,5289,44
colorectal,5290,44
colorectal,5291,44
colorectal,5292,44
colorectal,5293,44
colorectal,5294,44
colorectal,5295,43
colorectal,5296,43
colorectal,5297,43
colorectal,5298,43
colorectal,5299,43
colorectal,5300,43
colorectal,5301,43
colorectal,5302,43
colorectal,5303,43
colorectal,5304,43
colorectal,5305,43
colorectal,5306,43
colorectal,5307,42
colorectal,5308,42
colorectal,5309,42
colorectal,5310,42
colorectal,5311,42
colorectal,5312,42
colorectal,5313,42
colorectal,5314,42
colorectal,5315,42
colorectal,5316,42
colorectal,5317,42
colorectal,5318,42
colorectal,5319,41
colorectal,5320,41
colorectal,5321,41
colorectal,5322,41
colorectal,5323,41
colorectal,5324,41
colorectal,5325,41
colorectal,5326,41
colorectal,5327,40
colorectal,5328,40
colorectal,5329,40
colorectal,5330,40
colorectal,5331,40
colorectal,5332,40
colorectal,5333,40
colorectal,5334,40
colorectal,5335,40
colorectal,5336,40
colorectal,5337,40
colorectal,5338,40
colorectal,5339,40
colorectal,5340,40
colorectal,5341,40
colorectal,5342,40
colorectal,5343,40
colorectal,5344,39
colorectal,5345,39
colorectal,5346,39
colorectal,5347,39
colorectal,5348,39
colorectal,5349,39
colorectal,5350,39
colorectal,5351,39
colorectal,5352,39
colorectal,5353,39
colorectal,5354,39
colorectal,5355,39
colorectal,5356,39
colorectal,5357,38
colorectal,5358,38
colorectal,5359,38
colorectal,5360,38
colorectal,5361,38
colorectal,5362,38
colorectal,5363,38
colorectal,5364,38
colorectal,5365,38
colorectal,5366,38
colorectal,5367,38
colorectal,5368,38
colorectal,5369,38
colorectal,5370,38
colorectal,5371,38
colorectal,5372,38
colorectal,5373,37
colorectal,5374,37
colorectal,5375,37
colorectal,5376,37
colorectal,5377,37
colorectal,5378,37
colorectal,5379,37
colorectal,5380,37
colorectal,5381,37
colorectal,5382,37
colorectal,5383,37
colorectal,5384,37
colorectal,5385,37
colorectal,5386,37
colorectal,5387,37
colorectal,5388,36
colorectal,5389,36
colorectal,5390,36
colorectal,5391,36
colorectal,5392,36
colorectal,5393,36
colorectal,5394,36
colorectal,5395,36
colorectal,5396,36
colorectal,5397,36
colorectal,5398,36
colorectal,5399,36
colorectal,5400,36
colorectal,5401,36
colorectal,5402,36
colorectal,5403,36
colorectal,5404,36
colorectal,5405,35
colorectal,5406,35
colorectal,5407,35
colorectal,5408,35
colorectal,5409,35
colorectal,5410,35
colorectal,5411,35
colorectal,5412,35
colorectal,5413,35
colorectal,5414,35
colorectal,5415,35
colorectal,5416,35
colorectal,5417,35
colorectal,5418,35
colorectal,5419,35
colorectal,5420,35
colorectal,5421,35
colorectal,5422,35
colorectal,5423,35
colorectal,5424,35
colorectal,5425,35
colorectal,5426,35
colorectal,5427,35
colorectal,5428,35
colorectal,5429,34
colorectal,5430,34
colorectal,5431,34
colorectal,5432,34
colorectal,5433,34
colorectal,5434,34
colorectal,5435,34
colorectal,5436,34
colorectal,5437,34
colorectal,5438,34
colorectal,5439,34
colorectal,5440,34
colorectal,5441,34
colorectal,5442,34
colorectal,5443,34
colorectal,5444,34
colorectal,5445,34
colorectal,5446,34
colorectal,5447,34
colorectal,5448,33
colorectal,5449,33
colorectal,5450,33
colorectal,5451,33
colorectal,5452,33
colorectal,5453,33
colorectal,5454,33
colorectal,5455,33
colorectal,5456,33
colorectal,5457,33
colorectal,5458,33
colorectal,5459,33
colorectal,5460,33
colorectal,5461,33
colorectal,5462,33
colorectal,5463,33
colorectal,5464,33
colorectal,5465,32
colorectal,5466,32
colorectal,5467,32
colorectal,5468,32
colorectal,5469,32
colorectal,5470,32
colorectal,5471,32
colorectal,5472,32
colorectal,5473,32
colorectal,5474,32
colorectal,5475,32
colorectal,5476,32
colorectal,5477,32
colorectal,5478,32
colorectal,5479,32
colorectal,5480,32
colorectal,5481,32
colorectal,5482,32
colorectal,5483,32
colorectal,5484,32
colorectal,5485,31
colorectal,5486,31
colorectal,5487,31
colorectal,5488,31
colorectal,5489,31
colorectal,5490,31
colorectal,5491,31
colorectal,5492,31
colorectal,5493,31
colorectal,5494,31
colorectal,5495,31
colorectal,5496,31
colorectal,5497,31
colorectal,5498,31
colorectal,5499,31
colorectal,5500,31
colorectal,5501,31
colorectal,5502,31
colorectal,5503,31
colorectal,5504,31
colorectal,5505,31
colorectal,5506,31
colorectal,5507,30
colorectal,5508,30
colorectal,5509,30
colorectal,5510,30
colorectal,5511,30
colorectal,5512,30
colorectal,5513,30
colorectal,5514,30
colorectal,5515,30
colorectal,5516,30
colorectal,5517,30
colorectal,5518,30
colorectal,5519,29
colorectal,5520,29
colorectal,5521,29
colorectal,5522,29
colorectal,5523,29
colorectal,5524,29
colorectal,5525,29
colorectal,5526,29
colorectal,5527,29
colorectal,5528,29
colorectal,5529,29
colorectal,5530,29
colorectal,5531,29
colorectal,5532,29
colorectal,5533,29
colorectal,5534,29
colorectal,5535,29
colorectal,5536,29
colorectal,5537,29
colorectal,5538,29
colorectal,5539,28
colorectal,5540,28
colorectal,5541,28
colorectal,5542,28
colorectal,5543,28
colorectal,5544,28
colorectal,5545,28
colorectal,5546,28
colorectal,5547,28
colorectal,5548,28
colorectal,5549,28
colorectal,5550,28
colorectal,5551,28
colorectal,5552,28
colorectal,5553,28
colorectal,5554,28
colorectal,5555,28
colorectal,5556,28
colorectal,5557,28
colorectal,5558,28
colorectal,5559,28
colorectal,5560,28
colorectal,5561,28
colorectal,5562,28
colorectal,5563,28
colorectal,5564,28
colorectal,5565,28
colorectal,5566,28
colorectal,5567,28
colorectal,5568,27
colorectal,5569,27
colorectal,5570,27
colorectal,5571,27
colorectal,5572,27
colorectal,5573,27
colorectal,5574,27
colorectal,5575,27
colorectal,5576,27
colorectal,5577,27
colorectal,5578,27
colorectal,5579,27
colorectal,5580,27
colorectal,5581,27
colorectal,5582,27
colorectal,5583,27
colorectal,5584,27
colorectal,5585,27
colorectal,5586,27
colorectal,5587,27
colorectal,5588,27
colorectal,5589,27
colorectal,5590,27
colorectal,5591,26
colorectal,5592,26
colorectal,5593,26
colorectal,5594,26
colorectal,5595,26
colorectal,5596,26
colorectal,5597,26
colorectal,5598,26
colorectal,5599,26
colorectal,5600,26
colorectal,5601,26
colorectal,5602,26
colorectal,5603,26
colorectal,5604,26
colorectal,5605,26
colorectal,5606,26
colorectal,5607,26
colorectal,5608,25
colorectal,5609,25
colorectal,5610,25
colorectal,5611,25
colorectal,5612,25
colorectal,5613,25
colorectal,5614,25
colorectal,5615,25
colorectal,5616,25
colorectal,5617,25
colorectal,5618,25
colorectal,5619,25
colorectal,5620,25
colorectal,5621,25
colorectal,5622,25
colorectal,5623,25
colorectal,5624,25
colorectal,5625,25
colorectal,5626,25
colorectal,5627,24
colorectal,5628,24
colorectal,5629,24
colorectal,5630,24
colorectal,5631,24
colorectal,5632,24
colorectal,5633,24
colorectal,5634,24
colorectal,5635,24
colorectal,5636,24
colorectal,5637,24
colorectal,5638,24
colorectal,5639,24
colorectal,5640,24
colorectal,5641,24
colorectal,5642,24
colorectal,5643,24
colorectal,5644,24
colorectal,5645,24
colorectal,5646,24
colorectal,5647,24
colorectal,5648,24
colorectal,5649,24
colorectal,5650,24
colorectal,5651,24
colorectal,5652,24
colorectal,5653,24
colorectal,5654,24
colorectal,5655,24
colorectal,5656,24
colorectal,5657,24
colorectal,5658,24
colorectal,5659,24
colorectal,5660,24
colorectal,5661,24
colorectal,5662,24
colorectal,5663,24
colorectal,5664,24
colorectal,5665,24
colorectal,5666,24
colorectal,5667,23
colorectal,5668,23
colorectal,5669,23
colorectal,5670,23
colorectal,5671,23
colorectal,5672,23
colorectal,5673,23
colorectal,5674,23
colorectal,5675,23
colorectal,5676,23
colorectal,5677,23
colorectal,5678,23
colorectal,5679,23
colorectal,5680,23
colorectal,5681,23
colorectal,5682,23
colorectal,5683,23
colorectal,5684,23
colorectal,5685,23
colorectal,5686,23
colorectal,5687,23
colorectal,5688,23
colorectal,5689,23
colorectal,5690,23
colorectal,5691,23
colorectal,5692,23
colorectal,5693,23
colorectal,5694,23
colorectal,5695,23
colorectal,5696,23
colorectal,5697,23
colorectal,5698,22
colorectal,5699,22
colorectal,5700,22
colorectal,5701,22
colorectal,5702,22
colorectal,5703,22
colorectal,5704,22
colorectal,5705,22
colorectal,5706,22
colorectal,5707,22
colorectal,5708,22
colorectal,5709,22
colorectal,5710,22
colorectal,5711,22
colorectal,5712,22
colorectal,5713,22
colorectal,5714,22
colorectal,5715,22
colorectal,5716,22
colorectal,5717,22
colorectal,5718,22
colorectal,5719,22
colorectal,5720,22
colorectal,5721,22
colorectal,5722,22
colorectal,5723,22
colorectal,5724,22
colorectal,5725,22
colorectal,5726,22
colorectal,5727,22
colorectal,5728,22
colorectal,5729,22
colorectal,5730,21
colorectal,5731,21
colorectal,5732,21
colorectal,5733,21
colorectal,5734,21
colorectal,5735,21
colorectal,5736,21
colorectal,5737,21
colorectal,5738,21
colorectal,5739,21
colorectal,5740,21
colorectal,5741,21
colorectal,5742,21
colorectal,5743,21
colorectal,5744,21
colorectal,5745,21
colorectal,5746,21
colorectal,5747,21
colorectal,5748,21
colorectal,5749,21
colorectal,5750,21
colorectal,5751,21
colorectal,5752,21
colorectal,5753,21
colorectal,5754,20
colorectal,5755,20
colorectal,5756,20
colorectal,5757,20
colorectal,5758,20
colorectal,5759,20
colorectal,5760,20
colorectal,5761,20
colorectal,5762,20
colorectal,5763,20
colorectal,5764,20
colorectal,5765,20
colorectal,5766,20
colorectal,5767,20
colorectal,5768,20
colorectal,5769,20
colorectal,5770,20
colorectal,5771,20
colorectal,5772,20
colorectal,5773,20
colorectal,5774,19
colorectal,5775,19
colorectal,5776,19
colorectal,5777,19
colorectal,5778,19
colorectal,5779,19
colorectal,5780,19
colorectal,5781,19
colorectal,5782,19
colorectal,5783,19
colorectal,5784,19
colorectal,5785,19
colorectal,5786,19
colorectal,5787,19
colorectal,5788,19
colorectal,5789,19
colorectal,5790,19
colorectal,5791,19
colorectal,5792,19
colorectal,5793,19
colorectal,5794,19
colorectal,5795,19
colorectal,5796,19
colorectal,5797,19
colorectal,5798,19
colorectal,5799,19
colorectal,5800,19
colorectal,5801,19
colorectal,5802,18
colorectal,5803,18
colorectal,5804,18
colorectal,5805,18
colorectal,5806,18
colorectal,5807,18
colorectal,5808,18
colorectal,5809,18
colorectal,5810,18
colorectal,5811,18
colorectal,5812,18
colorectal,5813,18
colorectal,5814,18
colorectal,5815,18
colorectal,5816,18
colorectal,5817,18
colorectal,5818,18
colorectal,5819,18
colorectal,5820,18
colorectal,5821,18
colorectal,5822,18
colorectal,5823,18
colorectal,5824,18
colorectal,5825,18
colorectal,5826,18
colorectal,5827,18
colorectal,5828,18
colorectal,5829,18
colorectal,5830,18
colorectal,5831,18
colorectal,5832,18
colorectal,5833,18
colorectal,5834,18
colorectal,5835,18
colorectal,5836,18
colorectal,5837,18
colorectal,5838,18
colorectal,5839,18
colorectal,5840,18
colorectal,5841,18
colorectal,5842,18
colorectal,5843,18
colorectal,5844,18
colorectal,5845,17
colorectal,5846,17
colorectal,5847,17
colorectal,5848,17
colorectal,5849,17
colorectal,5850,17
colorectal,5851,17
colorectal,5852,17
colorectal,5853,17
colorectal,5854,17
colorectal,5855,17
colorectal,5856,17
colorectal,5857,17
colorectal,5858,17
colorectal,5859,17
colorectal,5860,17
colorectal,5861,17
colorectal,5862,17
colorectal,5863,17
colorectal,5864,17
colorectal,5865,17
colorectal,5866,17
colorectal,5867,17
colorectal,5868,17
colorectal,5869,17
colorectal,5870,17
colorectal,5871,17
colorectal,5872,17
colorectal,5873,17
colorectal,5874,17
colorectal,5875,17
colorectal,5876,17
colorectal,5877,17
colorectal,5878,17
colorectal,5879,17
colorectal,5880,17
colorectal,5881,17
colorectal,5882,17
colorectal,5883,17
colorectal,5884,17
colorectal,5885,17
colorectal,5886,17
colorectal,5887,16
colorectal,5888,16
colorectal,5889,16
colorectal,5890,16
colorectal,5891,16
colorectal,5892,16
colorectal,5893,16
colorectal,5894,16
colorectal,5895,16
colorectal,5896,16
colorectal,5897,16
colorectal,5898,16
colorectal,5899,16
colorectal,5900,16
colorectal,5901,16
colorectal,5902,16
colorectal,5903,16
colorectal,5904,16
colorectal,5905,16
colorectal,5906,16
colorectal,5907,16
colorectal,5908,16
colorectal,5909,16
colorectal,5910,16
colorectal,5911,16
colorectal,5912,16
colorectal,5913,16
colorectal,5914,16
colorectal,5915,16
colorectal,5916,16
colorectal,5917,16
colorectal,5918,16
colorectal,5919,16
colorectal,5920,16
colorectal,5921,16
colorectal,5922,16
colorectal,5923,16
colorectal,5924,16
colorectal,5925,16
colorectal,5926,16
colorectal,5927,15
colorectal,5928,15
colorectal,5929,15
colorectal,5930,15
colorectal,5931,15
colorectal,5932,15
colorectal,5933,15
colorectal,5934,15
colorectal,5935,15
colorectal,5936,15
colorectal,5937,15
colorectal,5938,15
colorectal,5939,15
colorectal,5940,15
colorectal,5941,15
colorectal,5942,15
colorectal,5943,15
colorectal,5944,15
colorectal,5945,15
colorectal,5946,15
colorectal,5947,15
colorectal,5948,15
colorectal,5949,15
colorectal,5950,15
colorectal,5951,15
colorectal,5952,15
colorectal,5953,15
colorectal,5954,15
colorectal,5955,15
colorectal,5956,15
colorectal,5957,15
colorectal,5958,15
colorectal,5959,15
colorectal,5960,15
colorectal,5961,14
colorectal,5962,14
colorectal,5963,14
colorectal,5964,14
colorectal,5965,14
colorectal,5966,14
colorectal,5967,14
colorectal,5968,14
colorectal,5969,14
colorectal,5970,14
colorectal,5971,14
colorectal,5972,14
colorectal,5973,14
colorectal,5974,14
colorectal,5975,14
colorectal,5976,14
colorectal,5977,14
colorectal,5978,14
colorectal,5979,14
colorectal,5980,14
colorectal,5981,14
colorectal,5982,14
colorectal,5983,14
colorectal,5984,14
colorectal,5985,14
colorectal,5986,14
colorectal,5987,14
colorectal,5988,14
colorectal,5989,14
colorectal,5990,14
colorectal,5991,13
colorectal,5992,13
colorectal,5993,13
colorectal,5994,13
colorectal,5995,13
colorectal,5996,13
colorectal,5997,13
colorectal,5998,13
colorectal,5999,13
colorectal,6000,13
colorectal,6001,13
colorectal,6002,13
colorectal,6003,13
colorectal,6004,13
colorectal,6005,13
colorectal,6006,13
colorectal,6007,13
colorectal,6008,13
colorectal,6009,13
colorectal,6010,13
colorectal,6011,13
colorectal,6012,13
colorectal,6013,13
colorectal,6014,13
colorectal,6015,13
colorectal,6016,13
colorectal,6017,13
colorectal,6018,13
colorectal,6019,13
colorectal,6020,13
colorectal,6021,13
colorectal,6022,13
colorectal,6023,13
colorectal,6024,12
colorectal,6025,12
colorectal,6026,12
colorectal,6027,12
colorectal,6028,12
colorectal,6029,12
colorectal,6030,12
colorectal,6031,12
colorectal,6032,12
colorectal,6033,12
colorectal,6034,12
colorectal,6035,12
colorectal,6036,12
colorectal,6037,12
colorectal,6038,12
colorectal,6039,12
colorectal,6040,12
colorectal,6041,12
colorectal,6042,12
colorectal,6043,12
colorectal,6044,12
colorectal,6045,12
colorectal,6046,12
colorectal,6047,12
colorectal,6048,12
colorectal,6049,12
colorectal,6050,12
colorectal,6051,12
colorectal,6052,12
colorectal,6053,12
colorectal,6054,12
colorectal,6055,12
colorectal,6056,12
colorectal,6057,12
colorectal,6058,12
colorectal,6059,12
colorectal,6060,12
colorectal,6061,11
colorectal,6062,11
colorectal,6063,11
colorectal,6064,11
colorectal,6065,11
colorectal,6066,11
colorectal,6067,11
colorectal,6068,11
colorectal,6069,11
colorectal,6070,11
colorectal,6071,11
colorectal,6072,11
colorectal,6073,11
colorectal,6074,11
colorectal,6075,11
colorectal,6076,11
colorectal,6077,11
colorectal,6078,11
colorectal,6079,11
colorectal,6080,11
colorectal,6081,11
colorectal,6082,11
colorectal,6083,11
colorectal,6084,11
colorectal,6085,11
colorectal,6086,11
colorectal,6087,11
colorectal,6088,11
colorectal,6089,11
colorectal,6090,11
colorectal,6091,11
colorectal,6092,11
colorectal,6093,11
colorectal,6094,11
colorectal,6095,11
colorectal,6096,11
colorectal,6097,11
colorectal,6098,11
colorectal,6099,11
colorectal,6100,10
colorectal,6101,10
colorectal,6102,10
colorectal,6103,10
colorectal,6104,10
colorectal,6105,10
colorectal,6106,10
colorectal,6107,10
colorectal,6108,10
colorectal,6109,10
colorectal,6110,10
colorectal,6111,10
colorectal,6112,10
colorectal,6113,10
colorectal,6114,10
colorectal,6115,10
colorectal,6116,10
colorectal,6117,10
colorectal,6118,10
colorectal,6119,10
colorectal,6120,10
colorectal,6121,10
colorectal,6122,10
colorectal,6123,10
colorectal,6124,10
colorectal,6125,10
colorectal,6126,10
colorectal,6127,10
colorectal,6128,10
colorectal,6129,10
colorectal,6130,10
colorectal,6131,10
colorectal,6132,10
colorectal,6133,10
colorectal,6134,10
colorectal,6135,10
colorectal,6136,10
colorectal,6137,10
colorectal,6138,10
colorectal,6139,10
colorectal,6140,10
colorectal,6141,10
colorectal,6142,10
colorectal,6143,10
colorectal,6144,10
colorectal,6145,10
colorectal,6146,10
colorectal,6147,10
colorectal,6148,10
colorectal,6149,10
colorectal,6150,10
colorectal,6151,10
colorectal,6152,9
colorectal,6153,9
colorectal,6154,9
colorectal,6155,9
colorectal,6156,9
colorectal,6157,9
colorectal,6158,9
colorectal,6159,9
colorectal,6160,9
colorectal,6161,9
colorectal,6162,9
colorectal,6163,9
colorectal,6164,9
colorectal,6165,9
colorectal,6166,9
colorectal,6167,9
colorectal,6168,9
colorectal,6169,9
colorectal,6170,9
colorectal,6171,9
colorectal,6172,9
colorectal,6173,9
colorectal,6174,9
colorectal,6175,9
colorectal,6176,9
colorectal,6177,9
colorectal,6178,9
colorectal,6179,9
colorectal,6180,9
colorectal,6181,9
colorectal,6182,9
colorectal,6183,9
colorectal,6184,9
colorectal,6185,9
colorectal,6186,9
colorectal,6187,9
colorectal,6188,9
colorectal,6189,9
colorectal,6190,9
colorectal,6191,9
colorectal,6192,9
colorectal,6193,9
colorectal,6194,9
colorectal,6195,9
colorectal,6196,9
colorectal,6197,9
colorectal,6198,9
colorectal,6199,9
colorectal,6200,9
colorectal,6201,9
colorectal,6202,9
colorectal,6203,9
colorectal,6204,9
colorectal,6205,9
colorectal,6206,9
colorectal,6207,9
colorectal,6208,9
colorectal,6209,9
colorectal,6210,9
colorectal,6211,9
colorectal,6212,9
colorectal,6213,9
colorectal,6214,8
colorectal,6215,8
colorectal,6216,8
colorectal,6217,8
colorectal,6218,8
colorectal,6219,8
colorectal,6220,8
colorectal,6221,8
colorectal,6222,8
colorectal,6223,8
colorectal,6224,8
colorectal,6225,8
colorectal,6226,8
colorectal,6227,8
colorectal,6228,8
colorectal,6229,8
colorectal,6230,8
colorectal,6231,8
colorectal,6232,8
colorectal,6233,8
colorectal,6234,8
colorectal,6235,8
colorectal,6236,8
colorectal,6237,8
colorectal,6238,8
colorectal,6239,8
colorectal,6240,8
colorectal,6241,8
colorectal,6242,8
colorectal,6243,8
colorectal,6244,8
colorectal,6245,8
colorectal,6246,8
colorectal,6247,8
colorectal,6248,8
colorectal,6249,8
colorectal,6250,8
colorectal,6251,8
colorectal,6252,8
colorectal,6253,8
colorectal,6254,8
colorectal,6255,8
colorectal,6256,8
colorectal,6257,8
colorectal,6258,8
colorectal,6259,8
colorectal,6260,8
colorectal,6261,8
colorectal,6262,8
colorectal,6263,8
colorectal,6264,8
colorectal,6265,8
colorectal,6266,8
colorectal,6267,8
colorectal,6268,8
colorectal,6269,8
colorectal,6270,8
colorectal,6271,8
colorectal,6272,8
colorectal,6273,8
colorectal,6274,8
colorectal,6275,7
colorectal,6276,7
colorectal,6277,7
colorectal,6278,7
colorectal,6279,7
colorectal,6280,7
colorectal,6281,7
colorectal,6282,7
colorectal,6283,7
colorectal,6284,7
colorectal,6285,7
colorectal,6286,7
colorectal,6287,7
colorectal,6288,7
colorectal,6289,7
colorectal,6290,7
colorectal,6291,7
colorectal,6292,7
colorectal,6293,7
colorectal,6294,7
colorectal,6295,7
colorectal,6296,7
colorectal,6297,7
colorectal,6298,7
colorectal,6299,7
colorectal,6300,7
colorectal,6301,7
colorectal,6302,7
colorectal,6303,7
colorectal,6304,7
colorectal,6305,7
colorectal,6306,7
colorectal,6307,7
colorectal,6308,7
colorectal,6309,7
colorectal,6310,7
colorectal,6311,7
colorectal,6312,7
colorectal,6313,7
colorectal,6314,7
colorectal,6315,7
colorectal,6316,7
colorectal,6317,7
colorectal,6318,7
colorectal,6319,7
colorectal,6320,7
colorectal,6321,7
colorectal,6322,7
colorectal,6323,7
colorectal,6324,7
colorectal,6325,7
colorectal,6326,7
colorectal,6327,7
colorectal,6328,7
colorectal,6329,7
colorectal,6330,7
colorectal,6331,7
colorectal,6332,7
colorectal,6333,7
colorectal,6334,7
colorectal,6335,7
colorectal,6336,7
colorectal,6337,7
colorectal,6338,7
colorectal,6339,7
colorectal,6340,7
colorectal,6341,7
colorectal,6342,7
colorectal,6343,7
colorectal,6344,7
colorectal,6345,7
colorectal,6346,6
colorectal,6347,6
colorectal,6348,6
colorectal,6349,6
colorectal,6350,6
colorectal,6351,6
colorectal,6352,6
colorectal,6353,6
colorectal,6354,6
colorectal,6355,6
colorectal,6356,6
colorectal,6357,6
colorectal,6358,6
colorectal,6359,6
colorectal,6360,6
colorectal,6361,6
colorectal,6362,6
colorectal,6363,6
colorectal,6364,6
colorectal,6365,6
colorectal,6366,6
colorectal,6367,6
colorectal,6368,6
colorectal,6369,6
colorectal,6370,6
colorectal,6371,6
colorectal,6372,6
colorectal,6373,6
colorectal,6374,6
colorectal,6375,6
colorectal,6376,6
colorectal,6377,6
colorectal,6378,6
colorectal,6379,6
colorectal,6380,6
colorectal,6381,6
colorectal,6382,6
colorectal,6383,6
colorectal,6384,6
colorectal,6385,6
colorectal,6386,6
colorectal,6387,6
colorectal,6388,6
colorectal,6389,6
colorectal,6390,6
colorectal,6391,6
colorectal,6392,6
colorectal,6393,6
colorectal,6394,6
colorectal,6395,6
colorectal,6396,6
colorectal,6397,6
colorectal,6398,6
colorectal,6399,6
colorectal,6400,6
colorectal,6401,6
colorectal,6402,6
colorectal,6403,6
colorectal,6404,6
colorectal,6405,6
colorectal,6406,6
colorectal,6407,6
colorectal,6408,6
colorectal,6409,6
colorectal,6410,6
colorectal,6411,6
colorectal,6412,6
colorectal,6413,6
colorectal,6414,5
colorectal,6415,5
colorectal,6416,5
colorectal,6417,5
colorectal,6418,5
colorectal,6419,5
colorectal,6420,5
colorectal,6421,5
colorectal,6422,5
colorectal,6423,5
colorectal,6424,5
colorectal,6425,5
colorectal,6426,5
colorectal,6427,5
colorectal,6428,5
colorectal,6429,5
colorectal,6430,5
colorectal,6431,5
colorectal,6432,5
colorectal,6433,5
colorectal,6434,5
colorectal,6435,5
colorectal,6436,5
colorectal,6437,5
colorectal,6438,5
colorectal,6439,5
colorectal,6440,5
colorectal,6441,5
colorectal,6442,5
colorectal,6443,5
colorectal,6444,5
colorectal,6445,5
colorectal,6446,5
colorectal,6447,5
colorectal,6448,5
colorectal,6449,5
colorectal,6450,5
colorectal,6451,5
colorectal,6452,5
colorectal,6453,5
colorectal,6454,5
colorectal,6455,5
colorectal,6456,5
colorectal,6457,5
colorectal,6458,5
colorectal,6459,5
colorectal,6460,5
colorectal,6461,5
colorectal,6462,5
colorectal,6463,5
colorectal,6464,5
colorectal,6465,5
colorectal,6466,5
colorectal,6467,5
colorectal,6468,5
colorectal,6469,5
colorectal,6470,5
colorectal,6471,5
colorectal,6472,5
colorectal,6473,5
colorectal,6474,5
colorectal,6475,5
colorectal,6476,5
colorectal,6477,5
colorectal,6478,5
colorectal,6479,4
colorectal,6480,4
colorectal,6481,4
colorectal,6482,4
colorectal,6483,4
colorectal,6484,4
colorectal,6485,4
colorectal,6486,4
colorectal,6487,4
colorectal,6488,4
colorectal,6489,4
colorectal,6490,4
colorectal,6491,4
colorectal,6492,4
colorectal,6493,4
colorectal,6494,4
colorectal,6495,4
colorectal,6496,4
colorectal,6497,4
colorectal,6498,4
colorectal,6499,4
colorectal,6500,4
colorectal,6501,4
colorectal,6502,4
colorectal,6503,4
colorectal,6504,4
colorectal,6505,4
colorectal,6506,4
colorectal,6507,4
colorectal,6508,4
colorectal,6509,4
colorectal,6510,4
colorectal,6511,4
colorectal,6512,4
colorectal,6513,4
colorectal,6514,4
colorectal,6515,4
colorectal,6516,4
colorectal,6517,4
colorectal,6518,4
colorectal,6519,4
colorectal,6520,4
colorectal,6521,4
colorectal,6522,4
colorectal,6523,4
colorectal,6524,4
colorectal,6525,4
colorectal,6526,4
colorectal,6527,4
colorectal,6528,4
colorectal,6529,4
colorectal,6530,4
colorectal,6531,4
colorectal,6532,4
colorectal,6533,4
colorectal,6534,4
colorectal,6535,4
colorectal,6536,4
colorectal,6537,4
colorectal,6538,4
colorectal,6539,4
colorectal,6540,4
colorectal,6541,4
colorectal,6542,4
colorectal,6543,4
colorectal,6544,4
colorectal,6545,4
colorectal,6546,4
colorectal,6547,4
colorectal,6548,4
colorectal,6549,4
colorectal,6550,4
colorectal,6551,4
colorectal,6552,4
colorectal,6553,4
colorectal,6554,4
colorectal,6555,4
colorectal,6556,4
colorectal,6557,4
colorectal,6558,4
colorectal,6559,4
colorectal,6560,4
colorectal,6561,4
colorectal,6562,4
colorectal,6563,4
colorectal,6564,3
colorectal,6565,3
colorectal,6566,3
colorectal,6567,3
colorectal,6568,3
colorectal,6569,3
colorectal,6570,3
colorectal,6571,3
colorectal,6572,3
colorectal,6573,3
colorectal,6574,3
colorectal,6575,3
colorectal,6576,3
colorectal,6577,3
colorectal,6578,3
colorectal,6579,3
colorectal,6580,3
colorectal,6581,3
colorectal,6582,3
colorectal,6583,3
colorectal,6584,3
colorectal,6585,3
colorectal,6586,3
colorectal,6587,3
colorectal,6588,3
colorectal,6589,3
colorectal,6590,3
colorectal,6591,3
colorectal,6592,3
colorectal,6593,3
colorectal,6594,3
colorectal,6595,3
colorectal,6596,3
colorectal,6597,3
colorectal,6598,3
colorectal,6599,3
colorectal,6600,3
colorectal,6601,3
colorectal,6602,3
colorectal,6603,3
colorectal,6604,3
colorectal,6605,3
colorectal,6606,3
colorectal,6607,3
colorectal,6608,3
colorectal,6609,3
colorectal,6610,3
colorectal,6611,3
colorectal,6612,3
colorectal,6613,3
colorectal,6614,3
colorectal,6615,3
colorectal,6616,3
colorectal,6617,3
colorectal,6618,3
colorectal,6619,3
colorectal,6620,3
colorectal,6621,3
colorectal,6622,3
colorectal,6623,3
colorectal,6624,3
colorectal,6625,3
colorectal,6626,3
colorectal,6627,3
colorectal,6628,3
colorectal,6629,3
colorectal,6630,3
colorectal,6631,3
colorectal,6632,3
colorectal,6633,3
colorectal,6634,3
colorectal,6635,3
colorectal,6636,3
colorectal,6637,3
colorectal,6638,3
colorectal,6639,3
colorectal,6640,3
colorectal,6641,2
colorectal,6642,2
colorectal,6643,2
colorectal,6644,2
colorectal,6645,2
colorectal,6646,2
colorectal,6647,2
colorectal,6648,2
colorectal,6649,2
colorectal,6650,2
colorectal,6651,2
colorectal,6652,2
colorectal,6653,2
colorectal,6654,2
colorectal,6655,2
colorectal,6656,2
colorectal,6657,2
colorectal,6658,2
colorectal,6659,2
colorectal,6660,2
colorectal,6661,2
colorectal,6662,2
colorectal,6663,2
colorectal,6664,2
colorectal,6665,2
colorectal,6666,2
colorectal,6667,2
colorectal,6668,2
colorectal,6669,2
colorectal,6670,2
colorectal,6671,2
colorectal,6672,2
colorectal,6673,2
colorectal,6674,2
colorectal,6675,2
colorectal,6676,2
colorectal,6677,2
colorectal,6678,2
colorectal,6679,2
colorectal,6680,2
colorectal,6681,2
colorectal,6682,2
colorectal,6683,2
colorectal,6684,2
colorectal,6685,2
colorectal,6686,2
colorectal,6687,2
colorectal,6688,2
colorectal,6689,2
colorectal,6690,2
colorectal,6691,2
colorectal,6692,2
colorectal,6693,2
colorectal,6694,2
colorectal,6695,2
colorectal,6696,2
colorectal,6697,2
colorectal,6698,2
colorectal,6699,2
colorectal,6700,2
colorectal,6701,2
colorectal,6702,2
colorectal,6703,2
colorectal,6704,2
colorectal,6705,2
colorectal,6706,2
colorectal,6707,2
colorectal,6708,2
colorectal,6709,2
colorectal,6710,2
colorectal,6711,2
colorectal,6712,2
colorectal,6713,2
colorectal,6714,2
colorectal,6715,2
colorectal,6716,2
colorectal,6717,2
colorectal,6718,2
colorectal,6719,2
colorectal,6720,2
colorectal,6721,2
colorectal,6722,2
colorectal,6723,2
colorectal,6724,2
colorectal,6725,2
colorectal,6726,2
colorectal,6727,2
colorectal,6728,2
colorectal,6729,2
colorectal,6730,2
colorectal,6731,2
colorectal,6732,2
colorectal,6733,2
colorectal,6734,2
colorectal,6735,2
colorectal,6736,2
colorectal,6737,2
colorectal,6738,2
colorectal,6739,2
colorectal,6740,2
colorectal,6741,2
colorectal,6742,2
colorectal,6743,2
colorectal,6744,2
colorectal,6745,2
colorectal,6746,2
colorectal,6747,2
colorectal,6748,2
colorectal,6749,2
colorectal,6750,2
colorectal,6751,2
colorectal,6752,2
colorectal,6753,2
colorectal,6754,2
colorectal,6755,2
colorectal,6756,2
colorectal,6757,2
colorectal,6758,2
colorectal,6759,2
colorectal,6760,1
colorectal,6761,1
colorectal,6762,1
colorectal,6763,1
colorectal,6764,1
colorectal,6765,1
colorectal,6766,1
colorectal,6767,1
colorectal,6768,1
colorectal,6769,1
colorectal,6770,1
colorectal,6771,1
colorectal,6772,1
colorectal,6773,1
colorectal,6774,1
colorectal,6775,1
colorectal,6776,1
colorectal,6777,1
colorectal,6778,1
colorectal,6779,1
colorectal,6780,1
colorectal,6781,1
colorectal,6782,1
colorectal,6783,1
colorectal,6784,1
colorectal,6785,1
colorectal,6786,1
colorectal,6787,1
colorectal,6788,1
colorectal,6789,1
colorectal,6790,1
colorectal,6791,1
colorectal,6792,1
colorectal,6793,1
colorectal,6794,1
colorectal,6795,1
colorectal,6796,1
colorectal,6797,1
colorectal,6798,1
colorectal,6799,1
colorectal,6800,1
colorectal,6801,1
colorectal,6802,1
colorectal,6803,1
colorectal,6804,1
colorectal,6805,1
colorectal,6806,1
colorectal,6807,1
colorectal,6808,1
colorectal,6809,1
colorectal,6810,1
colorectal,6811,1
colorectal,6812,1
colorectal,6813,1
colorectal,6814,1
colorectal,6815,1
colorectal,6816,1
colorectal,6817,1
colorectal,6818,1
colorectal,6819,1
colorectal,6820,1
colorectal,6821,1
colorectal,6822,1
colorectal,6823,1
colorectal,6824,1
colorectal,6825,1
colorectal,6826,1
colorectal,6827,1
colorectal,6828,1
colorectal,6829,1
colorectal,6830,1
colorectal,6831,1
colorectal,6832,1
colorectal,6833,1
colorectal,6834,1
colorectal,6835,1
colorectal,6836,1
colorectal,6837,1
colorectal,6838,1
colorectal,6839,1
colorectal,6840,1
colorectal,6841,1
colorectal,6842,1
colorectal,6843,1
colorectal,6844,1
colorectal,6845,1
colorectal,6846,1
colorectal,6847,1
colorectal,6848,1
colorectal,6849,1
colorectal,6850,1
colorectal,6851,1
colorectal,6852,1
colorectal,6853,1
colorectal,6854,1
colorectal,6855,1
colorectal,6856,1
colorectal,6857,1
colorectal,6858,1
colorectal,6859,1
colorectal,6860,1
colorectal,6861,1
colorectal,6862,1
colorectal,6863,1
colorectal,6864,1
colorectal,6865,1
colorectal,6866,1
colorectal,6867,1
colorectal,6868,1
colorectal,6869,1
colorectal,6870,1
colorectal,6871,1
colorectal,6872,1
colorectal,6873,1
colorectal,6874,1
colorectal,6875,1
colorectal,6876,1
colorectal,6877,1
colorectal,6878,1
colorectal,6879,1
colorectal,6880,1
colorectal,6881,1
colorectal,6882,1
colorectal,6883,1
colorectal,6884,1
colorectal,6885,1
colorectal,6886,1
colorectal,6887,1
colorectal,6888,1
colorectal,6889,1
colorectal,6890,1
colorectal,6891,1
colorectal,6892,1
colorectal,6893,1
colorectal,6894,1
colorectal,6895,1
colorectal,6896,1
colorectal,6897,1
colorectal,6898,1
colorectal,6899,1
colorectal,6900,1
colorectal,6901,1
colorectal,6902,1
colorectal,6903,1
colorectal,6904,1
colorectal,6905,1
colorectal,6906,1
colorectal,6907,1
colorectal,6908,1
colorectal,6909,1
colorectal,6910,1
colorectal,6911,1
colorectal,6912,1
colorectal,6913,1
colorectal,6914,1
colorectal,6915,1
colorectal,6916,1
colorectal,6917,1
colorectal,6918,1
colorectal,6919,1
colorectal,6920,1
colorectal,6921,1
colorectal,6922,1
colorectal,6923,1
colorectal,6924,1
colorectal,6925,1
colorectal,6926,1
colorectal,6927,1
colorectal,6928,1
colorectal,6929,1
colorectal,6930,1
colorectal,6931,1
colorectal,6932,1
colorectal,6933,1
colorectal,6934,1
colorectal,6935,1
colorectal,6936,1
colorectal,6937,1
colorectal,6938,1
colorectal,6939,1
colorectal,6940,1
colorectal,6941,1
colorectal,6942,1
colorectal,6943,1
colorectal,6944,1
colorectal,6945,1
colorectal,6946,1
colorectal,6947,1
colorectal,6948,1
colorectal,6949,1
lung,1,40000
lung,2,19976
lung,3,19405
lung,4,18958
lung,5,18337
lung,6,18005
lung,7,17905
lung,8,17876
lung,9,17516
lung,10,17450
lung,11,17286
lung,12,17073
lung,13,17047
lung,14,16943
lung,15,16886
lung,16,16860
lung,17,16825
lung,18,16823
lung,19,16818
lung,20,16806
lung,21,16787
lung,22,16741
lung,23,16638
lung,24,16550
lung,25,16529
lung,26,16479
lung,27,16461
lung,28,16446
lung,29,16426
lung,30,16394
lung,31,16389
lung,32,16376
lung,33,16370
lung,34,16366
lung,35,16365
lung,36,16357
lung,37,16356
lung,38,16351
lung,39,16344
lung,40,16337
lung,41,16329
lung,42,16328
lung,43,16328
lung,44,16315
lung,45,16311
lung,46,16302
lung,47,16295
lung,48,16251
lung,49,16231
lung,50,16222
lung,51,16191
lung,52,16180
lung,53,16177
lung,54,16175
lung,55,16173
lung,56,16153
lung,57,16153
lung,58,16146
lung,59,16132
lung,60,16119
lung,61,16107
lung,62,16106
lung,63,16105
lung,64,16102
lung,65,16094
lung,66,16090
lung,67,16088
lung,68,16087
lung,69,16086
lung,70,16085
lung,71,16080
lung,72,16076
lung,73,16076
lung,74,16075
lung,75,16063
lung,76,16044
lung,77,16043
lung,78,15622
lung,79,15600
lung,80,15577
lung,81,15412
lung,82,15361
lung,83,15354
lung,84,15312
lung,85,15298
lung,86,15298
lung,87,15244
lung,88,15244
lung,89,15233
lung,90,15231
lung,91,15218
lung,92,15194
lung,93,15189
lung,94,15174
lung,95,15161
lung,96,15128
lung,97,15098
lung,98,15094
lung,99,15067
lung,100,15061
lung,101,15033
lung,102,15027
lung,103,15017
lung,104,15015
lung,105,15008
lung,106,15000
lung,107,14998
lung,108,14989
lung,109,14986
lung,110,14963
lung,111,14960
lung,112,14955
lung,113,14922
lung,114,14921
lung,115,14920
lung,116,14915
lung,117,14873
lung,118,14870
lung,119,14864
lung,120,14860
lung,121,14858
lung,122,14852
lung,123,14849
lung,124,14846
lung,125,14841
lung,126,14831
lung,127,14827
lung,128,14823
lung,129,14789
lung,130,14784
lung,131,14780
lung,132,14778
lung,133,14778
lung,134,14763
lung,135,14751
lung,136,14743
lung,137,14735
lung,138,14735
lung,139,14735
lung,140,14716
lung,141,14701
lung,142,14688
lung,143,14683
lung,144,14679
lung,145,14676
lung,146,14675
lung,147,14666
lung,148,14664
lung,149,14658
lung,150,14656
lung,151,14654
lung,152,14652
lung,153,14647
lung,154,14646
lung,155,14637
lung,156,14631
lung,157,14630
lung,158,14630
lung,159,14629
lung,160,14625
lung,161,14625
lung,162,14624
lung,163,14624
lung,164,14619
lung,165,14618
lung,166,14618
lung,167,14614
lung,168,14614
lung,169,14607
lung,170,14606
lung,171,14606
lung,172,14600
lung,173,14599
lung,174,14597
lung,175,14595
lung,176,14595
lung,177,14595
lung,178,14593
lung,179,14583
lung,180,14583
lung,181,14582
lung,182,14581
lung,183,14581
lung,184,14579
lung,185,14576
lung,186,14575
lung,187,14574
lung,188,14573
lung,189,14572
lung,190,14571
lung,191,14570
lung,192,14570
lung,193,14569
lung,194,14569
lung,195,14567
lung,196,14566
lung,197,14566
lung,198,14564
lung,199,14555
lung,200,14445
lung,201,14331
lung,202,14326
lung,203,14266
lung,204,14236
lung,205,14200
lung,206,14192
lung,207,14167
lung,208,14121
lung,209,14103
lung,210,14055
lung,211,14033
lung,212,14027
lung,213,14004
lung,214,13990
lung,215,13976
lung,216,13926
lung,217,13925
lung,218,13924
lung,219,13913
lung,220,13903
lung,221,13850
lung,222,13849
lung,223,13838
lung,224,13836
lung,225,13831
lung,226,13827
lung,227,13822
lung,228,13819
lung,229,13818
lung,230,13814
lung,231,13811
lung,232,13809
lung,233,13807
lung,234,13806
lung,235,13805
lung,236,13802
lung,237,13801
lung,238,13800
lung,239,13789
lung,240,13778
lung,241,13777
lung,242,13776
lung,243,13776
lung,244,13773
lung,245,13771
lung,246,13770
lung,247,13770
lung,248,13767
lung,249,13766
lung,250,13762
lung,251,10829
lung,252,10827
lung,253,10727
lung,254,10654
lung,255,10624
lung,256,10620
lung,257,10568
lung,258,10526
lung,259,10419
lung,260,10385
lung,261,10368
lung,262,10366
lung,263,10341
lung,264,10332
lung,265,10311
lung,266,10296
lung,267,10289
lung,268,10280
lung,269,10277
lung,270,10272
lung,271,10263
lung,272,9652
lung,273,9459
lung,274,9393
lung,275,9144
lung,276,9130
lung,277,9096
lung,278,9039
lung,279,9039
lung,280,9029
lung,281,8993
lung,282,8981
lung,283,8966
lung,284,8961
lung,285,8944
lung,286,8919
lung,287,8918
lung,288,8903
lung,289,8900
lung,290,8899
lung,291,8893
lung,292,8883
lung,293,8883
lung,294,8883
lung,295,8870
lung,296,8864
lung,297,8861
lung,298,8861
lung,299,8853
lung,300,8853
lung,301,8853
lung,302,8846
lung,303,8845
lung,304,8844
lung,305,8841
lung,306,8836
lung,307,8823
lung,308,8821
lung,309,8817
lung,310,8813
lung,311,8807
lung,312,8799
lung,313,8797
lung,314,8773
lung,315,8772
lung,316,8763
lung,317,8762
lung,318,8756
lung,319,8752
lung,320,8751
lung,321,8740
lung,322,8737
lung,323,8735
lung,324,8734
lung,325,8729
lung,326,8726
lung,327,8721
lung,328,8719
lung,329,8718
lung,330,8718
lung,331,8714
lung,332,8712
lung,333,8712
lung,334,8707
lung,335,8707
lung,336,8706
lung,337,8705
lung,338,8704
lung,339,8699
lung,340,8677
lung,341,8667
lung,342,8641
lung,343,8638
lung,344,8637
lung,345,8610
lung,346,8608
lung,347,8606
lung,348,8602
lung,349,8599
lung,350,8598
lung,351,8598
lung,352,8596
lung,353,8588
lung,354,8584
lung,355,8566
lung,356,8565
lung,357,8564
lung,358,8560
lung,359,8557
lung,360,8554
lung,361,8546
lung,362,8534
lung,363,8530
lung,364,8517
lung,365,8516
lung,366,8512
lung,367,8512
lung,368,8500
lung,369,8498
lung,370,8496
lung,371,8496
lung,372,8494
lung,373,8487
lung,374,8484
lung,375,8479
lung,376,8468
lung,377,8465
lung,378,8455
lung,379,8453
lung,380,8450
lung,381,8450
lung,382,8448
lung,383,8445
lung,384,8444
lung,385,8444
lung,386,8437
lung,387,8435
lung,388,8425
lung,389,8422
lung,390,8421
lung,391,8419
lung,392,8413
lung,393,8409
lung,394,8407
lung,395,8400
lung,396,8398
lung,397,8398
lung,398,8395
lung,399,8395
lung,400,8393
lung,401,8391
lung,402,8389
lung,403,8387
lung,404,8383
lung,405,8378
lung,406,8377
lung,407,8374
lung,408,8373
lung,409,8371
lung,410,8369
lung,411,8365
lung,412,8364
lung,413,8364
lung,414,8362
lung,415,8360
lung,416,8358
lung,417,8356
lung,418,8354
lung,419,8354
lung,420,8351
lung,421,8347
lung,422,8347
lung,423,8346
lung,424,8339
lung,425,8338
lung,426,8338
lung,427,8338
lung,428,8338
lung,429,8338
lung,430,8333
lung,431,8331
lung,432,8328
lung,433,8327
lung,434,8326
lung,435,8324
lung,436,8324
lung,437,8322
lung,438,8321
lung,439,8320
lung,440,8319
lung,441,8318
lung,442,8316
lung,443,8310
lung,444,8309
lung,445,8308
lung,446,8307
lung,447,8305
lung,448,8303
lung,449,8303
lung,450,8302
lung,451,8301
lung,452,8301
lung,453,8300
lung,454,8299
lung,455,8298
lung,456,8294
lung,457,8293
lung,458,8292
lung,459,8292
lung,460,8291
lung,461,8291
lung,462,8289
lung,463,8287
lung,464,8286
lung,465,8285
lung,466,8284
lung,467,8284
lung,468,8283
lung,469,8283
lung,470,8282
lung,471,8282
lung,472,8282
lung,473,8281
lung,474,8281
lung,475,8280
lung,476,8280
lung,477,8279
lung,478,8278
lung,479,8278
lung,480,8278
lung,481,8278
lung,482,8277
lung,483,8277
lung,484,8276
lung,485,8275
lung,486,8275
lung,487,8274
lung,488,8271
lung,489,8270
lung,490,8269
lung,491,8269
lung,492,8259
lung,493,8242
lung,494,8204
lung,495,8195
lung,496,8149
lung,497,7937
lung,498,7918
lung,499,7818
lung,500,7775
lung,501,7761
lung,502,7757
lung,503,7753
lung,504,7743
lung,505,7740
lung,506,7738
lung,507,7734
lung,508,7734
lung,509,7723
lung,510,7714
lung,511,7708
lung,512,7677
lung,513,7670
lung,514,7663
lung,515,7651
lung,516,7625
lung,517,7624
lung,518,7624
lung,519,7622
lung,520,7615
lung,521,7609
lung,522,7604
lung,523,7600
lung,524,7589
lung,525,7567
lung,526,7552
lung,527,7545
lung,528,7542
lung,529,7541
lung,530,7537
lung,531,7528
lung,532,7510
lung,533,7490
lung,534,7489
lung,535,7488
lung,536,7484
lung,537,7482
lung,538,7471
lung,539,7462
lung,540,7460
lung,541,7459
lung,542,7454
lung,543,7451
lung,544,7450
lung,545,7446
lung,546,7446
lung,547,7443
lung,548,7443
lung,549,7441
lung,550,7440
lung,551,7440
lung,552,7437
lung,553,7435
lung,554,7409
lung,555,7376
lung,556,7366
lung,557,7361
lung,558,7360
lung,559,7359
lung,560,7347
lung,561,7339
lung,562,7302
lung,563,7293
lung,564,7285
lung,565,7285
lung,566,7273
lung,567,7252
lung,568,7250
lung,569,7243
lung,570,7241
lung,571,7231
lung,572,7223
lung,573,7219
lung,574,7217
lung,575,7216
lung,576,7215
lung,577,7214
lung,578,7213
lung,579,7213
lung,580,7210
lung,581,7207
lung,582,7207
lung,583,7206
lung,584,7205
lung,585,7204
lung,586,7204
lung,587,7202
lung,588,7194
lung,589,7182
lung,590,7160
lung,591,7159
lung,592,7159
lung,593,7141
lung,594,7140
lung,595,7139
lung,596,7116
lung,597,7112
lung,598,7102
lung,599,7100
lung,600,7098
lung,601,7097
lung,602,7092
lung,603,7092
lung,604,7091
lung,605,7089
lung,606,7087
lung,607,7087
lung,608,7086
lung,609,7082
lung,610,7072
lung,611,7070
lung,612,7069
lung,613,7068
lung,614,7063
lung,615,7062
lung,616,7059
lung,617,7059
lung,618,7053
lung,619,7050
lung,620,7049
lung,621,7049
lung,622,7047
lung,623,7047
lung,624,7045
lung,625,7041
lung,626,7041
lung,627,7038
lung,628,7035
lung,629,7034
lung,630,7029
lung,631,7027
lung,632,7027
lung,633,7027
lung,634,7025
lung,635,7025
lung,636,7024
lung,637,7024
lung,638,7024
lung,639,7023
lung,640,7023
lung,641,7023
lung,642,7023
lung,643,7023
lung,644,7021
lung,645,7020
lung,646,7020
lung,647,7020
lung,648,7018
lung,649,6927
lung,650,6865
lung,651,6838
lung,652,6832
lung,653,6821
lung,654,6763
lung,655,6738
lung,656,6736
lung,657,6731
lung,658,6713
lung,659,6712
lung,660,6709
lung,661,6699
lung,662,6699
lung,663,6697
lung,664,6696
lung,665,6694
lung,666,6688
lung,667,6688
lung,668,6685
lung,669,6681
lung,670,6681
lung,671,6676
lung,672,6674
lung,673,6672
lung,674,6671
lung,675,6669
lung,676,6667
lung,677,6662
lung,678,6654
lung,679,6647
lung,680,6645
lung,681,6641
lung,682,6627
lung,683,6624
lung,684,6624
lung,685,6623
lung,686,6614
lung,687,6610
lung,688,6603
lung,689,6600
lung,690,6591
lung,691,6587
lung,692,6584
lung,693,6584
lung,694,6583
lung,695,6582
lung,696,6579
lung,697,6574
lung,698,6574
lung,699,6571
lung,700,6569
lung,701,6567
lung,702,6566
lung,703,6565
lung,704,6565
lung,705,6564
lung,706,6564
lung,707,6564
lung,708,6564
lung,709,6563
lung,710,6563
lung,711,6563
lung,712,6561
lung,713,6560
lung,714,6559
lung,715,6558
lung,716,6557
lung,717,6557
lung,718,6557
lung,719,6556
lung,720,6556
lung,721,6553
lung,722,6553
lung,723,6552
lung,724,6552
lung,725,6552
lung,726,6551
lung,727,6551
lung,728,6549
lung,729,6549
lung,730,6549
lung,731,6549
lung,732,6548
lung,733,6548
lung,734,6548
lung,735,6547
lung,736,6547
lung,737,6547
lung,738,6547
lung,739,6546
lung,740,6546
lung,741,6545
lung,742,6545
lung,743,6545
lung,744,6544
lung,745,6544
lung,746,6543
lung,747,6542
lung,748,6542
lung,749,6541
lung,750,6539
lung,751,6532
lung,752,6531
lung,753,6521
lung,754,6514
lung,755,6506
lung,756,6504
lung,757,6497
lung,758,6487
lung,759,6486
lung,760,6486
lung,761,6480
lung,762,6477
lung,763,6472
lung,764,6472
lung,765,6471
lung,766,6471
lung,767,6469
lung,768,6469
lung,769,6469
lung,770,6466
lung,771,6466
lung,772,6466
lung,773,6462
lung,774,6462
lung,775,6460
lung,776,6458
lung,777,6457
lung,778,6456
lung,779,6456
lung,780,6456
lung,781,6449
lung,782,6448
lung,783,6446
lung,784,6446
lung,785,6446
lung,786,6445
lung,787,6444
lung,788,6442
lung,789,6440
lung,790,6440
lung,791,6439
lung,792,6434
lung,793,6422
lung,794,6414
lung,795,6413
lung,796,6412
lung,797,6410
lung,798,6410
lung,799,6409
lung,800,6403
lung,801,6402
lung,802,6400
lung,803,6400
lung,804,6398
lung,805,6398
lung,806,6396
lung,807,6396
lung,808,6391
lung,809,6390
lung,810,6283
lung,811,6139
lung,812,6070
lung,813,6061
lung,814,6038
lung,815,6034
lung,816,5996
lung,817,5990
lung,818,5978
lung,819,5974
lung,820,5969
lung,821,5966
lung,822,5964
lung,823,5964
lung,824,5934
lung,825,5892
lung,826,5872
lung,827,5863
lung,828,5791
lung,829,5787
lung,830,5765
lung,831,5763
lung,832,5756
lung,833,5749
lung,834,5744
lung,835,5739
lung,836,5738
lung,837,5737
lung,838,5732
lung,839,5730
lung,840,5726
lung,841,5726
lung,842,5725
lung,843,5724
lung,844,5718
lung,845,5717
lung,846,5716
lung,847,5705
lung,848,5702
lung,849,5687
lung,850,5677
lung,851,5660
lung,852,5655
lung,853,5653
lung,854,5652
lung,855,5650
lung,856,5646
lung,857,5642
lung,858,5640
lung,859,5638
lung,860,5636
lung,861,5631
lung,862,5629
lung,863,5627
lung,864,5626
lung,865,5624
lung,866,5621
lung,867,5619
lung,868,5619
lung,869,5615
lung,870,5613
lung,871,5608
lung,872,5604
lung,873,5601
lung,874,5600
lung,875,5598
lung,876,5595
lung,877,5595
lung,878,5595
lung,879,5595
lung,880,5593
lung,881,5591
lung,882,5590
lung,883,5588
lung,884,5587
lung,885,5586
lung,886,5586
lung,887,5584
lung,888,5584
lung,889,5584
lung,890,5583
lung,891,5582
lung,892,5582
lung,893,5582
lung,894,5581
lung,895,5581
lung,896,5580
lung,897,5580
lung,898,5577
lung,899,5576
lung,900,5576
lung,901,5576
lung,902,5574
lung,903,5573
lung,904,5573
lung,905,5572
lung,906,5571
lung,907,5571
lung,908,5571
lung,909,5570
lung,910,5569
lung,911,5568
lung,912,5568
lung,913,5568
lung,914,5567
lung,915,5567
lung,916,5567
lung,917,5567
lung,918,5565
lung,919,5565
lung,920,5565
lung,921,5565
lung,922,5564
lung,923,5564
lung,924,5563
lung,925,5563
lung,926,5563
lung,927,5562
lung,928,5561
lung,929,5560
lung,930,5560
lung,931,5560
lung,932,5559
lung,933,5558
lung,934,5550
lung,935,5546
lung,936,5545
lung,937,5544
lung,938,5532
lung,939,5529
lung,940,5529
lung,941,5528
lung,942,5526
lung,943,5523
lung,944,5522
lung,945,5516
lung,946,5512
lung,947,5503
lung,948,5491
lung,949,5474
lung,950,5469
lung,951,5457
lung,952,5438
lung,953,5431
lung,954,5427
lung,955,5423
lung,956,5410
lung,957,5402
lung,958,5400
lung,959,5398
lung,960,5396
lung,961,5391
lung,962,5387
lung,963,5372
lung,964,5285
lung,965,5219
lung,966,5216
lung,967,5178
lung,968,5178
lung,969,5171
lung,970,5170
lung,971,5167
lung,972,5167
lung,973,5151
lung,974,5147
lung,975,5140
lung,976,5138
lung,977,5123
lung,978,5121
lung,979,5117
lung,980,5115
lung,981,5112
lung,982,5102
lung,983,5102
lung,984,5101
lung,985,5093
lung,986,5087
lung,987,5086
lung,988,5077
lung,989,5077
lung,990,5075
lung,991,5075
lung,992,5073
lung,993,5068
lung,994,5062
lung,995,5061
lung,996,5056
lung,997,5053
lung,998,5047
lung,999,5038
lung,1000,5036
lung,1001,5034
lung,1002,5030
lung,1003,5028
lung,1004,5021
lung,1005,5020
lung,1006,5020
lung,1007,5019
lung,1008,5018
lung,1009,5015
lung,1010,5013
lung,1011,5013
lung,1012,5012
lung,1013,5012
lung,1014,5011
lung,1015,5010
lung,1016,5008
lung,1017,5008
lung,1018,5007
lung,1019,5007
lung,1020,5006
lung,1021,5005
lung,1022,5005
lung,1023,5004
lung,1024,5004
lung,1025,5002
lung,1026,5002
lung,1027,5001
lung,1028,5001
lung,1029,5000
lung,1030,5000
lung,1031,4999
lung,1032,4999
lung,1033,4996
lung,1034,4936
lung,1035,4908
lung,1036,4875
lung,1037,4842
lung,1038,4806
lung,1039,4806
lung,1040,4788
lung,1041,4786
lung,1042,4785
lung,1043,4784
lung,1044,4781
lung,1045,4757
lung,1046,4707
lung,1047,4693
lung,1048,4692
lung,1049,4692
lung,1050,4688
lung,1051,4682
lung,1052,4671
lung,1053,4671
lung,1054,4661
lung,1055,4649
lung,1056,4640
lung,1057,4637
lung,1058,4634
lung,1059,4633
lung,1060,4623
lung,1061,4621
lung,1062,4617
lung,1063,4614
lung,1064,4612
lung,1065,4608
lung,1066,4606
lung,1067,4604
lung,1068,4603
lung,1069,4597
lung,1070,4593
lung,1071,4591
lung,1072,4591
lung,1073,4590
lung,1074,4588
lung,1075,4587
lung,1076,4583
lung,1077,4582
lung,1078,4580
lung,1079,4579
lung,1080,4577
lung,1081,4574
lung,1082,4574
lung,1083,4574
lung,1084,4572
lung,1085,4571
lung,1086,4571
lung,1087,4569
lung,1088,4518
lung,1089,4504
lung,1090,4490
lung,1091,4477
lung,1092,4457
lung,1093,4454
lung,1094,4452
lung,1095,4449
lung,1096,4439
lung,1097,4433
lung,1098,4429
lung,1099,4382
lung,1100,4366
lung,1101,4351
lung,1102,4347
lung,1103,4340
lung,1104,4326
lung,1105,4321
lung,1106,4320
lung,1107,4319
lung,1108,4317
lung,1109,4314
lung,1110,4309
lung,1111,4308
lung,1112,4302
lung,1113,4299
lung,1114,4297
lung,1115,4293
lung,1116,4287
lung,1117,4285
lung,1118,4277
lung,1119,4268
lung,1120,4265
lung,1121,4259
lung,1122,4257
lung,1123,4253
lung,1124,4249
lung,1125,4249
lung,1126,4248
lung,1127,4247
lung,1128,4243
lung,1129,4241
lung,1130,4239
lung,1131,4222
lung,1132,4221
lung,1133,4216
lung,1134,4216
lung,1135,4213
lung,1136,4213
lung,1137,4209
lung,1138,4208
lung,1139,4206
lung,1140,4205
lung,1141,4205
lung,1142,4204
lung,1143,4203
lung,1144,4158
lung,1145,4146
lung,1146,4143
lung,1147,4137
lung,1148,4135
lung,1149,4133
lung,1150,4132
lung,1151,4113
lung,1152,4103
lung,1153,4074
lung,1154,4073
lung,1155,4071
lung,1156,4071
lung,1157,4070
lung,1158,4069
lung,1159,4068
lung,1160,4065
lung,1161,4063
lung,1162,4063
lung,1163,4062
lung,1164,4062
lung,1165,4058
lung,1166,4056
lung,1167,4055
lung,1168,4055
lung,1169,4048
lung,1170,4046
lung,1171,4045
lung,1172,4045
lung,1173,4043
lung,1174,4040
lung,1175,4040
lung,1176,4037
lung,1177,4035
lung,1178,4035
lung,1179,4035
lung,1180,4035
lung,1181,4034
lung,1182,4033
lung,1183,4032
lung,1184,4032
lung,1185,4032
lung,1186,4032
lung,1187,4031
lung,1188,4030
lung,1189,4029
lung,1190,4029
lung,1191,4029
lung,1192,4028
lung,1193,4028
lung,1194,4028
lung,1195,4024
lung,1196,4024
lung,1197,4023
lung,1198,4021
lung,1199,4020
lung,1200,4019
lung,1201,4019
lung,1202,4018
lung,1203,4018
lung,1204,4017
lung,1205,4016
lung,1206,4016
lung,1207,4015
lung,1208,4014
lung,1209,4014
lung,1210,4012
lung,1211,4012
lung,1212,4012
lung,1213,4011
lung,1214,4011
lung,1215,4011
lung,1216,4011
lung,1217,4009
lung,1218,4008
lung,1219,4008
lung,1220,4008
lung,1221,4008
lung,1222,4006
lung,1223,4004
lung,1224,4002
lung,1225,4002
lung,1226,4002
lung,1227,4001
lung,1228,4000
lung,1229,3999
lung,1230,3997
lung,1231,3996
lung,1232,3996
lung,1233,3992
lung,1234,3990
lung,1235,3989
lung,1236,3986
lung,1237,3985
lung,1238,3983
lung,1239,3978
lung,1240,3976
lung,1241,3975
lung,1242,3969
lung,1243,3968
lung,1244,3968
lung,1245,3966
lung,1246,3958
lung,1247,3956
lung,1248,3956
lung,1249,3954
lung,1250,3954
lung,1251,3954
lung,1252,3953
lung,1253,3952
lung,1254,3949
lung,1255,3949
lung,1256,3948
lung,1257,3948
lung,1258,3947
lung,1259,3947
lung,1260,3946
lung,1261,3945
lung,1262,3945
lung,1263,3945
lung,1264,3945
lung,1265,3944
lung,1266,3944
lung,1267,3944
lung,1268,3944
lung,1269,3943
lung,1270,3943
lung,1271,3941
lung,1272,3939
lung,1273,3934
lung,1274,3894
lung,1275,3887
lung,1276,3869
lung,1277,3859
lung,1278,3841
lung,1279,3840
lung,1280,3837
lung,1281,3832
lung,1282,3828
lung,1283,3827
lung,1284,3822
lung,1285,3817
lung,1286,3812
lung,1287,3812
lung,1288,3809
lung,1289,3807
lung,1290,3806
lung,1291,3804
lung,1292,3794
lung,1293,3793
lung,1294,3790
lung,1295,3790
lung,1296,3788
lung,1297,3784
lung,1298,3783
lung,1299,3781
lung,1300,3776
lung,1301,3773
lung,1302,3771
lung,1303,3768
lung,1304,3767
lung,1305,3766
lung,1306,3765
lung,1307,3765
lung,1308,3765
lung,1309,3764
lung,1310,3763
lung,1311,3762
lung,1312,3762
lung,1313,3761
lung,1314,3759
lung,1315,3757
lung,1316,3757
lung,1317,3756
lung,1318,3754
lung,1319,3754
lung,1320,3753
lung,1321,3752
lung,1322,3752
lung,1323,3751
lung,1324,3751
lung,1325,3750
lung,1326,3749
lung,1327,3748
lung,1328,3748
lung,1329,3748
lung,1330,3748
lung,1331,3747
lung,1332,3747
lung,1333,3746
lung,1334,3746
lung,1335,3746
lung,1336,3746
lung,1337,3746
lung,1338,3746
lung,1339,3745
lung,1340,3745
lung,1341,3745
lung,1342,3745
lung,1343,3745
lung,1344,3744
lung,1345,3744
lung,1346,3744
lung,1347,3743
lung,1348,3743
lung,1349,3742
lung,1350,3741
lung,1351,3723
lung,1352,3708
lung,1353,3673
lung,1354,3665
lung,1355,3657
lung,1356,3650
lung,1357,3639
lung,1358,3631
lung,1359,3627
lung,1360,3622
lung,1361,3620
lung,1362,3617
lung,1363,3616
lung,1364,3616
lung,1365,3616
lung,1366,3615
lung,1367,3613
lung,1368,3611
lung,1369,3611
lung,1370,3611
lung,1371,3610
lung,1372,3610
lung,1373,3609
lung,1374,3607
lung,1375,3605
lung,1376,3598
lung,1377,3597
lung,1378,3587
lung,1379,3535
lung,1380,3525
lung,1381,3501
lung,1382,3494
lung,1383,3488
lung,1384,3487
lung,1385,3462
lung,1386,3462
lung,1387,3457
lung,1388,3441
lung,1389,3430
lung,1390,3415
lung,1391,3404
lung,1392,3404
lung,1393,3401
lung,1394,3395
lung,1395,3394
lung,1396,3391
lung,1397,3388
lung,1398,3385
lung,1399,3383
lung,1400,3375
lung,1401,3364
lung,1402,3364
lung,1403,3357
lung,1404,3354
lung,1405,3353
lung,1406,3347
lung,1407,3347
lung,1408,3345
lung,1409,3345
lung,1410,3344
lung,1411,3342
lung,1412,3340
lung,1413,3339
lung,1414,3338
lung,1415,3336
lung,1416,3335
lung,1417,3335
lung,1418,3333
lung,1419,3333
lung,1420,3331
lung,1421,3331
lung,1422,3328
lung,1423,3322
lung,1424,3320
lung,1425,3320
lung,1426,3318
lung,1427,3317
lung,1428,3315
lung,1429,3312
lung,1430,3312
lung,1431,3312
lung,1432,3311
lung,1433,3310
lung,1434,3306
lung,1435,3302
lung,1436,3301
lung,1437,3300
lung,1438,3300
lung,1439,3298
lung,1440,3297
lung,1441,3297
lung,1442,3296
lung,1443,3296
lung,1444,3295
lung,1445,3295
lung,1446,3294
lung,1447,3293
lung,1448,3291
lung,1449,3290
lung,1450,3289
lung,1451,3288
lung,1452,3287
lung,1453,3285
lung,1454,3284
lung,1455,3284
lung,1456,3284
lung,1457,3284
lung,1458,3284
lung,1459,3284
lung,1460,3283
lung,1461,3283
lung,1462,3282
lung,1463,3282
lung,1464,3282
lung,1465,3282
lung,1466,3280
lung,1467,3280
lung,1468,3279
lung,1469,3279
lung,1470,3279
lung,1471,3279
lung,1472,3278
lung,1473,3277
lung,1474,3277
lung,1475,3277
lung,1476,3277
lung,1477,3276
lung,1478,3276
lung,1479,3276
lung,1480,3276
lung,1481,3276
lung,1482,3276
lung,1483,3274
lung,1484,3274
lung,1485,3274
lung,1486,3273
lung,1487,3273
lung,1488,3273
lung,1489,3272
lung,1490,3272
lung,1491,3272
lung,1492,3272
lung,1493,3272
lung,1494,3271
lung,1495,3271
lung,1496,3271
lung,1497,3270
lung,1498,3270
lung,1499,3269
lung,1500,3269
lung,1501,3269
lung,1502,3269
lung,1503,3269
lung,1504,3268
lung,1505,3268
lung,1506,3268
lung,1507,3268
lung,1508,3267
lung,1509,3267
lung,1510,3266
lung,1511,3266
lung,1512,3266
lung,1513,3266
lung,1514,3264
lung,1515,3264
lung,1516,3263
lung,1517,3263
lung,1518,3263
lung,1519,3263
lung,1520,3263
lung,1521,3262
lung,1522,3262
lung,1523,3262
lung,1524,3262
lung,1525,3262
lung,1526,3261
lung,1527,3260
lung,1528,3260
lung,1529,3260
lung,1530,3260
lung,1531,3259
lung,1532,3259
lung,1533,3259
lung,1534,3259
lung,1535,3258
lung,1536,3258
lung,1537,3258
lung,1538,3258
lung,1539,3257
lung,1540,3257
lung,1541,3257
lung,1542,3256
lung,1543,3256
lung,1544,3256
lung,1545,3256
lung,1546,3255
lung,1547,3236
lung,1548,3226
lung,1549,3218
lung,1550,3214
lung,1551,3205
lung,1552,3199
lung,1553,3198
lung,1554,3191
lung,1555,3188
lung,1556,3187
lung,1557,3186
lung,1558,3172
lung,1559,3170
lung,1560,3168
lung,1561,3166
lung,1562,3163
lung,1563,3163
lung,1564,3161
lung,1565,3154
lung,1566,3154
lung,1567,3150
lung,1568,3148
lung,1569,3147
lung,1570,3146
lung,1571,3146
lung,1572,3144
lung,1573,3143
lung,1574,3141
lung,1575,3141
lung,1576,3140
lung,1577,3140
lung,1578,3139
lung,1579,3137
lung,1580,3137
lung,1581,3135
lung,1582,3134
lung,1583,3133
lung,1584,3131
lung,1585,3129
lung,1586,3127
lung,1587,3126
lung,1588,3125
lung,1589,3125
lung,1590,3124
lung,1591,3121
lung,1592,3120
lung,1593,3117
lung,1594,3115
lung,1595,3115
lung,1596,3115
lung,1597,3115
lung,1598,3113
lung,1599,3110
lung,1600,3106
lung,1601,3106
lung,1602,3102
lung,1603,3098
lung,1604,3096
lung,1605,3094
lung,1606,3093
lung,1607,3090
lung,1608,3088
lung,1609,3087
lung,1610,3084
lung,1611,3084
lung,1612,3084
lung,1613,3083
lung,1614,3080
lung,1615,3080
lung,1616,3078
lung,1617,3077
lung,1618,3076
lung,1619,3073
lung,1620,3071
lung,1621,3070
lung,1622,3069
lung,1623,3068
lung,1624,3067
lung,1625,3067
lung,1626,3066
lung,1627,3066
lung,1628,3063
lung,1629,3063
lung,1630,3062
lung,1631,3062
lung,1632,3061
lung,1633,3061
lung,1634,3060
lung,1635,3060
lung,1636,3060
lung,1637,3059
lung,1638,3059
lung,1639,3058
lung,1640,3058
lung,1641,3057
lung,1642,3057
lung,1643,3056
lung,1644,3056
lung,1645,3055
lung,1646,3055
lung,1647,3054
lung,1648,3054
lung,1649,3054
lung,1650,3053
lung,1651,3053
lung,1652,3053
lung,1653,3053
lung,1654,3053
lung,1655,3053
lung,1656,3052
lung,1657,3052
lung,1658,3052
lung,1659,3052
lung,1660,3051
lung,1661,3051
lung,1662,3051
lung,1663,3051
lung,1664,3051
lung,1665,3050
lung,1666,3050
lung,1667,3050
lung,1668,3049
lung,1669,3049
lung,1670,3049
lung,1671,3049
lung,1672,3049
lung,1673,3049
lung,1674,3048
lung,1675,3048
lung,1676,3048
lung,1677,3047
lung,1678,3047
lung,1679,3047
lung,1680,3030
lung,1681,3025
lung,1682,3024
lung,1683,3022
lung,1684,3022
lung,1685,3021
lung,1686,3015
lung,1687,3014
lung,1688,3014
lung,1689,3009
lung,1690,3005
lung,1691,3005
lung,1692,2999
lung,1693,2998
lung,1694,2996
lung,1695,2996
lung,1696,2995
lung,1697,2990
lung,1698,2990
lung,1699,2989
lung,1700,2988
lung,1701,2988
lung,1702,2987
lung,1703,2983
lung,1704,2982
lung,1705,2981
lung,1706,2967
lung,1707,2949
lung,1708,2940
lung,1709,2939
lung,1710,2936
lung,1711,2936
lung,1712,2935
lung,1713,2929
lung,1714,2927
lung,1715,2925
lung,1716,2925
lung,1717,2925
lung,1718,2921
lung,1719,2920
lung,1720,2919
lung,1721,2918
lung,1722,2918
lung,1723,2918
lung,1724,2916
lung,1725,2913
lung,1726,2913
lung,1727,2913
lung,1728,2912
lung,1729,2911
lung,1730,2911
lung,1731,2910
lung,1732,2909
lung,1733,2908
lung,1734,2907
lung,1735,2906
lung,1736,2906
lung,1737,2905
lung,1738,2903
lung,1739,2892
lung,1740,2887
lung,1741,2885
lung,1742,2884
lung,1743,2883
lung,1744,2881
lung,1745,2880
lung,1746,2877
lung,1747,2875
lung,1748,2873
lung,1749,2873
lung,1750,2873
lung,1751,2872
lung,1752,2871
lung,1753,2868
lung,1754,2865
lung,1755,2864
lung,1756,2863
lung,1757,2862
lung,1758,2862
lung,1759,2859
lung,1760,2859
lung,1761,2856
lung,1762,2853
lung,1763,2851
lung,1764,2851
lung,1765,2850
lung,1766,2850
lung,1767,2849
lung,1768,2848
lung,1769,2848
lung,1770,2846
lung,1771,2845
lung,1772,2845
lung,1773,2843
lung,1774,2843
lung,1775,2843
lung,1776,2842
lung,1777,2839
lung,1778,2838
lung,1779,2838
lung,1780,2836
lung,1781,2835
lung,1782,2833
lung,1783,2833
lung,1784,2832
lung,1785,2832
lung,1786,2831
lung,1787,2831
lung,1788,2831
lung,1789,2829
lung,1790,2827
lung,1791,2827
lung,1792,2824
lung,1793,2804
lung,1794,2785
lung,1795,2778
lung,1796,2758
lung,1797,2757
lung,1798,2744
lung,1799,2741
lung,1800,2736
lung,1801,2734
lung,1802,2733
lung,1803,2733
lung,1804,2729
lung,1805,2724
lung,1806,2719
lung,1807,2703
lung,1808,2693
lung,1809,2689
lung,1810,2688
lung,1811,2684
lung,1812,2681
lung,1813,2676
lung,1814,2674
lung,1815,2671
lung,1816,2659
lung,1817,2658
lung,1818,2654
lung,1819,2646
lung,1820,2637
lung,1821,2636
lung,1822,2636
lung,1823,2629
lung,1824,2629
lung,1825,2628
lung,1826,2627
lung,1827,2616
lung,1828,2610
lung,1829,2610
lung,1830,2606
lung,1831,2604
lung,1832,2602
lung,1833,2600
lung,1834,2595
lung,1835,2592
lung,1836,2591
lung,1837,2590
lung,1838,2588
lung,1839,2587
lung,1840,2586
lung,1841,2582
lung,1842,2580
lung,1843,2579
lung,1844,2577
lung,1845,2576
lung,1846,2576
lung,1847,2573
lung,1848,2571
lung,1849,2568
lung,1850,2568
lung,1851,2567
lung,1852,2566
lung,1853,2565
lung,1854,2565
lung,1855,2565
lung,1856,2564
lung,1857,2564
lung,1858,2563
lung,1859,2563
lung,1860,2563
lung,1861,2561
lung,1862,2560
lung,1863,2560
lung,1864,2559
lung,1865,2559
lung,1866,2558
lung,1867,2553
lung,1868,2552
lung,1869,2551
lung,1870,2551
lung,1871,2549
lung,1872,2545
lung,1873,2545
lung,1874,2545
lung,1875,2543
lung,1876,2543
lung,1877,2542
lung,1878,2542
lung,1879,2542
lung,1880,2542
lung,1881,2541
lung,1882,2539
lung,1883,2539
lung,1884,2539
lung,1885,2539
lung,1886,2538
lung,1887,2538
lung,1888,2538
lung,1889,2538
lung,1890,2538
lung,1891,2537
lung,1892,2537
lung,1893,2537
lung,1894,2536
lung,1895,2536
lung,1896,2536
lung,1897,2536
lung,1898,2536
lung,1899,2536
lung,1900,2536
lung,1901,2535
lung,1902,2535
lung,1903,2535
lung,1904,2535
lung,1905,2534
lung,1906,2534
lung,1907,2534
lung,1908,2533
lung,1909,2533
lung,1910,2533
lung,1911,2533
lung,1912,2533
lung,1913,2532
lung,1914,2532
lung,1915,2527
lung,1916,2526
lung,1917,2524
lung,1918,2524
lung,1919,2522
lung,1920,2518
lung,1921,2518
lung,1922,2517
lung,1923,2516
lung,1924,2510
lung,1925,2509
lung,1926,2508
lung,1927,2504
lung,1928,2504
lung,1929,2503
lung,1930,2503
lung,1931,2503
lung,1932,2500
lung,1933,2500
lung,1934,2499
lung,1935,2496
lung,1936,2496
lung,1937,2494
lung,1938,2493
lung,1939,2493
lung,1940,2491
lung,1941,2491
lung,1942,2491
lung,1943,2490
lung,1944,2490
lung,1945,2490
lung,1946,2489
lung,1947,2489
lung,1948,2487
lung,1949,2485
lung,1950,2484
lung,1951,2483
lung,1952,2482
lung,1953,2482
lung,1954,2482
lung,1955,2481
lung,1956,2481
lung,1957,2480
lung,1958,2480
lung,1959,2479
lung,1960,2479
lung,1961,2479
lung,1962,2478
lung,1963,2478
lung,1964,2476
lung,1965,2476
lung,1966,2475
lung,1967,2475
lung,1968,2474
lung,1969,2473
lung,1970,2471
lung,1971,2470
lung,1972,2464
lung,1973,2464
lung,1974,2462
lung,1975,2459
lung,1976,2450
lung,1977,2439
lung,1978,2430
lung,1979,2426
lung,1980,2397
lung,1981,2392
lung,1982,2391
lung,1983,2375
lung,1984,2375
lung,1985,2374
lung,1986,2373
lung,1987,2370
lung,1988,2364
lung,1989,2364
lung,1990,2354
lung,1991,2354
lung,1992,2350
lung,1993,2343
lung,1994,2343
lung,1995,2340
lung,1996,2339
lung,1997,2336
lung,1998,2335
lung,1999,2331
lung,2000,2328
lung,2001,2327
lung,2002,2327
lung,2003,2326
lung,2004,2326
lung,2005,2326
lung,2006,2324
lung,2007,2324
lung,2008,2324
lung,2009,2321
lung,2010,2319
lung,2011,2318
lung,2012,2316
lung,2013,2316
lung,2014,2316
lung,2015,2306
lung,2016,2299
lung,2017,2290
lung,2018,2288
lung,2019,2288
lung,2020,2280
lung,2021,2277
lung,2022,2276
lung,2023,2276
lung,2024,2274
lung,2025,2274
lung,2026,2270
lung,2027,2269
lung,2028,2268
lung,2029,2266
lung,2030,2260
lung,2031,2259
lung,2032,2258
lung,2033,2255
lung,2034,2250
lung,2035,2249
lung,2036,2249
lung,2037,2249
lung,2038,2248
lung,2039,2248
lung,2040,2247
lung,2041,2245
lung,2042,2245
lung,2043,2244
lung,2044,2244
lung,2045,2243
lung,2046,2243
lung,2047,2241
lung,2048,2240
lung,2049,2240
lung,2050,2240
lung,2051,2238
lung,2052,2238
lung,2053,2238
lung,2054,2238
lung,2055,2238
lung,2056,2237
lung,2057,2237
lung,2058,2237
lung,2059,2237
lung,2060,2237
lung,2061,2235
lung,2062,2235
lung,2063,2235
lung,2064,2235
lung,2065,2235
lung,2066,2234
lung,2067,2234
lung,2068,2234
lung,2069,2234
lung,2070,2233
lung,2071,2233
lung,2072,2232
lung,2073,2228
lung,2074,2227
lung,2075,2226
lung,2076,2222
lung,2077,2222
lung,2078,2216
lung,2079,2215
lung,2080,2215
lung,2081,2214
lung,2082,2213
lung,2083,2211
lung,2084,2211
lung,2085,2210
lung,2086,2209
lung,2087,2208
lung,2088,2208
lung,2089,2207
lung,2090,2207
lung,2091,2206
lung,2092,2206
lung,2093,2204
lung,2094,2204
lung,2095,2204
lung,2096,2203
lung,2097,2203
lung,2098,2203
lung,2099,2202
lung,2100,2202
lung,2101,2202
lung,2102,2201
lung,2103,2188
lung,2104,2156
lung,2105,2144
lung,2106,2141
lung,2107,2134
lung,2108,2126
lung,2109,2126
lung,2110,2118
lung,2111,2117
lung,2112,2112
lung,2113,2108
lung,2114,2106
lung,2115,2105
lung,2116,2105
lung,2117,2104
lung,2118,2104
lung,2119,2104
lung,2120,2101
lung,2121,2101
lung,2122,2100
lung,2123,2099
lung,2124,2098
lung,2125,2096
lung,2126,2084
lung,2127,2083
lung,2128,2082
lung,2129,2075
lung,2130,2072
lung,2131,2066
lung,2132,2065
lung,2133,2063
lung,2134,2059
lung,2135,2058
lung,2136,2055
lung,2137,2054
lung,2138,2051
lung,2139,2046
lung,2140,2044
lung,2141,2036
lung,2142,2029
lung,2143,2027
lung,2144,2020
lung,2145,2016
lung,2146,2016
lung,2147,2015
lung,2148,2013
lung,2149,2013
lung,2150,2012
lung,2151,2012
lung,2152,2010
lung,2153,1981
lung,2154,1968
lung,2155,1966
lung,2156,1961
lung,2157,1956
lung,2158,1955
lung,2159,1955
lung,2160,1952
lung,2161,1952
lung,2162,1951
lung,2163,1949
lung,2164,1942
lung,2165,1933
lung,2166,1928
lung,2167,1926
lung,2168,1924
lung,2169,1924
lung,2170,1923
lung,2171,1921
lung,2172,1921
lung,2173,1921
lung,2174,1919
lung,2175,1919
lung,2176,1918
lung,2177,1918
lung,2178,1918
lung,2179,1918
lung,2180,1916
lung,2181,1915
lung,2182,1914
lung,2183,1913
lung,2184,1908
lung,2185,1907
lung,2186,1904
lung,2187,1899
lung,2188,1890
lung,2189,1890
lung,2190,1880
lung,2191,1875
lung,2192,1873
lung,2193,1868
lung,2194,1866
lung,2195,1865
lung,2196,1860
lung,2197,1856
lung,2198,1856
lung,2199,1852
lung,2200,1851
lung,2201,1850
lung,2202,1845
lung,2203,1844
lung,2204,1843
lung,2205,1841
lung,2206,1841
lung,2207,1837
lung,2208,1836
lung,2209,1835
lung,2210,1831
lung,2211,1829
lung,2212,1828
lung,2213,1827
lung,2214,1827
lung,2215,1826
lung,2216,1826
lung,2217,1824
lung,2218,1823
lung,2219,1823
lung,2220,1823
lung,2221,1823
lung,2222,1822
lung,2223,1822
lung,2224,1821
lung,2225,1820
lung,2226,1820
lung,2227,1820
lung,2228,1819
lung,2229,1819
lung,2230,1819
lung,2231,1818
lung,2232,1818
lung,2233,1818
lung,2234,1818
lung,2235,1817
lung,2236,1817
lung,2237,1817
lung,2238,1817
lung,2239,1817
lung,2240,1817
lung,2241,1817
lung,2242,1816
lung,2243,1816
lung,2244,1816
lung,2245,1816
lung,2246,1816
lung,2247,1815
lung,2248,1815
lung,2249,1815
lung,2250,1814
lung,2251,1814
lung,2252,1814
lung,2253,1814
lung,2254,1813
lung,2255,1809
lung,2256,1806
lung,2257,1805
lung,2258,1805
lung,2259,1803
lung,2260,1803
lung,2261,1796
lung,2262,1795
lung,2263,1795
lung,2264,1795
lung,2265,1794
lung,2266,1793
lung,2267,1791
lung,2268,1790
lung,2269,1788
lung,2270,1788
lung,2271,1785
lung,2272,1785
lung,2273,1785
lung,2274,1782
lung,2275,1782
lung,2276,1781
lung,2277,1781
lung,2278,1778
lung,2279,1778
lung,2280,1778
lung,2281,1778
lung,2282,1777
lung,2283,1777
lung,2284,1776
lung,2285,1776
lung,2286,1776
lung,2287,1775
lung,2288,1775
lung,2289,1775
lung,2290,1774
lung,2291,1773
lung,2292,1772
lung,2293,1771
lung,2294,1771
lung,2295,1770
lung,2296,1769
lung,2297,1768
lung,2298,1768
lung,2299,1768
lung,2300,1768
lung,2301,1766
lung,2302,1765
lung,2303,1763
lung,2304,1763
lung,2305,1761
lung,2306,1761
lung,2307,1760
lung,2308,1760
lung,2309,1760
lung,2310,1760
lung,2311,1759
lung,2312,1758
lung,2313,1749
lung,2314,1748
lung,2315,1740
lung,2316,1721
lung,2317,1720
lung,2318,1698
lung,2319,1681
lung,2320,1677
lung,2321,1675
lung,2322,1673
lung,2323,1671
lung,2324,1669
lung,2325,1668
lung,2326,1667
lung,2327,1665
lung,2328,1660
lung,2329,1660
lung,2330,1660
lung,2331,1659
lung,2332,1659
lung,2333,1657
lung,2334,1647
lung,2335,1646
lung,2336,1646
lung,2337,1645
lung,2338,1645
lung,2339,1642
lung,2340,1641
lung,2341,1640
lung,2342,1639
lung,2343,1639
lung,2344,1637
lung,2345,1637
lung,2346,1636
lung,2347,1636
lung,2348,1636
lung,2349,1634
lung,2350,1632
lung,2351,1632
lung,2352,1632
lung,2353,1631
lung,2354,1630
lung,2355,1630
lung,2356,1630
lung,2357,1628
lung,2358,1628
lung,2359,1628
lung,2360,1628
lung,2361,1627
lung,2362,1627
lung,2363,1627
lung,2364,1626
lung,2365,1626
lung,2366,1624
lung,2367,1622
lung,2368,1621
lung,2369,1619
lung,2370,1619
lung,2371,1619
lung,2372,1616
lung,2373,1614
lung,2374,1611
lung,2375,1611
lung,2376,1609
lung,2377,1609
lung,2378,1608
lung,2379,1608
lung,2380,1606
lung,2381,1605
lung,2382,1604
lung,2383,1602
lung,2384,1601
lung,2385,1601
lung,2386,1601
lung,2387,1601
lung,2388,1600
lung,2389,1599
lung,2390,1598
lung,2391,1598
lung,2392,1598
lung,2393,1598
lung,2394,1598
lung,2395,1598
lung,2396,1597
lung,2397,1597
lung,2398,1596
lung,2399,1596
lung,2400,1596
lung,2401,1594
lung,2402,1594
lung,2403,1593
lung,2404,1592
lung,2405,1591
lung,2406,1590
lung,2407,1589
lung,2408,1586
lung,2409,1583
lung,2410,1580
lung,2411,1578
lung,2412,1576
lung,2413,1576
lung,2414,1575
lung,2415,1575
lung,2416,1574
lung,2417,1574
lung,2418,1572
lung,2419,1570
lung,2420,1567
lung,2421,1565
lung,2422,1565
lung,2423,1565
lung,2424,1564
lung,2425,1563
lung,2426,1563
lung,2427,1562
lung,2428,1561
lung,2429,1561
lung,2430,1561
lung,2431,1560
lung,2432,1559
lung,2433,1559
lung,2434,1555
lung,2435,1549
lung,2436,1549
lung,2437,1548
lung,2438,1547
lung,2439,1547
lung,2440,1545
lung,2441,1544
lung,2442,1542
lung,2443,1531
lung,2444,1527
lung,2445,1523
lung,2446,1522
lung,2447,1522
lung,2448,1521
lung,2449,1519
lung,2450,1518
lung,2451,1515
lung,2452,1515
lung,2453,1514
lung,2454,1513
lung,2455,1513
lung,2456,1513
lung,2457,1512
lung,2458,1509
lung,2459,1509
lung,2460,1509
lung,2461,1509
lung,2462,1508
lung,2463,1508
lung,2464,1507
lung,2465,1506
lung,2466,1506
lung,2467,1505
lung,2468,1505
lung,2469,1503
lung,2470,1503
lung,2471,1500
lung,2472,1495
lung,2473,1492
lung,2474,1491
lung,2475,1491
lung,2476,1490
lung,2477,1488
lung,2478,1488
lung,2479,1487
lung,2480,1486
lung,2481,1486
lung,2482,1485
lung,2483,1485
lung,2484,1484
lung,2485,1484
lung,2486,1483
lung,2487,1483
lung,2488,1480
lung,2489,1479
lung,2490,1478
lung,2491,1477
lung,2492,1477
lung,2493,1477
lung,2494,1472
lung,2495,1471
lung,2496,1471
lung,2497,1470
lung,2498,1468
lung,2499,1466
lung,2500,1466
lung,2501,1466
lung,2502,1465
lung,2503,1464
lung,2504,1464
lung,2505,1463
lung,2506,1463
lung,2507,1463
lung,2508,1462
lung,2509,1462
lung,2510,1462
lung,2511,1462
lung,2512,1462
lung,2513,1461
lung,2514,1461
lung,2515,1460
lung,2516,1460
lung,2517,1460
lung,2518,1459
lung,2519,1459
lung,2520,1459
lung,2521,1459
lung,2522,1459
lung,2523,1459
lung,2524,1458
lung,2525,1458
lung,2526,1458
lung,2527,1458
lung,2528,1458
lung,2529,1458
lung,2530,1457
lung,2531,1457
lung,2532,1457
lung,2533,1457
lung,2534,1457
lung,2535,1457
lung,2536,1457
lung,2537,1457
lung,2538,1457
lung,2539,1456
lung,2540,1455
lung,2541,1443
lung,2542,1443
lung,2543,1438
lung,2544,1436
lung,2545,1426
lung,2546,1424
lung,2547,1418
lung,2548,1414
lung,2549,1414
lung,2550,1414
lung,2551,1410
lung,2552,1409
lung,2553,1409
lung,2554,1407
lung,2555,1406
lung,2556,1405
lung,2557,1404
lung,2558,1403
lung,2559,1401
lung,2560,1401
lung,2561,1400
lung,2562,1398
lung,2563,1397
lung,2564,1397
lung,2565,1395
lung,2566,1395
lung,2567,1395
lung,2568,1395
lung,2569,1394
lung,2570,1392
lung,2571,1392
lung,2572,1392
lung,2573,1392
lung,2574,1388
lung,2575,1388
lung,2576,1387
lung,2577,1387
lung,2578,1387
lung,2579,1387
lung,2580,1386
lung,2581,1383
lung,2582,1383
lung,2583,1383
lung,2584,1382
lung,2585,1382
lung,2586,1382
lung,2587,1382
lung,2588,1381
lung,2589,1381
lung,2590,1381
lung,2591,1381
lung,2592,1380
lung,2593,1380
lung,2594,1380
lung,2595,1379
lung,2596,1379
lung,2597,1378
lung,2598,1378
lung,2599,1378
lung,2600,1378
lung,2601,1378
lung,2602,1378
lung,2603,1377
lung,2604,1377
lung,2605,1377
lung,2606,1377
lung,2607,1377
lung,2608,1377
lung,2609,1377
lung,2610,1377
lung,2611,1377
lung,2612,1377
lung,2613,1377
lung,2614,1376
lung,2615,1376
lung,2616,1376
lung,2617,1376
lung,2618,1376
lung,2619,1376
lung,2620,1376
lung,2621,1376
lung,2622,1376
lung,2623,1376
lung,2624,1375
lung,2625,1374
lung,2626,1371
lung,2627,1367
lung,2628,1360
lung,2629,1359
lung,2630,1355
lung,2631,1354
lung,2632,1354
lung,2633,1353
lung,2634,1353
lung,2635,1350
lung,2636,1350
lung,2637,1348
lung,2638,1339
lung,2639,1339
lung,2640,1338
lung,2641,1336
lung,2642,1335
lung,2643,1334
lung,2644,1334
lung,2645,1332
lung,2646,1332
lung,2647,1331
lung,2648,1330
lung,2649,1330
lung,2650,1329
lung,2651,1329
lung,2652,1329
lung,2653,1329
lung,2654,1329
lung,2655,1328
lung,2656,1328
lung,2657,1327
lung,2658,1326
lung,2659,1326
lung,2660,1325
lung,2661,1325
lung,2662,1325
lung,2663,1324
lung,2664,1324
lung,2665,1317
lung,2666,1314
lung,2667,1308
lung,2668,1300
lung,2669,1295
lung,2670,1294
lung,2671,1290
lung,2672,1283
lung,2673,1280
lung,2674,1278
lung,2675,1276
lung,2676,1276
lung,2677,1275
lung,2678,1274
lung,2679,1269
lung,2680,1266
lung,2681,1265
lung,2682,1258
lung,2683,1257
lung,2684,1253
lung,2685,1250
lung,2686,1249
lung,2687,1247
lung,2688,1245
lung,2689,1245
lung,2690,1244
lung,2691,1243
lung,2692,1242
lung,2693,1242
lung,2694,1240
lung,2695,1239
lung,2696,1237
lung,2697,1237
lung,2698,1237
lung,2699,1235
lung,2700,1234
lung,2701,1234
lung,2702,1234
lung,2703,1232
lung,2704,1232
lung,2705,1230
lung,2706,1228
lung,2707,1225
lung,2708,1217
lung,2709,1215
lung,2710,1214
lung,2711,1212
lung,2712,1212
lung,2713,1211
lung,2714,1210
lung,2715,1208
lung,2716,1207
lung,2717,1204
lung,2718,1203
lung,2719,1201
lung,2720,1200
lung,2721,1200
lung,2722,1199
lung,2723,1199
lung,2724,1198
lung,2725,1198
lung,2726,1196
lung,2727,1195
lung,2728,1194
lung,2729,1193
lung,2730,1192
lung,2731,1189
lung,2732,1183
lung,2733,1182
lung,2734,1182
lung,2735,1178
lung,2736,1176
lung,2737,1176
lung,2738,1176
lung,2739,1174
lung,2740,1174
lung,2741,1173
lung,2742,1172
lung,2743,1171
lung,2744,1171
lung,2745,1171
lung,2746,1170
lung,2747,1167
lung,2748,1167
lung,2749,1167
lung,2750,1167
lung,2751,1166
lung,2752,1166
lung,2753,1164
lung,2754,1164
lung,2755,1163
lung,2756,1163
lung,2757,1162
lung,2758,1162
lung,2759,1162
lung,2760,1161
lung,2761,1161
lung,2762,1160
lung,2763,1160
lung,2764,1160
lung,2765,1159
lung,2766,1159
lung,2767,1158
lung,2768,1158
lung,2769,1157
lung,2770,1156
lung,2771,1156
lung,2772,1156
lung,2773,1156
lung,2774,1156
lung,2775,1156
lung,2776,1156
lung,2777,1156
lung,2778,1156
lung,2779,1155
lung,2780,1155
lung,2781,1155
lung,2782,1155
lung,2783,1155
lung,2784,1155
lung,2785,1154
lung,2786,1154
lung,2787,1154
lung,2788,1154
lung,2789,1154
lung,2790,1154
lung,2791,1154
lung,2792,1154
lung,2793,1154
lung,2794,1153
lung,2795,1147
lung,2796,1135
lung,2797,1130
lung,2798,1129
lung,2799,1127
lung,2800,1126
lung,2801,1125
lung,2802,1123
lung,2803,1119
lung,2804,1118
lung,2805,1118
lung,2806,1117
lung,2807,1117
lung,2808,1117
lung,2809,1117
lung,2810,1116
lung,2811,1116
lung,2812,1116
lung,2813,1115
lung,2814,1115
lung,2815,1115
lung,2816,1115
lung,2817,1115
lung,2818,1115
lung,2819,1115
lung,2820,1114
lung,2821,1113
lung,2822,1113
lung,2823,1112
lung,2824,1104
lung,2825,1104
lung,2826,1103
lung,2827,1096
lung,2828,1089
lung,2829,1082
lung,2830,1079
lung,2831,1079
lung,2832,1078
lung,2833,1077
lung,2834,1077
lung,2835,1075
lung,2836,1074
lung,2837,1074
lung,2838,1074
lung,2839,1073
lung,2840,1073
lung,2841,1072
lung,2842,1072
lung,2843,1071
lung,2844,1071
lung,2845,1071
lung,2846,1071
lung,2847,1071
lung,2848,1071
lung,2849,1070
lung,2850,1070
lung,2851,1070
lung,2852,1070
lung,2853,1070
lung,2854,1069
lung,2855,1067
lung,2856,1063
lung,2857,1058
lung,2858,1054
lung,2859,1045
lung,2860,1041
lung,2861,1041
lung,2862,1038
lung,2863,1035
lung,2864,1034
lung,2865,1028
lung,2866,1027
lung,2867,1025
lung,2868,1024
lung,2869,1023
lung,2870,1022
lung,2871,1022
lung,2872,1020
lung,2873,1019
lung,2874,1018
lung,2875,1017
lung,2876,1016
lung,2877,1016
lung,2878,1016
lung,2879,1015
lung,2880,1015
lung,2881,1015
lung,2882,1014
lung,2883,1014
lung,2884,1014
lung,2885,1014
lung,2886,1013
lung,2887,1012
lung,2888,1011
lung,2889,1000
lung,2890,999
lung,2891,993
lung,2892,990
lung,2893,988
lung,2894,987
lung,2895,982
lung,2896,978
lung,2897,978
lung,2898,977
lung,2899,976
lung,2900,976
lung,2901,975
lung,2902,973
lung,2903,972
lung,2904,970
lung,2905,970
lung,2906,954
lung,2907,953
lung,2908,951
lung,2909,946
lung,2910,945
lung,2911,941
lung,2912,939
lung,2913,939
lung,2914,937
lung,2915,937
lung,2916,936
lung,2917,935
lung,2918,935
lung,2919,934
lung,2920,929
lung,2921,928
lung,2922,927
lung,2923,926
lung,2924,926
lung,2925,925
lung,2926,924
lung,2927,924
lung,2928,924
lung,2929,923
lung,2930,923
lung,2931,923
lung,2932,922
lung,2933,920
lung,2934,919
lung,2935,918
lung,2936,917
lung,2937,917
lung,2938,917
lung,2939,917
lung,2940,916
lung,2941,916
lung,2942,915
lung,2943,914
lung,2944,911
lung,2945,911
lung,2946,910
lung,2947,910
lung,2948,910
lung,2949,908
lung,2950,907
lung,2951,907
lung,2952,905
lung,2953,905
lung,2954,904
lung,2955,903
lung,2956,903
lung,2957,903
lung,2958,903
lung,2959,902
lung,2960,902
lung,2961,901
lung,2962,900
lung,2963,898
lung,2964,898
lung,2965,897
lung,2966,896
lung,2967,896
lung,2968,894
lung,2969,893
lung,2970,893
lung,2971,892
lung,2972,892
lung,2973,891
lung,2974,891
lung,2975,890
lung,2976,890
lung,2977,890
lung,2978,889
lung,2979,888
lung,2980,888
lung,2981,888
lung,2982,888
lung,2983,887
lung,2984,887
lung,2985,886
lung,2986,886
lung,2987,885
lung,2988,883
lung,2989,881
lung,2990,875
lung,2991,871
lung,2992,870
lung,2993,870
lung,2994,867
lung,2995,867
lung,2996,864
lung,2997,859
lung,2998,859
lung,2999,855
lung,3000,854
lung,3001,853
lung,3002,853
lung,3003,852
lung,3004,852
lung,3005,852
lung,3006,852
lung,3007,851
lung,3008,851
lung,3009,850
lung,3010,850
lung,3011,849
lung,3012,844
lung,3013,839
lung,3014,836
lung,3015,836
lung,3016,836
lung,3017,831
lung,3018,830
lung,3019,829
lung,3020,825
lung,3021,825
lung,3022,824
lung,3023,822
lung,3024,822
lung,3025,822
lung,3026,821
lung,3027,820
lung,3028,818
lung,3029,817
lung,3030,816
lung,3031,815
lung,3032,814
lung,3033,814
lung,3034,814
lung,3035,813
lung,3036,813
lung,3037,812
lung,3038,812
lung,3039,811
lung,3040,810
lung,3041,809
lung,3042,809
lung,3043,809
lung,3044,808
lung,3045,808
lung,3046,808
lung,3047,808
lung,3048,808
lung,3049,807
lung,3050,806
lung,3051,806
lung,3052,806
lung,3053,806
lung,3054,805
lung,3055,805
lung,3056,805
lung,3057,805
lung,3058,805
lung,3059,805
lung,3060,805
lung,3061,804
lung,3062,804
lung,3063,804
lung,3064,804
lung,3065,804
lung,3066,804
lung,3067,803
lung,3068,803
lung,3069,803
lung,3070,803
lung,3071,803
lung,3072,803
lung,3073,803
lung,3074,803
lung,3075,803
lung,3076,803
lung,3077,802
lung,3078,802
lung,3079,801
lung,3080,800
lung,3081,799
lung,3082,799
lung,3083,793
lung,3084,793
lung,3085,792
lung,3086,791
lung,3087,791
lung,3088,790
lung,3089,788
lung,3090,787
lung,3091,786
lung,3092,783
lung,3093,781
lung,3094,779
lung,3095,778
lung,3096,776
lung,3097,775
lung,3098,775
lung,3099,773
lung,3100,773
lung,3101,773
lung,3102,771
lung,3103,767
lung,3104,766
lung,3105,765
lung,3106,764
lung,3107,761
lung,3108,757
lung,3109,756
lung,3110,754
lung,3111,753
lung,3112,753
lung,3113,751
lung,3114,751
lung,3115,750
lung,3116,750
lung,3117,750
lung,3118,749
lung,3119,749
lung,3120,749
lung,3121,748
lung,3122,747
lung,3123,746
lung,3124,746
lung,3125,740
lung,3126,739
lung,3127,737
lung,3128,736
lung,3129,736
lung,3130,736
lung,3131,735
lung,3132,730
lung,3133,727
lung,3134,724
lung,3135,722
lung,3136,722
lung,3137,721
lung,3138,720
lung,3139,717
lung,3140,716
lung,3141,711
lung,3142,710
lung,3143,708
lung,3144,708
lung,3145,708
lung,3146,706
lung,3147,705
lung,3148,704
lung,3149,704
lung,3150,704
lung,3151,703
lung,3152,702
lung,3153,701
lung,3154,700
lung,3155,700
lung,3156,699
lung,3157,699
lung,3158,697
lung,3159,696
lung,3160,695
lung,3161,694
lung,3162,690
lung,3163,689
lung,3164,688
lung,3165,685
lung,3166,685
lung,3167,684
lung,3168,683
lung,3169,682
lung,3170,681
lung,3171,680
lung,3172,680
lung,3173,678
lung,3174,678
lung,3175,678
lung,3176,677
lung,3177,677
lung,3178,677
lung,3179,675
lung,3180,675
lung,3181,675
lung,3182,675
lung,3183,674
lung,3184,673
lung,3185,673
lung,3186,673
lung,3187,670
lung,3188,670
lung,3189,670
lung,3190,669
lung,3191,669
lung,3192,669
lung,3193,668
lung,3194,668
lung,3195,667
lung,3196,665
lung,3197,664
lung,3198,662
lung,3199,662
lung,3200,660
lung,3201,659
lung,3202,659
lung,3203,659
lung,3204,657
lung,3205,657
lung,3206,656
lung,3207,656
lung,3208,655
lung,3209,655
lung,3210,655
lung,3211,655
lung,3212,655
lung,3213,655
lung,3214,654
lung,3215,654
lung,3216,653
lung,3217,645
lung,3218,645
lung,3219,643
lung,3220,643
lung,3221,643
lung,3222,642
lung,3223,642
lung,3224,641
lung,3225,641
lung,3226,640
lung,3227,640
lung,3228,639
lung,3229,639
lung,3230,639
lung,3231,636
lung,3232,635
lung,3233,635
lung,3234,633
lung,3235,632
lung,3236,632
lung,3237,631
lung,3238,631
lung,3239,631
lung,3240,630
lung,3241,629
lung,3242,627
lung,3243,624
lung,3244,623
lung,3245,623
lung,3246,622
lung,3247,622
lung,3248,621
lung,3249,620
lung,3250,619
lung,3251,619
lung,3252,618
lung,3253,616
lung,3254,603
lung,3255,595
lung,3256,595
lung,3257,594
lung,3258,594
lung,3259,593
lung,3260,591
lung,3261,591
lung,3262,589
lung,3263,588
lung,3264,588
lung,3265,587
lung,3266,587
lung,3267,585
lung,3268,585
lung,3269,585
lung,3270,585
lung,3271,583
lung,3272,583
lung,3273,582
lung,3274,582
lung,3275,581
lung,3276,579
lung,3277,579
lung,3278,578
lung,3279,578
lung,3280,578
lung,3281,577
lung,3282,575
lung,3283,575
lung,3284,573
lung,3285,573
lung,3286,571
lung,3287,568
lung,3288,563
lung,3289,562
lung,3290,561
lung,3291,560
lung,3292,560
lung,3293,557
lung,3294,552
lung,3295,550
lung,3296,549
lung,3297,549
lung,3298,547
lung,3299,546
lung,3300,546
lung,3301,546
lung,3302,545
lung,3303,544
lung,3304,544
lung,3305,544
lung,3306,544
lung,3307,543
lung,3308,542
lung,3309,538
lung,3310,536
lung,3311,532
lung,3312,531
lung,3313,529
lung,3314,529
lung,3315,527
lung,3316,524
lung,3317,524
lung,3318,524
lung,3319,523
lung,3320,523
lung,3321,523
lung,3322,521
lung,3323,519
lung,3324,519
lung,3325,519
lung,3326,518
lung,3327,518
lung,3328,518
lung,3329,518
lung,3330,517
lung,3331,517
lung,3332,516
lung,3333,516
lung,3334,516
lung,3335,515
lung,3336,515
lung,3337,515
lung,3338,515
lung,3339,515
lung,3340,514
lung,3341,513
lung,3342,513
lung,3343,512
lung,3344,511
lung,3345,511
lung,3346,511
lung,3347,511
lung,3348,510
lung,3349,510
lung,3350,510
lung,3351,510
lung,3352,510
lung,3353,510
lung,3354,510
lung,3355,509
lung,3356,509
lung,3357,509
lung,3358,509
lung,3359,508
lung,3360,508
lung,3361,508
lung,3362,508
lung,3363,508
lung,3364,508
lung,3365,508
lung,3366,508
lung,3367,507
lung,3368,507
lung,3369,507
lung,3370,507
lung,3371,507
lung,3372,507
lung,3373,507
lung,3374,507
lung,3375,507
lung,3376,507
lung,3377,507
lung,3378,507
lung,3379,507
lung,3380,507
lung,3381,506
lung,3382,506
lung,3383,504
lung,3384,501
lung,3385,499
lung,3386,499
lung,3387,498
lung,3388,494
lung,3389,490
lung,3390,485
lung,3391,481
lung,3392,480
lung,3393,479
lung,3394,479
lung,3395,478
lung,3396,478
lung,3397,477
lung,3398,477
lung,3399,474
lung,3400,473
lung,3401,473
lung,3402,473
lung,3403,472
lung,3404,469
lung,3405,468
lung,3406,468
lung,3407,465
lung,3408,465
lung,3409,465
lung,3410,463
lung,3411,462
lung,3412,462
lung,3413,461
lung,3414,461
lung,3415,460
lung,3416,460
lung,3417,460
lung,3418,459
lung,3419,458
lung,3420,457
lung,3421,456
lung,3422,455
lung,3423,454
lung,3424,452
lung,3425,451
lung,3426,449
lung,3427,448
lung,3428,447
lung,3429,447
lung,3430,446
lung,3431,446
lung,3432,445
lung,3433,444
lung,3434,443
lung,3435,443
lung,3436,443
lung,3437,443
lung,3438,440
lung,3439,440
lung,3440,439
lung,3441,439
lung,3442,439
lung,3443,439
lung,3444,438
lung,3445,437
lung,3446,437
lung,3447,437
lung,3448,437
lung,3449,437
lung,3450,437
lung,3451,436
lung,3452,436
lung,3453,436
lung,3454,436
lung,3455,436
lung,3456,435
lung,3457,433
lung,3458,432
lung,3459,431
lung,3460,431
lung,3461,430
lung,3462,429
lung,3463,429
lung,3464,427
lung,3465,426
lung,3466,425
lung,3467,423
lung,3468,421
lung,3469,417
lung,3470,416
lung,3471,415
lung,3472,415
lung,3473,415
lung,3474,414
lung,3475,413
lung,3476,412
lung,3477,410
lung,3478,410
lung,3479,407
lung,3480,406
lung,3481,406
lung,3482,406
lung,3483,405
lung,3484,405
lung,3485,405
lung,3486,405
lung,3487,404
lung,3488,403
lung,3489,403
lung,3490,403
lung,3491,402
lung,3492,402
lung,3493,402
lung,3494,402
lung,3495,402
lung,3496,402
lung,3497,402
lung,3498,401
lung,3499,401
lung,3500,401
lung,3501,401
lung,3502,401
lung,3503,401
lung,3504,401
lung,3505,401
lung,3506,401
lung,3507,401
lung,3508,400
lung,3509,400
lung,3510,400
lung,3511,400
lung,3512,400
lung,3513,400
lung,3514,400
lung,3515,399
lung,3516,399
lung,3517,399
lung,3518,399
lung,3519,399
lung,3520,398
lung,3521,398
lung,3522,398
lung,3523,398
lung,3524,397
lung,3525,397
lung,3526,397
lung,3527,397
lung,3528,396
lung,3529,396
lung,3530,396
lung,3531,395
lung,3532,395
lung,3533,395
lung,3534,395
lung,3535,395
lung,3536,394
lung,3537,394
lung,3538,393
lung,3539,393
lung,3540,393
lung,3541,392
lung,3542,392
lung,3543,392
lung,3544,391
lung,3545,391
lung,3546,390
lung,3547,390
lung,3548,390
lung,3549,389
lung,3550,389
lung,3551,389
lung,3552,388
lung,3553,388
lung,3554,387
lung,3555,387
lung,3556,387
lung,3557,386
lung,3558,386
lung,3559,385
lung,3560,383
lung,3561,383
lung,3562,383
lung,3563,380
lung,3564,380
lung,3565,380
lung,3566,379
lung,3567,378
lung,3568,378
lung,3569,378
lung,3570,376
lung,3571,376
lung,3572,375
lung,3573,374
lung,3574,374
lung,3575,374
lung,3576,374
lung,3577,373
lung,3578,373
lung,3579,373
lung,3580,373
lung,3581,373
lung,3582,373
lung,3583,373
lung,3584,372
lung,3585,372
lung,3586,372
lung,3587,370
lung,3588,370
lung,3589,370
lung,3590,369
lung,3591,369
lung,3592,368
lung,3593,367
lung,3594,365
lung,3595,362
lung,3596,361
lung,3597,360
lung,3598,360
lung,3599,360
lung,3600,360
lung,3601,360
lung,3602,359
lung,3603,359
lung,3604,357
lung,3605,354
lung,3606,350
lung,3607,349
lung,3608,347
lung,3609,345
lung,3610,344
lung,3611,343
lung,3612,343
lung,3613,342
lung,3614,342
lung,3615,341
lung,3616,340
lung,3617,340
lung,3618,339
lung,3619,339
lung,3620,336
lung,3621,334
lung,3622,332
lung,3623,332
lung,3624,331
lung,3625,330
lung,3626,329
lung,3627,327
lung,3628,327
lung,3629,326
lung,3630,325
lung,3631,323
lung,3632,322
lung,3633,321
lung,3634,321
lung,3635,321
lung,3636,320
lung,3637,320
lung,3638,319
lung,3639,319
lung,3640,318
lung,3641,318
lung,3642,317
lung,3643,317
lung,3644,317
lung,3645,316
lung,3646,316
lung,3647,316
lung,3648,316
lung,3649,316
lung,3650,314
lung,3651,314
lung,3652,313
lung,3653,313
lung,3654,313
lung,3655,312
lung,3656,311
lung,3657,311
lung,3658,311
lung,3659,310
lung,3660,310
lung,3661,310
lung,3662,310
lung,3663,310
lung,3664,309
lung,3665,309
lung,3666,309
lung,3667,309
lung,3668,309
lung,3669,309
lung,3670,309
lung,3671,309
lung,3672,309
lung,3673,309
lung,3674,308
lung,3675,308
lung,3676,308
lung,3677,308
lung,3678,308
lung,3679,308
lung,3680,308
lung,3681,307
lung,3682,307
lung,3683,307
lung,3684,307
lung,3685,306
lung,3686,305
lung,3687,304
lung,3688,303
lung,3689,303
lung,3690,302
lung,3691,302
lung,3692,301
lung,3693,301
lung,3694,300
lung,3695,300
lung,3696,300
lung,3697,300
lung,3698,299
lung,3699,299
lung,3700,298
lung,3701,298
lung,3702,298
lung,3703,297
lung,3704,297
lung,3705,296
lung,3706,296
lung,3707,295
lung,3708,295
lung,3709,295
lung,3710,291
lung,3711,291
lung,3712,291
lung,3713,290
lung,3714,290
lung,3715,290
lung,3716,289
lung,3717,289
lung,3718,288
lung,3719,288
lung,3720,288
lung,3721,288
lung,3722,287
lung,3723,287
lung,3724,286
lung,3725,285
lung,3726,284
lung,3727,284
lung,3728,283
lung,3729,283
lung,3730,283
lung,3731,282
lung,3732,280
lung,3733,279
lung,3734,279
lung,3735,279
lung,3736,279
lung,3737,279
lung,3738,278
lung,3739,278
lung,3740,278
lung,3741,278
lung,3742,278
lung,3743,278
lung,3744,277
lung,3745,277
lung,3746,277
lung,3747,274
lung,3748,274
lung,3749,274
lung,3750,273
lung,3751,271
lung,3752,270
lung,3753,269
lung,3754,269
lung,3755,268
lung,3756,267
lung,3757,266
lung,3758,266
lung,3759,265
lung,3760,264
lung,3761,264
lung,3762,264
lung,3763,263
lung,3764,263
lung,3765,262
lung,3766,262
lung,3767,262
lung,3768,261
lung,3769,261
lung,3770,261
lung,3771,261
lung,3772,260
lung,3773,260
lung,3774,260
lung,3775,260
lung,3776,259
lung,3777,259
lung,3778,259
lung,3779,259
lung,3780,258
lung,3781,258
lung,3782,258
lung,3783,258
lung,3784,258
lung,3785,257
lung,3786,257
lung,3787,257
lung,3788,257
lung,3789,256
lung,3790,256
lung,3791,256
lung,3792,256
lung,3793,256
lung,3794,255
lung,3795,253
lung,3796,253
lung,3797,252
lung,3798,252
lung,3799,252
lung,3800,252
lung,3801,251
lung,3802,250
lung,3803,250
lung,3804,250
lung,3805,249
lung,3806,249
lung,3807,248
lung,3808,247
lung,3809,247
lung,3810,247
lung,3811,246
lung,3812,246
lung,3813,245
lung,3814,244
lung,3815,243
lung,3816,242
lung,3817,242
lung,3818,241
lung,3819,241
lung,3820,240
lung,3821,238
lung,3822,237
lung,3823,236
lung,3824,235
lung,3825,234
lung,3826,234
lung,3827,233
lung,3828,232
lung,3829,232
lung,3830,231
lung,3831,231
lung,3832,231
lung,3833,231
lung,3834,231
lung,3835,230
lung,3836,230
lung,3837,230
lung,3838,230
lung,3839,230
lung,3840,230
lung,3841,229
lung,3842,229
lung,3843,229
lung,3844,229
lung,3845,229
lung,3846,229
lung,3847,229
lung,3848,228
lung,3849,228
lung,3850,228
lung,3851,228
lung,3852,228
lung,3853,228
lung,3854,228
lung,3855,228
lung,3856,228
lung,3857,228
lung,3858,228
lung,3859,227
lung,3860,227
lung,3861,227
lung,3862,227
lung,3863,227
lung,3864,227
lung,3865,227
lung,3866,226
lung,3867,226
lung,3868,226
lung,3869,225
lung,3870,225
lung,3871,224
lung,3872,224
lung,3873,223
lung,3874,223
lung,3875,223
lung,3876,222
lung,3877,222
lung,3878,221
lung,3879,221
lung,3880,221
lung,3881,221
lung,3882,221
lung,3883,220
lung,3884,220
lung,3885,219
lung,3886,219
lung,3887,219
lung,3888,218
lung,3889,218
lung,3890,218
lung,3891,217
lung,3892,217
lung,3893,217
lung,3894,217
lung,3895,217
lung,3896,216
lung,3897,216
lung,3898,216
lung,3899,214
lung,3900,214
lung,3901,213
lung,3902,211
lung,3903,211
lung,3904,211
lung,3905,209
lung,3906,209
lung,3907,209
lung,3908,208
lung,3909,208
lung,3910,207
lung,3911,207
lung,3912,207
lung,3913,207
lung,3914,206
lung,3915,206
lung,3916,206
lung,3917,206
lung,3918,206
lung,3919,206
lung,3920,205
lung,3921,205
lung,3922,205
lung,3923,205
lung,3924,204
lung,3925,204
lung,3926,203
lung,3927,203
lung,3928,202
lung,3929,202
lung,3930,202
lung,3931,201
lung,3932,201
lung,3933,201
lung,3934,201
lung,3935,199
lung,3936,199
lung,3937,198
lung,3938,198
lung,3939,197
lung,3940,196
lung,3941,195
lung,3942,191
lung,3943,191
lung,3944,191
lung,3945,190
lung,3946,189
lung,3947,187
lung,3948,187
lung,3949,187
lung,3950,187
lung,3951,186
lung,3952,186
lung,3953,186
lung,3954,186
lung,3955,186
lung,3956,185
lung,3957,185
lung,3958,185
lung,3959,185
lung,3960,185
lung,3961,185
lung,3962,185
lung,3963,184
lung,3964,184
lung,3965,184
lung,3966,184
lung,3967,184
lung,3968,184
lung,3969,184
lung,3970,183
lung,3971,183
lung,3972,183
lung,3973,183
lung,3974,182
lung,3975,182
lung,3976,182
lung,3977,182
lung,3978,182
lung,3979,182
lung,3980,181
lung,3981,181
lung,3982,180
lung,3983,179
lung,3984,178
lung,3985,177
lung,3986,177
lung,3987,175
lung,3988,174
lung,3989,174
lung,3990,173
lung,3991,173
lung,3992,172
lung,3993,172
lung,3994,171
lung,3995,171
lung,3996,171
lung,3997,171
lung,3998,170
lung,3999,169
lung,4000,169
lung,4001,169
lung,4002,169
lung,4003,169
lung,4004,169
lung,4005,169
lung,4006,168
lung,4007,168
lung,4008,167
lung,4009,166
lung,4010,166
lung,4011,165
lung,4012,165
lung,4013,165
lung,4014,164
lung,4015,163
lung,4016,163
lung,4017,163
lung,4018,163
lung,4019,162
lung,4020,162
lung,4021,162
lung,4022,162
lung,4023,162
lung,4024,162
lung,4025,162
lung,4026,161
lung,4027,160
lung,4028,160
lung,4029,159
lung,4030,159
lung,4031,159
lung,4032,159
lung,4033,158
lung,4034,158
lung,4035,158
lung,4036,158
lung,4037,158
lung,4038,158
lung,4039,157
lung,4040,157
lung,4041,157
lung,4042,157
lung,4043,157
lung,4044,156
lung,4045,156
lung,4046,156
lung,4047,156
lung,4048,156
lung,4049,156
lung,4050,156
lung,4051,156
lung,4052,156
lung,4053,156
lung,4054,156
lung,4055,156
lung,4056,156
lung,4057,156
lung,4058,156
lung,4059,155
lung,4060,155
lung,4061,155
lung,4062,154
lung,4063,154
lung,4064,154
lung,4065,152
lung,4066,151
lung,4067,151
lung,4068,150
lung,4069,149
lung,4070,149
lung,4071,149
lung,4072,148
lung,4073,146
lung,4074,146
lung,4075,146
lung,4076,145
lung,4077,145
lung,4078,144
lung,4079,144
lung,4080,144
lung,4081,143
lung,4082,143
lung,4083,143
lung,4084,142
lung,4085,142
lung,4086,142
lung,4087,142
lung,4088,141
lung,4089,141
lung,4090,141
lung,4091,140
lung,4092,140
lung,4093,140
lung,4094,139
lung,4095,138
lung,4096,138
lung,4097,138
lung,4098,137
lung,4099,135
lung,4100,135
lung,4101,134
lung,4102,133
lung,4103,133
lung,4104,132
lung,4105,132
lung,4106,132
lung,4107,130
lung,4108,130
lung,4109,129
lung,4110,129
lung,4111,129
lung,4112,129
lung,4113,128
lung,4114,128
lung,4115,126
lung,4116,126
lung,4117,126
lung,4118,125
lung,4119,125
lung,4120,125
lung,4121,125
lung,4122,124
lung,4123,124
lung,4124,124
lung,4125,124
lung,4126,123
lung,4127,123
lung,4128,123
lung,4129,123
lung,4130,123
lung,4131,122
lung,4132,122
lung,4133,122
lung,4134,122
lung,4135,122
lung,4136,121
lung,4137,121
lung,4138,121
lung,4139,121
lung,4140,120
lung,4141,120
lung,4142,120
lung,4143,120
lung,4144,119
lung,4145,119
lung,4146,119
lung,4147,119
lung,4148,118
lung,4149,118
lung,4150,118
lung,4151,117
lung,4152,117
lung,4153,117
lung,4154,117
lung,4155,117
lung,4156,117
lung,4157,117
lung,4158,116
lung,4159,116
lung,4160,115
lung,4161,115
lung,4162,115
lung,4163,115
lung,4164,114
lung,4165,114
lung,4166,114
lung,4167,113
lung,4168,113
lung,4169,113
lung,4170,112
lung,4171,112
lung,4172,112
lung,4173,112
lung,4174,111
lung,4175,111
lung,4176,110
lung,4177,109
lung,4178,108
lung,4179,107
lung,4180,107
lung,4181,107
lung,4182,106
lung,4183,106
lung,4184,106
lung,4185,106
lung,4186,105
lung,4187,105
lung,4188,104
lung,4189,104
lung,4190,104
lung,4191,104
lung,4192,104
lung,4193,104
lung,4194,103
lung,4195,103
lung,4196,103
lung,4197,103
lung,4198,102
lung,4199,102
lung,4200,102
lung,4201,101
lung,4202,101
lung,4203,100
lung,4204,99
lung,4205,99
lung,4206,99
lung,4207,99
lung,4208,98
lung,4209,97
lung,4210,97
lung,4211,97
lung,4212,97
lung,4213,96
lung,4214,96
lung,4215,96
lung,4216,96
lung,4217,96
lung,4218,95
lung,4219,95
lung,4220,95
lung,4221,95
lung,4222,94
lung,4223,93
lung,4224,92
lung,4225,92
lung,4226,92
lung,4227,91
lung,4228,90
lung,4229,90
lung,4230,90
lung,4231,90
lung,4232,90
lung,4233,89
lung,4234,89
lung,4235,88
lung,4236,88
lung,4237,88
lung,4238,87
lung,4239,87
lung,4240,87
lung,4241,87
lung,4242,86
lung,4243,86
lung,4244,86
lung,4245,85
lung,4246,85
lung,4247,85
lung,4248,85
lung,4249,85
lung,4250,85
lung,4251,84
lung,4252,84
lung,4253,84
lung,4254,83
lung,4255,82
lung,4256,82
lung,4257,82
lung,4258,82
lung,4259,81
lung,4260,81
lung,4261,80
lung,4262,80
lung,4263,79
lung,4264,79
lung,4265,79
lung,4266,79
lung,4267,78
lung,4268,78
lung,4269,78
lung,4270,78
lung,4271,78
lung,4272,78
lung,4273,78
lung,4274,78
lung,4275,78
lung,4276,77
lung,4277,77
lung,4278,77
lung,4279,76
lung,4280,76
lung,4281,76
lung,4282,76
lung,4283,76
lung,4284,76
lung,4285,76
lung,4286,75
lung,4287,75
lung,4288,75
lung,4289,72
lung,4290,71
lung,4291,71
lung,4292,71
lung,4293,70
lung,4294,70
lung,4295,69
lung,4296,69
lung,4297,69
lung,4298,69
lung,4299,69
lung,4300,68
lung,4301,68
lung,4302,68
lung,4303,68
lung,4304,67
lung,4305,67
lung,4306,67
lung,4307,67
lung,4308,66
lung,4309,66
lung,4310,66
lung,4311,66
lung,4312,66
lung,4313,65
lung,4314,65
lung,4315,64
lung,4316,64
lung,4317,64
lung,4318,63
lung,4319,63
lung,4320,63
lung,4321,62
lung,4322,61
lung,4323,61
lung,4324,61
lung,4325,61
lung,4326,60
lung,4327,60
lung,4328,60
lung,4329,60
lung,4330,60
lung,4331,60
lung,4332,60
lung,4333,59
lung,4334,59
lung,4335,59
lung,4336,58
lung,4337,58
lung,4338,57
lung,4339,57
lung,4340,57
lung,4341,57
lung,4342,57
lung,4343,57
lung,4344,57
lung,4345,57
lung,4346,57
lung,4347,57
lung,4348,56
lung,4349,56
lung,4350,56
lung,4351,56
lung,4352,56
lung,4353,56
lung,4354,56
lung,4355,56
lung,4356,56
lung,4357,56
lung,4358,56
lung,4359,56
lung,4360,56
lung,4361,55
lung,4362,55
lung,4363,55
lung,4364,54
lung,4365,54
lung,4366,54
lung,4367,54
lung,4368,53
lung,4369,53
lung,4370,52
lung,4371,52
lung,4372,51
lung,4373,51
lung,4374,51
lung,4375,51
lung,4376,51
lung,4377,51
lung,4378,50
lung,4379,50
lung,4380,49
lung,4381,49
lung,4382,49
lung,4383,49
lung,4384,48
lung,4385,48
lung,4386,48
lung,4387,48
lung,4388,47
lung,4389,47
lung,4390,46
lung,4391,46
lung,4392,45
lung,4393,44
lung,4394,44
lung,4395,44
lung,4396,44
lung,4397,44
lung,4398,43
lung,4399,43
lung,4400,42
lung,4401,42
lung,4402,42
lung,4403,41
lung,4404,41
lung,4405,40
lung,4406,39
lung,4407,39
lung,4408,38
lung,4409,38
lung,4410,38
lung,4411,38
lung,4412,37
lung,4413,37
lung,4414,37
lung,4415,37
lung,4416,37
lung,4417,36
lung,4418,36
lung,4419,35
lung,4420,35
lung,4421,34
lung,4422,34
lung,4423,34
lung,4424,34
lung,4425,34
lung,4426,33
lung,4427,33
lung,4428,32
lung,4429,32
lung,4430,32
lung,4431,32
lung,4432,31
lung,4433,31
lung,4434,31
lung,4435,30
lung,4436,30
lung,4437,30
lung,4438,30
lung,4439,30
lung,4440,29
lung,4441,29
lung,4442,29
lung,4443,29
lung,4444,29
lung,4445,29
lung,4446,29
lung,4447,28
lung,4448,28
lung,4449,28
lung,4450,28
lung,4451,28
lung,4452,28
lung,4453,28
lung,4454,28
lung,4455,27
lung,4456,27
lung,4457,27
lung,4458,27
lung,4459,27
lung,4460,27
lung,4461,26
lung,4462,26
lung,4463,26
lung,4464,26
lung,4465,26
lung,4466,25
lung,4467,25
lung,4468,25
lung,4469,25
lung,4470,25
lung,4471,24
lung,4472,24
lung,4473,23
lung,4474,23
lung,4475,22
lung,4476,22
lung,4477,22
lung,4478,22
lung,4479,21
lung,4480,21
lung,4481,21
lung,4482,21
lung,4483,21
lung,4484,21
lung,4485,21
lung,4486,20
lung,4487,20
lung,4488,20
lung,4489,20
lung,4490,20
lung,4491,20
lung,4492,20
lung,4493,19
lung,4494,19
lung,4495,19
lung,4496,18
lung,4497,18
lung,4498,18
lung,4499,18
lung,4500,17
lung,4501,17
lung,4502,17
lung,4503,17
lung,4504,17
lung,4505,17
lung,4506,17
lung,4507,16
lung,4508,16
lung,4509,16
lung,4510,16
lung,4511,16
lung,4512,16
lung,4513,16
lung,4514,16
lung,4515,15
lung,4516,15
lung,4517,15
lung,4518,15
lung,4519,15
lung,4520,15
lung,4521,14
lung,4522,14
lung,4523,14
lung,4524,14
lung,4525,14
lung,4526,14
lung,4527,14
lung,4528,14
lung,4529,13
lung,4530,13
lung,4531,13
lung,4532,13
lung,4533,13
lung,4534,12
lung,4535,12
lung,4536,12
lung,4537,12
lung,4538,12
lung,4539,11
lung,4540,11
lung,4541,11
lung,4542,11
lung,4543,11
lung,4544,10
lung,4545,10
lung,4546,10
lung,4547,10
lung,4548,10
lung,4549,10
lung,4550,10
lung,4551,9
lung,4552,9
lung,4553,9
lung,4554,9
lung,4555,9
lung,4556,9
lung,4557,9
lung,4558,9
lung,4559,8
lung,4560,8
lung,4561,8
lung,4562,8
lung,4563,7
lung,4564,7
lung,4565,7
lung,4566,7
lung,4567,7
lung,4568,7
lung,4569,7
lung,4570,6
lung,4571,6
lung,4572,5
lung,4573,5
lung,4574,4
lung,4575,4
lung,4576,4
lung,4577,4
lung,4578,3
lung,4579,2
lung,4580,2
lung,4581,2
lung,4582,1
lung,4583,1
lung,4584,1
lung,4585,1
ovarian,1,40000
ovarian,2,38283
ovarian,3,37640
ovarian,4,37393
ovarian,5,37373
ovarian,6,37308
ovarian,7,37304
ovarian,8,37281
ovarian,9,37245
ovarian,10,36836
ovarian,11,36730
ovarian,12,36703
ovarian,13,35290
ovarian,14,33760
ovarian,15,33746
ovarian,16,33405
ovarian,17,33283
ovarian,18,33229
ovarian,19,33143
ovarian,20,32951
ovarian,21,32764
ovarian,22,32730
ovarian,23,32686
ovarian,24,32574
ovarian,25,32542
ovarian,26,32383
ovarian,27,32326
ovarian,28,32295
ovarian,29,32256
ovarian,30,32238
ovarian,31,32218
ovarian,32,32171
ovarian,33,32033
ovarian,34,32024
ovarian,35,31959
ovarian,36,31955
ovarian,37,31955
ovarian,38,31917
ovarian,39,31905
ovarian,40,31878
ovarian,41,31867
ovarian,42,31861
ovarian,43,31858
ovarian,44,31851
ovarian,45,31816
ovarian,46,31811
ovarian,47,31807
ovarian,48,31797
ovarian,49,31796
ovarian,50,31774
ovarian,51,31750
ovarian,52,31748
ovarian,53,31744
ovarian,54,31743
ovarian,55,31741
ovarian,56,31740
ovarian,57,31731
ovarian,58,31730
ovarian,59,31719
ovarian,60,31716
ovarian,61,31714
ovarian,62,31713
ovarian,63,31691
ovarian,64,31671
ovarian,65,31223
ovarian,66,31057
ovarian,67,30899
ovarian,68,30851
ovarian,69,30766
ovarian,70,30739
ovarian,71,30639
ovarian,72,30520
ovarian,73,30468
ovarian,74,30387
ovarian,75,30379
ovarian,76,30366
ovarian,77,30272
ovarian,78,30268
ovarian,79,30264
ovarian,80,30263
ovarian,81,30243
ovarian,82,30198
ovarian,83,30159
ovarian,84,30132
ovarian,85,30127
ovarian,86,30126
ovarian,87,30125
ovarian,88,30109
ovarian,89,30108
ovarian,90,30016
ovarian,91,29992
ovarian,92,29961
ovarian,93,29951
ovarian,94,29943
ovarian,95,29900
ovarian,96,29896
ovarian,97,29894
ovarian,98,29888
ovarian,99,29853
ovarian,100,29852
ovarian,101,29836
ovarian,102,29826
ovarian,103,29786
ovarian,104,29785
ovarian,105,29770
ovarian,106,29768
ovarian,107,29761
ovarian,108,29756
ovarian,109,29743
ovarian,110,29730
ovarian,111,29709
ovarian,112,29705
ovarian,113,29694
ovarian,114,29687
ovarian,115,29680
ovarian,116,29679
ovarian,117,29679
ovarian,118,29675
ovarian,119,29675
ovarian,120,29668
ovarian,121,29668
ovarian,122,29667
ovarian,123,29661
ovarian,124,29660
ovarian,125,29657
ovarian,126,29657
ovarian,127,29651
ovarian,128,29650
ovarian,129,29641
ovarian,130,29638
ovarian,131,29628
ovarian,132,29627
ovarian,133,29625
ovarian,134,29612
ovarian,135,29610
ovarian,136,29610
ovarian,137,29609
ovarian,138,29608
ovarian,139,29582
ovarian,140,29581
ovarian,141,29564
ovarian,142,29562
ovarian,143,29550
ovarian,144,29547
ovarian,145,29547
ovarian,146,29542
ovarian,147,29510
ovarian,148,29486
ovarian,149,29483
ovarian,150,29482
ovarian,151,29468
ovarian,152,29450
ovarian,153,29445
ovarian,154,29439
ovarian,155,29437
ovarian,156,29437
ovarian,157,29426
ovarian,158,29426
ovarian,159,29423
ovarian,160,29420
ovarian,161,29402
ovarian,162,29382
ovarian,163,29379
ovarian,164,29370
ovarian,165,29354
ovarian,166,29345
ovarian,167,29334
ovarian,168,29312
ovarian,169,29299
ovarian,170,29294
ovarian,171,29292
ovarian,172,29259
ovarian,173,29250
ovarian,174,29250
ovarian,175,29225
ovarian,176,29191
ovarian,177,29188
ovarian,178,29186
ovarian,179,29181
ovarian,180,29178
ovarian,181,29170
ovarian,182,29163
ovarian,183,29159
ovarian,184,29139
ovarian,185,29127
ovarian,186,29126
ovarian,187,29102
ovarian,188,29093
ovarian,189,29063
ovarian,190,29058
ovarian,191,29054
ovarian,192,29051
ovarian,193,29051
ovarian,194,29050
ovarian,195,29049
ovarian,196,29048
ovarian,197,29047
ovarian,198,29029
ovarian,199,29025
ovarian,200,29025
ovarian,201,29022
ovarian,202,29008
ovarian,203,29007
ovarian,204,29006
ovarian,205,29003
ovarian,206,28995
ovarian,207,28979
ovarian,208,28977
ovarian,209,28975
ovarian,210,28965
ovarian,211,28964
ovarian,212,28963
ovarian,213,28961
ovarian,214,28961
ovarian,215,28954
ovarian,216,28953
ovarian,217,28949
ovarian,218,28931
ovarian,219,28928
ovarian,220,28928
ovarian,221,28922
ovarian,222,28913
ovarian,223,28913
ovarian,224,28913
ovarian,225,28910
ovarian,226,28908
ovarian,227,28906
ovarian,228,28904
ovarian,229,28900
ovarian,230,28896
ovarian,231,28895
ovarian,232,28887
ovarian,233,28886
ovarian,234,28885
ovarian,235,28884
ovarian,236,28883
ovarian,237,28882
ovarian,238,28882
ovarian,239,28873
ovarian,240,28873
ovarian,241,28868
ovarian,242,28866
ovarian,243,28863
ovarian,244,28860
ovarian,245,28859
ovarian,246,28859
ovarian,247,28854
ovarian,248,28854
ovarian,249,28851
ovarian,250,28850
ovarian,251,28841
ovarian,252,28841
ovarian,253,28841
ovarian,254,28841
ovarian,255,28840
ovarian,256,28836
ovarian,257,28836
ovarian,258,28836
ovarian,259,28835
ovarian,260,28834
ovarian,261,28831
ovarian,262,28830
ovarian,263,28828
ovarian,264,28828
ovarian,265,28824
ovarian,266,28824
ovarian,267,28821
ovarian,268,28821
ovarian,269,28820
ovarian,270,28820
ovarian,271,28819
ovarian,272,28817
ovarian,273,28817
ovarian,274,28816
ovarian,275,28814
ovarian,276,28813
ovarian,277,28811
ovarian,278,28810
ovarian,279,28807
ovarian,280,28805
ovarian,281,28805
ovarian,282,28804
ovarian,283,28801
ovarian,284,28799
ovarian,285,28797
ovarian,286,20007
ovarian,287,19058
ovarian,288,18885
ovarian,289,18729
ovarian,290,18619
ovarian,291,18533
ovarian,292,18223
ovarian,293,18219
ovarian,294,18023
ovarian,295,17994
ovarian,296,17966
ovarian,297,17929
ovarian,298,17775
ovarian,299,17726
ovarian,300,17713
ovarian,301,17713
ovarian,302,17670
ovarian,303,17624
ovarian,304,17586
ovarian,305,17568
ovarian,306,17565
ovarian,307,17558
ovarian,308,17529
ovarian,309,17520
ovarian,310,17500
ovarian,311,17487
ovarian,312,17482
ovarian,313,17460
ovarian,314,17460
ovarian,315,17449
ovarian,316,17435
ovarian,317,17385
ovarian,318,17281
ovarian,319,17101
ovarian,320,17079
ovarian,321,17072
ovarian,322,17057
ovarian,323,17001
ovarian,324,16983
ovarian,325,16975
ovarian,326,16933
ovarian,327,16919
ovarian,328,16910
ovarian,329,16876
ovarian,330,16859
ovarian,331,16859
ovarian,332,16855
ovarian,333,16852
ovarian,334,16852
ovarian,335,16848
ovarian,336,16844
ovarian,337,16843
ovarian,338,16842
ovarian,339,16838
ovarian,340,16837
ovarian,341,16813
ovarian,342,16809
ovarian,343,16809
ovarian,344,16809
ovarian,345,16806
ovarian,346,16805
ovarian,347,16805
ovarian,348,16785
ovarian,349,16777
ovarian,350,16763
ovarian,351,16758
ovarian,352,16754
ovarian,353,16750
ovarian,354,16749
ovarian,355,16746
ovarian,356,16739
ovarian,357,16736
ovarian,358,16727
ovarian,359,16716
ovarian,360,16708
ovarian,361,16703
ovarian,362,16685
ovarian,363,16684
ovarian,364,16680
ovarian,365,16675
ovarian,366,16674
ovarian,367,16664
ovarian,368,16663
ovarian,369,16661
ovarian,370,16646
ovarian,371,16643
ovarian,372,16638
ovarian,373,16629
ovarian,374,16628
ovarian,375,16625
ovarian,376,16624
ovarian,377,16622
ovarian,378,16618
ovarian,379,16616
ovarian,380,16615
ovarian,381,16608
ovarian,382,16597
ovarian,383,16596
ovarian,384,16592
ovarian,385,16590
ovarian,386,16589
ovarian,387,16589
ovarian,388,16581
ovarian,389,16576
ovarian,390,16575
ovarian,391,16566
ovarian,392,16564
ovarian,393,16559
ovarian,394,16544
ovarian,395,16543
ovarian,396,16542
ovarian,397,16539
ovarian,398,16538
ovarian,399,16528
ovarian,400,16528
ovarian,401,16520
ovarian,402,16518
ovarian,403,16509
ovarian,404,16508
ovarian,405,16506
ovarian,406,16504
ovarian,407,16500
ovarian,408,16490
ovarian,409,16488
ovarian,410,16479
ovarian,411,16479
ovarian,412,16479
ovarian,413,16465
ovarian,414,16465
ovarian,415,16464
ovarian,416,16463
ovarian,417,16459
ovarian,418,16457
ovarian,419,16455
ovarian,420,16450
ovarian,421,16447
ovarian,422,16443
ovarian,423,16432
ovarian,424,16429
ovarian,425,16427
ovarian,426,16426
ovarian,427,16424
ovarian,428,16423
ovarian,429,16415
ovarian,430,16413
ovarian,431,16409
ovarian,432,16406
ovarian,433,16396
ovarian,434,16388
ovarian,435,16387
ovarian,436,16383
ovarian,437,16382
ovarian,438,16382
ovarian,439,16380
ovarian,440,16376
ovarian,441,16371
ovarian,442,16365
ovarian,443,16365
ovarian,444,16365
ovarian,445,16361
ovarian,446,16360
ovarian,447,16358
ovarian,448,16357
ovarian,449,16354
ovarian,450,16353
ovarian,451,16353
ovarian,452,16352
ovarian,453,16351
ovarian,454,16344
ovarian,455,16343
ovarian,456,16343
ovarian,457,16339
ovarian,458,16337
ovarian,459,16336
ovarian,460,16331
ovarian,461,16326
ovarian,462,16324
ovarian,463,16324
ovarian,464,16323
ovarian,465,16322
ovarian,466,16321
ovarian,467,16319
ovarian,468,16319
ovarian,469,16319
ovarian,470,16315
ovarian,471,16312
ovarian,472,16312
ovarian,473,16311
ovarian,474,16310
ovarian,475,16309
ovarian,476,16308
ovarian,477,16307
ovarian,478,16306
ovarian,479,16304
ovarian,480,16304
ovarian,481,16302
ovarian,482,16301
ovarian,483,16301
ovarian,484,16301
ovarian,485,16299
ovarian,486,16299
ovarian,487,16297
ovarian,488,16296
ovarian,489,16295
ovarian,490,16295
ovarian,491,16293
ovarian,492,16292
ovarian,493,16288
ovarian,494,16287
ovarian,495,16287
ovarian,496,16287
ovarian,497,16286
ovarian,498,16286
ovarian,499,16284
ovarian,500,16283
ovarian,501,16283
ovarian,502,16282
ovarian,503,16281
ovarian,504,16280
ovarian,505,16278
ovarian,506,16276
ovarian,507,16275
ovarian,508,16273
ovarian,509,16268
ovarian,510,16252
ovarian,511,16248
ovarian,512,16215
ovarian,513,15842
ovarian,514,15396
ovarian,515,15333
ovarian,516,15328
ovarian,517,15295
ovarian,518,15288
ovarian,519,15249
ovarian,520,15211
ovarian,521,15203
ovarian,522,15175
ovarian,523,15166
ovarian,524,15146
ovarian,525,15142
ovarian,526,15141
ovarian,527,15137
ovarian,528,15122
ovarian,529,15112
ovarian,530,15104
ovarian,531,15095
ovarian,532,15075
ovarian,533,15068
ovarian,534,15064
ovarian,535,15050
ovarian,536,15046
ovarian,537,15041
ovarian,538,15031
ovarian,539,15018
ovarian,540,14991
ovarian,541,14968
ovarian,542,14951
ovarian,543,14941
ovarian,544,14920
ovarian,545,14916
ovarian,546,14912
ovarian,547,14906
ovarian,548,14889
ovarian,549,14865
ovarian,550,14859
ovarian,551,14847
ovarian,552,14840
ovarian,553,14838
ovarian,554,14831
ovarian,555,14829
ovarian,556,14827
ovarian,557,14818
ovarian,558,14809
ovarian,559,14807
ovarian,560,14799
ovarian,561,14799
ovarian,562,14795
ovarian,563,14784
ovarian,564,14784
ovarian,565,14780
ovarian,566,14780
ovarian,567,14772
ovarian,568,14772
ovarian,569,14763
ovarian,570,14761
ovarian,571,14761
ovarian,572,14752
ovarian,573,14750
ovarian,574,14746
ovarian,575,14746
ovarian,576,14745
ovarian,577,14742
ovarian,578,14740
ovarian,579,14739
ovarian,580,14736
ovarian,581,14733
ovarian,582,14733
ovarian,583,14732
ovarian,584,14731
ovarian,585,14729
ovarian,586,14729
ovarian,587,14728
ovarian,588,14724
ovarian,589,14582
ovarian,590,14538
ovarian,591,14357
ovarian,592,14325
ovarian,593,14281
ovarian,594,14208
ovarian,595,14207
ovarian,596,14192
ovarian,597,14115
ovarian,598,14090
ovarian,599,14048
ovarian,600,14040
ovarian,601,14022
ovarian,602,13990
ovarian,603,13927
ovarian,604,13873
ovarian,605,13865
ovarian,606,13860
ovarian,607,13848
ovarian,608,13151
ovarian,609,13122
ovarian,610,13102
ovarian,611,13099
ovarian,612,13061
ovarian,613,13038
ovarian,614,13015
ovarian,615,13006
ovarian,616,12993
ovarian,617,12977
ovarian,618,12969
ovarian,619,12957
ovarian,620,12954
ovarian,621,12909
ovarian,622,12868
ovarian,623,12865
ovarian,624,12854
ovarian,625,12815
ovarian,626,12810
ovarian,627,12808
ovarian,628,12807
ovarian,629,12803
ovarian,630,12801
ovarian,631,12798
ovarian,632,12792
ovarian,633,12780
ovarian,634,12778
ovarian,635,12738
ovarian,636,12727
ovarian,637,12726
ovarian,638,12726
ovarian,639,12726
ovarian,640,12725
ovarian,641,12721
ovarian,642,12717
ovarian,643,12713
ovarian,644,12704
ovarian,645,12690
ovarian,646,12686
ovarian,647,12684
ovarian,648,12677
ovarian,649,12673
ovarian,650,12671
ovarian,651,12645
ovarian,652,12639
ovarian,653,12639
ovarian,654,12633
ovarian,655,12632
ovarian,656,12629
ovarian,657,12614
ovarian,658,12610
ovarian,659,12608
ovarian,660,12605
ovarian,661,12604
ovarian,662,12603
ovarian,663,12602
ovarian,664,12601
ovarian,665,12596
ovarian,666,12593
ovarian,667,12589
ovarian,668,12587
ovarian,669,12583
ovarian,670,12579
ovarian,671,12579
ovarian,672,12577
ovarian,673,12577
ovarian,674,12576
ovarian,675,12575
ovarian,676,12573
ovarian,677,12573
ovarian,678,12572
ovarian,679,12571
ovarian,680,12569
ovarian,681,12566
ovarian,682,12566
ovarian,683,12562
ovarian,684,12556
ovarian,685,12537
ovarian,686,12517
ovarian,687,12493
ovarian,688,12479
ovarian,689,12462
ovarian,690,12454
ovarian,691,12446
ovarian,692,12444
ovarian,693,12387
ovarian,694,12363
ovarian,695,12363
ovarian,696,12346
ovarian,697,12330
ovarian,698,12304
ovarian,699,12300
ovarian,700,12292
ovarian,701,12275
ovarian,702,12272
ovarian,703,12267
ovarian,704,12263
ovarian,705,12250
ovarian,706,12248
ovarian,707,12241
ovarian,708,12238
ovarian,709,12226
ovarian,710,12225
ovarian,711,12224
ovarian,712,12223
ovarian,713,12216
ovarian,714,12214
ovarian,715,12212
ovarian,716,12211
ovarian,717,12211
ovarian,718,12209
ovarian,719,12204
ovarian,720,12160
ovarian,721,12133
ovarian,722,12061
ovarian,723,11945
ovarian,724,11925
ovarian,725,11912
ovarian,726,11885
ovarian,727,11880
ovarian,728,11864
ovarian,729,11857
ovarian,730,11855
ovarian,731,11839
ovarian,732,11832
ovarian,733,11820
ovarian,734,11815
ovarian,735,11807
ovarian,736,11794
ovarian,737,11790
ovarian,738,11789
ovarian,739,11787
ovarian,740,11775
ovarian,741,11772
ovarian,742,11769
ovarian,743,11766
ovarian,744,11760
ovarian,745,11748
ovarian,746,11748
ovarian,747,11744
ovarian,748,11743
ovarian,749,11740
ovarian,750,11733
ovarian,751,11732
ovarian,752,11728
ovarian,753,11723
ovarian,754,11721
ovarian,755,11709
ovarian,756,11703
ovarian,757,11694
ovarian,758,11648
ovarian,759,11646
ovarian,760,11645
ovarian,761,11628
ovarian,762,11617
ovarian,763,11603
ovarian,764,11571
ovarian,765,11571
ovarian,766,11566
ovarian,767,11561
ovarian,768,11555
ovarian,769,11547
ovarian,770,11542
ovarian,771,11534
ovarian,772,11523
ovarian,773,11494
ovarian,774,11484
ovarian,775,11476
ovarian,776,11471
ovarian,777,11448
ovarian,778,11448
ovarian,779,11444
ovarian,780,11437
ovarian,781,11435
ovarian,782,11435
ovarian,783,11431
ovarian,784,11423
ovarian,785,11420
ovarian,786,11417
ovarian,787,11416
ovarian,788,11410
ovarian,789,11408
ovarian,790,11391
ovarian,791,11390
ovarian,792,11386
ovarian,793,11377
ovarian,794,11376
ovarian,795,11370
ovarian,796,11367
ovarian,797,11364
ovarian,798,11358
ovarian,799,11357
ovarian,800,11357
ovarian,801,11351
ovarian,802,11349
ovarian,803,11348
ovarian,804,11348
ovarian,805,11348
ovarian,806,11345
ovarian,807,11344
ovarian,808,11344
ovarian,809,11342
ovarian,810,11341
ovarian,811,11337
ovarian,812,11334
ovarian,813,11331
ovarian,814,11314
ovarian,815,11313
ovarian,816,11299
ovarian,817,11297
ovarian,818,11296
ovarian,819,11290
ovarian,820,11290
ovarian,821,11286
ovarian,822,11286
ovarian,823,11284
ovarian,824,11279
ovarian,825,11276
ovarian,826,11275
ovarian,827,11274
ovarian,828,11274
ovarian,829,11270
ovarian,830,11269
ovarian,831,11268
ovarian,832,11265
ovarian,833,11263
ovarian,834,11263
ovarian,835,11263
ovarian,836,11260
ovarian,837,11239
ovarian,838,11239
ovarian,839,11237
ovarian,840,11235
ovarian,841,11235
ovarian,842,11228
ovarian,843,11214
ovarian,844,11211
ovarian,845,11209
ovarian,846,11209
ovarian,847,11199
ovarian,848,11198
ovarian,849,11197
ovarian,850,11196
ovarian,851,11194
ovarian,852,11194
ovarian,853,11192
ovarian,854,11190
ovarian,855,11186
ovarian,856,11184
ovarian,857,11181
ovarian,858,11178
ovarian,859,11178
ovarian,860,11178
ovarian,861,11177
ovarian,862,11175
ovarian,863,11170
ovarian,864,11169
ovarian,865,11166
ovarian,866,11161
ovarian,867,11160
ovarian,868,11160
ovarian,869,11159
ovarian,870,11157
ovarian,871,11156
ovarian,872,11156
ovarian,873,11154
ovarian,874,11154
ovarian,875,11153
ovarian,876,11153
ovarian,877,11153
ovarian,878,11151
ovarian,879,11151
ovarian,880,11149
ovarian,881,11149
ovarian,882,11149
ovarian,883,11148
ovarian,884,11145
ovarian,885,11144
ovarian,886,11144
ovarian,887,11143
ovarian,888,11142
ovarian,889,11142
ovarian,890,11140
ovarian,891,11139
ovarian,892,11138
ovarian,893,11138
ovarian,894,11138
ovarian,895,11137
ovarian,896,11137
ovarian,897,11137
ovarian,898,11136
ovarian,899,11136
ovarian,900,11134
ovarian,901,11132
ovarian,902,11132
ovarian,903,11131
ovarian,904,11131
ovarian,905,11130
ovarian,906,11130
ovarian,907,11129
ovarian,908,11128
ovarian,909,11128
ovarian,910,11128
ovarian,911,11127
ovarian,912,11127
ovarian,913,11127
ovarian,914,11126
ovarian,915,11125
ovarian,916,11125
ovarian,917,11125
ovarian,918,11124
ovarian,919,11123
ovarian,920,11121
ovarian,921,11120
ovarian,922,11119
ovarian,923,11117
ovarian,924,11114
ovarian,925,11109
ovarian,926,11107
ovarian,927,11107
ovarian,928,11106
ovarian,929,11102
ovarian,930,11102
ovarian,931,11101
ovarian,932,11100
ovarian,933,11086
ovarian,934,11083
ovarian,935,11080
ovarian,936,11076
ovarian,937,11071
ovarian,938,11068
ovarian,939,11064
ovarian,940,11064
ovarian,941,11064
ovarian,942,11062
ovarian,943,11062
ovarian,944,11050
ovarian,945,11046
ovarian,946,11039
ovarian,947,11037
ovarian,948,11035
ovarian,949,11031
ovarian,950,11029
ovarian,951,11026
ovarian,952,11026
ovarian,953,11021
ovarian,954,11021
ovarian,955,11020
ovarian,956,11020
ovarian,957,11013
ovarian,958,11012
ovarian,959,11012
ovarian,960,11011
ovarian,961,11005
ovarian,962,11004
ovarian,963,11000
ovarian,964,11000
ovarian,965,10998
ovarian,966,10996
ovarian,967,10994
ovarian,968,10994
ovarian,969,10992
ovarian,970,10989
ovarian,971,10989
ovarian,972,10988
ovarian,973,10988
ovarian,974,10987
ovarian,975,10986
ovarian,976,10985
ovarian,977,10983
ovarian,978,10982
ovarian,979,10982
ovarian,980,10981
ovarian,981,10980
ovarian,982,10978
ovarian,983,10977
ovarian,984,10977
ovarian,985,10976
ovarian,986,10975
ovarian,987,10975
ovarian,988,10974
ovarian,989,10974
ovarian,990,10973
ovarian,991,10973
ovarian,992,10969
ovarian,993,10969
ovarian,994,10968
ovarian,995,10967
ovarian,996,10967
ovarian,997,10967
ovarian,998,10965
ovarian,999,10963
ovarian,1000,10960
ovarian,1001,10958
ovarian,1002,10957
ovarian,1003,10956
ovarian,1004,10955
ovarian,1005,10954
ovarian,1006,10951
ovarian,1007,10951
ovarian,1008,10950
ovarian,1009,10950
ovarian,1010,10949
ovarian,1011,10948
ovarian,1012,10947
ovarian,1013,10947
ovarian,1014,10946
ovarian,1015,10946
ovarian,1016,10946
ovarian,1017,10946
ovarian,1018,10945
ovarian,1019,10944
ovarian,1020,10943
ovarian,1021,10942
ovarian,1022,10942
ovarian,1023,10941
ovarian,1024,10941
ovarian,1025,10941
ovarian,1026,10940
ovarian,1027,10940
ovarian,1028,10939
ovarian,1029,10939
ovarian,1030,10938
ovarian,1031,10938
ovarian,1032,10937
ovarian,1033,10936
ovarian,1034,10932
ovarian,1035,10926
ovarian,1036,10919
ovarian,1037,10912
ovarian,1038,10911
ovarian,1039,10907
ovarian,1040,10907
ovarian,1041,10906
ovarian,1042,10891
ovarian,1043,10884
ovarian,1044,10881
ovarian,1045,10879
ovarian,1046,10872
ovarian,1047,10868
ovarian,1048,10865
ovarian,1049,10863
ovarian,1050,10858
ovarian,1051,10855
ovarian,1052,10854
ovarian,1053,10845
ovarian,1054,10633
ovarian,1055,10596
ovarian,1056,10431
ovarian,1057,10374
ovarian,1058,10357
ovarian,1059,10335
ovarian,1060,10320
ovarian,1061,10312
ovarian,1062,10304
ovarian,1063,10252
ovarian,1064,10245
ovarian,1065,10228
ovarian,1066,10206
ovarian,1067,10195
ovarian,1068,10195
ovarian,1069,10193
ovarian,1070,10192
ovarian,1071,10187
ovarian,1072,10185
ovarian,1073,10180
ovarian,1074,10178
ovarian,1075,10173
ovarian,1076,10171
ovarian,1077,10161
ovarian,1078,10159
ovarian,1079,10155
ovarian,1080,10144
ovarian,1081,10144
ovarian,1082,10139
ovarian,1083,10130
ovarian,1084,10130
ovarian,1085,10126
ovarian,1086,10126
ovarian,1087,10125
ovarian,1088,10124
ovarian,1089,10118
ovarian,1090,10088
ovarian,1091,10076
ovarian,1092,10072
ovarian,1093,10068
ovarian,1094,10066
ovarian,1095,10064
ovarian,1096,10056
ovarian,1097,10050
ovarian,1098,10044
ovarian,1099,10043
ovarian,1100,10042
ovarian,1101,10039
ovarian,1102,10038
ovarian,1103,10032
ovarian,1104,10023
ovarian,1105,10022
ovarian,1106,10013
ovarian,1107,10012
ovarian,1108,10011
ovarian,1109,10009
ovarian,1110,10008
ovarian,1111,9999
ovarian,1112,9996
ovarian,1113,9991
ovarian,1114,9989
ovarian,1115,9987
ovarian,1116,9980
ovarian,1117,9978
ovarian,1118,9976
ovarian,1119,9976
ovarian,1120,9974
ovarian,1121,9969
ovarian,1122,9968
ovarian,1123,9968
ovarian,1124,9968
ovarian,1125,9968
ovarian,1126,9966
ovarian,1127,9965
ovarian,1128,9957
ovarian,1129,9956
ovarian,1130,9956
ovarian,1131,9950
ovarian,1132,9950
ovarian,1133,9949
ovarian,1134,9944
ovarian,1135,9937
ovarian,1136,9934
ovarian,1137,9930
ovarian,1138,9925
ovarian,1139,9924
ovarian,1140,9921
ovarian,1141,9920
ovarian,1142,9912
ovarian,1143,9910
ovarian,1144,9909
ovarian,1145,9903
ovarian,1146,9902
ovarian,1147,9899
ovarian,1148,9888
ovarian,1149,9885
ovarian,1150,9876
ovarian,1151,9874
ovarian,1152,9874
ovarian,1153,9872
ovarian,1154,9867
ovarian,1155,9866
ovarian,1156,9865
ovarian,1157,9862
ovarian,1158,9862
ovarian,1159,9861
ovarian,1160,9861
ovarian,1161,9855
ovarian,1162,9855
ovarian,1163,9854
ovarian,1164,9852
ovarian,1165,9851
ovarian,1166,9850
ovarian,1167,9849
ovarian,1168,9848
ovarian,1169,9847
ovarian,1170,9847
ovarian,1171,9846
ovarian,1172,9845
ovarian,1173,9843
ovarian,1174,9843
ovarian,1175,9841
ovarian,1176,9841
ovarian,1177,9841
ovarian,1178,9838
ovarian,1179,9838
ovarian,1180,9837
ovarian,1181,9836
ovarian,1182,9834
ovarian,1183,9834
ovarian,1184,9834
ovarian,1185,9833
ovarian,1186,9833
ovarian,1187,9831
ovarian,1188,9831
ovarian,1189,9829
ovarian,1190,9828
ovarian,1191,9827
ovarian,1192,9827
ovarian,1193,9825
ovarian,1194,9824
ovarian,1195,9823
ovarian,1196,9822
ovarian,1197,9822
ovarian,1198,9822
ovarian,1199,9821
ovarian,1200,9819
ovarian,1201,9818
ovarian,1202,9815
ovarian,1203,9071
ovarian,1204,9019
ovarian,1205,8890
ovarian,1206,8889
ovarian,1207,8885
ovarian,1208,8876
ovarian,1209,8666
ovarian,1210,8570
ovarian,1211,8543
ovarian,1212,8509
ovarian,1213,8476
ovarian,1214,8473
ovarian,1215,8461
ovarian,1216,8461
ovarian,1217,8461
ovarian,1218,8452
ovarian,1219,8452
ovarian,1220,8441
ovarian,1221,8441
ovarian,1222,8440
ovarian,1223,8437
ovarian,1224,8430
ovarian,1225,8423
ovarian,1226,8422
ovarian,1227,8416
ovarian,1228,8412
ovarian,1229,8412
ovarian,1230,8406
ovarian,1231,8389
ovarian,1232,8385
ovarian,1233,8374
ovarian,1234,8352
ovarian,1235,8352
ovarian,1236,8342
ovarian,1237,8340
ovarian,1238,8331
ovarian,1239,8326
ovarian,1240,8326
ovarian,1241,8326
ovarian,1242,8325
ovarian,1243,8323
ovarian,1244,8320
ovarian,1245,8320
ovarian,1246,8318
ovarian,1247,8318
ovarian,1248,8316
ovarian,1249,8314
ovarian,1250,8310
ovarian,1251,8305
ovarian,1252,8302
ovarian,1253,8301
ovarian,1254,8300
ovarian,1255,8299
ovarian,1256,8298
ovarian,1257,8298
ovarian,1258,8296
ovarian,1259,8295
ovarian,1260,8294
ovarian,1261,8293
ovarian,1262,8292
ovarian,1263,8291
ovarian,1264,8290
ovarian,1265,8288
ovarian,1266,8288
ovarian,1267,8287
ovarian,1268,8220
ovarian,1269,8079
ovarian,1270,8025
ovarian,1271,8001
ovarian,1272,7999
ovarian,1273,7996
ovarian,1274,7960
ovarian,1275,7959
ovarian,1276,7958
ovarian,1277,7947
ovarian,1278,7946
ovarian,1279,7934
ovarian,1280,7927
ovarian,1281,7925
ovarian,1282,7919
ovarian,1283,7914
ovarian,1284,7909
ovarian,1285,7908
ovarian,1286,7903
ovarian,1287,7899
ovarian,1288,7879
ovarian,1289,7878
ovarian,1290,7877
ovarian,1291,7877
ovarian,1292,7875
ovarian,1293,7869
ovarian,1294,7866
ovarian,1295,7864
ovarian,1296,7863
ovarian,1297,7854
ovarian,1298,7847
ovarian,1299,7846
ovarian,1300,7844
ovarian,1301,7844
ovarian,1302,7843
ovarian,1303,7842
ovarian,1304,7838
ovarian,1305,7834
ovarian,1306,7834
ovarian,1307,7830
ovarian,1308,7829
ovarian,1309,7828
ovarian,1310,7813
ovarian,1311,7812
ovarian,1312,7810
ovarian,1313,7810
ovarian,1314,7800
ovarian,1315,7787
ovarian,1316,7787
ovarian,1317,7782
ovarian,1318,7773
ovarian,1319,7768
ovarian,1320,7765
ovarian,1321,7762
ovarian,1322,7762
ovarian,1323,7759
ovarian,1324,7758
ovarian,1325,7754
ovarian,1326,7754
ovarian,1327,7752
ovarian,1328,7752
ovarian,1329,7752
ovarian,1330,7751
ovarian,1331,7748
ovarian,1332,7746
ovarian,1333,7746
ovarian,1334,7743
ovarian,1335,7743
ovarian,1336,7743
ovarian,1337,7742
ovarian,1338,7741
ovarian,1339,7741
ovarian,1340,7741
ovarian,1341,7740
ovarian,1342,7740
ovarian,1343,7736
ovarian,1344,7736
ovarian,1345,7734
ovarian,1346,7734
ovarian,1347,7731
ovarian,1348,7730
ovarian,1349,7729
ovarian,1350,7453
ovarian,1351,7325
ovarian,1352,7289
ovarian,1353,7234
ovarian,1354,7181
ovarian,1355,7148
ovarian,1356,7015
ovarian,1357,6947
ovarian,1358,6900
ovarian,1359,6871
ovarian,1360,6857
ovarian,1361,6850
ovarian,1362,6849
ovarian,1363,6832
ovarian,1364,6829
ovarian,1365,6821
ovarian,1366,6818
ovarian,1367,6804
ovarian,1368,6801
ovarian,1369,6785
ovarian,1370,6774
ovarian,1371,6771
ovarian,1372,6768
ovarian,1373,6767
ovarian,1374,6763
ovarian,1375,6762
ovarian,1376,6761
ovarian,1377,6761
ovarian,1378,6758
ovarian,1379,6757
ovarian,1380,6756
ovarian,1381,6755
ovarian,1382,6755
ovarian,1383,6753
ovarian,1384,6752
ovarian,1385,6751
ovarian,1386,6748
ovarian,1387,6745
ovarian,1388,6745
ovarian,1389,6739
ovarian,1390,6737
ovarian,1391,6734
ovarian,1392,6733
ovarian,1393,6733
ovarian,1394,6732
ovarian,1395,6730
ovarian,1396,6726
ovarian,1397,6721
ovarian,1398,6720
ovarian,1399,6703
ovarian,1400,6696
ovarian,1401,6691
ovarian,1402,6681
ovarian,1403,6679
ovarian,1404,6671
ovarian,1405,6662
ovarian,1406,6660
ovarian,1407,6656
ovarian,1408,6654
ovarian,1409,6654
ovarian,1410,6652
ovarian,1411,6647
ovarian,1412,6644
ovarian,1413,6642
ovarian,1414,6642
ovarian,1415,6641
ovarian,1416,6638
ovarian,1417,6627
ovarian,1418,6619
ovarian,1419,6619
ovarian,1420,6619
ovarian,1421,6597
ovarian,1422,6595
ovarian,1423,6590
ovarian,1424,6588
ovarian,1425,6586
ovarian,1426,6585
ovarian,1427,6576
ovarian,1428,6574
ovarian,1429,6572
ovarian,1430,6572
ovarian,1431,6571
ovarian,1432,6568
ovarian,1433,6566
ovarian,1434,6565
ovarian,1435,6558
ovarian,1436,6552
ovarian,1437,6546
ovarian,1438,6543
ovarian,1439,6543
ovarian,1440,6539
ovarian,1441,6539
ovarian,1442,6536
ovarian,1443,6524
ovarian,1444,6522
ovarian,1445,6518
ovarian,1446,6515
ovarian,1447,6513
ovarian,1448,6510
ovarian,1449,6507
ovarian,1450,6507
ovarian,1451,6506
ovarian,1452,6503
ovarian,1453,6502
ovarian,1454,6501
ovarian,1455,6500
ovarian,1456,6499
ovarian,1457,6498
ovarian,1458,6497
ovarian,1459,6494
ovarian,1460,6494
ovarian,1461,6492
ovarian,1462,6491
ovarian,1463,6489
ovarian,1464,6489
ovarian,1465,6488
ovarian,1466,6487
ovarian,1467,6485
ovarian,1468,6484
ovarian,1469,6483
ovarian,1470,6481
ovarian,1471,6480
ovarian,1472,6480
ovarian,1473,6479
ovarian,1474,6479
ovarian,1475,6479
ovarian,1476,6479
ovarian,1477,6475
ovarian,1478,6475
ovarian,1479,6474
ovarian,1480,6473
ovarian,1481,6472
ovarian,1482,6471
ovarian,1483,6471
ovarian,1484,6470
ovarian,1485,6470
ovarian,1486,6469
ovarian,1487,6467
ovarian,1488,6467
ovarian,1489,6467
ovarian,1490,6464
ovarian,1491,6461
ovarian,1492,6461
ovarian,1493,6461
ovarian,1494,6461
ovarian,1495,6460
ovarian,1496,6460
ovarian,1497,6458
ovarian,1498,6456
ovarian,1499,6455
ovarian,1500,6454
ovarian,1501,6452
ovarian,1502,6445
ovarian,1503,6442
ovarian,1504,6436
ovarian,1505,6436
ovarian,1506,6434
ovarian,1507,6434
ovarian,1508,6434
ovarian,1509,6431
ovarian,1510,6431
ovarian,1511,6431
ovarian,1512,6430
ovarian,1513,6428
ovarian,1514,6427
ovarian,1515,6427
ovarian,1516,6427
ovarian,1517,6426
ovarian,1518,6426
ovarian,1519,6423
ovarian,1520,6422
ovarian,1521,6418
ovarian,1522,6417
ovarian,1523,6417
ovarian,1524,6417
ovarian,1525,6417
ovarian,1526,6414
ovarian,1527,6413
ovarian,1528,6412
ovarian,1529,6411
ovarian,1530,6409
ovarian,1531,6407
ovarian,1532,6407
ovarian,1533,6405
ovarian,1534,6405
ovarian,1535,6405
ovarian,1536,6405
ovarian,1537,6404
ovarian,1538,6403
ovarian,1539,6403
ovarian,1540,6403
ovarian,1541,6403
ovarian,1542,6401
ovarian,1543,6401
ovarian,1544,6400
ovarian,1545,6400
ovarian,1546,6399
ovarian,1547,6398
ovarian,1548,6397
ovarian,1549,6397
ovarian,1550,6397
ovarian,1551,6396
ovarian,1552,6396
ovarian,1553,6396
ovarian,1554,6394
ovarian,1555,6394
ovarian,1556,6393
ovarian,1557,6393
ovarian,1558,6392
ovarian,1559,6391
ovarian,1560,6391
ovarian,1561,6390
ovarian,1562,6390
ovarian,1563,6389
ovarian,1564,6389
ovarian,1565,6389
ovarian,1566,6389
ovarian,1567,6388
ovarian,1568,6387
ovarian,1569,6387
ovarian,1570,6387
ovarian,1571,6386
ovarian,1572,6386
ovarian,1573,6386
ovarian,1574,6386
ovarian,1575,6386
ovarian,1576,6385
ovarian,1577,6383
ovarian,1578,6382
ovarian,1579,6382
ovarian,1580,6382
ovarian,1581,6382
ovarian,1582,6381
ovarian,1583,6381
ovarian,1584,6380
ovarian,1585,6380
ovarian,1586,6380
ovarian,1587,6380
ovarian,1588,6380
ovarian,1589,6379
ovarian,1590,6379
ovarian,1591,6379
ovarian,1592,6379
ovarian,1593,6379
ovarian,1594,6379
ovarian,1595,6378
ovarian,1596,6378
ovarian,1597,6378
ovarian,1598,6378
ovarian,1599,6378
ovarian,1600,6378
ovarian,1601,6377
ovarian,1602,6376
ovarian,1603,6375
ovarian,1604,6370
ovarian,1605,6368
ovarian,1606,6366
ovarian,1607,6364
ovarian,1608,6363
ovarian,1609,6360
ovarian,1610,6357
ovarian,1611,6354
ovarian,1612,6347
ovarian,1613,6345
ovarian,1614,6343
ovarian,1615,6342
ovarian,1616,6342
ovarian,1617,6342
ovarian,1618,6342
ovarian,1619,6339
ovarian,1620,6332
ovarian,1621,6331
ovarian,1622,6329
ovarian,1623,6327
ovarian,1624,6326
ovarian,1625,6326
ovarian,1626,6325
ovarian,1627,6325
ovarian,1628,6324
ovarian,1629,6323
ovarian,1630,6322
ovarian,1631,6322
ovarian,1632,6322
ovarian,1633,6321
ovarian,1634,6321
ovarian,1635,6321
ovarian,1636,6321
ovarian,1637,6319
ovarian,1638,6318
ovarian,1639,6318
ovarian,1640,6317
ovarian,1641,6315
ovarian,1642,6315
ovarian,1643,6314
ovarian,1644,6314
ovarian,1645,6314
ovarian,1646,6313
ovarian,1647,6312
ovarian,1648,6311
ovarian,1649,6311
ovarian,1650,6310
ovarian,1651,6309
ovarian,1652,6308
ovarian,1653,6307
ovarian,1654,6307
ovarian,1655,6306
ovarian,1656,6306
ovarian,1657,6304
ovarian,1658,6304
ovarian,1659,6303
ovarian,1660,6302
ovarian,1661,6300
ovarian,1662,6300
ovarian,1663,6300
ovarian,1664,6299
ovarian,1665,6299
ovarian,1666,6299
ovarian,1667,6299
ovarian,1668,6298
ovarian,1669,6297
ovarian,1670,6297
ovarian,1671,6297
ovarian,1672,6296
ovarian,1673,6296
ovarian,1674,6296
ovarian,1675,6295
ovarian,1676,6295
ovarian,1677,6295
ovarian,1678,6295
ovarian,1679,6295
ovarian,1680,6294
ovarian,1681,6294
ovarian,1682,6294
ovarian,1683,6294
ovarian,1684,6293
ovarian,1685,6292
ovarian,1686,6292
ovarian,1687,6291
ovarian,1688,6291
ovarian,1689,6291
ovarian,1690,6290
ovarian,1691,6290
ovarian,1692,6289
ovarian,1693,6288
ovarian,1694,6281
ovarian,1695,6273
ovarian,1696,6272
ovarian,1697,6266
ovarian,1698,6253
ovarian,1699,6247
ovarian,1700,6245
ovarian,1701,6234
ovarian,1702,6230
ovarian,1703,6228
ovarian,1704,6221
ovarian,1705,6206
ovarian,1706,6205
ovarian,1707,6204
ovarian,1708,6201
ovarian,1709,6194
ovarian,1710,6193
ovarian,1711,6177
ovarian,1712,6175
ovarian,1713,6173
ovarian,1714,6172
ovarian,1715,6168
ovarian,1716,6161
ovarian,1717,6161
ovarian,1718,6159
ovarian,1719,6159
ovarian,1720,6157
ovarian,1721,6157
ovarian,1722,6152
ovarian,1723,6144
ovarian,1724,6142
ovarian,1725,6137
ovarian,1726,6130
ovarian,1727,6128
ovarian,1728,6125
ovarian,1729,6125
ovarian,1730,6124
ovarian,1731,6123
ovarian,1732,6122
ovarian,1733,6120
ovarian,1734,6117
ovarian,1735,6114
ovarian,1736,6114
ovarian,1737,6111
ovarian,1738,6110
ovarian,1739,6109
ovarian,1740,6107
ovarian,1741,6106
ovarian,1742,6104
ovarian,1743,6104
ovarian,1744,6103
ovarian,1745,6103
ovarian,1746,6098
ovarian,1747,6096
ovarian,1748,6095
ovarian,1749,6093
ovarian,1750,6084
ovarian,1751,6076
ovarian,1752,6071
ovarian,1753,6065
ovarian,1754,6065
ovarian,1755,6063
ovarian,1756,6062
ovarian,1757,6057
ovarian,1758,6052
ovarian,1759,6051
ovarian,1760,6046
ovarian,1761,6043
ovarian,1762,6037
ovarian,1763,6036
ovarian,1764,6034
ovarian,1765,6031
ovarian,1766,6029
ovarian,1767,6028
ovarian,1768,6027
ovarian,1769,6027
ovarian,1770,6026
ovarian,1771,6026
ovarian,1772,6026
ovarian,1773,6026
ovarian,1774,6024
ovarian,1775,6023
ovarian,1776,6023
ovarian,1777,6023
ovarian,1778,6023
ovarian,1779,6021
ovarian,1780,6020
ovarian,1781,6018
ovarian,1782,6017
ovarian,1783,6016
ovarian,1784,6016
ovarian,1785,6015
ovarian,1786,6014
ovarian,1787,6014
ovarian,1788,6014
ovarian,1789,6011
ovarian,1790,6011
ovarian,1791,6010
ovarian,1792,6010
ovarian,1793,6008
ovarian,1794,6008
ovarian,1795,6007
ovarian,1796,6007
ovarian,1797,6006
ovarian,1798,6006
ovarian,1799,6006
ovarian,1800,6006
ovarian,1801,6006
ovarian,1802,6005
ovarian,1803,6005
ovarian,1804,6004
ovarian,1805,6003
ovarian,1806,6003
ovarian,1807,6002
ovarian,1808,6002
ovarian,1809,6001
ovarian,1810,6001
ovarian,1811,6000
ovarian,1812,6000
ovarian,1813,6000
ovarian,1814,5999
ovarian,1815,5999
ovarian,1816,5998
ovarian,1817,5998
ovarian,1818,5998
ovarian,1819,5998
ovarian,1820,5998
ovarian,1821,5998
ovarian,1822,5996
ovarian,1823,5995
ovarian,1824,5995
ovarian,1825,5995
ovarian,1826,5995
ovarian,1827,5995
ovarian,1828,5995
ovarian,1829,5995
ovarian,1830,5994
ovarian,1831,5994
ovarian,1832,5993
ovarian,1833,5993
ovarian,1834,5993
ovarian,1835,5993
ovarian,1836,5992
ovarian,1837,5991
ovarian,1838,5991
ovarian,1839,5991
ovarian,1840,5991
ovarian,1841,5990
ovarian,1842,5990
ovarian,1843,5989
ovarian,1844,5936
ovarian,1845,5908
ovarian,1846,5872
ovarian,1847,5869
ovarian,1848,5833
ovarian,1849,5795
ovarian,1850,5776
ovarian,1851,5758
ovarian,1852,5755
ovarian,1853,5753
ovarian,1854,5744
ovarian,1855,5739
ovarian,1856,5736
ovarian,1857,5732
ovarian,1858,5729
ovarian,1859,5714
ovarian,1860,5692
ovarian,1861,5683
ovarian,1862,5667
ovarian,1863,5666
ovarian,1864,5655
ovarian,1865,5653
ovarian,1866,5652
ovarian,1867,5652
ovarian,1868,5639
ovarian,1869,5636
ovarian,1870,5631
ovarian,1871,5627
ovarian,1872,5622
ovarian,1873,5622
ovarian,1874,5620
ovarian,1875,5618
ovarian,1876,5616
ovarian,1877,5616
ovarian,1878,5615
ovarian,1879,5611
ovarian,1880,5610
ovarian,1881,5609
ovarian,1882,5609
ovarian,1883,5608
ovarian,1884,5606
ovarian,1885,5604
ovarian,1886,5603
ovarian,1887,5597
ovarian,1888,5509
ovarian,1889,5486
ovarian,1890,5471
ovarian,1891,5457
ovarian,1892,5452
ovarian,1893,5400
ovarian,1894,5400
ovarian,1895,5371
ovarian,1896,5254
ovarian,1897,5253
ovarian,1898,5211
ovarian,1899,5192
ovarian,1900,5192
ovarian,1901,5190
ovarian,1902,5187
ovarian,1903,5181
ovarian,1904,5176
ovarian,1905,5176
ovarian,1906,5162
ovarian,1907,5145
ovarian,1908,5134
ovarian,1909,5133
ovarian,1910,5129
ovarian,1911,5127
ovarian,1912,5121
ovarian,1913,5109
ovarian,1914,5108
ovarian,1915,5103
ovarian,1916,5092
ovarian,1917,5092
ovarian,1918,5088
ovarian,1919,5088
ovarian,1920,5073
ovarian,1921,5072
ovarian,1922,5071
ovarian,1923,5067
ovarian,1924,5066
ovarian,1925,5066
ovarian,1926,5065
ovarian,1927,5065
ovarian,1928,5061
ovarian,1929,5059
ovarian,1930,5057
ovarian,1931,5057
ovarian,1932,5056
ovarian,1933,5056
ovarian,1934,5054
ovarian,1935,5053
ovarian,1936,5049
ovarian,1937,5029
ovarian,1938,5024
ovarian,1939,5019
ovarian,1940,5015
ovarian,1941,5008
ovarian,1942,4993
ovarian,1943,4989
ovarian,1944,4985
ovarian,1945,4983
ovarian,1946,4963
ovarian,1947,4951
ovarian,1948,4948
ovarian,1949,4944
ovarian,1950,4939
ovarian,1951,4935
ovarian,1952,4931
ovarian,1953,4927
ovarian,1954,4926
ovarian,1955,4924
ovarian,1956,4923
ovarian,1957,4915
ovarian,1958,4907
ovarian,1959,4903
ovarian,1960,4899
ovarian,1961,4894
ovarian,1962,4890
ovarian,1963,4889
ovarian,1964,4887
ovarian,1965,4885
ovarian,1966,4885
ovarian,1967,4883
ovarian,1968,4882
ovarian,1969,4882
ovarian,1970,4882
ovarian,1971,4880
ovarian,1972,4880
ovarian,1973,4879
ovarian,1974,4879
ovarian,1975,4878
ovarian,1976,4877
ovarian,1977,4876
ovarian,1978,4875
ovarian,1979,4873
ovarian,1980,4873
ovarian,1981,4870
ovarian,1982,4869
ovarian,1983,4869
ovarian,1984,4869
ovarian,1985,4869
ovarian,1986,4868
ovarian,1987,4868
ovarian,1988,4866
ovarian,1989,4865
ovarian,1990,4865
ovarian,1991,4864
ovarian,1992,4864
ovarian,1993,4864
ovarian,1994,4862
ovarian,1995,4861
ovarian,1996,4788
ovarian,1997,4763
ovarian,1998,4741
ovarian,1999,4735
ovarian,2000,4722
ovarian,2001,4691
ovarian,2002,4674
ovarian,2003,4673
ovarian,2004,4650
ovarian,2005,4649
ovarian,2006,4644
ovarian,2007,4644
ovarian,2008,4618
ovarian,2009,4614
ovarian,2010,4614
ovarian,2011,4609
ovarian,2012,4604
ovarian,2013,4595
ovarian,2014,4585
ovarian,2015,4584
ovarian,2016,4583
ovarian,2017,4581
ovarian,2018,4578
ovarian,2019,4571
ovarian,2020,4560
ovarian,2021,4559
ovarian,2022,4556
ovarian,2023,4553
ovarian,2024,4553
ovarian,2025,4552
ovarian,2026,4551
ovarian,2027,4546
ovarian,2028,4545
ovarian,2029,4543
ovarian,2030,4541
ovarian,2031,4541
ovarian,2032,4540
ovarian,2033,4532
ovarian,2034,4456
ovarian,2035,4442
ovarian,2036,4438
ovarian,2037,4421
ovarian,2038,4401
ovarian,2039,4401
ovarian,2040,4394
ovarian,2041,4387
ovarian,2042,4387
ovarian,2043,4384
ovarian,2044,4377
ovarian,2045,4377
ovarian,2046,4376
ovarian,2047,4358
ovarian,2048,4356
ovarian,2049,4353
ovarian,2050,4349
ovarian,2051,4344
ovarian,2052,4342
ovarian,2053,4329
ovarian,2054,4325
ovarian,2055,4318
ovarian,2056,4311
ovarian,2057,4305
ovarian,2058,4303
ovarian,2059,4301
ovarian,2060,4285
ovarian,2061,4279
ovarian,2062,4273
ovarian,2063,4272
ovarian,2064,4260
ovarian,2065,4259
ovarian,2066,4259
ovarian,2067,4256
ovarian,2068,4252
ovarian,2069,4247
ovarian,2070,4240
ovarian,2071,4236
ovarian,2072,4212
ovarian,2073,4202
ovarian,2074,4189
ovarian,2075,4187
ovarian,2076,4181
ovarian,2077,4177
ovarian,2078,4166
ovarian,2079,4140
ovarian,2080,4137
ovarian,2081,4135
ovarian,2082,4132
ovarian,2083,4128
ovarian,2084,4109
ovarian,2085,4091
ovarian,2086,4073
ovarian,2087,4069
ovarian,2088,4065
ovarian,2089,4064
ovarian,2090,4063
ovarian,2091,4062
ovarian,2092,4056
ovarian,2093,4055
ovarian,2094,4054
ovarian,2095,4053
ovarian,2096,4051
ovarian,2097,4044
ovarian,2098,4043
ovarian,2099,4039
ovarian,2100,4036
ovarian,2101,4036
ovarian,2102,4034
ovarian,2103,4025
ovarian,2104,4024
ovarian,2105,4020
ovarian,2106,4020
ovarian,2107,4017
ovarian,2108,4016
ovarian,2109,4015
ovarian,2110,4012
ovarian,2111,4009
ovarian,2112,4008
ovarian,2113,4008
ovarian,2114,4008
ovarian,2115,4004
ovarian,2116,4002
ovarian,2117,4001
ovarian,2118,4001
ovarian,2119,4000
ovarian,2120,4000
ovarian,2121,3998
ovarian,2122,3997
ovarian,2123,3997
ovarian,2124,3995
ovarian,2125,3994
ovarian,2126,3993
ovarian,2127,3992
ovarian,2128,3992
ovarian,2129,3992
ovarian,2130,3991
ovarian,2131,3991
ovarian,2132,3991
ovarian,2133,3990
ovarian,2134,3990
ovarian,2135,3989
ovarian,2136,3987
ovarian,2137,3986
ovarian,2138,3985
ovarian,2139,3985
ovarian,2140,3985
ovarian,2141,3984
ovarian,2142,3981
ovarian,2143,3980
ovarian,2144,3980
ovarian,2145,3977
ovarian,2146,3972
ovarian,2147,3963
ovarian,2148,3963
ovarian,2149,3960
ovarian,2150,3960
ovarian,2151,3958
ovarian,2152,3957
ovarian,2153,3956
ovarian,2154,3955
ovarian,2155,3955
ovarian,2156,3949
ovarian,2157,3946
ovarian,2158,3946
ovarian,2159,3946
ovarian,2160,3946
ovarian,2161,3944
ovarian,2162,3943
ovarian,2163,3943
ovarian,2164,3942
ovarian,2165,3942
ovarian,2166,3942
ovarian,2167,3940
ovarian,2168,3939
ovarian,2169,3939
ovarian,2170,3938
ovarian,2171,3937
ovarian,2172,3937
ovarian,2173,3934
ovarian,2174,3934
ovarian,2175,3934
ovarian,2176,3931
ovarian,2177,3931
ovarian,2178,3928
ovarian,2179,3926
ovarian,2180,3924
ovarian,2181,3923
ovarian,2182,3915
ovarian,2183,3914
ovarian,2184,3910
ovarian,2185,3905
ovarian,2186,3905
ovarian,2187,3898
ovarian,2188,3897
ovarian,2189,3897
ovarian,2190,3894
ovarian,2191,3889
ovarian,2192,3888
ovarian,2193,3887
ovarian,2194,3886
ovarian,2195,3885
ovarian,2196,3885
ovarian,2197,3883
ovarian,2198,3880
ovarian,2199,3877
ovarian,2200,3876
ovarian,2201,3874
ovarian,2202,3874
ovarian,2203,3871
ovarian,2204,3871
ovarian,2205,3870
ovarian,2206,3869
ovarian,2207,3869
ovarian,2208,3868
ovarian,2209,3868
ovarian,2210,3868
ovarian,2211,3866
ovarian,2212,3865
ovarian,2213,3863
ovarian,2214,3862
ovarian,2215,3862
ovarian,2216,3861
ovarian,2217,3861
ovarian,2218,3861
ovarian,2219,3860
ovarian,2220,3860
ovarian,2221,3860
ovarian,2222,3859
ovarian,2223,3859
ovarian,2224,3858
ovarian,2225,3858
ovarian,2226,3857
ovarian,2227,3856
ovarian,2228,3855
ovarian,2229,3855
ovarian,2230,3854
ovarian,2231,3854
ovarian,2232,3854
ovarian,2233,3853
ovarian,2234,3853
ovarian,2235,3853
ovarian,2236,3853
ovarian,2237,3852
ovarian,2238,3852
ovarian,2239,3852
ovarian,2240,3851
ovarian,2241,3851
ovarian,2242,3851
ovarian,2243,3851
ovarian,2244,3850
ovarian,2245,3850
ovarian,2246,3850
ovarian,2247,3849
ovarian,2248,3849
ovarian,2249,3849
ovarian,2250,3848
ovarian,2251,3848
ovarian,2252,3848
ovarian,2253,3848
ovarian,2254,3848
ovarian,2255,3847
ovarian,2256,3847
ovarian,2257,3846
ovarian,2258,3832
ovarian,2259,3829
ovarian,2260,3829
ovarian,2261,3824
ovarian,2262,3822
ovarian,2263,3821
ovarian,2264,3812
ovarian,2265,3811
ovarian,2266,3809
ovarian,2267,3805
ovarian,2268,3782
ovarian,2269,3755
ovarian,2270,3750
ovarian,2271,3742
ovarian,2272,3729
ovarian,2273,3704
ovarian,2274,3690
ovarian,2275,3678
ovarian,2276,3669
ovarian,2277,3665
ovarian,2278,3659
ovarian,2279,3654
ovarian,2280,3652
ovarian,2281,3649
ovarian,2282,3644
ovarian,2283,3639
ovarian,2284,3627
ovarian,2285,3626
ovarian,2286,3615
ovarian,2287,3610
ovarian,2288,3604
ovarian,2289,3603
ovarian,2290,3599
ovarian,2291,3598
ovarian,2292,3592
ovarian,2293,3590
ovarian,2294,3587
ovarian,2295,3585
ovarian,2296,3582
ovarian,2297,3574
ovarian,2298,3573
ovarian,2299,3573
ovarian,2300,3572
ovarian,2301,3568
ovarian,2302,3567
ovarian,2303,3564
ovarian,2304,3564
ovarian,2305,3562
ovarian,2306,3561
ovarian,2307,3560
ovarian,2308,3560
ovarian,2309,3555
ovarian,2310,3550
ovarian,2311,3549
ovarian,2312,3548
ovarian,2313,3547
ovarian,2314,3546
ovarian,2315,3546
ovarian,2316,3546
ovarian,2317,3546
ovarian,2318,3545
ovarian,2319,3545
ovarian,2320,3544
ovarian,2321,3542
ovarian,2322,3542
ovarian,2323,3542
ovarian,2324,3540
ovarian,2325,3540
ovarian,2326,3539
ovarian,2327,3538
ovarian,2328,3538
ovarian,2329,3537
ovarian,2330,3537
ovarian,2331,3537
ovarian,2332,3536
ovarian,2333,3536
ovarian,2334,3535
ovarian,2335,3535
ovarian,2336,3535
ovarian,2337,3534
ovarian,2338,3534
ovarian,2339,3533
ovarian,2340,3533
ovarian,2341,3532
ovarian,2342,3532
ovarian,2343,3532
ovarian,2344,3532
ovarian,2345,3532
ovarian,2346,3532
ovarian,2347,3532
ovarian,2348,3531
ovarian,2349,3531
ovarian,2350,3531
ovarian,2351,3531
ovarian,2352,3530
ovarian,2353,3528
ovarian,2354,3453
ovarian,2355,3436
ovarian,2356,3431
ovarian,2357,3417
ovarian,2358,3397
ovarian,2359,3389
ovarian,2360,3386
ovarian,2361,3385
ovarian,2362,3385
ovarian,2363,3381
ovarian,2364,3378
ovarian,2365,3376
ovarian,2366,3348
ovarian,2367,3339
ovarian,2368,3338
ovarian,2369,3334
ovarian,2370,3334
ovarian,2371,3322
ovarian,2372,3321
ovarian,2373,3319
ovarian,2374,3317
ovarian,2375,3311
ovarian,2376,3307
ovarian,2377,3299
ovarian,2378,3291
ovarian,2379,3290
ovarian,2380,3283
ovarian,2381,3282
ovarian,2382,3278
ovarian,2383,3277
ovarian,2384,3277
ovarian,2385,3277
ovarian,2386,3275
ovarian,2387,3273
ovarian,2388,3271
ovarian,2389,3270
ovarian,2390,3270
ovarian,2391,3269
ovarian,2392,3263
ovarian,2393,3263
ovarian,2394,3263
ovarian,2395,3259
ovarian,2396,3259
ovarian,2397,3256
ovarian,2398,3255
ovarian,2399,3255
ovarian,2400,3254
ovarian,2401,3254
ovarian,2402,3253
ovarian,2403,3252
ovarian,2404,3251
ovarian,2405,3250
ovarian,2406,3249
ovarian,2407,3248
ovarian,2408,3248
ovarian,2409,3247
ovarian,2410,3247
ovarian,2411,3247
ovarian,2412,3245
ovarian,2413,3245
ovarian,2414,3244
ovarian,2415,3241
ovarian,2416,3241
ovarian,2417,3236
ovarian,2418,3229
ovarian,2419,3227
ovarian,2420,3226
ovarian,2421,3226
ovarian,2422,3222
ovarian,2423,3222
ovarian,2424,3221
ovarian,2425,3220
ovarian,2426,3218
ovarian,2427,3217
ovarian,2428,3217
ovarian,2429,3215
ovarian,2430,3213
ovarian,2431,3212
ovarian,2432,3209
ovarian,2433,3209
ovarian,2434,3209
ovarian,2435,3209
ovarian,2436,3209
ovarian,2437,3208
ovarian,2438,3208
ovarian,2439,3207
ovarian,2440,3207
ovarian,2441,3206
ovarian,2442,3204
ovarian,2443,3204
ovarian,2444,3203
ovarian,2445,3202
ovarian,2446,3201
ovarian,2447,3200
ovarian,2448,3199
ovarian,2449,3198
ovarian,2450,3198
ovarian,2451,3198
ovarian,2452,3196
ovarian,2453,3196
ovarian,2454,3196
ovarian,2455,3196
ovarian,2456,3195
ovarian,2457,3195
ovarian,2458,3195
ovarian,2459,3195
ovarian,2460,3194
ovarian,2461,3194
ovarian,2462,3194
ovarian,2463,3194
ovarian,2464,3193
ovarian,2465,3193
ovarian,2466,3193
ovarian,2467,3192
ovarian,2468,3180
ovarian,2469,3179
ovarian,2470,3162
ovarian,2471,3159
ovarian,2472,3157
ovarian,2473,3157
ovarian,2474,3149
ovarian,2475,3145
ovarian,2476,3142
ovarian,2477,3138
ovarian,2478,3136
ovarian,2479,3133
ovarian,2480,3131
ovarian,2481,3127
ovarian,2482,3127
ovarian,2483,3123
ovarian,2484,3119
ovarian,2485,3111
ovarian,2486,3111
ovarian,2487,3107
ovarian,2488,3104
ovarian,2489,3097
ovarian,2490,3097
ovarian,2491,3094
ovarian,2492,3092
ovarian,2493,3092
ovarian,2494,3089
ovarian,2495,3089
ovarian,2496,3087
ovarian,2497,3081
ovarian,2498,3078
ovarian,2499,3078
ovarian,2500,3077
ovarian,2501,3075
ovarian,2502,3075
ovarian,2503,3075
ovarian,2504,3074
ovarian,2505,3074
ovarian,2506,3073
ovarian,2507,3073
ovarian,2508,3072
ovarian,2509,3072
ovarian,2510,3072
ovarian,2511,3072
ovarian,2512,3071
ovarian,2513,3069
ovarian,2514,3068
ovarian,2515,3068
ovarian,2516,3067
ovarian,2517,3067
ovarian,2518,3067
ovarian,2519,3066
ovarian,2520,3065
ovarian,2521,3065
ovarian,2522,3065
ovarian,2523,3065
ovarian,2524,3065
ovarian,2525,3063
ovarian,2526,3058
ovarian,2527,3058
ovarian,2528,3053
ovarian,2529,3048
ovarian,2530,3048
ovarian,2531,3045
ovarian,2532,3042
ovarian,2533,3042
ovarian,2534,3040
ovarian,2535,3040
ovarian,2536,3038
ovarian,2537,3037
ovarian,2538,3034
ovarian,2539,3032
ovarian,2540,3032
ovarian,2541,3028
ovarian,2542,3023
ovarian,2543,3021
ovarian,2544,3019
ovarian,2545,3017
ovarian,2546,3017
ovarian,2547,3014
ovarian,2548,3011
ovarian,2549,3005
ovarian,2550,3004
ovarian,2551,3003
ovarian,2552,3002
ovarian,2553,3001
ovarian,2554,3000
ovarian,2555,2997
ovarian,2556,2996
ovarian,2557,2996
ovarian,2558,2995
ovarian,2559,2995
ovarian,2560,2995
ovarian,2561,2995
ovarian,2562,2993
ovarian,2563,2993
ovarian,2564,2991
ovarian,2565,2990
ovarian,2566,2989
ovarian,2567,2989
ovarian,2568,2989
ovarian,2569,2988
ovarian,2570,2988
ovarian,2571,2986
ovarian,2572,2985
ovarian,2573,2985
ovarian,2574,2985
ovarian,2575,2984
ovarian,2576,2983
ovarian,2577,2979
ovarian,2578,2974
ovarian,2579,2974
ovarian,2580,2971
ovarian,2581,2967
ovarian,2582,2944
ovarian,2583,2940
ovarian,2584,2936
ovarian,2585,2935
ovarian,2586,2934
ovarian,2587,2933
ovarian,2588,2933
ovarian,2589,2932
ovarian,2590,2930
ovarian,2591,2930
ovarian,2592,2925
ovarian,2593,2924
ovarian,2594,2923
ovarian,2595,2923
ovarian,2596,2920
ovarian,2597,2914
ovarian,2598,2912
ovarian,2599,2906
ovarian,2600,2905
ovarian,2601,2904
ovarian,2602,2903
ovarian,2603,2903
ovarian,2604,2903
ovarian,2605,2900
ovarian,2606,2900
ovarian,2607,2898
ovarian,2608,2898
ovarian,2609,2898
ovarian,2610,2897
ovarian,2611,2897
ovarian,2612,2896
ovarian,2613,2896
ovarian,2614,2896
ovarian,2615,2894
ovarian,2616,2894
ovarian,2617,2893
ovarian,2618,2892
ovarian,2619,2891
ovarian,2620,2890
ovarian,2621,2889
ovarian,2622,2888
ovarian,2623,2887
ovarian,2624,2887
ovarian,2625,2887
ovarian,2626,2887
ovarian,2627,2887
ovarian,2628,2887
ovarian,2629,2886
ovarian,2630,2885
ovarian,2631,2885
ovarian,2632,2883
ovarian,2633,2851
ovarian,2634,2796
ovarian,2635,2795
ovarian,2636,2787
ovarian,2637,2784
ovarian,2638,2606
ovarian,2639,2572
ovarian,2640,2570
ovarian,2641,2568
ovarian,2642,2565
ovarian,2643,2563
ovarian,2644,2553
ovarian,2645,2553
ovarian,2646,2547
ovarian,2647,2546
ovarian,2648,2545
ovarian,2649,2545
ovarian,2650,2544
ovarian,2651,2543
ovarian,2652,2540
ovarian,2653,2538
ovarian,2654,2530
ovarian,2655,2526
ovarian,2656,2525
ovarian,2657,2521
ovarian,2658,2520
ovarian,2659,2520
ovarian,2660,2517
ovarian,2661,2513
ovarian,2662,2510
ovarian,2663,2508
ovarian,2664,2506
ovarian,2665,2478
ovarian,2666,2469
ovarian,2667,2460
ovarian,2668,2460
ovarian,2669,2459
ovarian,2670,2457
ovarian,2671,2448
ovarian,2672,2446
ovarian,2673,2441
ovarian,2674,2435
ovarian,2675,2434
ovarian,2676,2433
ovarian,2677,2431
ovarian,2678,2430
ovarian,2679,2429
ovarian,2680,2429
ovarian,2681,2428
ovarian,2682,2427
ovarian,2683,2426
ovarian,2684,2422
ovarian,2685,2421
ovarian,2686,2420
ovarian,2687,2420
ovarian,2688,2420
ovarian,2689,2418
ovarian,2690,2418
ovarian,2691,2417
ovarian,2692,2416
ovarian,2693,2416
ovarian,2694,2411
ovarian,2695,2410
ovarian,2696,2410
ovarian,2697,2409
ovarian,2698,2408
ovarian,2699,2406
ovarian,2700,2404
ovarian,2701,2401
ovarian,2702,2398
ovarian,2703,2398
ovarian,2704,2398
ovarian,2705,2397
ovarian,2706,2396
ovarian,2707,2391
ovarian,2708,2389
ovarian,2709,2388
ovarian,2710,2387
ovarian,2711,2386
ovarian,2712,2386
ovarian,2713,2384
ovarian,2714,2382
ovarian,2715,2381
ovarian,2716,2380
ovarian,2717,2380
ovarian,2718,2379
ovarian,2719,2379
ovarian,2720,2378
ovarian,2721,2375
ovarian,2722,2375
ovarian,2723,2373
ovarian,2724,2372
ovarian,2725,2371
ovarian,2726,2370
ovarian,2727,2370
ovarian,2728,2370
ovarian,2729,2370
ovarian,2730,2369
ovarian,2731,2369
ovarian,2732,2368
ovarian,2733,2368
ovarian,2734,2367
ovarian,2735,2367
ovarian,2736,2367
ovarian,2737,2366
ovarian,2738,2365
ovarian,2739,2365
ovarian,2740,2365
ovarian,2741,2365
ovarian,2742,2365
ovarian,2743,2364
ovarian,2744,2364
ovarian,2745,2364
ovarian,2746,2363
ovarian,2747,2363
ovarian,2748,2363
ovarian,2749,2363
ovarian,2750,2363
ovarian,2751,2362
ovarian,2752,2362
ovarian,2753,2362
ovarian,2754,2361
ovarian,2755,2361
ovarian,2756,2361
ovarian,2757,2361
ovarian,2758,2361
ovarian,2759,2360
ovarian,2760,2360
ovarian,2761,2360
ovarian,2762,2360
ovarian,2763,2360
ovarian,2764,2360
ovarian,2765,2360
ovarian,2766,2360
ovarian,2767,2360
ovarian,2768,2359
ovarian,2769,2359
ovarian,2770,2359
ovarian,2771,2359
ovarian,2772,2359
ovarian,2773,2359
ovarian,2774,2359
ovarian,2775,2359
ovarian,2776,2359
ovarian,2777,2359
ovarian,2778,2358
ovarian,2779,2358
ovarian,2780,2358
ovarian,2781,2358
ovarian,2782,2357
ovarian,2783,2355
ovarian,2784,2355
ovarian,2785,2353
ovarian,2786,2353
ovarian,2787,2351
ovarian,2788,2349
ovarian,2789,2348
ovarian,2790,2347
ovarian,2791,2344
ovarian,2792,2343
ovarian,2793,2342
ovarian,2794,2331
ovarian,2795,2331
ovarian,2796,2328
ovarian,2797,2327
ovarian,2798,2320
ovarian,2799,2317
ovarian,2800,2317
ovarian,2801,2316
ovarian,2802,2312
ovarian,2803,2311
ovarian,2804,2311
ovarian,2805,2305
ovarian,2806,2300
ovarian,2807,2299
ovarian,2808,2298
ovarian,2809,2298
ovarian,2810,2297
ovarian,2811,2296
ovarian,2812,2296
ovarian,2813,2295
ovarian,2814,2294
ovarian,2815,2294
ovarian,2816,2292
ovarian,2817,2291
ovarian,2818,2290
ovarian,2819,2290
ovarian,2820,2289
ovarian,2821,2289
ovarian,2822,2289
ovarian,2823,2287
ovarian,2824,2287
ovarian,2825,2286
ovarian,2826,2285
ovarian,2827,2285
ovarian,2828,2284
ovarian,2829,2284
ovarian,2830,2284
ovarian,2831,2284
ovarian,2832,2284
ovarian,2833,2284
ovarian,2834,2283
ovarian,2835,2283
ovarian,2836,2282
ovarian,2837,2282
ovarian,2838,2282
ovarian,2839,2282
ovarian,2840,2282
ovarian,2841,2281
ovarian,2842,2281
ovarian,2843,2281
ovarian,2844,2281
ovarian,2845,2281
ovarian,2846,2281
ovarian,2847,2280
ovarian,2848,2279
ovarian,2849,2277
ovarian,2850,2277
ovarian,2851,2276
ovarian,2852,2274
ovarian,2853,2270
ovarian,2854,2270
ovarian,2855,2269
ovarian,2856,2268
ovarian,2857,2267
ovarian,2858,2266
ovarian,2859,2266
ovarian,2860,2265
ovarian,2861,2263
ovarian,2862,2258
ovarian,2863,2257
ovarian,2864,2256
ovarian,2865,2253
ovarian,2866,2253
ovarian,2867,2253
ovarian,2868,2250
ovarian,2869,2246
ovarian,2870,2245
ovarian,2871,2244
ovarian,2872,2242
ovarian,2873,2242
ovarian,2874,2241
ovarian,2875,2240
ovarian,2876,2240
ovarian,2877,2239
ovarian,2878,2238
ovarian,2879,2238
ovarian,2880,2237
ovarian,2881,2236
ovarian,2882,2236
ovarian,2883,2235
ovarian,2884,2235
ovarian,2885,2234
ovarian,2886,2234
ovarian,2887,2233
ovarian,2888,2233
ovarian,2889,2232
ovarian,2890,2232
ovarian,2891,2231
ovarian,2892,2231
ovarian,2893,2229
ovarian,2894,2227
ovarian,2895,2227
ovarian,2896,2226
ovarian,2897,2226
ovarian,2898,2225
ovarian,2899,2224
ovarian,2900,2224
ovarian,2901,2223
ovarian,2902,2223
ovarian,2903,2221
ovarian,2904,2221
ovarian,2905,2221
ovarian,2906,2220
ovarian,2907,2220
ovarian,2908,2220
ovarian,2909,2218
ovarian,2910,2218
ovarian,2911,2217
ovarian,2912,2217
ovarian,2913,2216
ovarian,2914,2216
ovarian,2915,2216
ovarian,2916,2216
ovarian,2917,2216
ovarian,2918,2216
ovarian,2919,2215
ovarian,2920,2215
ovarian,2921,2215
ovarian,2922,2215
ovarian,2923,2215
ovarian,2924,2215
ovarian,2925,2215
ovarian,2926,2214
ovarian,2927,2214
ovarian,2928,2214
ovarian,2929,2214
ovarian,2930,2213
ovarian,2931,2213
ovarian,2932,2212
ovarian,2933,2212
ovarian,2934,2212
ovarian,2935,2212
ovarian,2936,2211
ovarian,2937,2211
ovarian,2938,2211
ovarian,2939,2211
ovarian,2940,2211
ovarian,2941,2209
ovarian,2942,2209
ovarian,2943,2209
ovarian,2944,2208
ovarian,2945,2208
ovarian,2946,2207
ovarian,2947,2207
ovarian,2948,2206
ovarian,2949,2205
ovarian,2950,2205
ovarian,2951,2205
ovarian,2952,2205
ovarian,2953,2205
ovarian,2954,2205
ovarian,2955,2204
ovarian,2956,2204
ovarian,2957,2204
ovarian,2958,2204
ovarian,2959,2203
ovarian,2960,2203
ovarian,2961,2203
ovarian,2962,2203
ovarian,2963,2202
ovarian,2964,2202
ovarian,2965,2202
ovarian,2966,2201
ovarian,2967,2201
ovarian,2968,2201
ovarian,2969,2201
ovarian,2970,2201
ovarian,2971,2201
ovarian,2972,2201
ovarian,2973,2200
ovarian,2974,2200
ovarian,2975,2200
ovarian,2976,2199
ovarian,2977,2137
ovarian,2978,2093
ovarian,2979,2084
ovarian,2980,2077
ovarian,2981,2070
ovarian,2982,2065
ovarian,2983,2053
ovarian,2984,2052
ovarian,2985,2052
ovarian,2986,2051
ovarian,2987,2050
ovarian,2988,2047
ovarian,2989,2046
ovarian,2990,1974
ovarian,2991,1955
ovarian,2992,1948
ovarian,2993,1948
ovarian,2994,1939
ovarian,2995,1925
ovarian,2996,1924
ovarian,2997,1923
ovarian,2998,1921
ovarian,2999,1921
ovarian,3000,1914
ovarian,3001,1912
ovarian,3002,1910
ovarian,3003,1908
ovarian,3004,1907
ovarian,3005,1906
ovarian,3006,1905
ovarian,3007,1896
ovarian,3008,1892
ovarian,3009,1892
ovarian,3010,1892
ovarian,3011,1887
ovarian,3012,1885
ovarian,3013,1885
ovarian,3014,1884
ovarian,3015,1884
ovarian,3016,1883
ovarian,3017,1882
ovarian,3018,1880
ovarian,3019,1880
ovarian,3020,1880
ovarian,3021,1879
ovarian,3022,1879
ovarian,3023,1878
ovarian,3024,1878
ovarian,3025,1877
ovarian,3026,1877
ovarian,3027,1877
ovarian,3028,1877
ovarian,3029,1877
ovarian,3030,1876
ovarian,3031,1876
ovarian,3032,1876
ovarian,3033,1875
ovarian,3034,1875
ovarian,3035,1875
ovarian,3036,1875
ovarian,3037,1875
ovarian,3038,1875
ovarian,3039,1874
ovarian,3040,1873
ovarian,3041,1873
ovarian,3042,1873
ovarian,3043,1873
ovarian,3044,1873
ovarian,3045,1872
ovarian,3046,1872
ovarian,3047,1872
ovarian,3048,1872
ovarian,3049,1872
ovarian,3050,1871
ovarian,3051,1871
ovarian,3052,1871
ovarian,3053,1871
ovarian,3054,1871
ovarian,3055,1871
ovarian,3056,1871
ovarian,3057,1870
ovarian,3058,1864
ovarian,3059,1856
ovarian,3060,1850
ovarian,3061,1849
ovarian,3062,1843
ovarian,3063,1836
ovarian,3064,1833
ovarian,3065,1831
ovarian,3066,1830
ovarian,3067,1829
ovarian,3068,1829
ovarian,3069,1828
ovarian,3070,1825
ovarian,3071,1825
ovarian,3072,1824
ovarian,3073,1795
ovarian,3074,1794
ovarian,3075,1792
ovarian,3076,1783
ovarian,3077,1783
ovarian,3078,1778
ovarian,3079,1775
ovarian,3080,1775
ovarian,3081,1772
ovarian,3082,1766
ovarian,3083,1764
ovarian,3084,1758
ovarian,3085,1751
ovarian,3086,1751
ovarian,3087,1750
ovarian,3088,1745
ovarian,3089,1744
ovarian,3090,1743
ovarian,3091,1740
ovarian,3092,1740
ovarian,3093,1739
ovarian,3094,1739
ovarian,3095,1732
ovarian,3096,1667
ovarian,3097,1662
ovarian,3098,1653
ovarian,3099,1653
ovarian,3100,1640
ovarian,3101,1640
ovarian,3102,1638
ovarian,3103,1637
ovarian,3104,1633
ovarian,3105,1633
ovarian,3106,1627
ovarian,3107,1622
ovarian,3108,1620
ovarian,3109,1619
ovarian,3110,1618
ovarian,3111,1617
ovarian,3112,1616
ovarian,3113,1614
ovarian,3114,1613
ovarian,3115,1609
ovarian,3116,1606
ovarian,3117,1606
ovarian,3118,1605
ovarian,3119,1604
ovarian,3120,1598
ovarian,3121,1597
ovarian,3122,1594
ovarian,3123,1592
ovarian,3124,1591
ovarian,3125,1591
ovarian,3126,1591
ovarian,3127,1590
ovarian,3128,1590
ovarian,3129,1590
ovarian,3130,1590
ovarian,3131,1590
ovarian,3132,1589
ovarian,3133,1589
ovarian,3134,1588
ovarian,3135,1587
ovarian,3136,1587
ovarian,3137,1587
ovarian,3138,1587
ovarian,3139,1587
ovarian,3140,1587
ovarian,3141,1586
ovarian,3142,1585
ovarian,3143,1583
ovarian,3144,1572
ovarian,3145,1568
ovarian,3146,1567
ovarian,3147,1567
ovarian,3148,1552
ovarian,3149,1551
ovarian,3150,1545
ovarian,3151,1544
ovarian,3152,1543
ovarian,3153,1543
ovarian,3154,1541
ovarian,3155,1539
ovarian,3156,1532
ovarian,3157,1531
ovarian,3158,1529
ovarian,3159,1528
ovarian,3160,1525
ovarian,3161,1524
ovarian,3162,1524
ovarian,3163,1523
ovarian,3164,1523
ovarian,3165,1522
ovarian,3166,1521
ovarian,3167,1521
ovarian,3168,1521
ovarian,3169,1520
ovarian,3170,1519
ovarian,3171,1519
ovarian,3172,1517
ovarian,3173,1515
ovarian,3174,1503
ovarian,3175,1492
ovarian,3176,1488
ovarian,3177,1485
ovarian,3178,1483
ovarian,3179,1478
ovarian,3180,1477
ovarian,3181,1469
ovarian,3182,1466
ovarian,3183,1440
ovarian,3184,1435
ovarian,3185,1432
ovarian,3186,1429
ovarian,3187,1424
ovarian,3188,1418
ovarian,3189,1417
ovarian,3190,1416
ovarian,3191,1413
ovarian,3192,1411
ovarian,3193,1410
ovarian,3194,1406
ovarian,3195,1398
ovarian,3196,1393
ovarian,3197,1393
ovarian,3198,1391
ovarian,3199,1391
ovarian,3200,1389
ovarian,3201,1387
ovarian,3202,1387
ovarian,3203,1385
ovarian,3204,1383
ovarian,3205,1383
ovarian,3206,1382
ovarian,3207,1382
ovarian,3208,1381
ovarian,3209,1381
ovarian,3210,1379
ovarian,3211,1378
ovarian,3212,1372
ovarian,3213,1372
ovarian,3214,1372
ovarian,3215,1372
ovarian,3216,1371
ovarian,3217,1370
ovarian,3218,1369
ovarian,3219,1369
ovarian,3220,1368
ovarian,3221,1368
ovarian,3222,1368
ovarian,3223,1368
ovarian,3224,1368
ovarian,3225,1367
ovarian,3226,1367
ovarian,3227,1366
ovarian,3228,1365
ovarian,3229,1365
ovarian,3230,1364
ovarian,3231,1362
ovarian,3232,1361
ovarian,3233,1359
ovarian,3234,1357
ovarian,3235,1357
ovarian,3236,1355
ovarian,3237,1354
ovarian,3238,1353
ovarian,3239,1353
ovarian,3240,1352
ovarian,3241,1352
ovarian,3242,1351
ovarian,3243,1350
ovarian,3244,1350
ovarian,3245,1349
ovarian,3246,1347
ovarian,3247,1343
ovarian,3248,1338
ovarian,3249,1337
ovarian,3250,1335
ovarian,3251,1335
ovarian,3252,1334
ovarian,3253,1333
ovarian,3254,1332
ovarian,3255,1331
ovarian,3256,1331
ovarian,3257,1331
ovarian,3258,1330
ovarian,3259,1330
ovarian,3260,1329
ovarian,3261,1329
ovarian,3262,1329
ovarian,3263,1329
ovarian,3264,1329
ovarian,3265,1329
ovarian,3266,1328
ovarian,3267,1328
ovarian,3268,1328
ovarian,3269,1328
ovarian,3270,1328
ovarian,3271,1328
ovarian,3272,1327
ovarian,3273,1259
ovarian,3274,1239
ovarian,3275,1239
ovarian,3276,1228
ovarian,3277,1222
ovarian,3278,1221
ovarian,3279,1218
ovarian,3280,1200
ovarian,3281,1197
ovarian,3282,1186
ovarian,3283,1168
ovarian,3284,1166
ovarian,3285,1155
ovarian,3286,1155
ovarian,3287,1155
ovarian,3288,1154
ovarian,3289,1147
ovarian,3290,1144
ovarian,3291,1142
ovarian,3292,1141
ovarian,3293,1139
ovarian,3294,1138
ovarian,3295,1137
ovarian,3296,1136
ovarian,3297,1134
ovarian,3298,1133
ovarian,3299,1133
ovarian,3300,1132
ovarian,3301,1131
ovarian,3302,1131
ovarian,3303,1130
ovarian,3304,1130
ovarian,3305,1130
ovarian,3306,1129
ovarian,3307,1129
ovarian,3308,1129
ovarian,3309,1129
ovarian,3310,1128
ovarian,3311,1128
ovarian,3312,1128
ovarian,3313,1128
ovarian,3314,1127
ovarian,3315,1127
ovarian,3316,1127
ovarian,3317,1127
ovarian,3318,1127
ovarian,3319,1126
ovarian,3320,1126
ovarian,3321,1126
ovarian,3322,1126
ovarian,3323,1126
ovarian,3324,1125
ovarian,3325,1125
ovarian,3326,1124
ovarian,3327,1122
ovarian,3328,1122
ovarian,3329,1121
ovarian,3330,1120
ovarian,3331,1120
ovarian,3332,1120
ovarian,3333,1119
ovarian,3334,1117
ovarian,3335,1115
ovarian,3336,1115
ovarian,3337,1115
ovarian,3338,1114
ovarian,3339,1113
ovarian,3340,1113
ovarian,3341,1112
ovarian,3342,1112
ovarian,3343,1112
ovarian,3344,1111
ovarian,3345,1110
ovarian,3346,1110
ovarian,3347,1110
ovarian,3348,1110
ovarian,3349,1110
ovarian,3350,1109
ovarian,3351,1109
ovarian,3352,1108
ovarian,3353,1108
ovarian,3354,1103
ovarian,3355,1093
ovarian,3356,1093
ovarian,3357,1091
ovarian,3358,1089
ovarian,3359,1086
ovarian,3360,1083
ovarian,3361,1082
ovarian,3362,1079
ovarian,3363,1077
ovarian,3364,1076
ovarian,3365,1073
ovarian,3366,1071
ovarian,3367,1071
ovarian,3368,1071
ovarian,3369,1070
ovarian,3370,1070
ovarian,3371,1069
ovarian,3372,1067
ovarian,3373,1065
ovarian,3374,1065
ovarian,3375,1064
ovarian,3376,1064
ovarian,3377,1064
ovarian,3378,1064
ovarian,3379,1064
ovarian,3380,1063
ovarian,3381,1063
ovarian,3382,1062
ovarian,3383,1061
ovarian,3384,1061
ovarian,3385,1061
ovarian,3386,1060
ovarian,3387,1060
ovarian,3388,1060
ovarian,3389,1060
ovarian,3390,1060
ovarian,3391,1059
ovarian,3392,1059
ovarian,3393,1059
ovarian,3394,1059
ovarian,3395,1059
ovarian,3396,1059
ovarian,3397,1059
ovarian,3398,1059
ovarian,3399,1059
ovarian,3400,1059
ovarian,3401,1058
ovarian,3402,1053
ovarian,3403,1052
ovarian,3404,1051
ovarian,3405,1046
ovarian,3406,1045
ovarian,3407,1045
ovarian,3408,1044
ovarian,3409,1044
ovarian,3410,1044
ovarian,3411,1042
ovarian,3412,1020
ovarian,3413,1019
ovarian,3414,1011
ovarian,3415,1009
ovarian,3416,1004
ovarian,3417,1003
ovarian,3418,1002
ovarian,3419,994
ovarian,3420,949
ovarian,3421,948
ovarian,3422,944
ovarian,3423,937
ovarian,3424,937
ovarian,3425,936
ovarian,3426,929
ovarian,3427,925
ovarian,3428,920
ovarian,3429,918
ovarian,3430,918
ovarian,3431,917
ovarian,3432,917
ovarian,3433,916
ovarian,3434,916
ovarian,3435,915
ovarian,3436,915
ovarian,3437,914
ovarian,3438,913
ovarian,3439,913
ovarian,3440,912
ovarian,3441,912
ovarian,3442,911
ovarian,3443,910
ovarian,3444,906
ovarian,3445,904
ovarian,3446,901
ovarian,3447,900
ovarian,3448,900
ovarian,3449,899
ovarian,3450,895
ovarian,3451,895
ovarian,3452,893
ovarian,3453,892
ovarian,3454,892
ovarian,3455,891
ovarian,3456,890
ovarian,3457,890
ovarian,3458,889
ovarian,3459,888
ovarian,3460,888
ovarian,3461,887
ovarian,3462,886
ovarian,3463,883
ovarian,3464,883
ovarian,3465,881
ovarian,3466,880
ovarian,3467,877
ovarian,3468,877
ovarian,3469,877
ovarian,3470,877
ovarian,3471,877
ovarian,3472,876
ovarian,3473,876
ovarian,3474,875
ovarian,3475,875
ovarian,3476,874
ovarian,3477,874
ovarian,3478,874
ovarian,3479,874
ovarian,3480,873
ovarian,3481,873
ovarian,3482,873
ovarian,3483,873
ovarian,3484,873
ovarian,3485,872
ovarian,3486,871
ovarian,3487,870
ovarian,3488,870
ovarian,3489,869
ovarian,3490,869
ovarian,3491,867
ovarian,3492,867
ovarian,3493,867
ovarian,3494,865
ovarian,3495,865
ovarian,3496,865
ovarian,3497,864
ovarian,3498,864
ovarian,3499,863
ovarian,3500,863
ovarian,3501,861
ovarian,3502,861
ovarian,3503,860
ovarian,3504,859
ovarian,3505,858
ovarian,3506,858
ovarian,3507,856
ovarian,3508,856
ovarian,3509,856
ovarian,3510,856
ovarian,3511,856
ovarian,3512,855
ovarian,3513,855
ovarian,3514,855
ovarian,3515,854
ovarian,3516,854
ovarian,3517,854
ovarian,3518,854
ovarian,3519,854
ovarian,3520,853
ovarian,3521,853
ovarian,3522,853
ovarian,3523,853
ovarian,3524,852
ovarian,3525,852
ovarian,3526,851
ovarian,3527,851
ovarian,3528,851
ovarian,3529,851
ovarian,3530,851
ovarian,3531,851
ovarian,3532,851
ovarian,3533,850
ovarian,3534,848
ovarian,3535,847
ovarian,3536,847
ovarian,3537,845
ovarian,3538,840
ovarian,3539,839
ovarian,3540,839
ovarian,3541,836
ovarian,3542,836
ovarian,3543,836
ovarian,3544,835
ovarian,3545,832
ovarian,3546,831
ovarian,3547,830
ovarian,3548,829
ovarian,3549,827
ovarian,3550,827
ovarian,3551,827
ovarian,3552,825
ovarian,3553,824
ovarian,3554,823
ovarian,3555,823
ovarian,3556,823
ovarian,3557,823
ovarian,3558,823
ovarian,3559,823
ovarian,3560,823
ovarian,3561,822
ovarian,3562,822
ovarian,3563,822
ovarian,3564,821
ovarian,3565,821
ovarian,3566,821
ovarian,3567,821
ovarian,3568,821
ovarian,3569,821
ovarian,3570,821
ovarian,3571,821
ovarian,3572,820
ovarian,3573,819
ovarian,3574,811
ovarian,3575,810
ovarian,3576,809
ovarian,3577,808
ovarian,3578,807
ovarian,3579,806
ovarian,3580,795
ovarian,3581,790
ovarian,3582,787
ovarian,3583,787
ovarian,3584,786
ovarian,3585,784
ovarian,3586,784
ovarian,3587,775
ovarian,3588,767
ovarian,3589,767
ovarian,3590,766
ovarian,3591,762
ovarian,3592,758
ovarian,3593,753
ovarian,3594,747
ovarian,3595,740
ovarian,3596,733
ovarian,3597,731
ovarian,3598,730
ovarian,3599,730
ovarian,3600,730
ovarian,3601,730
ovarian,3602,728
ovarian,3603,727
ovarian,3604,727
ovarian,3605,727
ovarian,3606,726
ovarian,3607,726
ovarian,3608,726
ovarian,3609,726
ovarian,3610,726
ovarian,3611,726
ovarian,3612,725
ovarian,3613,722
ovarian,3614,719
ovarian,3615,719
ovarian,3616,718
ovarian,3617,717
ovarian,3618,717
ovarian,3619,714
ovarian,3620,713
ovarian,3621,713
ovarian,3622,712
ovarian,3623,711
ovarian,3624,710
ovarian,3625,710
ovarian,3626,708
ovarian,3627,707
ovarian,3628,706
ovarian,3629,705
ovarian,3630,704
ovarian,3631,703
ovarian,3632,703
ovarian,3633,703
ovarian,3634,702
ovarian,3635,702
ovarian,3636,701
ovarian,3637,701
ovarian,3638,700
ovarian,3639,700
ovarian,3640,700
ovarian,3641,700
ovarian,3642,699
ovarian,3643,699
ovarian,3644,697
ovarian,3645,694
ovarian,3646,694
ovarian,3647,693
ovarian,3648,693
ovarian,3649,690
ovarian,3650,689
ovarian,3651,689
ovarian,3652,688
ovarian,3653,682
ovarian,3654,681
ovarian,3655,678
ovarian,3656,678
ovarian,3657,677
ovarian,3658,677
ovarian,3659,677
ovarian,3660,677
ovarian,3661,676
ovarian,3662,675
ovarian,3663,675
ovarian,3664,673
ovarian,3665,672
ovarian,3666,672
ovarian,3667,671
ovarian,3668,671
ovarian,3669,671
ovarian,3670,671
ovarian,3671,670
ovarian,3672,670
ovarian,3673,670
ovarian,3674,669
ovarian,3675,669
ovarian,3676,669
ovarian,3677,668
ovarian,3678,668
ovarian,3679,668
ovarian,3680,667
ovarian,3681,667
ovarian,3682,667
ovarian,3683,666
ovarian,3684,666
ovarian,3685,666
ovarian,3686,665
ovarian,3687,665
ovarian,3688,665
ovarian,3689,665
ovarian,3690,665
ovarian,3691,665
ovarian,3692,664
ovarian,3693,664
ovarian,3694,664
ovarian,3695,664
ovarian,3696,663
ovarian,3697,663
ovarian,3698,663
ovarian,3699,663
ovarian,3700,663
ovarian,3701,663
ovarian,3702,663
ovarian,3703,663
ovarian,3704,663
ovarian,3705,663
ovarian,3706,662
ovarian,3707,662
ovarian,3708,662
ovarian,3709,662
ovarian,3710,662
ovarian,3711,662
ovarian,3712,662
ovarian,3713,662
ovarian,3714,662
ovarian,3715,662
ovarian,3716,662
ovarian,3717,661
ovarian,3718,654
ovarian,3719,653
ovarian,3720,650
ovarian,3721,648
ovarian,3722,647
ovarian,3723,645
ovarian,3724,645
ovarian,3725,644
ovarian,3726,643
ovarian,3727,643
ovarian,3728,642
ovarian,3729,641
ovarian,3730,640
ovarian,3731,637
ovarian,3732,633
ovarian,3733,633
ovarian,3734,631
ovarian,3735,631
ovarian,3736,630
ovarian,3737,629
ovarian,3738,625
ovarian,3739,624
ovarian,3740,621
ovarian,3741,621
ovarian,3742,620
ovarian,3743,618
ovarian,3744,614
ovarian,3745,614
ovarian,3746,614
ovarian,3747,614
ovarian,3748,612
ovarian,3749,612
ovarian,3750,611
ovarian,3751,610
ovarian,3752,610
ovarian,3753,609
ovarian,3754,609
ovarian,3755,608
ovarian,3756,603
ovarian,3757,602
ovarian,3758,600
ovarian,3759,600
ovarian,3760,597
ovarian,3761,596
ovarian,3762,591
ovarian,3763,591
ovarian,3764,591
ovarian,3765,590
ovarian,3766,590
ovarian,3767,590
ovarian,3768,589
ovarian,3769,588
ovarian,3770,588
ovarian,3771,587
ovarian,3772,587
ovarian,3773,586
ovarian,3774,586
ovarian,3775,585
ovarian,3776,583
ovarian,3777,582
ovarian,3778,580
ovarian,3779,580
ovarian,3780,575
ovarian,3781,574
ovarian,3782,570
ovarian,3783,565
ovarian,3784,564
ovarian,3785,559
ovarian,3786,557
ovarian,3787,557
ovarian,3788,556
ovarian,3789,553
ovarian,3790,553
ovarian,3791,551
ovarian,3792,550
ovarian,3793,548
ovarian,3794,548
ovarian,3795,548
ovarian,3796,547
ovarian,3797,546
ovarian,3798,546
ovarian,3799,545
ovarian,3800,544
ovarian,3801,537
ovarian,3802,534
ovarian,3803,529
ovarian,3804,528
ovarian,3805,527
ovarian,3806,526
ovarian,3807,526
ovarian,3808,525
ovarian,3809,525
ovarian,3810,525
ovarian,3811,524
ovarian,3812,523
ovarian,3813,521
ovarian,3814,519
ovarian,3815,517
ovarian,3816,517
ovarian,3817,516
ovarian,3818,516
ovarian,3819,516
ovarian,3820,515
ovarian,3821,515
ovarian,3822,515
ovarian,3823,515
ovarian,3824,515
ovarian,3825,515
ovarian,3826,515
ovarian,3827,514
ovarian,3828,500
ovarian,3829,500
ovarian,3830,497
ovarian,3831,497
ovarian,3832,496
ovarian,3833,495
ovarian,3834,491
ovarian,3835,489
ovarian,3836,489
ovarian,3837,488
ovarian,3838,488
ovarian,3839,488
ovarian,3840,487
ovarian,3841,485
ovarian,3842,485
ovarian,3843,485
ovarian,3844,485
ovarian,3845,483
ovarian,3846,483
ovarian,3847,483
ovarian,3848,480
ovarian,3849,479
ovarian,3850,478
ovarian,3851,478
ovarian,3852,477
ovarian,3853,476
ovarian,3854,476
ovarian,3855,475
ovarian,3856,475
ovarian,3857,475
ovarian,3858,475
ovarian,3859,474
ovarian,3860,474
ovarian,3861,474
ovarian,3862,474
ovarian,3863,473
ovarian,3864,469
ovarian,3865,467
ovarian,3866,466
ovarian,3867,465
ovarian,3868,464
ovarian,3869,463
ovarian,3870,463
ovarian,3871,463
ovarian,3872,463
ovarian,3873,462
ovarian,3874,462
ovarian,3875,461
ovarian,3876,460
ovarian,3877,460
ovarian,3878,459
ovarian,3879,459
ovarian,3880,459
ovarian,3881,458
ovarian,3882,458
ovarian,3883,458
ovarian,3884,458
ovarian,3885,457
ovarian,3886,457
ovarian,3887,457
ovarian,3888,457
ovarian,3889,457
ovarian,3890,457
ovarian,3891,457
ovarian,3892,457
ovarian,3893,457
ovarian,3894,456
ovarian,3895,456
ovarian,3896,456
ovarian,3897,456
ovarian,3898,456
ovarian,3899,456
ovarian,3900,456
ovarian,3901,456
ovarian,3902,456
ovarian,3903,455
ovarian,3904,451
ovarian,3905,449
ovarian,3906,448
ovarian,3907,447
ovarian,3908,446
ovarian,3909,446
ovarian,3910,445
ovarian,3911,443
ovarian,3912,442
ovarian,3913,439
ovarian,3914,438
ovarian,3915,437
ovarian,3916,437
ovarian,3917,436
ovarian,3918,435
ovarian,3919,434
ovarian,3920,433
ovarian,3921,433
ovarian,3922,432
ovarian,3923,431
ovarian,3924,430
ovarian,3925,429
ovarian,3926,429
ovarian,3927,429
ovarian,3928,428
ovarian,3929,428
ovarian,3930,428
ovarian,3931,428
ovarian,3932,421
ovarian,3933,421
ovarian,3934,421
ovarian,3935,420
ovarian,3936,419
ovarian,3937,419
ovarian,3938,419
ovarian,3939,418
ovarian,3940,417
ovarian,3941,417
ovarian,3942,416
ovarian,3943,416
ovarian,3944,416
ovarian,3945,416
ovarian,3946,415
ovarian,3947,415
ovarian,3948,414
ovarian,3949,414
ovarian,3950,414
ovarian,3951,413
ovarian,3952,412
ovarian,3953,411
ovarian,3954,410
ovarian,3955,410
ovarian,3956,409
ovarian,3957,409
ovarian,3958,408
ovarian,3959,408
ovarian,3960,408
ovarian,3961,407
ovarian,3962,407
ovarian,3963,406
ovarian,3964,406
ovarian,3965,406
ovarian,3966,405
ovarian,3967,405
ovarian,3968,405
ovarian,3969,405
ovarian,3970,404
ovarian,3971,404
ovarian,3972,404
ovarian,3973,403
ovarian,3974,402
ovarian,3975,402
ovarian,3976,401
ovarian,3977,400
ovarian,3978,400
ovarian,3979,400
ovarian,3980,399
ovarian,3981,397
ovarian,3982,396
ovarian,3983,392
ovarian,3984,390
ovarian,3985,390
ovarian,3986,388
ovarian,3987,386
ovarian,3988,383
ovarian,3989,382
ovarian,3990,381
ovarian,3991,360
ovarian,3992,357
ovarian,3993,354
ovarian,3994,352
ovarian,3995,348
ovarian,3996,347
ovarian,3997,344
ovarian,3998,343
ovarian,3999,341
ovarian,4000,340
ovarian,4001,339
ovarian,4002,338
ovarian,4003,336
ovarian,4004,332
ovarian,4005,331
ovarian,4006,331
ovarian,4007,329
ovarian,4008,329
ovarian,4009,329
ovarian,4010,328
ovarian,4011,328
ovarian,4012,328
ovarian,4013,327
ovarian,4014,326
ovarian,4015,326
ovarian,4016,326
ovarian,4017,325
ovarian,4018,325
ovarian,4019,325
ovarian,4020,325
ovarian,4021,324
ovarian,4022,323
ovarian,4023,322
ovarian,4024,322
ovarian,4025,322
ovarian,4026,322
ovarian,4027,321
ovarian,4028,321
ovarian,4029,321
ovarian,4030,321
ovarian,4031,321
ovarian,4032,320
ovarian,4033,320
ovarian,4034,320
ovarian,4035,320
ovarian,4036,320
ovarian,4037,320
ovarian,4038,319
ovarian,4039,319
ovarian,4040,319
ovarian,4041,319
ovarian,4042,319
ovarian,4043,319
ovarian,4044,319
ovarian,4045,319
ovarian,4046,318
ovarian,4047,318
ovarian,4048,318
ovarian,4049,318
ovarian,4050,318
ovarian,4051,317
ovarian,4052,317
ovarian,4053,316
ovarian,4054,316
ovarian,4055,314
ovarian,4056,314
ovarian,4057,313
ovarian,4058,313
ovarian,4059,313
ovarian,4060,313
ovarian,4061,313
ovarian,4062,313
ovarian,4063,312
ovarian,4064,311
ovarian,4065,311
ovarian,4066,308
ovarian,4067,306
ovarian,4068,304
ovarian,4069,303
ovarian,4070,302
ovarian,4071,302
ovarian,4072,299
ovarian,4073,298
ovarian,4074,297
ovarian,4075,297
ovarian,4076,297
ovarian,4077,297
ovarian,4078,296
ovarian,4079,295
ovarian,4080,292
ovarian,4081,288
ovarian,4082,285
ovarian,4083,285
ovarian,4084,283
ovarian,4085,283
ovarian,4086,282
ovarian,4087,281
ovarian,4088,281
ovarian,4089,280
ovarian,4090,280
ovarian,4091,279
ovarian,4092,277
ovarian,4093,276
ovarian,4094,275
ovarian,4095,274
ovarian,4096,274
ovarian,4097,274
ovarian,4098,273
ovarian,4099,273
ovarian,4100,273
ovarian,4101,273
ovarian,4102,273
ovarian,4103,272
ovarian,4104,272
ovarian,4105,272
ovarian,4106,272
ovarian,4107,271
ovarian,4108,271
ovarian,4109,269
ovarian,4110,267
ovarian,4111,266
ovarian,4112,266
ovarian,4113,264
ovarian,4114,264
ovarian,4115,262
ovarian,4116,262
ovarian,4117,261
ovarian,4118,261
ovarian,4119,260
ovarian,4120,260
ovarian,4121,259
ovarian,4122,259
ovarian,4123,259
ovarian,4124,259
ovarian,4125,258
ovarian,4126,256
ovarian,4127,256
ovarian,4128,255
ovarian,4129,254
ovarian,4130,253
ovarian,4131,253
ovarian,4132,251
ovarian,4133,250
ovarian,4134,250
ovarian,4135,249
ovarian,4136,249
ovarian,4137,249
ovarian,4138,249
ovarian,4139,248
ovarian,4140,248
ovarian,4141,247
ovarian,4142,247
ovarian,4143,246
ovarian,4144,246
ovarian,4145,246
ovarian,4146,245
ovarian,4147,245
ovarian,4148,245
ovarian,4149,245
ovarian,4150,245
ovarian,4151,244
ovarian,4152,244
ovarian,4153,244
ovarian,4154,244
ovarian,4155,244
ovarian,4156,244
ovarian,4157,243
ovarian,4158,243
ovarian,4159,242
ovarian,4160,242
ovarian,4161,241
ovarian,4162,241
ovarian,4163,240
ovarian,4164,240
ovarian,4165,239
ovarian,4166,238
ovarian,4167,236
ovarian,4168,236
ovarian,4169,235
ovarian,4170,235
ovarian,4171,235
ovarian,4172,234
ovarian,4173,234
ovarian,4174,233
ovarian,4175,233
ovarian,4176,226
ovarian,4177,222
ovarian,4178,221
ovarian,4179,221
ovarian,4180,220
ovarian,4181,216
ovarian,4182,214
ovarian,4183,210
ovarian,4184,208
ovarian,4185,207
ovarian,4186,207
ovarian,4187,205
ovarian,4188,205
ovarian,4189,204
ovarian,4190,204
ovarian,4191,202
ovarian,4192,201
ovarian,4193,198
ovarian,4194,197
ovarian,4195,195
ovarian,4196,194
ovarian,4197,194
ovarian,4198,192
ovarian,4199,190
ovarian,4200,189
ovarian,4201,188
ovarian,4202,188
ovarian,4203,188
ovarian,4204,188
ovarian,4205,187
ovarian,4206,185
ovarian,4207,184
ovarian,4208,184
ovarian,4209,184
ovarian,4210,182
ovarian,4211,182
ovarian,4212,181
ovarian,4213,181
ovarian,4214,180
ovarian,4215,180
ovarian,4216,179
ovarian,4217,179
ovarian,4218,179
ovarian,4219,179
ovarian,4220,178
ovarian,4221,178
ovarian,4222,175
ovarian,4223,175
ovarian,4224,175
ovarian,4225,174
ovarian,4226,173
ovarian,4227,173
ovarian,4228,172
ovarian,4229,171
ovarian,4230,171
ovarian,4231,169
ovarian,4232,169
ovarian,4233,168
ovarian,4234,168
ovarian,4235,167
ovarian,4236,167
ovarian,4237,167
ovarian,4238,167
ovarian,4239,166
ovarian,4240,166
ovarian,4241,166
ovarian,4242,165
ovarian,4243,165
ovarian,4244,165
ovarian,4245,165
ovarian,4246,165
ovarian,4247,165
ovarian,4248,164
ovarian,4249,164
ovarian,4250,164
ovarian,4251,164
ovarian,4252,164
ovarian,4253,164
ovarian,4254,164
ovarian,4255,164
ovarian,4256,164
ovarian,4257,163
ovarian,4258,163
ovarian,4259,163
ovarian,4260,163
ovarian,4261,163
ovarian,4262,163
ovarian,4263,163
ovarian,4264,163
ovarian,4265,162
ovarian,4266,162
ovarian,4267,162
ovarian,4268,161
ovarian,4269,160
ovarian,4270,159
ovarian,4271,158
ovarian,4272,157
ovarian,4273,157
ovarian,4274,157
ovarian,4275,157
ovarian,4276,157
ovarian,4277,156
ovarian,4278,150
ovarian,4279,148
ovarian,4280,148
ovarian,4281,147
ovarian,4282,147
ovarian,4283,147
ovarian,4284,146
ovarian,4285,146
ovarian,4286,145
ovarian,4287,145
ovarian,4288,145
ovarian,4289,145
ovarian,4290,145
ovarian,4291,145
ovarian,4292,144
ovarian,4293,142
ovarian,4294,142
ovarian,4295,141
ovarian,4296,139
ovarian,4297,138
ovarian,4298,137
ovarian,4299,136
ovarian,4300,135
ovarian,4301,134
ovarian,4302,129
ovarian,4303,128
ovarian,4304,128
ovarian,4305,128
ovarian,4306,127
ovarian,4307,126
ovarian,4308,126
ovarian,4309,126
ovarian,4310,125
ovarian,4311,125
ovarian,4312,125
ovarian,4313,124
ovarian,4314,124
ovarian,4315,123
ovarian,4316,123
ovarian,4317,123
ovarian,4318,123
ovarian,4319,122
ovarian,4320,122
ovarian,4321,122
ovarian,4322,122
ovarian,4323,121
ovarian,4324,121
ovarian,4325,121
ovarian,4326,120
ovarian,4327,120
ovarian,4328,120
ovarian,4329,120
ovarian,4330,119
ovarian,4331,119
ovarian,4332,115
ovarian,4333,115
ovarian,4334,114
ovarian,4335,112
ovarian,4336,112
ovarian,4337,111
ovarian,4338,109
ovarian,4339,109
ovarian,4340,109
ovarian,4341,109
ovarian,4342,108
ovarian,4343,108
ovarian,4344,108
ovarian,4345,107
ovarian,4346,107
ovarian,4347,107
ovarian,4348,106
ovarian,4349,105
ovarian,4350,105
ovarian,4351,105
ovarian,4352,105
ovarian,4353,105
ovarian,4354,105
ovarian,4355,104
ovarian,4356,103
ovarian,4357,103
ovarian,4358,103
ovarian,4359,102
ovarian,4360,102
ovarian,4361,100
ovarian,4362,99
ovarian,4363,98
ovarian,4364,98
ovarian,4365,98
ovarian,4366,97
ovarian,4367,97
ovarian,4368,97
ovarian,4369,96
ovarian,4370,96
ovarian,4371,96
ovarian,4372,96
ovarian,4373,96
ovarian,4374,96
ovarian,4375,95
ovarian,4376,95
ovarian,4377,95
ovarian,4378,95
ovarian,4379,95
ovarian,4380,95
ovarian,4381,95
ovarian,4382,95
ovarian,4383,95
ovarian,4384,95
ovarian,4385,95
ovarian,4386,95
ovarian,4387,95
ovarian,4388,95
ovarian,4389,94
ovarian,4390,94
ovarian,4391,93
ovarian,4392,92
ovarian,4393,89
ovarian,4394,89
ovarian,4395,89
ovarian,4396,88
ovarian,4397,88
ovarian,4398,88
ovarian,4399,88
ovarian,4400,88
ovarian,4401,87
ovarian,4402,87
ovarian,4403,86
ovarian,4404,86
ovarian,4405,85
ovarian,4406,85
ovarian,4407,84
ovarian,4408,84
ovarian,4409,84
ovarian,4410,84
ovarian,4411,83
ovarian,4412,83
ovarian,4413,83
ovarian,4414,83
ovarian,4415,82
ovarian,4416,82
ovarian,4417,82
ovarian,4418,81
ovarian,4419,77
ovarian,4420,75
ovarian,4421,74
ovarian,4422,74
ovarian,4423,74
ovarian,4424,74
ovarian,4425,73
ovarian,4426,73
ovarian,4427,72
ovarian,4428,71
ovarian,4429,70
ovarian,4430,70
ovarian,4431,70
ovarian,4432,70
ovarian,4433,69
ovarian,4434,69
ovarian,4435,69
ovarian,4436,69
ovarian,4437,69
ovarian,4438,68
ovarian,4439,68
ovarian,4440,68
ovarian,4441,68
ovarian,4442,67
ovarian,4443,67
ovarian,4444,67
ovarian,4445,67
ovarian,4446,67
ovarian,4447,67
ovarian,4448,66
ovarian,4449,66
ovarian,4450,66
ovarian,4451,66
ovarian,4452,66
ovarian,4453,66
ovarian,4454,66
ovarian,4455,65
ovarian,4456,65
ovarian,4457,65
ovarian,4458,64
ovarian,4459,64
ovarian,4460,63
ovarian,4461,62
ovarian,4462,62
ovarian,4463,62
ovarian,4464,62
ovarian,4465,62
ovarian,4466,61
ovarian,4467,61
ovarian,4468,61
ovarian,4469,60
ovarian,4470,60
ovarian,4471,59
ovarian,4472,59
ovarian,4473,58
ovarian,4474,58
ovarian,4475,58
ovarian,4476,57
ovarian,4477,56
ovarian,4478,56
ovarian,4479,55
ovarian,4480,55
ovarian,4481,55
ovarian,4482,55
ovarian,4483,55
ovarian,4484,55
ovarian,4485,54
ovarian,4486,54
ovarian,4487,52
ovarian,4488,51
ovarian,4489,51
ovarian,4490,50
ovarian,4491,49
ovarian,4492,47
ovarian,4493,46
ovarian,4494,46
ovarian,4495,45
ovarian,4496,45
ovarian,4497,45
ovarian,4498,45
ovarian,4499,44
ovarian,4500,43
ovarian,4501,42
ovarian,4502,41
ovarian,4503,40
ovarian,4504,40
ovarian,4505,39
ovarian,4506,38
ovarian,4507,38
ovarian,4508,37
ovarian,4509,37
ovarian,4510,37
ovarian,4511,37
ovarian,4512,37
ovarian,4513,36
ovarian,4514,36
ovarian,4515,36
ovarian,4516,36
ovarian,4517,36
ovarian,4518,34
ovarian,4519,34
ovarian,4520,34
ovarian,4521,33
ovarian,4522,33
ovarian,4523,33
ovarian,4524,32
ovarian,4525,32
ovarian,4526,31
ovarian,4527,31
ovarian,4528,31
ovarian,4529,30
ovarian,4530,30
ovarian,4531,30
ovarian,4532,30
ovarian,4533,29
ovarian,4534,29
ovarian,4535,29
ovarian,4536,29
ovarian,4537,29
ovarian,4538,29
ovarian,4539,29
ovarian,4540,29
ovarian,4541,28
ovarian,4542,28
ovarian,4543,28
ovarian,4544,28
ovarian,4545,28
ovarian,4546,25
ovarian,4547,24
ovarian,4548,24
ovarian,4549,24
ovarian,4550,24
ovarian,4551,24
ovarian,4552,24
ovarian,4553,23
ovarian,4554,23
ovarian,4555,22
ovarian,4556,21
ovarian,4557,21
ovarian,4558,21
ovarian,4559,21
ovarian,4560,20
ovarian,4561,20
ovarian,4562,19
ovarian,4563,18
ovarian,4564,17
ovarian,4565,17
ovarian,4566,17
ovarian,4567,16
ovarian,4568,16
ovarian,4569,15
ovarian,4570,15
ovarian,4571,15
ovarian,4572,15
ovarian,4573,15
ovarian,4574,15
ovarian,4575,14
ovarian,4576,14
ovarian,4577,13
ovarian,4578,13
ovarian,4579,13
ovarian,4580,12
ovarian,4581,12
ovarian,4582,12
ovarian,4583,11
ovarian,4584,11
ovarian,4585,10
ovarian,4586,10
ovarian,4587,10
ovarian,4588,10
ovarian,4589,10
ovarian,4590,9
ovarian,4591,9
ovarian,4592,7
ovarian,4593,6
ovarian,4594,6
ovarian,4595,6
ovarian,4596,5
ovarian,4597,5
ovarian,4598,4
ovarian,4599,4
ovarian,4600,4
ovarian,4601,4
ovarian,4602,4
ovarian,4603,3
ovarian,4604,3
ovarian,4605,3
ovarian,4606,2
ovarian,4607,2
ovarian,4608,1
prostate,1,40000
prostate,2,37438
prostate,3,36437
prostate,4,36176
prostate,5,35390
prostate,6,35329
prostate,7,35267
prostate,8,34988
prostate,9,34420
prostate,10,34315
prostate,11,34077
prostate,12,34045
prostate,13,34024
prostate,14,34011
prostate,15,33944
prostate,16,33905
prostate,17,33628
prostate,18,33455
prostate,19,33377
prostate,20,33285
prostate,21,33275
prostate,22,33226
prostate,23,33165
prostate,24,33155
prostate,25,33148
prostate,26,33134
prostate,27,33118
prostate,28,33115
prostate,29,33090
prostate,30,33065
prostate,31,33064
prostate,32,33062
prostate,33,33057
prostate,34,33054
prostate,35,33025
prostate,36,33021
prostate,37,33018
prostate,38,33001
prostate,39,32998
prostate,40,32988
prostate,41,32981
prostate,42,32969
prostate,43,32960
prostate,44,29120
prostate,45,28920
prostate,46,28869
prostate,47,28852
prostate,48,28782
prostate,49,28674
prostate,50,28629
prostate,51,28627
prostate,52,28594
prostate,53,28592
prostate,54,28473
prostate,55,28414
prostate,56,28402
prostate,57,28383
prostate,58,28273
prostate,59,28251
prostate,60,28233
prostate,61,28232
prostate,62,28191
prostate,63,28182
prostate,64,28174
prostate,65,28130
prostate,66,28079
prostate,67,28066
prostate,68,28058
prostate,69,28050
prostate,70,27994
prostate,71,27985
prostate,72,27975
prostate,73,27954
prostate,74,27950
prostate,75,27933
prostate,76,27924
prostate,77,27905
prostate,78,27889
prostate,79,27866
prostate,80,27863
prostate,81,27852
prostate,82,27848
prostate,83,27845
prostate,84,27842
prostate,85,27820
prostate,86,27810
prostate,87,27808
prostate,88,27803
prostate,89,27801
prostate,90,27786
prostate,91,27783
prostate,92,27776
prostate,93,27772
prostate,94,27770
prostate,95,27762
prostate,96,27747
prostate,97,27740
prostate,98,27738
prostate,99,27735
prostate,100,27734
prostate,101,27728
prostate,102,27721
prostate,103,27713
prostate,104,27708
prostate,105,27701
prostate,106,27699
prostate,107,27698
prostate,108,27692
prostate,109,27691
prostate,110,27685
prostate,111,27683
prostate,112,27683
prostate,113,27680
prostate,114,27680
prostate,115,27679
prostate,116,27676
prostate,117,27674
prostate,118,27673
prostate,119,27658
prostate,120,27656
prostate,121,22908
prostate,122,22779
prostate,123,22688
prostate,124,22616
prostate,125,22275
prostate,126,22182
prostate,127,22046
prostate,128,21903
prostate,129,21870
prostate,130,21742
prostate,131,21718
prostate,132,21709
prostate,133,21570
prostate,134,21556
prostate,135,21493
prostate,136,21485
prostate,137,21419
prostate,138,21409
prostate,139,21397
prostate,140,21319
prostate,141,21148
prostate,142,21141
prostate,143,21136
prostate,144,21099
prostate,145,21099
prostate,146,21054
prostate,147,21038
prostate,148,21023
prostate,149,21000
prostate,150,20990
prostate,151,20898
prostate,152,20893
prostate,153,20889
prostate,154,20854
prostate,155,20849
prostate,156,20844
prostate,157,20832
prostate,158,20825
prostate,159,20805
prostate,160,20788
prostate,161,20777
prostate,162,19961
prostate,163,18379
prostate,164,18298
prostate,165,18256
prostate,166,18178
prostate,167,18153
prostate,168,18120
prostate,169,18113
prostate,170,18068
prostate,171,18004
prostate,172,18001
prostate,173,17982
prostate,174,17980
prostate,175,17971
prostate,176,17912
prostate,177,17907
prostate,178,17903
prostate,179,17902
prostate,180,17889
prostate,181,17864
prostate,182,17848
prostate,183,17840
prostate,184,17836
prostate,185,17824
prostate,186,17814
prostate,187,17804
prostate,188,17790
prostate,189,17784
prostate,190,17777
prostate,191,17753
prostate,192,17746
prostate,193,17725
prostate,194,17723
prostate,195,17705
prostate,196,17704
prostate,197,17692
prostate,198,17686
prostate,199,17666
prostate,200,17664
prostate,201,17664
prostate,202,17661
prostate,203,17652
prostate,204,17649
prostate,205,17636
prostate,206,17613
prostate,207,17602
prostate,208,17595
prostate,209,17588
prostate,210,17578
prostate,211,17573
prostate,212,17570
prostate,213,17561
prostate,214,17560
prostate,215,17559
prostate,216,17554
prostate,217,17546
prostate,218,17545
prostate,219,17538
prostate,220,17531
prostate,221,17529
prostate,222,17523
prostate,223,17518
prostate,224,17515
prostate,225,17508
prostate,226,17504
prostate,227,17504
prostate,228,17503
prostate,229,17502
prostate,230,17500
prostate,231,17493
prostate,232,17488
prostate,233,17488
prostate,234,17486
prostate,235,17483
prostate,236,17481
prostate,237,17481
prostate,238,17481
prostate,239,17479
prostate,240,17477
prostate,241,17475
prostate,242,17474
prostate,243,17472
prostate,244,17469
prostate,245,17434
prostate,246,17427
prostate,247,17414
prostate,248,17379
prostate,249,17374
prostate,250,17369
prostate,251,17286
prostate,252,17276
prostate,253,17273
prostate,254,17208
prostate,255,17187
prostate,256,17156
prostate,257,17139
prostate,258,17121
prostate,259,17084
prostate,260,17081
prostate,261,17071
prostate,262,17043
prostate,263,17040
prostate,264,17040
prostate,265,17033
prostate,266,17027
prostate,267,17022
prostate,268,17013
prostate,269,17011
prostate,270,17001
prostate,271,16999
prostate,272,16993
prostate,273,16990
prostate,274,16989
prostate,275,16987
prostate,276,16985
prostate,277,16978
prostate,278,16975
prostate,279,16967
prostate,280,16955
prostate,281,16953
prostate,282,16948
prostate,283,16948
prostate,284,16947
prostate,285,16947
prostate,286,16939
prostate,287,16936
prostate,288,16936
prostate,289,16924
prostate,290,16919
prostate,291,16917
prostate,292,16917
prostate,293,16914
prostate,294,16913
prostate,295,16910
prostate,296,16906
prostate,297,16906
prostate,298,16905
prostate,299,16897
prostate,300,16497
prostate,301,16032
prostate,302,16015
prostate,303,15919
prostate,304,15759
prostate,305,15718
prostate,306,15717
prostate,307,15672
prostate,308,15650
prostate,309,15632
prostate,310,15627
prostate,311,15622
prostate,312,15610
prostate,313,15604
prostate,314,15600
prostate,315,15589
prostate,316,15579
prostate,317,15575
prostate,318,15571
prostate,319,15570
prostate,320,15568
prostate,321,15565
prostate,322,15561
prostate,323,15517
prostate,324,14787
prostate,325,14757
prostate,326,14729
prostate,327,14699
prostate,328,14691
prostate,329,14679
prostate,330,14670
prostate,331,14664
prostate,332,14660
prostate,333,14658
prostate,334,14616
prostate,335,14537
prostate,336,14534
prostate,337,14534
prostate,338,14514
prostate,339,14490
prostate,340,14487
prostate,341,14464
prostate,342,14453
prostate,343,14445
prostate,344,14434
prostate,345,14416
prostate,346,14385
prostate,347,14383
prostate,348,14379
prostate,349,14375
prostate,350,14365
prostate,351,14359
prostate,352,14311
prostate,353,14295
prostate,354,14284
prostate,355,14280
prostate,356,14276
prostate,357,14272
prostate,358,14269
prostate,359,14261
prostate,360,14256
prostate,361,14256
prostate,362,14249
prostate,363,14249
prostate,364,14246
prostate,365,14234
prostate,366,14232
prostate,367,14226
prostate,368,14219
prostate,369,14217
prostate,370,14217
prostate,371,14217
prostate,372,14207
prostate,373,14204
prostate,374,14203
prostate,375,14202
prostate,376,14196
prostate,377,14196
prostate,378,14188
prostate,379,14187
prostate,380,14185
prostate,381,14183
prostate,382,14177
prostate,383,14174
prostate,384,14173
prostate,385,14170
prostate,386,14169
prostate,387,14166
prostate,388,14162
prostate,389,14160
prostate,390,14159
prostate,391,14155
prostate,392,14153
prostate,393,14152
prostate,394,14150
prostate,395,14149
prostate,396,14148
prostate,397,14148
prostate,398,14147
prostate,399,14146
prostate,400,14146
prostate,401,14144
prostate,402,14144
prostate,403,14144
prostate,404,14144
prostate,405,14144
prostate,406,14143
prostate,407,14142
prostate,408,14141
prostate,409,14141
prostate,410,14141
prostate,411,14140
prostate,412,14140
prostate,413,14138
prostate,414,14138
prostate,415,14134
prostate,416,13575
prostate,417,13436
prostate,418,13398
prostate,419,13293
prostate,420,13281
prostate,421,13278
prostate,422,13242
prostate,423,13209
prostate,424,13150
prostate,425,13128
prostate,426,13119
prostate,427,13089
prostate,428,13078
prostate,429,13077
prostate,430,13069
prostate,431,13068
prostate,432,13065
prostate,433,13055
prostate,434,13038
prostate,435,13038
prostate,436,13036
prostate,437,13034
prostate,438,13019
prostate,439,13016
prostate,440,13015
prostate,441,13014
prostate,442,13014
prostate,443,13013
prostate,444,13012
prostate,445,13012
prostate,446,13012
prostate,447,13010
prostate,448,13000
prostate,449,12999
prostate,450,12997
prostate,451,12996
prostate,452,12994
prostate,453,12991
prostate,454,12990
prostate,455,12987
prostate,456,12983
prostate,457,12980
prostate,458,12977
prostate,459,12976
prostate,460,12976
prostate,461,12975
prostate,462,12973
prostate,463,12973
prostate,464,12973
prostate,465,12973
prostate,466,12971
prostate,467,12971
prostate,468,12970
prostate,469,12969
prostate,470,12969
prostate,471,12968
prostate,472,12966
prostate,473,12965
prostate,474,12965
prostate,475,12961
prostate,476,12004
prostate,477,11617
prostate,478,11534
prostate,479,11501
prostate,480,11470
prostate,481,11468
prostate,482,11380
prostate,483,11195
prostate,484,11194
prostate,485,11185
prostate,486,11119
prostate,487,11118
prostate,488,11116
prostate,489,11110
prostate,490,11105
prostate,491,11068
prostate,492,11049
prostate,493,11048
prostate,494,11044
prostate,495,11029
prostate,496,11016
prostate,497,11012
prostate,498,11010
prostate,499,11003
prostate,500,10998
prostate,501,10980
prostate,502,10980
prostate,503,10974
prostate,504,10755
prostate,505,10629
prostate,506,10027
prostate,507,9976
prostate,508,9952
prostate,509,9924
prostate,510,9845
prostate,511,9841
prostate,512,9815
prostate,513,9814
prostate,514,9811
prostate,515,9810
prostate,516,9801
prostate,517,9782
prostate,518,9770
prostate,519,9744
prostate,520,9720
prostate,521,9720
prostate,522,9704
prostate,523,9699
prostate,524,9687
prostate,525,9675
prostate,526,9672
prostate,527,9667
prostate,528,9612
prostate,529,9577
prostate,530,9567
prostate,531,9562
prostate,532,9552
prostate,533,9542
prostate,534,9539
prostate,535,9515
prostate,536,9491
prostate,537,9480
prostate,538,9456
prostate,539,9444
prostate,540,9418
prostate,541,9412
prostate,542,9407
prostate,543,9400
prostate,544,9391
prostate,545,9388
prostate,546,9388
prostate,547,9382
prostate,548,9378
prostate,549,9376
prostate,550,9370
prostate,551,9366
prostate,552,9365
prostate,553,9364
prostate,554,9364
prostate,555,9363
prostate,556,9359
prostate,557,9352
prostate,558,9350
prostate,559,9344
prostate,560,9341
prostate,561,9340
prostate,562,9338
prostate,563,9333
prostate,564,9331
prostate,565,9328
prostate,566,9327
prostate,567,9320
prostate,568,9319
prostate,569,9314
prostate,570,9312
prostate,571,9310
prostate,572,9304
prostate,573,9304
prostate,574,9300
prostate,575,9300
prostate,576,9299
prostate,577,9296
prostate,578,9296
prostate,579,9293
prostate,580,9292
prostate,581,9290
prostate,582,9288
prostate,583,9286
prostate,584,9285
prostate,585,9251
prostate,586,9234
prostate,587,9212
prostate,588,9211
prostate,589,9196
prostate,590,9194
prostate,591,9163
prostate,592,9128
prostate,593,9123
prostate,594,9120
prostate,595,9117
prostate,596,9104
prostate,597,9103
prostate,598,9098
prostate,599,9090
prostate,600,9089
prostate,601,9084
prostate,602,9084
prostate,603,9075
prostate,604,9058
prostate,605,9011
prostate,606,8995
prostate,607,8988
prostate,608,8983
prostate,609,8982
prostate,610,8943
prostate,611,8937
prostate,612,8924
prostate,613,8921
prostate,614,8917
prostate,615,8916
prostate,616,8906
prostate,617,8890
prostate,618,8884
prostate,619,8879
prostate,620,8709
prostate,621,8706
prostate,622,8704
prostate,623,8692
prostate,624,8681
prostate,625,8679
prostate,626,8675
prostate,627,8585
prostate,628,8508
prostate,629,8349
prostate,630,8343
prostate,631,8342
prostate,632,8277
prostate,633,8253
prostate,634,8231
prostate,635,8218
prostate,636,8212
prostate,637,8211
prostate,638,8201
prostate,639,8196
prostate,640,8184
prostate,641,8168
prostate,642,8162
prostate,643,8156
prostate,644,8148
prostate,645,8143
prostate,646,8137
prostate,647,8128
prostate,648,8125
prostate,649,8117
prostate,650,8108
prostate,651,8103
prostate,652,8098
prostate,653,8094
prostate,654,8092
prostate,655,8090
prostate,656,8089
prostate,657,8083
prostate,658,8082
prostate,659,8077
prostate,660,8077
prostate,661,8073
prostate,662,8071
prostate,663,8068
prostate,664,8067
prostate,665,8066
prostate,666,8066
prostate,667,8065
prostate,668,8062
prostate,669,8062
prostate,670,8061
prostate,671,8060
prostate,672,8056
prostate,673,8052
prostate,674,8043
prostate,675,8033
prostate,676,8030
prostate,677,8027
prostate,678,8027
prostate,679,8006
prostate,680,8006
prostate,681,7998
prostate,682,7996
prostate,683,7996
prostate,684,7996
prostate,685,7994
prostate,686,7994
prostate,687,7992
prostate,688,7991
prostate,689,7990
prostate,690,7989
prostate,691,7986
prostate,692,7984
prostate,693,7981
prostate,694,7978
prostate,695,7975
prostate,696,7975
prostate,697,7974
prostate,698,7970
prostate,699,7970
prostate,700,7969
prostate,701,7966
prostate,702,7965
prostate,703,7964
prostate,704,7963
prostate,705,7942
prostate,706,7942
prostate,707,7912
prostate,708,7911
prostate,709,7911
prostate,710,7878
prostate,711,7870
prostate,712,7863
prostate,713,7856
prostate,714,7855
prostate,715,7839
prostate,716,7838
prostate,717,7831
prostate,718,7830
prostate,719,7830
prostate,720,7825
prostate,721,7821
prostate,722,7820
prostate,723,7815
prostate,724,7813
prostate,725,7810
prostate,726,7807
prostate,727,7807
prostate,728,7804
prostate,729,7802
prostate,730,7800
prostate,731,7798
prostate,732,7798
prostate,733,7798
prostate,734,7798
prostate,735,7798
prostate,736,7797
prostate,737,7796
prostate,738,7796
prostate,739,7795
prostate,740,7794
prostate,741,7791
prostate,742,7484
prostate,743,7483
prostate,744,7454
prostate,745,7453
prostate,746,7452
prostate,747,7442
prostate,748,7439
prostate,749,7419
prostate,750,7415
prostate,751,7383
prostate,752,7369
prostate,753,7364
prostate,754,7363
prostate,755,7349
prostate,756,7339
prostate,757,7330
prostate,758,7328
prostate,759,7296
prostate,760,7272
prostate,761,7267
prostate,762,7265
prostate,763,7261
prostate,764,7252
prostate,765,7238
prostate,766,7238
prostate,767,7237
prostate,768,7230
prostate,769,7226
prostate,770,7225
prostate,771,7204
prostate,772,7204
prostate,773,7164
prostate,774,7163
prostate,775,7137
prostate,776,7110
prostate,777,7001
prostate,778,6980
prostate,779,6925
prostate,780,6898
prostate,781,6889
prostate,782,6876
prostate,783,6855
prostate,784,6845
prostate,785,6844
prostate,786,6843
prostate,787,6840
prostate,788,6838
prostate,789,6832
prostate,790,6832
prostate,791,6830
prostate,792,6828
prostate,793,6827
prostate,794,6826
prostate,795,6822
prostate,796,6816
prostate,797,6813
prostate,798,6809
prostate,799,6768
prostate,800,6766
prostate,801,6749
prostate,802,6683
prostate,803,6677
prostate,804,6672
prostate,805,6667
prostate,806,6662
prostate,807,6662
prostate,808,6660
prostate,809,6651
prostate,810,6650
prostate,811,6641
prostate,812,6639
prostate,813,6638
prostate,814,6636
prostate,815,6633
prostate,816,6632
prostate,817,6632
prostate,818,6630
prostate,819,6630
prostate,820,6627
prostate,821,6627
prostate,822,6626
prostate,823,6625
prostate,824,6624
prostate,825,6622
prostate,826,6621
prostate,827,6620
prostate,828,6619
prostate,829,6618
prostate,830,6618
prostate,831,6617
prostate,832,6616
prostate,833,6615
prostate,834,6614
prostate,835,6613
prostate,836,6612
prostate,837,6611
prostate,838,6610
prostate,839,6609
prostate,840,6608
prostate,841,6608
prostate,842,6606
prostate,843,6606
prostate,844,6605
prostate,845,6605
prostate,846,6605
prostate,847,6605
prostate,848,6605
prostate,849,6604
prostate,850,6604
prostate,851,6604
prostate,852,6604
prostate,853,6603
prostate,854,6603
prostate,855,6603
prostate,856,6602
prostate,857,6602
prostate,858,6602
prostate,859,6601
prostate,860,6589
prostate,861,6452
prostate,862,6396
prostate,863,6375
prostate,864,6374
prostate,865,6363
prostate,866,6290
prostate,867,6265
prostate,868,6260
prostate,869,6255
prostate,870,6254
prostate,871,6247
prostate,872,6244
prostate,873,6235
prostate,874,6233
prostate,875,6220
prostate,876,6218
prostate,877,6201
prostate,878,6201
prostate,879,6199
prostate,880,6190
prostate,881,6185
prostate,882,6184
prostate,883,6179
prostate,884,6176
prostate,885,6173
prostate,886,6166
prostate,887,6161
prostate,888,6150
prostate,889,6147
prostate,890,6143
prostate,891,6140
prostate,892,6139
prostate,893,6138
prostate,894,6133
prostate,895,6133
prostate,896,6126
prostate,897,6124
prostate,898,6097
prostate,899,6095
prostate,900,6094
prostate,901,6092
prostate,902,6092
prostate,903,6087
prostate,904,6083
prostate,905,6081
prostate,906,6080
prostate,907,6080
prostate,908,6079
prostate,909,6075
prostate,910,6074
prostate,911,6070
prostate,912,6069
prostate,913,6068
prostate,914,6066
prostate,915,6064
prostate,916,6063
prostate,917,6061
prostate,918,6060
prostate,919,6059
prostate,920,6056
prostate,921,6056
prostate,922,6052
prostate,923,6050
prostate,924,6047
prostate,925,6021
prostate,926,6020
prostate,927,6015
prostate,928,6009
prostate,929,6008
prostate,930,6006
prostate,931,5992
prostate,932,5991
prostate,933,5985
prostate,934,5983
prostate,935,5983
prostate,936,5978
prostate,937,5977
prostate,938,5974
prostate,939,5972
prostate,940,5971
prostate,941,5970
prostate,942,5968
prostate,943,5966
prostate,944,5964
prostate,945,5960
prostate,946,5956
prostate,947,5954
prostate,948,5952
prostate,949,5946
prostate,950,5942
prostate,951,5941
prostate,952,5939
prostate,953,5937
prostate,954,5936
prostate,955,5934
prostate,956,5934
prostate,957,5933
prostate,958,5932
prostate,959,5932
prostate,960,5930
prostate,961,5928
prostate,962,5734
prostate,963,5562
prostate,964,5545
prostate,965,5541
prostate,966,5536
prostate,967,5415
prostate,968,5399
prostate,969,5387
prostate,970,5371
prostate,971,5363
prostate,972,5321
prostate,973,5295
prostate,974,5294
prostate,975,5287
prostate,976,5280
prostate,977,5275
prostate,978,5273
prostate,979,5269
prostate,980,5268
prostate,981,5267
prostate,982,5261
prostate,983,5259
prostate,984,5253
prostate,985,5251
prostate,986,5237
prostate,987,5226
prostate,988,5220
prostate,989,5219
prostate,990,5215
prostate,991,5210
prostate,992,5204
prostate,993,5198
prostate,994,5197
prostate,995,5197
prostate,996,5197
prostate,997,5194
prostate,998,5194
prostate,999,5192
prostate,1000,5191
prostate,1001,5191
prostate,1002,5189
prostate,1003,5189
prostate,1004,5187
prostate,1005,5182
prostate,1006,5175
prostate,1007,5173
prostate,1008,5172
prostate,1009,5171
prostate,1010,5170
prostate,1011,5170
prostate,1012,5169
prostate,1013,5167
prostate,1014,5163
prostate,1015,5162
prostate,1016,5161
prostate,1017,5158
prostate,1018,5123
prostate,1019,5117
prostate,1020,5107
prostate,1021,5103
prostate,1022,5097
prostate,1023,5088
prostate,1024,5086
prostate,1025,5085
prostate,1026,5084
prostate,1027,5081
prostate,1028,5080
prostate,1029,5077
prostate,1030,5075
prostate,1031,5071
prostate,1032,5066
prostate,1033,5063
prostate,1034,5058
prostate,1035,5058
prostate,1036,5058
prostate,1037,5056
prostate,1038,5055
prostate,1039,5053
prostate,1040,5051
prostate,1041,5049
prostate,1042,5048
prostate,1043,5045
prostate,1044,5045
prostate,1045,5043
prostate,1046,5043
prostate,1047,5042
prostate,1048,5042
prostate,1049,5039
prostate,1050,5039
prostate,1051,5037
prostate,1052,5036
prostate,1053,5036
prostate,1054,5034
prostate,1055,5034
prostate,1056,5034
prostate,1057,5034
prostate,1058,5033
prostate,1059,5031
prostate,1060,5029
prostate,1061,5029
prostate,1062,5028
prostate,1063,5027
prostate,1064,5027
prostate,1065,5027
prostate,1066,5026
prostate,1067,5025
prostate,1068,5025
prostate,1069,5024
prostate,1070,5024
prostate,1071,5023
prostate,1072,5023
prostate,1073,5023
prostate,1074,5023
prostate,1075,5023
prostate,1076,5022
prostate,1077,5022
prostate,1078,5022
prostate,1079,5022
prostate,1080,5022
prostate,1081,5022
prostate,1082,5022
prostate,1083,5021
prostate,1084,5020
prostate,1085,5020
prostate,1086,5019
prostate,1087,5015
prostate,1088,5008
prostate,1089,5006
prostate,1090,5003
prostate,1091,5001
prostate,1092,4964
prostate,1093,4960
prostate,1094,4936
prostate,1095,4917
prostate,1096,4913
prostate,1097,4911
prostate,1098,4907
prostate,1099,4904
prostate,1100,4902
prostate,1101,4902
prostate,1102,4901
prostate,1103,4899
prostate,1104,4895
prostate,1105,4889
prostate,1106,4889
prostate,1107,4889
prostate,1108,4884
prostate,1109,4880
prostate,1110,4814
prostate,1111,4788
prostate,1112,4747
prostate,1113,4692
prostate,1114,4684
prostate,1115,4684
prostate,1116,4683
prostate,1117,4678
prostate,1118,4675
prostate,1119,4673
prostate,1120,4671
prostate,1121,4667
prostate,1122,4663
prostate,1123,4661
prostate,1124,4660
prostate,1125,4659
prostate,1126,4645
prostate,1127,4521
prostate,1128,4518
prostate,1129,4517
prostate,1130,4406
prostate,1131,4405
prostate,1132,4403
prostate,1133,4401
prostate,1134,4394
prostate,1135,4371
prostate,1136,4358
prostate,1137,4338
prostate,1138,4335
prostate,1139,4334
prostate,1140,4333
prostate,1141,4332
prostate,1142,4327
prostate,1143,4325
prostate,1144,4325
prostate,1145,4324
prostate,1146,4318
prostate,1147,4314
prostate,1148,4314
prostate,1149,4311
prostate,1150,4299
prostate,1151,4287
prostate,1152,4279
prostate,1153,4277
prostate,1154,4276
prostate,1155,4274
prostate,1156,4272
prostate,1157,4264
prostate,1158,4261
prostate,1159,4254
prostate,1160,4253
prostate,1161,4250
prostate,1162,4250
prostate,1163,4248
prostate,1164,4246
prostate,1165,4245
prostate,1166,4240
prostate,1167,4240
prostate,1168,4239
prostate,1169,4237
prostate,1170,4236
prostate,1171,4232
prostate,1172,4231
prostate,1173,4230
prostate,1174,4230
prostate,1175,4230
prostate,1176,4228
prostate,1177,4227
prostate,1178,4227
prostate,1179,4226
prostate,1180,4225
prostate,1181,4225
prostate,1182,4224
prostate,1183,4224
prostate,1184,4224
prostate,1185,4222
prostate,1186,4219
prostate,1187,4219
prostate,1188,4219
prostate,1189,4218
prostate,1190,4218
prostate,1191,4218
prostate,1192,4217
prostate,1193,4217
prostate,1194,4216
prostate,1195,4216
prostate,1196,4216
prostate,1197,4216
prostate,1198,4216
prostate,1199,4214
prostate,1200,4214
prostate,1201,4214
prostate,1202,4213
prostate,1203,4213
prostate,1204,4213
prostate,1205,4213
prostate,1206,4213
prostate,1207,4212
prostate,1208,4211
prostate,1209,4210
prostate,1210,4210
prostate,1211,4210
prostate,1212,4210
prostate,1213,4209
prostate,1214,4209
prostate,1215,4209
prostate,1216,4209
prostate,1217,4209
prostate,1218,4209
prostate,1219,4208
prostate,1220,4208
prostate,1221,4208
prostate,1222,4208
prostate,1223,4207
prostate,1224,4207
prostate,1225,4207
prostate,1226,4207
prostate,1227,4206
prostate,1228,4206
prostate,1229,4205
prostate,1230,4204
prostate,1231,4193
prostate,1232,4180
prostate,1233,4176
prostate,1234,4167
prostate,1235,4146
prostate,1236,4141
prostate,1237,4134
prostate,1238,4133
prostate,1239,4130
prostate,1240,4125
prostate,1241,4122
prostate,1242,4049
prostate,1243,3978
prostate,1244,3957
prostate,1245,3954
prostate,1246,3949
prostate,1247,3937
prostate,1248,3926
prostate,1249,3909
prostate,1250,3907
prostate,1251,3752
prostate,1252,3721
prostate,1253,3689
prostate,1254,3687
prostate,1255,3686
prostate,1256,3676
prostate,1257,3671
prostate,1258,3671
prostate,1259,3670
prostate,1260,3666
prostate,1261,3666
prostate,1262,3666
prostate,1263,3665
prostate,1264,3664
prostate,1265,3664
prostate,1266,3664
prostate,1267,3662
prostate,1268,3661
prostate,1269,3660
prostate,1270,3658
prostate,1271,3656
prostate,1272,3655
prostate,1273,3655
prostate,1274,3653
prostate,1275,3638
prostate,1276,3632
prostate,1277,3631
prostate,1278,3624
prostate,1279,3624
prostate,1280,3621
prostate,1281,3619
prostate,1282,3617
prostate,1283,3602
prostate,1284,3596
prostate,1285,3594
prostate,1286,3594
prostate,1287,3592
prostate,1288,3591
prostate,1289,3589
prostate,1290,3585
prostate,1291,3585
prostate,1292,3585
prostate,1293,3583
prostate,1294,3581
prostate,1295,3581
prostate,1296,3580
prostate,1297,3580
prostate,1298,3579
prostate,1299,3577
prostate,1300,3576
prostate,1301,3575
prostate,1302,3575
prostate,1303,3575
prostate,1304,3575
prostate,1305,3574
prostate,1306,3573
prostate,1307,3568
prostate,1308,3552
prostate,1309,3551
prostate,1310,3547
prostate,1311,3545
prostate,1312,3532
prostate,1313,3494
prostate,1314,3365
prostate,1315,3364
prostate,1316,3362
prostate,1317,3360
prostate,1318,3317
prostate,1319,3317
prostate,1320,3309
prostate,1321,3308
prostate,1322,3301
prostate,1323,3300
prostate,1324,3296
prostate,1325,3296
prostate,1326,3294
prostate,1327,3293
prostate,1328,3293
prostate,1329,3291
prostate,1330,3291
prostate,1331,3289
prostate,1332,3288
prostate,1333,3287
prostate,1334,3286
prostate,1335,3285
prostate,1336,3285
prostate,1337,3284
prostate,1338,3284
prostate,1339,3280
prostate,1340,3276
prostate,1341,3274
prostate,1342,3270
prostate,1343,3269
prostate,1344,3267
prostate,1345,3264
prostate,1346,3263
prostate,1347,3262
prostate,1348,3261
prostate,1349,3261
prostate,1350,3260
prostate,1351,3260
prostate,1352,3259
prostate,1353,3253
prostate,1354,3204
prostate,1355,3184
prostate,1356,3182
prostate,1357,3179
prostate,1358,3179
prostate,1359,3178
prostate,1360,3177
prostate,1361,3175
prostate,1362,3174
prostate,1363,3174
prostate,1364,3172
prostate,1365,3169
prostate,1366,3169
prostate,1367,3168
prostate,1368,3168
prostate,1369,3167
prostate,1370,3167
prostate,1371,3164
prostate,1372,3134
prostate,1373,3124
prostate,1374,3087
prostate,1375,3083
prostate,1376,3081
prostate,1377,3071
prostate,1378,3069
prostate,1379,3068
prostate,1380,3067
prostate,1381,3057
prostate,1382,3041
prostate,1383,3039
prostate,1384,3030
prostate,1385,3022
prostate,1386,3012
prostate,1387,3009
prostate,1388,3007
prostate,1389,3001
prostate,1390,2996
prostate,1391,2995
prostate,1392,2994
prostate,1393,2990
prostate,1394,2982
prostate,1395,2979
prostate,1396,2975
prostate,1397,2972
prostate,1398,2970
prostate,1399,2965
prostate,1400,2932
prostate,1401,2903
prostate,1402,2896
prostate,1403,2888
prostate,1404,2887
prostate,1405,2878
prostate,1406,2871
prostate,1407,2859
prostate,1408,2858
prostate,1409,2849
prostate,1410,2839
prostate,1411,2832
prostate,1412,2817
prostate,1413,2814
prostate,1414,2804
prostate,1415,2795
prostate,1416,2782
prostate,1417,2781
prostate,1418,2745
prostate,1419,2743
prostate,1420,2731
prostate,1421,2728
prostate,1422,2726
prostate,1423,2726
prostate,1424,2721
prostate,1425,2721
prostate,1426,2710
prostate,1427,2705
prostate,1428,2699
prostate,1429,2698
prostate,1430,2698
prostate,1431,2695
prostate,1432,2694
prostate,1433,2694
prostate,1434,2694
prostate,1435,2693
prostate,1436,2692
prostate,1437,2692
prostate,1438,2691
prostate,1439,2691
prostate,1440,2691
prostate,1441,2690
prostate,1442,2690
prostate,1443,2690
prostate,1444,2687
prostate,1445,2685
prostate,1446,2685
prostate,1447,2685
prostate,1448,2684
prostate,1449,2683
prostate,1450,2682
prostate,1451,2681
prostate,1452,2680
prostate,1453,2680
prostate,1454,2678
prostate,1455,2677
prostate,1456,2677
prostate,1457,2677
prostate,1458,2677
prostate,1459,2677
prostate,1460,2677
prostate,1461,2676
prostate,1462,2676
prostate,1463,2676
prostate,1464,2675
prostate,1465,2674
prostate,1466,2660
prostate,1467,2654
prostate,1468,2653
prostate,1469,2644
prostate,1470,2642
prostate,1471,2641
prostate,1472,2634
prostate,1473,2633
prostate,1474,2630
prostate,1475,2621
prostate,1476,2605
prostate,1477,2587
prostate,1478,2563
prostate,1479,2559
prostate,1480,2541
prostate,1481,2538
prostate,1482,2536
prostate,1483,2535
prostate,1484,2534
prostate,1485,2524
prostate,1486,2523
prostate,1487,2522
prostate,1488,2522
prostate,1489,2520
prostate,1490,2514
prostate,1491,2514
prostate,1492,2509
prostate,1493,2505
prostate,1494,2505
prostate,1495,2504
prostate,1496,2501
prostate,1497,2500
prostate,1498,2499
prostate,1499,2496
prostate,1500,2494
prostate,1501,2492
prostate,1502,2473
prostate,1503,2469
prostate,1504,2467
prostate,1505,2464
prostate,1506,2461
prostate,1507,2460
prostate,1508,2459
prostate,1509,2456
prostate,1510,2454
prostate,1511,2452
prostate,1512,2447
prostate,1513,2447
prostate,1514,2444
prostate,1515,2441
prostate,1516,2437
prostate,1517,2437
prostate,1518,2436
prostate,1519,2435
prostate,1520,2435
prostate,1521,2435
prostate,1522,2434
prostate,1523,2433
prostate,1524,2433
prostate,1525,2432
prostate,1526,2431
prostate,1527,2431
prostate,1528,2430
prostate,1529,2430
prostate,1530,2429
prostate,1531,2428
prostate,1532,2428
prostate,1533,2428
prostate,1534,2428
prostate,1535,2427
prostate,1536,2427
prostate,1537,2427
prostate,1538,2426
prostate,1539,2424
prostate,1540,2423
prostate,1541,2422
prostate,1542,2417
prostate,1543,2414
prostate,1544,2390
prostate,1545,2388
prostate,1546,2387
prostate,1547,2380
prostate,1548,2377
prostate,1549,2376
prostate,1550,2374
prostate,1551,2372
prostate,1552,2371
prostate,1553,2370
prostate,1554,2369
prostate,1555,2367
prostate,1556,2364
prostate,1557,2364
prostate,1558,2363
prostate,1559,2362
prostate,1560,2361
prostate,1561,2360
prostate,1562,2360
prostate,1563,2360
prostate,1564,2358
prostate,1565,2357
prostate,1566,2357
prostate,1567,2356
prostate,1568,2354
prostate,1569,2335
prostate,1570,2323
prostate,1571,2321
prostate,1572,2291
prostate,1573,2286
prostate,1574,2280
prostate,1575,2280
prostate,1576,2279
prostate,1577,2279
prostate,1578,2276
prostate,1579,2275
prostate,1580,2273
prostate,1581,2273
prostate,1582,2273
prostate,1583,2272
prostate,1584,2271
prostate,1585,2271
prostate,1586,2269
prostate,1587,2268
prostate,1588,2267
prostate,1589,2266
prostate,1590,2266
prostate,1591,2266
prostate,1592,2266
prostate,1593,2266
prostate,1594,2266
prostate,1595,2265
prostate,1596,2265
prostate,1597,2265
prostate,1598,2265
prostate,1599,2264
prostate,1600,2263
prostate,1601,2263
prostate,1602,2262
prostate,1603,2262
prostate,1604,2262
prostate,1605,2262
prostate,1606,2261
prostate,1607,2261
prostate,1608,2261
prostate,1609,2260
prostate,1610,2260
prostate,1611,2259
prostate,1612,2259
prostate,1613,2259
prostate,1614,2259
prostate,1615,2258
prostate,1616,2231
prostate,1617,2225
prostate,1618,2209
prostate,1619,2196
prostate,1620,2194
prostate,1621,2183
prostate,1622,2180
prostate,1623,2180
prostate,1624,2177
prostate,1625,2171
prostate,1626,2158
prostate,1627,2148
prostate,1628,2146
prostate,1629,2140
prostate,1630,2138
prostate,1631,2123
prostate,1632,2122
prostate,1633,2115
prostate,1634,2107
prostate,1635,2105
prostate,1636,2103
prostate,1637,2097
prostate,1638,2097
prostate,1639,2096
prostate,1640,2089
prostate,1641,2078
prostate,1642,2076
prostate,1643,2076
prostate,1644,2072
prostate,1645,2071
prostate,1646,2064
prostate,1647,2061
prostate,1648,2061
prostate,1649,2061
prostate,1650,2059
prostate,1651,2052
prostate,1652,2051
prostate,1653,2049
prostate,1654,2047
prostate,1655,2046
prostate,1656,2045
prostate,1657,2044
prostate,1658,2044
prostate,1659,2043
prostate,1660,2042
prostate,1661,2038
prostate,1662,2038
prostate,1663,2038
prostate,1664,2037
prostate,1665,2036
prostate,1666,2036
prostate,1667,2035
prostate,1668,2035
prostate,1669,2014
prostate,1670,2013
prostate,1671,2012
prostate,1672,2011
prostate,1673,2010
prostate,1674,2010
prostate,1675,2008
prostate,1676,2004
prostate,1677,2002
prostate,1678,2002
prostate,1679,2001
prostate,1680,2001
prostate,1681,2000
prostate,1682,1999
prostate,1683,1998
prostate,1684,1998
prostate,1685,1998
prostate,1686,1998
prostate,1687,1997
prostate,1688,1996
prostate,1689,1996
prostate,1690,1996
prostate,1691,1995
prostate,1692,1995
prostate,1693,1995
prostate,1694,1995
prostate,1695,1994
prostate,1696,1994
prostate,1697,1994
prostate,1698,1994
prostate,1699,1994
prostate,1700,1993
prostate,1701,1990
prostate,1702,1980
prostate,1703,1965
prostate,1704,1963
prostate,1705,1961
prostate,1706,1961
prostate,1707,1959
prostate,1708,1956
prostate,1709,1951
prostate,1710,1946
prostate,1711,1946
prostate,1712,1943
prostate,1713,1942
prostate,1714,1941
prostate,1715,1934
prostate,1716,1889
prostate,1717,1884
prostate,1718,1883
prostate,1719,1880
prostate,1720,1870
prostate,1721,1868
prostate,1722,1865
prostate,1723,1861
prostate,1724,1860
prostate,1725,1854
prostate,1726,1843
prostate,1727,1840
prostate,1728,1839
prostate,1729,1836
prostate,1730,1835
prostate,1731,1828
prostate,1732,1822
prostate,1733,1821
prostate,1734,1820
prostate,1735,1820
prostate,1736,1818
prostate,1737,1817
prostate,1738,1816
prostate,1739,1816
prostate,1740,1816
prostate,1741,1815
prostate,1742,1813
prostate,1743,1813
prostate,1744,1812
prostate,1745,1809
prostate,1746,1808
prostate,1747,1808
prostate,1748,1808
prostate,1749,1807
prostate,1750,1805
prostate,1751,1804
prostate,1752,1804
prostate,1753,1804
prostate,1754,1803
prostate,1755,1803
prostate,1756,1802
prostate,1757,1802
prostate,1758,1802
prostate,1759,1802
prostate,1760,1801
prostate,1761,1800
prostate,1762,1800
prostate,1763,1797
prostate,1764,1796
prostate,1765,1795
prostate,1766,1794
prostate,1767,1794
prostate,1768,1794
prostate,1769,1790
prostate,1770,1736
prostate,1771,1733
prostate,1772,1721
prostate,1773,1717
prostate,1774,1711
prostate,1775,1706
prostate,1776,1703
prostate,1777,1701
prostate,1778,1701
prostate,1779,1700
prostate,1780,1700
prostate,1781,1699
prostate,1782,1698
prostate,1783,1697
prostate,1784,1697
prostate,1785,1697
prostate,1786,1696
prostate,1787,1696
prostate,1788,1695
prostate,1789,1695
prostate,1790,1695
prostate,1791,1694
prostate,1792,1694
prostate,1793,1694
prostate,1794,1693
prostate,1795,1691
prostate,1796,1685
prostate,1797,1673
prostate,1798,1672
prostate,1799,1671
prostate,1800,1667
prostate,1801,1666
prostate,1802,1666
prostate,1803,1665
prostate,1804,1664
prostate,1805,1663
prostate,1806,1662
prostate,1807,1661
prostate,1808,1661
prostate,1809,1655
prostate,1810,1655
prostate,1811,1655
prostate,1812,1653
prostate,1813,1652
prostate,1814,1650
prostate,1815,1648
prostate,1816,1648
prostate,1817,1648
prostate,1818,1647
prostate,1819,1646
prostate,1820,1646
prostate,1821,1646
prostate,1822,1645
prostate,1823,1643
prostate,1824,1643
prostate,1825,1642
prostate,1826,1638
prostate,1827,1635
prostate,1828,1633
prostate,1829,1610
prostate,1830,1601
prostate,1831,1598
prostate,1832,1592
prostate,1833,1586
prostate,1834,1584
prostate,1835,1583
prostate,1836,1582
prostate,1837,1582
prostate,1838,1581
prostate,1839,1580
prostate,1840,1579
prostate,1841,1578
prostate,1842,1577
prostate,1843,1575
prostate,1844,1568
prostate,1845,1562
prostate,1846,1559
prostate,1847,1544
prostate,1848,1540
prostate,1849,1540
prostate,1850,1528
prostate,1851,1527
prostate,1852,1519
prostate,1853,1517
prostate,1854,1517
prostate,1855,1517
prostate,1856,1517
prostate,1857,1516
prostate,1858,1516
prostate,1859,1515
prostate,1860,1515
prostate,1861,1515
prostate,1862,1515
prostate,1863,1515
prostate,1864,1514
prostate,1865,1513
prostate,1866,1512
prostate,1867,1512
prostate,1868,1512
prostate,1869,1512
prostate,1870,1511
prostate,1871,1451
prostate,1872,1439
prostate,1873,1438
prostate,1874,1431
prostate,1875,1400
prostate,1876,1398
prostate,1877,1396
prostate,1878,1396
prostate,1879,1395
prostate,1880,1394
prostate,1881,1388
prostate,1882,1388
prostate,1883,1384
prostate,1884,1384
prostate,1885,1382
prostate,1886,1382
prostate,1887,1380
prostate,1888,1380
prostate,1889,1380
prostate,1890,1380
prostate,1891,1379
prostate,1892,1379
prostate,1893,1378
prostate,1894,1378
prostate,1895,1378
prostate,1896,1377
prostate,1897,1376
prostate,1898,1376
prostate,1899,1376
prostate,1900,1376
prostate,1901,1376
prostate,1902,1376
prostate,1903,1376
prostate,1904,1376
prostate,1905,1375
prostate,1906,1375
prostate,1907,1375
prostate,1908,1375
prostate,1909,1374
prostate,1910,1374
prostate,1911,1373
prostate,1912,1369
prostate,1913,1349
prostate,1914,1345
prostate,1915,1318
prostate,1916,1312
prostate,1917,1310
prostate,1918,1308
prostate,1919,1306
prostate,1920,1297
prostate,1921,1291
prostate,1922,1289
prostate,1923,1288
prostate,1924,1286
prostate,1925,1285
prostate,1926,1270
prostate,1927,1262
prostate,1928,1262
prostate,1929,1250
prostate,1930,1248
prostate,1931,1242
prostate,1932,1240
prostate,1933,1240
prostate,1934,1239
prostate,1935,1238
prostate,1936,1237
prostate,1937,1235
prostate,1938,1232
prostate,1939,1231
prostate,1940,1230
prostate,1941,1229
prostate,1942,1220
prostate,1943,1216
prostate,1944,1210
prostate,1945,1209
prostate,1946,1209
prostate,1947,1206
prostate,1948,1206
prostate,1949,1205
prostate,1950,1205
prostate,1951,1205
prostate,1952,1204
prostate,1953,1203
prostate,1954,1201
prostate,1955,1198
prostate,1956,1191
prostate,1957,1190
prostate,1958,1189
prostate,1959,1188
prostate,1960,1185
prostate,1961,1185
prostate,1962,1183
prostate,1963,1182
prostate,1964,1181
prostate,1965,1179
prostate,1966,1176
prostate,1967,1173
prostate,1968,1172
prostate,1969,1170
prostate,1970,1168
prostate,1971,1160
prostate,1972,1160
prostate,1973,1152
prostate,1974,1151
prostate,1975,1148
prostate,1976,1147
prostate,1977,1132
prostate,1978,1121
prostate,1979,1120
prostate,1980,1102
prostate,1981,1099
prostate,1982,1098
prostate,1983,1098
prostate,1984,1093
prostate,1985,1092
prostate,1986,1091
prostate,1987,1091
prostate,1988,1090
prostate,1989,1090
prostate,1990,1089
prostate,1991,1088
prostate,1992,1085
prostate,1993,1082
prostate,1994,1082
prostate,1995,1081
prostate,1996,1077
prostate,1997,1076
prostate,1998,1075
prostate,1999,1065
prostate,2000,1064
prostate,2001,1062
prostate,2002,1062
prostate,2003,1059
prostate,2004,1056
prostate,2005,1054
prostate,2006,1053
prostate,2007,1052
prostate,2008,1047
prostate,2009,1042
prostate,2010,1040
prostate,2011,1037
prostate,2012,1035
prostate,2013,1034
prostate,2014,1031
prostate,2015,1031
prostate,2016,1029
prostate,2017,1028
prostate,2018,1028
prostate,2019,1028
prostate,2020,1028
prostate,2021,1026
prostate,2022,1026
prostate,2023,1026
prostate,2024,1025
prostate,2025,1023
prostate,2026,1023
prostate,2027,1023
prostate,2028,1021
prostate,2029,1019
prostate,2030,1019
prostate,2031,1019
prostate,2032,1018
prostate,2033,1017
prostate,2034,1017
prostate,2035,1011
prostate,2036,1010
prostate,2037,1006
prostate,2038,1005
prostate,2039,1003
prostate,2040,1002
prostate,2041,1002
prostate,2042,1000
prostate,2043,1000
prostate,2044,999
prostate,2045,998
prostate,2046,997
prostate,2047,997
prostate,2048,997
prostate,2049,996
prostate,2050,996
prostate,2051,995
prostate,2052,995
prostate,2053,995
prostate,2054,995
prostate,2055,994
prostate,2056,994
prostate,2057,994
prostate,2058,993
prostate,2059,993
prostate,2060,992
prostate,2061,992
prostate,2062,992
prostate,2063,992
prostate,2064,992
prostate,2065,991
prostate,2066,988
prostate,2067,988
prostate,2068,987
prostate,2069,986
prostate,2070,985
prostate,2071,985
prostate,2072,983
prostate,2073,983
prostate,2074,982
prostate,2075,982
prostate,2076,981
prostate,2077,980
prostate,2078,979
prostate,2079,972
prostate,2080,965
prostate,2081,957
prostate,2082,957
prostate,2083,952
prostate,2084,947
prostate,2085,946
prostate,2086,945
prostate,2087,943
prostate,2088,941
prostate,2089,940
prostate,2090,939
prostate,2091,935
prostate,2092,927
prostate,2093,926
prostate,2094,922
prostate,2095,921
prostate,2096,920
prostate,2097,919
prostate,2098,917
prostate,2099,917
prostate,2100,917
prostate,2101,914
prostate,2102,913
prostate,2103,910
prostate,2104,908
prostate,2105,907
prostate,2106,906
prostate,2107,905
prostate,2108,905
prostate,2109,904
prostate,2110,903
prostate,2111,902
prostate,2112,900
prostate,2113,900
prostate,2114,900
prostate,2115,900
prostate,2116,900
prostate,2117,899
prostate,2118,899
prostate,2119,899
prostate,2120,898
prostate,2121,898
prostate,2122,898
prostate,2123,897
prostate,2124,893
prostate,2125,891
prostate,2126,887
prostate,2127,885
prostate,2128,885
prostate,2129,884
prostate,2130,882
prostate,2131,879
prostate,2132,876
prostate,2133,872
prostate,2134,871
prostate,2135,867
prostate,2136,863
prostate,2137,863
prostate,2138,862
prostate,2139,861
prostate,2140,853
prostate,2141,851
prostate,2142,851
prostate,2143,850
prostate,2144,848
prostate,2145,848
prostate,2146,845
prostate,2147,843
prostate,2148,842
prostate,2149,841
prostate,2150,840
prostate,2151,840
prostate,2152,840
prostate,2153,839
prostate,2154,839
prostate,2155,839
prostate,2156,838
prostate,2157,837
prostate,2158,837
prostate,2159,836
prostate,2160,835
prostate,2161,834
prostate,2162,828
prostate,2163,825
prostate,2164,824
prostate,2165,823
prostate,2166,822
prostate,2167,820
prostate,2168,820
prostate,2169,819
prostate,2170,819
prostate,2171,818
prostate,2172,818
prostate,2173,817
prostate,2174,816
prostate,2175,816
prostate,2176,815
prostate,2177,814
prostate,2178,814
prostate,2179,814
prostate,2180,813
prostate,2181,813
prostate,2182,813
prostate,2183,813
prostate,2184,813
prostate,2185,813
prostate,2186,812
prostate,2187,812
prostate,2188,811
prostate,2189,810
prostate,2190,809
prostate,2191,807
prostate,2192,807
prostate,2193,806
prostate,2194,806
prostate,2195,806
prostate,2196,805
prostate,2197,803
prostate,2198,802
prostate,2199,802
prostate,2200,802
prostate,2201,801
prostate,2202,801
prostate,2203,799
prostate,2204,798
prostate,2205,798
prostate,2206,796
prostate,2207,796
prostate,2208,796
prostate,2209,796
prostate,2210,795
prostate,2211,795
prostate,2212,795
prostate,2213,790
prostate,2214,789
prostate,2215,789
prostate,2216,788
prostate,2217,788
prostate,2218,787
prostate,2219,786
prostate,2220,785
prostate,2221,783
prostate,2222,781
prostate,2223,781
prostate,2224,780
prostate,2225,779
prostate,2226,776
prostate,2227,761
prostate,2228,753
prostate,2229,753
prostate,2230,748
prostate,2231,745
prostate,2232,744
prostate,2233,739
prostate,2234,737
prostate,2235,736
prostate,2236,734
prostate,2237,732
prostate,2238,731
prostate,2239,731
prostate,2240,729
prostate,2241,729
prostate,2242,728
prostate,2243,728
prostate,2244,727
prostate,2245,726
prostate,2246,725
prostate,2247,725
prostate,2248,725
prostate,2249,725
prostate,2250,724
prostate,2251,723
prostate,2252,723
prostate,2253,723
prostate,2254,723
prostate,2255,722
prostate,2256,722
prostate,2257,721
prostate,2258,720
prostate,2259,720
prostate,2260,720
prostate,2261,719
prostate,2262,719
prostate,2263,713
prostate,2264,713
prostate,2265,712
prostate,2266,711
prostate,2267,711
prostate,2268,706
prostate,2269,704
prostate,2270,703
prostate,2271,703
prostate,2272,702
prostate,2273,700
prostate,2274,700
prostate,2275,699
prostate,2276,699
prostate,2277,698
prostate,2278,697
prostate,2279,697
prostate,2280,696
prostate,2281,696
prostate,2282,696
prostate,2283,695
prostate,2284,694
prostate,2285,694
prostate,2286,692
prostate,2287,689
prostate,2288,687
prostate,2289,685
prostate,2290,685
prostate,2291,684
prostate,2292,679
prostate,2293,678
prostate,2294,678
prostate,2295,676
prostate,2296,676
prostate,2297,676
prostate,2298,673
prostate,2299,672
prostate,2300,671
prostate,2301,671
prostate,2302,671
prostate,2303,670
prostate,2304,670
prostate,2305,667
prostate,2306,666
prostate,2307,657
prostate,2308,654
prostate,2309,652
prostate,2310,648
prostate,2311,645
prostate,2312,643
prostate,2313,643
prostate,2314,642
prostate,2315,642
prostate,2316,641
prostate,2317,640
prostate,2318,639
prostate,2319,637
prostate,2320,636
prostate,2321,635
prostate,2322,635
prostate,2323,634
prostate,2324,633
prostate,2325,633
prostate,2326,632
prostate,2327,632
prostate,2328,631
prostate,2329,629
prostate,2330,628
prostate,2331,627
prostate,2332,626
prostate,2333,625
prostate,2334,625
prostate,2335,624
prostate,2336,624
prostate,2337,624
prostate,2338,623
prostate,2339,622
prostate,2340,622
prostate,2341,622
prostate,2342,621
prostate,2343,621
prostate,2344,621
prostate,2345,620
prostate,2346,620
prostate,2347,620
prostate,2348,620
prostate,2349,620
prostate,2350,620
prostate,2351,620
prostate,2352,620
prostate,2353,619
prostate,2354,619
prostate,2355,619
prostate,2356,619
prostate,2357,618
prostate,2358,615
prostate,2359,615
prostate,2360,614
prostate,2361,613
prostate,2362,612
prostate,2363,611
prostate,2364,608
prostate,2365,607
prostate,2366,606
prostate,2367,606
prostate,2368,604
prostate,2369,602
prostate,2370,601
prostate,2371,594
prostate,2372,593
prostate,2373,591
prostate,2374,590
prostate,2375,587
prostate,2376,586
prostate,2377,584
prostate,2378,584
prostate,2379,582
prostate,2380,580
prostate,2381,579
prostate,2382,579
prostate,2383,578
prostate,2384,577
prostate,2385,577
prostate,2386,576
prostate,2387,573
prostate,2388,573
prostate,2389,573
prostate,2390,572
prostate,2391,571
prostate,2392,570
prostate,2393,570
prostate,2394,569
prostate,2395,567
prostate,2396,567
prostate,2397,567
prostate,2398,566
prostate,2399,564
prostate,2400,562
prostate,2401,560
prostate,2402,559
prostate,2403,559
prostate,2404,558
prostate,2405,556
prostate,2406,556
prostate,2407,553
prostate,2408,552
prostate,2409,550
prostate,2410,549
prostate,2411,549
prostate,2412,548
prostate,2413,548
prostate,2414,547
prostate,2415,547
prostate,2416,544
prostate,2417,541
prostate,2418,541
prostate,2419,541
prostate,2420,539
prostate,2421,539
prostate,2422,539
prostate,2423,537
prostate,2424,535
prostate,2425,534
prostate,2426,531
prostate,2427,531
prostate,2428,531
prostate,2429,529
prostate,2430,528
prostate,2431,523
prostate,2432,523
prostate,2433,522
prostate,2434,522
prostate,2435,521
prostate,2436,521
prostate,2437,521
prostate,2438,520
prostate,2439,518
prostate,2440,518
prostate,2441,516
prostate,2442,513
prostate,2443,512
prostate,2444,511
prostate,2445,511
prostate,2446,511
prostate,2447,508
prostate,2448,507
prostate,2449,507
prostate,2450,507
prostate,2451,506
prostate,2452,505
prostate,2453,504
prostate,2454,504
prostate,2455,504
prostate,2456,504
prostate,2457,504
prostate,2458,502
prostate,2459,502
prostate,2460,502
prostate,2461,501
prostate,2462,501
prostate,2463,501
prostate,2464,501
prostate,2465,500
prostate,2466,499
prostate,2467,499
prostate,2468,498
prostate,2469,498
prostate,2470,498
prostate,2471,498
prostate,2472,497
prostate,2473,497
prostate,2474,497
prostate,2475,496
prostate,2476,493
prostate,2477,490
prostate,2478,489
prostate,2479,487
prostate,2480,486
prostate,2481,483
prostate,2482,483
prostate,2483,482
prostate,2484,482
prostate,2485,481
prostate,2486,480
prostate,2487,480
prostate,2488,479
prostate,2489,479
prostate,2490,479
prostate,2491,479
prostate,2492,479
prostate,2493,478
prostate,2494,478
prostate,2495,475
prostate,2496,475
prostate,2497,473
prostate,2498,473
prostate,2499,472
prostate,2500,471
prostate,2501,469
prostate,2502,467
prostate,2503,464
prostate,2504,463
prostate,2505,463
prostate,2506,462
prostate,2507,460
prostate,2508,459
prostate,2509,459
prostate,2510,458
prostate,2511,458
prostate,2512,457
prostate,2513,457
prostate,2514,456
prostate,2515,456
prostate,2516,456
prostate,2517,456
prostate,2518,455
prostate,2519,455
prostate,2520,454
prostate,2521,453
prostate,2522,453
prostate,2523,451
prostate,2524,451
prostate,2525,451
prostate,2526,450
prostate,2527,450
prostate,2528,449
prostate,2529,449
prostate,2530,448
prostate,2531,448
prostate,2532,447
prostate,2533,447
prostate,2534,447
prostate,2535,446
prostate,2536,444
prostate,2537,443
prostate,2538,443
prostate,2539,442
prostate,2540,441
prostate,2541,439
prostate,2542,438
prostate,2543,438
prostate,2544,437
prostate,2545,436
prostate,2546,436
prostate,2547,435
prostate,2548,435
prostate,2549,434
prostate,2550,434
prostate,2551,434
prostate,2552,434
prostate,2553,434
prostate,2554,434
prostate,2555,433
prostate,2556,433
prostate,2557,433
prostate,2558,432
prostate,2559,432
prostate,2560,432
prostate,2561,431
prostate,2562,430
prostate,2563,430
prostate,2564,430
prostate,2565,429
prostate,2566,429
prostate,2567,426
prostate,2568,423
prostate,2569,422
prostate,2570,422
prostate,2571,421
prostate,2572,414
prostate,2573,412
prostate,2574,412
prostate,2575,412
prostate,2576,411
prostate,2577,411
prostate,2578,411
prostate,2579,409
prostate,2580,408
prostate,2581,407
prostate,2582,407
prostate,2583,407
prostate,2584,406
prostate,2585,404
prostate,2586,402
prostate,2587,401
prostate,2588,401
prostate,2589,401
prostate,2590,401
prostate,2591,400
prostate,2592,399
prostate,2593,399
prostate,2594,399
prostate,2595,398
prostate,2596,398
prostate,2597,398
prostate,2598,397
prostate,2599,397
prostate,2600,397
prostate,2601,396
prostate,2602,395
prostate,2603,395
prostate,2604,394
prostate,2605,394
prostate,2606,393
prostate,2607,392
prostate,2608,390
prostate,2609,390
prostate,2610,388
prostate,2611,386
prostate,2612,385
prostate,2613,385
prostate,2614,384
prostate,2615,384
prostate,2616,383
prostate,2617,383
prostate,2618,382
prostate,2619,382
prostate,2620,381
prostate,2621,380
prostate,2622,380
prostate,2623,379
prostate,2624,378
prostate,2625,378
prostate,2626,377
prostate,2627,375
prostate,2628,374
prostate,2629,374
prostate,2630,374
prostate,2631,373
prostate,2632,373
prostate,2633,373
prostate,2634,373
prostate,2635,373
prostate,2636,373
prostate,2637,372
prostate,2638,372
prostate,2639,372
prostate,2640,372
prostate,2641,371
prostate,2642,371
prostate,2643,370
prostate,2644,370
prostate,2645,370
prostate,2646,369
prostate,2647,367
prostate,2648,367
prostate,2649,367
prostate,2650,365
prostate,2651,362
prostate,2652,353
prostate,2653,353
prostate,2654,351
prostate,2655,351
prostate,2656,351
prostate,2657,350
prostate,2658,350
prostate,2659,349
prostate,2660,348
prostate,2661,348
prostate,2662,348
prostate,2663,348
prostate,2664,348
prostate,2665,347
prostate,2666,347
prostate,2667,346
prostate,2668,346
prostate,2669,346
prostate,2670,346
prostate,2671,346
prostate,2672,345
prostate,2673,344
prostate,2674,344
prostate,2675,343
prostate,2676,343
prostate,2677,342
prostate,2678,341
prostate,2679,340
prostate,2680,340
prostate,2681,340
prostate,2682,339
prostate,2683,339
prostate,2684,338
prostate,2685,338
prostate,2686,335
prostate,2687,333
prostate,2688,332
prostate,2689,330
prostate,2690,330
prostate,2691,329
prostate,2692,329
prostate,2693,328
prostate,2694,328
prostate,2695,328
prostate,2696,327
prostate,2697,326
prostate,2698,324
prostate,2699,323
prostate,2700,323
prostate,2701,322
prostate,2702,322
prostate,2703,322
prostate,2704,321
prostate,2705,321
prostate,2706,320
prostate,2707,320
prostate,2708,319
prostate,2709,319
prostate,2710,316
prostate,2711,315
prostate,2712,315
prostate,2713,314
prostate,2714,314
prostate,2715,313
prostate,2716,312
prostate,2717,311
prostate,2718,308
prostate,2719,304
prostate,2720,304
prostate,2721,303
prostate,2722,303
prostate,2723,301
prostate,2724,300
prostate,2725,300
prostate,2726,299
prostate,2727,297
prostate,2728,296
prostate,2729,296
prostate,2730,292
prostate,2731,290
prostate,2732,290
prostate,2733,289
prostate,2734,288
prostate,2735,287
prostate,2736,286
prostate,2737,286
prostate,2738,286
prostate,2739,286
prostate,2740,285
prostate,2741,285
prostate,2742,284
prostate,2743,284
prostate,2744,282
prostate,2745,282
prostate,2746,282
prostate,2747,282
prostate,2748,281
prostate,2749,281
prostate,2750,280
prostate,2751,279
prostate,2752,279
prostate,2753,278
prostate,2754,276
prostate,2755,276
prostate,2756,275
prostate,2757,275
prostate,2758,275
prostate,2759,274
prostate,2760,274
prostate,2761,274
prostate,2762,274
prostate,2763,273
prostate,2764,272
prostate,2765,272
prostate,2766,269
prostate,2767,269
prostate,2768,269
prostate,2769,269
prostate,2770,267
prostate,2771,267
prostate,2772,266
prostate,2773,266
prostate,2774,266
prostate,2775,264
prostate,2776,264
prostate,2777,263
prostate,2778,263
prostate,2779,261
prostate,2780,261
prostate,2781,261
prostate,2782,260
prostate,2783,260
prostate,2784,259
prostate,2785,259
prostate,2786,258
prostate,2787,258
prostate,2788,258
prostate,2789,258
prostate,2790,257
prostate,2791,257
prostate,2792,257
prostate,2793,257
prostate,2794,256
prostate,2795,256
prostate,2796,256
prostate,2797,255
prostate,2798,255
prostate,2799,254
prostate,2800,254
prostate,2801,251
prostate,2802,251
prostate,2803,251
prostate,2804,249
prostate,2805,248
prostate,2806,248
prostate,2807,248
prostate,2808,247
prostate,2809,247
prostate,2810,247
prostate,2811,246
prostate,2812,246
prostate,2813,246
prostate,2814,246
prostate,2815,245
prostate,2816,244
prostate,2817,244
prostate,2818,243
prostate,2819,241
prostate,2820,240
prostate,2821,238
prostate,2822,237
prostate,2823,236
prostate,2824,236
prostate,2825,236
prostate,2826,235
prostate,2827,235
prostate,2828,234
prostate,2829,234
prostate,2830,234
prostate,2831,233
prostate,2832,232
prostate,2833,232
prostate,2834,232
prostate,2835,231
prostate,2836,231
prostate,2837,230
prostate,2838,230
prostate,2839,230
prostate,2840,230
prostate,2841,229
prostate,2842,229
prostate,2843,228
prostate,2844,227
prostate,2845,226
prostate,2846,223
prostate,2847,223
prostate,2848,223
prostate,2849,222
prostate,2850,222
prostate,2851,220
prostate,2852,220
prostate,2853,219
prostate,2854,219
prostate,2855,219
prostate,2856,219
prostate,2857,218
prostate,2858,218
prostate,2859,217
prostate,2860,217
prostate,2861,216
prostate,2862,216
prostate,2863,215
prostate,2864,215
prostate,2865,215
prostate,2866,214
prostate,2867,214
prostate,2868,214
prostate,2869,213
prostate,2870,212
prostate,2871,211
prostate,2872,210
prostate,2873,209
prostate,2874,209
prostate,2875,209
prostate,2876,209
prostate,2877,208
prostate,2878,208
prostate,2879,207
prostate,2880,207
prostate,2881,207
prostate,2882,207
prostate,2883,207
prostate,2884,207
prostate,2885,207
prostate,2886,206
prostate,2887,206
prostate,2888,206
prostate,2889,206
prostate,2890,206
prostate,2891,206
prostate,2892,205
prostate,2893,205
prostate,2894,205
prostate,2895,204
prostate,2896,204
prostate,2897,204
prostate,2898,204
prostate,2899,204
prostate,2900,204
prostate,2901,203
prostate,2902,203
prostate,2903,203
prostate,2904,203
prostate,2905,200
prostate,2906,200
prostate,2907,199
prostate,2908,199
prostate,2909,199
prostate,2910,199
prostate,2911,198
prostate,2912,198
prostate,2913,198
prostate,2914,197
prostate,2915,197
prostate,2916,197
prostate,2917,197
prostate,2918,197
prostate,2919,196
prostate,2920,196
prostate,2921,195
prostate,2922,195
prostate,2923,193
prostate,2924,191
prostate,2925,191
prostate,2926,190
prostate,2927,190
prostate,2928,189
prostate,2929,189
prostate,2930,189
prostate,2931,188
prostate,2932,188
prostate,2933,187
prostate,2934,186
prostate,2935,186
prostate,2936,186
prostate,2937,186
prostate,2938,186
prostate,2939,185
prostate,2940,185
prostate,2941,185
prostate,2942,185
prostate,2943,184
prostate,2944,184
prostate,2945,184
prostate,2946,184
prostate,2947,184
prostate,2948,184
prostate,2949,183
prostate,2950,183
prostate,2951,183
prostate,2952,182
prostate,2953,181
prostate,2954,181
prostate,2955,181
prostate,2956,180
prostate,2957,180
prostate,2958,180
prostate,2959,180
prostate,2960,179
prostate,2961,179
prostate,2962,179
prostate,2963,179
prostate,2964,178
prostate,2965,178
prostate,2966,177
prostate,2967,177
prostate,2968,176
prostate,2969,176
prostate,2970,176
prostate,2971,176
prostate,2972,175
prostate,2973,175
prostate,2974,175
prostate,2975,175
prostate,2976,175
prostate,2977,175
prostate,2978,175
prostate,2979,174
prostate,2980,173
prostate,2981,173
prostate,2982,172
prostate,2983,171
prostate,2984,171
prostate,2985,171
prostate,2986,171
prostate,2987,170
prostate,2988,170
prostate,2989,170
prostate,2990,169
prostate,2991,169
prostate,2992,169
prostate,2993,169
prostate,2994,169
prostate,2995,169
prostate,2996,169
prostate,2997,169
prostate,2998,169
prostate,2999,168
prostate,3000,167
prostate,3001,167
prostate,3002,166
prostate,3003,166
prostate,3004,166
prostate,3005,165
prostate,3006,165
prostate,3007,163
prostate,3008,162
prostate,3009,162
prostate,3010,162
prostate,3011,161
prostate,3012,161
prostate,3013,161
prostate,3014,160
prostate,3015,159
prostate,3016,157
prostate,3017,157
prostate,3018,157
prostate,3019,156
prostate,3020,156
prostate,3021,156
prostate,3022,156
prostate,3023,156
prostate,3024,156
prostate,3025,156
prostate,3026,155
prostate,3027,155
prostate,3028,155
prostate,3029,155
prostate,3030,155
prostate,3031,155
prostate,3032,155
prostate,3033,154
prostate,3034,154
prostate,3035,154
prostate,3036,153
prostate,3037,151
prostate,3038,149
prostate,3039,148
prostate,3040,147
prostate,3041,146
prostate,3042,146
prostate,3043,146
prostate,3044,146
prostate,3045,145
prostate,3046,144
prostate,3047,144
prostate,3048,143
prostate,3049,143
prostate,3050,143
prostate,3051,142
prostate,3052,141
prostate,3053,140
prostate,3054,140
prostate,3055,139
prostate,3056,138
prostate,3057,138
prostate,3058,138
prostate,3059,138
prostate,3060,138
prostate,3061,137
prostate,3062,136
prostate,3063,136
prostate,3064,134
prostate,3065,134
prostate,3066,133
prostate,3067,132
prostate,3068,129
prostate,3069,129
prostate,3070,129
prostate,3071,128
prostate,3072,128
prostate,3073,128
prostate,3074,128
prostate,3075,127
prostate,3076,127
prostate,3077,126
prostate,3078,126
prostate,3079,126
prostate,3080,125
prostate,3081,125
prostate,3082,125
prostate,3083,124
prostate,3084,124
prostate,3085,124
prostate,3086,124
prostate,3087,123
prostate,3088,123
prostate,3089,121
prostate,3090,121
prostate,3091,121
prostate,3092,120
prostate,3093,120
prostate,3094,120
prostate,3095,120
prostate,3096,120
prostate,3097,119
prostate,3098,119
prostate,3099,118
prostate,3100,118
prostate,3101,118
prostate,3102,117
prostate,3103,117
prostate,3104,117
prostate,3105,116
prostate,3106,116
prostate,3107,116
prostate,3108,116
prostate,3109,114
prostate,3110,113
prostate,3111,112
prostate,3112,112
prostate,3113,111
prostate,3114,111
prostate,3115,111
prostate,3116,111
prostate,3117,111
prostate,3118,110
prostate,3119,110
prostate,3120,110
prostate,3121,109
prostate,3122,109
prostate,3123,109
prostate,3124,104
prostate,3125,104
prostate,3126,103
prostate,3127,103
prostate,3128,103
prostate,3129,103
prostate,3130,103
prostate,3131,103
prostate,3132,102
prostate,3133,102
prostate,3134,102
prostate,3135,102
prostate,3136,102
prostate,3137,102
prostate,3138,101
prostate,3139,100
prostate,3140,100
prostate,3141,99
prostate,3142,99
prostate,3143,99
prostate,3144,99
prostate,3145,98
prostate,3146,98
prostate,3147,98
prostate,3148,98
prostate,3149,98
prostate,3150,98
prostate,3151,97
prostate,3152,97
prostate,3153,97
prostate,3154,97
prostate,3155,97
prostate,3156,97
prostate,3157,96
prostate,3158,95
prostate,3159,95
prostate,3160,95
prostate,3161,94
prostate,3162,94
prostate,3163,94
prostate,3164,94
prostate,3165,93
prostate,3166,92
prostate,3167,92
prostate,3168,92
prostate,3169,92
prostate,3170,92
prostate,3171,92
prostate,3172,91
prostate,3173,91
prostate,3174,91
prostate,3175,91
prostate,3176,91
prostate,3177,91
prostate,3178,91
prostate,3179,91
prostate,3180,90
prostate,3181,90
prostate,3182,90
prostate,3183,89
prostate,3184,88
prostate,3185,87
prostate,3186,87
prostate,3187,86
prostate,3188,85
prostate,3189,85
prostate,3190,84
prostate,3191,84
prostate,3192,84
prostate,3193,83
prostate,3194,82
prostate,3195,82
prostate,3196,81
prostate,3197,80
prostate,3198,80
prostate,3199,80
prostate,3200,79
prostate,3201,79
prostate,3202,78
prostate,3203,78
prostate,3204,77
prostate,3205,77
prostate,3206,77
prostate,3207,76
prostate,3208,75
prostate,3209,75
prostate,3210,75
prostate,3211,75
prostate,3212,75
prostate,3213,75
prostate,3214,74
prostate,3215,74
prostate,3216,73
prostate,3217,73
prostate,3218,73
prostate,3219,72
prostate,3220,72
prostate,3221,72
prostate,3222,72
prostate,3223,71
prostate,3224,71
prostate,3225,71
prostate,3226,70
prostate,3227,69
prostate,3228,69
prostate,3229,68
prostate,3230,68
prostate,3231,68
prostate,3232,68
prostate,3233,68
prostate,3234,67
prostate,3235,67
prostate,3236,67
prostate,3237,67
prostate,3238,67
prostate,3239,67
prostate,3240,66
prostate,3241,66
prostate,3242,66
prostate,3243,65
prostate,3244,65
prostate,3245,65
prostate,3246,65
prostate,3247,65
prostate,3248,65
prostate,3249,64
prostate,3250,64
prostate,3251,63
prostate,3252,63
prostate,3253,63
prostate,3254,63
prostate,3255,62
prostate,3256,61
prostate,3257,61
prostate,3258,61
prostate,3259,60
prostate,3260,60
prostate,3261,58
prostate,3262,57
prostate,3263,56
prostate,3264,55
prostate,3265,55
prostate,3266,55
prostate,3267,55
prostate,3268,55
prostate,3269,54
prostate,3270,54
prostate,3271,53
prostate,3272,53
prostate,3273,53
prostate,3274,52
prostate,3275,52
prostate,3276,52
prostate,3277,52
prostate,3278,51
prostate,3279,51
prostate,3280,51
prostate,3281,51
prostate,3282,50
prostate,3283,50
prostate,3284,50
prostate,3285,49
prostate,3286,49
prostate,3287,49
prostate,3288,49
prostate,3289,48
prostate,3290,48
prostate,3291,48
prostate,3292,47
prostate,3293,47
prostate,3294,46
prostate,3295,46
prostate,3296,46
prostate,3297,46
prostate,3298,46
prostate,3299,46
prostate,3300,45
prostate,3301,45
prostate,3302,45
prostate,3303,44
prostate,3304,44
prostate,3305,44
prostate,3306,44
prostate,3307,44
prostate,3308,43
prostate,3309,43
prostate,3310,43
prostate,3311,43
prostate,3312,42
prostate,3313,42
prostate,3314,42
prostate,3315,42
prostate,3316,42
prostate,3317,41
prostate,3318,41
prostate,3319,41
prostate,3320,41
prostate,3321,41
prostate,3322,41
prostate,3323,40
prostate,3324,40
prostate,3325,40
prostate,3326,40
prostate,3327,39
prostate,3328,39
prostate,3329,39
prostate,3330,39
prostate,3331,39
prostate,3332,39
prostate,3333,39
prostate,3334,39
prostate,3335,39
prostate,3336,39
prostate,3337,38
prostate,3338,38
prostate,3339,38
prostate,3340,37
prostate,3341,37
prostate,3342,37
prostate,3343,37
prostate,3344,37
prostate,3345,37
prostate,3346,36
prostate,3347,36
prostate,3348,36
prostate,3349,36
prostate,3350,36
prostate,3351,36
prostate,3352,35
prostate,3353,35
prostate,3354,35
prostate,3355,35
prostate,3356,35
prostate,3357,35
prostate,3358,35
prostate,3359,34
prostate,3360,34
prostate,3361,34
prostate,3362,33
prostate,3363,31
prostate,3364,29
prostate,3365,28
prostate,3366,28
prostate,3367,28
prostate,3368,27
prostate,3369,26
prostate,3370,26
prostate,3371,25
prostate,3372,25
prostate,3373,24
prostate,3374,24
prostate,3375,24
prostate,3376,24
prostate,3377,24
prostate,3378,23
prostate,3379,23
prostate,3380,23
prostate,3381,22
prostate,3382,22
prostate,3383,22
prostate,3384,22
prostate,3385,22
prostate,3386,21
prostate,3387,21
prostate,3388,21
prostate,3389,21
prostate,3390,21
prostate,3391,21
prostate,3392,21
prostate,3393,20
prostate,3394,20
prostate,3395,20
prostate,3396,19
prostate,3397,19
prostate,3398,18
prostate,3399,18
prostate,3400,17
prostate,3401,17
prostate,3402,17
prostate,3403,17
prostate,3404,16
prostate,3405,16
prostate,3406,16
prostate,3407,16
prostate,3408,16
prostate,3409,16
prostate,3410,15
prostate,3411,15
prostate,3412,15
prostate,3413,15
prostate,3414,14
prostate,3415,14
prostate,3416,14
prostate,3417,14
prostate,3418,13
prostate,3419,12
prostate,3420,12
prostate,3421,11
prostate,3422,11
prostate,3423,11
prostate,3424,11
prostate,3425,11
prostate,3426,11
prostate,3427,11
prostate,3428,10
prostate,3429,10
prostate,3430,10
prostate,3431,9
prostate,3432,9
prostate,3433,9
prostate,3434,9
prostate,3435,9
prostate,3436,9
prostate,3437,8
prostate,3438,8
prostate,3439,8
prostate,3440,8
prostate,3441,8
prostate,3442,7
prostate,3443,7
prostate,3444,7
prostate,3445,7
prostate,3446,7
prostate,3447,6
prostate,3448,6
prostate,3449,6
prostate,3450,6
prostate,3451,6
prostate,3452,5
prostate,3453,5
prostate,3454,5
prostate,3455,5
prostate,3456,5
prostate,3457,5
prostate,3458,4
prostate,3459,4
prostate,3460,4
prostate,3461,4
prostate,3462,3
prostate,3463,3
prostate,3464,3
prostate,3465,3
prostate,3466,2
prostate,3467,2
prostate,3468,2
prostate,3469,2
prostate,3470,2
prostate,3471,2
prostate,3472,1
