cohort,feature_set,subsample_n,pattern_size,ancestor_size,n_shared,mean_abs_diff
lung,baseline,40000,19,14,14,0.18771559927047815
lung,baseline,40000,20,19,19,0.10501481407375585
lung,baseline,40000,27,20,20,0.15516078272139236
lung,baseline,40000,28,27,27,0.010662148138020956
lung,baseline,40000,32,14,14,0.2637550626899795
lung,baseline,40000,33,14,14,0.23596973310198632
lung,baseline,40000,33,32,32,0.007334494941108819
lung,baseline,40000,34,33,33,0.019878884498760463
lung,baseline,40000,34,32,32,0.0034614171550962575
lung,baseline,40000,35,33,33,0.006387636258072368
lung,baseline,40000,36,14,14,0.2659258401748182
lung,baseline,40000,37,33,33,0.17953121559661211
lung,baseline,40000,37,14,14,0.2690582910132893
lung,baseline,40000,39,33,33,0.14553000056020635
lung,baseline,40000,39,19,19,0.2477126330832451
lung,baseline,40000,40,34,34,0.12025015394273811
lung,baseline,40000,40,33,33,0.12218534262266385
lung,baseline,40000,40,34,34,0.15685549691699524
lung,baseline,40000,40,19,19,0.2632882338868075
lung,baseline,40000,41,19,19,0.43542380071505965
lung,baseline,40000,43,40,40,0.1046928980537127
lung,baseline,40000,44,34,34,0.1270458404548584
lung,baseline,40000,44,33,33,0.1292298951603982
lung,baseline,40000,44,35,35,0.011870707498068315
lung,baseline,40000,44,34,34,0.012659300562821788
lung,baseline,40000,46,35,35,0.022930894185736937
lung,baseline,40000,46,34,34,0.026682825077427252
lung,baseline,40000,47,44,44,0.011089549572415853
lung,baseline,40000,47,37,37,0.016904203290075356
lung,baseline,40000,49,34,34,0.13427309229398235
lung,baseline,40000,51,40,40,0.20269666805236652
lung,baseline,40000,51,39,39,0.2401928358424231
lung,baseline,40000,51,37,37,0.2143509723587725
lung,baseline,40000,51,36,36,0.1898255055089584
lung,baseline,40000,51,27,27,0.27701060762109253
lung,baseline,40000,51,37,37,0.17302784230875698
lung,baseline,40000,52,49,49,0.007233460255484468
lung,baseline,40000,53,19,19,0.24361605103813913
lung,baseline,40000,53,47,47,0.10241801548639962
lung,baseline,40000,53,46,46,0.10340545401747811
lung,baseline,40000,53,44,44,0.028392138508168588
lung,baseline,40000,53,40,40,0.03325044430934586
lung,baseline,40000,54,40,40,0.027797474985248392
lung,baseline,40000,54,35,35,0.11377640822727025
lung,baseline,40000,55,27,27,0.16820555973635057
lung,baseline,40000,56,19,19,0.45746389644983365
lung,baseline,40000,56,34,34,0.0757349995435326
lung,baseline,40000,57,14,14,0.18258335729438974
lung,baseline,40000,57,28,28,0.20297114756991297
lung,baseline,40000,58,34,34,0.17948647752993166
lung,baseline,40000,58,33,33,0.18456652640068916
lung,baseline,40000,58,34,34,0.17056831120022972
lung,baseline,40000,58,19,19,0.2746516591765095
lung,baseline,40000,59,14,14,0.20689171726095568
lung,baseline,40000,60,35,35,0.039069609739806825
lung,baseline,40000,60,34,34,0.04722741438793641
lung,baseline,40000,61,14,14,0.18236599722729915
lung,baseline,40000,61,47,47,0.14062519369216814
lung,baseline,40000,61,46,46,0.13776433982898065
lung,baseline,40000,61,47,47,0.02895122887221357
lung,baseline,40000,61,47,47,0.14326826932844047
lung,baseline,40000,62,14,14,0.1545505199397288
lung,baseline,40000,62,19,19,0.4384819971173983
lung,baseline,40000,62,61,61,0.14069715685648074
lung,baseline,40000,62,61,61,0.013050600326402454
lung,baseline,40000,62,58,58,0.017354746069129224
lung,baseline,40000,62,37,37,0.1343166187622258
lung,baseline,40000,62,34,34,0.15520914199986405
lung,baseline,40000,62,33,33,0.19487119749995915
lung,baseline,40000,62,61,61,0.1404604976544851
lung,baseline,40000,62,61,61,0.029121027020239703
lung,baseline,40000,62,46,46,0.035631228863983976
lung,baseline,40000,62,14,14,0.24728245461754988
lung,baseline,40000,62,14,14,0.2823370633707704
lung,baseline,40000,63,49,49,0.1256165119198357
lung,baseline,40000,63,37,37,0.13281875752299538
lung,baseline,40000,63,35,35,0.15941256978118507
lung,baseline,40000,63,47,47,0.23111239655693971
lung,baseline,40000,63,46,46,0.21312374549200455
lung,baseline,40000,63,28,28,0.26414677514129437
lung,baseline,40000,63,53,53,0.14741607214021657
lung,baseline,40000,63,52,52,0.16294283052826405
lung,baseline,40000,63,28,28,0.21627958813811587
lung,baseline,40000,63,47,47,0.2399859632854481
lung,baseline,40000,63,46,46,0.22777745060973154
lung,baseline,40000,63,14,14,0.19159655260446656
lung,baseline,40000,63,62,62,0.037161067869437944
lung,baseline,40000,63,62,62,0.026418410353157923
lung,baseline,40000,63,62,62,0.11953157842272714
lung,baseline,40000,63,62,62,0.06052194921477974
lung,baseline,40000,63,62,62,0.14573150428776888
lung,baseline,40000,63,62,62,0.18899161070214393
lung,baseline,40000,63,34,34,0.24280803356243996
lung,baseline,40000,63,14,14,0.23837242489758467
lung,baseline,40000,64,37,37,0.1024994172702761
lung,baseline,40000,64,35,35,0.11780150252078868
lung,baseline,40000,64,33,33,0.04730442471775019
lung,baseline,40000,64,14,14,0.24327861857896618
lung,baseline,40000,64,57,57,0.14017798072517243
lung,baseline,40000,64,54,54,0.14384389365269346
lung,baseline,40000,64,47,47,0.1504894689905158
lung,baseline,40000,64,44,44,0.1517677883701627
lung,baseline,40000,64,49,49,0.2147918410035294
lung,baseline,40000,64,44,44,0.20725151243866022
lung,baseline,40000,64,40,40,0.22350724557910953
lung,baseline,40000,64,28,28,0.28872142966764003
lung,baseline,40000,64,37,37,0.03813783100661235
lung,baseline,40000,64,35,35,0.038783127410044874
lung,baseline,40000,64,37,37,0.15199945968320144
lung,baseline,40000,64,14,14,0.29335512878635944
lung,baseline,40000,64,33,33,0.29984743704554223
lung,baseline,40000,64,14,14,0.2603657773915436
lung,baseline,40000,64,62,62,0.01585823668867908
lung,baseline,40000,65,14,14,0.22223160074518658
lung,baseline,40000,65,37,37,0.03933855819695873
lung,baseline,40000,65,34,34,0.040720128674830464
lung,baseline,40000,65,63,63,0.2856363678604192
lung,baseline,40000,65,63,63,0.2155878367176966
lung,baseline,40000,65,61,61,0.2758537583514559
lung,baseline,40000,65,14,14,0.24920818823186477
lung,baseline,40000,65,47,47,0.13318912083570714
lung,baseline,40000,65,37,37,0.17562167470629944
lung,baseline,40000,65,60,60,0.005477520049012548
lung,baseline,40000,65,47,47,0.03347070282918327
lung,baseline,40000,65,46,46,0.027035636133504518
lung,baseline,40000,65,53,53,0.25402149795554707
lung,baseline,40000,65,52,52,0.2697346377647697
lung,baseline,40000,65,51,51,0.16892207606332205
lung,baseline,40000,65,44,44,0.23925745690299827
lung,baseline,40000,65,37,37,0.25514282928451626
lung,baseline,40000,65,14,14,0.2202733529667528
lung,baseline,40000,65,60,60,0.009362004165494325
lung,baseline,40000,65,37,37,0.10197908461179539
lung,baseline,40000,65,37,37,0.037964421033007206
lung,baseline,40000,66,65,65,0.008568278513899954
lung,baseline,40000,66,65,65,0.004596511264564872
lung,baseline,40000,66,64,64,0.0029263119751608
lung,baseline,40000,66,65,65,0.11942787549820433
lung,baseline,40000,66,37,37,0.2676585678917369
lung,baseline,40000,66,35,35,0.26047268826779174
lung,baseline,40000,66,62,62,0.12763758019909688
lung,baseline,40000,66,61,61,0.08991906980610417
lung,baseline,40000,66,59,59,0.07217096696763417
lung,baseline,40000,66,57,57,0.02482203702121395
lung,baseline,40000,66,54,54,0.023512502163557384
lung,baseline,40000,66,52,52,0.03115721886014527
lung,baseline,40000,66,44,44,0.030351852908426225
lung,baseline,40000,66,46,46,0.22508501297752184
lung,baseline,40000,66,64,64,0.14345196239989624
lung,baseline,40000,66,59,59,0.23670525957762212
lung,baseline,40000,66,65,65,0.00788934602705013
lung,baseline,40000,66,65,65,0.03250754011974604
lung,baseline,40000,66,65,65,0.09835362738843069
lung,baseline,40000,66,14,14,0.15656128051282245
lung,baseline,40000,66,33,33,0.2989669582789522
lung,baseline,40000,66,34,34,0.1758188517082177
lung,baseline,40000,66,57,57,0.2513843637809405
lung,baseline,40000,66,54,54,0.25131337445700475
lung,baseline,40000,66,47,47,0.21323164444442488
lung,baseline,40000,66,44,44,0.21571818340376672
lung,baseline,40000,66,64,64,0.11632061282125816
lung,baseline,40000,66,37,37,0.04419468032837438
lung,baseline,40000,66,14,14,0.2891775082902792
lung,baseline,40000,66,37,37,0.26207989757211214
lung,baseline,40000,66,35,35,0.2319444606463641
lung,baseline,40000,67,47,47,0.14662405790675287
lung,baseline,40000,67,46,46,0.15371129628874733
lung,baseline,40000,67,66,66,0.10277202013460397
lung,baseline,40000,67,66,66,0.009490219591293304
lung,baseline,40000,67,63,63,0.011095754612959904
lung,baseline,40000,67,66,66,0.027652331977381612
lung,baseline,40000,67,64,64,0.06257377673233816
lung,baseline,40000,67,62,62,0.08113265883348042
lung,baseline,40000,67,53,53,0.024747294559929363
lung,baseline,40000,67,66,66,0.1297440663342538
lung,baseline,40000,67,64,64,0.016835951233307826
lung,baseline,40000,67,63,63,0.041256769064350184
lung,baseline,40000,67,62,62,0.08762904337494415
lung,baseline,40000,67,14,14,0.2955535566669331
lung,baseline,40000,67,66,66,0.15550158614775555
lung,baseline,40000,67,37,37,0.14578393700460213
lung,baseline,40000,67,62,62,0.10586858351444174
lung,baseline,40000,67,19,19,0.21933087869792342
lung,baseline,40000,67,47,47,0.03037314578142397
lung,baseline,40000,67,66,66,0.21300585947550182
lung,baseline,40000,67,66,66,0.15968057765467336
lung,baseline,40000,67,62,62,0.15001615945939112
lung,baseline,40000,68,67,67,0.2581941552451192
lung,baseline,40000,68,33,33,0.2465057506199271
lung,baseline,40000,68,19,19,0.4619338434894152
lung,baseline,40000,68,67,67,0.07568408500748651
lung,baseline,40000,68,28,28,0.15966165767622792
lung,baseline,40000,68,67,67,0.22443021973850016
lung,baseline,40000,68,67,67,0.15929779543900427
lung,baseline,40000,68,66,66,0.08001482605501176
lung,baseline,40000,68,65,65,0.027035204618587275
lung,baseline,40000,68,34,34,0.13119051398436132
lung,baseline,40000,68,33,33,0.13141264776262737
lung,baseline,40000,68,60,60,0.09064714102095965
lung,baseline,40000,68,37,37,0.12480826017517513
lung,baseline,40000,68,19,19,0.24189830188947478
lung,baseline,40000,68,67,67,0.21734047294573205
lung,baseline,40000,68,67,67,0.0851390034500841
lung,baseline,40000,68,63,63,0.1433010604305474
lung,baseline,40000,68,66,66,0.2409504851521831
lung,baseline,40000,68,67,67,0.204533538720622
lung,baseline,40000,68,67,67,0.19352779211986176
lung,baseline,40000,68,37,37,0.03524845228213072
lung,baseline,40000,68,35,35,0.035835947042527086
lung,baseline,40000,68,37,37,0.15493972444166845
lung,baseline,40000,68,35,35,0.15703168659096892
lung,baseline,40000,68,34,34,0.16140051187906201
lung,baseline,40000,68,67,67,0.12420353318929553
lung,baseline,40000,68,63,63,0.13752848601246948
lung,baseline,40000,68,67,67,0.15508795155875005
lung,baseline,40000,68,67,67,0.05741214230774936
lung,baseline,40000,68,63,63,0.06863507385453513
lung,baseline,40000,68,63,63,0.12771493088572822
lung,baseline,40000,68,51,51,0.037037594488450086
lung,baseline,40000,68,14,14,0.24263839414004876
lung,baseline,40000,68,67,67,0.007589546453553724
lung,baseline,40000,68,67,67,0.10124452350195356
lung,baseline,40000,68,67,67,0.16862628149876296
lung,baseline,40000,68,60,60,0.07637712117437562
lung,baseline,40000,68,37,37,0.11309331973052505
lung,baseline,40000,68,47,47,0.12768319207795364
lung,baseline,40000,68,46,46,0.13645741927227883
lung,baseline,40000,68,67,67,0.016025089716050173
lung,baseline,40000,68,65,65,0.0086674845786195
lung,baseline,40000,68,65,65,0.004173318402897222
lung,baseline,40000,68,65,65,0.011101449319948184
lung,baseline,40000,68,37,37,0.178858651563893
lung,baseline,40000,68,35,35,0.20453890286205376
lung,baseline,40000,68,28,28,0.1933511883124391
lung,baseline,40000,69,37,37,0.2627648708243316
lung,baseline,40000,69,35,35,0.24234038771452227
lung,baseline,40000,69,68,68,0.08124555130468156
lung,baseline,40000,69,68,68,0.18822644179041684
lung,baseline,40000,69,64,64,0.2371706601632863
lung,baseline,40000,69,63,63,0.250411294530173
lung,baseline,40000,69,68,68,0.14493682290203436
lung,baseline,40000,69,61,61,0.14450657329767327
lung,baseline,40000,69,68,68,0.09630370529515529
lung,baseline,40000,69,68,68,0.24208133625694325
lung,baseline,40000,69,63,63,0.20544908222087074
lung,baseline,40000,69,62,62,0.061415414340391675
lung,baseline,40000,69,68,68,0.12167329421145068
lung,baseline,40000,69,66,66,0.027028323597864765
lung,baseline,40000,69,68,68,0.23765545946072542
lung,baseline,40000,69,68,68,0.28477305896243726
lung,baseline,40000,69,47,47,0.14139084385072584
lung,baseline,40000,69,46,46,0.14659370076626485
lung,baseline,40000,69,27,27,0.1738617066632804
lung,baseline,40000,69,53,53,0.021145485626936505
lung,baseline,40000,69,14,14,0.2614762567448415
lung,baseline,40000,69,68,68,0.007127210346276807
lung,baseline,40000,69,68,68,0.013411557749593364
lung,baseline,40000,69,68,68,0.10619323783271914
lung,baseline,40000,69,66,66,0.01932310764959151
lung,baseline,40000,69,14,14,0.20965456809220126
lung,baseline,40000,69,68,68,0.08702260510724855
lung,baseline,40000,69,67,67,0.13731356546261608
lung,baseline,40000,69,65,65,0.0490185919352339
lung,baseline,40000,69,64,64,0.15660839145574934
lung,baseline,40000,69,63,63,0.159366350568529
lung,baseline,40000,69,61,61,0.10931039958807114
lung,baseline,40000,69,68,68,0.18637585866242867
lung,baseline,40000,69,66,66,0.09489069567369102
lung,baseline,40000,69,68,68,0.24398219463542017
lung,baseline,40000,69,68,68,0.21927819794767017
lung,baseline,40000,69,63,63,0.18788504189781238
lung,baseline,40000,69,68,68,0.010330411868683472
lung,baseline,40000,69,66,66,0.028916838925993338
lung,baseline,40000,69,66,66,0.017251611296365425
lung,baseline,40000,69,14,14,0.23559509440316623
lung,baseline,40000,69,46,46,0.19933648139483912
lung,baseline,40000,69,64,64,0.13785548391550326
lung,baseline,40000,69,63,63,0.04534167776345456
lung,baseline,40000,70,14,14,0.2674009169382009
lung,baseline,40000,70,47,47,0.1430379418311002
lung,baseline,40000,70,46,46,0.1467180422016507
lung,baseline,40000,70,28,28,0.1715460231347818
lung,baseline,40000,70,69,69,0.08289159237477563
lung,baseline,40000,70,67,67,0.0194872992122384
lung,baseline,40000,70,33,33,0.05244401314334602
lung,baseline,40000,70,69,69,0.2630613623071848
lung,baseline,40000,70,69,69,0.22001102010804383
lung,baseline,40000,70,69,69,0.23755039895957733
lung,baseline,40000,70,66,66,0.05849364225069276
lung,baseline,40000,70,65,65,0.12528953537247278
lung,baseline,40000,70,57,57,0.23066664099537174
lung,baseline,40000,70,37,37,0.19184512235327897
lung,baseline,40000,70,66,66,0.2285359209177645
lung,baseline,40000,70,62,62,0.2525406214892346
lung,baseline,40000,70,34,34,0.14213910192646337
lung,baseline,40000,70,65,65,0.041420800688794245
lung,baseline,40000,70,52,52,0.03479920641702193
lung,baseline,40000,70,47,47,0.10772676294173149
lung,baseline,40000,70,44,44,0.027904447129534767
lung,baseline,40000,70,40,40,0.035989794706531394
lung,baseline,40000,70,37,37,0.039115169267131385
lung,baseline,40000,70,34,34,0.04695762820890811
lung,baseline,40000,70,67,67,0.015955069021560978
lung,baseline,40000,70,64,64,0.04031683601091031
lung,baseline,40000,70,47,47,0.03133239846045014
lung,baseline,40000,70,69,69,0.22487406102247814
lung,baseline,40000,70,65,65,0.1521691120931344
lung,baseline,40000,70,64,64,0.22295090208061363
lung,baseline,40000,70,62,62,0.21541933149049652
lung,baseline,40000,70,64,64,0.21762874291048806
lung,baseline,40000,70,63,63,0.16689870870903542
lung,baseline,40000,70,44,44,0.17231585587524567
lung,baseline,40000,70,37,37,0.17534733293100518
lung,baseline,40000,70,28,28,0.25773414256478205
lung,baseline,40000,70,37,37,0.04329254859094144
lung,baseline,40000,70,35,35,0.045346107252542
lung,baseline,40000,70,34,34,0.051334323527330576
lung,baseline,40000,70,34,34,0.04952957961732258
lung,baseline,40000,70,33,33,0.04735165666541519
lung,baseline,40000,70,34,34,0.049412795027910385
lung,baseline,40000,70,67,67,0.019800744575846754
lung,baseline,40000,70,64,64,0.08434537023392041
lung,baseline,40000,70,69,69,0.009646669899950803
lung,baseline,40000,70,65,65,0.0869182397870431
lung,baseline,40000,70,65,65,0.05219426446656922
lung,baseline,40000,70,52,52,0.041867809358141495
lung,baseline,40000,70,35,35,0.04080893373819027
lung,baseline,40000,70,34,34,0.045209971608628996
lung,baseline,40000,71,70,70,0.14719127704342283
lung,baseline,40000,71,61,61,0.08023602015238072
lung,baseline,40000,71,51,51,0.0531517570763007
lung,baseline,40000,71,34,34,0.22470016557960673
lung,baseline,40000,71,68,68,0.12803066146974282
lung,baseline,40000,71,65,65,0.15097404445127222
lung,baseline,40000,71,14,14,0.21477051318746662
lung,baseline,40000,71,47,47,0.02978920587117428
lung,baseline,40000,71,65,65,0.10711097640752722
lung,baseline,40000,71,28,28,0.17087905719173274
lung,baseline,40000,71,70,70,0.19228599879281216
lung,baseline,40000,71,68,68,0.25300064676549694
lung,baseline,40000,71,64,64,0.34673556786340776
lung,baseline,40000,71,35,35,0.04587642045327127
lung,baseline,40000,71,34,34,0.051021407826852626
lung,baseline,40000,71,37,37,0.03277371664699314
lung,baseline,40000,71,32,32,0.040461555532868745
lung,baseline,40000,71,70,70,0.00688912613343995
lung,baseline,40000,71,68,68,0.12581691813214219
lung,baseline,40000,71,67,67,0.05966087270384432
lung,baseline,40000,71,65,65,0.11642700933441377
lung,baseline,40000,71,63,63,0.02738698242341855
lung,baseline,40000,71,57,57,0.3222613083133481
lung,baseline,40000,71,37,37,0.312487034744854
lung,baseline,40000,71,28,28,0.38255698929188864
lung,baseline,40000,71,14,14,0.2092328076391063
lung,baseline,40000,71,68,68,0.04329211250978336
lung,baseline,40000,71,52,52,0.034423116373027834
lung,baseline,40000,71,44,44,0.03004896102785096
lung,baseline,40000,71,40,40,0.03799008013836902
lung,baseline,40000,71,35,35,0.13326234233956927
lung,baseline,40000,71,70,70,0.1323715395135497
lung,baseline,40000,71,61,61,0.229628985070865
lung,baseline,40000,71,64,64,0.02559368345687689
lung,baseline,40000,71,37,37,0.1447512770259529
lung,baseline,40000,71,35,35,0.16651739024331969
lung,baseline,40000,71,37,37,0.040270553710580734
lung,baseline,40000,71,64,64,0.17143679263139058
lung,baseline,40000,71,28,28,0.2047567270278757
lung,baseline,40000,71,14,14,0.21299436613853423
lung,baseline,40000,71,70,70,0.17833564391417686
lung,baseline,40000,71,70,70,0.0057819932129626874
lung,baseline,40000,71,67,67,0.021083545814842612
lung,baseline,40000,71,70,70,0.012363165015428303
lung,baseline,40000,71,47,47,0.03466116207808209
lung,baseline,40000,71,68,68,0.29444434891477256
lung,baseline,40000,71,37,37,0.16592518059218928
lung,baseline,40000,71,28,28,0.39770237132551933
lung,baseline,40000,71,37,37,0.04528445267596981
lung,baseline,40000,71,70,70,0.01983045191907383
lung,baseline,40000,71,70,70,0.006118013967731288
lung,baseline,40000,71,68,68,0.04633771957031217
lung,baseline,40000,71,66,66,0.08731766775824969
lung,baseline,40000,71,65,65,0.038981132374292515
lung,baseline,40000,71,68,68,0.20472959090348258
lung,baseline,40000,71,66,66,0.19615212179414562
lung,baseline,40000,71,65,65,0.1988925304383861
lung,baseline,40000,71,65,65,0.1900088030223244
lung,baseline,40000,71,68,68,0.006645511270384792
lung,baseline,40000,71,67,67,0.07073802236582094
lung,baseline,40000,71,65,65,0.010884085315215921
lung,baseline,40000,71,37,37,0.1555410913872973
lung,baseline,40000,71,35,35,0.17160594945229604
lung,baseline,40000,72,68,68,0.14261635524148186
lung,baseline,40000,72,67,67,0.11238408696856876
lung,baseline,40000,72,71,71,0.009692084258525063
lung,baseline,40000,72,71,71,0.03167090663341372
lung,baseline,40000,72,66,66,0.014466653932799091
lung,baseline,40000,72,65,65,0.03628177461040265
lung,baseline,40000,72,69,69,0.007971016388939104
lung,baseline,40000,72,68,68,0.07986340959015963
lung,baseline,40000,72,66,66,0.10658647353390212
lung,baseline,40000,72,55,55,0.0770054723806223
lung,baseline,40000,72,28,28,0.16233342591690975
lung,baseline,40000,72,37,37,0.1815951422643935
lung,baseline,40000,72,71,71,0.01854158001206369
lung,baseline,40000,72,68,68,0.010975428758644573
lung,baseline,40000,72,68,68,0.07289735426030973
lung,baseline,40000,72,14,14,0.1954545810964697
lung,baseline,40000,72,71,71,0.06031910376032949
lung,baseline,40000,72,69,69,0.11020799643257756
lung,baseline,40000,72,28,28,0.18515281128177116
lung,baseline,40000,72,71,71,0.04927182998858581
lung,baseline,40000,72,64,64,0.011778586219134097
lung,baseline,40000,72,35,35,0.045929925260754255
lung,baseline,40000,72,71,71,0.04980901458301794
lung,baseline,40000,72,68,68,0.042776293018363276
lung,baseline,40000,72,66,66,0.030388958573067858
lung,baseline,40000,72,47,47,0.03725451290974258
lung,baseline,40000,72,46,46,0.03910862117248932
lung,baseline,40000,72,66,66,0.0743179260946392
lung,baseline,40000,72,62,62,0.07863678520435359
lung,baseline,40000,72,14,14,0.19919942387128556
lung,baseline,40000,72,32,32,0.2751677928673687
lung,baseline,40000,72,71,71,0.02056013224760083
lung,baseline,40000,72,69,69,0.012526479810876607
lung,baseline,40000,72,14,14,0.2545456730375923
lung,baseline,40000,72,14,14,0.18089632546055004
lung,baseline,40000,72,59,59,0.22826607322303608
lung,baseline,40000,72,57,57,0.20742254240277813
lung,baseline,40000,72,70,70,0.017084813836663486
lung,baseline,40000,72,64,64,0.010993495994896808
lung,baseline,40000,72,35,35,0.04406574685653298
lung,baseline,40000,72,71,71,0.004364227412731597
lung,baseline,40000,72,71,71,0.04158467313855186
lung,baseline,40000,72,62,62,0.059472982063049566
lung,baseline,40000,72,70,70,0.027746409737085396
lung,baseline,40000,72,69,69,0.0099504256162917
lung,baseline,40000,72,14,14,0.21835937351222487
lung,baseline,40000,72,66,66,0.01769300233468522
lung,baseline,40000,72,62,62,0.1332175528976178
lung,baseline,40000,72,37,37,0.1823063729904225
lung,baseline,40000,72,35,35,0.16872861992415283
lung,baseline,40000,72,14,14,0.25648825688757554
lung,baseline,40000,72,64,64,0.09439147423326676
lung,baseline,40000,72,40,40,0.04689943185284257
lung,baseline,40000,72,63,63,0.06792351159233048
lung,baseline,40000,72,63,63,0.20655831240003672
lung,baseline,40000,72,33,33,0.1623098914425876
lung,baseline,40000,72,71,71,0.11215000798725006
lung,baseline,40000,72,71,71,0.010956653029104323
lung,baseline,40000,72,65,65,0.018197943709277877
lung,baseline,40000,72,71,71,0.1101215494629443
lung,baseline,40000,72,65,65,0.020911796287559313
lung,baseline,40000,72,64,64,0.037295867431945996
lung,baseline,40000,72,34,34,0.22010087279838444
lung,baseline,40000,72,33,33,0.22549719769369836
lung,baseline,40000,72,19,19,0.2951040703680845
lung,baseline,40000,72,71,71,0.049872599663180556
lung,baseline,40000,72,71,71,0.002484028186135407
lung,baseline,40000,72,65,65,0.02670458104340491
lung,baseline,40000,72,28,28,0.3517415810984827
lung,baseline,40000,72,14,14,0.2136628426140371
lung,baseline,40000,72,47,47,0.2601344108694501
lung,baseline,40000,72,71,71,0.009063878911726433
lung,baseline,40000,72,70,70,0.031159831511463246
lung,baseline,40000,72,69,69,0.010567875581807265
lung,baseline,40000,72,65,65,0.034657769553190276
lung,baseline,40000,72,64,64,0.03129695995733641
lung,baseline,40000,72,67,67,0.10796179730953906
lung,baseline,40000,72,67,67,0.10967703639196072
lung,baseline,40000,72,58,58,0.12988249697455828
lung,baseline,40000,72,53,53,0.0929366846598095
lung,baseline,40000,72,47,47,0.28774996491153926
lung,baseline,40000,72,46,46,0.27792198780247107
lung,baseline,40000,72,28,28,0.42117285337935984
lung,baseline,40000,72,66,66,0.25629179783275213
lung,baseline,40000,72,64,64,0.2046038050901275
lung,baseline,40000,72,70,70,0.012813954087962163
lung,baseline,40000,72,70,70,0.009342406686153703
lung,baseline,40000,72,47,47,0.031086096404330292
lung,baseline,40000,72,70,70,0.010381894629139826
lung,baseline,40000,72,69,69,0.03773220699725086
lung,baseline,40000,72,64,64,0.03150695023424577
lung,baseline,40000,72,62,62,0.02267843295763894
lung,baseline,40000,72,34,34,0.05424806826123113
lung,baseline,40000,72,71,71,0.1286287567149657
lung,baseline,40000,73,68,68,0.1462199343158168
lung,baseline,40000,73,61,61,0.09658013700912198
lung,baseline,40000,73,46,46,0.15452380255830833
lung,baseline,40000,73,72,72,0.007757701253812074
lung,baseline,40000,73,72,72,0.1199445376071767
lung,baseline,40000,73,72,72,0.008333518554563915
lung,baseline,40000,73,72,72,0.028631990876810273
lung,baseline,40000,73,68,68,0.03099377131581234
lung,baseline,40000,73,72,72,0.1049717845405338
lung,baseline,40000,73,66,66,0.018459719477221442
lung,baseline,40000,73,58,58,0.06248388035530044
lung,baseline,40000,73,37,37,0.09487323119315302
lung,baseline,40000,73,36,36,0.07580878297973065
lung,baseline,40000,73,34,34,0.2327770002006165
lung,baseline,40000,73,14,14,0.22532526407675382
lung,baseline,40000,73,64,64,0.01998683776583562
lung,baseline,40000,73,72,72,0.13356943737749255
lung,baseline,40000,73,72,72,0.19852194248054802
lung,baseline,40000,73,67,67,0.13183397307051484
lung,baseline,40000,73,58,58,0.20134022239266305
lung,baseline,40000,73,57,57,0.14166650577172965
lung,baseline,40000,73,72,72,0.01694615635543349
lung,baseline,40000,73,71,71,0.0035081425655996193
lung,baseline,40000,73,70,70,0.03948289803277078
lung,baseline,40000,73,70,70,0.04300856487469573
lung,baseline,40000,73,72,72,0.11414712660990697
lung,baseline,40000,73,72,72,0.1373776187931361
lung,baseline,40000,73,72,72,0.04749354781025666
lung,baseline,40000,73,69,69,0.07999671371388754
lung,baseline,40000,73,61,61,0.03593128510682581
lung,baseline,40000,73,72,72,0.11737886833729225
lung,baseline,40000,73,69,69,0.07029678135116493
lung,baseline,40000,73,72,72,0.11849978574733908
lung,baseline,40000,73,72,72,0.030350372093633345
lung,baseline,40000,73,68,68,0.01479724929280555
lung,baseline,40000,73,14,14,0.26913446153892157
lung,baseline,40000,73,72,72,0.13137616981323114
lung,baseline,40000,73,72,72,0.006973009071278979
lung,baseline,40000,73,71,71,0.013406957360387746
lung,baseline,40000,73,66,66,0.020205253356774717
lung,baseline,40000,73,72,72,0.11478742155492733
lung,baseline,40000,73,72,72,0.027355164499039426
lung,baseline,40000,73,72,72,0.014037116173692053
lung,baseline,40000,73,70,70,0.010530296244293772
lung,baseline,40000,73,68,68,0.03185834317027142
lung,baseline,40000,73,64,64,0.032425754790438646
lung,baseline,40000,73,62,62,0.025290302863091446
lung,baseline,40000,73,14,14,0.21466209126460697
lung,baseline,40000,73,37,37,0.23877413009631662
lung,baseline,40000,73,72,72,0.15881277546695982
lung,baseline,40000,73,72,72,0.10925472664269575
lung,baseline,40000,73,70,70,0.04258198689093922
lung,baseline,40000,73,64,64,0.04421205581522764
lung,baseline,40000,73,72,72,0.061941979969767594
lung,baseline,40000,73,72,72,0.10634846989811458
lung,baseline,40000,73,68,68,0.018847902307689745
lung,baseline,40000,73,72,72,0.1800389483938998
lung,baseline,40000,73,64,64,0.011994662002447677
lung,baseline,40000,73,37,37,0.0462416444266243
lung,baseline,40000,73,35,35,0.04971826490710215
lung,baseline,40000,73,34,34,0.05563434499602512
lung,baseline,40000,73,70,70,0.008029810536784374
lung,baseline,40000,73,68,68,0.10710297138258813
lung,baseline,40000,73,68,68,0.07432875038116085
lung,baseline,40000,73,64,64,0.16209215666768345
lung,baseline,40000,73,34,34,0.15618397757426813
lung,baseline,40000,73,33,33,0.16001786783858743
lung,baseline,40000,73,37,37,0.04852435303347617
lung,baseline,40000,73,35,35,0.05048911282111866
lung,baseline,40000,73,34,34,0.056926009754956666
lung,baseline,40000,73,64,64,0.03553422024417788
lung,baseline,40000,73,62,62,0.02237135441669786
lung,baseline,40000,73,37,37,0.046877471207241686
lung,baseline,40000,73,35,35,0.053662899058318274
lung,baseline,40000,73,61,61,0.026725763746973184
lung,baseline,40000,73,71,71,0.17867788817891433
lung,baseline,40000,73,71,71,0.20696621816929336
lung,baseline,40000,73,71,71,0.24879775219156902
lung,baseline,40000,73,67,67,0.155260089948089
lung,baseline,40000,73,67,67,0.19752607512415868
lung,baseline,40000,73,66,66,0.18861006745957698
lung,baseline,40000,73,37,37,0.04371711149974835
lung,baseline,40000,73,35,35,0.05678984860456993
lung,baseline,40000,73,34,34,0.059414072528172275
lung,baseline,40000,73,63,63,0.23717812163636623
lung,baseline,40000,73,58,58,0.26727514838107874
lung,baseline,40000,73,52,52,0.283021980613177
lung,baseline,40000,73,44,44,0.25820768597885263
lung,baseline,40000,73,40,40,0.2612099154510835
lung,baseline,40000,73,35,35,0.26671653375028265
lung,baseline,40000,73,19,19,0.37394361536763343
lung,baseline,40000,73,72,72,0.12267078697380868
lung,baseline,40000,73,70,70,0.014977897159739425
lung,baseline,40000,73,69,69,0.061888345019945536
lung,baseline,40000,73,69,69,0.14725600017075774
lung,baseline,40000,73,72,72,0.22950876545945573
lung,baseline,40000,73,72,72,0.10027459045528103
lung,baseline,40000,73,72,72,0.031556604066291655
lung,baseline,40000,73,70,70,0.01346563961358706
lung,baseline,40000,73,70,70,0.027596007614028372
lung,baseline,40000,73,72,72,0.1361906470717975
lung,baseline,40000,73,66,66,0.02498085736960327
lung,baseline,40000,73,65,65,0.1558232700944357
lung,baseline,40000,73,63,63,0.21802559192598028
lung,baseline,40000,73,62,62,0.24261447323213944
lung,baseline,40000,73,59,59,0.26320273224042223
lung,baseline,40000,73,58,58,0.24128744151783274
lung,baseline,40000,73,52,52,0.2554111140303673
lung,baseline,40000,73,72,72,0.11932013857140772
lung,baseline,40000,73,68,68,0.10407396262715718
lung,baseline,40000,73,67,67,0.1224302848965817
lung,baseline,40000,73,64,64,0.13504664110884057
lung,baseline,40000,73,70,70,0.017223856001254666
lung,baseline,40000,73,47,47,0.03764170605271385
lung,baseline,40000,73,46,46,0.03564917468255507
lung,baseline,40000,73,71,71,0.2337482446000994
lung,baseline,40000,73,70,70,0.1951183263000463
lung,baseline,40000,73,64,64,0.17902106463148593
lung,baseline,40000,73,69,69,0.06938038093664028
lung,baseline,40000,73,68,68,0.026465643283875583
lung,baseline,40000,73,65,65,0.03319200412590058
lung,baseline,40000,73,65,65,0.034391008040259
lung,baseline,40000,73,37,37,0.03821322462419842
lung,baseline,40000,73,34,34,0.04952372104270204
lung,baseline,40000,73,72,72,0.0989744907731101
lung,baseline,40000,73,72,72,0.1284364218799394
lung,baseline,40000,73,71,71,0.00951292239452817
lung,baseline,40000,73,65,65,0.07539828442314984
lung,baseline,40000,73,72,72,0.13540731110034349
lung,baseline,40000,73,72,72,0.04824336923066267
lung,baseline,40000,73,72,72,0.020882701784577892
lung,baseline,40000,73,72,72,0.004449734669062278
lung,baseline,40000,73,72,72,0.00414196081419729
lung,baseline,40000,73,72,72,0.009484916897318932
lung,baseline,40000,73,52,52,0.14402394148870862
lung,baseline,40000,73,37,37,0.1441197574558942
lung,baseline,40000,73,70,70,0.010017141830991116
lung,baseline,40000,73,72,72,0.1171048130365468
lung,baseline,40000,73,72,72,0.09026648177903551
lung,baseline,40000,73,70,70,0.013019026304100465
lung,baseline,40000,73,70,70,0.010466784399653685
lung,baseline,40000,73,64,64,0.012534446289410372
lung,baseline,40000,73,72,72,0.02781361287719673
lung,baseline,40000,73,72,72,0.002476809856307492
lung,baseline,40000,73,46,46,0.033582160040526
lung,baseline,40000,73,72,72,0.09104254207799621
lung,baseline,40000,73,72,72,0.03589482554242339
lung,baseline,40000,73,70,70,0.010786970050201473
lung,baseline,40000,74,37,37,0.10384254358349984
lung,baseline,40000,74,73,73,0.032530146850596464
lung,baseline,40000,74,73,73,0.14918326856036135
lung,baseline,40000,74,73,73,0.01987645394479109
lung,baseline,40000,74,73,73,0.08440424250450033
lung,baseline,40000,74,73,73,0.12771621135870745
lung,baseline,40000,74,72,72,0.12315003060738644
lung,baseline,40000,74,69,69,0.21113265552648808
lung,baseline,40000,74,66,66,0.0665773877708122
lung,baseline,40000,74,63,63,0.08053549380990788
lung,baseline,40000,74,67,67,0.24516128523052333
lung,baseline,40000,74,65,65,0.2949512268351786
lung,baseline,40000,74,64,64,0.2987072417464226
lung,baseline,40000,74,73,73,0.02905982926385022
lung,baseline,40000,74,69,69,0.009658434090981226
lung,baseline,40000,74,37,37,0.20094642371340107
lung,baseline,40000,74,34,34,0.1967287750429412
lung,baseline,40000,74,73,73,0.14813316239037735
lung,baseline,40000,74,73,73,0.1953133472730689
lung,baseline,40000,74,55,55,0.23051220792082378
lung,baseline,40000,74,35,35,0.23574360028138908
lung,baseline,40000,74,34,34,0.2493047724261902
lung,baseline,40000,74,28,28,0.3027583990586022
lung,baseline,40000,74,73,73,0.2679906972585915
lung,baseline,40000,74,67,67,0.2212517037285381
lung,baseline,40000,74,73,73,0.13169520389791664
lung,baseline,40000,74,68,68,0.30826456951501635
lung,baseline,40000,74,68,68,0.2634896905251645
lung,baseline,40000,74,64,64,0.3165305569010103
lung,baseline,40000,74,64,64,0.28810191450490247
lung,baseline,40000,74,63,63,0.25694509498609924
lung,baseline,40000,74,63,63,0.28673882089817765
lung,baseline,40000,74,59,59,0.3089392910831799
lung,baseline,40000,74,58,58,0.34058722278278597
lung,baseline,40000,74,73,73,0.13864061015985768
lung,baseline,40000,74,69,69,0.12406177138991198
lung,baseline,40000,74,66,66,0.08504282000563976
lung,baseline,40000,74,71,71,0.24313852741095196
lung,baseline,40000,74,69,69,0.24070032739097513
lung,baseline,40000,74,66,66,0.28844390456455565
lung,baseline,40000,74,64,64,0.20418497003482777
lung,baseline,40000,74,69,69,0.15807229905662798
lung,baseline,40000,74,68,68,0.1385306968193545
lung,baseline,40000,74,72,72,0.13437341029506042
lung,baseline,40000,74,66,66,0.12230132805465457
lung,baseline,40000,74,73,73,0.07610527026916446
lung,baseline,40000,74,73,73,0.11977457138494978
lung,baseline,40000,74,71,71,0.02530179256783399
lung,baseline,40000,74,34,34,0.15342850543969302
lung,baseline,40000,74,73,73,0.18895969187260947
lung,baseline,40000,74,59,59,0.051782694595462204
lung,baseline,40000,74,73,73,0.2736920989732956
lung,baseline,40000,74,73,73,0.28816863491415723
lung,baseline,40000,74,66,66,0.02247084698482038
lung,baseline,40000,74,65,65,0.12985148754673007
lung,baseline,40000,74,52,52,0.15223426310077431
lung,baseline,40000,74,73,73,0.1055563617120061
lung,baseline,40000,74,69,69,0.07110703053393344
lung,baseline,40000,74,64,64,0.08953130783869298
lung,baseline,40000,74,60,60,0.07701747931421692
lung,baseline,40000,74,73,73,0.05161098507552398
lung,baseline,40000,74,73,73,0.1350799323708548
lung,baseline,40000,74,71,71,0.02280226643176923
lung,baseline,40000,74,61,61,0.05421904223932449
lung,baseline,40000,74,46,46,0.12711031959558305
lung,baseline,40000,74,73,73,0.13611458338052085
lung,baseline,40000,74,67,67,0.13930180561085875
lung,baseline,40000,74,65,65,0.1071473237933004
lung,baseline,40000,74,28,28,0.20277542391106493
lung,baseline,40000,74,73,73,0.12794142764105101
lung,baseline,40000,74,64,64,0.01984908601369146
lung,baseline,40000,74,64,64,0.09063668242736694
lung,baseline,40000,74,53,53,0.06897212748313175
lung,baseline,40000,74,35,35,0.13902874024846912
lung,baseline,40000,74,62,62,0.04891546761740356
lung,baseline,40000,74,73,73,0.020876269593912856
lung,baseline,40000,74,71,71,0.00830473887856987
lung,baseline,40000,74,70,70,0.03068278992364797
lung,baseline,40000,74,44,44,0.04157686801575166
lung,baseline,40000,74,37,37,0.04284011015095764
lung,baseline,40000,74,73,73,0.011246430230366672
lung,baseline,40000,74,73,73,0.06570296726295648
lung,baseline,40000,74,73,73,0.15612594161213564
lung,baseline,40000,74,71,71,0.019693020563112014
lung,baseline,40000,74,37,37,0.12067433177249709
lung,baseline,40000,74,32,32,0.15361594662803174
lung,baseline,40000,74,73,73,0.028205797346340346
lung,baseline,40000,74,73,73,0.012472741580910773
lung,baseline,40000,74,73,73,0.008627706356447898
lung,baseline,40000,74,71,71,0.016576106160253255
lung,baseline,40000,74,69,69,0.008840969042370913
lung,baseline,40000,74,60,60,0.025288093496160725
lung,baseline,40000,74,61,61,0.16344026119868102
lung,baseline,40000,74,64,64,0.02335763403968282
lung,baseline,40000,74,73,73,0.3136137418403046
lung,baseline,40000,74,14,14,0.22627472453181913
lung,baseline,40000,74,73,73,0.05059084844106057
lung,baseline,40000,74,73,73,0.0038662227058944287
lung,baseline,40000,74,72,72,0.005988186975108983
lung,baseline,40000,74,68,68,0.014700503630138929
lung,baseline,40000,74,73,73,0.25376305828830514
lung,baseline,40000,74,71,71,0.2204051386361551
lung,baseline,40000,74,68,68,0.28236036331621966
lung,baseline,40000,74,68,68,0.21264721123332753
lung,baseline,40000,74,73,73,0.12369182412949507
lung,baseline,40000,74,64,64,0.02398048986771049
lung,baseline,40000,74,64,64,0.020844912810262267
lung,baseline,40000,74,71,71,0.3380259373032682
lung,baseline,40000,74,62,62,0.09706448229522112
lung,baseline,40000,74,14,14,0.21023341744769378
lung,baseline,40000,74,71,71,0.2932515198603872
lung,baseline,40000,74,71,71,0.25579789079861215
lung,baseline,40000,74,71,71,0.30832264865647974
lung,baseline,40000,74,68,68,0.27888543390664816
lung,baseline,40000,74,67,67,0.27164247244051737
lung,baseline,40000,74,66,66,0.26700151847012865
lung,baseline,40000,74,65,65,0.2878407569628089
lung,baseline,40000,74,73,73,0.03727230233965386
lung,baseline,40000,74,73,73,0.09830944037750759
lung,baseline,40000,74,66,66,0.026570636684019586
lung,baseline,40000,74,70,70,0.15867730086474852
lung,baseline,40000,74,64,64,0.16360867057199402
lung,baseline,40000,74,71,71,0.2627967113996006
lung,baseline,40000,74,68,68,0.296148951739518
lung,baseline,40000,74,73,73,0.005052455646469918
lung,baseline,40000,74,73,73,0.009245319174061815
lung,baseline,40000,74,73,73,0.027129350568659744
lung,baseline,40000,74,73,73,0.013332890294359011
lung,baseline,40000,74,73,73,0.014133349945629394
lung,baseline,40000,74,72,72,0.02683367911217889
lung,baseline,40000,74,70,70,0.0259331714530726
lung,baseline,40000,74,70,70,0.032513663701582485
lung,baseline,40000,74,70,70,0.028721847173458777
lung,baseline,40000,74,73,73,0.008949367047190052
lung,baseline,40000,74,73,73,0.04664001622485998
lung,baseline,40000,74,73,73,0.03279579443646464
lung,baseline,40000,74,73,73,0.125731553503968
lung,baseline,40000,74,67,67,0.03209992490383856
lung,baseline,40000,74,71,71,0.012469638638339662
lung,baseline,40000,74,70,70,0.030698312246585667
lung,baseline,40000,74,44,44,0.035511727361675016
lung,baseline,40000,74,73,73,0.13789373761392731
lung,baseline,40000,74,73,73,0.04721811380792747
lung,baseline,40000,74,73,73,0.008150171603573545
lung,baseline,40000,74,73,73,0.002739020411050086
lung,baseline,40000,74,73,73,0.0030914983545119374
lung,baseline,40000,74,73,73,0.0052783824995986375
lung,baseline,40000,74,73,73,0.00488008993966559
lung,baseline,40000,74,73,73,0.00499945598848242
lung,baseline,40000,74,72,72,0.0068943765265422575
lung,baseline,40000,74,72,72,0.00691369648385003
lung,baseline,40000,74,71,71,0.033373070255188736
lung,baseline,40000,74,71,71,0.012039568810737098
lung,baseline,40000,74,71,71,0.015848816507077864
lung,baseline,40000,74,70,70,0.012350388057636604
lung,baseline,40000,74,67,67,0.033503508683225026
lung,baseline,40000,74,73,73,0.1251216233118299
lung,baseline,40000,74,73,73,0.13663774047858232
lung,baseline,40000,74,73,73,0.11888144694864716
lung,baseline,40000,74,73,73,0.16535878264358655
lung,baseline,40000,74,72,72,0.042996240432459545
lung,baseline,40000,74,14,14,0.21355168422660378
lung,baseline,40000,74,14,14,0.21242739002780658
lung,baseline,40000,74,73,73,0.1383146063320182
lung,baseline,40000,74,72,72,0.02043940047350303
lung,baseline,40000,74,73,73,0.026902810008927407
lung,baseline,40000,74,70,70,0.008016279115684569
lung,baseline,40000,74,65,65,0.2650995566011769
lung,baseline,40000,74,28,28,0.33330611147277256
lung,baseline,40000,74,62,62,0.13948052909266365
lung,baseline,40000,74,70,70,0.14514180049854705
lung,baseline,40000,74,64,64,0.1412744041192004
lung,baseline,40000,74,73,73,0.18093616550856975
lung,baseline,40000,74,73,73,0.2553495446455759
lung,baseline,40000,74,68,68,0.030493802909717854
lung,baseline,40000,74,73,73,0.10815261306302108
lung,baseline,40000,74,73,73,0.025545551901274683
lung,baseline,40000,74,72,72,0.04137175712063976
lung,baseline,40000,74,66,66,0.02499304701197571
lung,baseline,40000,74,63,63,0.030405769039825854
lung,baseline,40000,74,47,47,0.13622230854780648
lung,baseline,40000,74,28,28,0.16305798496965343
lung,baseline,40000,74,73,73,0.15924263368376837
lung,baseline,40000,74,73,73,0.02696409272166283
lung,baseline,40000,74,71,71,0.028159202256894854
lung,baseline,40000,74,69,69,0.016509956962843228
lung,baseline,40000,74,73,73,0.18402718095156828
lung,baseline,40000,74,73,73,0.20153871722365413
lung,baseline,40000,74,73,73,0.06116845017562408
lung,baseline,40000,75,71,71,0.26328009090983806
lung,baseline,40000,75,70,70,0.2541922762079285
lung,baseline,40000,75,69,69,0.25315594540780556
lung,baseline,40000,75,68,68,0.29913828670288867
lung,baseline,40000,75,68,68,0.2725005044102716
lung,baseline,40000,75,74,74,0.05250381593760004
lung,baseline,40000,75,71,71,0.10152352410355805
lung,baseline,40000,75,70,70,0.09475650841505344
lung,baseline,40000,75,69,69,0.09843642562469349
lung,baseline,40000,75,69,69,0.11664513294994158
lung,baseline,40000,75,68,68,0.15046530809969996
lung,baseline,40000,75,35,35,0.19794548409639398
lung,baseline,40000,75,34,34,0.20273701779248257
lung,baseline,40000,75,27,27,0.198601761496708
lung,baseline,40000,75,28,28,0.3444551417475818
lung,baseline,40000,75,74,74,0.12068580777903785
lung,baseline,40000,75,65,65,0.1372023959709597
lung,baseline,40000,75,52,52,0.16323229968662598
lung,baseline,40000,75,47,47,0.15266510354914176
lung,baseline,40000,75,44,44,0.16119476093589016
lung,baseline,40000,75,40,40,0.1705954521750614
lung,baseline,40000,75,28,28,0.23372121211994454
lung,baseline,40000,75,74,74,0.21623160769413774
lung,baseline,40000,75,74,74,0.21351234952762924
lung,baseline,40000,75,66,66,0.05501480646102078
lung,baseline,40000,75,74,74,0.0019798676718843842
lung,baseline,40000,75,74,74,0.0047309897918926865
lung,baseline,40000,75,73,73,0.03551141762973021
lung,baseline,40000,75,72,72,0.04835460939623212
lung,baseline,40000,75,68,68,0.032415166234002944
lung,baseline,40000,75,65,65,0.03183438421213408
lung,baseline,40000,75,62,62,0.05276149390819792
lung,baseline,40000,75,73,73,0.05860523034289455
lung,baseline,40000,75,72,72,0.06302298189537318
lung,baseline,40000,75,59,59,0.08105885787939951
lung,baseline,40000,75,37,37,0.15583142509620068
lung,baseline,40000,75,28,28,0.19072572693434742
lung,baseline,40000,75,72,72,0.02076973901091521
lung,baseline,40000,75,69,69,0.10397314982394043
lung,baseline,40000,75,53,53,0.110145761824504
lung,baseline,40000,75,72,72,0.22454082207194384
lung,baseline,40000,75,71,71,0.21941999618661953
lung,baseline,40000,75,70,70,0.2251431167290149
lung,baseline,40000,75,67,67,0.26129709190587813
lung,baseline,40000,75,67,67,0.21149692730037786
lung,baseline,40000,75,55,55,0.2664987595145083
lung,baseline,40000,75,28,28,0.3423337301767618
lung,baseline,40000,75,69,69,0.05450617532214167
lung,baseline,40000,75,72,72,0.10705430335601597
lung,baseline,40000,75,65,65,0.12080556405363975
lung,baseline,40000,75,62,62,0.12830863085892633
lung,baseline,40000,75,70,70,0.1313533901754425
lung,baseline,40000,75,37,37,0.17164109075612116
lung,baseline,40000,75,35,35,0.16630989710755678
lung,baseline,40000,75,74,74,0.0047608877985139434
lung,baseline,40000,75,71,71,0.06718779776930049
lung,baseline,40000,75,65,65,0.01709570051203144
lung,baseline,40000,75,74,74,0.09813452518828229
lung,baseline,40000,75,74,74,0.01774723937018758
lung,baseline,40000,75,74,74,0.016242124512057757
lung,baseline,40000,75,74,74,0.02986338501937317
lung,baseline,40000,75,74,74,0.13803300302933755
lung,baseline,40000,75,74,74,0.0034824044379574634
lung,baseline,40000,75,74,74,0.009184676548160648
lung,baseline,40000,75,73,73,0.014843594402983516
lung,baseline,40000,75,62,62,0.04602410919270248
lung,baseline,40000,75,74,74,0.026761755404060814
lung,baseline,40000,75,74,74,0.11597937741064264
lung,baseline,40000,75,35,35,0.1255354605976146
lung,baseline,40000,75,34,34,0.13801691958721393
lung,baseline,40000,75,74,74,0.19655618641237008
lung,baseline,40000,75,74,74,0.027857803265009765
lung,baseline,40000,75,74,74,0.11761231782644396
lung,baseline,40000,75,74,74,0.0061997718038285824
lung,baseline,40000,75,73,73,0.00683689102512004
lung,baseline,40000,75,73,73,0.01494459538777147
lung,baseline,40000,75,73,73,0.018193680923810945
lung,baseline,40000,75,72,72,0.012781571089752197
lung,baseline,40000,75,72,72,0.025787703011284153
lung,baseline,40000,75,72,72,0.009727567141928203
lung,baseline,40000,75,70,70,0.020276976801294422
lung,baseline,40000,75,62,62,0.04514368326987188
lung,baseline,40000,75,74,74,0.08022016128937826
lung,baseline,40000,75,74,74,0.11746193657011475
lung,baseline,40000,75,74,74,0.3149979025889956
lung,baseline,40000,75,73,73,0.2806483093949542
lung,baseline,40000,75,14,14,0.2674012760221916
lung,baseline,40000,75,74,74,0.1871253325727004
lung,baseline,40000,75,66,66,0.1464578507243156
lung,baseline,40000,75,33,33,0.06749796841618284
lung,baseline,40000,75,65,65,0.12054080758771353
lung,baseline,40000,75,28,28,0.19603232819501645
lung,baseline,40000,75,73,73,0.0364136741840289
lung,baseline,40000,75,73,73,0.09342321053590619
lung,baseline,40000,75,70,70,0.10257805282320405
lung,baseline,40000,75,69,69,0.1021919928334085
lung,baseline,40000,75,66,66,0.024534122334240308
lung,baseline,40000,75,62,62,0.09650468964160458
lung,baseline,40000,75,60,60,0.10638271996415694
lung,baseline,40000,75,37,37,0.11253491584609243
lung,baseline,40000,75,37,37,0.14654071100616495
lung,baseline,40000,75,36,36,0.10237985475333489
lung,baseline,40000,75,34,34,0.21819458471029854
lung,baseline,40000,75,74,74,0.19179031738708002
lung,baseline,40000,75,73,73,0.1745476228875811
lung,baseline,40000,75,73,73,0.1810981612790163
lung,baseline,40000,75,73,73,0.1918207217962133
lung,baseline,40000,75,74,74,0.17729533576986292
lung,baseline,40000,75,74,74,0.0041634528821460895
lung,baseline,40000,75,69,69,0.32921365713643475
lung,baseline,40000,75,66,66,0.29356992540923044
lung,baseline,40000,75,74,74,0.003526770792725385
lung,baseline,40000,75,74,74,0.003767730202105678
lung,baseline,40000,75,74,74,0.1516959413215573
lung,baseline,40000,75,74,74,0.030766904381611875
lung,baseline,40000,75,74,74,0.10536630486284063
lung,baseline,40000,75,74,74,0.15355068404448677
lung,baseline,40000,75,74,74,0.09066711099201744
lung,baseline,40000,75,74,74,0.16690092560082812
lung,baseline,40000,75,72,72,0.02210412687020598
lung,baseline,40000,75,74,74,0.010222869332292698
lung,baseline,40000,75,74,74,0.10137409057336265
lung,baseline,40000,75,74,74,0.11028373821031115
lung,baseline,40000,75,74,74,0.23676611238185719
lung,baseline,40000,75,74,74,0.26177155099298216
lung,baseline,40000,75,69,69,0.11697238935917509
lung,baseline,40000,75,62,62,0.13256408473719375
lung,baseline,40000,75,73,73,0.0920642081411809
lung,baseline,40000,75,73,73,0.03670104566920896
lung,baseline,40000,75,63,63,0.03059618389097329
lung,baseline,40000,75,73,73,0.2663836542797499
lung,baseline,40000,75,71,71,0.29288475949955733
lung,baseline,40000,75,68,68,0.2881760231700427
lung,baseline,40000,75,74,74,0.006852941187240383
lung,baseline,40000,75,73,73,0.10765485399617442
lung,baseline,40000,75,73,73,0.11276911639283459
lung,baseline,40000,75,73,73,0.1057640599895679
lung,baseline,40000,75,63,63,0.03531172752727024
lung,baseline,40000,75,72,72,0.21940621696400817
lung,baseline,40000,75,70,70,0.22406329163993732
lung,baseline,40000,75,70,70,0.2283597957793555
lung,baseline,40000,75,70,70,0.22500756487096055
lung,baseline,40000,75,70,70,0.10405906425610775
lung,baseline,40000,75,68,68,0.10361043290907934
lung,baseline,40000,75,69,69,0.023915588792178054
lung,baseline,40000,75,74,74,0.09381101105767821
lung,baseline,40000,75,74,74,0.041400661094901675
lung,baseline,40000,75,66,66,0.02924005274197136
lung,baseline,40000,75,71,71,0.27910742804403527
lung,baseline,40000,75,70,70,0.2604457536785427
lung,baseline,40000,75,69,69,0.24111396540539723
lung,baseline,40000,75,68,68,0.2805674733690643
lung,baseline,40000,75,68,68,0.263438945338125
lung,baseline,40000,75,65,65,0.15870479357902148
lung,baseline,40000,75,37,37,0.10561272560927515
lung,baseline,40000,75,74,74,0.004596852518145172
lung,baseline,40000,75,73,73,0.1502026159370417
lung,baseline,40000,75,72,72,0.16296803215898567
lung,baseline,40000,75,59,59,0.1745897770649356
lung,baseline,40000,75,74,74,0.20953503462146184
lung,baseline,40000,75,74,74,0.1931161630840295
lung,baseline,40000,75,74,74,0.19467688962917845
lung,baseline,40000,75,74,74,0.046800961255835764
lung,baseline,40000,75,73,73,0.14103374482859019
lung,baseline,40000,75,72,72,0.024661541619213415
lung,baseline,40000,75,69,69,0.1427399768411661
lung,baseline,40000,75,60,60,0.12046075773804144
lung,baseline,40000,75,74,74,0.05647184869708436
lung,baseline,40000,75,72,72,0.009551227220783949
lung,baseline,40000,75,73,73,0.17427528196951061
lung,baseline,40000,75,71,71,0.020851687706073447
lung,baseline,40000,75,71,71,0.15688936326940103
lung,baseline,40000,75,73,73,0.2996984044656618
lung,baseline,40000,75,66,66,0.2649117326923277
lung,baseline,40000,75,65,65,0.2833928439823661
lung,baseline,40000,75,64,64,0.21479747931911053
lung,baseline,40000,75,73,73,0.2886929780010238
lung,baseline,40000,75,73,73,0.28358982103994385
lung,baseline,40000,75,68,68,0.22258984038084506
lung,baseline,40000,75,68,68,0.25905811006399143
lung,baseline,40000,75,62,62,0.3231565460301716
lung,baseline,40000,75,52,52,0.3067345339887563
lung,baseline,40000,75,44,44,0.2872744092830058
lung,baseline,40000,75,40,40,0.2936579837956509
lung,baseline,40000,75,65,65,0.10889999991088846
lung,baseline,40000,75,40,40,0.14766000420166614
lung,baseline,40000,75,19,19,0.2738253047643795
lung,baseline,40000,75,74,74,0.2594332230132975
lung,baseline,40000,75,74,74,0.031109516670904367
lung,baseline,40000,75,74,74,0.2638745377319419
lung,baseline,40000,75,62,62,0.21506981493095692
lung,baseline,40000,75,62,62,0.1959682212251174
lung,baseline,40000,75,74,74,0.06935491782971495
lung,baseline,40000,75,73,73,0.24194287399672842
lung,baseline,40000,75,63,63,0.17104046898747655
lung,baseline,40000,75,73,73,0.20085972350726666
lung,baseline,40000,75,72,72,0.20307535677402655
lung,baseline,40000,75,73,73,0.24631403022884538
lung,baseline,40000,75,68,68,0.23363017504919734
lung,baseline,40000,75,68,68,0.2084182847718143
lung,baseline,40000,75,65,65,0.18997910568823934
lung,baseline,40000,75,61,61,0.22942111725064984
lung,baseline,40000,75,57,57,0.3125148439694962
lung,baseline,40000,75,54,54,0.3355664867868557
lung,baseline,40000,75,53,53,0.2838910454164423
lung,baseline,40000,75,74,74,0.28181797204565745
lung,baseline,40000,75,74,74,0.2704870844159411
lung,baseline,40000,75,74,74,0.19217726393312579
lung,baseline,40000,75,71,71,0.03136378962361159
lung,baseline,40000,75,72,72,0.26907073932507075
lung,baseline,40000,75,72,72,0.3238770501547151
lung,baseline,40000,75,69,69,0.19219975983536106
lung,baseline,40000,75,68,68,0.34405924524421555
lung,baseline,40000,75,63,63,0.3245687805494323
lung,baseline,40000,75,73,73,0.1730862347888091
lung,baseline,40000,75,73,73,0.1939773234287386
lung,baseline,40000,75,34,34,0.06923028428397908
lung,baseline,40000,75,71,71,0.17434105234289415
lung,baseline,40000,75,70,70,0.1877054783752178
lung,baseline,40000,75,69,69,0.13871650039119224
lung,baseline,40000,75,69,69,0.18322181752467567
lung,baseline,40000,75,68,68,0.22137252207955177
lung,baseline,40000,75,74,74,0.03578259745809541
lung,baseline,40000,75,74,74,0.09945600639767942
lung,baseline,40000,75,73,73,0.010624127364619516
lung,baseline,40000,75,62,62,0.034884582200344426
lung,baseline,40000,75,74,74,0.11813045560614897
lung,baseline,40000,75,74,74,0.008307212174905243
lung,baseline,40000,75,74,74,0.008804856592771856
lung,baseline,40000,75,74,74,0.00781024517514968
lung,baseline,40000,75,74,74,0.002690200006896146
lung,baseline,40000,75,74,74,0.008529161444033383
lung,baseline,40000,75,74,74,0.008432832764323822
lung,baseline,40000,75,74,74,0.015186341679692959
lung,baseline,40000,75,74,74,0.009751978723273663
lung,baseline,40000,75,74,74,0.007555324259463855
lung,baseline,40000,75,74,74,0.007984407831805845
lung,baseline,40000,75,74,74,0.017042270497009886
lung,baseline,40000,75,74,74,0.015710779254357245
lung,baseline,40000,75,74,74,0.028355790603243915
lung,baseline,40000,75,74,74,0.013334898187667218
lung,baseline,40000,75,73,73,0.010384740612956233
lung,baseline,40000,75,73,73,0.007738804498830873
lung,baseline,40000,75,73,73,0.015560440089689355
lung,baseline,40000,75,73,73,0.009844349700561705
lung,baseline,40000,75,72,72,0.019303809496861415
lung,baseline,40000,75,72,72,0.020556944033925446
lung,baseline,40000,75,72,72,0.009160154886643576
lung,baseline,40000,75,72,72,0.010664753341025778
lung,baseline,40000,75,72,72,0.011054965660594555
lung,baseline,40000,75,68,68,0.03187262758379614
lung,baseline,40000,75,72,72,0.11843831578890339
lung,baseline,40000,75,66,66,0.08624648173687877
lung,baseline,40000,75,74,74,0.1838981562721851
lung,baseline,40000,75,74,74,0.2612296513469949
lung,baseline,40000,75,66,66,0.14902440386077936
lung,baseline,40000,75,66,66,0.15190872890304122
lung,baseline,40000,75,47,47,0.09923801941178255
lung,baseline,40000,75,46,46,0.10000397183451948
lung,baseline,40000,75,74,74,0.04493164534382339
lung,baseline,40000,75,74,74,0.14232816168108872
lung,baseline,40000,75,74,74,0.13864338271192833
lung,baseline,40000,75,63,63,0.051990582406543404
lung,baseline,40000,75,74,74,0.10293095515706878
lung,baseline,40000,75,74,74,0.21841374990058243
lung,baseline,40000,75,47,47,0.22828442723553916
lung,baseline,40000,75,28,28,0.32818502611547107
lung,baseline,40000,75,74,74,0.03399214377247329
lung,baseline,40000,75,35,35,0.11373978849111084
lung,baseline,40000,75,34,34,0.12349579487862747
lung,baseline,40000,75,74,74,0.12736205638019688
lung,baseline,40000,75,71,71,0.09035909659477377
lung,baseline,40000,75,65,65,0.009523766296718535
lung,baseline,40000,75,74,74,0.21212617569716674
lung,baseline,40000,75,74,74,0.1332220688809745
lung,baseline,40000,75,71,71,0.026006129378047152
lung,baseline,40000,75,74,74,0.1020923129707993
lung,baseline,40000,75,74,74,0.01335938104988011
lung,baseline,40000,75,71,71,0.047013427271881784
lung,baseline,40000,75,74,74,0.3102801763584422
lung,baseline,40000,75,74,74,0.16987745737222423
lung,baseline,40000,75,74,74,0.2356607182060019
lung,baseline,40000,75,74,74,0.2371081675844171
lung,baseline,40000,75,74,74,0.13188001205893626
lung,baseline,40000,75,74,74,0.02293496116891263
lung,baseline,40000,75,73,73,0.12876399859235163
lung,baseline,40000,75,73,73,0.046445409516226874
lung,baseline,40000,75,71,71,0.05268292607173971
lung,baseline,40000,75,71,71,0.13426752701946623
lung,baseline,40000,75,70,70,0.08028574941789449
lung,baseline,40000,75,67,67,0.029565244649100063
lung,baseline,40000,75,66,66,0.041122378914893086
lung,baseline,40000,75,74,74,0.02620400359123448
lung,baseline,40000,75,74,74,0.10301009398973088
lung,baseline,40000,75,74,74,0.120970882065537
lung,baseline,40000,75,66,66,0.10997440614828122
lung,baseline,40000,75,53,53,0.10572721040433096
lung,baseline,40000,75,28,28,0.16532207176371863
lung,baseline,40000,75,64,64,0.19435625224611747
lung,baseline,40000,75,63,63,0.030713172905052058
lung,baseline,40000,75,74,74,0.13608789806492236
lung,baseline,40000,75,72,72,0.01939633690675291
lung,baseline,40000,75,34,34,0.17680558438005498
lung,baseline,40000,75,33,33,0.1808076149032264
lung,baseline,40000,75,74,74,0.0037905268533872083
lung,baseline,40000,75,74,74,0.003084892138451215
lung,baseline,40000,75,74,74,0.03391004026967683
lung,baseline,40000,75,72,72,0.018704040938242746
lung,baseline,40000,75,72,72,0.0065849885332964755
lung,baseline,40000,75,72,72,0.007029307681504913
lung,baseline,40000,75,72,72,0.009182910715605088
lung,baseline,40000,75,61,61,0.09526808250229642
lung,baseline,40000,75,44,44,0.03783026823120822
lung,baseline,40000,75,66,66,0.33443446553007294
lung,baseline,40000,75,53,53,0.3427576619729435
lung,baseline,40000,75,74,74,0.03060429007095705
lung,baseline,40000,75,72,72,0.14621386345103293
lung,baseline,40000,75,73,73,0.1270632993542621
lung,baseline,40000,75,72,72,0.12808886397937988
lung,baseline,40000,75,59,59,0.14727040685029044
lung,baseline,40000,75,74,74,0.2672722355205942
lung,baseline,40000,75,73,73,0.21148862301280136
lung,baseline,40000,75,74,74,0.17285279225304204
lung,baseline,40000,75,74,74,0.19784480031879856
lung,baseline,40000,75,67,67,0.16065536642660025
lung,baseline,40000,75,65,65,0.07444080334771266
lung,baseline,40000,75,73,73,0.10387067973519848
lung,baseline,40000,75,63,63,0.028726403761897095
lung,baseline,40000,75,74,74,0.21266138742696225
lung,baseline,40000,75,74,74,0.1471748824173567
lung,baseline,40000,75,74,74,0.24153998729664192
lung,baseline,40000,75,73,73,0.25635591081627146
lung,baseline,40000,75,72,72,0.11567481154028256
lung,baseline,40000,75,63,63,0.02755564458919234
lung,baseline,40000,75,62,62,0.12663859881503847
lung,baseline,40000,75,74,74,0.13651639204233873
lung,baseline,40000,75,74,74,0.05183207209551401
lung,baseline,40000,75,73,73,0.013439520440672226
lung,baseline,40000,75,74,74,0.1918060832223632
lung,baseline,40000,75,74,74,0.16748559186893353
lung,baseline,40000,75,74,74,0.12059288032664787
lung,baseline,40000,75,74,74,0.01883538786128428
lung,baseline,40000,76,75,75,0.17559026842313138
lung,baseline,40000,76,69,69,0.03145706767103951
lung,baseline,40000,76,75,75,0.0072871154880677505
lung,baseline,40000,76,75,75,0.19123046629089813
lung,baseline,40000,76,72,72,0.18559170190980168
lung,baseline,40000,76,70,70,0.016665869642913566
lung,baseline,40000,76,64,64,0.14412745718197556
lung,baseline,40000,76,64,64,0.05200606731216133
lung,baseline,40000,76,64,64,0.1392979017119118
lung,baseline,40000,76,63,63,0.09174299355632273
lung,baseline,40000,76,59,59,0.1356894610494052
lung,baseline,40000,76,74,74,0.27779442564912105
lung,baseline,40000,76,72,72,0.2952542609583644
lung,baseline,40000,76,75,75,0.2110935796443682
lung,baseline,40000,76,75,75,0.2527481175043296
lung,baseline,40000,76,75,75,0.2989719242359854
lung,baseline,40000,76,37,37,0.1112901167327969
lung,baseline,40000,76,34,34,0.13722987972721687
lung,baseline,40000,76,72,72,0.08401105748342158
lung,baseline,40000,76,68,68,0.1099470102586547
lung,baseline,40000,76,63,63,0.023322856730516785
lung,baseline,40000,76,57,57,0.08790909194537926
lung,baseline,40000,76,74,74,0.2211552867200159
lung,baseline,40000,76,74,74,0.2289474482741222
lung,baseline,40000,76,74,74,0.23630219016015913
lung,baseline,40000,76,37,37,0.12544918752851975
lung,baseline,40000,76,20,20,0.2856209004113076
lung,baseline,40000,76,67,67,0.02281455003064266
lung,baseline,40000,76,64,64,0.0857242661221718
lung,baseline,40000,76,75,75,0.11708653926306238
lung,baseline,40000,76,75,75,0.047311239948508166
lung,baseline,40000,76,75,75,0.130484095516913
lung,baseline,40000,76,75,75,0.044166431964660996
lung,baseline,40000,76,75,75,0.006161181552933807
lung,baseline,40000,76,75,75,0.1962826536767843
lung,baseline,40000,76,75,75,0.17422573393483723
lung,baseline,40000,76,75,75,0.06419381385158461
lung,baseline,40000,76,72,72,0.04856172633136519
lung,baseline,40000,76,75,75,0.22753280275077445
lung,baseline,40000,76,71,71,0.17903459618677192
lung,baseline,40000,76,63,63,0.2914803623330222
lung,baseline,40000,76,63,63,0.19974192426121032
lung,baseline,40000,76,70,70,0.3701158888052738
lung,baseline,40000,76,65,65,0.29272629124921523
lung,baseline,40000,76,75,75,0.18026102604673527
lung,baseline,40000,76,75,75,0.18332839364458883
lung,baseline,40000,76,75,75,0.006798017395819899
lung,baseline,40000,76,75,75,0.04279077454053982
lung,baseline,40000,76,74,74,0.016907701368186263
lung,baseline,40000,76,73,73,0.03260626944509472
lung,baseline,40000,76,74,74,0.12881094184341066
lung,baseline,40000,76,72,72,0.1312315149427587
lung,baseline,40000,76,65,65,0.0930749461102389
lung,baseline,40000,76,75,75,0.2871686669784332
lung,baseline,40000,76,75,75,0.23028686768654996
lung,baseline,40000,76,75,75,0.2074689067659887
lung,baseline,40000,76,75,75,0.23189982959861974
lung,baseline,40000,76,75,75,0.1612174405447207
lung,baseline,40000,76,75,75,0.060167198729182636
lung,baseline,40000,76,72,72,0.054020527088461424
lung,baseline,40000,76,66,66,0.05656555584220567
lung,baseline,40000,76,66,66,0.06334960102229993
lung,baseline,40000,76,75,75,0.13049345490085093
lung,baseline,40000,76,74,74,0.07388081742996425
lung,baseline,40000,76,63,63,0.027976296457138828
lung,baseline,40000,76,61,61,0.024329596382563275
lung,baseline,40000,76,75,75,0.23942203734271833
lung,baseline,40000,76,75,75,0.28244044427576703
lung,baseline,40000,76,75,75,0.26014904686025414
lung,baseline,40000,76,75,75,0.011454471967551887
lung,baseline,40000,76,75,75,0.004125113724483477
lung,baseline,40000,76,75,75,0.03461763288363654
lung,baseline,40000,76,75,75,0.011159465493493032
lung,baseline,40000,76,75,75,0.008193611672894613
lung,baseline,40000,76,75,75,0.014087259267501262
lung,baseline,40000,76,75,75,0.00804317937840752
lung,baseline,40000,76,75,75,0.023804045545277614
lung,baseline,40000,76,75,75,0.0990770736032773
lung,baseline,40000,76,75,75,0.012015317353040778
lung,baseline,40000,76,75,75,0.009145049770880148
lung,baseline,40000,76,75,75,0.01675547113905139
lung,baseline,40000,76,74,74,0.007988701109466418
lung,baseline,40000,76,74,74,0.013252876974568567
lung,baseline,40000,76,73,73,0.027035630712212967
lung,baseline,40000,76,73,73,0.01122770222917628
lung,baseline,40000,76,73,73,0.012412518080481307
lung,baseline,40000,76,73,73,0.030549550469634843
lung,baseline,40000,76,69,69,0.035130073309881125
lung,baseline,40000,76,75,75,0.18960821339642378
lung,baseline,40000,76,75,75,0.05017707742115895
lung,baseline,40000,76,75,75,0.015290591804136083
lung,baseline,40000,76,75,75,0.014644660284739921
lung,baseline,40000,76,75,75,0.13461199909974647
lung,baseline,40000,76,75,75,0.02830729406497494
lung,baseline,40000,76,75,75,0.016481859267440863
lung,baseline,40000,76,75,75,0.009209138007448542
lung,baseline,40000,76,75,75,0.011256400142832322
lung,baseline,40000,76,75,75,0.021270259377864923
lung,baseline,40000,76,75,75,0.011177970959531717
lung,baseline,40000,76,74,74,0.011080920419262107
lung,baseline,40000,76,73,73,0.019099398475542925
lung,baseline,40000,76,73,73,0.03879515449061195
lung,baseline,40000,76,73,73,0.01033781478793111
lung,baseline,40000,76,69,69,0.02696059379283538
lung,baseline,40000,76,73,73,0.23300511994827394
lung,baseline,40000,76,70,70,0.23825862932640177
lung,baseline,40000,76,69,69,0.04546734238810045
lung,baseline,40000,76,69,69,0.2296689197580161
lung,baseline,40000,76,64,64,0.23330970979164095
lung,baseline,40000,76,62,62,0.22018206296982942
lung,baseline,40000,76,60,60,0.19892666575055942
lung,baseline,40000,76,75,75,0.15057360447490378
lung,baseline,40000,76,75,75,0.07631028868152173
lung,baseline,40000,76,56,56,0.11702248774989765
lung,baseline,40000,76,66,66,0.05712051093030196
lung,baseline,40000,76,64,64,0.2901328949843148
lung,baseline,40000,76,63,63,0.07328120037835525
lung,baseline,40000,76,63,63,0.193545911122073
lung,baseline,40000,76,74,74,0.12575961700163474
lung,baseline,40000,76,73,73,0.132809919974733
lung,baseline,40000,76,72,72,0.1298596884370586
lung,baseline,40000,76,70,70,0.13397346650336212
lung,baseline,40000,76,64,64,0.1238698325958419
lung,baseline,40000,76,58,58,0.1515098244042226
lung,baseline,40000,76,75,75,0.040768516080151904
lung,baseline,40000,76,74,74,0.23449743398912823
lung,baseline,40000,76,62,62,0.12152667682823737
lung,baseline,40000,76,75,75,0.20919254882377664
lung,baseline,40000,76,75,75,0.041444966201218826
lung,baseline,40000,76,75,75,0.2470845986320388
lung,baseline,40000,76,70,70,0.29154245071116003
lung,baseline,40000,76,75,75,0.0586304564856815
lung,baseline,40000,76,75,75,0.025395778833054095
lung,baseline,40000,76,73,73,0.011117692704904092
lung,baseline,40000,76,75,75,0.2602605200201098
lung,baseline,40000,76,75,75,0.07594835792475564
lung,baseline,40000,76,75,75,0.13956846551941665
lung,baseline,40000,76,75,75,0.10316665691810457
lung,baseline,40000,76,73,73,0.11424927087625515
lung,baseline,40000,76,37,37,0.13909934580787678
lung,baseline,40000,76,34,34,0.1696998189536109
lung,baseline,40000,76,75,75,0.20011278384086534
lung,baseline,40000,76,75,75,0.03654883565260665
lung,baseline,40000,76,65,65,0.03055348113367412
lung,baseline,40000,76,65,65,0.08921655949212298
lung,baseline,40000,76,52,52,0.03955634001263804
lung,baseline,40000,76,75,75,0.06262656623713875
lung,baseline,40000,76,75,75,0.17710437047790026
lung,baseline,40000,76,68,68,0.1577879539044071
lung,baseline,40000,76,75,75,0.03212893400338126
lung,baseline,40000,76,75,75,0.0023552440269809277
lung,baseline,40000,76,74,74,0.009287036091393865
lung,baseline,40000,76,72,72,0.0636144631012751
lung,baseline,40000,76,72,72,0.015496582585318695
lung,baseline,40000,76,75,75,0.24200998702346657
lung,baseline,40000,76,75,75,0.14695729798314552
lung,baseline,40000,76,75,75,0.07523125657181358
lung,baseline,40000,76,75,75,0.21682512656951558
lung,baseline,40000,76,72,72,0.04106436166464843
lung,baseline,40000,76,70,70,0.11938066334693175
lung,baseline,40000,76,69,69,0.1523812720023494
lung,baseline,40000,76,75,75,0.22956281917870516
lung,baseline,40000,76,75,75,0.16867396944752347
lung,baseline,40000,76,73,73,0.07243001727619815
lung,baseline,40000,76,75,75,0.12381087916981794
lung,baseline,40000,76,71,71,0.08811256227971376
lung,baseline,40000,76,68,68,0.10168936898591724
lung,baseline,40000,76,34,34,0.1543074212199694
lung,baseline,40000,76,75,75,0.1250168155525993
lung,baseline,40000,76,66,66,0.09121034166476749
lung,baseline,40000,76,75,75,0.19674557941550713
lung,baseline,40000,76,75,75,0.19137251000127822
lung,baseline,40000,76,72,72,0.10655343208116162
lung,baseline,40000,76,65,65,0.2597702914137167
lung,baseline,40000,76,75,75,0.0495928864034026
lung,baseline,40000,76,69,69,0.20075691673099508
lung,baseline,40000,76,63,63,0.21506948151059302
lung,baseline,40000,76,74,74,0.11273664409595344
lung,baseline,40000,76,73,73,0.023655305108289396
lung,baseline,40000,76,70,70,0.11972980027328527
lung,baseline,40000,76,75,75,0.24548356909690275
lung,baseline,40000,76,75,75,0.1611293607691625
lung,baseline,40000,76,75,75,0.12088000921630458
lung,baseline,40000,76,70,70,0.07366917850261678
lung,baseline,40000,76,64,64,0.08023390073618135
lung,baseline,40000,76,75,75,0.1159185759325477
lung,baseline,40000,76,73,73,0.0170524132012634
lung,baseline,40000,76,70,70,0.12586897130578206
lung,baseline,40000,76,74,74,0.12233023022605045
lung,baseline,40000,76,75,75,0.008555709556250835
lung,baseline,40000,76,75,75,0.18565685270367738
lung,baseline,40000,76,73,73,0.26261455887925556
lung,baseline,40000,76,72,72,0.2932353015601415
lung,baseline,40000,76,75,75,0.009622318588827958
lung,baseline,40000,76,70,70,0.07387260885933764
lung,baseline,40000,76,44,44,0.09270851413801315
lung,baseline,40000,76,37,37,0.09772436337736559
lung,baseline,40000,76,74,74,0.12396095875783592
lung,baseline,40000,76,64,64,0.12104267230413815
lung,baseline,40000,76,55,55,0.08410435267386689
lung,baseline,40000,76,53,53,0.11004008605325592
lung,baseline,40000,76,35,35,0.17302470890668298
lung,baseline,40000,76,28,28,0.1681616070316463
lung,baseline,40000,76,14,14,0.41450838771490744
lung,baseline,40000,76,75,75,0.11550784434285
lung,baseline,40000,76,75,75,0.02053972931195012
lung,baseline,40000,76,72,72,0.06775908601169461
lung,baseline,40000,76,71,71,0.0520828653589524
lung,baseline,40000,76,68,68,0.028183006514192116
lung,baseline,40000,76,65,65,0.03268037061291096
lung,baseline,40000,76,65,65,0.036889500691705976
lung,baseline,40000,76,43,43,0.22198838427267348
lung,baseline,40000,76,39,39,0.21882808921323474
lung,baseline,40000,76,75,75,0.19844956070594325
lung,baseline,40000,76,75,75,0.19250793246179929
lung,baseline,40000,76,64,64,0.1577638184932564
lung,baseline,40000,76,63,63,0.10557521113052344
lung,baseline,40000,76,53,53,0.132099951427679
lung,baseline,40000,76,75,75,0.10259557744940695
lung,baseline,40000,76,75,75,0.039506441522369505
lung,baseline,40000,76,75,75,0.058232723740358656
lung,baseline,40000,76,75,75,0.018462222488620245
lung,baseline,40000,76,72,72,0.012738610783665193
lung,baseline,40000,76,57,57,0.03025527035058498
lung,baseline,40000,76,75,75,0.26225542340720104
lung,baseline,40000,76,75,75,0.20397836801044034
lung,baseline,40000,76,67,67,0.22220823281229857
lung,baseline,40000,76,75,75,0.3057751288170555
lung,baseline,40000,76,75,75,0.294359216312892
lung,baseline,40000,76,64,64,0.02134706122781444
lung,baseline,40000,76,64,64,0.07862221480966355
lung,baseline,40000,76,59,59,0.05861271999782158
lung,baseline,40000,76,37,37,0.2610568045237871
lung,baseline,40000,76,35,35,0.26219371822672327
lung,baseline,40000,76,28,28,0.3441338398891962
lung,baseline,40000,76,75,75,0.009603164602271412
lung,baseline,40000,76,75,75,0.010573451848392234
lung,baseline,40000,76,75,75,0.04257447643987936
lung,baseline,40000,76,75,75,0.19592852912988074
lung,baseline,40000,76,73,73,0.09851195821512214
lung,baseline,40000,76,75,75,0.043902900503192004
lung,baseline,40000,76,75,75,0.03997044395126374
lung,baseline,40000,76,75,75,0.12256030186413729
lung,baseline,40000,76,75,75,0.010720530806650225
lung,baseline,40000,76,75,75,0.03197051671230793
lung,baseline,40000,76,74,74,0.016546143173616235
lung,baseline,40000,76,74,74,0.039731859155617076
lung,baseline,40000,76,74,74,0.040162400498741715
lung,baseline,40000,76,73,73,0.05169797345915836
lung,baseline,40000,76,73,73,0.03561321723222006
lung,baseline,40000,76,69,69,0.05261537438901195
lung,baseline,40000,76,61,61,0.0714752286304913
lung,baseline,40000,76,60,60,0.14714960044863823
lung,baseline,40000,76,46,46,0.14592524483280464
lung,baseline,40000,76,40,40,0.15551941636918704
lung,baseline,40000,76,75,75,0.021587273335255636
lung,baseline,40000,76,75,75,0.03945149182334028
lung,baseline,40000,76,75,75,0.008220659090531426
lung,baseline,40000,76,75,75,0.029038077443634562
lung,baseline,40000,76,75,75,0.11037999389085879
lung,baseline,40000,76,75,75,0.010523650548352142
lung,baseline,40000,76,73,73,0.02852096295419564
lung,baseline,40000,76,64,64,0.043863239671415755
lung,baseline,40000,76,72,72,0.07447092184435583
lung,baseline,40000,76,69,69,0.26527601773369675
lung,baseline,40000,76,75,75,0.12835775389023846
lung,baseline,40000,76,74,74,0.2249626131479404
lung,baseline,40000,76,73,73,0.26848488125315667
lung,baseline,40000,76,71,71,0.22505432261014405
lung,baseline,40000,76,69,69,0.15454235758504895
lung,baseline,40000,76,63,63,0.22400068694660383
lung,baseline,40000,76,75,75,0.29571769119115376
lung,baseline,40000,76,75,75,0.24716606821326673
lung,baseline,40000,76,75,75,0.3029072095790037
lung,baseline,40000,76,75,75,0.1459364942231361
lung,baseline,40000,76,75,75,0.11843563554642017
lung,baseline,40000,76,47,47,0.1422687588431805
lung,baseline,40000,76,46,46,0.15140782085312485
lung,baseline,40000,76,75,75,0.10649653848047867
lung,baseline,40000,76,75,75,0.08002120099695667
lung,baseline,40000,76,71,71,0.04431021924024083
lung,baseline,40000,76,66,66,0.04884480747127582
lung,baseline,40000,76,75,75,0.11507641345016549
lung,baseline,40000,76,74,74,0.07808080546102693
lung,baseline,40000,76,68,68,0.0783939245186939
lung,baseline,40000,76,66,66,0.041701993337333314
lung,baseline,40000,76,61,61,0.053054877720355276
lung,baseline,40000,76,14,14,0.2570613155602561
lung,baseline,40000,76,75,75,0.005456682534032297
lung,baseline,40000,76,75,75,0.08316150252541055
lung,baseline,40000,76,75,75,0.1769808218358317
lung,baseline,40000,76,75,75,0.009804941169402647
lung,baseline,40000,76,74,74,0.04654953644908442
lung,baseline,40000,76,73,73,0.05171451126089958
lung,baseline,40000,76,75,75,0.10797900599981806
lung,baseline,40000,76,75,75,0.21843196335332726
lung,baseline,40000,76,70,70,0.029175181922920602
lung,baseline,40000,76,70,70,0.0897914476480403
lung,baseline,40000,76,66,66,0.07407033812043862
lung,baseline,40000,76,75,75,0.2717380884857804
lung,baseline,40000,76,64,64,0.028467210832096124
lung,baseline,40000,76,75,75,0.11012238748613001
lung,baseline,40000,76,74,74,0.08174422738418484
lung,baseline,40000,76,71,71,0.04091282318061239
lung,baseline,40000,77,76,76,0.3182385595385324
lung,baseline,40000,77,76,76,0.26523399476083775
lung,baseline,40000,77,76,76,0.14167750557655018
lung,baseline,40000,77,73,73,0.08518979748080918
lung,baseline,40000,77,74,74,0.2521389936792017
lung,baseline,40000,77,65,65,0.07214355243384535
lung,baseline,40000,77,62,62,0.2514781890062221
lung,baseline,40000,77,74,74,0.13538739877405365
lung,baseline,40000,77,62,62,0.15613851597281295
lung,baseline,40000,77,76,76,0.2960525512095412
lung,baseline,40000,77,76,76,0.03882179768241735
lung,baseline,40000,77,76,76,0.2921715118727938
lung,baseline,40000,77,74,74,0.15000932207165074
lung,baseline,40000,77,76,76,0.03639308624253821
lung,baseline,40000,77,75,75,0.05683968300995288
lung,baseline,40000,77,75,75,0.0739624091513778
lung,baseline,40000,77,72,72,0.08939412496401879
lung,baseline,40000,77,71,71,0.13635697210379769
lung,baseline,40000,77,63,63,0.0407130349633169
lung,baseline,40000,77,58,58,0.1654731401930415
lung,baseline,40000,77,67,67,0.21807528856563746
lung,baseline,40000,77,66,66,0.2801224650201001
lung,baseline,40000,77,64,64,0.3265963320705826
lung,baseline,40000,77,63,63,0.3082990470586331
lung,baseline,40000,77,61,61,0.27369893348625285
lung,baseline,40000,77,75,75,0.0513353373632267
lung,baseline,40000,77,75,75,0.07049940790539636
lung,baseline,40000,77,74,74,0.022755948669009252
lung,baseline,40000,77,74,74,0.031498496428465896
lung,baseline,40000,77,73,73,0.04940214963000549
lung,baseline,40000,77,72,72,0.07965753005872883
lung,baseline,40000,77,72,72,0.04334613078946995
lung,baseline,40000,77,72,72,0.02522559236321087
lung,baseline,40000,77,54,54,0.04898745225449597
lung,baseline,40000,77,76,76,0.12705111374503375
lung,baseline,40000,77,74,74,0.017795664957677693
lung,baseline,40000,77,70,70,0.04261079384955331
lung,baseline,40000,77,56,56,0.12267033702361348
lung,baseline,40000,77,72,72,0.09006769678519946
lung,baseline,40000,77,53,53,0.08499145458367847
lung,baseline,40000,77,75,75,0.11344866198627976
lung,baseline,40000,77,72,72,0.09944192406319255
lung,baseline,40000,77,71,71,0.11617562261633592
lung,baseline,40000,77,71,71,0.17390562057577358
lung,baseline,40000,77,67,67,0.10270063978811984
lung,baseline,40000,77,66,66,0.1056717603423528
lung,baseline,40000,77,58,58,0.17689727607614594
lung,baseline,40000,77,76,76,0.2972486742229699
lung,baseline,40000,77,76,76,0.286328561330215
lung,baseline,40000,77,76,76,0.24452393840225514
lung,baseline,40000,77,76,76,0.2471441983553185
lung,baseline,40000,77,76,76,0.17970742436758885
lung,baseline,40000,77,75,75,0.22685607463794283
lung,baseline,40000,77,70,70,0.21412141552077232
lung,baseline,40000,77,66,66,0.21785912397071297
lung,baseline,40000,77,55,55,0.3056753495008038
lung,baseline,40000,77,53,53,0.2796670248050162
lung,baseline,40000,77,28,28,0.4009259019727014
lung,baseline,40000,77,76,76,0.2481639358555109
lung,baseline,40000,77,76,76,0.16459981844218094
lung,baseline,40000,77,76,76,0.06879343729065636
lung,baseline,40000,77,70,70,0.05647939702938086
lung,baseline,40000,77,70,70,0.037319123049868515
lung,baseline,40000,77,72,72,0.21888738738386823
lung,baseline,40000,77,37,37,0.23875568808717976
lung,baseline,40000,77,75,75,0.12283589029868748
lung,baseline,40000,77,75,75,0.13581593171824613
lung,baseline,40000,77,73,73,0.06894181085376469
lung,baseline,40000,77,73,73,0.11493585987443627
lung,baseline,40000,77,72,72,0.11025767164817167
lung,baseline,40000,77,71,71,0.02013566899493277
lung,baseline,40000,77,76,76,0.06080913996874293
lung,baseline,40000,77,76,76,0.12234941364983448
lung,baseline,40000,77,76,76,0.03114443487748783
lung,baseline,40000,77,62,62,0.16026529217109944
lung,baseline,40000,77,28,28,0.20078668528447707
lung,baseline,40000,77,14,14,0.23076587718249994
lung,baseline,40000,77,76,76,0.03223576454096246
lung,baseline,40000,77,73,73,0.06843252724070163
lung,baseline,40000,77,74,74,0.2544580778235619
lung,baseline,40000,77,62,62,0.273010641935462
lung,baseline,40000,77,75,75,0.20157139069273156
lung,baseline,40000,77,75,75,0.2108967254516924
lung,baseline,40000,77,75,75,0.243190606743046
lung,baseline,40000,77,70,70,0.13404199830220595
lung,baseline,40000,77,76,76,0.11645076660839415
lung,baseline,40000,77,73,73,0.03496523698595769
lung,baseline,40000,77,65,65,0.07929864966206959
lung,baseline,40000,77,76,76,0.19829288563738873
lung,baseline,40000,77,73,73,0.11986639583295787
lung,baseline,40000,77,76,76,0.14275646888492338
lung,baseline,40000,77,73,73,0.06924763320344092
lung,baseline,40000,77,76,76,0.027229307314720074
lung,baseline,40000,77,73,73,0.04907359778366477
lung,baseline,40000,77,72,72,0.07620669421182885
lung,baseline,40000,77,71,71,0.02819861965614999
lung,baseline,40000,77,76,76,0.17570373687762705
lung,baseline,40000,77,76,76,0.20876007841503752
lung,baseline,40000,77,76,76,0.07800655020320957
lung,baseline,40000,77,76,76,0.0580873893411554
lung,baseline,40000,77,76,76,0.16141292561277237
lung,baseline,40000,77,76,76,0.1311877988541724
lung,baseline,40000,77,76,76,0.23559751902320314
lung,baseline,40000,77,72,72,0.060760782290178686
lung,baseline,40000,77,76,76,0.04063936105133015
lung,baseline,40000,77,74,74,0.020733104872900403
lung,baseline,40000,77,68,68,0.11828602445816647
lung,baseline,40000,77,76,76,0.3047580648628099
lung,baseline,40000,77,76,76,0.2956161193932714
lung,baseline,40000,77,56,56,0.10360911408266896
lung,baseline,40000,77,76,76,0.11982680670113553
lung,baseline,40000,77,35,35,0.22964440580848938
lung,baseline,40000,77,34,34,0.24060989198690183
lung,baseline,40000,77,74,74,0.031475330276838645
lung,baseline,40000,77,73,73,0.13237497225093786
lung,baseline,40000,77,71,71,0.14071629496693044
lung,baseline,40000,77,58,58,0.2291640496749125
lung,baseline,40000,77,63,63,0.1356161507613543
lung,baseline,40000,77,58,58,0.213667395536577
lung,baseline,40000,77,74,74,0.054858652682564964
lung,baseline,40000,77,71,71,0.10845428818758311
lung,baseline,40000,77,73,73,0.12411019018882043
lung,baseline,40000,77,72,72,0.07550705430066793
lung,baseline,40000,77,71,71,0.12588448079004352
lung,baseline,40000,77,76,76,0.029950110560793657
lung,baseline,40000,77,76,76,0.042963701622053825
lung,baseline,40000,77,76,76,0.2589861332168775
lung,baseline,40000,77,75,75,0.2454676815683264
lung,baseline,40000,77,71,71,0.19245227810868226
lung,baseline,40000,77,19,19,0.3916200916901028
lung,baseline,40000,77,47,47,0.1386161442726652
lung,baseline,40000,77,46,46,0.14404089990170463
lung,baseline,40000,77,27,27,0.17377374418222916
lung,baseline,40000,77,66,66,0.022903892608688182
lung,baseline,40000,77,76,76,0.0029690069409224647
lung,baseline,40000,77,76,76,0.13998938132836503
lung,baseline,40000,77,76,76,0.2666332177138784
lung,baseline,40000,77,76,76,0.19807700527701336
lung,baseline,40000,77,75,75,0.045826447156156365
lung,baseline,40000,77,74,74,0.01592966390414801
lung,baseline,40000,77,73,73,0.14234617930599627
lung,baseline,40000,77,71,71,0.14498625875039808
lung,baseline,40000,77,71,71,0.14341507975502296
lung,baseline,40000,77,75,75,0.21636875405196007
lung,baseline,40000,77,75,75,0.21986130852110597
lung,baseline,40000,77,75,75,0.15847066165258233
lung,baseline,40000,77,75,75,0.21860978757039898
lung,baseline,40000,77,76,76,0.007739229234173708
lung,baseline,40000,77,76,76,0.21226136024951925
lung,baseline,40000,77,76,76,0.03544416645744931
lung,baseline,40000,77,76,76,0.004424548028065498
lung,baseline,40000,77,76,76,0.24713640635780104
lung,baseline,40000,77,75,75,0.02987012790103434
lung,baseline,40000,77,74,74,0.01348645427357441
lung,baseline,40000,77,68,68,0.04777822427950935
lung,baseline,40000,77,73,73,0.07343249980702247
lung,baseline,40000,77,57,57,0.3377710441251394
lung,baseline,40000,77,37,37,0.2958002399572116
lung,baseline,40000,77,76,76,0.035197474817101525
lung,baseline,40000,77,76,76,0.019403967075495677
lung,baseline,40000,77,76,76,0.0055017237870381005
lung,baseline,40000,77,76,76,0.10145820235442038
lung,baseline,40000,77,76,76,0.22110397502781437
lung,baseline,40000,77,74,74,0.11978537055927063
lung,baseline,40000,77,75,75,0.2855699865113662
lung,baseline,40000,77,72,72,0.27237059001824476
lung,baseline,40000,77,76,76,0.052664232213815575
lung,baseline,40000,77,76,76,0.023819976306246562
lung,baseline,40000,77,75,75,0.1512092254640384
lung,baseline,40000,77,73,73,0.07602800438170323
lung,baseline,40000,77,76,76,0.24555211079772565
lung,baseline,40000,77,76,76,0.2628368947395424
lung,baseline,40000,77,72,72,0.10173898574566867
lung,baseline,40000,77,68,68,0.08449052702364503
lung,baseline,40000,77,76,76,0.13727524120315115
lung,baseline,40000,77,73,73,0.10086419820505896
lung,baseline,40000,77,61,61,0.03662201509523795
lung,baseline,40000,77,76,76,0.23140560951893677
lung,baseline,40000,77,76,76,0.1475738179074534
lung,baseline,40000,77,72,72,0.0864383792595952
lung,baseline,40000,77,68,68,0.039259174639240495
lung,baseline,40000,77,53,53,0.07970147972022863
lung,baseline,40000,77,76,76,0.19525056555149195
lung,baseline,40000,77,76,76,0.2711926192924452
lung,baseline,40000,77,76,76,0.013105767146495662
lung,baseline,40000,77,46,46,0.21052834365964648
lung,baseline,40000,77,40,40,0.22705038548941117
lung,baseline,40000,77,28,28,0.2804780567645974
lung,baseline,40000,77,64,64,0.172568519061261
lung,baseline,40000,77,35,35,0.20933338144434735
lung,baseline,40000,77,34,34,0.21139915363422399
lung,baseline,40000,77,19,19,0.27089798587115427
lung,baseline,40000,77,37,37,0.18033707283707032
lung,baseline,40000,77,34,34,0.2616628777787732
lung,baseline,40000,77,76,76,0.021152965994551222
lung,baseline,40000,77,76,76,0.29061016552292
lung,baseline,40000,77,76,76,0.31303578069304816
lung,baseline,40000,77,64,64,0.1411772963416718
lung,baseline,40000,77,76,76,0.2759543696650944
lung,baseline,40000,77,76,76,0.22460103041038926
lung,baseline,40000,77,57,57,0.03379636535305938
lung,baseline,40000,77,54,54,0.03107820567798704
lung,baseline,40000,77,47,47,0.10241542624204586
lung,baseline,40000,77,44,44,0.0359037365135054
lung,baseline,40000,77,75,75,0.0533758045240595
lung,baseline,40000,77,75,75,0.011857718355969292
lung,baseline,40000,77,72,72,0.07854698080042895
lung,baseline,40000,77,54,54,0.044737541530812934
lung,baseline,40000,77,14,14,0.24536412315481002
lung,baseline,40000,77,70,70,0.1100562077458829
lung,baseline,40000,77,68,68,0.11075387019222577
lung,baseline,40000,77,53,53,0.10597957708389662
lung,baseline,40000,77,20,20,0.29223824283965555
lung,baseline,40000,77,72,72,0.28424999477086615
lung,baseline,40000,77,76,76,0.03662296941453582
lung,baseline,40000,77,76,76,0.22714009030312696
lung,baseline,40000,77,76,76,0.05417148144968537
lung,baseline,40000,77,76,76,0.1596070917932502
lung,baseline,40000,77,74,74,0.10451588351507118
lung,baseline,40000,77,64,64,0.1137296417450808
lung,baseline,40000,77,34,34,0.19044801743746417
lung,baseline,40000,77,33,33,0.19143011074832886
lung,baseline,40000,77,28,28,0.20003575972832913
lung,baseline,40000,77,76,76,0.005670114475863259
lung,baseline,40000,77,72,72,0.0880574268713614
lung,baseline,40000,77,54,54,0.029969099762686312
lung,baseline,40000,77,76,76,0.10689797916580931
lung,baseline,40000,77,76,76,0.3200162811029747
lung,baseline,40000,77,76,76,0.2677884175109198
lung,baseline,40000,77,74,74,0.0509100600067848
lung,baseline,40000,77,76,76,0.1209386486098204
lung,baseline,40000,77,76,76,0.0331827974810846
lung,baseline,40000,77,76,76,0.010437105781952085
lung,baseline,40000,77,76,76,0.012069236650440277
lung,baseline,40000,77,73,73,0.022890129393179033
lung,baseline,40000,77,73,73,0.06477408895937506
lung,baseline,40000,77,76,76,0.016169070825344238
lung,baseline,40000,77,76,76,0.01105834440525595
lung,baseline,40000,77,76,76,0.009760353171578135
lung,baseline,40000,77,76,76,0.10103365652968228
lung,baseline,40000,77,76,76,0.2135968596651715
lung,baseline,40000,77,76,76,0.031660829952936384
lung,baseline,40000,77,70,70,0.03791281933428359
lung,baseline,40000,77,72,72,0.10033177416694988
lung,baseline,40000,77,19,19,0.23525425917023976
lung,baseline,40000,77,74,74,0.017591905928120835
lung,baseline,40000,77,74,74,0.006431245011427399
lung,baseline,40000,77,68,68,0.02741129699847663
lung,baseline,40000,77,62,62,0.047348706604264025
lung,baseline,40000,77,72,72,0.08393120561491746
lung,baseline,40000,77,57,57,0.03713461175530197
lung,baseline,40000,77,54,54,0.036103590665523294
lung,baseline,40000,77,44,44,0.03563717088106867
lung,baseline,40000,77,70,70,0.10647375382626632
lung,baseline,40000,77,44,44,0.11155074079741495
lung,baseline,40000,77,37,37,0.11351400761764822
lung,baseline,40000,77,19,19,0.23647074262350568
lung,baseline,40000,77,75,75,0.26195289589912596
lung,baseline,40000,77,70,70,0.15885787677399996
lung,baseline,40000,77,76,76,0.1700593356807051
lung,baseline,40000,77,66,66,0.0997471869253517
lung,baseline,40000,77,14,14,0.2619362196371203
lung,baseline,40000,77,76,76,0.01062360835846301
lung,baseline,40000,77,71,71,0.10790272284881539
lung,baseline,40000,77,28,28,0.13510094662481514
lung,baseline,40000,77,76,76,0.03411244499758365
lung,baseline,40000,77,76,76,0.007299925233464959
lung,baseline,40000,77,76,76,0.11166521261624075
lung,baseline,40000,77,76,76,0.004916971392382848
lung,baseline,40000,77,76,76,0.05410973150920203
lung,baseline,40000,77,72,72,0.1207390031444209
lung,baseline,40000,77,70,70,0.07925784089524772
lung,baseline,40000,77,64,64,0.08485325890573187
lung,baseline,40000,77,57,57,0.13931781521692493
lung,baseline,40000,77,76,76,0.015463197061469224
lung,baseline,40000,77,76,76,0.2718963829797257
lung,baseline,40000,77,76,76,0.2713990572395567
lung,baseline,40000,77,76,76,0.20126682977719268
lung,baseline,40000,77,76,76,0.22962722010079073
lung,baseline,40000,77,70,70,0.22787005885613215
lung,baseline,40000,77,76,76,0.10598016062401974
lung,baseline,40000,77,76,76,0.2271560168169498
lung,baseline,40000,77,73,73,0.20444224656499818
lung,baseline,40000,77,76,76,0.2661463452262449
lung,baseline,40000,77,76,76,0.21215264649565113
lung,baseline,40000,77,76,76,0.15464548413134385
lung,baseline,40000,77,76,76,0.1950974650151785
lung,baseline,40000,77,76,76,0.007380777077122797
lung,baseline,40000,77,76,76,0.048741672963049855
lung,baseline,40000,77,76,76,0.06946216276833972
lung,baseline,40000,77,76,76,0.1924691276107259
lung,baseline,40000,77,76,76,0.18523233428192926
lung,baseline,40000,77,76,76,0.009074567246032282
lung,baseline,40000,77,76,76,0.0029465165773561084
lung,baseline,40000,77,76,76,0.005944027020865885
lung,baseline,40000,77,76,76,0.003108526196636687
lung,baseline,40000,77,75,75,0.014044218044513552
lung,baseline,40000,77,75,75,0.011281390092564243
lung,baseline,40000,77,74,74,0.030334233155558558
lung,baseline,40000,77,71,71,0.017792039227043668
lung,baseline,40000,77,73,73,0.051181491604634484
lung,baseline,40000,77,73,73,0.06943497219156783
lung,baseline,40000,77,59,59,0.0722054193272705
lung,baseline,40000,77,37,37,0.10951900063586799
lung,baseline,40000,77,34,34,0.1386901449676165
lung,baseline,40000,77,74,74,0.12076199472093348
lung,baseline,40000,77,76,76,0.2391970404449346
lung,baseline,40000,77,76,76,0.2368193857440793
lung,baseline,40000,77,37,37,0.2177715436916012
lung,baseline,40000,77,34,34,0.19638591307689315
lung,baseline,40000,77,76,76,0.013846567547690744
lung,baseline,40000,77,73,73,0.06894575847405165
lung,baseline,40000,77,72,72,0.05465568711664955
lung,baseline,40000,77,75,75,0.05421441853706959
lung,baseline,40000,77,75,75,0.004729197751650258
lung,baseline,40000,77,74,74,0.01075046983190447
lung,baseline,40000,77,73,73,0.07019516768210966
lung,baseline,40000,77,72,72,0.01683057245349687
lung,baseline,40000,77,76,76,0.14093871906003674
lung,baseline,40000,77,59,59,0.33121828115312985
lung,baseline,40000,77,64,64,0.06200825893742411
lung,baseline,40000,77,57,57,0.1413049387411631
lung,baseline,40000,77,76,76,0.033534235529792955
lung,baseline,40000,77,75,75,0.15452338944500993
lung,baseline,40000,77,73,73,0.13030994374154872
lung,baseline,40000,77,72,72,0.07705548623614485
lung,baseline,40000,77,54,54,0.14615142553197347
lung,baseline,40000,77,72,72,0.09116903542822376
lung,baseline,40000,77,68,68,0.052300913065850885
lung,baseline,40000,77,76,76,0.15003916899190242
lung,baseline,40000,77,76,76,0.2135722555388795
lung,baseline,40000,77,76,76,0.17762494641157664
lung,baseline,40000,77,76,76,0.010789411927132925
lung,baseline,40000,77,76,76,0.1137650664617206
lung,baseline,40000,77,76,76,0.017946293578151685
lung,baseline,40000,77,76,76,0.09940630438474492
lung,baseline,40000,77,76,76,0.021115025378592132
lung,baseline,40000,77,76,76,0.0074258654343419255
lung,baseline,40000,77,76,76,0.014672382348910619
lung,baseline,40000,77,75,75,0.029090921098430478
lung,baseline,40000,77,75,75,0.013784114803420771
lung,baseline,40000,77,75,75,0.012193533185640138
lung,baseline,40000,77,74,74,0.040740934638614223
lung,baseline,40000,77,68,68,0.030084935187831657
lung,baseline,40000,77,74,74,0.27830756251495353
lung,baseline,40000,77,74,74,0.28268639301724857
lung,baseline,40000,77,73,73,0.3098429239302971
lung,baseline,40000,77,73,73,0.31836458345550467
lung,baseline,40000,77,73,73,0.3215617876578457
lung,baseline,40000,77,73,73,0.3163248118374942
lung,baseline,40000,77,64,64,0.25538334503571364
lung,baseline,40000,77,56,56,0.28406778870562516
lung,baseline,40000,77,53,53,0.1455129483661064
lung,baseline,40000,77,49,49,0.048546363506696305
lung,baseline,40000,77,37,37,0.1257655772076825
lung,baseline,40000,77,75,75,0.1461290765818772
lung,baseline,40000,77,74,74,0.15401951280866327
lung,baseline,40000,77,73,73,0.1402523709174913
lung,baseline,40000,77,54,54,0.17174541034945995
lung,baseline,40000,78,57,57,0.2525256401038691
lung,baseline,40000,78,37,37,0.2452232174447014
lung,baseline,40000,78,64,64,0.02424763823769081
lung,baseline,40000,78,64,64,0.08138053972513418
lung,baseline,40000,78,59,59,0.05988655196153768
lung,baseline,40000,78,73,73,0.07558661199451354
lung,baseline,40000,78,19,19,0.23430006375171814
lung,baseline,40000,78,74,74,0.1806017245782907
lung,baseline,40000,78,74,74,0.15554889861331486
lung,baseline,40000,78,69,69,0.17979579001899723
lung,baseline,40000,78,77,77,0.10656403363509508
lung,baseline,40000,78,77,77,0.25693661725032074
lung,baseline,40000,78,77,77,0.23321255535976815
lung,baseline,40000,78,77,77,0.21237443758003216
lung,baseline,40000,78,71,71,0.11296008254815167
lung,baseline,40000,78,61,61,0.18810920778673554
lung,baseline,40000,78,77,77,0.2588484959855576
lung,baseline,40000,78,77,77,0.25165341525613544
lung,baseline,40000,78,77,77,0.1487689250678617
lung,baseline,40000,78,77,77,0.23271169731508667
lung,baseline,40000,78,77,77,0.04603361749793037
lung,baseline,40000,78,77,77,0.10827002867097812
lung,baseline,40000,78,77,77,0.15615095147660854
lung,baseline,40000,78,77,77,0.0128176574080541
lung,baseline,40000,78,77,77,0.036422804391891016
lung,baseline,40000,78,77,77,0.21913486578335212
lung,baseline,40000,78,76,76,0.0701375509868671
lung,baseline,40000,78,76,76,0.027297859132643588
lung,baseline,40000,78,74,74,0.034583350373554436
lung,baseline,40000,78,77,77,0.010000763195424341
lung,baseline,40000,78,77,77,0.07798071831960038
lung,baseline,40000,78,77,77,0.20448682293505938
lung,baseline,40000,78,76,76,0.2181908829276017
lung,baseline,40000,78,76,76,0.30765361136279645
lung,baseline,40000,78,76,76,0.24902930198543197
lung,baseline,40000,78,64,64,0.10750806925709155
lung,baseline,40000,78,77,77,0.05627986380705198
lung,baseline,40000,78,77,77,0.018337586078329776
lung,baseline,40000,78,75,75,0.008458989780859875
lung,baseline,40000,78,69,69,0.015123232326748098
lung,baseline,40000,78,44,44,0.05025214169058379
lung,baseline,40000,78,77,77,0.20515348394497812
lung,baseline,40000,78,77,77,0.29334752291618155
lung,baseline,40000,78,77,77,0.2434793531410261
lung,baseline,40000,78,76,76,0.03553720500066647
lung,baseline,40000,78,76,76,0.03485325738534381
lung,baseline,40000,78,75,75,0.08947675929966077
lung,baseline,40000,78,77,77,0.08358770366170015
lung,baseline,40000,78,77,77,0.2866500679567781
lung,baseline,40000,78,77,77,0.2680137094172242
lung,baseline,40000,78,77,77,0.30288953249865413
lung,baseline,40000,78,75,75,0.004955738616824189
lung,baseline,40000,78,77,77,0.09575563328730817
lung,baseline,40000,78,28,28,0.16145275029233885
lung,baseline,40000,78,75,75,0.05484006834954393
lung,baseline,40000,78,73,73,0.0847279650961872
lung,baseline,40000,78,71,71,0.028297607652986303
lung,baseline,40000,78,69,69,0.05743604635316347
lung,baseline,40000,78,77,77,0.27042053333164917
lung,baseline,40000,78,77,77,0.2033221292760406
lung,baseline,40000,78,77,77,0.20110817521375737
lung,baseline,40000,78,77,77,0.0051823988535336825
lung,baseline,40000,78,77,77,0.01430307493195527
lung,baseline,40000,78,73,73,0.07122851458135612
lung,baseline,40000,78,70,70,0.08492808733006676
lung,baseline,40000,78,77,77,0.05936202627092039
lung,baseline,40000,78,75,75,0.015674975392175865
lung,baseline,40000,78,75,75,0.016802039166160552
lung,baseline,40000,78,73,73,0.10336193325773349
lung,baseline,40000,78,77,77,0.13943032463010024
lung,baseline,40000,78,77,77,0.2821362257574504
lung,baseline,40000,78,77,77,0.2968519175789455
lung,baseline,40000,78,77,77,0.024504705937660666
lung,baseline,40000,78,76,76,0.07453576946228216
lung,baseline,40000,78,75,75,0.02871714371198336
lung,baseline,40000,78,73,73,0.07821239421166626
lung,baseline,40000,78,70,70,0.014595751436744455
lung,baseline,40000,78,73,73,0.11274589493533181
lung,baseline,40000,78,53,53,0.15736477232109536
lung,baseline,40000,78,72,72,0.12415967960249924
lung,baseline,40000,78,28,28,0.22263021572057226
lung,baseline,40000,78,72,72,0.016915511831305127
lung,baseline,40000,78,72,72,0.06921163636751844
lung,baseline,40000,78,68,68,0.04058684001909302
lung,baseline,40000,78,72,72,0.10138781240265232
lung,baseline,40000,78,72,72,0.0488530676998615
lung,baseline,40000,78,77,77,0.12546525902902067
lung,baseline,40000,78,76,76,0.24953251593797196
lung,baseline,40000,78,76,76,0.25559140280224113
lung,baseline,40000,78,75,75,0.3046152433432151
lung,baseline,40000,78,70,70,0.27084157155834526
lung,baseline,40000,78,70,70,0.282050833646261
lung,baseline,40000,78,62,62,0.22019902486021825
lung,baseline,40000,78,75,75,0.056213600767319745
lung,baseline,40000,78,74,74,0.07039542300217164
lung,baseline,40000,78,72,72,0.019229195394495222
lung,baseline,40000,78,59,59,0.058604636136363956
lung,baseline,40000,78,77,77,0.125205340402751
lung,baseline,40000,78,76,76,0.012143439590793921
lung,baseline,40000,78,75,75,0.02208251088171215
lung,baseline,40000,78,77,77,0.18451846820917114
lung,baseline,40000,78,72,72,0.2563729171339511
lung,baseline,40000,78,74,74,0.015963336704370456
lung,baseline,40000,78,73,73,0.06997352116094004
lung,baseline,40000,78,73,73,0.08408510016712352
lung,baseline,40000,78,73,73,0.06915327191314875
lung,baseline,40000,78,64,64,0.024230097611482627
lung,baseline,40000,78,77,77,0.14453782030836143
lung,baseline,40000,78,74,74,0.06802980854324282
lung,baseline,40000,78,74,74,0.23455568505782648
lung,baseline,40000,78,74,74,0.21935248492189385
lung,baseline,40000,78,67,67,0.1606043689386678
lung,baseline,40000,78,66,66,0.1942767605352137
lung,baseline,40000,78,63,63,0.23659322289407908
lung,baseline,40000,78,61,61,0.18644645670304041
lung,baseline,40000,78,77,77,0.16716687692867585
lung,baseline,40000,78,75,75,0.008830007271272276
lung,baseline,40000,78,77,77,0.1414243650292355
lung,baseline,40000,78,77,77,0.09575707852441354
lung,baseline,40000,78,77,77,0.057693587861017484
lung,baseline,40000,78,77,77,0.0068959983167636
lung,baseline,40000,78,77,77,0.20515657856735536
lung,baseline,40000,78,76,76,0.10460830086775796
lung,baseline,40000,78,73,73,0.12921784872711553
lung,baseline,40000,78,70,70,0.02890688784415206
lung,baseline,40000,78,77,77,0.2789410003255577
lung,baseline,40000,78,71,71,0.20738537630896217
lung,baseline,40000,78,68,68,0.1095577209269915
lung,baseline,40000,78,77,77,0.03675864737010539
lung,baseline,40000,78,66,66,0.13592943537437
lung,baseline,40000,78,52,52,0.20034767757378075
lung,baseline,40000,78,44,44,0.2023319375547538
lung,baseline,40000,78,40,40,0.21180751863420522
lung,baseline,40000,78,35,35,0.22040480654471997
lung,baseline,40000,78,19,19,0.5113751984271535
lung,baseline,40000,78,77,77,0.23597221214615133
lung,baseline,40000,78,77,77,0.2583051714431385
lung,baseline,40000,78,77,77,0.16375842123300283
lung,baseline,40000,78,77,77,0.15711739669584018
lung,baseline,40000,78,73,73,0.1457309785483358
lung,baseline,40000,78,57,57,0.04875422235573561
lung,baseline,40000,78,44,44,0.048697636013590534
lung,baseline,40000,78,44,44,0.11738154871747901
lung,baseline,40000,78,40,40,0.05633224786949533
lung,baseline,40000,78,76,76,0.15297505432615247
lung,baseline,40000,78,72,72,0.13803971717564323
lung,baseline,40000,78,69,69,0.16880454854398858
lung,baseline,40000,78,77,77,0.010240403491286701
lung,baseline,40000,78,74,74,0.10664171982301046
lung,baseline,40000,78,72,72,0.11435705833209218
lung,baseline,40000,78,77,77,0.07844739516122472
lung,baseline,40000,78,77,77,0.06106350366814385
lung,baseline,40000,78,77,77,0.01841407710784099
lung,baseline,40000,78,75,75,0.015403998706720318
lung,baseline,40000,78,75,75,0.01719008051870027
lung,baseline,40000,78,77,77,0.30583522133580565
lung,baseline,40000,78,74,74,0.1360229180453326
lung,baseline,40000,78,71,71,0.2772803266751472
lung,baseline,40000,78,76,76,0.1709079399116454
lung,baseline,40000,78,66,66,0.18266337909964592
lung,baseline,40000,78,77,77,0.15738324380330937
lung,baseline,40000,78,77,77,0.07542651355643512
lung,baseline,40000,78,77,77,0.12147060269379203
lung,baseline,40000,78,75,75,0.025679817905666945
lung,baseline,40000,78,74,74,0.09845332805103993
lung,baseline,40000,78,77,77,0.10333353296303983
lung,baseline,40000,78,76,76,0.25986282253522724
lung,baseline,40000,78,62,62,0.1491865246197835
lung,baseline,40000,78,49,49,0.1867494866895781
lung,baseline,40000,78,44,44,0.18653558699354686
lung,baseline,40000,78,40,40,0.20517729655874573
lung,baseline,40000,78,77,77,0.03688829694715738
lung,baseline,40000,78,77,77,0.11939198019022211
lung,baseline,40000,78,74,74,0.06842067079064348
lung,baseline,40000,78,59,59,0.11720144590253447
lung,baseline,40000,78,58,58,0.08525393879839417
lung,baseline,40000,78,52,52,0.09412111631360093
lung,baseline,40000,78,37,37,0.1557276187385045
lung,baseline,40000,78,77,77,0.028983236182653183
lung,baseline,40000,78,77,77,0.0286498991385031
lung,baseline,40000,78,77,77,0.1137220581688847
lung,baseline,40000,78,77,77,0.05273372237856514
lung,baseline,40000,78,77,77,0.010215037455952047
lung,baseline,40000,78,77,77,0.0049244638702239186
lung,baseline,40000,78,67,67,0.01856238999882574
lung,baseline,40000,78,77,77,0.07467352669798226
lung,baseline,40000,78,75,75,0.013880600372644951
lung,baseline,40000,78,74,74,0.010542518050680889
lung,baseline,40000,78,52,52,0.036031282284605795
lung,baseline,40000,78,75,75,0.00937718294176208
lung,baseline,40000,78,74,74,0.06912325000678003
lung,baseline,40000,78,69,69,0.04677738209485565
lung,baseline,40000,78,77,77,0.2761697509461611
lung,baseline,40000,78,77,77,0.15122500675543485
lung,baseline,40000,78,77,77,0.2947558076459593
lung,baseline,40000,78,75,75,0.24216901190869866
lung,baseline,40000,78,28,28,0.19940983978529586
lung,baseline,40000,78,77,77,0.24347054515512773
lung,baseline,40000,78,75,75,0.3284779482032996
lung,baseline,40000,78,75,75,0.2792258064197962
lung,baseline,40000,78,72,72,0.33494811518531864
lung,baseline,40000,78,71,71,0.2548106174736569
lung,baseline,40000,78,71,71,0.2170132888288304
lung,baseline,40000,78,63,63,0.3193529758630084
lung,baseline,40000,78,34,34,0.05968009739407698
lung,baseline,40000,78,77,77,0.10842186925723023
lung,baseline,40000,78,73,73,0.11279809081212865
lung,baseline,40000,78,77,77,0.12964887391589744
lung,baseline,40000,78,74,74,0.07287384697611665
lung,baseline,40000,78,74,74,0.02281076311348268
lung,baseline,40000,78,72,72,0.11817337729960636
lung,baseline,40000,78,28,28,0.1620381546430152
lung,baseline,40000,78,76,76,0.20709855213722378
lung,baseline,40000,78,66,66,0.21173642508248916
lung,baseline,40000,78,28,28,0.2260107762152843
lung,baseline,40000,78,37,37,0.28786214796737797
lung,baseline,40000,78,28,28,0.3430451806625708
lung,baseline,40000,78,37,37,0.16818911122198973
lung,baseline,40000,78,35,35,0.20523532420416274
lung,baseline,40000,78,34,34,0.2074644473486561
lung,baseline,40000,78,19,19,0.2614011893534919
lung,baseline,40000,78,76,76,0.008176362742532663
lung,baseline,40000,78,71,71,0.020439950364663825
lung,baseline,40000,78,70,70,0.327223927467663
lung,baseline,40000,78,67,67,0.3001827392514369
lung,baseline,40000,78,64,64,0.3061255401813815
lung,baseline,40000,78,64,64,0.302608246161513
lung,baseline,40000,78,63,63,0.3243624568371925
lung,baseline,40000,78,73,73,0.019224657406606345
lung,baseline,40000,78,64,64,0.14885002679381398
lung,baseline,40000,78,64,64,0.051861281164641684
lung,baseline,40000,78,64,64,0.04285315510045961
lung,baseline,40000,78,64,64,0.13799211584926416
lung,baseline,40000,78,63,63,0.08121982833405363
lung,baseline,40000,78,59,59,0.13389563714648367
lung,baseline,40000,78,77,77,0.005459394483252865
lung,baseline,40000,78,77,77,0.04318738359992748
lung,baseline,40000,78,76,76,0.006340456751711296
lung,baseline,40000,78,76,76,0.005916935713577596
lung,baseline,40000,78,75,75,0.03902710247582955
lung,baseline,40000,78,75,75,0.01443882090150655
lung,baseline,40000,78,75,75,0.03507609294950057
lung,baseline,40000,78,74,74,0.00576756091839197
lung,baseline,40000,78,74,74,0.07285407093237227
lung,baseline,40000,78,74,74,0.01600930569628065
lung,baseline,40000,78,73,73,0.019300164454975583
lung,baseline,40000,78,71,71,0.027827188805048635
lung,baseline,40000,78,77,77,0.007598746071544235
lung,baseline,40000,78,70,70,0.09001779936428927
lung,baseline,40000,78,64,64,0.09749299524331612
lung,baseline,40000,78,62,62,0.07843033384956127
lung,baseline,40000,78,49,49,0.0439749966907776
lung,baseline,40000,78,44,44,0.03766241629704878
lung,baseline,40000,78,40,40,0.04687685499206202
lung,baseline,40000,78,77,77,0.22112507813498575
lung,baseline,40000,78,77,77,0.19079171417692622
lung,baseline,40000,78,77,77,0.2818937135240914
lung,baseline,40000,78,75,75,0.014112232586977696
lung,baseline,40000,78,65,65,0.09785672499601634
lung,baseline,40000,78,77,77,0.05370888441764667
lung,baseline,40000,78,77,77,0.00879590920479235
lung,baseline,40000,78,76,76,0.0054572741837858535
lung,baseline,40000,78,74,74,0.06892817329444058
lung,baseline,40000,78,67,67,0.21845348995373046
lung,baseline,40000,78,66,66,0.28436556800055035
lung,baseline,40000,78,64,64,0.3286961126937777
lung,baseline,40000,78,63,63,0.3119717193722767
lung,baseline,40000,78,61,61,0.2753742038327404
lung,baseline,40000,78,77,77,0.11866379737703782
lung,baseline,40000,78,77,77,0.051845633080211916
lung,baseline,40000,78,77,77,0.03363232255940388
lung,baseline,40000,78,77,77,0.03772264588659694
lung,baseline,40000,78,75,75,0.02064473733517847
lung,baseline,40000,78,76,76,0.0136010949633999
lung,baseline,40000,78,74,74,0.06803094785178372
lung,baseline,40000,78,72,72,0.1117406766598897
lung,baseline,40000,78,77,77,0.05408418629775008
lung,baseline,40000,78,77,77,0.07978764630545203
lung,baseline,40000,78,76,76,0.14900655910830013
lung,baseline,40000,78,76,76,0.012491646426145902
lung,baseline,40000,78,74,74,0.14747658081551349
lung,baseline,40000,78,71,71,0.016621237409279458
lung,baseline,40000,78,77,77,0.23702076797635066
lung,baseline,40000,78,77,77,0.23666492458743044
lung,baseline,40000,78,77,77,0.2571257072044074
lung,baseline,40000,78,70,70,0.14701838984377902
lung,baseline,40000,78,27,27,0.2067593253893877
lung,baseline,40000,78,70,70,0.08001383677241598
lung,baseline,40000,78,57,57,0.050097499989575384
lung,baseline,40000,78,44,44,0.043071549081922025
lung,baseline,40000,78,40,40,0.05050692167409473
lung,baseline,40000,78,77,77,0.027397726634027893
lung,baseline,40000,78,74,74,0.010890108334623559
lung,baseline,40000,78,73,73,0.07836267099635118
lung,baseline,40000,78,53,53,0.03323926819409738
lung,baseline,40000,78,59,59,0.33555911666453975
lung,baseline,40000,78,77,77,0.07440817613879196
lung,baseline,40000,78,77,77,0.15637970669695317
lung,baseline,40000,78,77,77,0.05966669537593773
lung,baseline,40000,78,51,51,0.03249995531426704
lung,baseline,40000,78,34,34,0.06920384914664914
lung,baseline,40000,78,77,77,0.12749211781503972
lung,baseline,40000,78,74,74,0.037526498812768025
lung,baseline,40000,78,74,74,0.10012262295623732
lung,baseline,40000,78,77,77,0.09967270810329015
lung,baseline,40000,78,73,73,0.11176096423994644
lung,baseline,40000,78,72,72,0.017955846165171693
lung,baseline,40000,78,77,77,0.29129040315851823
lung,baseline,40000,78,76,76,0.25363172735616085
lung,baseline,40000,78,77,77,0.2518117854538676
lung,baseline,40000,78,77,77,0.27533840025702994
lung,baseline,40000,78,75,75,0.3067632232264151
lung,baseline,40000,78,75,75,0.26531778279322255
lung,baseline,40000,78,71,71,0.24370033817235506
lung,baseline,40000,78,70,70,0.23585050516624578
lung,baseline,40000,78,69,69,0.28529504883881285
lung,baseline,40000,78,67,67,0.24169723215551794
lung,baseline,40000,78,67,67,0.22261551286963505
lung,baseline,40000,78,63,63,0.28525312404413744
lung,baseline,40000,78,77,77,0.06454556471293812
lung,baseline,40000,78,77,77,0.0839095173682822
lung,baseline,40000,78,75,75,0.012028641464268255
lung,baseline,40000,78,71,71,0.020782759202706756
lung,baseline,40000,78,74,74,0.2689820764118345
lung,baseline,40000,78,70,70,0.22532237582859518
lung,baseline,40000,78,66,66,0.2370098817801468
lung,baseline,40000,78,76,76,0.008601855168099946
lung,baseline,40000,78,73,73,0.0867502431195057
lung,baseline,40000,78,66,66,0.0774545413374804
lung,baseline,40000,78,59,59,0.08169120126389058
lung,baseline,40000,78,77,77,0.24640560270971443
lung,baseline,40000,78,76,76,0.2561020926357731
lung,baseline,40000,78,73,73,0.08365228593194159
lung,baseline,40000,78,49,49,0.043160348300772526
lung,baseline,40000,78,44,44,0.03742543299352627
lung,baseline,40000,78,40,40,0.0467210447073887
lung,baseline,40000,78,77,77,0.12320191573748591
lung,baseline,40000,78,77,77,0.009635414393893366
lung,baseline,40000,78,77,77,0.16118451155911503
lung,baseline,40000,78,77,77,0.2216006615119674
lung,baseline,40000,78,76,76,0.05112215917371068
lung,baseline,40000,78,76,76,0.017872583948654607
lung,baseline,40000,78,75,75,0.044916294435432054
lung,baseline,40000,78,75,75,0.01780205231646353
lung,baseline,40000,78,67,67,0.1117482216364693
lung,baseline,40000,78,73,73,0.1598227069360098
lung,baseline,40000,78,64,64,0.17011988950598309
lung,baseline,40000,78,59,59,0.15118301351912622
lung,baseline,40000,78,66,66,0.1481139418541982
lung,baseline,40000,78,74,74,0.06894937982732201
lung,baseline,40000,78,64,64,0.025577519613929102
lung,baseline,40000,78,59,59,0.06282798099415166
lung,baseline,40000,78,77,77,0.030045906870226267
lung,baseline,40000,78,76,76,0.1295658135661251
lung,baseline,40000,78,76,76,0.13098255263351105
lung,baseline,40000,78,74,74,0.034864481035075036
lung,baseline,40000,78,74,74,0.1253357303899224
lung,baseline,40000,78,73,73,0.07490774172523595
lung,baseline,40000,78,71,71,0.05101303910555407
lung,baseline,40000,78,67,67,0.029505213855681202
lung,baseline,40000,78,64,64,0.05680571405067551
lung,baseline,40000,78,65,65,0.14185324048392417
lung,baseline,40000,78,68,68,0.1947146640987754
lung,baseline,40000,78,64,64,0.19190228415421084
lung,baseline,40000,78,55,55,0.20345967443394844
lung,baseline,40000,78,28,28,0.34373890515397637
lung,baseline,40000,78,75,75,0.03195032121730885
lung,baseline,40000,78,73,73,0.08439276394016018
lung,baseline,40000,78,72,72,0.07079854852673965
lung,baseline,40000,78,69,69,0.05029324092575821
lung,baseline,40000,78,68,68,0.04122701741243424
lung,baseline,40000,78,77,77,0.009910878068202712
lung,baseline,40000,78,74,74,0.01604213735855336
lung,baseline,40000,78,74,74,0.06914789897487325
lung,baseline,40000,78,77,77,0.24110903631850067
lung,baseline,40000,78,77,77,0.20778345999257467
lung,baseline,40000,78,77,77,0.26657359058367736
lung,baseline,40000,78,77,77,0.023021045905706247
lung,baseline,40000,78,77,77,0.28089359498385263
lung,baseline,40000,78,74,74,0.09114266514664687
lung,baseline,40000,78,77,77,0.2662161617943612
lung,baseline,40000,78,77,77,0.1415909437575141
lung,baseline,40000,78,77,77,0.2594123312212119
lung,baseline,40000,78,77,77,0.02693633279958484
lung,baseline,40000,78,77,77,0.05534609500062292
lung,baseline,40000,78,53,53,0.035041967461763524
lung,baseline,40000,78,77,77,0.11888465021828719
lung,baseline,40000,78,76,76,0.010405639750912658
lung,baseline,40000,78,73,73,0.12394634886358857
lung,baseline,40000,78,72,72,0.020427170553323153
lung,baseline,40000,78,76,76,0.23246738384498886
lung,baseline,40000,78,76,76,0.2373118725537883
lung,baseline,40000,78,75,75,0.05393972072925093
lung,baseline,40000,78,37,37,0.2739666717220105
lung,baseline,40000,78,35,35,0.2735191696762024
lung,baseline,40000,78,34,34,0.2727319044142232
lung,baseline,40000,78,76,76,0.19263310337332448
lung,baseline,40000,78,72,72,0.21242493775537857
lung,baseline,40000,78,54,54,0.2346480890720999
lung,baseline,40000,78,77,77,0.13618953928592592
lung,baseline,40000,78,75,75,0.02023337847169342
lung,baseline,40000,78,70,70,0.1274656763069763
lung,baseline,40000,78,64,64,0.10989988329355563
lung,baseline,40000,78,76,76,0.0563098530155717
lung,baseline,40000,78,74,74,0.021270973826748054
lung,baseline,40000,78,77,77,0.06074129976759406
lung,baseline,40000,78,77,77,0.1251216499822082
lung,baseline,40000,78,53,53,0.38414307131605596
lung,baseline,40000,78,28,28,0.430293765124169
lung,baseline,40000,78,77,77,0.16150892508580703
lung,baseline,40000,78,77,77,0.05680630947370651
lung,baseline,40000,78,75,75,0.010669280657238486
lung,baseline,40000,78,76,76,0.259290262461828
lung,baseline,40000,78,76,76,0.25360103304033665
lung,baseline,40000,78,76,76,0.20303766840751825
lung,baseline,40000,78,75,75,0.18004852657253162
lung,baseline,40000,78,77,77,0.21039945982765873
lung,baseline,40000,78,75,75,0.02925825303080268
lung,baseline,40000,78,71,71,0.14528855158320705
lung,baseline,40000,78,77,77,0.18705582407197416
lung,baseline,40000,78,77,77,0.07393132730513534
lung,baseline,40000,78,73,73,0.13872041808614335
lung,baseline,40000,78,71,71,0.18416796387602655
lung,baseline,40000,78,28,28,0.306681468394307
lung,baseline,40000,78,73,73,0.13506138330473633
lung,baseline,40000,78,77,77,0.04965566473186604
lung,baseline,40000,78,77,77,0.1401249779091288
lung,baseline,40000,78,34,34,0.2944906135933351
lung,baseline,40000,78,73,73,0.09830354088660519
lung,baseline,40000,78,19,19,0.2361851886940418
lung,baseline,40000,78,77,77,0.0063517423701145975
lung,baseline,40000,78,72,72,0.08537214164343071
lung,baseline,40000,78,70,70,0.0821226164174914
lung,baseline,40000,78,70,70,0.08384120348187621
lung,baseline,40000,78,70,70,0.08424520123010311
lung,baseline,40000,78,69,69,0.055153390032779005
lung,baseline,40000,78,72,72,0.2278608851585597
lung,baseline,40000,78,57,57,0.25220662237152836
lung,baseline,40000,78,77,77,0.20260333635612462
lung,baseline,40000,78,77,77,0.1341000889418034
lung,baseline,40000,78,77,77,0.20025224032327132
lung,baseline,40000,78,74,74,0.11081010995377977
lung,baseline,40000,78,77,77,0.19368201540255145
lung,baseline,40000,78,77,77,0.2460939491463514
lung,baseline,40000,78,77,77,0.23676873468068113
lung,baseline,40000,78,75,75,0.09370056740989191
lung,baseline,40000,78,76,76,0.23486358086579295
lung,baseline,40000,78,76,76,0.21348830417052872
lung,baseline,40000,78,74,74,0.22943159640796185
lung,baseline,40000,78,71,71,0.11075870387689206
lung,baseline,40000,78,62,62,0.10953498818905702
lung,baseline,40000,78,59,59,0.1504423428173158
lung,baseline,40000,78,72,72,0.02039960200427672
lung,baseline,40000,78,70,70,0.08584605783055216
lung,baseline,40000,78,57,57,0.03707577685293203
lung,baseline,40000,78,44,44,0.03583852860509963
lung,baseline,40000,78,44,44,0.1061340159045387
lung,baseline,40000,78,40,40,0.043891453774337716
lung,baseline,40000,78,77,77,0.15698489902021182
lung,baseline,40000,78,77,77,0.2019654263959245
lung,baseline,40000,78,77,77,0.11200259884484878
lung,baseline,40000,78,77,77,0.07933896575856748
lung,baseline,40000,78,77,77,0.23957577855908793
lung,baseline,40000,78,77,77,0.14201003232709017
lung,baseline,40000,78,75,75,0.011934099652269492
lung,baseline,40000,78,73,73,0.09418622877909
lung,baseline,40000,78,73,73,0.0848711752674429
lung,baseline,40000,78,19,19,0.2256253288403823
lung,baseline,40000,78,77,77,0.13184272638793362
lung,baseline,40000,78,73,73,0.09766131483483513
lung,baseline,40000,78,73,73,0.10001876743063026
lung,baseline,40000,78,73,73,0.12849116799670293
lung,baseline,40000,78,61,61,0.03022213924510662
lung,baseline,40000,78,75,75,0.2199749444205951
lung,baseline,40000,78,73,73,0.13698198026499847
lung,baseline,40000,78,71,71,0.17828753405338665
lung,baseline,40000,78,27,27,0.29876121484469714
lung,baseline,40000,78,47,47,0.1448870475256944
lung,baseline,40000,78,46,46,0.15035472343011538
lung,baseline,40000,78,27,27,0.17670283876628373
lung,baseline,40000,78,77,77,0.293242017950248
lung,baseline,40000,78,77,77,0.2933829396933134
lung,baseline,40000,78,77,77,0.2519309260525721
lung,baseline,40000,78,71,71,0.029240569629000148
lung,baseline,40000,78,68,68,0.09257728375827673
lung,baseline,40000,78,69,69,0.09710822450110176
lung,baseline,40000,78,19,19,0.21798350001000025
lung,baseline,40000,78,77,77,0.2319861948235675
lung,baseline,40000,78,77,77,0.24469485243111044
lung,baseline,40000,79,78,78,0.11486593113818316
lung,baseline,40000,79,78,78,0.06442961777658122
lung,baseline,40000,79,76,76,0.018215366899070315
lung,baseline,40000,79,76,76,0.03067550139752163
lung,baseline,40000,79,63,63,0.042878059481156944
lung,baseline,40000,79,75,75,0.1733153469635651
lung,baseline,40000,79,74,74,0.16224232363629065
lung,baseline,40000,79,77,77,0.16896909619088724
lung,baseline,40000,79,75,75,0.13337605649195056
lung,baseline,40000,79,73,73,0.13283259896243982
lung,baseline,40000,79,78,78,0.21024011292118056
lung,baseline,40000,79,74,74,0.1399477595938897
lung,baseline,40000,79,78,78,0.11897378673325842
lung,baseline,40000,79,77,77,0.03851013749291461
lung,baseline,40000,79,76,76,0.04286918951898668
lung,baseline,40000,79,76,76,0.05649522491218629
lung,baseline,40000,79,73,73,0.0983549950706069
lung,baseline,40000,79,66,66,0.04652083730002262
lung,baseline,40000,79,64,64,0.056547452149604396
lung,baseline,40000,79,63,63,0.09225947351814348
lung,baseline,40000,79,78,78,0.011791700224948489
lung,baseline,40000,79,78,78,0.12109661415075362
lung,baseline,40000,79,76,76,0.12071993263340747
lung,baseline,40000,79,70,70,0.13395800252331652
lung,baseline,40000,79,67,67,0.0483281039627782
lung,baseline,40000,79,64,64,0.08023878944338075
lung,baseline,40000,79,63,63,0.10156205489039881
lung,baseline,40000,79,78,78,0.19334036408256358
lung,baseline,40000,79,73,73,0.15110792889993999
lung,baseline,40000,79,78,78,0.10940288615507779
lung,baseline,40000,79,74,74,0.10583367419387558
lung,baseline,40000,79,70,70,0.13197803137467706
lung,baseline,40000,79,67,67,0.04854177507887452
lung,baseline,40000,79,64,64,0.06379029081422918
lung,baseline,40000,79,64,64,0.08301130217185507
lung,baseline,40000,79,63,63,0.10418701447096439
lung,baseline,40000,79,47,47,0.27194991108829775
lung,baseline,40000,79,46,46,0.2861025182157788
lung,baseline,40000,79,28,28,0.3226338842626884
lung,baseline,40000,79,72,72,0.12855366617000877
lung,baseline,40000,79,55,55,0.14194913382307586
lung,baseline,40000,79,53,53,0.1622235272896236
lung,baseline,40000,79,28,28,0.21549195142658137
lung,baseline,40000,79,67,67,0.03369112116800629
lung,baseline,40000,79,78,78,0.055650345583710355
lung,baseline,40000,79,78,78,0.026646071327542105
lung,baseline,40000,79,67,67,0.03048158386711998
lung,baseline,40000,79,70,70,0.3098762119681527
lung,baseline,40000,79,78,78,0.2468928416734348
lung,baseline,40000,79,78,78,0.16953911817340978
lung,baseline,40000,79,78,78,0.21288619491574787
lung,baseline,40000,79,78,78,0.17778772010337335
lung,baseline,40000,79,78,78,0.18153246799276654
lung,baseline,40000,79,78,78,0.07409369821793901
lung,baseline,40000,79,72,72,0.1529526649283799
lung,baseline,40000,79,71,71,0.17275020105383684
lung,baseline,40000,79,70,70,0.1663405179333619
lung,baseline,40000,79,69,69,0.17430303562989005
lung,baseline,40000,79,44,44,0.22975345441407793
lung,baseline,40000,79,78,78,0.02006335126144233
lung,baseline,40000,79,73,73,0.11854630645700713
lung,baseline,40000,79,78,78,0.15346934774502635
lung,baseline,40000,79,74,74,0.1241886967778528
lung,baseline,40000,79,28,28,0.27268787406802286
lung,baseline,40000,79,78,78,0.11516479346304241
lung,baseline,40000,79,72,72,0.09037388461699791
lung,baseline,40000,79,65,65,0.06283483358974494
lung,baseline,40000,79,78,78,0.22351986416587757
lung,baseline,40000,79,78,78,0.19677602890831844
lung,baseline,40000,79,77,77,0.20155982576666634
lung,baseline,40000,79,78,78,0.27676481336294817
lung,baseline,40000,79,78,78,0.21782762480334752
lung,baseline,40000,79,74,74,0.210482771870802
lung,baseline,40000,79,78,78,0.21142943851445667
lung,baseline,40000,79,73,73,0.2758543679463599
lung,baseline,40000,79,78,78,0.24018502996954652
lung,baseline,40000,79,78,78,0.0068764307202735814
lung,baseline,40000,79,78,78,0.029733194746437885
lung,baseline,40000,79,78,78,0.2089763776412681
lung,baseline,40000,79,78,78,0.011730770580049904
lung,baseline,40000,79,78,78,0.16187692625724995
lung,baseline,40000,79,66,66,0.03633119251108915
lung,baseline,40000,79,78,78,0.2236386846906528
lung,baseline,40000,79,78,78,0.18516150581767896
lung,baseline,40000,79,74,74,0.16935464526528402
lung,baseline,40000,79,78,78,0.008878866175197824
lung,baseline,40000,79,78,78,0.05539446163311903
lung,baseline,40000,79,78,78,0.03257048189773399
lung,baseline,40000,79,77,77,0.024402035170679834
lung,baseline,40000,79,73,73,0.14913940391900377
lung,baseline,40000,79,28,28,0.3528199640928692
lung,baseline,40000,79,78,78,0.12121426419551941
lung,baseline,40000,79,75,75,0.06902028332217143
lung,baseline,40000,79,75,75,0.022577248098813712
lung,baseline,40000,79,63,63,0.0409607747552866
lung,baseline,40000,79,78,78,0.10831610920524283
lung,baseline,40000,79,78,78,0.06806716404280216
lung,baseline,40000,79,76,76,0.013991613930244937
lung,baseline,40000,79,75,75,0.020329612692125323
lung,baseline,40000,79,73,73,0.23775701531095153
lung,baseline,40000,79,65,65,0.19930962204526778
lung,baseline,40000,79,64,64,0.25991496269110326
lung,baseline,40000,79,57,57,0.2861544421883514
lung,baseline,40000,79,77,77,0.02861507547714328
lung,baseline,40000,79,75,75,0.05508489874872
lung,baseline,40000,79,74,74,0.07646247239744146
lung,baseline,40000,79,72,72,0.045261106941457845
lung,baseline,40000,79,70,70,0.01691202948369533
lung,baseline,40000,79,76,76,0.1277176198203621
lung,baseline,40000,79,76,76,0.02458794366384035
lung,baseline,40000,79,66,66,0.03115885243552848
lung,baseline,40000,79,78,78,0.009814050214895002
lung,baseline,40000,79,78,78,0.02695902628038227
lung,baseline,40000,79,78,78,0.053929171447038904
lung,baseline,40000,79,75,75,0.010523764460970848
lung,baseline,40000,79,73,73,0.10248257046992014
lung,baseline,40000,79,71,71,0.10977979084193967
lung,baseline,40000,79,58,58,0.12419037433986539
lung,baseline,40000,79,53,53,0.13531609486922938
lung,baseline,40000,79,28,28,0.33653439646244815
lung,baseline,40000,79,76,76,0.011658490061982585
lung,baseline,40000,79,73,73,0.11510937856899568
lung,baseline,40000,79,70,70,0.15888309727529587
lung,baseline,40000,79,37,37,0.19772041472133373
lung,baseline,40000,79,35,35,0.2008135398620039
lung,baseline,40000,79,78,78,0.05319162856094961
lung,baseline,40000,79,73,73,0.021142665608899876
lung,baseline,40000,79,72,72,0.01573434126640971
lung,baseline,40000,79,69,69,0.01838665508185413
lung,baseline,40000,79,49,49,0.049490785905992464
lung,baseline,40000,79,44,44,0.046130413623235285
lung,baseline,40000,79,78,78,0.1759929239151571
lung,baseline,40000,79,78,78,0.20568567242034755
lung,baseline,40000,79,78,78,0.22060829680809463
lung,baseline,40000,79,78,78,0.05533815096958845
lung,baseline,40000,79,78,78,0.08809692053420744
lung,baseline,40000,79,78,78,0.0689278235744552
lung,baseline,40000,79,78,78,0.15476451966919405
lung,baseline,40000,79,78,78,0.07789445481778136
lung,baseline,40000,79,78,78,0.13125749082592647
lung,baseline,40000,79,78,78,0.03198925370260838
lung,baseline,40000,79,78,78,0.010269671294459626
lung,baseline,40000,79,75,75,0.10280016771327524
lung,baseline,40000,79,75,75,0.023914782062890348
lung,baseline,40000,79,72,72,0.009510987213016733
lung,baseline,40000,79,73,73,0.097521316364662
lung,baseline,40000,79,72,72,0.0965466425876162
lung,baseline,40000,79,19,19,0.2268492931766982
lung,baseline,40000,79,78,78,0.25339701919190766
lung,baseline,40000,79,78,78,0.011314309786678549
lung,baseline,40000,79,74,74,0.047322278718520565
lung,baseline,40000,79,72,72,0.0821271092603157
lung,baseline,40000,79,78,78,0.011742915499029323
lung,baseline,40000,79,78,78,0.0034329514944999692
lung,baseline,40000,79,77,77,0.0043021497305251455
lung,baseline,40000,79,77,77,0.004170594468734876
lung,baseline,40000,79,74,74,0.09643593512238707
lung,baseline,40000,79,63,63,0.15276948189786324
lung,baseline,40000,79,58,58,0.22131793478350623
lung,baseline,40000,79,33,33,0.23502740838425698
lung,baseline,40000,79,28,28,0.2874237157658707
lung,baseline,40000,79,77,77,0.11529901467624665
lung,baseline,40000,79,77,77,0.13305928112649745
lung,baseline,40000,79,76,76,0.12147548861282378
lung,baseline,40000,79,74,74,0.15706418170970868
lung,baseline,40000,79,69,69,0.16468922902315503
lung,baseline,40000,79,69,69,0.20517924719993527
lung,baseline,40000,79,28,28,0.19874090817007906
lung,baseline,40000,79,67,67,0.03743876508402657
lung,baseline,40000,79,78,78,0.1099212718591669
lung,baseline,40000,79,76,76,0.014051131124292878
lung,baseline,40000,79,68,68,0.07355635348001752
lung,baseline,40000,79,28,28,0.3659129965702054
lung,baseline,40000,79,77,77,0.14200111609228025
lung,baseline,40000,79,75,75,0.14999365907894707
lung,baseline,40000,79,73,73,0.14591286510094578
lung,baseline,40000,79,61,61,0.03470897825311661
lung,baseline,40000,79,78,78,0.21190587693872673
lung,baseline,40000,79,78,78,0.1142453404980764
lung,baseline,40000,79,78,78,0.02029395657599023
lung,baseline,40000,79,75,75,0.0732060059604604
lung,baseline,40000,79,75,75,0.07621729862241798
lung,baseline,40000,79,75,75,0.02856207242220148
lung,baseline,40000,79,74,74,0.054561051725048305
lung,baseline,40000,79,69,69,0.017219860994521323
lung,baseline,40000,79,64,64,0.06396910466704231
lung,baseline,40000,79,77,77,0.26022223149100526
lung,baseline,40000,79,77,77,0.19389651791041052
lung,baseline,40000,79,77,77,0.23992626730407868
lung,baseline,40000,79,73,73,0.29113355653643763
lung,baseline,40000,79,78,78,0.15087636803626195
lung,baseline,40000,79,78,78,0.2565559862065259
lung,baseline,40000,79,78,78,0.2408785611262543
lung,baseline,40000,79,74,74,0.014243343590640039
lung,baseline,40000,79,67,67,0.021835857477760876
lung,baseline,40000,79,28,28,0.22216161365267786
lung,baseline,40000,79,78,78,0.025928368008887464
lung,baseline,40000,79,78,78,0.05407938010666344
lung,baseline,40000,79,72,72,0.016156862920559692
lung,baseline,40000,79,69,69,0.018047405380763312
lung,baseline,40000,79,75,75,0.12275927437631502
lung,baseline,40000,79,74,74,0.134815329841894
lung,baseline,40000,79,73,73,0.13133758757299271
lung,baseline,40000,79,57,57,0.1485105141290489
lung,baseline,40000,79,77,77,0.18803773280137423
lung,baseline,40000,79,75,75,0.09684740858723122
lung,baseline,40000,79,73,73,0.13553260161905087
lung,baseline,40000,79,76,76,0.26813466706383887
lung,baseline,40000,79,62,62,0.30838218832608494
lung,baseline,40000,79,47,47,0.13762352164651714
lung,baseline,40000,79,46,46,0.14260890216692
lung,baseline,40000,79,28,28,0.16169089745714338
lung,baseline,40000,79,78,78,0.023073435643648794
lung,baseline,40000,79,78,78,0.21353646785502234
lung,baseline,40000,79,73,73,0.2715406325050398
lung,baseline,40000,79,73,73,0.11396186313188988
lung,baseline,40000,79,28,28,0.1572806096440556
lung,baseline,40000,79,78,78,0.19097695914359084
lung,baseline,40000,79,77,77,0.21149911963639811
lung,baseline,40000,79,74,74,0.1661782443840629
lung,baseline,40000,79,64,64,0.2375040889305173
lung,baseline,40000,79,78,78,0.013089511148492607
lung,baseline,40000,79,77,77,0.1795086609530217
lung,baseline,40000,79,75,75,0.07925708872583578
lung,baseline,40000,79,74,74,0.19265443524405412
lung,baseline,40000,79,73,73,0.1407672271783296
lung,baseline,40000,79,72,72,0.17787847456901032
lung,baseline,40000,79,78,78,0.0045086731319292144
lung,baseline,40000,79,78,78,0.05584041291001875
lung,baseline,40000,79,78,78,0.02711641578002263
lung,baseline,40000,79,73,73,0.022497348121913955
lung,baseline,40000,79,78,78,0.07019150940235913
lung,baseline,40000,79,78,78,0.008472286551903623
lung,baseline,40000,79,73,73,0.10773213578296992
lung,baseline,40000,79,73,73,0.08249592367285355
lung,baseline,40000,79,67,67,0.01924041773586978
lung,baseline,40000,79,28,28,0.24242836595786996
lung,baseline,40000,79,72,72,0.08338425780635306
lung,baseline,40000,79,68,68,0.12087826508043739
lung,baseline,40000,79,63,63,0.041027710607978565
lung,baseline,40000,79,57,57,0.09358878301183789
lung,baseline,40000,79,76,76,0.011816135394061983
lung,baseline,40000,79,76,76,0.055487541000818034
lung,baseline,40000,79,75,75,0.02720830407533091
lung,baseline,40000,79,74,74,0.0765538602289233
lung,baseline,40000,79,70,70,0.015368850905710281
lung,baseline,40000,79,78,78,0.19013041378002035
lung,baseline,40000,79,78,78,0.2622540436371056
lung,baseline,40000,79,34,34,0.12149113643604338
lung,baseline,40000,79,77,77,0.01105599901375227
lung,baseline,40000,79,77,77,0.11811212365305843
lung,baseline,40000,79,73,73,0.08647815613793729
lung,baseline,40000,79,73,73,0.11115487266584884
lung,baseline,40000,79,64,64,0.03933901112747591
lung,baseline,40000,79,78,78,0.26647209173146547
lung,baseline,40000,79,78,78,0.12719081207408267
lung,baseline,40000,79,78,78,0.19528128615774332
lung,baseline,40000,79,78,78,0.22360773802687609
lung,baseline,40000,79,78,78,0.21318766398121988
lung,baseline,40000,79,78,78,0.18415149939049424
lung,baseline,40000,79,74,74,0.0631172084985461
lung,baseline,40000,79,74,74,0.10609918786727375
lung,baseline,40000,79,78,78,0.2525142941299077
lung,baseline,40000,79,75,75,0.02164820040798406
lung,baseline,40000,79,73,73,0.21772104962116057
lung,baseline,40000,79,78,78,0.007834345498386713
lung,baseline,40000,79,78,78,0.01889321585148439
lung,baseline,40000,79,78,78,0.058569740918141364
lung,baseline,40000,79,78,78,0.008125138546124941
lung,baseline,40000,79,78,78,0.004557257403173213
lung,baseline,40000,79,78,78,0.006790295538765674
lung,baseline,40000,79,78,78,0.006657856893883885
lung,baseline,40000,79,78,78,0.011537646184375304
lung,baseline,40000,79,78,78,0.00787820373875863
lung,baseline,40000,79,77,77,0.006158715128689544
lung,baseline,40000,79,77,77,0.008723470479771867
lung,baseline,40000,79,77,77,0.006885605692960309
lung,baseline,40000,79,76,76,0.015942616551995015
lung,baseline,40000,79,76,76,0.008360071083957992
lung,baseline,40000,79,75,75,0.018975846148583483
lung,baseline,40000,79,75,75,0.009008011240557874
lung,baseline,40000,79,73,73,0.02765022040888075
lung,baseline,40000,79,72,72,0.02802917229194948
lung,baseline,40000,79,78,78,0.1349373644855732
lung,baseline,40000,79,75,75,0.06964048532872259
lung,baseline,40000,79,77,77,0.26758260344056256
lung,baseline,40000,79,75,75,0.21283330066913117
lung,baseline,40000,79,72,72,0.22146453947344513
lung,baseline,40000,79,66,66,0.23705122938031573
lung,baseline,40000,79,63,63,0.1893079493251522
lung,baseline,40000,79,70,70,0.27212884032874296
lung,baseline,40000,79,69,69,0.29779357778946297
lung,baseline,40000,79,57,57,0.24661254777843455
lung,baseline,40000,79,78,78,0.12871664917662232
lung,baseline,40000,79,73,73,0.12124341937761546
lung,baseline,40000,79,73,73,0.05333065598846843
lung,baseline,40000,79,70,70,0.12903498880094047
lung,baseline,40000,79,67,67,0.050157356511074676
lung,baseline,40000,79,64,64,0.0843824088110776
lung,baseline,40000,79,63,63,0.10013016779028874
lung,baseline,40000,79,78,78,0.13592821987849404
lung,baseline,40000,79,73,73,0.1397361970996615
lung,baseline,40000,79,71,71,0.11744133809144261
lung,baseline,40000,79,68,68,0.12889772349927056
lung,baseline,40000,79,75,75,0.12750393077622688
lung,baseline,40000,79,73,73,0.13850228308923537
lung,baseline,40000,79,67,67,0.04005064341386786
lung,baseline,40000,79,78,78,0.05452051691777628
lung,baseline,40000,79,78,78,0.005054657732977387
lung,baseline,40000,79,78,78,0.004486870976927947
lung,baseline,40000,79,78,78,0.025850110776937416
lung,baseline,40000,79,69,69,0.020077936973572404
lung,baseline,40000,79,78,78,0.0763453429808718
lung,baseline,40000,79,74,74,0.10125252356921224
lung,baseline,40000,79,53,53,0.08700055115217496
lung,baseline,40000,79,77,77,0.2557948516337387
lung,baseline,40000,79,77,77,0.298838095693707
lung,baseline,40000,79,75,75,0.11709423174009177
lung,baseline,40000,79,74,74,0.07305729834946023
lung,baseline,40000,79,56,56,0.10933300605028688
lung,baseline,40000,79,78,78,0.002539218469864924
lung,baseline,40000,79,77,77,0.0555435792557417
lung,baseline,40000,79,74,74,0.0772850929514629
lung,baseline,40000,79,69,69,0.0163787467685889
lung,baseline,40000,79,64,64,0.06362207054049125
lung,baseline,40000,79,78,78,0.21456300838359596
lung,baseline,40000,79,78,78,0.26084411990088585
lung,baseline,40000,79,78,78,0.17350072281830908
lung,baseline,40000,79,76,76,0.04788032332976471
lung,baseline,40000,79,69,69,0.008987346977483667
lung,baseline,40000,79,74,74,0.09457051256714986
lung,baseline,40000,79,19,19,0.21794649407010988
lung,baseline,40000,79,78,78,0.005707518418052225
lung,baseline,40000,79,78,78,0.009472502944907773
lung,baseline,40000,79,78,78,0.0027826646670650926
lung,baseline,40000,79,78,78,0.006076582689253219
lung,baseline,40000,79,78,78,0.00329333753076928
lung,baseline,40000,79,78,78,0.014455164680512996
lung,baseline,40000,79,78,78,0.0031648577288996556
lung,baseline,40000,79,78,78,0.03181836028874616
lung,baseline,40000,79,78,78,0.01385766297299456
lung,baseline,40000,79,78,78,0.0029800619382977026
lung,baseline,40000,79,78,78,0.004624936342683957
lung,baseline,40000,79,78,78,0.0038795502487256636
lung,baseline,40000,79,77,77,0.0032555658972232442
lung,baseline,40000,79,77,77,0.004509417960432343
lung,baseline,40000,79,77,77,0.007192951838279574
lung,baseline,40000,79,76,76,0.019017473232286634
lung,baseline,40000,79,76,76,0.0223778744531024
lung,baseline,40000,79,75,75,0.015305733315631759
lung,baseline,40000,79,75,75,0.06620216056556823
lung,baseline,40000,79,75,75,0.015568205316821283
lung,baseline,40000,79,73,73,0.009354917589353048
lung,baseline,40000,79,72,72,0.02922175911265941
lung,baseline,40000,79,78,78,0.07795568605892148
lung,baseline,40000,79,75,75,0.05954823246974749
lung,baseline,40000,79,71,71,0.08896180311278729
lung,baseline,40000,79,70,70,0.09298311298293997
lung,baseline,40000,79,69,69,0.09230598701382861
lung,baseline,40000,79,63,63,0.05128189959522915
lung,baseline,40000,79,57,57,0.0769228549922781
lung,baseline,40000,79,77,77,0.26095465174731675
lung,baseline,40000,79,74,74,0.19396799882366783
lung,baseline,40000,79,78,78,0.22053941937410612
lung,baseline,40000,79,77,77,0.2938936098469495
lung,baseline,40000,79,75,75,0.1825036880281507
lung,baseline,40000,79,78,78,0.10046313027610768
lung,baseline,40000,79,78,78,0.05217247520078957
lung,baseline,40000,79,78,78,0.21700942781280524
lung,baseline,40000,79,78,78,0.23278971762227618
lung,baseline,40000,79,14,14,0.3105432152587944
lung,baseline,40000,79,76,76,0.0677341246923354
lung,baseline,40000,79,74,74,0.11894936325306574
lung,baseline,40000,79,64,64,0.1488647245345805
lung,baseline,40000,79,78,78,0.0031582066009351564
lung,baseline,40000,79,78,78,0.05433410798266931
lung,baseline,40000,79,76,76,0.012807076163850304
lung,baseline,40000,79,72,72,0.1796829224890851
lung,baseline,40000,79,53,53,0.17776755247702136
lung,baseline,40000,79,28,28,0.20875095755915124
lung,baseline,40000,79,78,78,0.0021317014064778203
lung,baseline,40000,79,77,77,0.12455986884848759
lung,baseline,40000,79,67,67,0.038867655621091034
lung,baseline,40000,79,75,75,0.12517200433871234
lung,baseline,40000,79,74,74,0.12480831591569035
lung,baseline,40000,79,73,73,0.022841801851943677
lung,baseline,40000,79,72,72,0.11416790783083666
lung,baseline,40000,79,64,64,0.14348750652810982
lung,baseline,40000,79,64,64,0.0541187565744017
lung,baseline,40000,79,64,64,0.051947026608802016
lung,baseline,40000,79,63,63,0.09059407200104962
lung,baseline,40000,79,59,59,0.13471304061601277
lung,baseline,40000,79,78,78,0.28974639347399866
lung,baseline,40000,79,78,78,0.27345111048201476
lung,baseline,40000,79,74,74,0.18371254114699487
lung,baseline,40000,79,78,78,0.09146442408163595
lung,baseline,40000,79,76,76,0.0692898161273644
lung,baseline,40000,79,78,78,0.14915362413174207
lung,baseline,40000,79,74,74,0.07850396060688274
lung,baseline,40000,79,70,70,0.015694985638090547
lung,baseline,40000,79,78,78,0.2597909891460784
lung,baseline,40000,79,73,73,0.05150286380711169
lung,baseline,40000,79,70,70,0.13293864843366765
lung,baseline,40000,79,67,67,0.049963046370525864
lung,baseline,40000,79,64,64,0.06432293825928007
lung,baseline,40000,79,64,64,0.08138844394120884
lung,baseline,40000,79,63,63,0.1015962979695886
lung,baseline,40000,79,78,78,0.015440613063400721
lung,baseline,40000,79,78,78,0.07770603865121298
lung,baseline,40000,79,78,78,0.08021943724301692
lung,baseline,40000,79,78,78,0.13810438014869542
lung,baseline,40000,79,78,78,0.00716891980544846
lung,baseline,40000,79,78,78,0.017107810954894633
lung,baseline,40000,79,77,77,0.30665363713612404
lung,baseline,40000,79,77,77,0.286288997716307
lung,baseline,40000,79,77,77,0.3063511526489062
lung,baseline,40000,79,78,78,0.1413697018408016
lung,baseline,40000,79,75,75,0.10133924021255523
lung,baseline,40000,79,78,78,0.1850339608805779
lung,baseline,40000,79,73,73,0.14892240865083167
lung,baseline,40000,79,27,27,0.20112310633972777
lung,baseline,40000,79,72,72,0.110005051528898
lung,baseline,40000,79,28,28,0.16702571027877605
lung,baseline,40000,79,28,28,0.23100299549442097
lung,baseline,40000,79,78,78,0.132329245162631
lung,baseline,40000,79,78,78,0.08773133082787184
lung,baseline,40000,79,74,74,0.1044944165396007
lung,baseline,40000,79,65,65,0.05430311194002572
lung,baseline,40000,79,57,57,0.3038429900651801
lung,baseline,40000,79,51,51,0.21198514306742716
lung,baseline,40000,79,37,37,0.18300319936036347
lung,baseline,40000,79,34,34,0.17513303084333368
lung,baseline,40000,79,78,78,0.262049914509707
lung,baseline,40000,79,78,78,0.2166998923916081
lung,baseline,40000,79,78,78,0.16720608178994306
lung,baseline,40000,79,78,78,0.005872920941806773
lung,baseline,40000,79,78,78,0.08808166116679933
lung,baseline,40000,79,77,77,0.031443514366075107
lung,baseline,40000,79,77,77,0.0359661355136141
lung,baseline,40000,79,76,76,0.03109948833061283
lung,baseline,40000,79,78,78,0.036305979938147416
lung,baseline,40000,79,78,78,0.12232950841916719
lung,baseline,40000,79,78,78,0.012366013653885592
lung,baseline,40000,79,77,77,0.009321261984818714
lung,baseline,40000,79,76,76,0.024377541531971643
lung,baseline,40000,79,75,75,0.02430880884767535
lung,baseline,40000,79,75,75,0.07298000400396049
lung,baseline,40000,79,72,72,0.08576812616411555
lung,baseline,40000,79,62,62,0.1286845734411621
lung,baseline,40000,79,55,55,0.10575265340577622
lung,baseline,40000,79,28,28,0.18394685898515453
lung,baseline,40000,79,78,78,0.15194240717037483
lung,baseline,40000,79,75,75,0.06854794595006017
lung,baseline,40000,79,75,75,0.040667206054646556
lung,baseline,40000,79,78,78,0.05419526092224098
lung,baseline,40000,79,70,70,0.017063721079316585
lung,baseline,40000,79,78,78,0.03042155473789089
lung,baseline,40000,79,78,78,0.0520009802727548
lung,baseline,40000,79,77,77,0.010831976501808099
lung,baseline,40000,79,76,76,0.023979508592560844
lung,baseline,40000,79,73,73,0.10245711125089087
lung,baseline,40000,79,70,70,0.17191603127402041
lung,baseline,40000,79,65,65,0.13013423359852366
lung,baseline,40000,79,58,58,0.17570730166226198
lung,baseline,40000,79,78,78,0.11375962603440605
lung,baseline,40000,79,78,78,0.2385807366570779
lung,baseline,40000,79,78,78,0.2142808751855219
lung,baseline,40000,79,78,78,0.18682895325017632
lung,baseline,40000,79,78,78,0.07070015795077046
lung,baseline,40000,79,76,76,0.011965288103645376
lung,baseline,40000,79,76,76,0.07009297043801772
lung,baseline,40000,79,62,62,0.2595295743767776
lung,baseline,40000,79,41,41,0.18663424801002548
lung,baseline,40000,79,40,40,0.27282878024996765
lung,baseline,40000,79,37,37,0.25921752302573864
lung,baseline,40000,79,35,35,0.26644219902800054
lung,baseline,40000,79,28,28,0.42450237380181005
lung,baseline,40000,79,78,78,0.19844923103006687
lung,baseline,40000,79,78,78,0.24720599843755223
lung,baseline,40000,79,78,78,0.05158812469435885
lung,baseline,40000,79,78,78,0.13704506970688593
lung,baseline,40000,79,78,78,0.04223715079933795
lung,baseline,40000,79,78,78,0.24193276725791363
lung,baseline,40000,79,78,78,0.09685249836975969
lung,baseline,40000,79,77,77,0.03381616781560722
lung,baseline,40000,79,77,77,0.14308273833453589
lung,baseline,40000,79,49,49,0.172598004900491
lung,baseline,40000,79,44,44,0.16980239650495668
lung,baseline,40000,79,40,40,0.17827842918788714
lung,baseline,40000,79,37,37,0.16165637947660275
lung,baseline,40000,79,35,35,0.18694687767743165
lung,baseline,40000,79,78,78,0.2280524806333401
lung,baseline,40000,79,76,76,0.10405937122777006
lung,baseline,40000,79,74,74,0.28077147694064974
lung,baseline,40000,79,72,72,0.26608435320357704
lung,baseline,40000,79,70,70,0.29123581377233065
lung,baseline,40000,79,66,66,0.29547723799191605
lung,baseline,40000,79,62,62,0.26594801061779955
lung,baseline,40000,79,78,78,0.12326718144789339
lung,baseline,40000,79,78,78,0.009820393113001384
lung,baseline,40000,79,77,77,0.011828981211063953
lung,baseline,40000,79,72,72,0.07976351866478379
lung,baseline,40000,79,44,44,0.14451529719637946
lung,baseline,40000,79,37,37,0.1549431692324561
lung,baseline,40000,79,28,28,0.16259687577758944
lung,baseline,40000,79,78,78,0.0036400678354588565
lung,baseline,40000,79,78,78,0.02799212640608951
lung,baseline,40000,79,74,74,0.08067292046492534
lung,baseline,40000,79,61,61,0.14842216216794762
lung,baseline,40000,79,28,28,0.15737646098298078
lung,baseline,40000,79,78,78,0.09850669817809933
lung,baseline,40000,79,77,77,0.1319904345132781
lung,baseline,40000,79,72,72,0.17522557248596746
lung,baseline,40000,79,19,19,0.28167599780272135
lung,baseline,40000,79,64,64,0.11500426519807427
lung,baseline,40000,79,62,62,0.12041586711345913
lung,baseline,40000,79,55,55,0.08118971675670837
lung,baseline,40000,79,53,53,0.10662827274477268
lung,baseline,40000,79,37,37,0.16116580913014714
lung,baseline,40000,79,35,35,0.1696534023057748
lung,baseline,40000,79,28,28,0.1715698048806537
lung,baseline,40000,79,78,78,0.16200392495533458
lung,baseline,40000,79,78,78,0.32574684364752243
lung,baseline,40000,79,78,78,0.268730180675005
lung,baseline,40000,79,77,77,0.025046068230687286
lung,baseline,40000,79,72,72,0.04706988365572344
lung,baseline,40000,79,70,70,0.015968880905076675
lung,baseline,40000,79,78,78,0.23500474823978137
lung,baseline,40000,79,73,73,0.17976052198523582
lung,baseline,40000,79,78,78,0.25741643475829573
lung,baseline,40000,79,75,75,0.13865771004825883
lung,baseline,40000,79,78,78,0.00948906672821261
lung,baseline,40000,79,78,78,0.0793588309302961
lung,baseline,40000,79,77,77,0.15957889591441132
lung,baseline,40000,79,77,77,0.06153587640073175
lung,baseline,40000,79,76,76,0.010346100106852454
lung,baseline,40000,80,79,79,0.25842485952598615
lung,baseline,40000,80,79,79,0.22285790475681283
lung,baseline,40000,80,79,79,0.17833415640483796
lung,baseline,40000,80,79,79,0.22134310216067218
lung,baseline,40000,80,79,79,0.003947840505024682
lung,baseline,40000,80,78,78,0.2252074035591305
lung,baseline,40000,80,78,78,0.22037684406064875
lung,baseline,40000,80,78,78,0.2892857512803995
lung,baseline,40000,80,75,75,0.22085363083244275
lung,baseline,40000,80,68,68,0.26372887356799585
lung,baseline,40000,80,78,78,0.12517866510124195
lung,baseline,40000,80,78,78,0.031904164232737973
lung,baseline,40000,80,77,77,0.12846355165384837
lung,baseline,40000,80,77,77,0.030383872033975325
lung,baseline,40000,80,75,75,0.05746874939570573
lung,baseline,40000,80,74,74,0.13371735920992078
lung,baseline,40000,80,73,73,0.12205934744933938
lung,baseline,40000,80,73,73,0.08981036834170804
lung,baseline,40000,80,72,72,0.09041167344155546
lung,baseline,40000,80,63,63,0.06087975818152912
lung,baseline,40000,80,58,58,0.11793830090205008
lung,baseline,40000,80,52,52,0.1683465680608753
lung,baseline,40000,80,79,79,0.06973514706362881
lung,baseline,40000,80,78,78,0.06333330678915702
lung,baseline,40000,80,74,74,0.10899187602367051
lung,baseline,40000,80,79,79,0.1872151269538418
lung,baseline,40000,80,78,78,0.22732067369638706
lung,baseline,40000,80,78,78,0.2897568512675515
lung,baseline,40000,80,77,77,0.2601847573317595
lung,baseline,40000,80,76,76,0.13745461559877747
lung,baseline,40000,80,76,76,0.26749190624727204
lung,baseline,40000,80,79,79,0.22433163126689395
lung,baseline,40000,80,19,19,0.3732791986752126
lung,baseline,40000,80,75,75,0.15280743101887004
lung,baseline,40000,80,74,74,0.20653185434825796
lung,baseline,40000,80,68,68,0.2164176892827983
lung,baseline,40000,80,79,79,0.1649273382253447
lung,baseline,40000,80,79,79,0.23963153351247016
lung,baseline,40000,80,79,79,0.0817785673340929
lung,baseline,40000,80,78,78,0.08280521367009738
lung,baseline,40000,80,78,78,0.05551704717831966
lung,baseline,40000,80,77,77,0.05845207205462111
lung,baseline,40000,80,69,69,0.05265181879593519
lung,baseline,40000,80,55,55,0.03701043193332629
lung,baseline,40000,80,79,79,0.010589745011804706
lung,baseline,40000,80,79,79,0.12093668187584629
lung,baseline,40000,80,78,78,0.02452151128907656
lung,baseline,40000,80,78,78,0.1532645806593694
lung,baseline,40000,80,77,77,0.152470700475862
lung,baseline,40000,80,74,74,0.16168241767547384
lung,baseline,40000,80,73,73,0.14029219564956547
lung,baseline,40000,80,72,72,0.16185870809879618
lung,baseline,40000,80,52,52,0.1816463241137264
lung,baseline,40000,80,78,78,0.29474052452142635
lung,baseline,40000,80,76,76,0.2850368379766999
lung,baseline,40000,80,75,75,0.2863814496007985
lung,baseline,40000,80,75,75,0.2865597955130024
lung,baseline,40000,80,74,74,0.2971757593627406
lung,baseline,40000,80,70,70,0.2297959072855107
lung,baseline,40000,80,65,65,0.18313953417647194
lung,baseline,40000,80,79,79,0.05471621449264827
lung,baseline,40000,80,79,79,0.11902651303411278
lung,baseline,40000,80,76,76,0.012454013297191589
lung,baseline,40000,80,75,75,0.021412871525335796
lung,baseline,40000,80,79,79,0.07259379719605344
lung,baseline,40000,80,79,79,0.0036616187678298294
lung,baseline,40000,80,79,79,0.18559176163104807
lung,baseline,40000,80,79,79,0.006165111554385513
lung,baseline,40000,80,78,78,0.20599945436800518
lung,baseline,40000,80,78,78,0.2554447399393577
lung,baseline,40000,80,79,79,0.16513380881496256
lung,baseline,40000,80,69,69,0.15601377052747642
lung,baseline,40000,80,68,68,0.03553055862928517
lung,baseline,40000,80,79,79,0.09732493061366924
lung,baseline,40000,80,79,79,0.2128588026135534
lung,baseline,40000,80,74,74,0.14893466242580788
lung,baseline,40000,80,78,78,0.19069850694051405
lung,baseline,40000,80,77,77,0.22846432077570225
lung,baseline,40000,80,77,77,0.2398199324726914
lung,baseline,40000,80,77,77,0.2245603915626372
lung,baseline,40000,80,74,74,0.2444335389087763
lung,baseline,40000,80,79,79,0.1491700705072269
lung,baseline,40000,80,78,78,0.018576601318755867
lung,baseline,40000,80,75,75,0.11450084840408498
lung,baseline,40000,80,79,79,0.20981073051244778
lung,baseline,40000,80,79,79,0.2687383476601579
lung,baseline,40000,80,74,74,0.2230938495028438
lung,baseline,40000,80,78,78,0.12100001939887078
lung,baseline,40000,80,76,76,0.12335971725816934
lung,baseline,40000,80,79,79,0.23985391157682953
lung,baseline,40000,80,79,79,0.2625583838630199
lung,baseline,40000,80,79,79,0.1934621777877422
lung,baseline,40000,80,75,75,0.23168160268540253
lung,baseline,40000,80,79,79,0.00700018757431581
lung,baseline,40000,80,79,79,0.053429441539875916
lung,baseline,40000,80,78,78,0.06517805083129463
lung,baseline,40000,80,70,70,0.03542277229061872
lung,baseline,40000,80,79,79,0.22696020184897478
lung,baseline,40000,80,79,79,0.05477717385762373
lung,baseline,40000,80,79,79,0.16487260328501402
lung,baseline,40000,80,75,75,0.14480988466442588
lung,baseline,40000,80,61,61,0.06427436945521221
lung,baseline,40000,80,79,79,0.2982214270866914
lung,baseline,40000,80,70,70,0.23471427849582796
lung,baseline,40000,80,70,70,0.2526265342655748
lung,baseline,40000,80,68,68,0.19927786673267664
lung,baseline,40000,80,68,68,0.234789848073099
lung,baseline,40000,80,79,79,0.0190767812197166
lung,baseline,40000,80,74,74,0.0674920589496005
lung,baseline,40000,80,74,74,0.10701191513208347
lung,baseline,40000,80,79,79,0.007675336862625701
lung,baseline,40000,80,79,79,0.2466730506923404
lung,baseline,40000,80,79,79,0.15778345708531263
lung,baseline,40000,80,78,78,0.2320899099318419
lung,baseline,40000,80,75,75,0.11086884426634912
lung,baseline,40000,80,19,19,0.29048452204370023
lung,baseline,40000,80,78,78,0.06257702711070252
lung,baseline,40000,80,75,75,0.0725045369884685
lung,baseline,40000,80,79,79,0.011132536489452028
lung,baseline,40000,80,79,79,0.09713317746319851
lung,baseline,40000,80,79,79,0.01835600944895377
lung,baseline,40000,80,79,79,0.02446621825948638
lung,baseline,40000,80,79,79,0.006561478865433622
lung,baseline,40000,80,78,78,0.01420213916213504
lung,baseline,40000,80,77,77,0.056397135678246765
lung,baseline,40000,80,77,77,0.07472443307173705
lung,baseline,40000,80,74,74,0.13118117639887694
lung,baseline,40000,80,74,74,0.11291979480534384
lung,baseline,40000,80,55,55,0.10626683090875272
lung,baseline,40000,80,28,28,0.19104267693743154
lung,baseline,40000,80,79,79,0.2735454613230285
lung,baseline,40000,80,78,78,0.2532120353500509
lung,baseline,40000,80,74,74,0.315622503643181
lung,baseline,40000,80,79,79,0.20939191368223112
lung,baseline,40000,80,78,78,0.01167807337049488
lung,baseline,40000,80,74,74,0.2530528087376054
lung,baseline,40000,80,72,72,0.20990126494264158
lung,baseline,40000,80,61,61,0.1291532298826275
lung,baseline,40000,80,55,55,0.21484812074410106
lung,baseline,40000,80,53,53,0.22720627419459294
lung,baseline,40000,80,28,28,0.3364007636255563
lung,baseline,40000,80,78,78,0.24700944038304692
lung,baseline,40000,80,72,72,0.22767426950424102
lung,baseline,40000,80,66,66,0.11853528016160896
lung,baseline,40000,80,64,64,0.25574616592010946
lung,baseline,40000,80,79,79,0.14067135850509987
lung,baseline,40000,80,75,75,0.18390112768971922
lung,baseline,40000,80,79,79,0.031588806587567735
lung,baseline,40000,80,79,79,0.16835270276710715
lung,baseline,40000,80,74,74,0.13783628072237128
lung,baseline,40000,80,79,79,0.07217582842086546
lung,baseline,40000,80,79,79,0.10676572812293192
lung,baseline,40000,80,79,79,0.04994631452317607
lung,baseline,40000,80,79,79,0.13636943216768216
lung,baseline,40000,80,77,77,0.035829596330613125
lung,baseline,40000,80,64,64,0.05168880713567904
lung,baseline,40000,80,47,47,0.14701237163728684
lung,baseline,40000,80,46,46,0.15079618324583302
lung,baseline,40000,80,28,28,0.17787465754915635
lung,baseline,40000,80,79,79,0.053218466192227004
lung,baseline,40000,80,79,79,0.07750901207844298
lung,baseline,40000,80,77,77,0.009079490390450464
lung,baseline,40000,80,79,79,0.207523339783534
lung,baseline,40000,80,78,78,0.2465816647981967
lung,baseline,40000,80,73,73,0.25396505353431187
lung,baseline,40000,80,68,68,0.03512374713220013
lung,baseline,40000,80,64,64,0.13559871072903046
lung,baseline,40000,80,78,78,0.06278111850913522
lung,baseline,40000,80,78,78,0.009178140168233545
lung,baseline,40000,80,77,77,0.017110694158852403
lung,baseline,40000,80,70,70,0.03971580025047745
lung,baseline,40000,80,69,69,0.018546732588486173
lung,baseline,40000,80,79,79,0.26966518084875846
lung,baseline,40000,80,75,75,0.19750039640010864
lung,baseline,40000,80,66,66,0.07530334560942396
lung,baseline,40000,80,66,66,0.10934781459751819
lung,baseline,40000,80,77,77,0.1559442373587777
lung,baseline,40000,80,76,76,0.08038022883765522
lung,baseline,40000,80,75,75,0.13173614712055476
lung,baseline,40000,80,63,63,0.12914595436606957
lung,baseline,40000,80,79,79,0.28181150660382465
lung,baseline,40000,80,79,79,0.23819196694895955
lung,baseline,40000,80,78,78,0.053028076288237906
lung,baseline,40000,80,79,79,0.19949980036403592
lung,baseline,40000,80,79,79,0.20492994786348012
lung,baseline,40000,80,74,74,0.08217760747819682
lung,baseline,40000,80,53,53,0.10513906396835941
lung,baseline,40000,80,76,76,0.21330452071722802
lung,baseline,40000,80,72,72,0.24269377582126467
lung,baseline,40000,80,72,72,0.22574317874104333
lung,baseline,40000,80,71,71,0.21847822544412385
lung,baseline,40000,80,79,79,0.25482375786651695
lung,baseline,40000,80,74,74,0.2011962584641867
lung,baseline,40000,80,79,79,0.28038400296699423
lung,baseline,40000,80,79,79,0.07769349082507129
lung,baseline,40000,80,79,79,0.23961540313223795
lung,baseline,40000,80,37,37,0.30530043661205447
lung,baseline,40000,80,27,27,0.35819604479599526
lung,baseline,40000,80,78,78,0.1777692463544523
lung,baseline,40000,80,76,76,0.16855010413866467
lung,baseline,40000,80,70,70,0.16953023020778796
lung,baseline,40000,80,68,68,0.03882321683628693
lung,baseline,40000,80,79,79,0.2734840170770496
lung,baseline,40000,80,78,78,0.2092587133565494
lung,baseline,40000,80,78,78,0.18982906274771474
lung,baseline,40000,80,76,76,0.07636289181108416
lung,baseline,40000,80,79,79,0.16365530341901657
lung,baseline,40000,80,69,69,0.1582995962749706
lung,baseline,40000,80,68,68,0.03762283375907259
lung,baseline,40000,80,76,76,0.2217566976362736
lung,baseline,40000,80,75,75,0.1392397372705905
lung,baseline,40000,80,70,70,0.07284161641724844
lung,baseline,40000,80,70,70,0.23448507045126524
lung,baseline,40000,80,68,68,0.04186379053369631
lung,baseline,40000,80,79,79,0.2140944746023968
lung,baseline,40000,80,77,77,0.11604092792998531
lung,baseline,40000,80,76,76,0.14644753351884665
lung,baseline,40000,80,66,66,0.05702825990878646
lung,baseline,40000,80,79,79,0.21131485489763951
lung,baseline,40000,80,77,77,0.24347995830049837
lung,baseline,40000,80,73,73,0.22120612530908923
lung,baseline,40000,80,71,71,0.22909430365801658
lung,baseline,40000,80,79,79,0.14876202970725871
lung,baseline,40000,80,79,79,0.004872183557650109
lung,baseline,40000,80,78,78,0.019348597342633174
lung,baseline,40000,80,79,79,0.2441937886105615
lung,baseline,40000,80,75,75,0.18139064881614053
lung,baseline,40000,80,78,78,0.2576998919425542
lung,baseline,40000,80,77,77,0.28023307198719455
lung,baseline,40000,80,73,73,0.27991062226187857
lung,baseline,40000,80,72,72,0.28865992089897385
lung,baseline,40000,80,72,72,0.26766048694094646
lung,baseline,40000,80,70,70,0.2807384578883977
lung,baseline,40000,80,64,64,0.2488837402230461
lung,baseline,40000,80,58,58,0.2869245520817692
lung,baseline,40000,80,57,57,0.29566798693484286
lung,baseline,40000,80,52,52,0.282457597039673
lung,baseline,40000,80,44,44,0.24468882165198796
lung,baseline,40000,80,40,40,0.2573675744975894
lung,baseline,40000,80,78,78,0.05867542366870144
lung,baseline,40000,80,78,78,0.14606290872034866
lung,baseline,40000,80,78,78,0.1467381109965357
lung,baseline,40000,80,78,78,0.14842291113050635
lung,baseline,40000,80,75,75,0.15757665901258966
lung,baseline,40000,80,73,73,0.14304079799478536
lung,baseline,40000,80,79,79,0.12055373764528222
lung,baseline,40000,80,74,74,0.12371552824277005
lung,baseline,40000,80,79,79,0.017119072559442366
lung,baseline,40000,80,79,79,0.1407503035338723
lung,baseline,40000,80,78,78,0.008825956676469002
lung,baseline,40000,80,78,78,0.008724121055129125
lung,baseline,40000,80,77,77,0.010478519989452418
lung,baseline,40000,80,77,77,0.04312163558112577
lung,baseline,40000,80,76,76,0.0908926063960398
lung,baseline,40000,80,76,76,0.028519717650194284
lung,baseline,40000,80,73,73,0.02489937747442949
lung,baseline,40000,80,79,79,0.05801242594900503
lung,baseline,40000,80,79,79,0.14891402693179448
lung,baseline,40000,80,79,79,0.09025208612900502
lung,baseline,40000,80,78,78,0.1422976034501636
lung,baseline,40000,80,76,76,0.11981650421404245
lung,baseline,40000,80,76,76,0.08429125030312568
lung,baseline,40000,80,75,75,0.12751855005908497
lung,baseline,40000,80,79,79,0.26272535289251187
lung,baseline,40000,80,75,75,0.23143219205777646
lung,baseline,40000,80,68,68,0.19853203117876933
lung,baseline,40000,80,78,78,0.1644304997314053
lung,baseline,40000,80,77,77,0.17349753903555956
lung,baseline,40000,80,74,74,0.1701097657577331
lung,baseline,40000,80,74,74,0.1484962712946384
lung,baseline,40000,80,69,69,0.17587491725145254
lung,baseline,40000,80,79,79,0.011712809947222676
lung,baseline,40000,80,79,79,0.007351301767241582
lung,baseline,40000,80,79,79,0.023789706230285666
lung,baseline,40000,80,79,79,0.013427408225870314
lung,baseline,40000,80,79,79,0.12009765855558094
lung,baseline,40000,80,79,79,0.008500967921978495
lung,baseline,40000,80,79,79,0.00675656957683617
lung,baseline,40000,80,79,79,0.035189951850718645
lung,baseline,40000,80,78,78,0.016145184559106945
lung,baseline,40000,80,78,78,0.007847198503754108
lung,baseline,40000,80,77,77,0.013127071777110859
lung,baseline,40000,80,76,76,0.01566308814177435
lung,baseline,40000,80,76,76,0.028912971606896775
lung,baseline,40000,80,76,76,0.02530043901261626
lung,baseline,40000,80,76,76,0.02593481107589641
lung,baseline,40000,80,73,73,0.027783303536587173
lung,baseline,40000,80,79,79,0.12658778605218615
lung,baseline,40000,80,79,79,0.23216258723971103
lung,baseline,40000,80,74,74,0.2745156495866783
lung,baseline,40000,80,79,79,0.0466978742935256
lung,baseline,40000,80,79,79,0.02811726055360382
lung,baseline,40000,80,79,79,0.18417450140819494
lung,baseline,40000,80,79,79,0.08563748898434066
lung,baseline,40000,80,76,76,0.032924800760566024
lung,baseline,40000,80,76,76,0.052232484733077865
lung,baseline,40000,80,76,76,0.05864637571974546
lung,baseline,40000,80,73,73,0.025103164922768744
lung,baseline,40000,80,71,71,0.021987955136296495
lung,baseline,40000,80,79,79,0.273881692028204
lung,baseline,40000,80,78,78,0.2845308151665466
lung,baseline,40000,80,71,71,0.30271232919889096
lung,baseline,40000,80,68,68,0.23305915690126988
lung,baseline,40000,80,79,79,0.11827089416638445
lung,baseline,40000,80,79,79,0.03223842061491742
lung,baseline,40000,80,79,79,0.05110467610316588
lung,baseline,40000,80,79,79,0.005245122766025789
lung,baseline,40000,80,79,79,0.012386752271700935
lung,baseline,40000,80,77,77,0.02839550456831659
lung,baseline,40000,80,79,79,0.12012473161036981
lung,baseline,40000,80,79,79,0.00891449790974155
lung,baseline,40000,80,76,76,0.011367501694795099
lung,baseline,40000,80,76,76,0.07037601744051965
lung,baseline,40000,80,75,75,0.08438410763415072
lung,baseline,40000,80,75,75,0.01794607309895934
lung,baseline,40000,80,75,75,0.05857404632716873
lung,baseline,40000,80,63,63,0.06463455190499881
lung,baseline,40000,80,79,79,0.11287283737837896
lung,baseline,40000,80,77,77,0.0933876942732963
lung,baseline,40000,80,75,75,0.02228061740072241
lung,baseline,40000,80,74,74,0.12195009838302358
lung,baseline,40000,80,71,71,0.0678295785958597
lung,baseline,40000,80,57,57,0.30065808676314143
lung,baseline,40000,80,54,54,0.33177914996029856
lung,baseline,40000,80,53,53,0.294447973910172
lung,baseline,40000,80,79,79,0.19889601649195263
lung,baseline,40000,80,74,74,0.15121614028872157
lung,baseline,40000,80,79,79,0.019051718396606996
lung,baseline,40000,80,79,79,0.011978166920681665
lung,baseline,40000,80,74,74,0.1065680909409005
lung,baseline,40000,80,79,79,0.2833710343402405
lung,baseline,40000,80,79,79,0.2909666218721309
lung,baseline,40000,80,78,78,0.20388459565835323
lung,baseline,40000,80,79,79,0.20123715422720692
lung,baseline,40000,80,77,77,0.022164640089587736
lung,baseline,40000,80,75,75,0.14220714937156223
lung,baseline,40000,80,78,78,0.03219487343206515
lung,baseline,40000,80,75,75,0.09304419958457023
lung,baseline,40000,80,79,79,0.23998980325512065
lung,baseline,40000,80,79,79,0.14039499629614532
lung,baseline,40000,80,79,79,0.2700467129715459
lung,baseline,40000,80,79,79,0.011794224565126741
lung,baseline,40000,80,76,76,0.0347206258858709
lung,baseline,40000,80,75,75,0.17360114290288448
lung,baseline,40000,80,79,79,0.2019198667259879
lung,baseline,40000,80,76,76,0.3000609918714519
lung,baseline,40000,80,71,71,0.2872281171931537
lung,baseline,40000,80,66,66,0.254574744496062
lung,baseline,40000,80,79,79,0.12672402838589014
lung,baseline,40000,80,75,75,0.18518951501455735
lung,baseline,40000,80,79,79,0.21293145114148904
lung,baseline,40000,80,79,79,0.08627974856247213
lung,baseline,40000,80,79,79,0.1201701935462056
lung,baseline,40000,80,75,75,0.0832182322720832
lung,baseline,40000,80,74,74,0.020708202242108155
lung,baseline,40000,80,71,71,0.04535345067002737
lung,baseline,40000,80,73,73,0.10817886359159269
lung,baseline,40000,80,72,72,0.10795275536440767
lung,baseline,40000,80,55,55,0.08453509625053755
lung,baseline,40000,80,53,53,0.10918257177280506
lung,baseline,40000,80,28,28,0.1626442290356722
lung,baseline,40000,80,78,78,0.12189834682240455
lung,baseline,40000,80,70,70,0.1530498938187257
lung,baseline,40000,80,70,70,0.16106070370890838
lung,baseline,40000,80,70,70,0.1537428205462765
lung,baseline,40000,80,78,78,0.21033250023426697
lung,baseline,40000,80,78,78,0.19297675266148434
lung,baseline,40000,80,77,77,0.19701807754948933
lung,baseline,40000,80,69,69,0.17895307794146836
lung,baseline,40000,80,79,79,0.27487747630318665
lung,baseline,40000,80,78,78,0.21754820057235924
lung,baseline,40000,80,77,77,0.21787937699230112
lung,baseline,40000,80,73,73,0.2562805159377197
lung,baseline,40000,80,77,77,0.34491105948690065
lung,baseline,40000,80,59,59,0.1597034285986992
lung,baseline,40000,80,28,28,0.22886136317350778
lung,baseline,40000,80,79,79,0.16274101674134903
lung,baseline,40000,80,78,78,0.09963184380476557
lung,baseline,40000,80,75,75,0.14507377531876167
lung,baseline,40000,80,73,73,0.19782173473246495
lung,baseline,40000,80,69,69,0.11643996088325426
lung,baseline,40000,80,66,66,0.1675484872056403
lung,baseline,40000,80,63,63,0.07108655461918703
lung,baseline,40000,80,79,79,0.012111855639854629
lung,baseline,40000,80,78,78,0.009361452513056317
lung,baseline,40000,80,74,74,0.10682770983677944
lung,baseline,40000,80,68,68,0.03366059074750705
lung,baseline,40000,80,79,79,0.222468982429485
lung,baseline,40000,80,75,75,0.20276517456789878
lung,baseline,40000,80,79,79,0.019295699930832157
lung,baseline,40000,80,77,77,0.011295606774420399
lung,baseline,40000,80,76,76,0.1296959761116872
lung,baseline,40000,80,73,73,0.21250354876101082
lung,baseline,40000,80,78,78,0.0114687744150401
lung,baseline,40000,80,79,79,0.23909024864573478
lung,baseline,40000,80,77,77,0.023107147648796268
lung,baseline,40000,80,76,76,0.029378783085925
lung,baseline,40000,80,76,76,0.16861392396888153
lung,baseline,40000,80,79,79,0.0053133150580876
lung,baseline,40000,80,79,79,0.06914258576905247
lung,baseline,40000,80,79,79,0.032740134567888955
lung,baseline,40000,80,79,79,0.03147567372882295
lung,baseline,40000,80,78,78,0.014831666310129582
lung,baseline,40000,80,78,78,0.009281687375669695
lung,baseline,40000,80,77,77,0.026899031244482636
lung,baseline,40000,80,77,77,0.012509814146664841
lung,baseline,40000,80,77,77,0.028541818353482042
lung,baseline,40000,80,75,75,0.08983888533520752
lung,baseline,40000,80,74,74,0.016721714549887204
lung,baseline,40000,80,67,67,0.02366286708190625
lung,baseline,40000,80,79,79,0.15771351989543042
lung,baseline,40000,80,75,75,0.1341124249074416
lung,baseline,40000,80,51,51,0.05158157315539674
lung,baseline,40000,80,79,79,0.005113709233976055
lung,baseline,40000,80,79,79,0.03250281653569849
lung,baseline,40000,80,78,78,0.1345890252083393
lung,baseline,40000,80,76,76,0.058683987787702306
lung,baseline,40000,80,69,69,0.1806339416575248
lung,baseline,40000,80,28,28,0.20288658256732067
lung,baseline,40000,80,79,79,0.13162114196565924
lung,baseline,40000,80,78,78,0.1189181886939339
lung,baseline,40000,80,71,71,0.13010178092830849
lung,baseline,40000,80,79,79,0.03906095900462119
lung,baseline,40000,80,79,79,0.21207051663265244
lung,baseline,40000,80,79,79,0.0963150370885097
lung,baseline,40000,80,79,79,0.028687766925514255
lung,baseline,40000,80,78,78,0.016484728482565856
lung,baseline,40000,80,67,67,0.036103146194240626
lung,baseline,40000,80,74,74,0.14888159639376894
lung,baseline,40000,80,28,28,0.34446128764653405
lung,baseline,40000,80,79,79,0.1577119964462033
lung,baseline,40000,80,69,69,0.15223802225631752
lung,baseline,40000,80,68,68,0.03681012648040409
lung,baseline,40000,80,79,79,0.14932059770070114
lung,baseline,40000,80,78,78,0.02132672425835075
lung,baseline,40000,80,79,79,0.1502178096697665
lung,baseline,40000,80,78,78,0.060930184766198395
lung,baseline,40000,80,74,74,0.09835663420495296
lung,baseline,40000,80,68,68,0.09319952386933623
lung,baseline,40000,80,68,68,0.03346187122207202
lung,baseline,40000,80,79,79,0.010522293923322934
lung,baseline,40000,80,79,79,0.009547238380495624
lung,baseline,40000,80,79,79,0.009198703030788334
lung,baseline,40000,80,79,79,0.01019644021105365
lung,baseline,40000,80,79,79,0.009989899403186077
lung,baseline,40000,80,79,79,0.008507551596307476
lung,baseline,40000,80,79,79,0.010710173034063701
lung,baseline,40000,80,79,79,0.009990183780147663
lung,baseline,40000,80,79,79,0.01290862149327732
lung,baseline,40000,80,79,79,0.013986981229363309
lung,baseline,40000,80,79,79,0.011288654280545454
lung,baseline,40000,80,79,79,0.030052164454658966
lung,baseline,40000,80,79,79,0.01684335144099257
lung,baseline,40000,80,79,79,0.010042189725118176
lung,baseline,40000,80,79,79,0.05230001546317876
lung,baseline,40000,80,79,79,0.008826080755213201
lung,baseline,40000,80,79,79,0.008879827082142112
lung,baseline,40000,80,79,79,0.009721296375264254
lung,baseline,40000,80,79,79,0.010894607541591318
lung,baseline,40000,80,79,79,0.01990602362586418
lung,baseline,40000,80,79,79,0.010580192577170494
lung,baseline,40000,80,79,79,0.009870398814476147
lung,baseline,40000,80,78,78,0.010218944574267653
lung,baseline,40000,80,77,77,0.010391863108821207
lung,baseline,40000,80,77,77,0.009325438401569942
lung,baseline,40000,80,77,77,0.023806979188257152
lung,baseline,40000,80,77,77,0.011506846608700837
lung,baseline,40000,80,76,76,0.01461052113409325
lung,baseline,40000,80,76,76,0.021769517150298987
lung,baseline,40000,80,73,73,0.02948214437527733
lung,baseline,40000,80,74,74,0.21546661301898895
lung,baseline,40000,80,74,74,0.21121820742505634
lung,baseline,40000,80,66,66,0.14993057087887773
lung,baseline,40000,80,76,76,0.1842608850920118
lung,baseline,40000,80,74,74,0.1756991730545552
lung,baseline,40000,80,74,74,0.17828284459421123
lung,baseline,40000,80,72,72,0.1853134064920844
lung,baseline,40000,80,71,71,0.13919422470979367
lung,baseline,40000,80,54,54,0.17865890040330676
lung,baseline,40000,80,79,79,0.17031805345907114
lung,baseline,40000,80,79,79,0.0814526720632349
lung,baseline,40000,80,28,28,0.3875075963270142
lung,baseline,40000,80,79,79,0.12174423128659666
lung,baseline,40000,80,69,69,0.12719618222874898
lung,baseline,40000,80,28,28,0.17925591519678627
lung,baseline,40000,80,75,75,0.07682364730124219
lung,baseline,40000,80,19,19,0.2797682389122129
lung,baseline,40000,80,73,73,0.28906366645487264
lung,baseline,40000,80,72,72,0.2363728887276688
lung,baseline,40000,80,71,71,0.2529069250851431
lung,baseline,40000,80,71,71,0.256811823764992
lung,baseline,40000,80,70,70,0.2668944118402775
lung,baseline,40000,80,68,68,0.23371350711838584
lung,baseline,40000,80,58,58,0.2933479580762186
lung,baseline,40000,80,53,53,0.2943527287224449
lung,baseline,40000,80,79,79,0.14245835765654388
lung,baseline,40000,80,79,79,0.23493245040404725
lung,baseline,40000,80,75,75,0.20370129880526336
lung,baseline,40000,80,79,79,0.033501043102285896
lung,baseline,40000,80,79,79,0.05235592294144172
lung,baseline,40000,80,79,79,0.1152222631043978
lung,baseline,40000,80,76,76,0.03444381416010024
lung,baseline,40000,80,79,79,0.026034110411141023
lung,baseline,40000,80,74,74,0.051815924089558284
lung,baseline,40000,80,73,73,0.11321021157486681
lung,baseline,40000,80,70,70,0.11194171050553588
lung,baseline,40000,80,69,69,0.11481145426171548
lung,baseline,40000,80,68,68,0.06552871311842931
lung,baseline,40000,80,77,77,0.2815647640282484
lung,baseline,40000,80,75,75,0.17163370287554855
lung,baseline,40000,80,74,74,0.21450422989402448
lung,baseline,40000,80,71,71,0.1914145659659623
lung,baseline,40000,80,79,79,0.1475807494120675
lung,baseline,40000,80,79,79,0.012082873267095642
lung,baseline,40000,80,79,79,0.11057210613109784
lung,baseline,40000,80,75,75,0.12812288795511936
lung,baseline,40000,80,79,79,0.17558270957791955
lung,baseline,40000,80,79,79,0.20365580919840037
lung,baseline,40000,80,76,76,0.1329571199611041
lung,baseline,40000,80,79,79,0.013142818861126507
lung,baseline,40000,80,79,79,0.03608605323954393
lung,baseline,40000,80,79,79,0.06994509001866951
lung,baseline,40000,80,79,79,0.1493665784553229
lung,baseline,40000,80,78,78,0.01429189910820018
lung,baseline,40000,80,77,77,0.01303314167875621
lung,baseline,40000,80,77,77,0.015867557399568112
lung,baseline,40000,80,77,77,0.03461743784275597
lung,baseline,40000,80,77,77,0.00908113992953431
lung,baseline,40000,80,76,76,0.024634604817300475
lung,baseline,40000,80,79,79,0.029646509470141455
lung,baseline,40000,80,79,79,0.19726381134977602
lung,baseline,40000,80,76,76,0.22640232594524673
lung,baseline,40000,80,76,76,0.12322145304652135
lung,baseline,40000,80,79,79,0.29209549601396667
lung,baseline,40000,80,73,73,0.26464324907385794
lung,baseline,40000,80,72,72,0.04255414318366418
lung,baseline,40000,80,75,75,0.10013970847225026
lung,baseline,40000,80,79,79,0.09919489441381059
lung,baseline,40000,80,79,79,0.20595932055259097
lung,baseline,40000,80,79,79,0.17035642402205772
lung,baseline,40000,80,78,78,0.008516660649152862
lung,baseline,40000,80,79,79,0.11973076097311039
lung,baseline,40000,80,76,76,0.07892103719278576
lung,baseline,40000,80,79,79,0.3200192780210569
lung,baseline,40000,80,71,71,0.3476585482111729
lung,baseline,40000,80,73,73,0.12871838252301032
lung,baseline,40000,80,71,71,0.02402605642300705
lung,baseline,40000,80,70,70,0.1542342006079607
lung,baseline,40000,80,79,79,0.044101111931546075
lung,baseline,40000,80,74,74,0.10809563029559081
lung,baseline,40000,80,77,77,0.014356313478851874
lung,baseline,40000,80,75,75,0.033833510322705374
lung,baseline,40000,80,79,79,0.2486142451044363
lung,baseline,40000,80,79,79,0.20437970320695698
lung,baseline,40000,80,76,76,0.14190123930183676
lung,baseline,40000,80,79,79,0.2074259052884389
lung,baseline,40000,80,79,79,0.1315998739788299
lung,baseline,40000,80,74,74,0.18998492599673547
lung,baseline,40000,80,79,79,0.03158521353128156
lung,baseline,40000,80,79,79,0.020797172775181488
lung,baseline,40000,80,79,79,0.00966687912337982
lung,baseline,40000,80,79,79,0.01229479181651027
lung,baseline,40000,80,79,79,0.008034978169819962
lung,baseline,40000,80,79,79,0.11952340546818206
lung,baseline,40000,80,79,79,0.008874205581199508
lung,baseline,40000,80,79,79,0.009773870990097428
lung,baseline,40000,80,79,79,0.05856738355148618
lung,baseline,40000,80,79,79,0.00874153312036322
lung,baseline,40000,80,78,78,0.011181363524662959
lung,baseline,40000,80,77,77,0.03057887779094555
lung,baseline,40000,80,77,77,0.009552529421444689
lung,baseline,40000,80,77,77,0.02218481045714883
lung,baseline,40000,80,77,77,0.022477056760928114
lung,baseline,40000,80,77,77,0.011575552207263085
lung,baseline,40000,80,76,76,0.029820836490604553
lung,baseline,40000,80,73,73,0.03084935824208577
lung,baseline,40000,80,68,68,0.032532781500571026
lung,baseline,40000,80,79,79,0.22414494716143374
lung,baseline,40000,80,68,68,0.03571646605152662
lung,baseline,40000,80,79,79,0.1358494798682752
lung,baseline,40000,80,77,77,0.012199686606185764
lung,baseline,40000,80,75,75,0.12051453846923861
lung,baseline,40000,80,62,62,0.24884899750275322
lung,baseline,40000,80,53,53,0.30193423372574163
lung,baseline,40000,80,37,37,0.26057319543369784
lung,baseline,40000,80,28,28,0.41042691689602734
lung,baseline,40000,80,79,79,0.007817953168668401
lung,baseline,40000,80,79,79,0.029072775993020737
lung,baseline,40000,80,79,79,0.03275980666714706
lung,baseline,40000,80,78,78,0.1189389946182143
lung,baseline,40000,80,78,78,0.11799557079862655
lung,baseline,40000,80,75,75,0.08237878455527677
lung,baseline,40000,80,75,75,0.13507474585402812
lung,baseline,40000,80,67,67,0.03087148679726843
lung,baseline,40000,80,78,78,0.27691984782431633
lung,baseline,40000,80,78,78,0.25284521711532104
lung,baseline,40000,80,78,78,0.2136910726175326
lung,baseline,40000,80,78,78,0.21601424200658612
lung,baseline,40000,80,78,78,0.21264220994142208
lung,baseline,40000,80,76,76,0.20956845768292526
lung,baseline,40000,80,74,74,0.04816156920676415
lung,baseline,40000,80,79,79,0.16286273215902886
lung,baseline,40000,80,74,74,0.1658576222651944
lung,baseline,40000,80,66,66,0.15130827388736764
lung,baseline,40000,80,73,73,0.16122183919130104
lung,baseline,40000,80,28,28,0.19386061344581748
lung,baseline,40000,80,34,34,0.06558446543518184
lung,baseline,40000,80,76,76,0.13560489302955914
lung,baseline,40000,80,76,76,0.13366763669699191
lung,baseline,40000,80,70,70,0.16853859758179462
lung,baseline,40000,80,70,70,0.16193776970186666
lung,baseline,40000,80,57,57,0.186325353386211
lung,baseline,40000,80,54,54,0.20314867720148233
lung,baseline,40000,80,53,53,0.17574717083960506
lung,baseline,40000,80,75,75,0.09673939711021275
lung,baseline,40000,80,74,74,0.10318730807570588
lung,baseline,40000,80,79,79,0.2198132298901954
lung,baseline,40000,80,79,79,0.19406088586942447
lung,baseline,40000,80,75,75,0.1575836220865276
lung,baseline,40000,80,14,14,0.3109059343924711
lung,baseline,40000,80,78,78,0.17751929844083972
lung,baseline,40000,80,78,78,0.15290175552495341
lung,baseline,40000,80,77,77,0.1576885221485469
lung,baseline,40000,80,74,74,0.1261968974962164
lung,baseline,40000,80,69,69,0.12487077868014636
lung,baseline,40000,80,43,43,0.1660424297031506
lung,baseline,40000,80,39,39,0.16132145024312594
lung,baseline,40000,80,79,79,0.04642940150263464
lung,baseline,40000,80,79,79,0.004744376243528549
lung,baseline,40000,80,79,79,0.138708957215242
lung,baseline,40000,80,79,79,0.010287219248352285
lung,baseline,40000,80,78,78,0.011686381081943684
lung,baseline,40000,80,77,77,0.03066736414419361
lung,baseline,40000,80,77,77,0.017308247384877885
lung,baseline,40000,80,76,76,0.025248883117277108
lung,baseline,40000,80,76,76,0.016769100792082017
lung,baseline,40000,80,76,76,0.09679529889003641
lung,baseline,40000,80,73,73,0.011262258427079905
lung,baseline,40000,80,79,79,0.2087724944167304
lung,baseline,40000,80,79,79,0.27064252687561735
lung,baseline,40000,80,79,79,0.22873498609162787
lung,baseline,40000,80,78,78,0.2357229663563816
lung,baseline,40000,80,75,75,0.26534758251056323
lung,baseline,40000,80,61,61,0.2135563268207683
lung,baseline,40000,80,79,79,0.03261972747083077
lung,baseline,40000,80,79,79,0.007952135708177942
lung,baseline,40000,80,79,79,0.11256889626995453
lung,baseline,40000,80,77,77,0.027434400053007187
lung,baseline,40000,80,77,77,0.007938860158220968
lung,baseline,40000,80,76,76,0.05921312850961467
lung,baseline,40000,80,75,75,0.07795424085686248
lung,baseline,40000,80,75,75,0.06077818092591163
lung,baseline,40000,80,79,79,0.2327141239938075
lung,baseline,40000,80,71,71,0.17963071869825178
lung,baseline,40000,80,78,78,0.05714836736064323
lung,baseline,40000,80,78,78,0.1481531019075588
lung,baseline,40000,80,79,79,0.08756752811809744
lung,baseline,40000,80,79,79,0.10988211925191117
lung,baseline,40000,80,79,79,0.2202936967141101
lung,baseline,40000,80,78,78,0.2709442370940879
lung,baseline,40000,80,79,79,0.26871830864456936
lung,baseline,40000,80,79,79,0.24683338956774856
lung,baseline,40000,80,79,79,0.0702665139774347
lung,baseline,40000,80,79,79,0.048336824193818025
lung,baseline,40000,80,79,79,0.16944055295069324
lung,baseline,40000,80,79,79,0.20165087989362862
lung,baseline,40000,80,78,78,0.13384120045099215
lung,baseline,40000,80,78,78,0.17605203651162074
lung,baseline,40000,80,77,77,0.1240360024780356
lung,baseline,40000,80,76,76,0.13835641786567712
lung,baseline,40000,80,75,75,0.16911688707339456
lung,baseline,40000,80,74,74,0.02243688954585074
lung,baseline,40000,80,79,79,0.14823637504291862
lung,baseline,40000,80,74,74,0.09463416531784054
lung,baseline,40000,80,68,68,0.02325622311273493
lung,baseline,40000,80,78,78,0.27537796836270206
lung,baseline,40000,80,78,78,0.21359653778745497
lung,baseline,40000,80,74,74,0.267487780263498
lung,baseline,40000,80,28,28,0.19032490351674483
lung,baseline,40000,80,79,79,0.2012967302564786
lung,baseline,40000,80,78,78,0.2670476526315681
lung,baseline,40000,80,78,78,0.2599194026353188
lung,baseline,40000,80,75,75,0.2585692036126312
lung,baseline,40000,80,74,74,0.016366042531775177
lung,baseline,40000,80,79,79,0.18280375491429351
lung,baseline,40000,80,76,76,0.0756977336301543
lung,baseline,40000,80,74,74,0.15495342015364927
lung,baseline,40000,80,79,79,0.06995985562220834
lung,baseline,40000,80,73,73,0.11132692034833756
lung,baseline,40000,80,73,73,0.11379323539904702
lung,baseline,40000,80,70,70,0.0357388921625364
lung,baseline,40000,80,68,68,0.03393836903055073
lung,baseline,40000,80,79,79,0.015804805958399053
lung,baseline,40000,80,79,79,0.14219013705597994
lung,baseline,40000,80,74,74,0.15565732532134655
lung,baseline,40000,80,79,79,0.16263224059593856
lung,baseline,40000,80,77,77,0.06041784365079793
lung,baseline,40000,80,75,75,0.1320021977919855
lung,baseline,40000,80,78,78,0.28647333969012473
lung,baseline,40000,80,78,78,0.24755216050378662
lung,baseline,40000,80,75,75,0.2646214771140808
lung,baseline,40000,80,65,65,0.22312602643495763
lung,baseline,40000,81,78,78,0.2987181853452432
lung,baseline,40000,81,80,80,0.21995998008577322
lung,baseline,40000,81,80,80,0.1862296624721187
lung,baseline,40000,81,80,80,0.12255625245436788
lung,baseline,40000,81,80,80,0.28178118066456354
lung,baseline,40000,81,80,80,0.29623198200072764
lung,baseline,40000,81,78,78,0.04087034387137735
lung,baseline,40000,81,77,77,0.012591292044761953
lung,baseline,40000,81,77,77,0.13419175866387012
lung,baseline,40000,81,80,80,0.01002611297638695
lung,baseline,40000,81,80,80,0.02210171565109771
lung,baseline,40000,81,80,80,0.012701875131339618
lung,baseline,40000,81,80,80,0.0073560796666457375
lung,baseline,40000,81,80,80,0.06051932214669229
lung,baseline,40000,81,80,80,0.013987195923293472
lung,baseline,40000,81,80,80,0.00587318596321147
lung,baseline,40000,81,80,80,0.007414163311467478
lung,baseline,40000,81,80,80,0.14193036179224852
lung,baseline,40000,81,80,80,0.006106794752202527
lung,baseline,40000,81,80,80,0.00404626867947846
lung,baseline,40000,81,80,80,0.015576241489364989
lung,baseline,40000,81,78,78,0.04552726273717047
lung,baseline,40000,81,78,78,0.010952990570239336
lung,baseline,40000,81,77,77,0.025874780533241375
lung,baseline,40000,81,74,74,0.027155191360816656
lung,baseline,40000,81,80,80,0.18071994438751843
lung,baseline,40000,81,80,80,0.23976191160910693
lung,baseline,40000,81,80,80,0.14579362935752344
lung,baseline,40000,81,80,80,0.2877149007655749
lung,baseline,40000,81,80,80,0.21009232206105494
lung,baseline,40000,81,80,80,0.11052505670910602
lung,baseline,40000,81,80,80,0.07073533802312236
lung,baseline,40000,81,80,80,0.0670031246740516
lung,baseline,40000,81,69,69,0.31397238762930657
lung,baseline,40000,81,80,80,0.28248808308691814
lung,baseline,40000,81,80,80,0.12582561557381833
lung,baseline,40000,81,76,76,0.2289395170884514
lung,baseline,40000,81,80,80,0.2449456451060638
lung,baseline,40000,81,80,80,0.21957203149325477
lung,baseline,40000,81,77,77,0.11496198145178904
lung,baseline,40000,81,80,80,0.2547894852090611
lung,baseline,40000,81,80,80,0.2903774748884912
lung,baseline,40000,81,78,78,0.19209972521253915
lung,baseline,40000,81,77,77,0.23093940899164583
lung,baseline,40000,81,80,80,0.233150398108699
lung,baseline,40000,81,80,80,0.21787674095649398
lung,baseline,40000,81,80,80,0.011141550457585938
lung,baseline,40000,81,78,78,0.10407684281333879
lung,baseline,40000,81,77,77,0.026048762607082908
lung,baseline,40000,81,77,77,0.13615662608759793
lung,baseline,40000,81,80,80,0.11344316805817542
lung,baseline,40000,81,80,80,0.06611108071748233
lung,baseline,40000,81,80,80,0.015575607781367814
lung,baseline,40000,81,68,68,0.1282027793612226
lung,baseline,40000,81,77,77,0.13111004321307768
lung,baseline,40000,81,80,80,0.23557607349929474
lung,baseline,40000,81,77,77,0.17278546241722786
lung,baseline,40000,81,66,66,0.21944218964073484
lung,baseline,40000,81,80,80,0.28431177538945984
lung,baseline,40000,81,75,75,0.2786254732571591
lung,baseline,40000,81,66,66,0.25659266162714295
lung,baseline,40000,81,41,41,0.19092501440655574
lung,baseline,40000,81,80,80,0.2881309717075169
lung,baseline,40000,81,80,80,0.2637454215345045
lung,baseline,40000,81,77,77,0.1780058530894641
lung,baseline,40000,81,53,53,0.23925532257339735
lung,baseline,40000,81,37,37,0.2528255350151814
lung,baseline,40000,81,28,28,0.3762608442085356
lung,baseline,40000,81,80,80,0.18426192513908796
lung,baseline,40000,81,80,80,0.07826074600053382
lung,baseline,40000,81,75,75,0.15880027940872374
lung,baseline,40000,81,80,80,0.14477239438495898
lung,baseline,40000,81,75,75,0.13028553204637056
lung,baseline,40000,81,78,78,0.16515602390561596
lung,baseline,40000,81,75,75,0.14829775985089172
lung,baseline,40000,81,20,20,0.38353650127841715
lung,baseline,40000,81,77,77,0.06024607954408698
lung,baseline,40000,81,75,75,0.08062894984406126
lung,baseline,40000,81,73,73,0.15243127262903816
lung,baseline,40000,81,73,73,0.025053860906645978
lung,baseline,40000,81,80,80,0.28330396616566644
lung,baseline,40000,81,75,75,0.22720185215965902
lung,baseline,40000,81,80,80,0.12351843153642292
lung,baseline,40000,81,80,80,0.06349740629161449
lung,baseline,40000,81,75,75,0.02203874426454539
lung,baseline,40000,81,75,75,0.1281331126708591
lung,baseline,40000,81,79,79,0.2988803751412215
lung,baseline,40000,81,79,79,0.25399801888494256
lung,baseline,40000,81,75,75,0.2787862388332013
lung,baseline,40000,81,75,75,0.23408327254313244
lung,baseline,40000,81,74,74,0.2141163754936706
lung,baseline,40000,81,73,73,0.24912161659687054
lung,baseline,40000,81,69,69,0.06356504642124688
lung,baseline,40000,81,80,80,0.1295586722997856
lung,baseline,40000,81,80,80,0.23962358043827922
lung,baseline,40000,81,79,79,0.23421358959013036
lung,baseline,40000,81,80,80,0.18981081175749784
lung,baseline,40000,81,79,79,0.0162490646751786
lung,baseline,40000,81,75,75,0.14267063663609852
lung,baseline,40000,81,80,80,0.21985846488859115
lung,baseline,40000,81,80,80,0.18933450274652694
lung,baseline,40000,81,80,80,0.08537942633351625
lung,baseline,40000,81,79,79,0.12380315476294448
lung,baseline,40000,81,76,76,0.17521555460151172
lung,baseline,40000,81,74,74,0.15033250034062423
lung,baseline,40000,81,73,73,0.018025212816211802
lung,baseline,40000,81,68,68,0.02973916582178302
lung,baseline,40000,81,77,77,0.3295038664400787
lung,baseline,40000,81,77,77,0.20258815316688633
lung,baseline,40000,81,64,64,0.32404471315821365
lung,baseline,40000,81,79,79,0.16068646342489035
lung,baseline,40000,81,78,78,0.1478416394927783
lung,baseline,40000,81,76,76,0.13536533481584628
lung,baseline,40000,81,76,76,0.14110163313824955
lung,baseline,40000,81,64,64,0.14362515404388718
lung,baseline,40000,81,64,64,0.14652210130235466
lung,baseline,40000,81,80,80,0.02247014647108001
lung,baseline,40000,81,80,80,0.09796327825002923
lung,baseline,40000,81,80,80,0.19965897998256216
lung,baseline,40000,81,80,80,0.215430865974803
lung,baseline,40000,81,80,80,0.06844618890853833
lung,baseline,40000,81,80,80,0.004768989080855173
lung,baseline,40000,81,79,79,0.011498461327763504
lung,baseline,40000,81,79,79,0.015828184567079004
lung,baseline,40000,81,77,77,0.061062823109482085
lung,baseline,40000,81,68,68,0.07046613259659518
lung,baseline,40000,81,80,80,0.25479719842013526
lung,baseline,40000,81,80,80,0.19626568721919332
lung,baseline,40000,81,79,79,0.12636170945751918
lung,baseline,40000,81,78,78,0.3268146226655641
lung,baseline,40000,81,76,76,0.251435652847743
lung,baseline,40000,81,76,76,0.28772582947208386
lung,baseline,40000,81,75,75,0.2725750238924687
lung,baseline,40000,81,75,75,0.28487543791035913
lung,baseline,40000,81,74,74,0.2807214297992936
lung,baseline,40000,81,68,68,0.31109090193624167
lung,baseline,40000,81,66,66,0.2565848415456541
lung,baseline,40000,81,66,66,0.28047143441433353
lung,baseline,40000,81,63,63,0.2919947483793801
lung,baseline,40000,81,52,52,0.32103708007610865
lung,baseline,40000,81,44,44,0.2733720290397993
lung,baseline,40000,81,35,35,0.25316796005057574
lung,baseline,40000,81,80,80,0.27114793235515605
lung,baseline,40000,81,79,79,0.29803858435575054
lung,baseline,40000,81,80,80,0.103970165297354
lung,baseline,40000,81,80,80,0.1376553673714726
lung,baseline,40000,81,80,80,0.013375693564291136
lung,baseline,40000,81,80,80,0.03564249427548418
lung,baseline,40000,81,80,80,0.00491526117514695
lung,baseline,40000,81,80,80,0.11670658532986815
lung,baseline,40000,81,80,80,0.02933594658781475
lung,baseline,40000,81,80,80,0.08658559424903745
lung,baseline,40000,81,80,80,0.2257016030789034
lung,baseline,40000,81,80,80,0.024244783219277748
lung,baseline,40000,81,80,80,0.040805407602724365
lung,baseline,40000,81,78,78,0.06540331095789204
lung,baseline,40000,81,78,78,0.017212110741567047
lung,baseline,40000,81,79,79,0.22041335439581464
lung,baseline,40000,81,76,76,0.18925643224664324
lung,baseline,40000,81,75,75,0.17296479051078706
lung,baseline,40000,81,71,71,0.19293543865204266
lung,baseline,40000,81,68,68,0.1729009735380479
lung,baseline,40000,81,80,80,0.24424022632443415
lung,baseline,40000,81,79,79,0.06390905237526087
lung,baseline,40000,81,80,80,0.15039480143556944
lung,baseline,40000,81,76,76,0.1471669939118615
lung,baseline,40000,81,71,71,0.03197901372847999
lung,baseline,40000,81,80,80,0.25576773564007765
lung,baseline,40000,81,80,80,0.09171882182132246
lung,baseline,40000,81,74,74,0.21726218156982258
lung,baseline,40000,81,80,80,0.14843696178389063
lung,baseline,40000,81,80,80,0.17294575041646887
lung,baseline,40000,81,80,80,0.21929877455148916
lung,baseline,40000,81,80,80,0.31680926682903066
lung,baseline,40000,81,80,80,0.00970324739856288
lung,baseline,40000,81,75,75,0.06769310638836118
lung,baseline,40000,81,74,74,0.2689831734452533
lung,baseline,40000,81,80,80,0.2210916650142277
lung,baseline,40000,81,80,80,0.019431864791536285
lung,baseline,40000,81,80,80,0.12537115913466815
lung,baseline,40000,81,80,80,0.007540254227706633
lung,baseline,40000,81,77,77,0.14395457919227114
lung,baseline,40000,81,80,80,0.24603681987305123
lung,baseline,40000,81,80,80,0.12812916401138272
lung,baseline,40000,81,80,80,0.2430859518110732
lung,baseline,40000,81,80,80,0.22858577809624644
lung,baseline,40000,81,80,80,0.21738859056267965
lung,baseline,40000,81,75,75,0.19060673220506694
lung,baseline,40000,81,80,80,0.10904841791561593
lung,baseline,40000,81,77,77,0.06218104672600775
lung,baseline,40000,81,73,73,0.025796112735239213
lung,baseline,40000,81,68,68,0.03654632820871302
lung,baseline,40000,81,80,80,0.14731260854570646
lung,baseline,40000,81,74,74,0.12784033166721898
lung,baseline,40000,81,80,80,0.19081784910159877
lung,baseline,40000,81,80,80,0.09620832989256431
lung,baseline,40000,81,80,80,0.22793452621009558
lung,baseline,40000,81,76,76,0.1862018774056163
lung,baseline,40000,81,80,80,0.219294612736048
lung,baseline,40000,81,80,80,0.26707196950643275
lung,baseline,40000,81,72,72,0.24654402334407807
lung,baseline,40000,81,66,66,0.1649656832940469
lung,baseline,40000,81,78,78,0.3290872788507821
lung,baseline,40000,81,78,78,0.3368924215158444
lung,baseline,40000,81,77,77,0.3592785658015643
lung,baseline,40000,81,73,73,0.3606407087336545
lung,baseline,40000,81,72,72,0.3688505488828215
lung,baseline,40000,81,72,72,0.3531482047601938
lung,baseline,40000,81,70,70,0.36141371505556813
lung,baseline,40000,81,64,64,0.3375619088065084
lung,baseline,40000,81,58,58,0.338426312969013
lung,baseline,40000,81,57,57,0.32144209901927656
lung,baseline,40000,81,52,52,0.33497332526422363
lung,baseline,40000,81,28,28,0.1851813513429436
lung,baseline,40000,81,34,34,0.23716235440257072
lung,baseline,40000,81,76,76,0.14529043004678233
lung,baseline,40000,81,75,75,0.1744945545075584
lung,baseline,40000,81,75,75,0.13675770924982578
lung,baseline,40000,81,75,75,0.13832559508421818
lung,baseline,40000,81,74,74,0.1902316125921938
lung,baseline,40000,81,80,80,0.05468883018635469
lung,baseline,40000,81,80,80,0.1316779147822067
lung,baseline,40000,81,78,78,0.0481714973257261
lung,baseline,40000,81,76,76,0.11566629845698738
lung,baseline,40000,81,80,80,0.08917456579410765
lung,baseline,40000,81,77,77,0.0944995946179395
lung,baseline,40000,81,80,80,0.18875905864562226
lung,baseline,40000,81,80,80,0.21905079815659567
lung,baseline,40000,81,76,76,0.17104238992840345
lung,baseline,40000,81,80,80,0.05865404441234381
lung,baseline,40000,81,80,80,0.02290942984580691
lung,baseline,40000,81,80,80,0.08054277331447046
lung,baseline,40000,81,55,55,0.10133049109680084
lung,baseline,40000,81,80,80,0.031562339524214666
lung,baseline,40000,81,80,80,0.2856446634011546
lung,baseline,40000,81,80,80,0.19376253197924048
lung,baseline,40000,81,78,78,0.1432614109395718
lung,baseline,40000,81,78,78,0.035392952002473235
lung,baseline,40000,81,77,77,0.23694913278036525
lung,baseline,40000,81,75,75,0.11790123060545192
lung,baseline,40000,81,74,74,0.0647932251070881
lung,baseline,40000,81,73,73,0.0833217982893003
lung,baseline,40000,81,58,58,0.08897068150004146
lung,baseline,40000,81,54,54,0.09157639828046148
lung,baseline,40000,81,19,19,0.4112073113968437
lung,baseline,40000,81,79,79,0.21332595051901435
lung,baseline,40000,81,78,78,0.0535367756105059
lung,baseline,40000,81,80,80,0.25385000598104923
lung,baseline,40000,81,76,76,0.16037538515611005
lung,baseline,40000,81,80,80,0.0020297758629618115
lung,baseline,40000,81,80,80,0.06952441453560322
lung,baseline,40000,81,77,77,0.07188234130622978
lung,baseline,40000,81,76,76,0.07256917570018538
lung,baseline,40000,81,80,80,0.24831306802355874
lung,baseline,40000,81,80,80,0.30741924958779243
lung,baseline,40000,81,80,80,0.24212230394974849
lung,baseline,40000,81,75,75,0.1727764522751654
lung,baseline,40000,81,79,79,0.18506943449440053
lung,baseline,40000,81,78,78,0.19005882649038375
lung,baseline,40000,81,65,65,0.19124822085626209
lung,baseline,40000,81,62,62,0.21788199983582607
lung,baseline,40000,81,55,55,0.20393408234468902
lung,baseline,40000,81,80,80,0.08972101325520845
lung,baseline,40000,81,80,80,0.22620532467615223
lung,baseline,40000,81,76,76,0.1827363369631775
lung,baseline,40000,81,37,37,0.13621896215437584
lung,baseline,40000,81,34,34,0.1965438760412425
lung,baseline,40000,81,80,80,0.09376790750894971
lung,baseline,40000,81,80,80,0.07932702355634835
lung,baseline,40000,81,74,74,0.14621539980974038
lung,baseline,40000,81,19,19,0.2712890147025841
lung,baseline,40000,81,80,80,0.14913810507208303
lung,baseline,40000,81,80,80,0.2653014155710728
lung,baseline,40000,81,80,80,0.20765878842264698
lung,baseline,40000,81,80,80,0.277150192156608
lung,baseline,40000,81,80,80,0.18962994038580433
lung,baseline,40000,81,80,80,0.21306157339704393
lung,baseline,40000,81,76,76,0.17170821832350167
lung,baseline,40000,81,80,80,0.31313975666847094
lung,baseline,40000,81,80,80,0.28082493005255993
lung,baseline,40000,81,75,75,0.21059780146271737
lung,baseline,40000,81,79,79,0.31028495815432877
lung,baseline,40000,81,79,79,0.29639317115835045
lung,baseline,40000,81,79,79,0.3002954166291205
lung,baseline,40000,81,77,77,0.29427231110991964
lung,baseline,40000,81,80,80,0.16757525387409383
lung,baseline,40000,81,73,73,0.12986851988366446
lung,baseline,40000,81,72,72,0.13333677035505156
lung,baseline,40000,81,62,62,0.13787510316150242
lung,baseline,40000,81,55,55,0.14526088912556614
lung,baseline,40000,81,28,28,0.21274864355197387
lung,baseline,40000,81,80,80,0.2771972375176903
lung,baseline,40000,81,80,80,0.2371695134435085
lung,baseline,40000,81,80,80,0.1264527894630806
lung,baseline,40000,81,80,80,0.08749434679163776
lung,baseline,40000,81,76,76,0.09190264512945755
lung,baseline,40000,81,80,80,0.13051670264587945
lung,baseline,40000,81,80,80,0.15277384677090947
lung,baseline,40000,81,80,80,0.1525210226441668
lung,baseline,40000,81,80,80,0.2568573021046481
lung,baseline,40000,81,57,57,0.3295602904379152
lung,baseline,40000,81,54,54,0.3287186910518659
lung,baseline,40000,81,53,53,0.29668857155727757
lung,baseline,40000,81,80,80,0.24290643478503698
lung,baseline,40000,81,79,79,0.20599448658755423
lung,baseline,40000,81,75,75,0.22834795859376275
lung,baseline,40000,81,74,74,0.2303357861911038
lung,baseline,40000,81,78,78,0.23462016746906145
lung,baseline,40000,81,75,75,0.2901994874808993
lung,baseline,40000,81,74,74,0.26433608086710525
lung,baseline,40000,81,74,74,0.3084540034419339
lung,baseline,40000,81,73,73,0.19774844975761052
lung,baseline,40000,81,72,72,0.13298334463559133
lung,baseline,40000,81,71,71,0.20614689257294933
lung,baseline,40000,81,55,55,0.2423150420851504
lung,baseline,40000,81,53,53,0.23034901780702577
lung,baseline,40000,81,35,35,0.23112792477274152
lung,baseline,40000,81,74,74,0.2192768315779488
lung,baseline,40000,81,19,19,0.3167487641931067
lung,baseline,40000,81,78,78,0.3088161999164233
lung,baseline,40000,81,78,78,0.3348120828808411
lung,baseline,40000,81,61,61,0.3039978723919216
lung,baseline,40000,81,51,51,0.2554057452314991
lung,baseline,40000,81,80,80,0.2897896757581795
lung,baseline,40000,81,80,80,0.3183459477987075
lung,baseline,40000,81,70,70,0.25026390683606137
lung,baseline,40000,81,69,69,0.10623904222761933
lung,baseline,40000,81,79,79,0.11458313256395686
lung,baseline,40000,81,80,80,0.18676742016625383
lung,baseline,40000,81,79,79,0.2583019074857702
lung,baseline,40000,81,78,78,0.25982460109643696
lung,baseline,40000,81,78,78,0.26848333882546843
lung,baseline,40000,81,75,75,0.24329030087662437
lung,baseline,40000,81,75,75,0.22719927109971758
lung,baseline,40000,81,80,80,0.12383783294941367
lung,baseline,40000,81,80,80,0.023695537878796975
lung,baseline,40000,81,80,80,0.016165409723197948
lung,baseline,40000,81,80,80,0.011318807401545537
lung,baseline,40000,81,80,80,0.06637164547522403
lung,baseline,40000,81,78,78,0.017434921327857518
lung,baseline,40000,81,78,78,0.016609797448022344
lung,baseline,40000,81,78,78,0.03275261159190481
lung,baseline,40000,81,77,77,0.01068587470961
lung,baseline,40000,81,74,74,0.023746839022271194
lung,baseline,40000,81,80,80,0.2685615136151228
lung,baseline,40000,81,80,80,0.2999225313909658
lung,baseline,40000,81,77,77,0.11938507584539682
lung,baseline,40000,81,76,76,0.19705941534111954
lung,baseline,40000,81,80,80,0.04684264614707199
lung,baseline,40000,81,80,80,0.02651855555233758
lung,baseline,40000,81,80,80,0.021582674916396656
lung,baseline,40000,81,80,80,0.202252852461402
lung,baseline,40000,81,80,80,0.15813942979209467
lung,baseline,40000,81,80,80,0.25453072705492563
lung,baseline,40000,81,68,68,0.08213479636989635
lung,baseline,40000,81,80,80,0.285371215232993
lung,baseline,40000,81,80,80,0.25714226510944344
lung,baseline,40000,81,80,80,0.15485375876623658
lung,baseline,40000,81,80,80,0.12876723647971958
lung,baseline,40000,81,80,80,0.10477543293302097
lung,baseline,40000,81,80,80,0.010044435919849454
lung,baseline,40000,81,80,80,0.03248182793874345
lung,baseline,40000,81,80,80,0.007478089527553603
lung,baseline,40000,81,80,80,0.009398724571405878
lung,baseline,40000,81,80,80,0.011990261833052598
lung,baseline,40000,81,80,80,0.009156312042161757
lung,baseline,40000,81,80,80,0.009765386191032501
lung,baseline,40000,81,80,80,0.014480539291835515
lung,baseline,40000,81,80,80,0.16135945148189723
lung,baseline,40000,81,80,80,0.00762738080252813
lung,baseline,40000,81,80,80,0.014450348771744998
lung,baseline,40000,81,80,80,0.062198066608112376
lung,baseline,40000,81,80,80,0.00964081990655818
lung,baseline,40000,81,80,80,0.08090003243266752
lung,baseline,40000,81,80,80,0.011548459929121081
lung,baseline,40000,81,79,79,0.01612144553915467
lung,baseline,40000,81,78,78,0.018151568730627485
lung,baseline,40000,81,78,78,0.014140067073902873
lung,baseline,40000,81,78,78,0.012539623491349225
lung,baseline,40000,81,78,78,0.03564843557178585
lung,baseline,40000,81,78,78,0.013161709675304212
lung,baseline,40000,81,77,77,0.02488591787467249
lung,baseline,40000,81,74,74,0.01694266352144983
lung,baseline,40000,81,80,80,0.1874242167678404
lung,baseline,40000,81,78,78,0.27546214951680165
lung,baseline,40000,81,77,77,0.17112145761696265
lung,baseline,40000,81,80,80,0.011656537276332077
lung,baseline,40000,81,80,80,0.02009106499262623
lung,baseline,40000,81,80,80,0.07915444840927459
lung,baseline,40000,81,80,80,0.18632743442160518
lung,baseline,40000,81,77,77,0.12547804208128538
lung,baseline,40000,81,77,77,0.03157778911563415
lung,baseline,40000,81,79,79,0.33542575371457134
lung,baseline,40000,81,77,77,0.19904418614004032
lung,baseline,40000,81,80,80,0.13210472315300636
lung,baseline,40000,81,80,80,0.09606741014618587
lung,baseline,40000,81,80,80,0.16873436262575833
lung,baseline,40000,81,80,80,0.12266597485666979
lung,baseline,40000,81,80,80,0.025809144742326994
lung,baseline,40000,81,80,80,0.05148048897399203
lung,baseline,40000,81,78,78,0.0364393265403191
lung,baseline,40000,81,78,78,0.01795065099827609
lung,baseline,40000,81,78,78,0.016795426206018288
lung,baseline,40000,81,78,78,0.004674700030335172
lung,baseline,40000,81,76,76,0.12664517906360892
lung,baseline,40000,81,68,68,0.0321263845496833
lung,baseline,40000,81,79,79,0.26735613924635065
lung,baseline,40000,81,75,75,0.2617622661721482
lung,baseline,40000,81,69,69,0.07502370964619186
lung,baseline,40000,81,80,80,0.12840309885564044
lung,baseline,40000,81,80,80,0.004220085486629154
lung,baseline,40000,81,79,79,0.012332067420575347
lung,baseline,40000,81,75,75,0.12650670921978893
lung,baseline,40000,81,75,75,0.10561318624844468
lung,baseline,40000,81,74,74,0.025568745944647062
lung,baseline,40000,81,80,80,0.008047541715150899
lung,baseline,40000,81,80,80,0.008734618733230266
lung,baseline,40000,81,80,80,0.005123668062716838
lung,baseline,40000,81,80,80,0.05348143176142086
lung,baseline,40000,81,80,80,0.004395793925342874
lung,baseline,40000,81,80,80,0.012878731127221526
lung,baseline,40000,81,80,80,0.003807427391783117
lung,baseline,40000,81,80,80,0.00660241202317482
lung,baseline,40000,81,80,80,0.11808667489612054
lung,baseline,40000,81,80,80,0.021344669352752855
lung,baseline,40000,81,80,80,0.03216247652532411
lung,baseline,40000,81,80,80,0.005938846940045022
lung,baseline,40000,81,80,80,0.02851932684755319
lung,baseline,40000,81,79,79,0.01008041916607379
lung,baseline,40000,81,79,79,0.00857326659772492
lung,baseline,40000,81,78,78,0.028111515931594167
lung,baseline,40000,81,78,78,0.009954039630663878
lung,baseline,40000,81,78,78,0.018030086703845767
lung,baseline,40000,81,77,77,0.032402833988859465
lung,baseline,40000,81,74,74,0.027083755375065632
lung,baseline,40000,81,80,80,0.09517461681163279
lung,baseline,40000,81,80,80,0.07360317859086589
lung,baseline,40000,81,80,80,0.1262973095609862
lung,baseline,40000,81,65,65,0.0641760112363619
lung,baseline,40000,81,78,78,0.13662689973614642
lung,baseline,40000,81,77,77,0.19758805742654204
lung,baseline,40000,81,77,77,0.13849879834610118
lung,baseline,40000,81,75,75,0.15798000684253802
lung,baseline,40000,81,80,80,0.009613243273907727
lung,baseline,40000,81,79,79,0.007025866595752664
lung,baseline,40000,81,79,79,0.08978399273749157
lung,baseline,40000,81,75,75,0.11919548431741592
lung,baseline,40000,81,80,80,0.09936886474594173
lung,baseline,40000,81,80,80,0.07149674357532532
lung,baseline,40000,81,79,79,0.13451257340136538
lung,baseline,40000,81,79,79,0.017394616486859967
lung,baseline,40000,81,78,78,0.011336603401615627
lung,baseline,40000,81,80,80,0.2839011550361693
lung,baseline,40000,81,80,80,0.28540907547887984
lung,baseline,40000,81,75,75,0.27502283915177406
lung,baseline,40000,81,80,80,0.12878297804801667
lung,baseline,40000,81,80,80,0.10221315922519787
lung,baseline,40000,81,80,80,0.07296271039282756
lung,baseline,40000,81,80,80,0.25547287424861803
lung,baseline,40000,81,80,80,0.23425325553779913
lung,baseline,40000,81,77,77,0.12865170426907444
lung,baseline,40000,81,78,78,0.23824511955411645
lung,baseline,40000,81,78,78,0.23774603175871425
lung,baseline,40000,81,75,75,0.2740039307050528
lung,baseline,40000,81,72,72,0.24799348595893977
lung,baseline,40000,81,80,80,0.25536767457565884
lung,baseline,40000,81,80,80,0.10111670561828037
lung,baseline,40000,81,76,76,0.1880408882458288
lung,baseline,40000,81,80,80,0.14125423429927336
lung,baseline,40000,81,74,74,0.13274755420235074
lung,baseline,40000,81,68,68,0.13303801608052127
lung,baseline,40000,81,80,80,0.023980011362705188
lung,baseline,40000,81,80,80,0.1792239276531172
lung,baseline,40000,81,80,80,0.2756472237393558
lung,baseline,40000,81,80,80,0.20564959587189974
lung,baseline,40000,81,80,80,0.1056136269749004
lung,baseline,40000,81,78,78,0.035864926062454186
lung,baseline,40000,81,77,77,0.12358252332919674
lung,baseline,40000,81,77,77,0.05127539947411395
lung,baseline,40000,81,74,74,0.2052553946274157
lung,baseline,40000,81,68,68,0.16707525484409855
lung,baseline,40000,81,66,66,0.17312740041774596
lung,baseline,40000,81,19,19,0.28396663312797527
lung,baseline,40000,81,80,80,0.16247401684049723
lung,baseline,40000,81,80,80,0.21433456211988058
lung,baseline,40000,81,80,80,0.08408673289203225
lung,baseline,40000,81,28,28,0.39693673015413095
lung,baseline,40000,81,80,80,0.17974443472402793
lung,baseline,40000,81,80,80,0.24915571930166253
lung,baseline,40000,81,75,75,0.2077261861383928
lung,baseline,40000,81,78,78,0.25494748029717973
lung,baseline,40000,81,74,74,0.2466092972421705
lung,baseline,40000,81,28,28,0.2751065906365589
lung,baseline,40000,81,72,72,0.20002683240699357
lung,baseline,40000,81,64,64,0.13771956438340027
lung,baseline,40000,81,28,28,0.28961030068444554
lung,baseline,40000,81,80,80,0.22741358135995782
lung,baseline,40000,81,80,80,0.07182418591543575
lung,baseline,40000,81,80,80,0.1799022671258049
lung,baseline,40000,81,80,80,0.08269804062367273
lung,baseline,40000,81,80,80,0.10741728013758678
lung,baseline,40000,81,78,78,0.06136218218409734
lung,baseline,40000,81,73,73,0.1223209176020046
lung,baseline,40000,81,71,71,0.06569889062727823
lung,baseline,40000,81,68,68,0.12255003474299304
lung,baseline,40000,81,80,80,0.2767860431644489
lung,baseline,40000,81,80,80,0.2555892167048054
lung,baseline,40000,81,74,74,0.22507941756735603
lung,baseline,40000,81,69,69,0.09015326270368827
lung,baseline,40000,81,79,79,0.15796296427659903
lung,baseline,40000,81,78,78,0.16745790583721595
lung,baseline,40000,81,75,75,0.13981232207098715
lung,baseline,40000,81,55,55,0.21189876187212583
lung,baseline,40000,81,80,80,0.15575782295726767
lung,baseline,40000,81,74,74,0.21441511141610406
lung,baseline,40000,81,69,69,0.19100875341985724
lung,baseline,40000,81,66,66,0.15893850282844244
lung,baseline,40000,81,67,67,0.24030126582747152
lung,baseline,40000,81,66,66,0.2977092347712225
lung,baseline,40000,81,65,65,0.2809187267363095
lung,baseline,40000,81,64,64,0.2818274631569312
lung,baseline,40000,81,53,53,0.3136871648610786
lung,baseline,40000,81,80,80,0.21305109384793225
lung,baseline,40000,81,80,80,0.07817487901618417
lung,baseline,40000,81,80,80,0.0032327454479766024
lung,baseline,40000,81,80,80,0.19286546958852366
lung,baseline,40000,81,78,78,0.01130051405983316
lung,baseline,40000,81,77,77,0.041641687622893366
lung,baseline,40000,81,77,77,0.03828242492679282
lung,baseline,40000,81,77,77,0.06690526521224673
lung,baseline,40000,81,77,77,0.12210153864822801
lung,baseline,40000,81,80,80,0.009099820380476513
lung,baseline,40000,81,80,80,0.04722115629362707
lung,baseline,40000,81,80,80,0.013379433187230404
lung,baseline,40000,81,80,80,0.009602718558551984
lung,baseline,40000,81,80,80,0.06613627320006701
lung,baseline,40000,81,80,80,0.020974382208383054
lung,baseline,40000,81,80,80,0.011956422144040288
lung,baseline,40000,81,80,80,0.008127111861879468
lung,baseline,40000,81,80,80,0.00882211931118623
lung,baseline,40000,81,80,80,0.01290320037626833
lung,baseline,40000,81,80,80,0.012122792883553057
lung,baseline,40000,81,80,80,0.061162844994428256
lung,baseline,40000,81,80,80,0.03494363655325297
lung,baseline,40000,81,80,80,0.013178373980557583
lung,baseline,40000,81,80,80,0.007894398437893612
lung,baseline,40000,81,79,79,0.016829996589477182
lung,baseline,40000,81,79,79,0.016882996069518087
lung,baseline,40000,81,78,78,0.008264351532773337
lung,baseline,40000,81,78,78,0.022490096889036453
lung,baseline,40000,81,80,80,0.28281601287121116
lung,baseline,40000,81,75,75,0.2642288598155573
lung,baseline,40000,81,75,75,0.2353833017539057
lung,baseline,40000,81,41,41,0.19657012642301677
lung,baseline,40000,81,80,80,0.011458559524617884
lung,baseline,40000,81,80,80,0.07254173174952014
lung,baseline,40000,81,80,80,0.20526725059683715
lung,baseline,40000,81,78,78,0.024091976667431975
lung,baseline,40000,81,78,78,0.0093271773248575
lung,baseline,40000,81,76,76,0.14819668334086622
lung,baseline,40000,81,80,80,0.18084540173790958
lung,baseline,40000,81,80,80,0.1546403956553722
lung,baseline,40000,81,79,79,0.2010727138057901
lung,baseline,40000,81,80,80,0.2942458333307464
lung,baseline,40000,81,80,80,0.2569662433870393
lung,baseline,40000,81,76,76,0.20395825015674388
lung,baseline,40000,81,80,80,0.1883308317485321
lung,baseline,40000,81,74,74,0.1674674240306035
lung,baseline,40000,81,66,66,0.14768908845859158
lung,baseline,40000,81,80,80,0.23759293580854904
lung,baseline,40000,81,80,80,0.2400682727993629
lung,baseline,40000,81,80,80,0.025382832510610964
lung,baseline,40000,81,78,78,0.11024762631454238
lung,baseline,40000,81,77,77,0.16507641335310805
lung,baseline,40000,81,77,77,0.01223575107275517
lung,baseline,40000,81,28,28,0.3995418126780976
lung,baseline,40000,81,69,69,0.11614393882413614
lung,baseline,40000,81,68,68,0.2440948274493575
lung,baseline,40000,81,66,66,0.16764969099621824
lung,baseline,40000,81,64,64,0.24548883107694588
lung,baseline,40000,81,63,63,0.06673486492799666
lung,baseline,40000,81,80,80,0.048620370831754675
lung,baseline,40000,81,80,80,0.1039844046054175
lung,baseline,40000,81,80,80,0.2519643177302182
lung,baseline,40000,81,80,80,0.08202008989034662
lung,baseline,40000,81,78,78,0.13734464681235894
lung,baseline,40000,81,78,78,0.025249517203593443
lung,baseline,40000,81,80,80,0.02030780633172165
lung,baseline,40000,81,78,78,0.06681954551407451
lung,baseline,40000,81,78,78,0.1337649031385574
lung,baseline,40000,81,75,75,0.02410173603625614
lung,baseline,40000,81,75,75,0.12635393464298042
lung,baseline,40000,81,74,74,0.13715532275195588
lung,baseline,40000,81,71,71,0.06947371388397647
lung,baseline,40000,81,68,68,0.1486087757693012
lung,baseline,40000,81,55,55,0.1440231023353964
lung,baseline,40000,81,80,80,0.02020852756705585
lung,baseline,40000,81,80,80,0.11571149957502029
lung,baseline,40000,81,79,79,0.013345781211102878
lung,baseline,40000,81,79,79,0.011363637858163116
lung,baseline,40000,81,77,77,0.06770121257063863
lung,baseline,40000,81,76,76,0.06908437509075915
lung,baseline,40000,81,80,80,0.08918729331243923
lung,baseline,40000,81,80,80,0.0228357160525392
lung,baseline,40000,81,79,79,0.06360410594931837
lung,baseline,40000,81,55,55,0.10126391679044902
lung,baseline,40000,81,80,80,0.2086128027236013
lung,baseline,40000,81,80,80,0.11097504901276822
lung,baseline,40000,81,78,78,0.143458830490514
lung,baseline,40000,81,79,79,0.3364018349121708
lung,baseline,40000,81,69,69,0.10333275554223875
lung,baseline,40000,81,80,80,0.2601042659197351
lung,baseline,40000,81,80,80,0.2922519341215969
lung,baseline,40000,81,79,79,0.12260346593260836
lung,baseline,40000,81,75,75,0.22014035824907202
lung,baseline,40000,81,80,80,0.26380981368814665
lung,baseline,40000,81,80,80,0.057137383244698546
lung,baseline,40000,81,80,80,0.03615252551458953
lung,baseline,40000,81,80,80,0.3103815189022785
lung,baseline,40000,81,76,76,0.25770290325637335
lung,baseline,40000,81,80,80,0.020108076460947973
lung,baseline,40000,81,80,80,0.09533137754762046
lung,baseline,40000,81,80,80,0.022550624709452554
lung,baseline,40000,81,80,80,0.1290337696478364
lung,baseline,40000,81,80,80,0.013259212722754033
lung,baseline,40000,81,77,77,0.04058078138720259
lung,baseline,40000,81,77,77,0.07960790271955814
lung,baseline,40000,81,80,80,0.25536071460213555
lung,baseline,40000,81,80,80,0.2728796272992612
lung,baseline,40000,81,77,77,0.18739234310681993
lung,baseline,40000,81,78,78,0.2602772364315508
lung,baseline,40000,81,77,77,0.2652614436401306
lung,baseline,40000,81,75,75,0.2439913509926438
lung,baseline,40000,81,74,74,0.21905458325094937
lung,baseline,40000,81,69,69,0.24519301958255005
lung,baseline,40000,81,80,80,0.08646495580635358
lung,baseline,40000,81,80,80,0.18043979273469615
lung,baseline,40000,81,79,79,0.22875058808883225
lung,baseline,40000,81,77,77,0.2156361795848452
lung,baseline,40000,81,80,80,0.13978872833716754
lung,baseline,40000,81,80,80,0.2057408128672268
lung,baseline,40000,81,65,65,0.20548624757475215
lung,baseline,40000,81,80,80,0.2006751952528571
lung,baseline,40000,81,80,80,0.024921446773787513
lung,baseline,40000,81,80,80,0.06547294858060344
lung,baseline,40000,81,80,80,0.0125667411275547
lung,baseline,40000,81,79,79,0.01899490600484954
lung,baseline,40000,81,76,76,0.01754169250185435
lung,baseline,40000,81,75,75,0.02254312024286046
lung,baseline,40000,81,80,80,0.2526657463322219
lung,baseline,40000,81,80,80,0.06523202844783862
lung,baseline,40000,81,80,80,0.1023296854574425
lung,baseline,40000,81,80,80,0.0045501472659456935
lung,baseline,40000,81,80,80,0.14017533086957532
lung,baseline,40000,81,80,80,0.2903597699924192
lung,baseline,40000,81,79,79,0.018872880577651442
lung,baseline,40000,81,78,78,0.1288081866779716
lung,baseline,40000,82,81,81,0.19834004215915993
lung,baseline,40000,82,81,81,0.12415150577400036
lung,baseline,40000,82,81,81,0.00612605000088964
lung,baseline,40000,82,81,81,0.14359463430370686
lung,baseline,40000,82,79,79,0.056031529481346834
lung,baseline,40000,82,79,79,0.02148866972368345
lung,baseline,40000,82,77,77,0.13388498821058503
lung,baseline,40000,82,72,72,0.04005195253362656
lung,baseline,40000,82,69,69,0.03541511990641905
lung,baseline,40000,82,78,78,0.27982975620343975
lung,baseline,40000,82,78,78,0.031058792644930274
lung,baseline,40000,82,78,78,0.2369951282069856
lung,baseline,40000,82,75,75,0.3053085977920956
lung,baseline,40000,82,74,74,0.2293133051462212
lung,baseline,40000,82,73,73,0.21440446574483052
lung,baseline,40000,82,80,80,0.022887513664444158
lung,baseline,40000,82,77,77,0.08632960505567468
lung,baseline,40000,82,76,76,0.12470226975628973
lung,baseline,40000,82,74,74,0.09307648127053425
lung,baseline,40000,82,72,72,0.05810125831610494
lung,baseline,40000,82,58,58,0.14255726477905845
lung,baseline,40000,82,81,81,0.20095184094169022
lung,baseline,40000,82,81,81,0.2527355426480144
lung,baseline,40000,82,81,81,0.24897408470486604
lung,baseline,40000,82,78,78,0.15897261635566753
lung,baseline,40000,82,78,78,0.026046088432461846
lung,baseline,40000,82,81,81,0.2659212913687232
lung,baseline,40000,82,81,81,0.24636924869001983
lung,baseline,40000,82,81,81,0.20347038014020288
lung,baseline,40000,82,79,79,0.27143452486880004
lung,baseline,40000,82,79,79,0.2554518058846173
lung,baseline,40000,82,78,78,0.19234269359345493
lung,baseline,40000,82,73,73,0.2552160173944016
lung,baseline,40000,82,66,66,0.26496029883601746
lung,baseline,40000,82,81,81,0.26902115475156313
lung,baseline,40000,82,76,76,0.2288532987797186
lung,baseline,40000,82,34,34,0.16464770989266153
lung,baseline,40000,82,72,72,0.1293473405240712
lung,baseline,40000,82,68,68,0.14372678254595142
lung,baseline,40000,82,55,55,0.09948410643000619
lung,baseline,40000,82,53,53,0.13455399878753999
lung,baseline,40000,82,28,28,0.18172469069453664
lung,baseline,40000,82,80,80,0.24068479372139046
lung,baseline,40000,82,66,66,0.27788632203574015
lung,baseline,40000,82,43,43,0.30912514374554273
lung,baseline,40000,82,39,39,0.30900778206282625
lung,baseline,40000,82,27,27,0.42151833966503294
lung,baseline,40000,82,80,80,0.2052576951570612
lung,baseline,40000,82,80,80,0.2149934910329961
lung,baseline,40000,82,80,80,0.23690603338591973
lung,baseline,40000,82,78,78,0.23536926467469996
lung,baseline,40000,82,78,78,0.2091525251793172
lung,baseline,40000,82,78,78,0.2416768029844485
lung,baseline,40000,82,76,76,0.26758921894301513
lung,baseline,40000,82,75,75,0.22509957622035132
lung,baseline,40000,82,75,75,0.14735442257946943
lung,baseline,40000,82,75,75,0.21349597839085108
lung,baseline,40000,82,72,72,0.20982425309747205
lung,baseline,40000,82,63,63,0.280031135777356
lung,baseline,40000,82,81,81,0.011819357667789236
lung,baseline,40000,82,81,81,0.18112312372748263
lung,baseline,40000,82,81,81,0.16086735213118103
lung,baseline,40000,82,74,74,0.2736347668365108
lung,baseline,40000,82,69,69,0.21984070179276344
lung,baseline,40000,82,34,34,0.16863846094414803
lung,baseline,40000,82,81,81,0.28238731977306597
lung,baseline,40000,82,80,80,0.24182344294101155
lung,baseline,40000,82,80,80,0.2706911727120983
lung,baseline,40000,82,76,76,0.17292631738420705
lung,baseline,40000,82,75,75,0.1418550062387059
lung,baseline,40000,82,72,72,0.11823153842321228
lung,baseline,40000,82,69,69,0.13233340034273577
lung,baseline,40000,82,28,28,0.1814517561729483
lung,baseline,40000,82,79,79,0.2250411797769727
lung,baseline,40000,82,75,75,0.17281699331756928
lung,baseline,40000,82,73,73,0.04200523789381514
lung,baseline,40000,82,80,80,0.25249323799923085
lung,baseline,40000,82,80,80,0.24752915942916132
lung,baseline,40000,82,78,78,0.2266143391267137
lung,baseline,40000,82,81,81,0.31851726910502504
lung,baseline,40000,82,81,81,0.22659024278243403
lung,baseline,40000,82,76,76,0.199943392783849
lung,baseline,40000,82,81,81,0.26842084757802587
lung,baseline,40000,82,81,81,0.2599482865435802
lung,baseline,40000,82,78,78,0.12322818099396528
lung,baseline,40000,82,76,76,0.2371769292337593
lung,baseline,40000,82,81,81,0.20563831221403014
lung,baseline,40000,82,76,76,0.20787864617209903
lung,baseline,40000,82,81,81,0.016644650106445048
lung,baseline,40000,82,81,81,0.2502983705785174
lung,baseline,40000,82,81,81,0.11344148712387775
lung,baseline,40000,82,81,81,0.2588347559475885
lung,baseline,40000,82,75,75,0.1287697146416986
lung,baseline,40000,82,81,81,0.1933076179624582
lung,baseline,40000,82,81,81,0.004698505997157792
lung,baseline,40000,82,81,81,0.2936961829047516
lung,baseline,40000,82,81,81,0.25533577286948816
lung,baseline,40000,82,79,79,0.16220587366105835
lung,baseline,40000,82,78,78,0.036033947782725374
lung,baseline,40000,82,79,79,0.28434338535112397
lung,baseline,40000,82,77,77,0.27556259343635
lung,baseline,40000,82,75,75,0.23708317784063715
lung,baseline,40000,82,28,28,0.3697969975072403
lung,baseline,40000,82,77,77,0.08162414048283353
lung,baseline,40000,82,76,76,0.10079688824929618
lung,baseline,40000,82,76,76,0.10162720420946195
lung,baseline,40000,82,75,75,0.02669845811472199
lung,baseline,40000,82,74,74,0.10038949871871276
lung,baseline,40000,82,58,58,0.11337979882871467
lung,baseline,40000,82,81,81,0.28751038893508285
lung,baseline,40000,82,76,76,0.21424148978738425
lung,baseline,40000,82,80,80,0.23191131457576794
lung,baseline,40000,82,79,79,0.15992210665595413
lung,baseline,40000,82,79,79,0.18995004611388952
lung,baseline,40000,82,76,76,0.17408607921631375
lung,baseline,40000,82,75,75,0.18385137062394336
lung,baseline,40000,82,81,81,0.10436264901741667
lung,baseline,40000,82,77,77,0.15102581921632147
lung,baseline,40000,82,75,75,0.03527815490583517
lung,baseline,40000,82,57,57,0.08031036974265995
lung,baseline,40000,82,73,73,0.27587294560920267
lung,baseline,40000,82,73,73,0.2546492882266283
lung,baseline,40000,82,73,73,0.22959311930584614
lung,baseline,40000,82,70,70,0.21315265221464955
lung,baseline,40000,82,69,69,0.28049646825284685
lung,baseline,40000,82,69,69,0.17975745589155565
lung,baseline,40000,82,68,68,0.209378604783205
lung,baseline,40000,82,68,68,0.2108248561388895
lung,baseline,40000,82,66,66,0.20840151138986573
lung,baseline,40000,82,65,65,0.21372993190626322
lung,baseline,40000,82,64,64,0.19427154164589922
lung,baseline,40000,82,72,72,0.08630286178567091
lung,baseline,40000,82,68,68,0.11561486778159898
lung,baseline,40000,82,63,63,0.035851489833230984
lung,baseline,40000,82,57,57,0.09264964789966448
lung,baseline,40000,82,81,81,0.25389622607824675
lung,baseline,40000,82,81,81,0.2916348978510412
lung,baseline,40000,82,81,81,0.28067711440160403
lung,baseline,40000,82,78,78,0.09131567960636998
lung,baseline,40000,82,71,71,0.018343575868154202
lung,baseline,40000,82,81,81,0.29822176524138583
lung,baseline,40000,82,80,80,0.13109159673759035
lung,baseline,40000,82,70,70,0.24019987283505542
lung,baseline,40000,82,77,77,0.31328421426979186
lung,baseline,40000,82,75,75,0.24715270938064274
lung,baseline,40000,82,72,72,0.16975250115931081
lung,baseline,40000,82,70,70,0.30467548322121085
lung,baseline,40000,82,68,68,0.3243321628943526
lung,baseline,40000,82,66,66,0.16241852389367795
lung,baseline,40000,82,81,81,0.1761392976785792
lung,baseline,40000,82,81,81,0.20619980608188282
lung,baseline,40000,82,81,81,0.25554348015808154
lung,baseline,40000,82,80,80,0.014692798867351153
lung,baseline,40000,82,76,76,0.2794151425357274
lung,baseline,40000,82,75,75,0.2914442721604436
lung,baseline,40000,82,72,72,0.2769826543786904
lung,baseline,40000,82,58,58,0.29800645640555695
lung,baseline,40000,82,80,80,0.2979259997959317
lung,baseline,40000,82,76,76,0.2542923269997395
lung,baseline,40000,82,76,76,0.24567071866126344
lung,baseline,40000,82,78,78,0.07608612992724731
lung,baseline,40000,82,72,72,0.03083353084413587
lung,baseline,40000,82,70,70,0.10297476666736223
lung,baseline,40000,82,80,80,0.2168355398787058
lung,baseline,40000,82,76,76,0.26714203054431473
lung,baseline,40000,82,70,70,0.07262321511885454
lung,baseline,40000,82,66,66,0.21314813643222216
lung,baseline,40000,82,64,64,0.2533588258509925
lung,baseline,40000,82,81,81,0.04211272347728106
lung,baseline,40000,82,81,81,0.15624473083023602
lung,baseline,40000,82,76,76,0.15390877358137403
lung,baseline,40000,82,81,81,0.15464388693490932
lung,baseline,40000,82,81,81,0.2728860082576709
lung,baseline,40000,82,81,81,0.024192952063144254
lung,baseline,40000,82,81,81,0.007975164946959585
lung,baseline,40000,82,81,81,0.016906227176596712
lung,baseline,40000,82,81,81,0.006736934053651512
lung,baseline,40000,82,81,81,0.11200521243221762
lung,baseline,40000,82,81,81,0.3178258987118375
lung,baseline,40000,82,81,81,0.008169403354796823
lung,baseline,40000,82,81,81,0.02616558521474917
lung,baseline,40000,82,79,79,0.011716743151655929
lung,baseline,40000,82,77,77,0.022474823428235022
lung,baseline,40000,82,75,75,0.04584010463486623
lung,baseline,40000,82,81,81,0.013450810391613143
lung,baseline,40000,82,81,81,0.007695214639598678
lung,baseline,40000,82,81,81,0.1920863630977308
lung,baseline,40000,82,81,81,0.07420086083691436
lung,baseline,40000,82,81,81,0.010200592312257133
lung,baseline,40000,82,81,81,0.07527539767459919
lung,baseline,40000,82,80,80,0.017095752309533745
lung,baseline,40000,82,80,80,0.013086800564623472
lung,baseline,40000,82,80,80,0.018197313170592876
lung,baseline,40000,82,79,79,0.03155734984327885
lung,baseline,40000,82,79,79,0.026331908910059515
lung,baseline,40000,82,79,79,0.014337871720690613
lung,baseline,40000,82,75,75,0.01661374657153542
lung,baseline,40000,82,81,81,0.2738472755193115
lung,baseline,40000,82,81,81,0.028513220237576315
lung,baseline,40000,82,81,81,0.14672058274347852
lung,baseline,40000,82,77,77,0.17395605054434093
lung,baseline,40000,82,81,81,0.23417842037893014
lung,baseline,40000,82,81,81,0.31624531602714007
lung,baseline,40000,82,77,77,0.19407365189049264
lung,baseline,40000,82,81,81,0.20068138079581632
lung,baseline,40000,82,81,81,0.2752210358522729
lung,baseline,40000,82,80,80,0.11980747663903654
lung,baseline,40000,82,76,76,0.2239338246967221
lung,baseline,40000,82,81,81,0.2767830741034045
lung,baseline,40000,82,81,81,0.004531692777609968
lung,baseline,40000,82,81,81,0.11334529501180432
lung,baseline,40000,82,80,80,0.07177469484147643
lung,baseline,40000,82,76,76,0.3252536877438864
lung,baseline,40000,82,81,81,0.24338414123501254
lung,baseline,40000,82,80,80,0.07604951781996679
lung,baseline,40000,82,77,77,0.17999081908369322
lung,baseline,40000,82,81,81,0.010973555255739153
lung,baseline,40000,82,81,81,0.02116083797066109
lung,baseline,40000,82,81,81,0.013662909441592845
lung,baseline,40000,82,81,81,0.2119038009451936
lung,baseline,40000,82,81,81,0.029235421171196777
lung,baseline,40000,82,81,81,0.04184804051182951
lung,baseline,40000,82,81,81,0.12310099845097736
lung,baseline,40000,82,81,81,0.2809636601800206
lung,baseline,40000,82,81,81,0.1445775358556522
lung,baseline,40000,82,79,79,0.021247580151865408
lung,baseline,40000,82,79,79,0.14523921019135502
lung,baseline,40000,82,75,75,0.06788808833361992
lung,baseline,40000,82,81,81,0.09642971884466638
lung,baseline,40000,82,81,81,0.2999534183125389
lung,baseline,40000,82,81,81,0.24889048640717576
lung,baseline,40000,82,81,81,0.06525396857021638
lung,baseline,40000,82,81,81,0.013999378867919951
lung,baseline,40000,82,81,81,0.0021803839589951924
lung,baseline,40000,82,81,81,0.08417175639772129
lung,baseline,40000,82,81,81,0.05599484491326401
lung,baseline,40000,82,81,81,0.0039755998543132
lung,baseline,40000,82,81,81,0.18508234048769126
lung,baseline,40000,82,81,81,0.016599880912748898
lung,baseline,40000,82,81,81,0.2160089506993296
lung,baseline,40000,82,81,81,0.12143478335817315
lung,baseline,40000,82,81,81,0.01854501336808518
lung,baseline,40000,82,80,80,0.020515143469295456
lung,baseline,40000,82,79,79,0.04974941172308525
lung,baseline,40000,82,78,78,0.07289123289947774
lung,baseline,40000,82,75,75,0.03753752744414682
lung,baseline,40000,82,73,73,0.035641842446333394
lung,baseline,40000,82,81,81,0.1930997787838645
lung,baseline,40000,82,75,75,0.17588001261331632
lung,baseline,40000,82,75,75,0.1666837319267224
lung,baseline,40000,82,74,74,0.17163637568418658
lung,baseline,40000,82,73,73,0.30337585978544307
lung,baseline,40000,82,68,68,0.32267872105973144
lung,baseline,40000,82,81,81,0.1736452009581773
lung,baseline,40000,82,81,81,0.030864343354259235
lung,baseline,40000,82,80,80,0.017237312896367932
lung,baseline,40000,82,76,76,0.12937115392616824
lung,baseline,40000,82,81,81,0.23014899606224168
lung,baseline,40000,82,81,81,0.1437285296374232
lung,baseline,40000,82,81,81,0.27695106178842865
lung,baseline,40000,82,78,78,0.1799755214043462
lung,baseline,40000,82,81,81,0.223184452814378
lung,baseline,40000,82,81,81,0.2605810042903452
lung,baseline,40000,82,77,77,0.16710788412560146
lung,baseline,40000,82,81,81,0.24264919642939353
lung,baseline,40000,82,81,81,0.22880616286255698
lung,baseline,40000,82,81,81,0.12345556983592043
lung,baseline,40000,82,81,81,0.0023613874983146347
lung,baseline,40000,82,80,80,0.015959932952385295
lung,baseline,40000,82,79,79,0.14200458854810763
lung,baseline,40000,82,81,81,0.144524585132067
lung,baseline,40000,82,81,81,0.06167655841341469
lung,baseline,40000,82,81,81,0.27270362664583836
lung,baseline,40000,82,79,79,0.12307724557122678
lung,baseline,40000,82,75,75,0.05479858100398086
lung,baseline,40000,82,14,14,0.22797289455919809
lung,baseline,40000,82,81,81,0.2696440320747341
lung,baseline,40000,82,81,81,0.1975961166729381
lung,baseline,40000,82,81,81,0.1626134118082684
lung,baseline,40000,82,71,71,0.0847693516125752
lung,baseline,40000,82,77,77,0.016846054893679088
lung,baseline,40000,82,74,74,0.11550593569132693
lung,baseline,40000,82,74,74,0.09610525453836079
lung,baseline,40000,82,72,72,0.09349415806838085
lung,baseline,40000,82,69,69,0.1025248682068263
lung,baseline,40000,82,81,81,0.07514542730465536
lung,baseline,40000,82,81,81,0.27680375161928
lung,baseline,40000,82,80,80,0.06644908940627871
lung,baseline,40000,82,76,76,0.223396931066838
lung,baseline,40000,82,75,75,0.055800740940821915
lung,baseline,40000,82,81,81,0.2819920429607191
lung,baseline,40000,82,73,73,0.26937365980759176
lung,baseline,40000,82,71,71,0.23759991061741445
lung,baseline,40000,82,81,81,0.29164020259209067
lung,baseline,40000,82,74,74,0.1732848861282533
lung,baseline,40000,82,81,81,0.2031202285576135
lung,baseline,40000,82,81,81,0.14732027532255565
lung,baseline,40000,82,81,81,0.009868764925309685
lung,baseline,40000,82,81,81,0.2472917804543566
lung,baseline,40000,82,80,80,0.01504363920583649
lung,baseline,40000,82,79,79,0.06151211913535194
lung,baseline,40000,82,81,81,0.11086016850413152
lung,baseline,40000,82,77,77,0.109415589567806
lung,baseline,40000,82,81,81,0.02444408288736613
lung,baseline,40000,82,81,81,0.09905507430231371
lung,baseline,40000,82,81,81,0.1476841890619784
lung,baseline,40000,82,81,81,0.00854514614592002
lung,baseline,40000,82,81,81,0.024310505086634016
lung,baseline,40000,82,78,78,0.07535138297200768
lung,baseline,40000,82,81,81,0.2681793591220258
lung,baseline,40000,82,81,81,0.21643051512110403
lung,baseline,40000,82,81,81,0.23774976330254946
lung,baseline,40000,82,79,79,0.09571364721834197
lung,baseline,40000,82,77,77,0.14701732840767773
lung,baseline,40000,82,80,80,0.3114421313361647
lung,baseline,40000,82,80,80,0.22256315459415438
lung,baseline,40000,82,78,78,0.22026740346497384
lung,baseline,40000,82,75,75,0.18224606005125296
lung,baseline,40000,82,75,75,0.24269614095819586
lung,baseline,40000,82,81,81,0.2220154633906805
lung,baseline,40000,82,80,80,0.017428730739557495
lung,baseline,40000,82,79,79,0.23814508229093043
lung,baseline,40000,82,77,77,0.27438683139226616
lung,baseline,40000,82,70,70,0.25429778846462064
lung,baseline,40000,82,68,68,0.29658644638848825
lung,baseline,40000,82,64,64,0.3137566707206586
lung,baseline,40000,82,78,78,0.08019715887663431
lung,baseline,40000,82,75,75,0.09705909022417077
lung,baseline,40000,82,75,75,0.12552850919383832
lung,baseline,40000,82,73,73,0.09941702647605422
lung,baseline,40000,82,72,72,0.10073624863500943
lung,baseline,40000,82,58,58,0.10088028984063946
lung,baseline,40000,82,81,81,0.29652473412392966
lung,baseline,40000,82,81,81,0.021641435952340173
lung,baseline,40000,82,81,81,0.19109882475272902
lung,baseline,40000,82,81,81,0.25962945370837515
lung,baseline,40000,82,78,78,0.1699366467983347
lung,baseline,40000,82,81,81,0.06705586472690808
lung,baseline,40000,82,79,79,0.014172395691923355
lung,baseline,40000,82,77,77,0.09303587744446624
lung,baseline,40000,82,77,77,0.08751543017173281
lung,baseline,40000,82,81,81,0.13214767480502604
lung,baseline,40000,82,78,78,0.029278473575354395
lung,baseline,40000,82,78,78,0.08292444664127732
lung,baseline,40000,82,77,77,0.10634843006872596
lung,baseline,40000,82,81,81,0.25790537942255276
lung,baseline,40000,82,81,81,0.1596464370281653
lung,baseline,40000,82,81,81,0.012571783870739954
lung,baseline,40000,82,81,81,0.027061864475395814
lung,baseline,40000,82,81,81,0.2770152912044942
lung,baseline,40000,82,81,81,0.021042519025446012
lung,baseline,40000,82,80,80,0.041892421619535665
lung,baseline,40000,82,78,78,0.08160689867110345
lung,baseline,40000,82,75,75,0.07977710060708326
lung,baseline,40000,82,81,81,0.021757942302633126
lung,baseline,40000,82,81,81,0.0930569405870558
lung,baseline,40000,82,81,81,0.09823082018762963
lung,baseline,40000,82,78,78,0.06927321012305919
lung,baseline,40000,82,80,80,0.3111808924368945
lung,baseline,40000,82,69,69,0.23957358606019685
lung,baseline,40000,82,69,69,0.2760977635625408
lung,baseline,40000,82,81,81,0.23569471492615063
lung,baseline,40000,82,81,81,0.24759006640728484
lung,baseline,40000,82,81,81,0.1993096524030337
lung,baseline,40000,82,78,78,0.11744363879833429
lung,baseline,40000,82,80,80,0.266447756031836
lung,baseline,40000,82,79,79,0.254423398823684
lung,baseline,40000,82,77,77,0.18439249911568592
lung,baseline,40000,82,75,75,0.27003658306011175
lung,baseline,40000,82,80,80,0.2895587788160322
lung,baseline,40000,82,72,72,0.283971332593944
lung,baseline,40000,82,34,34,0.06651714431586536
lung,baseline,40000,82,81,81,0.19408801630914985
lung,baseline,40000,82,75,75,0.21321982372612985
lung,baseline,40000,82,81,81,0.25721168927081517
lung,baseline,40000,82,81,81,0.20957093817295114
lung,baseline,40000,82,77,77,0.16210130393032074
lung,baseline,40000,82,81,81,0.14389280566257814
lung,baseline,40000,82,80,80,0.017265158200384247
lung,baseline,40000,82,79,79,0.05235642705493723
lung,baseline,40000,82,78,78,0.026246842318138626
lung,baseline,40000,82,76,76,0.11127437155827681
lung,baseline,40000,82,43,43,0.11737786754723376
lung,baseline,40000,82,39,39,0.11491014451516894
lung,baseline,40000,82,76,76,0.1793621031425109
lung,baseline,40000,82,76,76,0.1932439645678917
lung,baseline,40000,82,70,70,0.14458327012082656
lung,baseline,40000,82,70,70,0.19556323253182836
lung,baseline,40000,82,69,69,0.19722526319359107
lung,baseline,40000,82,66,66,0.16914369734135934
lung,baseline,40000,82,66,66,0.21865477548214002
lung,baseline,40000,82,65,65,0.20307530521413214
lung,baseline,40000,82,81,81,0.18172141833829364
lung,baseline,40000,82,81,81,0.13456397072252912
lung,baseline,40000,82,76,76,0.2182053094219066
lung,baseline,40000,82,75,75,0.10149861590724485
lung,baseline,40000,82,69,69,0.1137287190940834
lung,baseline,40000,82,54,54,0.10676797312842891
lung,baseline,40000,82,46,46,0.1513252976396284
lung,baseline,40000,82,19,19,0.26790953169884996
lung,baseline,40000,82,81,81,0.25207080034354173
lung,baseline,40000,82,81,81,0.12989590624153305
lung,baseline,40000,82,77,77,0.1808355788512984
lung,baseline,40000,82,81,81,0.2162774233942722
lung,baseline,40000,82,81,81,0.10909064708319118
lung,baseline,40000,82,81,81,0.09186878707444673
lung,baseline,40000,82,81,81,0.033330093855559094
lung,baseline,40000,82,80,80,0.021098537971979046
lung,baseline,40000,82,80,80,0.060424284020547246
lung,baseline,40000,82,80,80,0.04581548221464361
lung,baseline,40000,82,78,78,0.026203597268124667
lung,baseline,40000,82,75,75,0.05811757997066897
lung,baseline,40000,82,69,69,0.08539115453190521
lung,baseline,40000,82,81,81,0.0643815276152514
lung,baseline,40000,82,81,81,0.21830186060795967
lung,baseline,40000,82,81,81,0.2454518404242706
lung,baseline,40000,82,81,81,0.0417060662017344
lung,baseline,40000,82,81,81,0.26376458382956836
lung,baseline,40000,82,81,81,0.2556919259585342
lung,baseline,40000,82,81,81,0.2968090642712979
lung,baseline,40000,82,77,77,0.2385378014735908
lung,baseline,40000,82,81,81,0.2724391371445229
lung,baseline,40000,82,81,81,0.24732372644113484
lung,baseline,40000,82,80,80,0.11574715421344832
lung,baseline,40000,82,77,77,0.24348991247309681
lung,baseline,40000,82,77,77,0.2943430244134764
lung,baseline,40000,82,57,57,0.3127502215305346
lung,baseline,40000,82,41,41,0.18498586373038048
lung,baseline,40000,82,81,81,0.25592295696706735
lung,baseline,40000,82,81,81,0.0021534208113461045
lung,baseline,40000,82,81,81,0.28536124354812803
lung,baseline,40000,82,81,81,0.2397938699363572
lung,baseline,40000,82,79,79,0.1249993567503708
lung,baseline,40000,82,78,78,0.22128329358297036
lung,baseline,40000,82,78,78,0.0219762052603033
lung,baseline,40000,82,78,78,0.10933219810717126
lung,baseline,40000,82,81,81,0.017102181076393615
lung,baseline,40000,82,81,81,0.06894085670294718
lung,baseline,40000,82,81,81,0.005908562710178861
lung,baseline,40000,82,81,81,0.007934989566245025
lung,baseline,40000,82,81,81,0.01162711723211679
lung,baseline,40000,82,81,81,0.008118822650958297
lung,baseline,40000,82,81,81,0.004021918372731462
lung,baseline,40000,82,81,81,0.14563424970160016
lung,baseline,40000,82,81,81,0.009242521193024275
lung,baseline,40000,82,80,80,0.00709158304218786
lung,baseline,40000,82,80,80,0.018694055038966564
lung,baseline,40000,82,79,79,0.05995446763460483
lung,baseline,40000,82,72,72,0.04009036377977396
lung,baseline,40000,82,81,81,0.10790128101301248
lung,baseline,40000,82,79,79,0.01509795118948773
lung,baseline,40000,82,78,78,0.014225197128326122
lung,baseline,40000,82,76,76,0.12141859938046073
lung,baseline,40000,82,81,81,0.2898616401219923
lung,baseline,40000,82,81,81,0.21361620244001575
lung,baseline,40000,82,75,75,0.25859950534969833
lung,baseline,40000,82,81,81,0.09905639130450676
lung,baseline,40000,82,81,81,0.2572787980634269
lung,baseline,40000,82,81,81,0.01684921245494224
lung,baseline,40000,82,81,81,0.2761944119281296
lung,baseline,40000,82,79,79,0.13061825438163666
lung,baseline,40000,82,81,81,0.20266464964877665
lung,baseline,40000,82,81,81,0.10224004822274493
lung,baseline,40000,82,81,81,0.23951229991964643
lung,baseline,40000,82,78,78,0.029596740424243834
lung,baseline,40000,82,78,78,0.1876373855353128
lung,baseline,40000,82,81,81,0.2107495437406205
lung,baseline,40000,82,81,81,0.289441121116595
lung,baseline,40000,82,81,81,0.18755270688956915
lung,baseline,40000,82,76,76,0.13356288573536723
lung,baseline,40000,82,75,75,0.20921934529959257
lung,baseline,40000,82,75,75,0.2075514360866887
lung,baseline,40000,82,74,74,0.1767335201764376
lung,baseline,40000,82,69,69,0.12781689296143225
lung,baseline,40000,82,68,68,0.2575404167474728
lung,baseline,40000,82,63,63,0.06959347020447963
lung,baseline,40000,82,81,81,0.2153469773846276
lung,baseline,40000,82,81,81,0.286394270855675
lung,baseline,40000,82,77,77,0.2005522884351252
lung,baseline,40000,82,81,81,0.19573102681996946
lung,baseline,40000,82,81,81,0.2409136430800219
lung,baseline,40000,82,81,81,0.1683701490205353
lung,baseline,40000,82,78,78,0.15127441511670509
lung,baseline,40000,82,56,56,0.09545679137403663
lung,baseline,40000,82,81,81,0.20004751706294233
lung,baseline,40000,82,80,80,0.14203401211573313
lung,baseline,40000,82,81,81,0.3053380559301461
lung,baseline,40000,82,81,81,0.24018709412447523
lung,baseline,40000,82,75,75,0.1894809045735036
lung,baseline,40000,82,81,81,0.26062502943666616
lung,baseline,40000,82,81,81,0.244330252739908
lung,baseline,40000,82,81,81,0.059973572233529435
lung,baseline,40000,82,79,79,0.25778397680681275
lung,baseline,40000,82,78,78,0.13890472710881555
lung,baseline,40000,82,81,81,0.18813307044605776
lung,baseline,40000,82,81,81,0.07087993665593274
lung,baseline,40000,82,81,81,0.2545907633449373
lung,baseline,40000,82,80,80,0.011875708105849998
lung,baseline,40000,82,76,76,0.23331089306637046
lung,baseline,40000,82,81,81,0.2685711389410008
lung,baseline,40000,82,81,81,0.2693843861853629
lung,baseline,40000,82,77,77,0.22048209967811466
lung,baseline,40000,82,81,81,0.19765209373332587
lung,baseline,40000,82,81,81,0.24266791832274137
lung,baseline,40000,82,81,81,0.06720020901956109
lung,baseline,40000,82,79,79,0.08687347563654499
lung,baseline,40000,82,77,77,0.0726982590801109
lung,baseline,40000,82,69,69,0.13514550001802994
lung,baseline,40000,82,81,81,0.009420392004098804
lung,baseline,40000,82,81,81,0.12226791408945732
lung,baseline,40000,82,81,81,0.22860699587617905
lung,baseline,40000,82,81,81,0.20715096013971449
lung,baseline,40000,82,80,80,0.028354067135528314
lung,baseline,40000,82,80,80,0.02563736282462456
lung,baseline,40000,82,63,63,0.1635124020264832
lung,baseline,40000,82,58,58,0.22685515697069625
lung,baseline,40000,82,77,77,0.2858069836255281
lung,baseline,40000,82,70,70,0.25497667781347366
lung,baseline,40000,82,68,68,0.28741249342279873
lung,baseline,40000,82,64,64,0.28993913360681184
lung,baseline,40000,82,81,81,0.07850763551962252
lung,baseline,40000,82,79,79,0.011857014544381532
lung,baseline,40000,82,76,76,0.12329172392322263
lung,baseline,40000,82,81,81,0.1015643127997318
lung,baseline,40000,82,81,81,0.012353307696552285
lung,baseline,40000,82,81,81,0.033504365362369434
lung,baseline,40000,82,81,81,0.010080886541542947
lung,baseline,40000,82,81,81,0.03655904709069433
lung,baseline,40000,82,81,81,0.12727018990412559
lung,baseline,40000,82,81,81,0.029693169941294926
lung,baseline,40000,82,81,81,0.013666898669416188
lung,baseline,40000,82,81,81,0.016663520791931324
lung,baseline,40000,82,81,81,0.07122700065321244
lung,baseline,40000,82,80,80,0.02290336901168575
lung,baseline,40000,82,79,79,0.01582551863416449
lung,baseline,40000,82,79,79,0.06054486252811062
lung,baseline,40000,82,76,76,0.05040063823806155
lung,baseline,40000,82,75,75,0.02492877174707429
lung,baseline,40000,82,69,69,0.045244191297335576
lung,baseline,40000,82,81,81,0.015479062972406652
lung,baseline,40000,82,81,81,0.07357274904608344
lung,baseline,40000,82,81,81,0.05453291839804711
lung,baseline,40000,82,81,81,0.08796408657470091
lung,baseline,40000,82,81,81,0.28116767199852843
lung,baseline,40000,82,77,77,0.16541540345407932
lung,baseline,40000,82,76,76,0.2587870479368621
lung,baseline,40000,82,81,81,0.30132039109488373
lung,baseline,40000,82,81,81,0.2231368350927863
lung,baseline,40000,82,77,77,0.17382747968757095
lung,baseline,40000,82,28,28,0.40686512691728777
lung,baseline,40000,82,80,80,0.29797023353807556
lung,baseline,40000,82,80,80,0.038330525584705503
lung,baseline,40000,82,80,80,0.3193179192062579
lung,baseline,40000,82,75,75,0.23896402796047217
lung,baseline,40000,82,80,80,0.28501342821779924
lung,baseline,40000,82,79,79,0.2247653887952249
lung,baseline,40000,82,76,76,0.18554860878813254
lung,baseline,40000,82,34,34,0.05827128693114055
lung,baseline,40000,82,79,79,0.1337829416272746
lung,baseline,40000,82,73,73,0.15828864209341542
lung,baseline,40000,82,73,73,0.06902699296880033
lung,baseline,40000,82,73,73,0.16159179754726855
lung,baseline,40000,82,73,73,0.12219294514894873
lung,baseline,40000,82,70,70,0.20370171254455954
lung,baseline,40000,82,64,64,0.054125493698157244
lung,baseline,40000,82,81,81,0.09668029697504761
lung,baseline,40000,82,81,81,0.08233050144340667
lung,baseline,40000,82,81,81,0.2478939867550982
lung,baseline,40000,82,81,81,0.2778159357633144
lung,baseline,40000,82,78,78,0.20493207492510063
lung,baseline,40000,82,78,78,0.02897203021811329
lung,baseline,40000,82,77,77,0.20379861969769503
lung,baseline,40000,82,76,76,0.21763952292139896
lung,baseline,40000,82,76,76,0.12479946569316791
lung,baseline,40000,82,28,28,0.23097850689887972
lung,baseline,40000,82,81,81,0.02918867939457574
lung,baseline,40000,82,81,81,0.031311191683795515
lung,baseline,40000,82,81,81,0.05214501723435609
lung,baseline,40000,82,81,81,0.10524556836943262
lung,baseline,40000,82,81,81,0.0638571901483597
lung,baseline,40000,82,81,81,0.24705922541018907
lung,baseline,40000,82,81,81,0.09480367591018866
lung,baseline,40000,82,79,79,0.07593898303042995
lung,baseline,40000,82,73,73,0.055663425689901985
lung,baseline,40000,82,78,78,0.08808113580578686
lung,baseline,40000,82,77,77,0.09405423035709734
lung,baseline,40000,82,58,58,0.04693602338585701
lung,baseline,40000,82,81,81,0.2622501818455471
lung,baseline,40000,82,81,81,0.20567055517310281
lung,baseline,40000,82,81,81,0.12461786868055488
lung,baseline,40000,82,76,76,0.23544877399029573
lung,baseline,40000,82,81,81,0.11840735448330998
lung,baseline,40000,82,81,81,0.24815260340719572
lung,baseline,40000,82,81,81,0.20853213971765036
lung,baseline,40000,82,77,77,0.2035564582327534
lung,baseline,40000,82,80,80,0.23928638564433458
lung,baseline,40000,82,76,76,0.26023340631270736
lung,baseline,40000,82,70,70,0.2804844344884332
lung,baseline,40000,82,65,65,0.22386295972750306
lung,baseline,40000,82,62,62,0.24588979109220982
lung,baseline,40000,82,80,80,0.2333084004346908
lung,baseline,40000,82,79,79,0.23392582462055578
lung,baseline,40000,82,78,78,0.23586039276243498
lung,baseline,40000,82,77,77,0.11296913531624793
lung,baseline,40000,82,75,75,0.25090788343372633
lung,baseline,40000,82,80,80,0.20891176660258054
lung,baseline,40000,82,80,80,0.20500147930754417
lung,baseline,40000,82,80,80,0.20897614230953074
lung,baseline,40000,82,79,79,0.24680640688215325
lung,baseline,40000,82,77,77,0.26508397563759195
lung,baseline,40000,82,75,75,0.26654244157525614
lung,baseline,40000,82,74,74,0.25235975181545633
lung,baseline,40000,82,73,73,0.25898698837369644
lung,baseline,40000,82,61,61,0.22920859639687233
lung,baseline,40000,82,51,51,0.1670604421786009
lung,baseline,40000,82,81,81,0.02373317474786052
lung,baseline,40000,82,81,81,0.018298708091925634
lung,baseline,40000,82,81,81,0.006476062920673059
lung,baseline,40000,82,81,81,0.018417869094360276
lung,baseline,40000,82,81,81,0.016834770465791973
lung,baseline,40000,82,81,81,0.005557352709190938
lung,baseline,40000,82,81,81,0.06364470876353245
lung,baseline,40000,82,81,81,0.06931022551248889
lung,baseline,40000,82,81,81,0.01413763781200559
lung,baseline,40000,82,81,81,0.1101606327005378
lung,baseline,40000,82,81,81,0.014441798987034234
lung,baseline,40000,82,80,80,0.017071735843078906
lung,baseline,40000,82,79,79,0.004229493005420857
lung,baseline,40000,82,79,79,0.03711862628141358
lung,baseline,40000,82,79,79,0.017915876180438575
lung,baseline,40000,82,75,75,0.0196080333799572
lung,baseline,40000,82,81,81,0.18727378288870522
lung,baseline,40000,82,81,81,0.15898477978615425
lung,baseline,40000,82,76,76,0.1781677101795512
lung,baseline,40000,82,74,74,0.20552793167892933
lung,baseline,40000,82,19,19,0.42181690536580857
lung,baseline,40000,82,81,81,0.28623983583919327
lung,baseline,40000,82,80,80,0.037479413402649604
lung,baseline,40000,82,77,77,0.19724841473731447
lung,baseline,40000,82,81,81,0.1372429677750014
lung,baseline,40000,82,79,79,0.017992232420365538
lung,baseline,40000,82,77,77,0.1021833099324437
lung,baseline,40000,82,34,34,0.11905145290434697
lung,baseline,40000,82,81,81,0.18765924861869943
lung,baseline,40000,82,77,77,0.09457766868983905
lung,baseline,40000,82,34,34,0.19365415752387727
lung,baseline,40000,82,81,81,0.2439890201955138
lung,baseline,40000,82,76,76,0.23393895626712224
lung,baseline,40000,82,81,81,0.09433182176687964
lung,baseline,40000,82,77,77,0.08954760775215702
lung,baseline,40000,83,68,68,0.08306875509063812
lung,baseline,40000,83,64,64,0.15130773326624397
lung,baseline,40000,83,64,64,0.14821174566051343
lung,baseline,40000,83,59,59,0.14919715465303413
lung,baseline,40000,83,58,58,0.14077937114537725
lung,baseline,40000,83,82,82,0.23741919905605163
lung,baseline,40000,83,82,82,0.24173313352405199
lung,baseline,40000,83,82,82,0.15236854352380547
lung,baseline,40000,83,82,82,0.07849701844821003
lung,baseline,40000,83,82,82,0.0657789903877432
lung,baseline,40000,83,78,78,0.003970404944291046
lung,baseline,40000,83,61,61,0.15564572480648206
lung,baseline,40000,83,59,59,0.15009696290391933
lung,baseline,40000,83,58,58,0.11901306449817892
lung,baseline,40000,83,28,28,0.16774028642572025
lung,baseline,40000,83,77,77,0.11722416586200432
lung,baseline,40000,83,75,75,0.12973145407941714
lung,baseline,40000,83,59,59,0.22872080196904904
lung,baseline,40000,83,58,58,0.2163262142438604
lung,baseline,40000,83,82,82,0.09767856935340102
lung,baseline,40000,83,78,78,0.061004275820829366
lung,baseline,40000,83,78,78,0.09995017753408561
lung,baseline,40000,83,82,82,0.07814508688233694
lung,baseline,40000,83,82,82,0.3121612281411368
lung,baseline,40000,83,82,82,0.06261503660655751
lung,baseline,40000,83,82,82,0.018785571016846775
lung,baseline,40000,83,82,82,0.005738880658389591
lung,baseline,40000,83,82,82,0.22499943206104644
lung,baseline,40000,83,82,82,0.2695231546240727
lung,baseline,40000,83,82,82,0.26589983258426386
lung,baseline,40000,83,82,82,0.26387919470883514
lung,baseline,40000,83,80,80,0.03143341504807862
lung,baseline,40000,83,78,78,0.16554965133375882
lung,baseline,40000,83,81,81,0.23088262781446123
lung,baseline,40000,83,76,76,0.2301418195081862
lung,baseline,40000,83,75,75,0.21404687743528394
lung,baseline,40000,83,82,82,0.09477722096581832
lung,baseline,40000,83,82,82,0.13672305274152804
lung,baseline,40000,83,79,79,0.12439250335738168
lung,baseline,40000,83,82,82,0.18843755795750167
lung,baseline,40000,83,82,82,0.14342506579299874
lung,baseline,40000,83,82,82,0.1900178482527243
lung,baseline,40000,83,82,82,0.05793456440679956
lung,baseline,40000,83,82,82,0.2310135396537658
lung,baseline,40000,83,82,82,0.23422103535553265
lung,baseline,40000,83,82,82,0.10759514812072277
lung,baseline,40000,83,82,82,0.07952000320616216
lung,baseline,40000,83,81,81,0.05719883128927299
lung,baseline,40000,83,80,80,0.04692999635363244
lung,baseline,40000,83,76,76,0.11899124609189755
lung,baseline,40000,83,78,78,0.1037357163542242
lung,baseline,40000,83,75,75,0.12021525800006103
lung,baseline,40000,83,66,66,0.13268923630209759
lung,baseline,40000,83,57,57,0.07060375279801157
lung,baseline,40000,83,82,82,0.015398602363036569
lung,baseline,40000,83,82,82,0.09415037827866568
lung,baseline,40000,83,82,82,0.20017625265671823
lung,baseline,40000,83,82,82,0.11323452412885728
lung,baseline,40000,83,81,81,0.11768910760834762
lung,baseline,40000,83,82,82,0.09089708003987565
lung,baseline,40000,83,82,82,0.25559321632498694
lung,baseline,40000,83,82,82,0.003250915112258052
lung,baseline,40000,83,82,82,0.2933636217166632
lung,baseline,40000,83,82,82,0.025326477691382295
lung,baseline,40000,83,82,82,0.13175554073275061
lung,baseline,40000,83,82,82,0.18230702092325232
lung,baseline,40000,83,82,82,0.288714991196908
lung,baseline,40000,83,78,78,0.1979220069244933
lung,baseline,40000,83,77,77,0.11226492507236238
lung,baseline,40000,83,82,82,0.2071706338527217
lung,baseline,40000,83,77,77,0.14458973930854202
lung,baseline,40000,83,76,76,0.1590622914679272
lung,baseline,40000,83,81,81,0.22829589196198008
lung,baseline,40000,83,82,82,0.28332263174055705
lung,baseline,40000,83,82,82,0.2831189940959217
lung,baseline,40000,83,77,77,0.18076997438207693
lung,baseline,40000,83,82,82,0.17985849879915033
lung,baseline,40000,83,82,82,0.24758151087185012
lung,baseline,40000,83,82,82,0.03793930130752445
lung,baseline,40000,83,80,80,0.14787269564134917
lung,baseline,40000,83,78,78,0.10395014005073662
lung,baseline,40000,83,82,82,0.27334241076628224
lung,baseline,40000,83,82,82,0.2828104933597035
lung,baseline,40000,83,82,82,0.04116047029978512
lung,baseline,40000,83,80,80,0.028759832375851065
lung,baseline,40000,83,80,80,0.00463902531409609
lung,baseline,40000,83,82,82,0.041394165588646475
lung,baseline,40000,83,82,82,0.29848075920011835
lung,baseline,40000,83,82,82,0.13639676182562163
lung,baseline,40000,83,82,82,0.21453583506845572
lung,baseline,40000,83,66,66,0.11311489425290495
lung,baseline,40000,83,58,58,0.11519751886148585
lung,baseline,40000,83,82,82,0.1332329121810134
lung,baseline,40000,83,80,80,0.244451091852501
lung,baseline,40000,83,79,79,0.2459712012825781
lung,baseline,40000,83,78,78,0.19367181874960548
lung,baseline,40000,83,82,82,0.006824632505432669
lung,baseline,40000,83,82,82,0.018083126219922203
lung,baseline,40000,83,82,82,0.20846467223620682
lung,baseline,40000,83,82,82,0.12070386388563184
lung,baseline,40000,83,82,82,0.0031836821988699055
lung,baseline,40000,83,82,82,0.13434618206257867
lung,baseline,40000,83,82,82,0.25964308648424933
lung,baseline,40000,83,81,81,0.02973174182671918
lung,baseline,40000,83,80,80,0.04587571570378925
lung,baseline,40000,83,80,80,0.056773851847915814
lung,baseline,40000,83,76,76,0.021893017646623027
lung,baseline,40000,83,82,82,0.07684716746672537
lung,baseline,40000,83,82,82,0.2026868618293533
lung,baseline,40000,83,82,82,0.23914125427957506
lung,baseline,40000,83,77,77,0.21941218044418567
lung,baseline,40000,83,81,81,0.2756418282742409
lung,baseline,40000,83,76,76,0.30561938937966576
lung,baseline,40000,83,82,82,0.026699464561542412
lung,baseline,40000,83,82,82,0.09618539655894619
lung,baseline,40000,83,82,82,0.2480544346215209
lung,baseline,40000,83,82,82,0.09471081174009847
lung,baseline,40000,83,82,82,0.052601244099453194
lung,baseline,40000,83,82,82,0.2799287443326732
lung,baseline,40000,83,82,82,0.0955434084740619
lung,baseline,40000,83,81,81,0.06864203308340659
lung,baseline,40000,83,81,81,0.07364058228782788
lung,baseline,40000,83,79,79,0.0559428129341417
lung,baseline,40000,83,82,82,0.07518743826619112
lung,baseline,40000,83,82,82,0.10055477259381651
lung,baseline,40000,83,82,82,0.1168122153752623
lung,baseline,40000,83,82,82,0.2351027896164815
lung,baseline,40000,83,82,82,0.2842585116502835
lung,baseline,40000,83,80,80,0.15288581393912432
lung,baseline,40000,83,79,79,0.027287926558857353
lung,baseline,40000,83,57,57,0.3922949369842072
lung,baseline,40000,83,37,37,0.3570347992880906
lung,baseline,40000,83,27,27,0.40324938130360005
lung,baseline,40000,83,82,82,0.2935718958289972
lung,baseline,40000,83,80,80,0.18857246307775416
lung,baseline,40000,83,77,77,0.24113617070095722
lung,baseline,40000,83,72,72,0.07587206706246075
lung,baseline,40000,83,67,67,0.07694637911418593
lung,baseline,40000,83,64,64,0.08974698339174776
lung,baseline,40000,83,64,64,0.1254857721029075
lung,baseline,40000,83,59,59,0.11979719912934246
lung,baseline,40000,83,58,58,0.06180542908944337
lung,baseline,40000,83,82,82,0.07126999973293803
lung,baseline,40000,83,82,82,0.13509584061669122
lung,baseline,40000,83,82,82,0.008857364013409736
lung,baseline,40000,83,82,82,0.2145434361220347
lung,baseline,40000,83,82,82,0.005976947108461938
lung,baseline,40000,83,82,82,0.007266535171228012
lung,baseline,40000,83,82,82,0.028603488204540853
lung,baseline,40000,83,82,82,0.07549950713313121
lung,baseline,40000,83,82,82,0.2901924207287643
lung,baseline,40000,83,82,82,0.028628180590592963
lung,baseline,40000,83,81,81,0.05394630952991827
lung,baseline,40000,83,80,80,0.047426748509279415
lung,baseline,40000,83,78,78,0.10838913997497447
lung,baseline,40000,83,77,77,0.1163284701330136
lung,baseline,40000,83,58,58,0.11140226943561729
lung,baseline,40000,83,28,28,0.17411550643756632
lung,baseline,40000,83,82,82,0.25314454094934546
lung,baseline,40000,83,82,82,0.22587010545525432
lung,baseline,40000,83,82,82,0.24918695721664572
lung,baseline,40000,83,78,78,0.13568614634088513
lung,baseline,40000,83,76,76,0.11874367493288113
lung,baseline,40000,83,75,75,0.10989161136142592
lung,baseline,40000,83,75,75,0.1044511079270966
lung,baseline,40000,83,73,73,0.13521563851102225
lung,baseline,40000,83,68,68,0.17772543285873887
lung,baseline,40000,83,66,66,0.10384951152088359
lung,baseline,40000,83,63,63,0.13346091620069112
lung,baseline,40000,83,53,53,0.17325628345158858
lung,baseline,40000,83,44,44,0.1963360683450062
lung,baseline,40000,83,82,82,0.27027476321196126
lung,baseline,40000,83,82,82,0.20753647980843018
lung,baseline,40000,83,78,78,0.16592305724398898
lung,baseline,40000,83,73,73,0.19482575711792885
lung,baseline,40000,83,56,56,0.20350763391033277
lung,baseline,40000,83,82,82,0.10979541546541077
lung,baseline,40000,83,82,82,0.017079850685041507
lung,baseline,40000,83,82,82,0.02169427575544513
lung,baseline,40000,83,82,82,0.010224497890628906
lung,baseline,40000,83,82,82,0.012280331581312745
lung,baseline,40000,83,82,82,0.16458577936196275
lung,baseline,40000,83,82,82,0.031149810047774614
lung,baseline,40000,83,82,82,0.19008684873840886
lung,baseline,40000,83,82,82,0.025453953733121527
lung,baseline,40000,83,81,81,0.02467397549425591
lung,baseline,40000,83,81,81,0.021609324862623406
lung,baseline,40000,83,80,80,0.05550015366813323
lung,baseline,40000,83,82,82,0.2756315177613022
lung,baseline,40000,83,82,82,0.237438226504931
lung,baseline,40000,83,82,82,0.07047081643938558
lung,baseline,40000,83,82,82,0.16223857471458905
lung,baseline,40000,83,78,78,0.0334846388213109
lung,baseline,40000,83,78,78,0.09748872613531843
lung,baseline,40000,83,74,74,0.08329990995921835
lung,baseline,40000,83,72,72,0.061165768859312256
lung,baseline,40000,83,68,68,0.0850424256337935
lung,baseline,40000,83,82,82,0.1338340433156184
lung,baseline,40000,83,82,82,0.23091385130711164
lung,baseline,40000,83,82,82,0.1091887525262577
lung,baseline,40000,83,82,82,0.17784483062165987
lung,baseline,40000,83,82,82,0.02368372528652517
lung,baseline,40000,83,82,82,0.040969260866915
lung,baseline,40000,83,82,82,0.28057219820788093
lung,baseline,40000,83,81,81,0.09749670506702729
lung,baseline,40000,83,77,77,0.05883886329512234
lung,baseline,40000,83,82,82,0.2697238927244233
lung,baseline,40000,83,82,82,0.23494313312388565
lung,baseline,40000,83,82,82,0.13176070847741425
lung,baseline,40000,83,78,78,0.21733584730147562
lung,baseline,40000,83,82,82,0.10888679634650371
lung,baseline,40000,83,78,78,0.10249286714330147
lung,baseline,40000,83,78,78,0.09808889406282952
lung,baseline,40000,83,77,77,0.027319483461006575
lung,baseline,40000,83,82,82,0.2951448675537157
lung,baseline,40000,83,82,82,0.18886147014589935
lung,baseline,40000,83,82,82,0.16606564945900376
lung,baseline,40000,83,78,78,0.2084079801268156
lung,baseline,40000,83,75,75,0.13037966388050248
lung,baseline,40000,83,82,82,0.09502380204890648
lung,baseline,40000,83,82,82,0.25340474575035976
lung,baseline,40000,83,82,82,0.06590042671024693
lung,baseline,40000,83,81,81,0.06904598894960923
lung,baseline,40000,83,75,75,0.2219441717628275
lung,baseline,40000,83,74,74,0.21198421217724006
lung,baseline,40000,83,37,37,0.19179899855355514
lung,baseline,40000,83,36,36,0.15295645669990632
lung,baseline,40000,83,82,82,0.08825980857456671
lung,baseline,40000,83,82,82,0.05816993069183491
lung,baseline,40000,83,82,82,0.2296487811174368
lung,baseline,40000,83,82,82,0.13311871803967165
lung,baseline,40000,83,82,82,0.2689991386540419
lung,baseline,40000,83,81,81,0.10765587861382049
lung,baseline,40000,83,79,79,0.1585291749952163
lung,baseline,40000,83,77,77,0.042572760035082445
lung,baseline,40000,83,77,77,0.048033987756472024
lung,baseline,40000,83,58,58,0.17694794481798284
lung,baseline,40000,83,20,20,0.3258091866835079
lung,baseline,40000,83,82,82,0.012618003942993866
lung,baseline,40000,83,82,82,0.002642285933684415
lung,baseline,40000,83,82,82,0.013188769141028091
lung,baseline,40000,83,82,82,0.26050957017286736
lung,baseline,40000,83,82,82,0.2417618843409073
lung,baseline,40000,83,82,82,0.14041859998691242
lung,baseline,40000,83,82,82,0.21089869950335535
lung,baseline,40000,83,82,82,0.0027559750948166523
lung,baseline,40000,83,80,80,0.056637047912832805
lung,baseline,40000,83,80,80,0.02403463253419385
lung,baseline,40000,83,82,82,0.25059253873444104
lung,baseline,40000,83,82,82,0.2677475827913244
lung,baseline,40000,83,78,78,0.21942296357486976
lung,baseline,40000,83,63,63,0.1411979841933275
lung,baseline,40000,83,58,58,0.21624589508202627
lung,baseline,40000,83,57,57,0.1766861413763337
lung,baseline,40000,83,54,54,0.2240005420713002
lung,baseline,40000,83,70,70,0.2703746611042641
lung,baseline,40000,83,27,27,0.2893488880208344
lung,baseline,40000,83,81,81,0.2179285694464682
lung,baseline,40000,83,82,82,0.2612450289784637
lung,baseline,40000,83,82,82,0.13632793088300238
lung,baseline,40000,83,82,82,0.24018981553845442
lung,baseline,40000,83,82,82,0.10876983885755333
lung,baseline,40000,83,80,80,0.04317243943788433
lung,baseline,40000,83,33,33,0.2734495534354652
lung,baseline,40000,83,82,82,0.24419352601741967
lung,baseline,40000,83,82,82,0.2622939053717611
lung,baseline,40000,83,82,82,0.2756820943273792
lung,baseline,40000,83,81,81,0.05618978485477526
lung,baseline,40000,83,78,78,0.12641804148706767
lung,baseline,40000,83,82,82,0.20105783274185085
lung,baseline,40000,83,81,81,0.016234765198822602
lung,baseline,40000,83,79,79,0.09754112362719021
lung,baseline,40000,83,77,77,0.13798075284380198
lung,baseline,40000,83,81,81,0.14842144868305243
lung,baseline,40000,83,79,79,0.2497052318114652
lung,baseline,40000,83,76,76,0.24691660938788118
lung,baseline,40000,83,75,75,0.24885665176725144
lung,baseline,40000,83,75,75,0.23657128960051135
lung,baseline,40000,83,75,75,0.2327839848475833
lung,baseline,40000,83,75,75,0.24980871322090556
lung,baseline,40000,83,73,73,0.254245051065328
lung,baseline,40000,83,70,70,0.24878853426153985
lung,baseline,40000,83,70,70,0.2744441567404273
lung,baseline,40000,83,68,68,0.22621130066537715
lung,baseline,40000,83,66,66,0.2054672055355592
lung,baseline,40000,83,65,65,0.22097205499553005
lung,baseline,40000,83,63,63,0.2469770355692813
lung,baseline,40000,83,62,62,0.24013691303995122
lung,baseline,40000,83,78,78,0.14580268280392972
lung,baseline,40000,83,78,78,0.08356458426861384
lung,baseline,40000,83,77,77,0.11980461471347405
lung,baseline,40000,83,75,75,0.12271472648941466
lung,baseline,40000,83,58,58,0.2116408360568261
lung,baseline,40000,83,73,73,0.1071835610929074
lung,baseline,40000,83,72,72,0.14657177015249967
lung,baseline,40000,83,27,27,0.16352795421388605
lung,baseline,40000,83,82,82,0.020503116561591546
lung,baseline,40000,83,80,80,0.054029066922614555
lung,baseline,40000,83,79,79,0.0826152918191915
lung,baseline,40000,83,78,78,0.07762211761567708
lung,baseline,40000,83,79,79,0.06565152569849599
lung,baseline,40000,83,79,79,0.012733437520382432
lung,baseline,40000,83,77,77,0.12601659081752534
lung,baseline,40000,83,81,81,0.012025766588447095
lung,baseline,40000,83,78,78,0.10900143069424473
lung,baseline,40000,83,77,77,0.12994253555335084
lung,baseline,40000,83,75,75,0.07972680794117504
lung,baseline,40000,83,70,70,0.26669132315885713
lung,baseline,40000,83,66,66,0.27206395145040657
lung,baseline,40000,83,62,62,0.2484700965562843
lung,baseline,40000,83,28,28,0.3309394885320825
lung,baseline,40000,83,73,73,0.07804022392928732
lung,baseline,40000,83,56,56,0.17789320650929283
lung,baseline,40000,83,69,69,0.33347376222503333
lung,baseline,40000,83,46,46,0.267869394365171
lung,baseline,40000,83,28,28,0.40072592160092685
lung,baseline,40000,83,63,63,0.2002590242643922
lung,baseline,40000,83,58,58,0.2609459353393047
lung,baseline,40000,83,51,51,0.13605624225121257
lung,baseline,40000,83,82,82,0.07811811198686196
lung,baseline,40000,83,82,82,0.05474310386313777
lung,baseline,40000,83,82,82,0.07459751653889218
lung,baseline,40000,83,82,82,0.015183989722988114
lung,baseline,40000,83,82,82,0.19081317720209812
lung,baseline,40000,83,82,82,0.22567210982883962
lung,baseline,40000,83,82,82,0.1257617327030107
lung,baseline,40000,83,79,79,0.004650296776342951
lung,baseline,40000,83,79,79,0.11023596143138752
lung,baseline,40000,83,78,78,0.10931299137716834
lung,baseline,40000,83,78,78,0.07300887799173036
lung,baseline,40000,83,77,77,0.07518960611866336
lung,baseline,40000,83,77,77,0.12156801730581443
lung,baseline,40000,83,69,69,0.05933089587705665
lung,baseline,40000,83,80,80,0.2721378753535856
lung,baseline,40000,83,79,79,0.28533933623486735
lung,baseline,40000,83,78,78,0.20247283659993434
lung,baseline,40000,83,82,82,0.13459499303969544
lung,baseline,40000,83,82,82,0.2470988984206028
lung,baseline,40000,83,82,82,0.20514022732180212
lung,baseline,40000,83,82,82,0.25154369078638683
lung,baseline,40000,83,81,81,0.04136574808035468
lung,baseline,40000,83,81,81,0.03810065377831492
lung,baseline,40000,83,80,80,0.16275540920772014
lung,baseline,40000,83,76,76,0.045660397457144127
lung,baseline,40000,83,75,75,0.06230875305855932
lung,baseline,40000,83,74,74,0.06795284045771711
lung,baseline,40000,83,74,74,0.05876240266505263
lung,baseline,40000,83,58,58,0.14044605027162513
lung,baseline,40000,83,44,44,0.150347002692051
lung,baseline,40000,83,28,28,0.18135916070675845
lung,baseline,40000,83,82,82,0.04036138852508826
lung,baseline,40000,83,82,82,0.2398741520421515
lung,baseline,40000,83,82,82,0.26985607493940034
lung,baseline,40000,83,82,82,0.10112815041145229
lung,baseline,40000,83,81,81,0.029171218916790045
lung,baseline,40000,83,80,80,0.05356157005838689
lung,baseline,40000,83,80,80,0.01465645130543658
lung,baseline,40000,83,79,79,0.019088841920078228
lung,baseline,40000,83,82,82,0.052453378783055116
lung,baseline,40000,83,82,82,0.10728012298519644
lung,baseline,40000,83,82,82,0.07419906606931373
lung,baseline,40000,83,79,79,0.024915763897011355
lung,baseline,40000,83,77,77,0.03810075632698539
lung,baseline,40000,83,78,78,0.09895006801095228
lung,baseline,40000,83,19,19,0.26489778605021613
lung,baseline,40000,83,75,75,0.25894971706161585
lung,baseline,40000,83,74,74,0.2686450227242435
lung,baseline,40000,83,73,73,0.2686914014413116
lung,baseline,40000,83,71,71,0.25707344825792217
lung,baseline,40000,83,71,71,0.25652130503314735
lung,baseline,40000,83,58,58,0.2636908523502107
lung,baseline,40000,83,34,34,0.1750924605770432
lung,baseline,40000,83,82,82,0.009510640527333442
lung,baseline,40000,83,79,79,0.03789257379267131
lung,baseline,40000,83,78,78,0.14440901299393416
lung,baseline,40000,83,77,77,0.1197851944288721
lung,baseline,40000,83,70,70,0.15428578015439523
lung,baseline,40000,83,67,67,0.20313360070185435
lung,baseline,40000,83,58,58,0.26379112984833397
lung,baseline,40000,83,57,57,0.23540956364068255
lung,baseline,40000,83,82,82,0.19371442680169673
lung,baseline,40000,83,79,79,0.08598644681643036
lung,baseline,40000,83,76,76,0.1659338026547216
lung,baseline,40000,83,82,82,0.0968172635268994
lung,baseline,40000,83,78,78,0.14731003116959765
lung,baseline,40000,83,77,77,0.1258106259329119
lung,baseline,40000,83,14,14,0.2101146606049811
lung,baseline,40000,83,82,82,0.24649121582412908
lung,baseline,40000,83,82,82,0.28951750283395594
lung,baseline,40000,83,79,79,0.08652395955860011
lung,baseline,40000,83,77,77,0.22336110163905584
lung,baseline,40000,83,62,62,0.18153081319767858
lung,baseline,40000,83,43,43,0.2705470592115157
lung,baseline,40000,83,39,39,0.27842075614680145
lung,baseline,40000,83,82,82,0.2664026285607062
lung,baseline,40000,83,75,75,0.25033905715503657
lung,baseline,40000,83,75,75,0.1770067590455069
lung,baseline,40000,83,53,53,0.25126248152956254
lung,baseline,40000,83,82,82,0.22060113964224423
lung,baseline,40000,83,82,82,0.0374742987224022
lung,baseline,40000,83,82,82,0.21966880798108482
lung,baseline,40000,83,79,79,0.051880991774039285
lung,baseline,40000,83,79,79,0.12896790132451552
lung,baseline,40000,83,56,56,0.2029869874458145
lung,baseline,40000,83,37,37,0.14986321915144404
lung,baseline,40000,83,36,36,0.09962307661415978
lung,baseline,40000,83,14,14,0.23694746873172118
lung,baseline,40000,83,82,82,0.004356868326168673
lung,baseline,40000,83,82,82,0.26842319336588055
lung,baseline,40000,83,82,82,0.12470707133837257
lung,baseline,40000,83,82,82,0.25554230454887056
lung,baseline,40000,83,78,78,0.08487384355002428
lung,baseline,40000,83,82,82,0.07152303584249947
lung,baseline,40000,83,82,82,0.10779820144325307
lung,baseline,40000,83,82,82,0.1325216999494028
lung,baseline,40000,83,79,79,0.022554543859022756
lung,baseline,40000,83,77,77,0.19628809791828467
lung,baseline,40000,83,73,73,0.16384097023078809
lung,baseline,40000,83,82,82,0.2463009756216962
lung,baseline,40000,83,81,81,0.21081460329723414
lung,baseline,40000,83,77,77,0.23018984443351653
lung,baseline,40000,83,82,82,0.08390653829377161
lung,baseline,40000,83,82,82,0.08096727354973265
lung,baseline,40000,83,77,77,0.03782030830208256
lung,baseline,40000,83,80,80,0.011479318553036319
lung,baseline,40000,83,82,82,0.24557260459896246
lung,baseline,40000,83,82,82,0.1167526747217404
lung,baseline,40000,83,82,82,0.281709879357586
lung,baseline,40000,83,80,80,0.13187728518427586
lung,baseline,40000,83,82,82,0.22000894061542345
lung,baseline,40000,83,82,82,0.25401452265003865
lung,baseline,40000,83,77,77,0.23812042228035712
lung,baseline,40000,83,77,77,0.1094080499134327
lung,baseline,40000,83,59,59,0.22411422406787465
lung,baseline,40000,83,58,58,0.209917412951959
lung,baseline,40000,83,82,82,0.0548120003431437
lung,baseline,40000,83,79,79,0.07329816786526402
lung,baseline,40000,83,78,78,0.06565630441734237
lung,baseline,40000,83,78,78,0.07442055397268259
lung,baseline,40000,83,82,82,0.14027825498284294
lung,baseline,40000,83,82,82,0.07289316690375876
lung,baseline,40000,83,82,82,0.19433218061676782
lung,baseline,40000,83,82,82,0.00439344823823441
lung,baseline,40000,83,82,82,0.2932544983128818
lung,baseline,40000,83,79,79,0.008124362244249162
lung,baseline,40000,83,79,79,0.15849859159642551
lung,baseline,40000,83,61,61,0.17342344397939374
lung,baseline,40000,83,59,59,0.1403138017700196
lung,baseline,40000,83,58,58,0.0901572873219155
lung,baseline,40000,83,28,28,0.17399774670103096
lung,baseline,40000,83,82,82,0.07749866994788542
lung,baseline,40000,83,79,79,0.08132858693825766
lung,baseline,40000,83,82,82,0.006306441157594904
lung,baseline,40000,83,82,82,0.026256491691068248
lung,baseline,40000,83,82,82,0.1862579923728426
lung,baseline,40000,83,82,82,0.2854446682972739
lung,baseline,40000,83,82,82,0.1117338095415121
lung,baseline,40000,83,73,73,0.25023899759498697
lung,baseline,40000,83,73,73,0.25610661037549687
lung,baseline,40000,83,72,72,0.2637260590192241
lung,baseline,40000,83,70,70,0.2526118675614091
lung,baseline,40000,83,70,70,0.2429817718096836
lung,baseline,40000,83,68,68,0.22820976731562137
lung,baseline,40000,83,62,62,0.24447274423065643
lung,baseline,40000,83,53,53,0.3038044915148619
lung,baseline,40000,83,80,80,0.02398047524802119
lung,baseline,40000,83,73,73,0.12820625948435302
lung,baseline,40000,83,82,82,0.08029265585216903
lung,baseline,40000,83,82,82,0.22544774394600747
lung,baseline,40000,83,82,82,0.25563302580867225
lung,baseline,40000,83,82,82,0.26698910309750296
lung,baseline,40000,83,82,82,0.040916208875031834
lung,baseline,40000,83,80,80,0.07094511383946038
lung,baseline,40000,83,75,75,0.013179291139562815
lung,baseline,40000,83,82,82,0.2566787068364189
lung,baseline,40000,83,80,80,0.12072202205971767
lung,baseline,40000,83,76,76,0.2217211363531658
lung,baseline,40000,83,64,64,0.21973426233432686
lung,baseline,40000,83,80,80,0.2619866917300372
lung,baseline,40000,83,73,73,0.07820789610073205
lung,baseline,40000,83,56,56,0.1777594766875401
lung,baseline,40000,83,70,70,0.15170395618408564
lung,baseline,40000,83,64,64,0.16346885163739328
lung,baseline,40000,83,28,28,0.17992314067989662
lung,baseline,40000,83,14,14,0.21659914968039667
lung,baseline,40000,83,82,82,0.183672585821488
lung,baseline,40000,83,82,82,0.30398114053768704
lung,baseline,40000,83,81,81,0.12704726673614372
lung,baseline,40000,83,79,79,0.06552966385427088
lung,baseline,40000,83,82,82,0.27195397186468934
lung,baseline,40000,83,77,77,0.21943260310379484
lung,baseline,40000,83,78,78,0.28197881752711934
lung,baseline,40000,83,77,77,0.27798525695667886
lung,baseline,40000,83,76,76,0.2393258743346904
lung,baseline,40000,83,72,72,0.2253726319887225
lung,baseline,40000,83,82,82,0.067119523223465
lung,baseline,40000,83,82,82,0.25800580705664117
lung,baseline,40000,83,82,82,0.15686344749705533
lung,baseline,40000,83,82,82,0.24069552938833183
lung,baseline,40000,83,80,80,0.008401205944266332
lung,baseline,40000,83,82,82,0.2772559956984123
lung,baseline,40000,83,82,82,0.17113485278988888
lung,baseline,40000,83,77,77,0.1371666629323798
lung,baseline,40000,83,82,82,0.0033995772847480697
lung,baseline,40000,83,80,80,0.2945792385336178
lung,baseline,40000,83,80,80,0.28726535875763093
lung,baseline,40000,83,79,79,0.28715906392299173
lung,baseline,40000,83,79,79,0.3094377323667553
lung,baseline,40000,83,78,78,0.2924667746323112
lung,baseline,40000,83,77,77,0.2558154214337866
lung,baseline,40000,83,76,76,0.22455698437740293
lung,baseline,40000,83,75,75,0.2371735896633173
lung,baseline,40000,83,82,82,0.2471574496747465
lung,baseline,40000,83,82,82,0.2458458752251764
lung,baseline,40000,83,82,82,0.24397726933655914
lung,baseline,40000,83,77,77,0.16870960001673244
lung,baseline,40000,83,82,82,0.05144532150598553
lung,baseline,40000,83,82,82,0.09725438326087582
lung,baseline,40000,83,81,81,0.009087547205342017
lung,baseline,40000,83,78,78,0.09496483611617719
lung,baseline,40000,83,80,80,0.24191749819659894
lung,baseline,40000,83,66,66,0.24943320551370082
lung,baseline,40000,83,62,62,0.2333610151447719
lung,baseline,40000,83,28,28,0.36044512053894184
lung,baseline,40000,83,34,34,0.13383858422550676
lung,baseline,40000,83,82,82,0.2637377223029111
lung,baseline,40000,83,82,82,0.2223443508371064
lung,baseline,40000,83,79,79,0.14723669956721114
lung,baseline,40000,83,77,77,0.15387809070689518
lung,baseline,40000,83,82,82,0.16552712933072028
lung,baseline,40000,83,82,82,0.17767938559123933
lung,baseline,40000,83,82,82,0.3099256468643195
lung,baseline,40000,83,77,77,0.2294226684967645
lung,baseline,40000,83,82,82,0.14180216932738904
lung,baseline,40000,83,82,82,0.1257257868783194
lung,baseline,40000,83,82,82,0.23281524710978127
lung,baseline,40000,83,82,82,0.00748995818167119
lung,baseline,40000,83,82,82,0.011401903353365257
lung,baseline,40000,83,80,80,0.13835708999931828
lung,baseline,40000,83,82,82,0.26926055119426634
lung,baseline,40000,83,82,82,0.2872722639565678
lung,baseline,40000,83,77,77,0.22568503183107116
lung,baseline,40000,83,79,79,0.12944993157377702
lung,baseline,40000,83,37,37,0.14130448878029409
lung,baseline,40000,83,82,82,0.11208797062091816
lung,baseline,40000,83,82,82,0.0995196175911493
lung,baseline,40000,83,82,82,0.026237568201285064
lung,baseline,40000,83,82,82,0.2005495002710971
lung,baseline,40000,83,82,82,0.2838277517785844
lung,baseline,40000,83,78,78,0.10384817312017369
lung,baseline,40000,83,79,79,0.11896487184336343
lung,baseline,40000,83,75,75,0.19141503305169313
lung,baseline,40000,83,34,34,0.0649443044419969
lung,baseline,40000,83,82,82,0.30943729263952796
lung,baseline,40000,83,79,79,0.22811885918740393
lung,baseline,40000,84,83,83,0.0937555812572544
lung,baseline,40000,84,83,83,0.06556187303701547
lung,baseline,40000,84,80,80,0.0684870412077812
lung,baseline,40000,84,83,83,0.23517783031785897
lung,baseline,40000,84,83,83,0.3132678205586717
lung,baseline,40000,84,83,83,0.1609068727413861
lung,baseline,40000,84,79,79,0.14204073186638727
lung,baseline,40000,84,79,79,0.11082797321930768
lung,baseline,40000,84,78,78,0.12911950084662555
lung,baseline,40000,84,83,83,0.27549675283657643
lung,baseline,40000,84,83,83,0.06859320364593882
lung,baseline,40000,84,83,83,0.14167096194586662
lung,baseline,40000,84,83,83,0.144238849021493
lung,baseline,40000,84,83,83,0.06379914468032824
lung,baseline,40000,84,82,82,0.022333105443081574
lung,baseline,40000,84,82,82,0.000546876970060183
lung,baseline,40000,84,77,77,0.01889993187049615
lung,baseline,40000,84,83,83,0.24913713707436888
lung,baseline,40000,84,78,78,0.20818023156053372
lung,baseline,40000,84,73,73,0.1660125517257408
lung,baseline,40000,84,73,73,0.1300907604457574
lung,baseline,40000,84,68,68,0.08199969305302723
lung,baseline,40000,84,64,64,0.1499583514846263
lung,baseline,40000,84,59,59,0.1489482331399438
lung,baseline,40000,84,58,58,0.14353393277327425
lung,baseline,40000,84,83,83,0.06933550390430315
lung,baseline,40000,84,83,83,0.10202869482747655
lung,baseline,40000,84,80,80,0.012566894843539012
lung,baseline,40000,84,80,80,0.08153780688078607
lung,baseline,40000,84,82,82,0.32407067999963846
lung,baseline,40000,84,79,79,0.23422525951163528
lung,baseline,40000,84,78,78,0.31073190681261975
lung,baseline,40000,84,83,83,0.12768364658998363
lung,baseline,40000,84,83,83,0.15997437189072117
lung,baseline,40000,84,83,83,0.20163492734607188
lung,baseline,40000,84,83,83,0.11470459440120856
lung,baseline,40000,84,78,78,0.13293840534715212
lung,baseline,40000,84,77,77,0.15949728988221512
lung,baseline,40000,84,71,71,0.15245425568245702
lung,baseline,40000,84,83,83,0.2501328418785006
lung,baseline,40000,84,79,79,0.3231840968733505
lung,baseline,40000,84,77,77,0.2546561094018812
lung,baseline,40000,84,78,78,0.158273931674359
lung,baseline,40000,84,63,63,0.1447918660409849
lung,baseline,40000,84,20,20,0.39364245840205203
lung,baseline,40000,84,83,83,0.30512902402018777
lung,baseline,40000,84,83,83,0.09858952131094634
lung,baseline,40000,84,79,79,0.2162287074507288
lung,baseline,40000,84,78,78,0.2317770419000402
lung,baseline,40000,84,71,71,0.12964191304910208
lung,baseline,40000,84,78,78,0.14540208780702868
lung,baseline,40000,84,77,77,0.1326739344694386
lung,baseline,40000,84,77,77,0.16757448932035887
lung,baseline,40000,84,73,73,0.17958133948437666
lung,baseline,40000,84,64,64,0.14023728418805748
lung,baseline,40000,84,14,14,0.19950006413289287
lung,baseline,40000,84,83,83,0.30560840573200343
lung,baseline,40000,84,83,83,0.17856106775199312
lung,baseline,40000,84,83,83,0.10977869600767672
lung,baseline,40000,84,83,83,0.1639484063859259
lung,baseline,40000,84,83,83,0.005303477048925017
lung,baseline,40000,84,82,82,0.06963288138261287
lung,baseline,40000,84,82,82,0.011906111930216762
lung,baseline,40000,84,82,82,0.12915309754528215
lung,baseline,40000,84,82,82,0.14067914910418242
lung,baseline,40000,84,83,83,0.23338776929179755
lung,baseline,40000,84,80,80,0.12729286149488522
lung,baseline,40000,84,79,79,0.1793145417175023
lung,baseline,40000,84,78,78,0.33500687509335714
lung,baseline,40000,84,73,73,0.28965216918866266
lung,baseline,40000,84,73,73,0.29060030065917136
lung,baseline,40000,84,70,70,0.31704652399436123
lung,baseline,40000,84,69,69,0.1952372653696448
lung,baseline,40000,84,69,69,0.3019147141537235
lung,baseline,40000,84,65,65,0.18851176492895463
lung,baseline,40000,84,64,64,0.25599114671107515
lung,baseline,40000,84,81,81,0.002965217806838016
lung,baseline,40000,84,78,78,0.13024862231226492
lung,baseline,40000,84,72,72,0.1309360778655319
lung,baseline,40000,84,68,68,0.15290850150384178
lung,baseline,40000,84,56,56,0.18891472715272103
lung,baseline,40000,84,37,37,0.13446424938141333
lung,baseline,40000,84,36,36,0.0861669947496736
lung,baseline,40000,84,83,83,0.261018060798143
lung,baseline,40000,84,83,83,0.08017805908042855
lung,baseline,40000,84,83,83,0.25557891359688895
lung,baseline,40000,84,83,83,0.13628105838924964
lung,baseline,40000,84,81,81,0.12474395796236412
lung,baseline,40000,84,81,81,0.10413124168645285
lung,baseline,40000,84,83,83,0.1862383252058405
lung,baseline,40000,84,79,79,0.17159624271779408
lung,baseline,40000,84,78,78,0.12604748384709347
lung,baseline,40000,84,19,19,0.5061536252302679
lung,baseline,40000,84,14,14,0.26158587160320185
lung,baseline,40000,84,83,83,0.07337461619011316
lung,baseline,40000,84,83,83,0.012984648618325018
lung,baseline,40000,84,83,83,0.09544690350763993
lung,baseline,40000,84,83,83,0.15831658753863187
lung,baseline,40000,84,76,76,0.16072383517433506
lung,baseline,40000,84,74,74,0.18294492690688768
lung,baseline,40000,84,71,71,0.1519529092558051
lung,baseline,40000,84,68,68,0.13200903497322944
lung,baseline,40000,84,83,83,0.10764430464333333
lung,baseline,40000,84,83,83,0.06082210023543969
lung,baseline,40000,84,83,83,0.1317012448236001
lung,baseline,40000,84,78,78,0.04587080770085654
lung,baseline,40000,84,75,75,0.15118670646970525
lung,baseline,40000,84,83,83,0.32433094405615887
lung,baseline,40000,84,83,83,0.1603552121308097
lung,baseline,40000,84,78,78,0.22016852100327147
lung,baseline,40000,84,73,73,0.2535028149945051
lung,baseline,40000,84,72,72,0.23566292007951853
lung,baseline,40000,84,68,68,0.22143419967522582
lung,baseline,40000,84,79,79,0.14622466767680814
lung,baseline,40000,84,43,43,0.23213741819861444
lung,baseline,40000,84,39,39,0.2327254958531912
lung,baseline,40000,84,83,83,0.1969135360875071
lung,baseline,40000,84,83,83,0.18131392221693698
lung,baseline,40000,84,77,77,0.22756644835563625
lung,baseline,40000,84,34,34,0.15841510216072646
lung,baseline,40000,84,83,83,0.04718477836879763
lung,baseline,40000,84,82,82,0.002816473899735587
lung,baseline,40000,84,79,79,0.07610885491737945
lung,baseline,40000,84,79,79,0.10596001538900231
lung,baseline,40000,84,83,83,0.09744282891515074
lung,baseline,40000,84,78,78,0.1266643589202219
lung,baseline,40000,84,83,83,0.21355555159412246
lung,baseline,40000,84,83,83,0.2689598828498295
lung,baseline,40000,84,83,83,0.13225952425617277
lung,baseline,40000,84,78,78,0.19097727114406268
lung,baseline,40000,84,70,70,0.14307421012890084
lung,baseline,40000,84,37,37,0.19801260242506566
lung,baseline,40000,84,35,35,0.2092167818451301
lung,baseline,40000,84,28,28,0.2175464652828296
lung,baseline,40000,84,83,83,0.015176679214205407
lung,baseline,40000,84,83,83,0.014693654679680056
lung,baseline,40000,84,83,83,0.09534847028334101
lung,baseline,40000,84,81,81,0.05093376188872963
lung,baseline,40000,84,79,79,0.09763983122142371
lung,baseline,40000,84,79,79,0.091923909383416
lung,baseline,40000,84,78,78,0.09770056307893975
lung,baseline,40000,84,83,83,0.2550862467118642
lung,baseline,40000,84,79,79,0.29939495616554607
lung,baseline,40000,84,79,79,0.27483340940607465
lung,baseline,40000,84,77,77,0.23966203824036983
lung,baseline,40000,84,83,83,0.30145712729384094
lung,baseline,40000,84,81,81,0.21263018580986381
lung,baseline,40000,84,78,78,0.22297083747006122
lung,baseline,40000,84,83,83,0.241359290403056
lung,baseline,40000,84,83,83,0.29631095851014283
lung,baseline,40000,84,83,83,0.24625228696148196
lung,baseline,40000,84,78,78,0.17142397071577947
lung,baseline,40000,84,83,83,0.18028648809533104
lung,baseline,40000,84,80,80,0.12296854947629607
lung,baseline,40000,84,78,78,0.12733507282250045
lung,baseline,40000,84,83,83,0.08996534979524251
lung,baseline,40000,84,83,83,0.2193601508262103
lung,baseline,40000,84,79,79,0.145835271024874
lung,baseline,40000,84,78,78,0.15966785449519547
lung,baseline,40000,84,78,78,0.01838308494770502
lung,baseline,40000,84,75,75,0.015459888225848924
lung,baseline,40000,84,83,83,0.07616747250011846
lung,baseline,40000,84,83,83,0.2925636738281908
lung,baseline,40000,84,83,83,0.26117615315549936
lung,baseline,40000,84,78,78,0.14853022401397512
lung,baseline,40000,84,82,82,0.26795552691333796
lung,baseline,40000,84,80,80,0.133586130700736
lung,baseline,40000,84,77,77,0.25105222739232075
lung,baseline,40000,84,83,83,0.008921779748537492
lung,baseline,40000,84,83,83,0.009320253924168433
lung,baseline,40000,84,83,83,0.05865612845636014
lung,baseline,40000,84,82,82,0.10725561884925047
lung,baseline,40000,84,79,79,0.10757114472801158
lung,baseline,40000,84,77,77,0.15080689984614074
lung,baseline,40000,84,83,83,0.13281310964647008
lung,baseline,40000,84,78,78,0.12599249626170014
lung,baseline,40000,84,82,82,0.19832941871181567
lung,baseline,40000,84,79,79,0.22393756506150497
lung,baseline,40000,84,77,77,0.14494861462669995
lung,baseline,40000,84,65,65,0.19172440373027066
lung,baseline,40000,84,80,80,0.13072972862156568
lung,baseline,40000,84,37,37,0.08582121024440854
lung,baseline,40000,84,83,83,0.06646914817633585
lung,baseline,40000,84,83,83,0.11529652797550057
lung,baseline,40000,84,83,83,0.05522591185003191
lung,baseline,40000,84,83,83,0.09298738061261173
lung,baseline,40000,84,83,83,0.27291492422546965
lung,baseline,40000,84,83,83,0.12720480110786464
lung,baseline,40000,84,83,83,0.1381458560043958
lung,baseline,40000,84,83,83,0.010722524287942469
lung,baseline,40000,84,83,83,0.05249182364904889
lung,baseline,40000,84,83,83,0.22135334953750482
lung,baseline,40000,84,81,81,0.11504994563607798
lung,baseline,40000,84,82,82,0.3331064605338482
lung,baseline,40000,84,78,78,0.27552646291048644
lung,baseline,40000,84,75,75,0.25123325070648983
lung,baseline,40000,84,71,71,0.32954496305282127
lung,baseline,40000,84,71,71,0.3155191966434839
lung,baseline,40000,84,41,41,0.2232525249031721
lung,baseline,40000,84,79,79,0.027223021048584085
lung,baseline,40000,84,78,78,0.12075643578524704
lung,baseline,40000,84,83,83,0.11969444326076165
lung,baseline,40000,84,82,82,0.052434600334737014
lung,baseline,40000,84,83,83,0.03295231487188406
lung,baseline,40000,84,83,83,0.24877455400379814
lung,baseline,40000,84,83,83,0.012195274889174886
lung,baseline,40000,84,83,83,0.24782526391554152
lung,baseline,40000,84,83,83,0.28040849092263365
lung,baseline,40000,84,82,82,0.03042641244515165
lung,baseline,40000,84,81,81,0.08876004528601371
lung,baseline,40000,84,72,72,0.04385618637124832
lung,baseline,40000,84,68,68,0.21105388969965286
lung,baseline,40000,84,27,27,0.22104798786913166
lung,baseline,40000,84,83,83,0.17043308628896023
lung,baseline,40000,84,83,83,0.1915252159067461
lung,baseline,40000,84,83,83,0.31421801056658477
lung,baseline,40000,84,78,78,0.19319730921204092
lung,baseline,40000,84,82,82,0.3003384586220444
lung,baseline,40000,84,79,79,0.2866249707018491
lung,baseline,40000,84,78,78,0.24351960044547616
lung,baseline,40000,84,77,77,0.2467471473456815
lung,baseline,40000,84,74,74,0.28174449587215267
lung,baseline,40000,84,77,77,0.20205457866575194
lung,baseline,40000,84,76,76,0.1920224217671519
lung,baseline,40000,84,28,28,0.3089608269805241
lung,baseline,40000,84,83,83,0.016506757643187632
lung,baseline,40000,84,83,83,0.029552113977079023
lung,baseline,40000,84,83,83,0.03770639353117883
lung,baseline,40000,84,83,83,0.08836527110075311
lung,baseline,40000,84,83,83,0.043360080764286116
lung,baseline,40000,84,83,83,0.01824109076073964
lung,baseline,40000,84,83,83,0.07941478311720658
lung,baseline,40000,84,81,81,0.049075189962884576
lung,baseline,40000,84,80,80,0.07891239906862405
lung,baseline,40000,84,80,80,0.04107118090943075
lung,baseline,40000,84,83,83,0.2351083416117944
lung,baseline,40000,84,83,83,0.265735000353981
lung,baseline,40000,84,81,81,0.11706697370412002
lung,baseline,40000,84,78,78,0.17144971427358352
lung,baseline,40000,84,83,83,0.30216692413856727
lung,baseline,40000,84,79,79,0.2988396675671401
lung,baseline,40000,84,78,78,0.2607980677248278
lung,baseline,40000,84,82,82,0.010420757636006549
lung,baseline,40000,84,80,80,0.024777560051454244
lung,baseline,40000,84,79,79,0.1316981997131354
lung,baseline,40000,84,78,78,0.12560104700357666
lung,baseline,40000,84,57,57,0.07414730678496269
lung,baseline,40000,84,82,82,0.31459435811904696
lung,baseline,40000,84,78,78,0.24840421172097238
lung,baseline,40000,84,78,78,0.22889177685866507
lung,baseline,40000,84,74,74,0.2885022374661809
lung,baseline,40000,84,34,34,0.06056370574489417
lung,baseline,40000,84,83,83,0.07089134062965899
lung,baseline,40000,84,83,83,0.08724835044793977
lung,baseline,40000,84,83,83,0.21547752950846197
lung,baseline,40000,84,83,83,0.26795930558010034
lung,baseline,40000,84,83,83,0.07841343812444931
lung,baseline,40000,84,83,83,0.005487909391473753
lung,baseline,40000,84,82,82,0.11481945441004959
lung,baseline,40000,84,79,79,0.1807188647432481
lung,baseline,40000,84,78,78,0.2610974059832405
lung,baseline,40000,84,78,78,0.2734714906059598
lung,baseline,40000,84,77,77,0.2795728741254718
lung,baseline,40000,84,76,76,0.25696891676914785
lung,baseline,40000,84,73,73,0.2860946315841472
lung,baseline,40000,84,72,72,0.27016252258297413
lung,baseline,40000,84,63,63,0.24530285905427662
lung,baseline,40000,84,83,83,0.13718310943265788
lung,baseline,40000,84,77,77,0.14712019733410867
lung,baseline,40000,84,72,72,0.19833660865809685
lung,baseline,40000,84,79,79,0.10501665887471749
lung,baseline,40000,84,19,19,0.2760017639944648
lung,baseline,40000,84,78,78,0.19480487784858025
lung,baseline,40000,84,77,77,0.27536116999353694
lung,baseline,40000,84,83,83,0.15390432377690033
lung,baseline,40000,84,80,80,0.09728066318163733
lung,baseline,40000,84,78,78,0.12843620817148152
lung,baseline,40000,84,76,76,0.12010254548880638
lung,baseline,40000,84,75,75,0.1302110790629473
lung,baseline,40000,84,66,66,0.19575898711513626
lung,baseline,40000,84,28,28,0.3887420683754193
lung,baseline,40000,84,82,82,0.27231899040078944
lung,baseline,40000,84,81,81,0.23429396256201504
lung,baseline,40000,84,80,80,0.07407528444420237
lung,baseline,40000,84,76,76,0.1601074487353535
lung,baseline,40000,84,76,76,0.2415860934101896
lung,baseline,40000,84,76,76,0.13800755746215138
lung,baseline,40000,84,76,76,0.23480218041751708
lung,baseline,40000,84,83,83,0.2524792533403861
lung,baseline,40000,84,83,83,0.27925484160927533
lung,baseline,40000,84,83,83,0.22857526648636123
lung,baseline,40000,84,83,83,0.05157179302003985
lung,baseline,40000,84,83,83,0.037565520673278494
lung,baseline,40000,84,79,79,0.1725388872674674
lung,baseline,40000,84,19,19,0.4890948762366371
lung,baseline,40000,84,83,83,0.2050175774199399
lung,baseline,40000,84,79,79,0.14941185252769904
lung,baseline,40000,84,77,77,0.16405799054187362
lung,baseline,40000,84,83,83,0.006730647131879414
lung,baseline,40000,84,83,83,0.13381526422983156
lung,baseline,40000,84,83,83,0.061058816304659556
lung,baseline,40000,84,80,80,0.0785580494407589
lung,baseline,40000,84,79,79,0.14883607223229128
lung,baseline,40000,84,78,78,0.038979554051667066
lung,baseline,40000,84,78,78,0.14436073461502094
lung,baseline,40000,84,83,83,0.05192271684033012
lung,baseline,40000,84,83,83,0.18764082680417823
lung,baseline,40000,84,83,83,0.08087966085830359
lung,baseline,40000,84,83,83,0.1549012973323469
lung,baseline,40000,84,81,81,0.003352977705520406
lung,baseline,40000,84,81,81,0.035673467117651694
lung,baseline,40000,84,79,79,0.10949995750478254
lung,baseline,40000,84,83,83,0.007955167949067327
lung,baseline,40000,84,83,83,0.05065553376107352
lung,baseline,40000,84,83,83,0.05219759181188884
lung,baseline,40000,84,83,83,0.01769729659570045
lung,baseline,40000,84,81,81,0.024709986574034892
lung,baseline,40000,84,80,80,0.02175440856217515
lung,baseline,40000,84,80,80,0.05495539873416459
lung,baseline,40000,84,80,80,0.06591624605653137
lung,baseline,40000,84,79,79,0.073579821596915
lung,baseline,40000,84,77,77,0.04634456077344469
lung,baseline,40000,84,27,27,0.3461332731613811
lung,baseline,40000,84,83,83,0.19754987292172535
lung,baseline,40000,84,82,82,0.011970978035297081
lung,baseline,40000,84,79,79,0.14392929145444047
lung,baseline,40000,84,78,78,0.15886613472545832
lung,baseline,40000,84,83,83,0.24865291105672088
lung,baseline,40000,84,65,65,0.22784005001947968
lung,baseline,40000,84,83,83,0.07880207878933528
lung,baseline,40000,84,73,73,0.1430896460257443
lung,baseline,40000,84,73,73,0.21414808918622788
lung,baseline,40000,84,73,73,0.14465245835441434
lung,baseline,40000,84,64,64,0.2248767634002311
lung,baseline,40000,84,64,64,0.1582608695360158
lung,baseline,40000,84,64,64,0.15780191432828994
lung,baseline,40000,84,74,74,0.27654348656720007
lung,baseline,40000,84,74,74,0.2786878657382351
lung,baseline,40000,84,53,53,0.31847830028634244
lung,baseline,40000,84,28,28,0.41251385140759894
lung,baseline,40000,84,34,34,0.0607477115480398
lung,baseline,40000,84,83,83,0.010997614713058813
lung,baseline,40000,84,83,83,0.15305031028235044
lung,baseline,40000,84,83,83,0.08976676286675692
lung,baseline,40000,84,83,83,0.07537288709731993
lung,baseline,40000,84,83,83,0.21926161060809432
lung,baseline,40000,84,81,81,0.04131790195311492
lung,baseline,40000,84,81,81,0.0032824772414006003
lung,baseline,40000,84,83,83,0.2540495539387797
lung,baseline,40000,84,83,83,0.10513142366747681
lung,baseline,40000,84,83,83,0.2574324168399683
lung,baseline,40000,84,83,83,0.017667343598992396
lung,baseline,40000,84,78,78,0.15323299268389654
lung,baseline,40000,84,82,82,0.07718076415724132
lung,baseline,40000,84,79,79,0.01710227417914114
lung,baseline,40000,84,83,83,0.11038266514786098
lung,baseline,40000,84,83,83,0.01731528213066532
lung,baseline,40000,84,83,83,0.02390123340809494
lung,baseline,40000,84,83,83,0.26695758843935297
lung,baseline,40000,84,83,83,0.10350704093719575
lung,baseline,40000,84,83,83,0.013245696017611313
lung,baseline,40000,84,83,83,0.14322006216477215
lung,baseline,40000,84,81,81,0.03278910395400726
lung,baseline,40000,84,81,81,0.15559163284162406
lung,baseline,40000,84,34,34,0.22616189700210512
lung,baseline,40000,84,83,83,0.26297498293254074
lung,baseline,40000,84,83,83,0.12744928292878502
lung,baseline,40000,84,78,78,0.18786975960576632
lung,baseline,40000,84,74,74,0.03192832479343413
lung,baseline,40000,84,83,83,0.26675941585621665
lung,baseline,40000,84,83,83,0.1662824096381618
lung,baseline,40000,84,78,78,0.12419765367006765
lung,baseline,40000,84,78,78,0.11865537138749642
lung,baseline,40000,84,57,57,0.06376841322892098
lung,baseline,40000,84,83,83,0.2648152682761183
lung,baseline,40000,84,77,77,0.23149950212438233
lung,baseline,40000,84,75,75,0.29454839396860166
lung,baseline,40000,84,81,81,0.2615680167207893
lung,baseline,40000,84,79,79,0.26877263434838855
lung,baseline,40000,84,77,77,0.23840414851036607
lung,baseline,40000,84,69,69,0.28264699386553754
lung,baseline,40000,84,83,83,0.019432458427770576
lung,baseline,40000,84,79,79,0.1359375364156989
lung,baseline,40000,84,79,79,0.30867302429321614
lung,baseline,40000,84,53,53,0.349240645808279
lung,baseline,40000,84,83,83,0.12612786830724243
lung,baseline,40000,84,83,83,0.25179903894792993
lung,baseline,40000,84,83,83,0.03869514602058275
lung,baseline,40000,84,83,83,0.24003026498828203
lung,baseline,40000,84,81,81,0.02815034793097305
lung,baseline,40000,84,83,83,0.04630735293645801
lung,baseline,40000,84,83,83,0.08650580371277751
lung,baseline,40000,84,79,79,0.10103621175367693
lung,baseline,40000,84,82,82,0.281531258291255
lung,baseline,40000,84,80,80,0.15017656299343446
lung,baseline,40000,84,80,80,0.046163247253877694
lung,baseline,40000,84,78,78,0.2418259468229205
lung,baseline,40000,84,83,83,0.013322733181083334
lung,baseline,40000,84,80,80,0.07118995608618746
lung,baseline,40000,84,83,83,0.15001988114664055
lung,baseline,40000,84,83,83,0.05605852646832301
lung,baseline,40000,84,76,76,0.028405972716709017
lung,baseline,40000,84,76,76,0.13199249174243252
lung,baseline,40000,84,70,70,0.1350047825940283
lung,baseline,40000,84,82,82,0.03483271685397911
lung,baseline,40000,84,80,80,0.06984417527461509
lung,baseline,40000,84,78,78,0.12258491384575428
lung,baseline,40000,84,83,83,0.2769354918900631
lung,baseline,40000,84,83,83,0.23998604288859363
lung,baseline,40000,84,80,80,0.13570185379904676
lung,baseline,40000,84,79,79,0.21637070599267946
lung,baseline,40000,84,78,78,0.15944455680924907
lung,baseline,40000,84,78,78,0.0232693516578687
lung,baseline,40000,84,77,77,0.2162514404706945
lung,baseline,40000,84,76,76,0.14302717613705204
lung,baseline,40000,84,75,75,0.1895842261068569
lung,baseline,40000,84,57,57,0.2318192206619836
lung,baseline,40000,84,83,83,0.11357888062976704
lung,baseline,40000,84,37,37,0.24241619552230928
lung,baseline,40000,84,35,35,0.2214790329394231
lung,baseline,40000,84,34,34,0.22388464783449374
lung,baseline,40000,84,28,28,0.3569727214095341
lung,baseline,40000,84,83,83,0.21498216110023072
lung,baseline,40000,84,83,83,0.1846487872772479
lung,baseline,40000,84,83,83,0.2845719490724284
lung,baseline,40000,84,78,78,0.10819250142206253
lung,baseline,40000,84,83,83,0.18140755806405268
lung,baseline,40000,84,82,82,0.01031483530811572
lung,baseline,40000,84,75,75,0.1436188756407546
lung,baseline,40000,84,72,72,0.1620133094596993
lung,baseline,40000,84,77,77,0.21483575614352607
lung,baseline,40000,84,77,77,0.16942234420507998
lung,baseline,40000,84,74,74,0.17451080671776292
lung,baseline,40000,84,72,72,0.20313516768275008
lung,baseline,40000,84,69,69,0.22197304623908476
lung,baseline,40000,84,83,83,0.006948672750044101
lung,baseline,40000,84,82,82,0.01685976116198111
lung,baseline,40000,84,82,82,0.02914168579159442
lung,baseline,40000,84,78,78,0.015731107280899957
lung,baseline,40000,84,83,83,0.14166091621654023
lung,baseline,40000,84,80,80,0.02324400156889462
lung,baseline,40000,84,80,80,0.08288571161057397
lung,baseline,40000,84,79,79,0.10409340733596092
lung,baseline,40000,84,34,34,0.16001882342617507
lung,baseline,40000,84,82,82,0.016459413156746518
lung,baseline,40000,84,80,80,0.07184230305877046
lung,baseline,40000,84,78,78,0.12590953541881744
lung,baseline,40000,84,83,83,0.29011671569038894
lung,baseline,40000,84,83,83,0.2508101807307127
lung,baseline,40000,84,83,83,0.0915584184308851
lung,baseline,40000,84,81,81,0.052312103937160626
lung,baseline,40000,84,80,80,0.045037236950343604
lung,baseline,40000,84,78,78,0.19279098116749643
lung,baseline,40000,84,77,77,0.019875740876522257
lung,baseline,40000,84,37,37,0.09677810831652005
lung,baseline,40000,84,34,34,0.20165561740585594
lung,baseline,40000,84,34,34,0.15979463146769127
lung,baseline,40000,84,77,77,0.2546614001639907
lung,baseline,40000,84,28,28,0.25871317176348907
lung,baseline,40000,84,83,83,0.14447016456840336
lung,baseline,40000,84,79,79,0.1252547708680515
lung,baseline,40000,84,78,78,0.15004741714762457
lung,baseline,40000,84,78,78,0.13663076520900902
lung,baseline,40000,84,76,76,0.12814855082161197
lung,baseline,40000,84,75,75,0.1295779051222488
lung,baseline,40000,84,73,73,0.19123579675654065
lung,baseline,40000,84,63,63,0.15237480473761927
lung,baseline,40000,84,83,83,0.10189174569775428
lung,baseline,40000,84,83,83,0.20646526025657833
lung,baseline,40000,84,83,83,0.0047730340849158484
lung,baseline,40000,84,78,78,0.14881567265817686
lung,baseline,40000,84,83,83,0.1736524825909298
lung,baseline,40000,84,83,83,0.24387610520288217
lung,baseline,40000,84,82,82,0.025004617967598664
lung,baseline,40000,84,79,79,0.11412601541259752
lung,baseline,40000,85,80,80,0.10947069853483471
lung,baseline,40000,85,78,78,0.14615164106986686
lung,baseline,40000,85,73,73,0.03201752415160552
lung,baseline,40000,85,83,83,0.277236707021105
lung,baseline,40000,85,80,80,0.29355479773671334
lung,baseline,40000,85,82,82,0.20930331442912914
lung,baseline,40000,85,79,79,0.22657921003684534
lung,baseline,40000,85,72,72,0.22759263440172794
lung,baseline,40000,85,69,69,0.22885978657342554
lung,baseline,40000,85,66,66,0.2062780327407031
lung,baseline,40000,85,49,49,0.24231357444950266
lung,baseline,40000,85,44,44,0.23928277286235683
lung,baseline,40000,85,84,84,0.2872027679119932
lung,baseline,40000,85,84,84,0.07838639824011515
lung,baseline,40000,85,84,84,0.2529378946579688
lung,baseline,40000,85,80,80,0.24458772851272198
lung,baseline,40000,85,84,84,0.10470857378856314
lung,baseline,40000,85,80,80,0.13590304716292026
lung,baseline,40000,85,84,84,0.1944351884112187
lung,baseline,40000,85,80,80,0.23065917498797459
lung,baseline,40000,85,79,79,0.28854582123820033
lung,baseline,40000,85,84,84,0.07677653569617665
lung,baseline,40000,85,84,84,0.23387673891564892
lung,baseline,40000,85,81,81,0.1042741252324832
lung,baseline,40000,85,80,80,0.17797787542471707
lung,baseline,40000,85,84,84,0.2977289907065958
lung,baseline,40000,85,80,80,0.1748135908759036
lung,baseline,40000,85,83,83,0.27779337998796594
lung,baseline,40000,85,79,79,0.22107404155050706
lung,baseline,40000,85,78,78,0.22638345542792307
lung,baseline,40000,85,78,78,0.24468619352129778
lung,baseline,40000,85,78,78,0.2447749715690709
lung,baseline,40000,85,84,84,0.020057161654481594
lung,baseline,40000,85,84,84,0.18362717261427525
lung,baseline,40000,85,80,80,0.168566355765651
lung,baseline,40000,85,78,78,0.1128940270617839
lung,baseline,40000,85,84,84,0.16355894709959623
lung,baseline,40000,85,84,84,0.2695847588621077
lung,baseline,40000,85,84,84,0.1626618582128731
lung,baseline,40000,85,83,83,0.2372201056955848
lung,baseline,40000,85,82,82,0.00521665887561908
lung,baseline,40000,85,80,80,0.22591320629905617
lung,baseline,40000,85,66,66,0.1734274940394038
lung,baseline,40000,85,53,53,0.2594524413988223
lung,baseline,40000,85,19,19,0.41758832581404554
lung,baseline,40000,85,84,84,0.23641714557551646
lung,baseline,40000,85,81,81,0.17276937900728034
lung,baseline,40000,85,80,80,0.1916762348969392
lung,baseline,40000,85,84,84,0.0039045972157817667
lung,baseline,40000,85,80,80,0.19381685312772534
lung,baseline,40000,85,80,80,0.09785353597026629
lung,baseline,40000,85,78,78,0.21634926182785824
lung,baseline,40000,85,78,78,0.14766067361567112
lung,baseline,40000,85,78,78,0.21885201376171848
lung,baseline,40000,85,75,75,0.17398754343498746
lung,baseline,40000,85,72,72,0.22642762321594226
lung,baseline,40000,85,68,68,0.21894815902114595
lung,baseline,40000,85,84,84,0.1856093611233114
lung,baseline,40000,85,80,80,0.1115385062630085
lung,baseline,40000,85,84,84,0.25685011145910003
lung,baseline,40000,85,83,83,0.19953056068395353
lung,baseline,40000,85,83,83,0.23924876723955085
lung,baseline,40000,85,83,83,0.26138908491290774
lung,baseline,40000,85,78,78,0.2278094499170134
lung,baseline,40000,85,78,78,0.2368919077834643
lung,baseline,40000,85,84,84,0.2754450436811639
lung,baseline,40000,85,84,84,0.21777301111809105
lung,baseline,40000,85,80,80,0.19852709706623478
lung,baseline,40000,85,79,79,0.22248801938708515
lung,baseline,40000,85,34,34,0.132031896857011
lung,baseline,40000,85,84,84,0.12113495505515404
lung,baseline,40000,85,84,84,0.14483278240420172
lung,baseline,40000,85,78,78,0.15335655930682096
lung,baseline,40000,85,84,84,0.18844072691624122
lung,baseline,40000,85,84,84,0.12044677499817803
lung,baseline,40000,85,84,84,0.17029302820599942
lung,baseline,40000,85,84,84,0.18790935349230237
lung,baseline,40000,85,82,82,0.03024578689154428
lung,baseline,40000,85,80,80,0.13045070259123256
lung,baseline,40000,85,80,80,0.10023745554706802
lung,baseline,40000,85,80,80,0.278913056977074
lung,baseline,40000,85,57,57,0.3452571346676013
lung,baseline,40000,85,28,28,0.41677576185037163
lung,baseline,40000,85,82,82,0.01929475537491478
lung,baseline,40000,85,79,79,0.13264235697436458
lung,baseline,40000,85,78,78,0.16623076004707055
lung,baseline,40000,85,77,77,0.14279767105898541
lung,baseline,40000,85,84,84,0.20580516875112762
lung,baseline,40000,85,84,84,0.30971624067055226
lung,baseline,40000,85,84,84,0.12252353945318745
lung,baseline,40000,85,78,78,0.24900605950024193
lung,baseline,40000,85,84,84,0.18961843851768154
lung,baseline,40000,85,80,80,0.13656976309343377
lung,baseline,40000,85,80,80,0.14594627678149222
lung,baseline,40000,85,80,80,0.09977704459886971
lung,baseline,40000,85,79,79,0.13913544795371866
lung,baseline,40000,85,84,84,0.1716100446582122
lung,baseline,40000,85,84,84,0.20951766890215454
lung,baseline,40000,85,83,83,0.036597518733929704
lung,baseline,40000,85,80,80,0.07165662858084623
lung,baseline,40000,85,80,80,0.08463299454161059
lung,baseline,40000,85,80,80,0.1750788597588783
lung,baseline,40000,85,79,79,0.1056858061944373
lung,baseline,40000,85,79,79,0.17126698824025008
lung,baseline,40000,85,84,84,0.013555050676502459
lung,baseline,40000,85,83,83,0.18003153883763476
lung,baseline,40000,85,80,80,0.19697614206396516
lung,baseline,40000,85,75,75,0.1674112061509421
lung,baseline,40000,85,75,75,0.19829062257146926
lung,baseline,40000,85,84,84,0.2956656229900698
lung,baseline,40000,85,83,83,0.19616430049991807
lung,baseline,40000,85,83,83,0.04637274570038227
lung,baseline,40000,85,83,83,0.247923534341958
lung,baseline,40000,85,83,83,0.21513851365764958
lung,baseline,40000,85,82,82,0.0922131875075826
lung,baseline,40000,85,79,79,0.08099959658632566
lung,baseline,40000,85,72,72,0.14384642019885566
lung,baseline,40000,85,69,69,0.14087049252096587
lung,baseline,40000,85,52,52,0.18497175168271512
lung,baseline,40000,85,44,44,0.18994827112593118
lung,baseline,40000,85,35,35,0.2100084765005021
lung,baseline,40000,85,84,84,0.10855095910867779
lung,baseline,40000,85,82,82,0.06442153368376108
lung,baseline,40000,85,84,84,0.05913778126869806
lung,baseline,40000,85,84,84,0.27722517053505247
lung,baseline,40000,85,84,84,0.22722466500501085
lung,baseline,40000,85,84,84,0.18439531839928222
lung,baseline,40000,85,84,84,0.011875074475278944
lung,baseline,40000,85,84,84,0.031219109559331805
lung,baseline,40000,85,84,84,0.06532861142445096
lung,baseline,40000,85,84,84,0.04981164135717855
lung,baseline,40000,85,82,82,0.05345593108505087
lung,baseline,40000,85,84,84,0.054940781696572585
lung,baseline,40000,85,84,84,0.0937753681753133
lung,baseline,40000,85,79,79,0.1296022391834418
lung,baseline,40000,85,80,80,0.2761207148862782
lung,baseline,40000,85,80,80,0.24466670177409675
lung,baseline,40000,85,79,79,0.23408027925964733
lung,baseline,40000,85,75,75,0.25552412984716055
lung,baseline,40000,85,72,72,0.3036762835602616
lung,baseline,40000,85,71,71,0.26982424091855073
lung,baseline,40000,85,68,68,0.32206078645218084
lung,baseline,40000,85,84,84,0.024806589356789092
lung,baseline,40000,85,84,84,0.18632225159719695
lung,baseline,40000,85,83,83,0.02176916217671951
lung,baseline,40000,85,81,81,0.1167786883116145
lung,baseline,40000,85,79,79,0.11958870544740313
lung,baseline,40000,85,84,84,0.2693720728592847
lung,baseline,40000,85,84,84,0.15827982200332172
lung,baseline,40000,85,84,84,0.01624549379393769
lung,baseline,40000,85,84,84,0.17136597621328037
lung,baseline,40000,85,83,83,0.04586164759918877
lung,baseline,40000,85,81,81,0.06722449200432765
lung,baseline,40000,85,79,79,0.25912167444378725
lung,baseline,40000,85,57,57,0.21378940181378323
lung,baseline,40000,85,57,57,0.16906079214085576
lung,baseline,40000,85,54,54,0.22692495604751747
lung,baseline,40000,85,53,53,0.18864506203635875
lung,baseline,40000,85,84,84,0.32153500464376444
lung,baseline,40000,85,84,84,0.20248183033406222
lung,baseline,40000,85,72,72,0.06783478013575331
lung,baseline,40000,85,67,67,0.14610663930982873
lung,baseline,40000,85,83,83,0.2727290285104334
lung,baseline,40000,85,79,79,0.16655458572853651
lung,baseline,40000,85,77,77,0.17257489657169497
lung,baseline,40000,85,84,84,0.3093161438855331
lung,baseline,40000,85,80,80,0.2205857757681767
lung,baseline,40000,85,84,84,0.25688701189011154
lung,baseline,40000,85,84,84,0.07489381199088496
lung,baseline,40000,85,84,84,0.08049542441994215
lung,baseline,40000,85,84,84,0.17759991726053045
lung,baseline,40000,85,84,84,0.08060238444871697
lung,baseline,40000,85,83,83,0.10356061553243201
lung,baseline,40000,85,83,83,0.010051151187797546
lung,baseline,40000,85,82,82,0.041262354632633454
lung,baseline,40000,85,84,84,0.05636347987794615
lung,baseline,40000,85,84,84,0.019054144695798362
lung,baseline,40000,85,82,82,0.019306545275824028
lung,baseline,40000,85,82,82,0.0778740169375952
lung,baseline,40000,85,80,80,0.10196705011363302
lung,baseline,40000,85,79,79,0.02927965670592431
lung,baseline,40000,85,79,79,0.1281180247897297
lung,baseline,40000,85,84,84,0.09929679748173965
lung,baseline,40000,85,84,84,0.1991633867731325
lung,baseline,40000,85,84,84,0.20641460560117694
lung,baseline,40000,85,84,84,0.026853008953498292
lung,baseline,40000,85,79,79,0.0937144597054806
lung,baseline,40000,85,84,84,0.1885788987076326
lung,baseline,40000,85,84,84,0.0887553993028769
lung,baseline,40000,85,81,81,0.10691896916760633
lung,baseline,40000,85,61,61,0.13248574134491056
lung,baseline,40000,85,84,84,0.01566258908636021
lung,baseline,40000,85,84,84,0.09922896388556476
lung,baseline,40000,85,83,83,0.04650274010924731
lung,baseline,40000,85,83,83,0.01850778308066921
lung,baseline,40000,85,75,75,0.031136854243628057
lung,baseline,40000,85,83,83,0.03563900083318814
lung,baseline,40000,85,83,83,0.23559942313777094
lung,baseline,40000,85,83,83,0.20683132911895763
lung,baseline,40000,85,80,80,0.26613739661317687
lung,baseline,40000,85,75,75,0.2605518535424098
lung,baseline,40000,85,65,65,0.1306747160041905
lung,baseline,40000,85,64,64,0.20745823478363837
lung,baseline,40000,85,57,57,0.2225329573894477
lung,baseline,40000,85,51,51,0.1103216055146386
lung,baseline,40000,85,28,28,0.38246317655462575
lung,baseline,40000,85,84,84,0.12144677741395483
lung,baseline,40000,85,83,83,0.01161557454431874
lung,baseline,40000,85,81,81,0.019695474917859692
lung,baseline,40000,85,81,81,0.12783105699174663
lung,baseline,40000,85,84,84,0.08775987982147142
lung,baseline,40000,85,84,84,0.010205406234125405
lung,baseline,40000,85,84,84,0.05749420782704743
lung,baseline,40000,85,81,81,0.027501835491807233
lung,baseline,40000,85,79,79,0.1335739214304716
lung,baseline,40000,85,84,84,0.021091578070821126
lung,baseline,40000,85,84,84,0.013642097118796588
lung,baseline,40000,85,84,84,0.015841257500955996
lung,baseline,40000,85,84,84,0.06401212359219317
lung,baseline,40000,85,84,84,0.09281944447241447
lung,baseline,40000,85,84,84,0.004881843176160496
lung,baseline,40000,85,84,84,0.019506621529298822
lung,baseline,40000,85,84,84,0.005188446577813466
lung,baseline,40000,85,83,83,0.017977460868260686
lung,baseline,40000,85,83,83,0.015506767690195123
lung,baseline,40000,85,83,83,0.018332891315697618
lung,baseline,40000,85,83,83,0.0307864875783471
lung,baseline,40000,85,82,82,0.018864143229893472
lung,baseline,40000,85,82,82,0.045702399349424466
lung,baseline,40000,85,82,82,0.03193034536975177
lung,baseline,40000,85,81,81,0.017106763804792674
lung,baseline,40000,85,81,81,0.06901810205557142
lung,baseline,40000,85,81,81,0.021754803130651732
lung,baseline,40000,85,84,84,0.2664117402421474
lung,baseline,40000,85,84,84,0.0881924691441337
lung,baseline,40000,85,84,84,0.052147010189292686
lung,baseline,40000,85,80,80,0.26298758493569474
lung,baseline,40000,85,84,84,0.2833700387085922
lung,baseline,40000,85,80,80,0.24536971700340718
lung,baseline,40000,85,75,75,0.23349621218098998
lung,baseline,40000,85,84,84,0.10160894541536138
lung,baseline,40000,85,78,78,0.1581581209452645
lung,baseline,40000,85,65,65,0.12709361303310496
lung,baseline,40000,85,64,64,0.19583199779688215
lung,baseline,40000,85,57,57,0.2148514343599678
lung,baseline,40000,85,51,51,0.10656758243881471
lung,baseline,40000,85,19,19,0.5212154103628329
lung,baseline,40000,85,84,84,0.008232396033098518
lung,baseline,40000,85,84,84,0.14389344933931053
lung,baseline,40000,85,84,84,0.09413263328882293
lung,baseline,40000,85,83,83,0.0075751554969886595
lung,baseline,40000,85,83,83,0.01628149403727816
lung,baseline,40000,85,81,81,0.11378269698146402
lung,baseline,40000,85,78,78,0.027112109461982524
lung,baseline,40000,85,83,83,0.05940045667124999
lung,baseline,40000,85,83,83,0.08350743847670461
lung,baseline,40000,85,79,79,0.1291697453546568
lung,baseline,40000,85,78,78,0.06801706098368919
lung,baseline,40000,85,57,57,0.0937013791734413
lung,baseline,40000,85,82,82,0.009626958177262427
lung,baseline,40000,85,84,84,0.15320089503410456
lung,baseline,40000,85,84,84,0.09915079420595484
lung,baseline,40000,85,81,81,0.13011797489965565
lung,baseline,40000,85,81,81,0.03328932636400275
lung,baseline,40000,85,84,84,0.015423841932341345
lung,baseline,40000,85,84,84,0.07772027962053234
lung,baseline,40000,85,84,84,0.049425020981401634
lung,baseline,40000,85,84,84,0.06845405625052084
lung,baseline,40000,85,84,84,0.058779370546810115
lung,baseline,40000,85,82,82,0.03820534203099622
lung,baseline,40000,85,82,82,0.05359466765998306
lung,baseline,40000,85,82,82,0.04700555833586729
lung,baseline,40000,85,82,82,0.051019111004550206
lung,baseline,40000,85,82,82,0.062456745591200985
lung,baseline,40000,85,81,81,0.060018596900186794
lung,baseline,40000,85,80,80,0.07146025063468038
lung,baseline,40000,85,80,80,0.05085867163970646
lung,baseline,40000,85,78,78,0.060955484639511254
lung,baseline,40000,85,79,79,0.20820403534833626
lung,baseline,40000,85,58,58,0.20656933873499062
lung,baseline,40000,85,84,84,0.12782703798244835
lung,baseline,40000,85,78,78,0.16922586030989362
lung,baseline,40000,85,76,76,0.15195589418085453
lung,baseline,40000,85,76,76,0.15282102383910046
lung,baseline,40000,85,34,34,0.159889401956427
lung,baseline,40000,85,83,83,0.3268676904941181
lung,baseline,40000,85,80,80,0.2402959401802931
lung,baseline,40000,85,80,80,0.21228723119619586
lung,baseline,40000,85,79,79,0.2918349246824842
lung,baseline,40000,85,79,79,0.2654969274221436
lung,baseline,40000,85,77,77,0.17776628002920478
lung,baseline,40000,85,76,76,0.16733417608276788
lung,baseline,40000,85,75,75,0.13517600390624976
lung,baseline,40000,85,74,74,0.16910063974621992
lung,baseline,40000,85,72,72,0.1732146855694915
lung,baseline,40000,85,54,54,0.19208311678987205
lung,baseline,40000,85,84,84,0.052985033673110284
lung,baseline,40000,85,84,84,0.10328156450101336
lung,baseline,40000,85,80,80,0.11231044535529704
lung,baseline,40000,85,82,82,0.2281203309790097
lung,baseline,40000,85,80,80,0.2530900710076627
lung,baseline,40000,85,79,79,0.24705237728512508
lung,baseline,40000,85,79,79,0.22002861389183953
lung,baseline,40000,85,79,79,0.24290968192149853
lung,baseline,40000,85,78,78,0.26348421780602443
lung,baseline,40000,85,78,78,0.28853608207315473
lung,baseline,40000,85,75,75,0.17183951151277066
lung,baseline,40000,85,74,74,0.27720708116144793
lung,baseline,40000,85,73,73,0.2646424973731492
lung,baseline,40000,85,79,79,0.024054222034126577
lung,baseline,40000,85,79,79,0.1291361587866936
lung,baseline,40000,85,76,76,0.03398870856735334
lung,baseline,40000,85,84,84,0.20585476633223052
lung,baseline,40000,85,82,82,0.10687099108021061
lung,baseline,40000,85,80,80,0.13016434313638373
lung,baseline,40000,85,79,79,0.21705194824794946
lung,baseline,40000,85,78,78,0.18908551222352374
lung,baseline,40000,85,78,78,0.23024585354198285
lung,baseline,40000,85,76,76,0.19689751074454323
lung,baseline,40000,85,72,72,0.2578427316337763
lung,baseline,40000,85,80,80,0.10393405883764481
lung,baseline,40000,85,79,79,0.12723316446319494
lung,baseline,40000,85,79,79,0.02419134249393509
lung,baseline,40000,85,76,76,0.030345929160121108
lung,baseline,40000,85,83,83,0.203989198315861
lung,baseline,40000,85,80,80,0.13664312035598516
lung,baseline,40000,85,80,80,0.10522976638841655
lung,baseline,40000,85,80,80,0.10612136469994382
lung,baseline,40000,85,80,80,0.2102221670939354
lung,baseline,40000,85,84,84,0.20490391159857474
lung,baseline,40000,85,84,84,0.10804650052308301
lung,baseline,40000,85,79,79,0.14761530641838425
lung,baseline,40000,85,83,83,0.26492687594575
lung,baseline,40000,85,78,78,0.24646882477739362
lung,baseline,40000,85,75,75,0.2496488411948585
lung,baseline,40000,85,74,74,0.2556286428942018
lung,baseline,40000,85,71,71,0.25120202586388457
lung,baseline,40000,85,84,84,0.21382668485742654
lung,baseline,40000,85,81,81,0.08417696607949053
lung,baseline,40000,85,80,80,0.03101592941498762
lung,baseline,40000,85,80,80,0.12450009073682784
lung,baseline,40000,85,83,83,0.13575236941248597
lung,baseline,40000,85,77,77,0.06046717881582567
lung,baseline,40000,85,62,62,0.14424502930699556
lung,baseline,40000,85,79,79,0.2122077051856804
lung,baseline,40000,85,72,72,0.1032224596811222
lung,baseline,40000,85,70,70,0.22209472182325932
lung,baseline,40000,85,69,69,0.20040810771121398
lung,baseline,40000,85,68,68,0.1540871318405976
lung,baseline,40000,85,84,84,0.009000470701700571
lung,baseline,40000,85,84,84,0.11741986689079811
lung,baseline,40000,85,84,84,0.01651399791140481
lung,baseline,40000,85,83,83,0.04628645056063223
lung,baseline,40000,85,82,82,0.009814023990708104
lung,baseline,40000,85,37,37,0.2744921468481788
lung,baseline,40000,85,36,36,0.26369462284860457
lung,baseline,40000,85,34,34,0.3141060169451293
lung,baseline,40000,85,84,84,0.11866857150052741
lung,baseline,40000,85,84,84,0.25827967854293976
lung,baseline,40000,85,84,84,0.016076981314382555
lung,baseline,40000,85,80,80,0.20307261410014066
lung,baseline,40000,85,84,84,0.012381113369467803
lung,baseline,40000,85,83,83,0.13011250516926037
lung,baseline,40000,85,80,80,0.13824927670048262
lung,baseline,40000,85,78,78,0.12276255845725409
lung,baseline,40000,85,78,78,0.12192068019471296
lung,baseline,40000,85,75,75,0.1412950850740443
lung,baseline,40000,85,79,79,0.2458641892102243
lung,baseline,40000,85,79,79,0.2684529878163853
lung,baseline,40000,85,75,75,0.23951972443516895
lung,baseline,40000,85,75,75,0.22526274497028742
lung,baseline,40000,85,80,80,0.12801458967709484
lung,baseline,40000,85,43,43,0.15274385441726418
lung,baseline,40000,85,39,39,0.15583760156215345
lung,baseline,40000,85,84,84,0.13335563130399727
lung,baseline,40000,85,84,84,0.2919467311519014
lung,baseline,40000,85,84,84,0.20839744572013946
lung,baseline,40000,85,79,79,0.24994412593658885
lung,baseline,40000,85,79,79,0.24898714117709933
lung,baseline,40000,85,72,72,0.24552937984766368
lung,baseline,40000,85,84,84,0.27924443630350393
lung,baseline,40000,85,78,78,0.09300795315318705
lung,baseline,40000,85,71,71,0.2631417140932123
lung,baseline,40000,85,83,83,0.20002285305321157
lung,baseline,40000,85,72,72,0.05263767112833506
lung,baseline,40000,85,67,67,0.1508622631060872
lung,baseline,40000,85,84,84,0.06157859509779736
lung,baseline,40000,85,84,84,0.13148313716209725
lung,baseline,40000,85,84,84,0.0048677891003037835
lung,baseline,40000,85,80,80,0.15144751968690512
lung,baseline,40000,85,79,79,0.1494776532085072
lung,baseline,40000,85,77,77,0.03287508659416904
lung,baseline,40000,85,74,74,0.09345406029325051
lung,baseline,40000,85,34,34,0.22497185321489158
lung,baseline,40000,85,84,84,0.10829752387700955
lung,baseline,40000,85,79,79,0.13313224175158733
lung,baseline,40000,85,84,84,0.34009079167664985
lung,baseline,40000,85,81,81,0.24759820419448275
lung,baseline,40000,85,80,80,0.20427877852889081
lung,baseline,40000,85,84,84,0.1398622625803557
lung,baseline,40000,85,84,84,0.13157929335319646
lung,baseline,40000,85,81,81,0.13284267708780645
lung,baseline,40000,85,83,83,0.19761930988878926
lung,baseline,40000,85,83,83,0.1584627495739099
lung,baseline,40000,85,83,83,0.19849307249226422
lung,baseline,40000,85,80,80,0.1949276101474768
lung,baseline,40000,85,68,68,0.1649114942801723
lung,baseline,40000,85,64,64,0.15923718817532373
lung,baseline,40000,85,64,64,0.1577708358190503
lung,baseline,40000,85,79,79,0.20379898671677077
lung,baseline,40000,85,66,66,0.17627169158046477
lung,baseline,40000,85,53,53,0.23877586857496266
lung,baseline,40000,85,84,84,0.20268367896732753
lung,baseline,40000,85,84,84,0.012036225760257143
lung,baseline,40000,85,84,84,0.01596698699165961
lung,baseline,40000,85,83,83,0.1280127270443669
lung,baseline,40000,85,80,80,0.14992925403946772
lung,baseline,40000,85,80,80,0.11506331059110927
lung,baseline,40000,85,79,79,0.16007304910585285
lung,baseline,40000,85,75,75,0.28970519703639025
lung,baseline,40000,85,73,73,0.27368754028784004
lung,baseline,40000,85,64,64,0.2791071501026361
lung,baseline,40000,85,84,84,0.08422282492265072
lung,baseline,40000,85,84,84,0.06428377000927549
lung,baseline,40000,85,84,84,0.0760988458043521
lung,baseline,40000,85,34,34,0.24484187042314207
lung,baseline,40000,85,83,83,0.1353196413779688
lung,baseline,40000,85,83,83,0.08668170825893459
lung,baseline,40000,85,83,83,0.13948841398024883
lung,baseline,40000,85,80,80,0.10807237766181921
lung,baseline,40000,85,79,79,0.13204642603521657
lung,baseline,40000,85,76,76,0.03272670341988386
lung,baseline,40000,85,71,71,0.26245463806190283
lung,baseline,40000,85,66,66,0.27873203926350815
lung,baseline,40000,85,62,62,0.3108449667742895
lung,baseline,40000,85,55,55,0.3399996536060028
lung,baseline,40000,85,53,53,0.31518156278843307
lung,baseline,40000,85,35,35,0.27270744895445476
lung,baseline,40000,85,84,84,0.09734134283835778
lung,baseline,40000,85,84,84,0.10733431078035856
lung,baseline,40000,85,80,80,0.14079882274767191
lung,baseline,40000,85,84,84,0.07667596807314589
lung,baseline,40000,85,84,84,0.05896434428681537
lung,baseline,40000,85,84,84,0.09322427305639247
lung,baseline,40000,85,83,83,0.005494159960601776
lung,baseline,40000,85,78,78,0.16526153905196284
lung,baseline,40000,85,72,72,0.16639006457626093
lung,baseline,40000,85,71,71,0.14975878407125195
lung,baseline,40000,85,71,71,0.12923603520986143
lung,baseline,40000,85,84,84,0.2015139663273089
lung,baseline,40000,85,80,80,0.04999354046228064
lung,baseline,40000,85,77,77,0.15423086231267044
lung,baseline,40000,85,74,74,0.1965215658605441
lung,baseline,40000,85,82,82,0.025200225708553937
lung,baseline,40000,85,80,80,0.10508123542803101
lung,baseline,40000,85,79,79,0.1256647534256927
lung,baseline,40000,85,79,79,0.03566512362503667
lung,baseline,40000,85,78,78,0.1200298068383985
lung,baseline,40000,85,76,76,0.03987935135031945
lung,baseline,40000,85,84,84,0.02545863419435565
lung,baseline,40000,85,84,84,0.1618273478747883
lung,baseline,40000,85,84,84,0.059055569347390466
lung,baseline,40000,85,82,82,0.0525430495938452
lung,baseline,40000,85,81,81,0.027162008731863786
lung,baseline,40000,85,81,81,0.0936891066790849
lung,baseline,40000,85,80,80,0.11689541330700526
lung,baseline,40000,85,78,78,0.27525893729513085
lung,baseline,40000,85,76,76,0.3386561611804022
lung,baseline,40000,85,53,53,0.3447772351680226
lung,baseline,40000,85,80,80,0.1953515958425751
lung,baseline,40000,85,68,68,0.16896769009485008
lung,baseline,40000,85,64,64,0.23049510850264548
lung,baseline,40000,85,64,64,0.16848860538157429
lung,baseline,40000,85,59,59,0.2436621806172782
lung,baseline,40000,85,58,58,0.22565672050797866
lung,baseline,40000,85,84,84,0.18863786700148033
lung,baseline,40000,85,81,81,0.029352007338310573
lung,baseline,40000,85,80,80,0.09864679348193833
lung,baseline,40000,85,78,78,0.1028775030802778
lung,baseline,40000,85,84,84,0.11637208650269078
lung,baseline,40000,85,83,83,0.32610680399268455
lung,baseline,40000,85,78,78,0.15604165711329168
lung,baseline,40000,85,77,77,0.22056174405301976
lung,baseline,40000,85,75,75,0.2965005782330278
lung,baseline,40000,85,78,78,0.15446579833046054
lung,baseline,40000,85,77,77,0.2161709641308682
lung,baseline,40000,85,77,77,0.21315637395249443
lung,baseline,40000,85,76,76,0.2059178082209716
lung,baseline,40000,85,43,43,0.2793174045719416
lung,baseline,40000,85,39,39,0.2688162496445748
lung,baseline,40000,85,84,84,0.10182686661554549
lung,baseline,40000,85,84,84,0.006113769138058918
lung,baseline,40000,85,84,84,0.0186790242434207
lung,baseline,40000,85,84,84,0.06368642063666571
lung,baseline,40000,85,80,80,0.10918510194429135
lung,baseline,40000,85,80,80,0.08729979410973092
lung,baseline,40000,85,80,80,0.09821526016201022
lung,baseline,40000,85,78,78,0.13151138934819454
lung,baseline,40000,85,70,70,0.199058806906529
lung,baseline,40000,85,57,57,0.16403940444516626
lung,baseline,40000,85,40,40,0.2207898275003755
lung,baseline,40000,85,62,62,0.0893143272862328
lung,baseline,40000,85,34,34,0.15127072439995456
lung,baseline,40000,85,83,83,0.2572082479986324
lung,baseline,40000,85,80,80,0.25206988469319414
lung,baseline,40000,85,79,79,0.17532942121518388
lung,baseline,40000,85,76,76,0.24741250484756594
lung,baseline,40000,85,66,66,0.2270844822473804
lung,baseline,40000,85,84,84,0.01751518961911753
lung,baseline,40000,85,84,84,0.10608437932000954
lung,baseline,40000,85,80,80,0.1487333126110966
lung,baseline,40000,85,79,79,0.1267162456775493
lung,baseline,40000,85,84,84,0.12428380064168357
lung,baseline,40000,85,79,79,0.24390996462964235
lung,baseline,40000,85,78,78,0.2679924899162633
lung,baseline,40000,85,78,78,0.2876232420820331
lung,baseline,40000,85,75,75,0.24345389651500238
lung,baseline,40000,85,61,61,0.2135963704037102
lung,baseline,40000,85,51,51,0.2027394854251614
lung,baseline,40000,85,83,83,0.03055066822068331
lung,baseline,40000,85,77,77,0.21380449078774866
lung,baseline,40000,85,76,76,0.19463099848082321
lung,baseline,40000,85,80,80,0.10927265352906028
lung,baseline,40000,85,78,78,0.17835136474732205
lung,baseline,40000,85,58,58,0.17621060776741684
lung,baseline,40000,85,84,84,0.18025399635517278
lung,baseline,40000,85,81,81,0.09614401110070102
lung,baseline,40000,85,80,80,0.10952108853414137
lung,baseline,40000,85,82,82,0.15813131008369558
lung,baseline,40000,85,77,77,0.1720758643330262
lung,baseline,40000,85,76,76,0.15761591092939847
lung,baseline,40000,85,74,74,0.18267385597781122
lung,baseline,40000,85,71,71,0.1509251947345287
lung,baseline,40000,85,56,56,0.10738647625538997
lung,baseline,40000,85,84,84,0.06091781251994434
lung,baseline,40000,85,84,84,0.14538344470406686
lung,baseline,40000,85,84,84,0.10450134402501557
lung,baseline,40000,85,84,84,0.1424110758845284
lung,baseline,40000,85,79,79,0.09385255745053571
lung,baseline,40000,85,84,84,0.10240101525245078
lung,baseline,40000,85,84,84,0.025206293785454977
lung,baseline,40000,85,84,84,0.0619897612860823
lung,baseline,40000,85,82,82,0.013074392187512393
lung,baseline,40000,85,81,81,0.02337954796040421
lung,baseline,40000,85,80,80,0.09692758155480968
lung,baseline,40000,85,84,84,0.018615353501700207
lung,baseline,40000,85,84,84,0.07222364231559013
lung,baseline,40000,85,84,84,0.014262710209060194
lung,baseline,40000,85,84,84,0.014881255225768088
lung,baseline,40000,85,84,84,0.10010216627411914
lung,baseline,40000,85,84,84,0.008042084062104746
lung,baseline,40000,85,84,84,0.023483153350466284
lung,baseline,40000,85,84,84,0.009525136800906995
lung,baseline,40000,85,83,83,0.010454826248425872
lung,baseline,40000,85,82,82,0.00858363630763911
lung,baseline,40000,85,82,82,0.025373830895380298
lung,baseline,40000,85,81,81,0.027326388508678818
lung,baseline,40000,85,84,84,0.27277713064660203
lung,baseline,40000,85,80,80,0.17724652840835844
lung,baseline,40000,85,79,79,0.20703158370126276
lung,baseline,40000,85,84,84,0.25682636623866667
lung,baseline,40000,85,84,84,0.23518743901150116
lung,baseline,40000,85,78,78,0.23382226621039218
lung,baseline,40000,85,84,84,0.09582194771295757
lung,baseline,40000,85,84,84,0.23263290044277493
lung,baseline,40000,85,81,81,0.11939764143396892
lung,baseline,40000,85,70,70,0.09364285227489356
lung,baseline,40000,85,80,80,0.12663684314888343
lung,baseline,40000,85,72,72,0.18171037321122185
lung,baseline,40000,86,83,83,0.2618795613783418
lung,baseline,40000,86,83,83,0.26117886710015703
lung,baseline,40000,86,85,85,0.02072795719035891
lung,baseline,40000,86,85,85,0.21557383513742961
lung,baseline,40000,86,81,81,0.15016392551118551
lung,baseline,40000,86,80,80,0.1624603846942511
lung,baseline,40000,86,85,85,0.06336631363879304
lung,baseline,40000,86,85,85,0.13631897457299955
lung,baseline,40000,86,84,84,0.010033052142273144
lung,baseline,40000,86,81,81,0.11281631607901742
lung,baseline,40000,86,79,79,0.15702766867782655
lung,baseline,40000,86,79,79,0.14831758010431417
lung,baseline,40000,86,75,75,0.15419358638893133
lung,baseline,40000,86,85,85,0.314703079570297
lung,baseline,40000,86,41,41,0.17009569955784817
lung,baseline,40000,86,85,85,0.3562060386482144
lung,baseline,40000,86,85,85,0.13054108754010466
lung,baseline,40000,86,81,81,0.20406408576996637
lung,baseline,40000,86,85,85,0.22426535924751334
lung,baseline,40000,86,81,81,0.16481689779825934
lung,baseline,40000,86,85,85,0.2503616123778041
lung,baseline,40000,86,85,85,0.282084622270694
lung,baseline,40000,86,82,82,0.030996422284626693
lung,baseline,40000,86,82,82,0.21281892713744233
lung,baseline,40000,86,81,81,0.18199652960414747
lung,baseline,40000,86,85,85,0.06697813563356284
lung,baseline,40000,86,85,85,0.13098921719700285
lung,baseline,40000,86,81,81,0.150870222207256
lung,baseline,40000,86,80,80,0.14264781139081265
lung,baseline,40000,86,71,71,0.26549430107351507
lung,baseline,40000,86,65,65,0.19446801364873467
lung,baseline,40000,86,64,64,0.2463207806586389
lung,baseline,40000,86,85,85,0.2375481028320296
lung,baseline,40000,86,85,85,0.227056978337969
lung,baseline,40000,86,80,80,0.18916314707597656
lung,baseline,40000,86,83,83,0.15991704999468578
lung,baseline,40000,86,83,83,0.01680406481242994
lung,baseline,40000,86,79,79,0.14396464559985242
lung,baseline,40000,86,76,76,0.16284972545511023
lung,baseline,40000,86,76,76,0.13324242923489385
lung,baseline,40000,86,76,76,0.2074459150901555
lung,baseline,40000,86,73,73,0.06464495420848888
lung,baseline,40000,86,73,73,0.16510124041661492
lung,baseline,40000,86,73,73,0.11940439334094395
lung,baseline,40000,86,64,64,0.05470481870385466
lung,baseline,40000,86,84,84,0.07192817112563205
lung,baseline,40000,86,84,84,0.13132435862059047
lung,baseline,40000,86,83,83,0.16729670806882338
lung,baseline,40000,86,83,83,0.11545317184727637
lung,baseline,40000,86,82,82,0.0636624293516949
lung,baseline,40000,86,82,82,0.009849471010643152
lung,baseline,40000,86,79,79,0.04373707094557336
lung,baseline,40000,86,79,79,0.14472296327561354
lung,baseline,40000,86,78,78,0.20026769157104896
lung,baseline,40000,86,77,77,0.18269663418457036
lung,baseline,40000,86,76,76,0.12766529964675727
lung,baseline,40000,86,76,76,0.16786459179897345
lung,baseline,40000,86,70,70,0.18159595770269826
lung,baseline,40000,86,64,64,0.1665481011352215
lung,baseline,40000,86,85,85,0.10373809995548279
lung,baseline,40000,86,85,85,0.06313270721189794
lung,baseline,40000,86,85,85,0.13235668285499713
lung,baseline,40000,86,82,82,0.014653229723788753
lung,baseline,40000,86,81,81,0.15017267211773042
lung,baseline,40000,86,81,81,0.07258701215798304
lung,baseline,40000,86,75,75,0.23408996989485284
lung,baseline,40000,86,63,63,0.2209465146268588
lung,baseline,40000,86,49,49,0.247885117667945
lung,baseline,40000,86,44,44,0.22515296070423682
lung,baseline,40000,86,40,40,0.24474530544872186
lung,baseline,40000,86,28,28,0.40761961908859673
lung,baseline,40000,86,85,85,0.26592465509621516
lung,baseline,40000,86,80,80,0.2802587116424585
lung,baseline,40000,86,41,41,0.1849557668949349
lung,baseline,40000,86,85,85,0.20354709398533297
lung,baseline,40000,86,85,85,0.008981567494434396
lung,baseline,40000,86,85,85,0.21257966246549365
lung,baseline,40000,86,80,80,0.13841179366768194
lung,baseline,40000,86,79,79,0.11577741282172736
lung,baseline,40000,86,79,79,0.18770344967412056
lung,baseline,40000,86,75,75,0.2553399709610092
lung,baseline,40000,86,85,85,0.19088025253642438
lung,baseline,40000,86,81,81,0.163475099567071
lung,baseline,40000,86,80,80,0.13853209859765953
lung,baseline,40000,86,85,85,0.014454151130222428
lung,baseline,40000,86,85,85,0.011914573856501005
lung,baseline,40000,86,85,85,0.007964245505905066
lung,baseline,40000,86,85,85,0.012574257318127174
lung,baseline,40000,86,85,85,0.08581427248263454
lung,baseline,40000,86,85,85,0.00843595556154328
lung,baseline,40000,86,85,85,0.10099521044569157
lung,baseline,40000,86,85,85,0.00776708959793938
lung,baseline,40000,86,85,85,0.011497270345999499
lung,baseline,40000,86,85,85,0.012666418591694035
lung,baseline,40000,86,85,85,0.021265177017249278
lung,baseline,40000,86,85,85,0.015275447588341982
lung,baseline,40000,86,85,85,0.012018565318474665
lung,baseline,40000,86,85,85,0.014738244679059253
lung,baseline,40000,86,85,85,0.022402034914302198
lung,baseline,40000,86,85,85,0.05513335053615657
lung,baseline,40000,86,84,84,0.007934366158625401
lung,baseline,40000,86,84,84,0.019007120064598905
lung,baseline,40000,86,83,83,0.023938106607813397
lung,baseline,40000,86,83,83,0.011882141571918841
lung,baseline,40000,86,83,83,0.014040937005894828
lung,baseline,40000,86,82,82,0.01425102419037648
lung,baseline,40000,86,82,82,0.019956852581313262
lung,baseline,40000,86,82,82,0.026346646522465305
lung,baseline,40000,86,79,79,0.03132253872640108
lung,baseline,40000,86,85,85,0.11387891335750047
lung,baseline,40000,86,85,85,0.11482095137834974
lung,baseline,40000,86,85,85,0.09776489262838337
lung,baseline,40000,86,85,85,0.21513198216420848
lung,baseline,40000,86,85,85,0.2531394352100941
lung,baseline,40000,86,80,80,0.2798993210810023
lung,baseline,40000,86,85,85,0.26671543956839483
lung,baseline,40000,86,85,85,0.22778649711542964
lung,baseline,40000,86,80,80,0.20246414251797287
lung,baseline,40000,86,83,83,0.22988089921346663
lung,baseline,40000,86,83,83,0.2022729286810064
lung,baseline,40000,86,80,80,0.23684095923057108
lung,baseline,40000,86,80,80,0.22982943923221288
lung,baseline,40000,86,79,79,0.14384312540837277
lung,baseline,40000,86,85,85,0.281331469605754
lung,baseline,40000,86,85,85,0.007686478442222302
lung,baseline,40000,86,85,85,0.22352232418986284
lung,baseline,40000,86,82,82,0.12139156516249182
lung,baseline,40000,86,85,85,0.22378293247376987
lung,baseline,40000,86,85,85,0.2652224983878209
lung,baseline,40000,86,81,81,0.17162626748628818
lung,baseline,40000,86,27,27,0.40264652241868715
lung,baseline,40000,86,85,85,0.26878931448169324
lung,baseline,40000,86,85,85,0.16564881361402578
lung,baseline,40000,86,84,84,0.15776884126442065
lung,baseline,40000,86,81,81,0.22875597770592504
lung,baseline,40000,86,80,80,0.21319746243718435
lung,baseline,40000,86,37,37,0.2025321755704664
lung,baseline,40000,86,34,34,0.19754609377728022
lung,baseline,40000,86,84,84,0.2870425998035598
lung,baseline,40000,86,84,84,0.1399095198073689
lung,baseline,40000,86,79,79,0.2796292934736943
lung,baseline,40000,86,79,79,0.28556627519663313
lung,baseline,40000,86,85,85,0.09871480009366251
lung,baseline,40000,86,85,85,0.10023706145060506
lung,baseline,40000,86,85,85,0.011557815601464471
lung,baseline,40000,86,85,85,0.010037999680354287
lung,baseline,40000,86,85,85,0.04092566046667561
lung,baseline,40000,86,85,85,0.009459535941082915
lung,baseline,40000,86,85,85,0.20160692032765373
lung,baseline,40000,86,83,83,0.007759482384573305
lung,baseline,40000,86,82,82,0.032974568124471054
lung,baseline,40000,86,85,85,0.12085982967746117
lung,baseline,40000,86,85,85,0.29671484040395407
lung,baseline,40000,86,85,85,0.2612723871691013
lung,baseline,40000,86,34,34,0.159231764614221
lung,baseline,40000,86,85,85,0.0265612253890316
lung,baseline,40000,86,85,85,0.15642238632083194
lung,baseline,40000,86,85,85,0.08621946588714052
lung,baseline,40000,86,85,85,0.02735566611774524
lung,baseline,40000,86,85,85,0.006179714632328511
lung,baseline,40000,86,85,85,0.10293457122900089
lung,baseline,40000,86,85,85,0.018963582591470258
lung,baseline,40000,86,85,85,0.008446650147191209
lung,baseline,40000,86,84,84,0.015184638626470258
lung,baseline,40000,86,84,84,0.007837173832184201
lung,baseline,40000,86,83,83,0.05925687049469804
lung,baseline,40000,86,82,82,0.02328073821931501
lung,baseline,40000,86,82,82,0.036956667378969785
lung,baseline,40000,86,82,82,0.13429798848328275
lung,baseline,40000,86,80,80,0.024943347407205024
lung,baseline,40000,86,79,79,0.022424249203599138
lung,baseline,40000,86,85,85,0.11394811765417963
lung,baseline,40000,86,84,84,0.23794502531390987
lung,baseline,40000,86,80,80,0.2392359001240349
lung,baseline,40000,86,78,78,0.22616796359750588
lung,baseline,40000,86,78,78,0.22655611226400332
lung,baseline,40000,86,73,73,0.25980761658907464
lung,baseline,40000,86,85,85,0.06613824281444129
lung,baseline,40000,86,85,85,0.1031066004903205
lung,baseline,40000,86,85,85,0.13034788704279368
lung,baseline,40000,86,85,85,0.06580108202524211
lung,baseline,40000,86,85,85,0.21295759385635527
lung,baseline,40000,86,85,85,0.27069938346634265
lung,baseline,40000,86,84,84,0.004391969790573191
lung,baseline,40000,86,81,81,0.14080346061926294
lung,baseline,40000,86,80,80,0.19067040153107961
lung,baseline,40000,86,85,85,0.11107353870379572
lung,baseline,40000,86,85,85,0.3303476644070631
lung,baseline,40000,86,81,81,0.1943772709956708
lung,baseline,40000,86,41,41,0.16462913528595374
lung,baseline,40000,86,78,78,0.3457803571653075
lung,baseline,40000,86,76,76,0.3319843215895629
lung,baseline,40000,86,71,71,0.20440425669543366
lung,baseline,40000,86,70,70,0.3446326059758689
lung,baseline,40000,86,69,69,0.2109898068436072
lung,baseline,40000,86,41,41,0.18026367452574074
lung,baseline,40000,86,80,80,0.12962864184531955
lung,baseline,40000,86,62,62,0.08251295907013861
lung,baseline,40000,86,85,85,0.05979774064059935
lung,baseline,40000,86,85,85,0.219371039135448
lung,baseline,40000,86,85,85,0.19183466207345473
lung,baseline,40000,86,82,82,0.18364399695505376
lung,baseline,40000,86,82,82,0.039609831647080915
lung,baseline,40000,86,81,81,0.19476367353533267
lung,baseline,40000,86,80,80,0.06800287684605036
lung,baseline,40000,86,85,85,0.23184284648394354
lung,baseline,40000,86,84,84,0.2550477460175133
lung,baseline,40000,86,84,84,0.23478396060619663
lung,baseline,40000,86,81,81,0.2390175647103269
lung,baseline,40000,86,80,80,0.12738342304306258
lung,baseline,40000,86,85,85,0.03760177748457172
lung,baseline,40000,86,85,85,0.08167852716345804
lung,baseline,40000,86,85,85,0.23221193436215545
lung,baseline,40000,86,85,85,0.00756774365692796
lung,baseline,40000,86,85,85,0.10439814620376889
lung,baseline,40000,86,85,85,0.028633440986882242
lung,baseline,40000,86,82,82,0.04042189372073876
lung,baseline,40000,86,81,81,0.10602634424003557
lung,baseline,40000,86,14,14,0.33888901974326757
lung,baseline,40000,86,85,85,0.28738635315773947
lung,baseline,40000,86,85,85,0.1007791301863686
lung,baseline,40000,86,81,81,0.16167396727818448
lung,baseline,40000,86,80,80,0.22538151333070525
lung,baseline,40000,86,85,85,0.2142586728831103
lung,baseline,40000,86,85,85,0.2466698020526733
lung,baseline,40000,86,81,81,0.18077925905794742
lung,baseline,40000,86,85,85,0.22449537081774096
lung,baseline,40000,86,84,84,0.03772213906066389
lung,baseline,40000,86,83,83,0.2661429504107754
lung,baseline,40000,86,83,83,0.2712144735895904
lung,baseline,40000,86,79,79,0.2637142187272366
lung,baseline,40000,86,85,85,0.02423018217804336
lung,baseline,40000,86,84,84,0.008968304700178516
lung,baseline,40000,86,84,84,0.028212873241748967
lung,baseline,40000,86,83,83,0.020893367925980216
lung,baseline,40000,86,83,83,0.012957640127810723
lung,baseline,40000,86,84,84,0.2640148975026519
lung,baseline,40000,86,84,84,0.2722120281066227
lung,baseline,40000,86,83,83,0.21417779577598267
lung,baseline,40000,86,82,82,0.1019289103753391
lung,baseline,40000,86,80,80,0.27306508363924636
lung,baseline,40000,86,79,79,0.2835705983260775
lung,baseline,40000,86,79,79,0.237297870808963
lung,baseline,40000,86,77,77,0.2080778402248755
lung,baseline,40000,86,76,76,0.21625171270535753
lung,baseline,40000,86,84,84,0.19541842712207927
lung,baseline,40000,86,83,83,0.20058938981325236
lung,baseline,40000,86,80,80,0.09360965224391365
lung,baseline,40000,86,78,78,0.22701232506225585
lung,baseline,40000,86,77,77,0.21541343828917422
lung,baseline,40000,86,76,76,0.19351195247865338
lung,baseline,40000,86,75,75,0.2001495309174244
lung,baseline,40000,86,70,70,0.20133340232382332
lung,baseline,40000,86,68,68,0.15939067255889197
lung,baseline,40000,86,85,85,0.013929014406715004
lung,baseline,40000,86,85,85,0.17058804751236173
lung,baseline,40000,86,62,62,0.13256036496332274
lung,baseline,40000,86,19,19,0.4764010629448742
lung,baseline,40000,86,84,84,0.2399648085661503
lung,baseline,40000,86,81,81,0.1698150533304901
lung,baseline,40000,86,81,81,0.22461474771965956
lung,baseline,40000,86,85,85,0.24292700174145723
lung,baseline,40000,86,85,85,0.22454738962232998
lung,baseline,40000,86,82,82,0.06334161863824946
lung,baseline,40000,86,82,82,0.11680425150449145
lung,baseline,40000,86,80,80,0.20876816965230843
lung,baseline,40000,86,85,85,0.057412827717873316
lung,baseline,40000,86,85,85,0.01849150184038219
lung,baseline,40000,86,85,85,0.009619008691171287
lung,baseline,40000,86,85,85,0.08987033024423621
lung,baseline,40000,86,85,85,0.01384306704057379
lung,baseline,40000,86,85,85,0.1865905160185914
lung,baseline,40000,86,85,85,0.09882765137896361
lung,baseline,40000,86,85,85,0.006123846847197749
lung,baseline,40000,86,83,83,0.027405548484799296
lung,baseline,40000,86,82,82,0.10456215188479366
lung,baseline,40000,86,82,82,0.028104290788146153
lung,baseline,40000,86,79,79,0.018036776727584553
lung,baseline,40000,86,85,85,0.21335765968427092
lung,baseline,40000,86,85,85,0.09620420681502247
lung,baseline,40000,86,84,84,0.020757198293164213
lung,baseline,40000,86,81,81,0.14783487694926037
lung,baseline,40000,86,80,80,0.16500502661289068
lung,baseline,40000,86,85,85,0.1297750247942273
lung,baseline,40000,86,85,85,0.07749213784315273
lung,baseline,40000,86,85,85,0.3101125824199724
lung,baseline,40000,86,85,85,0.1096885099652251
lung,baseline,40000,86,81,81,0.22831388570825628
lung,baseline,40000,86,85,85,0.11343894894313765
lung,baseline,40000,86,85,85,0.21041078116180328
lung,baseline,40000,86,85,85,0.1078736498570349
lung,baseline,40000,86,82,82,0.039233616618890854
lung,baseline,40000,86,82,82,0.02616052601532993
lung,baseline,40000,86,85,85,0.23363923818259225
lung,baseline,40000,86,84,84,0.23960648228250458
lung,baseline,40000,86,81,81,0.0864561057768066
lung,baseline,40000,86,79,79,0.17553971898009535
lung,baseline,40000,86,79,79,0.22182875878772373
lung,baseline,40000,86,85,85,0.15050293300965498
lung,baseline,40000,86,85,85,0.2251573428162696
lung,baseline,40000,86,85,85,0.2665015903082894
lung,baseline,40000,86,84,84,0.03768870688190794
lung,baseline,40000,86,81,81,0.1696026301789591
lung,baseline,40000,86,14,14,0.24286133065225646
lung,baseline,40000,86,70,70,0.27442416123895563
lung,baseline,40000,86,44,44,0.24774561278886528
lung,baseline,40000,86,40,40,0.2398210144349743
lung,baseline,40000,86,28,28,0.38266513896795856
lung,baseline,40000,86,85,85,0.29508184834499995
lung,baseline,40000,86,85,85,0.2627452387873652
lung,baseline,40000,86,81,81,0.19376173409573302
lung,baseline,40000,86,85,85,0.2097354095520831
lung,baseline,40000,86,85,85,0.22064685078524027
lung,baseline,40000,86,85,85,0.25038367020054947
lung,baseline,40000,86,85,85,0.004538447931545338
lung,baseline,40000,86,81,81,0.2147826888261462
lung,baseline,40000,86,80,80,0.16787301405640428
lung,baseline,40000,86,37,37,0.20219496159829337
lung,baseline,40000,86,36,36,0.16787570969798526
lung,baseline,40000,86,34,34,0.19518799707944137
lung,baseline,40000,86,85,85,0.301664324701071
lung,baseline,40000,86,81,81,0.26973365028816254
lung,baseline,40000,86,80,80,0.26330160673602093
lung,baseline,40000,86,41,41,0.21612651075619654
lung,baseline,40000,86,85,85,0.13910819276184777
lung,baseline,40000,86,85,85,0.28343401766588083
lung,baseline,40000,86,82,82,0.21175988297368242
lung,baseline,40000,86,81,81,0.22666866483966988
lung,baseline,40000,86,84,84,0.2921284036550675
lung,baseline,40000,86,84,84,0.2556287530138348
lung,baseline,40000,86,82,82,0.27684932408594054
lung,baseline,40000,86,78,78,0.29223605348791243
lung,baseline,40000,86,74,74,0.23364571789103222
lung,baseline,40000,86,85,85,0.3168836122917196
lung,baseline,40000,86,83,83,0.1778130675272017
lung,baseline,40000,86,81,81,0.2316654530561669
lung,baseline,40000,86,80,80,0.24877441121757196
lung,baseline,40000,86,41,41,0.17953907990017529
lung,baseline,40000,86,85,85,0.0813421929752485
lung,baseline,40000,86,85,85,0.16181140745141578
lung,baseline,40000,86,85,85,0.3245228114727388
lung,baseline,40000,86,85,85,0.121298859832553
lung,baseline,40000,86,83,83,0.040528110753527816
lung,baseline,40000,86,83,83,0.15201066529396975
lung,baseline,40000,86,82,82,0.22532689909661607
lung,baseline,40000,86,81,81,0.021530526605948952
lung,baseline,40000,86,85,85,0.13839107528662553
lung,baseline,40000,86,85,85,0.03895755635391394
lung,baseline,40000,86,83,83,0.018776794245368638
lung,baseline,40000,86,79,79,0.028523287976033186
lung,baseline,40000,86,85,85,0.205886571532764
lung,baseline,40000,86,84,84,0.2094685747596519
lung,baseline,40000,86,84,84,0.25724326738077796
lung,baseline,40000,86,79,79,0.24179194437687493
lung,baseline,40000,86,77,77,0.2324986104205005
lung,baseline,40000,86,85,85,0.33434788969215085
lung,baseline,40000,86,75,75,0.2684376723906602
lung,baseline,40000,86,58,58,0.25258561284182246
lung,baseline,40000,86,58,58,0.2798729791851174
lung,baseline,40000,86,57,57,0.2776306451678169
lung,baseline,40000,86,57,57,0.2592311447655438
lung,baseline,40000,86,52,52,0.23194630735877347
lung,baseline,40000,86,44,44,0.19410870542362615
lung,baseline,40000,86,40,40,0.2186809142177502
lung,baseline,40000,86,83,83,0.05641621504227223
lung,baseline,40000,86,81,81,0.23993933623414457
lung,baseline,40000,86,80,80,0.28471693185986496
lung,baseline,40000,86,85,85,0.02674462758982
lung,baseline,40000,86,84,84,0.2942895580919469
lung,baseline,40000,86,82,82,0.2167837424906086
lung,baseline,40000,86,80,80,0.22091348319897502
lung,baseline,40000,86,76,76,0.2716251926484353
lung,baseline,40000,86,75,75,0.261099771431419
lung,baseline,40000,86,75,75,0.26273374670405464
lung,baseline,40000,86,74,74,0.21329470246263363
lung,baseline,40000,86,34,34,0.16801121091932197
lung,baseline,40000,86,85,85,0.0024362266788894604
lung,baseline,40000,86,85,85,0.0481079211430783
lung,baseline,40000,86,85,85,0.24625215483176946
lung,baseline,40000,86,85,85,0.17448855645970393
lung,baseline,40000,86,85,85,0.0684676015942011
lung,baseline,40000,86,81,81,0.20165902110181494
lung,baseline,40000,86,85,85,0.22025452987763258
lung,baseline,40000,86,85,85,0.2626349191343696
lung,baseline,40000,86,81,81,0.20750784556914081
lung,baseline,40000,86,80,80,0.2040276295231375
lung,baseline,40000,86,84,84,0.07230647174716771
lung,baseline,40000,86,80,80,0.18642321064461723
lung,baseline,40000,86,80,80,0.14742743570186384
lung,baseline,40000,86,79,79,0.040026120654537554
lung,baseline,40000,86,77,77,0.15113156552767287
lung,baseline,40000,86,85,85,0.14964691882707323
lung,baseline,40000,86,85,85,0.12293548827591035
lung,baseline,40000,86,85,85,0.16882614957871372
lung,baseline,40000,86,80,80,0.21056597353131767
lung,baseline,40000,86,85,85,0.22836203424208718
lung,baseline,40000,86,85,85,0.302069351286563
lung,baseline,40000,86,82,82,0.1236093619888783
lung,baseline,40000,86,81,81,0.195889174178699
lung,baseline,40000,86,84,84,0.10083127399443863
lung,baseline,40000,86,82,82,0.2703436934435908
lung,baseline,40000,86,80,80,0.21176029365263646
lung,baseline,40000,86,79,79,0.25477754811202086
lung,baseline,40000,86,79,79,0.2542841093804717
lung,baseline,40000,86,79,79,0.257913948226754
lung,baseline,40000,86,79,79,0.26326790082615653
lung,baseline,40000,86,79,79,0.25046924615225297
lung,baseline,40000,86,76,76,0.2528384344440474
lung,baseline,40000,86,84,84,0.17697214172453787
lung,baseline,40000,86,84,84,0.10503404949199564
lung,baseline,40000,86,79,79,0.20847242986372672
lung,baseline,40000,86,79,79,0.20930108590783053
lung,baseline,40000,86,77,77,0.19653969990607562
lung,baseline,40000,86,85,85,0.0937410401211598
lung,baseline,40000,86,85,85,0.20626385364809086
lung,baseline,40000,86,83,83,0.01255330699663922
lung,baseline,40000,86,80,80,0.16171188480805315
lung,baseline,40000,86,85,85,0.2694818008805476
lung,baseline,40000,86,84,84,0.21178510501026895
lung,baseline,40000,86,84,84,0.27251111280802337
lung,baseline,40000,86,81,81,0.06272443422102393
lung,baseline,40000,86,80,80,0.16716936400804155
lung,baseline,40000,86,85,85,0.14785533676937487
lung,baseline,40000,86,85,85,0.06427919100039169
lung,baseline,40000,86,84,84,0.01473192315014151
lung,baseline,40000,86,82,82,0.018021683485319236
lung,baseline,40000,86,82,82,0.09862113458590034
lung,baseline,40000,86,84,84,0.16073554468456108
lung,baseline,40000,86,84,84,0.0771866155406433
lung,baseline,40000,86,84,84,0.13281758169680002
lung,baseline,40000,86,82,82,0.06338414572942659
lung,baseline,40000,86,82,82,0.1315730931043974
lung,baseline,40000,86,82,82,0.016907661939131974
lung,baseline,40000,86,81,81,0.15346568778137382
lung,baseline,40000,86,79,79,0.047098272748920283
lung,baseline,40000,86,79,79,0.19506600993852086
lung,baseline,40000,86,85,85,0.25791253266675634
lung,baseline,40000,86,85,85,0.23197992414128796
lung,baseline,40000,86,85,85,0.015899307227786565
lung,baseline,40000,86,82,82,0.2123697920726612
lung,baseline,40000,86,80,80,0.24084124450910024
lung,baseline,40000,86,79,79,0.2400723954278036
lung,baseline,40000,86,78,78,0.01629629185888053
lung,baseline,40000,86,75,75,0.2651077593834862
lung,baseline,40000,86,85,85,0.07369120604094076
lung,baseline,40000,86,85,85,0.2637079665023938
lung,baseline,40000,86,85,85,0.19662309252227322
lung,baseline,40000,86,85,85,0.07124823908679886
lung,baseline,40000,86,84,84,0.12374725084441629
lung,baseline,40000,86,81,81,0.16275261776660346
lung,baseline,40000,86,85,85,0.035912899392668444
lung,baseline,40000,86,85,85,0.01679586045664318
lung,baseline,40000,86,85,85,0.06371902866548967
lung,baseline,40000,86,85,85,0.13822762107829834
lung,baseline,40000,86,81,81,0.14995568175962326
lung,baseline,40000,86,80,80,0.1513816969337806
lung,baseline,40000,86,77,77,0.022122887093195074
lung,baseline,40000,86,34,34,0.05790770819569886
lung,baseline,40000,86,85,85,0.1300242517015138
lung,baseline,40000,86,84,84,0.005104095590481517
lung,baseline,40000,86,81,81,0.15501151720471457
lung,baseline,40000,86,76,76,0.06657794003430809
lung,baseline,40000,86,85,85,0.18202583240847484
lung,baseline,40000,86,84,84,0.10830085791712635
lung,baseline,40000,86,75,75,0.18548817403851806
lung,baseline,40000,86,14,14,0.2084945957737502
lung,baseline,40000,86,85,85,0.004568127550788127
lung,baseline,40000,86,85,85,0.14287964133389386
lung,baseline,40000,86,85,85,0.012037514280739955
lung,baseline,40000,86,85,85,0.02606808704825302
lung,baseline,40000,86,85,85,0.05141655084181097
lung,baseline,40000,86,85,85,0.01869604326341054
lung,baseline,40000,86,85,85,0.05360677240978202
lung,baseline,40000,86,83,83,0.018231165084641544
lung,baseline,40000,86,83,83,0.01755063549920914
lung,baseline,40000,86,83,83,0.04464330001455223
lung,baseline,40000,86,82,82,0.033672628310393256
lung,baseline,40000,86,81,81,0.10818023447012055
lung,baseline,40000,86,79,79,0.01871926096381892
lung,baseline,40000,86,85,85,0.1456968139557788
lung,baseline,40000,86,85,85,0.22878304665746824
lung,baseline,40000,86,85,85,0.2398505748029492
lung,baseline,40000,86,82,82,0.16208812646956275
lung,baseline,40000,86,85,85,0.2119611934780115
lung,baseline,40000,86,85,85,0.05743910655551549
lung,baseline,40000,86,85,85,0.26329081617721106
lung,baseline,40000,86,84,84,0.014439406186378184
lung,baseline,40000,86,82,82,0.12800767526664658
lung,baseline,40000,86,81,81,0.2289899798186978
lung,baseline,40000,86,85,85,0.023770271194140827
lung,baseline,40000,86,85,85,0.011245640804959878
lung,baseline,40000,86,85,85,0.09160869600255757
lung,baseline,40000,86,85,85,0.012717108047346989
lung,baseline,40000,86,85,85,0.03179405822352847
lung,baseline,40000,86,85,85,0.015353504557954577
lung,baseline,40000,86,85,85,0.027117042526618854
lung,baseline,40000,86,85,85,0.09896928107445847
lung,baseline,40000,86,85,85,0.10969049902547066
lung,baseline,40000,86,84,84,0.013962394209793888
lung,baseline,40000,86,84,84,0.02348021286123054
lung,baseline,40000,86,83,83,0.014196379121918942
lung,baseline,40000,86,83,83,0.04683671988131357
lung,baseline,40000,86,83,83,0.014746426593561497
lung,baseline,40000,86,79,79,0.018762308979649436
lung,baseline,40000,86,85,85,0.09210769399631676
lung,baseline,40000,86,85,85,0.029903255183317642
lung,baseline,40000,86,85,85,0.2096682998301732
lung,baseline,40000,86,85,85,0.07965035477758381
lung,baseline,40000,86,84,84,0.02938043896292727
lung,baseline,40000,86,83,83,0.07142840279095496
lung,baseline,40000,86,82,82,0.031480210537059725
lung,baseline,40000,86,82,82,0.08930757605856375
lung,baseline,40000,86,82,82,0.09442820967596924
lung,baseline,40000,86,84,84,0.2552701874808199
lung,baseline,40000,86,83,83,0.21845675277024887
lung,baseline,40000,86,81,81,0.26401372947217316
lung,baseline,40000,86,76,76,0.269206934291545
lung,baseline,40000,86,75,75,0.23491895004870883
lung,baseline,40000,86,74,74,0.23837081035983673
lung,baseline,40000,86,66,66,0.24214094847973297
lung,baseline,40000,86,63,63,0.22985784448756147
lung,baseline,40000,86,85,85,0.10874722902504141
lung,baseline,40000,86,85,85,0.2290157243095054
lung,baseline,40000,86,85,85,0.24356387589650658
lung,baseline,40000,86,82,82,0.049834620076029575
lung,baseline,40000,86,82,82,0.1708074672939014
lung,baseline,40000,86,81,81,0.19396293522406216
lung,baseline,40000,86,85,85,0.11277201861972276
lung,baseline,40000,86,84,84,0.21631878140021985
lung,baseline,40000,86,82,82,0.19441673238049526
lung,baseline,40000,86,80,80,0.16157893989686556
lung,baseline,40000,86,81,81,0.2578713402611672
lung,baseline,40000,86,81,81,0.23602599324053147
lung,baseline,40000,86,79,79,0.24000526774621075
lung,baseline,40000,86,74,74,0.12065139251492929
lung,baseline,40000,86,69,69,0.2918513851453487
lung,baseline,40000,86,84,84,0.3151400148058769
lung,baseline,40000,86,81,81,0.2298797729440871
lung,baseline,40000,86,41,41,0.21032490718007602
lung,baseline,40000,86,85,85,0.12983612355486943
lung,baseline,40000,86,83,83,0.10476172101683502
lung,baseline,40000,86,81,81,0.14635341049517056
lung,baseline,40000,86,75,75,0.1577609328177563
lung,baseline,40000,86,75,75,0.15077238318082833
lung,baseline,40000,86,74,74,0.08835820239092418
lung,baseline,40000,86,64,64,0.04966834633171047
lung,baseline,40000,86,85,85,0.18615574361787207
lung,baseline,40000,86,81,81,0.1668108347305973
lung,baseline,40000,86,80,80,0.1354371458856975
lung,baseline,40000,86,82,82,0.05999661981786345
lung,baseline,40000,86,82,82,0.014003730214972124
lung,baseline,40000,86,80,80,0.14298701351788848
lung,baseline,40000,86,79,79,0.04384977222338173
lung,baseline,40000,86,34,34,0.15210665224185738
lung,baseline,40000,86,85,85,0.2626002083192709
lung,baseline,40000,86,81,81,0.20694827583142253
lung,baseline,40000,86,85,85,0.19740312430481177
lung,baseline,40000,86,85,85,0.00470280124520343
lung,baseline,40000,86,85,85,0.08467534416985521
lung,baseline,40000,86,85,85,0.013227607641123648
lung,baseline,40000,86,84,84,0.007263378167399018
lung,baseline,40000,86,81,81,0.12616485181161938
lung,baseline,40000,86,81,81,0.0190140862070582
lung,baseline,40000,86,85,85,0.08736108630367466
lung,baseline,40000,86,85,85,0.2670632227006181
lung,baseline,40000,86,85,85,0.0076166394163759395
lung,baseline,40000,86,85,85,0.13227193969973217
lung,baseline,40000,86,83,83,0.015103419936149888
lung,baseline,40000,86,83,83,0.035730824890572825
lung,baseline,40000,86,85,85,0.2537410793923254
lung,baseline,40000,86,85,85,0.29908660632074585
lung,baseline,40000,86,82,82,0.24626768970847224
lung,baseline,40000,86,81,81,0.24407761938363343
lung,baseline,40000,86,85,85,0.2573463737509358
lung,baseline,40000,86,85,85,0.26314581912487994
lung,baseline,40000,86,77,77,0.1594839229490433
lung,baseline,40000,86,14,14,0.2689735542809809
lung,baseline,40000,86,78,78,0.1305112546370944
lung,baseline,40000,86,85,85,0.12825331411207802
lung,baseline,40000,86,85,85,0.13680953433465887
lung,baseline,40000,86,85,85,0.01823882911750613
lung,baseline,40000,86,83,83,0.014189355843598466
lung,baseline,40000,86,77,77,0.020502745805364188
lung,baseline,40000,86,85,85,0.2170389997880724
lung,baseline,40000,86,80,80,0.15273521690466024
lung,baseline,40000,87,86,86,0.020231122239787718
lung,baseline,40000,87,86,86,0.27137380781870757
lung,baseline,40000,87,85,85,0.19500362983531072
lung,baseline,40000,87,71,71,0.3033951983164214
lung,baseline,40000,87,63,63,0.24867614610809743
lung,baseline,40000,87,14,14,0.20420239030448847
lung,baseline,40000,87,86,86,0.0054912571971322465
lung,baseline,40000,87,86,86,0.21026776320493518
lung,baseline,40000,87,86,86,0.011544979515906164
lung,baseline,40000,87,86,86,0.09419969286018919
lung,baseline,40000,87,86,86,0.10951375478719123
lung,baseline,40000,87,86,86,0.049400947698129596
lung,baseline,40000,87,86,86,0.1117899469365148
lung,baseline,40000,87,86,86,0.010894633777721338
lung,baseline,40000,87,86,86,0.010631558776899452
lung,baseline,40000,87,86,86,0.010660247594320058
lung,baseline,40000,87,86,86,0.007488162075852048
lung,baseline,40000,87,86,86,0.011158495333967702
lung,baseline,40000,87,85,85,0.025972996866177243
lung,baseline,40000,87,85,85,0.021489651218582453
lung,baseline,40000,87,84,84,0.018160469479429214
lung,baseline,40000,87,84,84,0.008222244055143681
lung,baseline,40000,87,84,84,0.035662771912108114
lung,baseline,40000,87,83,83,0.038241470992725825
lung,baseline,40000,87,80,80,0.024485175021018095
lung,baseline,40000,87,86,86,0.11338654977359063
lung,baseline,40000,87,84,84,0.07257861176272948
lung,baseline,40000,87,82,82,0.012241462227515914
lung,baseline,40000,87,80,80,0.19672939635121306
lung,baseline,40000,87,37,37,0.25873311795856513
lung,baseline,40000,87,34,34,0.29230988448333434
lung,baseline,40000,87,86,86,0.1516231865511883
lung,baseline,40000,87,86,86,0.021213796810636898
lung,baseline,40000,87,86,86,0.2668676703168776
lung,baseline,40000,87,84,84,0.04831267731393237
lung,baseline,40000,87,82,82,0.19039698927095702
lung,baseline,40000,87,82,82,0.22511225883210692
lung,baseline,40000,87,80,80,0.24576562236490354
lung,baseline,40000,87,79,79,0.31292120346866226
lung,baseline,40000,87,77,77,0.2748772549262596
lung,baseline,40000,87,76,76,0.2920662553201065
lung,baseline,40000,87,73,73,0.2685720987257237
lung,baseline,40000,87,73,73,0.2837177541955299
lung,baseline,40000,87,73,73,0.2946702639756788
lung,baseline,40000,87,71,71,0.23975776488300496
lung,baseline,40000,87,66,66,0.23058216807011592
lung,baseline,40000,87,64,64,0.26579975694007796
lung,baseline,40000,87,41,41,0.1785381717948678
lung,baseline,40000,87,86,86,0.2073855818326198
lung,baseline,40000,87,86,86,0.2766306180779956
lung,baseline,40000,87,82,82,0.15093244949791867
lung,baseline,40000,87,82,82,0.16885437087994853
lung,baseline,40000,87,86,86,0.15583400317138843
lung,baseline,40000,87,86,86,0.20690577430868376
lung,baseline,40000,87,85,85,0.11089974865915185
lung,baseline,40000,87,82,82,0.22542907389315497
lung,baseline,40000,87,81,81,0.24267529466492174
lung,baseline,40000,87,86,86,0.21945196001716402
lung,baseline,40000,87,82,82,0.13118395027650942
lung,baseline,40000,87,81,81,0.20555756442306813
lung,baseline,40000,87,81,81,0.19054956863873385
lung,baseline,40000,87,80,80,0.14507495407999974
lung,baseline,40000,87,34,34,0.07154094675046632
lung,baseline,40000,87,36,36,0.15121434593288666
lung,baseline,40000,87,34,34,0.2585347131428708
lung,baseline,40000,87,86,86,0.21495081082338385
lung,baseline,40000,87,81,81,0.23847306596424794
lung,baseline,40000,87,73,73,0.10452807414396206
lung,baseline,40000,87,73,73,0.12404528150682406
lung,baseline,40000,87,69,69,0.19307031784747883
lung,baseline,40000,87,68,68,0.2668926998595755
lung,baseline,40000,87,86,86,0.2779600448356122
lung,baseline,40000,87,86,86,0.22383754800235608
lung,baseline,40000,87,84,84,0.1323930414380665
lung,baseline,40000,87,83,83,0.11130448309909263
lung,baseline,40000,87,81,81,0.19568034814234048
lung,baseline,40000,87,43,43,0.15347590829627905
lung,baseline,40000,87,39,39,0.14686413481838953
lung,baseline,40000,87,86,86,0.31264635935598206
lung,baseline,40000,87,86,86,0.2523986851555262
lung,baseline,40000,87,86,86,0.08762725002078166
lung,baseline,40000,87,86,86,0.13251579541802172
lung,baseline,40000,87,82,82,0.1740169462248287
lung,baseline,40000,87,86,86,0.27321743774994245
lung,baseline,40000,87,86,86,0.10650996429398435
lung,baseline,40000,87,85,85,0.24479972378234954
lung,baseline,40000,87,85,85,0.04604839171807055
lung,baseline,40000,87,84,84,0.23457665772616193
lung,baseline,40000,87,83,83,0.24917136686893088
lung,baseline,40000,87,82,82,0.02943461359014944
lung,baseline,40000,87,86,86,0.01466969256204789
lung,baseline,40000,87,86,86,0.25361623014385215
lung,baseline,40000,87,85,85,0.08580432356793476
lung,baseline,40000,87,81,81,0.15685702224046855
lung,baseline,40000,87,86,86,0.24157188996920936
lung,baseline,40000,87,86,86,0.04895671737529464
lung,baseline,40000,87,86,86,0.29733832937831045
lung,baseline,40000,87,86,86,0.10031346620598505
lung,baseline,40000,87,82,82,0.256031515122949
lung,baseline,40000,87,34,34,0.19728312294395695
lung,baseline,40000,87,86,86,0.08327274751159817
lung,baseline,40000,87,86,86,0.21646824897210984
lung,baseline,40000,87,82,82,0.12266880196118524
lung,baseline,40000,87,43,43,0.15364050378159655
lung,baseline,40000,87,39,39,0.14135777256009038
lung,baseline,40000,87,78,78,0.22779423910823057
lung,baseline,40000,87,56,56,0.310651627122308
lung,baseline,40000,87,43,43,0.31404406446496486
lung,baseline,40000,87,39,39,0.3216456373825706
lung,baseline,40000,87,37,37,0.28529585251838707
lung,baseline,40000,87,86,86,0.10787831577089187
lung,baseline,40000,87,86,86,0.3241359380078784
lung,baseline,40000,87,86,86,0.11335247314755302
lung,baseline,40000,87,86,86,0.0059379187741694485
lung,baseline,40000,87,85,85,0.04380203052101493
lung,baseline,40000,87,84,84,0.08866371821932602
lung,baseline,40000,87,85,85,0.26345637445309583
lung,baseline,40000,87,84,84,0.15255587473453278
lung,baseline,40000,87,84,84,0.29727695170965046
lung,baseline,40000,87,81,81,0.2788565557408335
lung,baseline,40000,87,79,79,0.28137575535764475
lung,baseline,40000,87,78,78,0.2487650497109282
lung,baseline,40000,87,74,74,0.15970555414040452
lung,baseline,40000,87,73,73,0.2648621241061277
lung,baseline,40000,87,64,64,0.2661224310952358
lung,baseline,40000,87,86,86,0.23944371678433649
lung,baseline,40000,87,86,86,0.05714339986293828
lung,baseline,40000,87,85,85,0.1572801506355001
lung,baseline,40000,87,81,81,0.1942490044225453
lung,baseline,40000,87,81,81,0.15832289520087858
lung,baseline,40000,87,86,86,0.24239397246927272
lung,baseline,40000,87,86,86,0.2732220702464024
lung,baseline,40000,87,86,86,0.05947624210858291
lung,baseline,40000,87,82,82,0.08869747776785318
lung,baseline,40000,87,14,14,0.23915267099463522
lung,baseline,40000,87,86,86,0.26656145031754097
lung,baseline,40000,87,86,86,0.20085056608528254
lung,baseline,40000,87,82,82,0.15209889767554766
lung,baseline,40000,87,82,82,0.15964102322959844
lung,baseline,40000,87,34,34,0.06072466244155616
lung,baseline,40000,87,86,86,0.2204438917601632
lung,baseline,40000,87,86,86,0.09547042028520188
lung,baseline,40000,87,86,86,0.018497727069459517
lung,baseline,40000,87,86,86,0.22881399549108125
lung,baseline,40000,87,83,83,0.2140622625815949
lung,baseline,40000,87,83,83,0.0460285946636133
lung,baseline,40000,87,80,80,0.10505850415060672
lung,baseline,40000,87,75,75,0.020567573635208596
lung,baseline,40000,87,86,86,0.09586071077308951
lung,baseline,40000,87,86,86,0.2535181345287923
lung,baseline,40000,87,86,86,0.29759146673645115
lung,baseline,40000,87,83,83,0.03379575694329471
lung,baseline,40000,87,83,83,0.2013786483405667
lung,baseline,40000,87,86,86,0.250598959431548
lung,baseline,40000,87,86,86,0.29161447075673425
lung,baseline,40000,87,86,86,0.08743416978506119
lung,baseline,40000,87,86,86,0.020122952280743043
lung,baseline,40000,87,86,86,0.215268812305163
lung,baseline,40000,87,86,86,0.16483644373308387
lung,baseline,40000,87,82,82,0.17302563823306977
lung,baseline,40000,87,80,80,0.10309703337211058
lung,baseline,40000,87,73,73,0.06340665806963912
lung,baseline,40000,87,73,73,0.09043140501429321
lung,baseline,40000,87,34,34,0.15931576254583993
lung,baseline,40000,87,86,86,0.2892677553577777
lung,baseline,40000,87,85,85,0.1431720772129214
lung,baseline,40000,87,85,85,0.1905910429659676
lung,baseline,40000,87,85,85,0.10742113743959568
lung,baseline,40000,87,83,83,0.0499186830284499
lung,baseline,40000,87,83,83,0.144201207780764
lung,baseline,40000,87,81,81,0.22835422035502292
lung,baseline,40000,87,82,82,0.14061170129974626
lung,baseline,40000,87,80,80,0.15473328911249387
lung,baseline,40000,87,78,78,0.15913241861489064
lung,baseline,40000,87,86,86,0.2392667660547077
lung,baseline,40000,87,85,85,0.2643279256830992
lung,baseline,40000,87,85,85,0.2737929738153868
lung,baseline,40000,87,85,85,0.08766641170872276
lung,baseline,40000,87,83,83,0.13843093221079483
lung,baseline,40000,87,81,81,0.17579045022083137
lung,baseline,40000,87,86,86,0.11708482160128253
lung,baseline,40000,87,86,86,0.00985247582299873
lung,baseline,40000,87,85,85,0.05283221717999805
lung,baseline,40000,87,85,85,0.07582515246822003
lung,baseline,40000,87,84,84,0.03515801768832677
lung,baseline,40000,87,33,33,0.0594233260265638
lung,baseline,40000,87,86,86,0.06612276807223637
lung,baseline,40000,87,86,86,0.20408736038970393
lung,baseline,40000,87,86,86,0.2525980718448835
lung,baseline,40000,87,86,86,0.09968154193461326
lung,baseline,40000,87,86,86,0.0008428517874366589
lung,baseline,40000,87,85,85,0.07021707725873418
lung,baseline,40000,87,83,83,0.10507889478955416
lung,baseline,40000,87,82,82,0.20484242372608702
lung,baseline,40000,87,81,81,0.14434317221460308
lung,baseline,40000,87,86,86,0.02195846635476648
lung,baseline,40000,87,85,85,0.26994626568622415
lung,baseline,40000,87,85,85,0.1796362466830894
lung,baseline,40000,87,84,84,0.12944579114554394
lung,baseline,40000,87,84,84,0.17594381067235235
lung,baseline,40000,87,84,84,0.10719108233907815
lung,baseline,40000,87,83,83,0.09107422248798182
lung,baseline,40000,87,81,81,0.1716307425292324
lung,baseline,40000,87,80,80,0.3065279283920145
lung,baseline,40000,87,79,79,0.3089584601170564
lung,baseline,40000,87,86,86,0.032067260618817955
lung,baseline,40000,87,85,85,0.1381752400574468
lung,baseline,40000,87,86,86,0.28201163309458294
lung,baseline,40000,87,86,86,0.011924783935918035
lung,baseline,40000,87,86,86,0.0065432679591381805
lung,baseline,40000,87,86,86,0.06839097462930122
lung,baseline,40000,87,86,86,0.017810021195166104
lung,baseline,40000,87,86,86,0.13214470294879188
lung,baseline,40000,87,86,86,0.10005791783570153
lung,baseline,40000,87,84,84,0.09227149071125285
lung,baseline,40000,87,83,83,0.09358292386468482
lung,baseline,40000,87,79,79,0.04125565838071637
lung,baseline,40000,87,85,85,0.2652314317375681
lung,baseline,40000,87,85,85,0.18546974118142953
lung,baseline,40000,87,85,85,0.25944505155319275
lung,baseline,40000,87,84,84,0.24873632817422126
lung,baseline,40000,87,80,80,0.22094669272818984
lung,baseline,40000,87,86,86,0.02033423516457406
lung,baseline,40000,87,86,86,0.051741911516218556
lung,baseline,40000,87,86,86,0.22507792118308725
lung,baseline,40000,87,86,86,0.12470741570960502
lung,baseline,40000,87,86,86,0.0037915508086061324
lung,baseline,40000,87,86,86,0.25982924567458476
lung,baseline,40000,87,86,86,0.16651139692917594
lung,baseline,40000,87,85,85,0.03119479906265881
lung,baseline,40000,87,84,84,0.030668268669450122
lung,baseline,40000,87,83,83,0.11315265899203779
lung,baseline,40000,87,82,82,0.16865181893204897
lung,baseline,40000,87,84,84,0.019742160201173517
lung,baseline,40000,87,86,86,0.2719165523645297
lung,baseline,40000,87,85,85,0.269525077881204
lung,baseline,40000,87,85,85,0.08221067314892423
lung,baseline,40000,87,82,82,0.2523990713368183
lung,baseline,40000,87,82,82,0.1491812728267102
lung,baseline,40000,87,86,86,0.0208739559016803
lung,baseline,40000,87,86,86,0.04748369471089826
lung,baseline,40000,87,86,86,0.022478531043788327
lung,baseline,40000,87,86,86,0.23562452901195435
lung,baseline,40000,87,85,85,0.007989218739639026
lung,baseline,40000,87,83,83,0.006265203175292901
lung,baseline,40000,87,83,83,0.06356520037601793
lung,baseline,40000,87,81,81,0.06361299566959872
lung,baseline,40000,87,62,62,0.13167666408750614
lung,baseline,40000,87,34,34,0.19342814161417726
lung,baseline,40000,87,85,85,0.27515639287669547
lung,baseline,40000,87,85,85,0.22315915836116051
lung,baseline,40000,87,85,85,0.2787280386566579
lung,baseline,40000,87,85,85,0.07649969771436724
lung,baseline,40000,87,82,82,0.12972142344689638
lung,baseline,40000,87,81,81,0.2133822337763312
lung,baseline,40000,87,81,81,0.191010525883433
lung,baseline,40000,87,81,81,0.23276914828587292
lung,baseline,40000,87,86,86,0.230555146502207
lung,baseline,40000,87,86,86,0.23128911350271567
lung,baseline,40000,87,86,86,0.2639005502280335
lung,baseline,40000,87,83,83,0.06418414773154608
lung,baseline,40000,87,82,82,0.111999101558622
lung,baseline,40000,87,37,37,0.26340850176086245
lung,baseline,40000,87,36,36,0.22988554688839719
lung,baseline,40000,87,34,34,0.24986395045302767
lung,baseline,40000,87,86,86,0.2665088291582297
lung,baseline,40000,87,85,85,0.23646068946511015
lung,baseline,40000,87,74,74,0.16626733782706388
lung,baseline,40000,87,69,69,0.2302761698973307
lung,baseline,40000,87,65,65,0.2155826123734633
lung,baseline,40000,87,37,37,0.13987913944729535
lung,baseline,40000,87,34,34,0.2064261599665549
lung,baseline,40000,87,33,33,0.0675552192604962
lung,baseline,40000,87,86,86,0.13972495093960005
lung,baseline,40000,87,86,86,0.252489579040255
lung,baseline,40000,87,86,86,0.06736495660647294
lung,baseline,40000,87,86,86,0.10013411963766045
lung,baseline,40000,87,86,86,0.2092476793596031
lung,baseline,40000,87,86,86,0.018907980644034574
lung,baseline,40000,87,84,84,0.14298640820997754
lung,baseline,40000,87,83,83,0.05865490601833155
lung,baseline,40000,87,83,83,0.11958509768870845
lung,baseline,40000,87,85,85,0.31962956311387286
lung,baseline,40000,87,84,84,0.28269548154737767
lung,baseline,40000,87,82,82,0.2351873357328911
lung,baseline,40000,87,80,80,0.2806242756931826
lung,baseline,40000,87,80,80,0.22185902862335416
lung,baseline,40000,87,86,86,0.004056247710185737
lung,baseline,40000,87,86,86,0.09995834776343016
lung,baseline,40000,87,86,86,0.21081979530346137
lung,baseline,40000,87,86,86,0.03668391765675419
lung,baseline,40000,87,85,85,0.09645271805829134
lung,baseline,40000,87,84,84,0.15016551489416066
lung,baseline,40000,87,82,82,0.14750328282563446
lung,baseline,40000,87,81,81,0.19807505022294547
lung,baseline,40000,87,86,86,0.005690825456193469
lung,baseline,40000,87,86,86,0.09198177013928914
lung,baseline,40000,87,86,86,0.2423828205026847
lung,baseline,40000,87,86,86,0.2666414440656432
lung,baseline,40000,87,82,82,0.2641662594421504
lung,baseline,40000,87,86,86,0.1529103408675428
lung,baseline,40000,87,83,83,0.14406095287140114
lung,baseline,40000,87,81,81,0.2809001871975267
lung,baseline,40000,87,80,80,0.27872131291988245
lung,baseline,40000,87,76,76,0.29874434503203445
lung,baseline,40000,87,86,86,0.21581426758751857
lung,baseline,40000,87,78,78,0.24934030651834824
lung,baseline,40000,87,73,73,0.10636698816048819
lung,baseline,40000,87,73,73,0.11752029617343321
lung,baseline,40000,87,69,69,0.24654764078309507
lung,baseline,40000,87,69,69,0.19041345985822955
lung,baseline,40000,87,66,66,0.2752623366984343
lung,baseline,40000,87,63,63,0.2292804164936792
lung,baseline,40000,87,34,34,0.062161500415091366
lung,baseline,40000,87,34,34,0.19955571709233133
lung,baseline,40000,87,86,86,0.10167057023396492
lung,baseline,40000,87,85,85,0.005622762672912428
lung,baseline,40000,87,85,85,0.02240333719416839
lung,baseline,40000,87,14,14,0.222410198297785
lung,baseline,40000,87,43,43,0.281087763598115
lung,baseline,40000,87,39,39,0.28225229828149107
lung,baseline,40000,87,27,27,0.3657503094261846
lung,baseline,40000,87,84,84,0.2557904112118661
lung,baseline,40000,87,84,84,0.20663285184890326
lung,baseline,40000,87,82,82,0.23336270857573832
lung,baseline,40000,87,80,80,0.25843029029843595
lung,baseline,40000,87,78,78,0.16597612011755777
lung,baseline,40000,87,75,75,0.23726320152826982
lung,baseline,40000,87,74,74,0.23912484593253003
lung,baseline,40000,87,74,74,0.2675343061894356
lung,baseline,40000,87,73,73,0.22348510048081294
lung,baseline,40000,87,73,73,0.25064965941229783
lung,baseline,40000,87,73,73,0.22517987163216704
lung,baseline,40000,87,72,72,0.23861634301464246
lung,baseline,40000,87,70,70,0.16434892234616405
lung,baseline,40000,87,68,68,0.20714375022796871
lung,baseline,40000,87,64,64,0.24624759244495603
lung,baseline,40000,87,86,86,0.0172464533508225
lung,baseline,40000,87,86,86,0.004410798597035105
lung,baseline,40000,87,86,86,0.22597852091361165
lung,baseline,40000,87,86,86,0.008764981301721224
lung,baseline,40000,87,86,86,0.12432046625657299
lung,baseline,40000,87,86,86,0.009836047006783607
lung,baseline,40000,87,86,86,0.14111362870157626
lung,baseline,40000,87,86,86,0.2631840753289854
lung,baseline,40000,87,84,84,0.018415863317982704
lung,baseline,40000,87,34,34,0.12283171709410656
lung,baseline,40000,87,85,85,0.2649743700655154
lung,baseline,40000,87,85,85,0.2801271043297641
lung,baseline,40000,87,81,81,0.29026875669945224
lung,baseline,40000,87,79,79,0.23157160702142401
lung,baseline,40000,87,73,73,0.24721447360081333
lung,baseline,40000,87,73,73,0.2589786761919936
lung,baseline,40000,87,64,64,0.2486996569615521
lung,baseline,40000,87,86,86,0.14501878585015612
lung,baseline,40000,87,86,86,0.1716897916507132
lung,baseline,40000,87,82,82,0.1425180781700719
lung,baseline,40000,87,79,79,0.18309805149566694
lung,baseline,40000,87,33,33,0.07060232255109203
lung,baseline,40000,87,86,86,0.28363775519529516
lung,baseline,40000,87,86,86,0.12639416449836852
lung,baseline,40000,87,85,85,0.034332998796773706
lung,baseline,40000,87,82,82,0.20092519690896182
lung,baseline,40000,87,86,86,0.19209870776029134
lung,baseline,40000,87,86,86,0.2162840562844227
lung,baseline,40000,87,82,82,0.11594689254033279
lung,baseline,40000,87,82,82,0.23602841779918424
lung,baseline,40000,87,81,81,0.20216609615253814
lung,baseline,40000,87,73,73,0.10700538591448495
lung,baseline,40000,87,85,85,0.3173452570851357
lung,baseline,40000,87,76,76,0.27948103297167814
lung,baseline,40000,87,75,75,0.05726202955725501
lung,baseline,40000,87,86,86,0.20439624408825563
lung,baseline,40000,87,86,86,0.27897561379679586
lung,baseline,40000,87,85,85,0.027391228237348554
lung,baseline,40000,87,85,85,0.06858834766012904
lung,baseline,40000,87,81,81,0.16606803147736862
lung,baseline,40000,87,37,37,0.21110765715450458
lung,baseline,40000,87,36,36,0.17022560151744598
lung,baseline,40000,87,34,34,0.2751933760993889
lung,baseline,40000,87,86,86,0.12244342867971757
lung,baseline,40000,87,86,86,0.3034468380464934
lung,baseline,40000,87,86,86,0.013863895125122481
lung,baseline,40000,87,86,86,0.0713459224256632
lung,baseline,40000,87,86,86,0.2560059733617088
lung,baseline,40000,87,37,37,0.22511435687190434
lung,baseline,40000,87,36,36,0.18313159462263395
lung,baseline,40000,87,34,34,0.20565113909802937
lung,baseline,40000,87,86,86,0.06464643648994539
lung,baseline,40000,87,86,86,0.28715998713724517
lung,baseline,40000,87,86,86,0.059102634328546004
lung,baseline,40000,87,86,86,0.2200261758943756
lung,baseline,40000,87,83,83,0.11555607728483315
lung,baseline,40000,87,80,80,0.03081620415808861
lung,baseline,40000,87,86,86,0.021352242336098025
lung,baseline,40000,87,86,86,0.18560956985552454
lung,baseline,40000,87,86,86,0.02424135662887732
lung,baseline,40000,87,86,86,0.11071548337399005
lung,baseline,40000,87,86,86,0.02073075158838738
lung,baseline,40000,87,86,86,0.016737005190902272
lung,baseline,40000,87,86,86,0.06733929648415145
lung,baseline,40000,87,85,85,0.015307637928383975
lung,baseline,40000,87,84,84,0.06337062810597956
lung,baseline,40000,87,84,84,0.02681150352750326
lung,baseline,40000,87,84,84,0.015385747601528449
lung,baseline,40000,87,83,83,0.04102224948600633
lung,baseline,40000,87,80,80,0.025087822346503807
lung,baseline,40000,87,86,86,0.2551764655737162
lung,baseline,40000,87,86,86,0.26623841051308716
lung,baseline,40000,87,86,86,0.2655099651200145
lung,baseline,40000,87,83,83,0.18357018956208543
lung,baseline,40000,87,82,82,0.1582929133264954
lung,baseline,40000,87,86,86,0.07479565135649835
lung,baseline,40000,87,86,86,0.09310434377787156
lung,baseline,40000,87,86,86,0.27146412673969134
lung,baseline,40000,87,83,83,0.19137487082313456
lung,baseline,40000,87,85,85,0.25128375085728555
lung,baseline,40000,87,84,84,0.2541985846267119
lung,baseline,40000,87,83,83,0.23409643505897396
lung,baseline,40000,87,83,83,0.23456350019714797
lung,baseline,40000,87,82,82,0.24111211399075402
lung,baseline,40000,87,79,79,0.2349290880187954
lung,baseline,40000,87,79,79,0.23481980542820755
lung,baseline,40000,87,79,79,0.238694572240052
lung,baseline,40000,87,79,79,0.24180742670587185
lung,baseline,40000,87,79,79,0.2388911744065462
lung,baseline,40000,87,76,76,0.22980316322537195
lung,baseline,40000,87,70,70,0.2539493931922476
lung,baseline,40000,87,69,69,0.26982009788875005
lung,baseline,40000,87,68,68,0.1911130240735886
lung,baseline,40000,87,68,68,0.24688222734909152
lung,baseline,40000,87,68,68,0.2430102395769854
lung,baseline,40000,87,66,66,0.2226731829485212
lung,baseline,40000,87,86,86,0.26417471895817657
lung,baseline,40000,87,70,70,0.27768153970580434
lung,baseline,40000,87,65,65,0.2383806024860973
lung,baseline,40000,87,78,78,0.2506436818431401
lung,baseline,40000,87,73,73,0.25037438783571014
lung,baseline,40000,87,73,73,0.1917361675092591
lung,baseline,40000,87,66,66,0.19768323973968666
lung,baseline,40000,87,20,20,0.528858074741296
lung,baseline,40000,87,86,86,0.25448445617970417
lung,baseline,40000,87,86,86,0.2084869474378401
lung,baseline,40000,87,85,85,0.07237246171391393
lung,baseline,40000,87,82,82,0.16543016630837645
lung,baseline,40000,87,84,84,0.3168776940059538
lung,baseline,40000,87,84,84,0.2730996682477678
lung,baseline,40000,87,84,84,0.30797239418104555
lung,baseline,40000,87,84,84,0.2857002211982139
lung,baseline,40000,87,82,82,0.3116305615787842
lung,baseline,40000,87,78,78,0.29681850505258683
lung,baseline,40000,87,76,76,0.262893387898513
lung,baseline,40000,87,65,65,0.24921979301210476
lung,baseline,40000,87,85,85,0.3217789947003351
lung,baseline,40000,87,80,80,0.23766882034840614
lung,baseline,40000,87,71,71,0.1885362021204876
lung,baseline,40000,87,80,80,0.23583567448991918
lung,baseline,40000,87,80,80,0.23954109845178806
lung,baseline,40000,87,80,80,0.23761162938238312
lung,baseline,40000,87,79,79,0.30363191784699095
lung,baseline,40000,87,77,77,0.27728225078495866
lung,baseline,40000,87,76,76,0.267494931731765
lung,baseline,40000,87,74,74,0.16694347047570152
lung,baseline,40000,87,73,73,0.2458157257738821
lung,baseline,40000,87,73,73,0.266730490219717
lung,baseline,40000,87,73,73,0.24853042842562265
lung,baseline,40000,87,69,69,0.23287486693100007
lung,baseline,40000,87,65,65,0.21844316885054035
lung,baseline,40000,87,64,64,0.2646470891984213
lung,baseline,40000,87,34,34,0.20449214537510157
lung,baseline,40000,87,84,84,0.016300894041229644
lung,baseline,40000,87,34,34,0.06694022109507061
lung,baseline,40000,87,86,86,0.003763609888143938
lung,baseline,40000,87,86,86,0.2172961032035792
lung,baseline,40000,87,86,86,0.27559229521770534
lung,baseline,40000,87,84,84,0.006493073426038185
lung,baseline,40000,87,83,83,0.11734126436474028
lung,baseline,40000,87,81,81,0.1956118851825392
lung,baseline,40000,87,84,84,0.1956176179719896
lung,baseline,40000,87,82,82,0.3128252009107893
lung,baseline,40000,87,81,81,0.27732366618662135
lung,baseline,40000,87,80,80,0.23829941587165826
lung,baseline,40000,87,80,80,0.1763226953913738
lung,baseline,40000,87,79,79,0.29938382825697896
lung,baseline,40000,87,86,86,0.010518708391192079
lung,baseline,40000,87,86,86,0.31154743481374847
lung,baseline,40000,87,86,86,0.11595430199354742
lung,baseline,40000,87,86,86,0.024815069952790033
lung,baseline,40000,87,86,86,0.048989432716493225
lung,baseline,40000,87,85,85,0.13090839787114897
lung,baseline,40000,87,82,82,0.21512273192667256
lung,baseline,40000,87,86,86,0.004626014548005039
lung,baseline,40000,87,86,86,0.02187362492229273
lung,baseline,40000,87,86,86,0.008584650854414929
lung,baseline,40000,87,86,86,0.011757289455148728
lung,baseline,40000,87,86,86,0.004433046045341994
lung,baseline,40000,87,86,86,0.1333401003584125
lung,baseline,40000,87,86,86,0.07446829926283799
lung,baseline,40000,87,86,86,0.02823018940115594
lung,baseline,40000,87,86,86,0.014851920546674651
lung,baseline,40000,87,86,86,0.004658441865827696
lung,baseline,40000,87,86,86,0.028863474367378898
lung,baseline,40000,87,86,86,0.10356077427605914
lung,baseline,40000,87,86,86,0.06619588310704136
lung,baseline,40000,87,86,86,0.024720640844044336
lung,baseline,40000,87,86,86,0.009048550816710625
lung,baseline,40000,87,85,85,0.009040469534243966
lung,baseline,40000,87,85,85,0.03191815688636513
lung,baseline,40000,87,84,84,0.011735352427491255
lung,baseline,40000,87,84,84,0.050098565809723904
lung,baseline,40000,87,84,84,0.01841057788581958
lung,baseline,40000,87,83,83,0.018051547446003423
lung,baseline,40000,87,83,83,0.03288726732623823
lung,baseline,40000,87,80,80,0.01760902502877924
lung,baseline,40000,87,43,43,0.18877912346716197
lung,baseline,40000,87,39,39,0.1834566710502503
lung,baseline,40000,87,28,28,0.22742681952928098
lung,baseline,40000,87,34,34,0.07106324148565846
lung,baseline,40000,87,86,86,0.16444466900958138
lung,baseline,40000,87,86,86,0.26443858789879515
lung,baseline,40000,87,86,86,0.15925057490886899
lung,baseline,40000,87,86,86,0.2317472904943761
lung,baseline,40000,87,86,86,0.005258424389101091
lung,baseline,40000,87,85,85,0.16777680057820712
lung,baseline,40000,87,86,86,0.007092366906781481
lung,baseline,40000,87,86,86,0.0694070521396924
lung,baseline,40000,87,86,86,0.07869937019281384
lung,baseline,40000,87,86,86,0.2296312203378348
lung,baseline,40000,87,86,86,0.2246411941602805
lung,baseline,40000,87,83,83,0.03711858787192802
lung,baseline,40000,87,28,28,0.24054949681620807
lung,baseline,40000,87,86,86,0.14028640687221489
lung,baseline,40000,87,86,86,0.13526660324403544
lung,baseline,40000,87,86,86,0.2879431893306902
lung,baseline,40000,87,84,84,0.09541373788517263
lung,baseline,40000,87,82,82,0.21112681940095387
lung,baseline,40000,87,86,86,0.2520626857700074
lung,baseline,40000,87,86,86,0.2260799433636988
lung,baseline,40000,87,86,86,0.1353488304828485
lung,baseline,40000,87,86,86,0.16606649333604429
lung,baseline,40000,87,86,86,0.02983672680997438
lung,baseline,40000,87,85,85,0.060785350061933245
lung,baseline,40000,87,83,83,0.19448878551738966
lung,baseline,40000,87,83,83,0.08246382067630707
lung,baseline,40000,87,83,83,0.03398194878484484
lung,baseline,40000,87,34,34,0.06551161415359087
lung,baseline,40000,87,84,84,0.21383271084855235
lung,baseline,40000,87,84,84,0.2617880433374476
lung,baseline,40000,87,84,84,0.17248093809506307
lung,baseline,40000,87,84,84,0.20076102989476313
lung,baseline,40000,87,80,80,0.2899566961299932
lung,baseline,40000,87,80,80,0.13701414308302354
lung,baseline,40000,87,80,80,0.1705554919870119
lung,baseline,40000,87,80,80,0.1603590473554501
lung,baseline,40000,87,80,80,0.24565004324869388
lung,baseline,40000,87,80,80,0.21838506006702793
lung,baseline,40000,87,78,78,0.213158161040296
lung,baseline,40000,87,77,77,0.22529816608490935
lung,baseline,40000,87,74,74,0.260750782113755
lung,baseline,40000,87,73,73,0.2337648878133833
lung,baseline,40000,87,86,86,0.2731838897988716
lung,baseline,40000,87,83,83,0.22926732286856363
lung,baseline,40000,87,83,83,0.07303962595205586
lung,baseline,40000,87,65,65,0.24036442825319534
lung,baseline,40000,87,85,85,0.2336095671614097
lung,baseline,40000,87,85,85,0.20180184375308252
lung,baseline,40000,87,83,83,0.2799813159207311
lung,baseline,40000,87,81,81,0.2770095974548386
lung,baseline,40000,87,80,80,0.2527696900192474
lung,baseline,40000,87,80,80,0.16220534789182464
lung,baseline,40000,87,80,80,0.16458525256678597
lung,baseline,40000,87,86,86,0.30293912257811456
lung,baseline,40000,87,83,83,0.24255741895216673
lung,baseline,40000,87,75,75,0.17798552283632338
lung,baseline,40000,87,74,74,0.23118965855802479
lung,baseline,40000,87,34,34,0.06891432581588437
lung,baseline,40000,87,81,81,0.20104634973197372
lung,baseline,40000,87,43,43,0.3114992964194428
lung,baseline,40000,87,39,39,0.29913307850964843
lung,baseline,40000,87,28,28,0.3525981183031663
lung,baseline,40000,87,82,82,0.11191286351506795
lung,baseline,40000,87,43,43,0.15385338132328286
lung,baseline,40000,87,39,39,0.15170471919614817
lung,baseline,40000,87,86,86,0.21458285011582937
lung,baseline,40000,87,86,86,0.09290802232738682
lung,baseline,40000,87,84,84,0.1932572215001342
lung,baseline,40000,87,82,82,0.22715225304423803
lung,baseline,40000,87,80,80,0.20693862614006475
lung,baseline,40000,87,79,79,0.11108175646912262
lung,baseline,40000,87,39,39,0.1849232359259816
lung,baseline,40000,87,20,20,0.33908679826865074
lung,baseline,40000,87,83,83,0.2847981306849464
lung,baseline,40000,87,80,80,0.22037837976490246
lung,baseline,40000,87,80,80,0.2583584217019438
lung,baseline,40000,87,80,80,0.2867955821432127
lung,baseline,40000,87,79,79,0.22833996702933176
lung,baseline,40000,87,76,76,0.25689778231655885
lung,baseline,40000,87,70,70,0.27453677599268356
lung,baseline,40000,87,41,41,0.20382637530441605
lung,baseline,40000,87,34,34,0.05395393546258579
lung,baseline,40000,87,33,33,0.072091869521378
lung,baseline,40000,87,86,86,0.1712629009603452
lung,baseline,40000,87,86,86,0.26686524092336583
lung,baseline,40000,87,86,86,0.29548172678896434
lung,baseline,40000,87,84,84,0.06410317512880519
lung,baseline,40000,87,82,82,0.1984980860017269
lung,baseline,40000,87,86,86,0.23169963865473708
lung,baseline,40000,87,86,86,0.1747975681838263
lung,baseline,40000,87,86,86,0.2736573211307696
lung,baseline,40000,87,86,86,0.16292593667738486
lung,baseline,40000,87,82,82,0.2321263490172336
lung,baseline,40000,87,84,84,0.2653998274224432
lung,baseline,40000,87,78,78,0.24202695039889482
lung,baseline,40000,87,65,65,0.23751248288277077
lung,baseline,40000,87,65,65,0.23481157916016296
lung,baseline,40000,87,57,57,0.25759430714908804
lung,baseline,40000,87,54,54,0.26157349432044363
lung,baseline,40000,87,86,86,0.24241807776290122
lung,baseline,40000,87,80,80,0.24437152837003814
lung,baseline,40000,87,79,79,0.24596611810445104
lung,baseline,40000,87,66,66,0.22805925050323778
lung,baseline,40000,87,85,85,0.26994119352868956
lung,baseline,40000,87,84,84,0.27818445854272145
lung,baseline,40000,87,82,82,0.3058747563462417
lung,baseline,40000,87,80,80,0.2961485687881181
lung,baseline,40000,87,80,80,0.28395185789203686
lung,baseline,40000,87,80,80,0.28220973086371065
lung,baseline,40000,88,86,86,0.17479551231813073
lung,baseline,40000,88,85,85,0.23448254634751026
lung,baseline,40000,88,85,85,0.21406615040352578
lung,baseline,40000,88,83,83,0.1922708149794334
lung,baseline,40000,88,83,83,0.29698980412960424
lung,baseline,40000,88,81,81,0.27049865698472525
lung,baseline,40000,88,81,81,0.20730287034405737
lung,baseline,40000,88,81,81,0.1932318808108604
lung,baseline,40000,88,81,81,0.2632414817104698
lung,baseline,40000,88,80,80,0.24935510092086144
lung,baseline,40000,88,79,79,0.25133028334389074
lung,baseline,40000,88,79,79,0.3126953594869858
lung,baseline,40000,88,77,77,0.20017462252660972
lung,baseline,40000,88,87,87,0.29631175131155424
lung,baseline,40000,88,87,87,0.19920559893709866
lung,baseline,40000,88,84,84,0.025666206947242663
lung,baseline,40000,88,84,84,0.17214924890783548
lung,baseline,40000,88,84,84,0.1658358760956558
lung,baseline,40000,88,83,83,0.05176190981062663
lung,baseline,40000,88,82,82,0.2286760718492764
lung,baseline,40000,88,87,87,0.037236983485225375
lung,baseline,40000,88,87,87,0.11467432863297518
lung,baseline,40000,88,86,86,0.03607833208590623
lung,baseline,40000,88,85,85,0.05124337654178665
lung,baseline,40000,88,87,87,0.20754263322349056
lung,baseline,40000,88,87,87,0.09920296906171518
lung,baseline,40000,88,87,87,0.25266761916902575
lung,baseline,40000,88,85,85,0.06486391783673118
lung,baseline,40000,88,82,82,0.17436765377196162
lung,baseline,40000,88,79,79,0.04840985835498158
lung,baseline,40000,88,87,87,0.2005644599333639
lung,baseline,40000,88,87,87,0.24652238465441295
lung,baseline,40000,88,87,87,0.002590352924196419
lung,baseline,40000,88,87,87,0.058938231544861795
lung,baseline,40000,88,34,34,0.2951022412836907
lung,baseline,40000,88,87,87,0.011495084362914968
lung,baseline,40000,88,86,86,0.27916748790423596
lung,baseline,40000,88,85,85,0.25633361896493256
lung,baseline,40000,88,81,81,0.26237165258849277
lung,baseline,40000,88,80,80,0.1834492625674547
lung,baseline,40000,88,80,80,0.15145246291407424
lung,baseline,40000,88,14,14,0.2283936941956577
lung,baseline,40000,88,87,87,0.06892122385298972
lung,baseline,40000,88,87,87,0.2105683453517179
lung,baseline,40000,88,87,87,0.07687727425149024
lung,baseline,40000,88,87,87,0.0013160409555813546
lung,baseline,40000,88,87,87,0.24352406988964156
lung,baseline,40000,88,87,87,0.06498356532122568
lung,baseline,40000,88,87,87,0.09186734908453603
lung,baseline,40000,88,86,86,0.017957175859908903
lung,baseline,40000,88,81,81,0.049281664034811594
lung,baseline,40000,88,14,14,0.20973520083406985
lung,baseline,40000,88,87,87,0.24729800428507573
lung,baseline,40000,88,87,87,0.2394637849229763
lung,baseline,40000,88,87,87,0.12779531856429294
lung,baseline,40000,88,87,87,0.22368790826490934
lung,baseline,40000,88,83,83,0.15315885036995758
lung,baseline,40000,88,78,78,0.017286949716048657
lung,baseline,40000,88,86,86,0.05761788954277627
lung,baseline,40000,88,37,37,0.2066192103254697
lung,baseline,40000,88,36,36,0.180587120983466
lung,baseline,40000,88,34,34,0.1970311873222285
lung,baseline,40000,88,87,87,0.29883228314426963
lung,baseline,40000,88,82,82,0.08651790537310546
lung,baseline,40000,88,70,70,0.2059627968916329
lung,baseline,40000,88,70,70,0.22566125650081847
lung,baseline,40000,88,69,69,0.2745923725109302
lung,baseline,40000,88,69,69,0.2896632521055779
lung,baseline,40000,88,37,37,0.2719838775644769
lung,baseline,40000,88,36,36,0.2517947799668872
lung,baseline,40000,88,34,34,0.2804582080869161
lung,baseline,40000,88,84,84,0.12292740725251784
lung,baseline,40000,88,82,82,0.13625335398680233
lung,baseline,40000,88,87,87,0.14610687914594608
lung,baseline,40000,88,87,87,0.27269400194072424
lung,baseline,40000,88,87,87,0.16226482006911844
lung,baseline,40000,88,83,83,0.12419510411716432
lung,baseline,40000,88,82,82,0.03200289998197486
lung,baseline,40000,88,87,87,0.10170769223881601
lung,baseline,40000,88,87,87,0.09648728579587282
lung,baseline,40000,88,87,87,0.2231758136791596
lung,baseline,40000,88,87,87,0.2808863181675869
lung,baseline,40000,88,87,87,0.2900210632467649
lung,baseline,40000,88,87,87,0.22984805041841536
lung,baseline,40000,88,87,87,0.02283752083173131
lung,baseline,40000,88,87,87,0.24166851671266304
lung,baseline,40000,88,84,84,0.01670466935521313
lung,baseline,40000,88,84,84,0.17869992319036979
lung,baseline,40000,88,85,85,0.007429202525983681
lung,baseline,40000,88,33,33,0.07428556656272825
lung,baseline,40000,88,87,87,0.23020315325419471
lung,baseline,40000,88,87,87,0.05249443116246096
lung,baseline,40000,88,87,87,0.2486997595471042
lung,baseline,40000,88,87,87,0.04346842784999324
lung,baseline,40000,88,85,85,0.16842350465956837
lung,baseline,40000,88,83,83,0.2471879086583329
lung,baseline,40000,88,83,83,0.23660659420648295
lung,baseline,40000,88,87,87,0.017073648749679392
lung,baseline,40000,88,78,78,0.016410875256207998
lung,baseline,40000,88,56,56,0.12762750738016276
lung,baseline,40000,88,87,87,0.15870040061496055
lung,baseline,40000,88,87,87,0.03950059161069836
lung,baseline,40000,88,87,87,0.10084361175155088
lung,baseline,40000,88,87,87,0.053585930057454496
lung,baseline,40000,88,87,87,0.0033626971742899995
lung,baseline,40000,88,87,87,0.07163048571534493
lung,baseline,40000,88,87,87,0.08253371690512315
lung,baseline,40000,88,87,87,0.01841524493269196
lung,baseline,40000,88,87,87,0.23441948155422807
lung,baseline,40000,88,87,87,0.26820077008869664
lung,baseline,40000,88,86,86,0.03491763984978755
lung,baseline,40000,88,81,81,0.07205771794133961
lung,baseline,40000,88,87,87,0.18163465353358366
lung,baseline,40000,88,87,87,0.00926572997837089
lung,baseline,40000,88,87,87,0.07944616619236634
lung,baseline,40000,88,87,87,0.009183327047683673
lung,baseline,40000,88,87,87,0.2665355825349689
lung,baseline,40000,88,87,87,0.011849217990541616
lung,baseline,40000,88,87,87,0.007811998922360992
lung,baseline,40000,88,84,84,0.083890252749515
lung,baseline,40000,88,83,83,0.23063424087309672
lung,baseline,40000,88,82,82,0.21649251034879763
lung,baseline,40000,88,87,87,0.05809246626739789
lung,baseline,40000,88,87,87,0.2522131623447212
lung,baseline,40000,88,84,84,0.05926590602289292
lung,baseline,40000,88,83,83,0.16692832284700546
lung,baseline,40000,88,82,82,0.05934533005436774
lung,baseline,40000,88,43,43,0.2215505987200059
lung,baseline,40000,88,87,87,0.25069547840607265
lung,baseline,40000,88,87,87,0.08366026637564089
lung,baseline,40000,88,87,87,0.23284174351735792
lung,baseline,40000,88,84,84,0.05767829558319696
lung,baseline,40000,88,84,84,0.10514001450019043
lung,baseline,40000,88,82,82,0.18360711609798178
lung,baseline,40000,88,84,84,0.016545347387129563
lung,baseline,40000,88,82,82,0.015536557466896105
lung,baseline,40000,88,87,87,0.1724691338732639
lung,baseline,40000,88,87,87,0.000808547578777578
lung,baseline,40000,88,82,82,0.08642443734110555
lung,baseline,40000,88,82,82,0.25821621092594366
lung,baseline,40000,88,81,81,0.25870244562092076
lung,baseline,40000,88,80,80,0.29950802883664474
lung,baseline,40000,88,80,80,0.17689410079171103
lung,baseline,40000,88,76,76,0.1847687388991883
lung,baseline,40000,88,87,87,0.07214172008560513
lung,baseline,40000,88,34,34,0.15416201636876328
lung,baseline,40000,88,87,87,0.19177388570204051
lung,baseline,40000,88,87,87,0.19462623715641386
lung,baseline,40000,88,87,87,0.23656028585264802
lung,baseline,40000,88,87,87,0.05787883775512907
lung,baseline,40000,88,83,83,0.1081538398126112
lung,baseline,40000,88,87,87,0.11655917524959947
lung,baseline,40000,88,84,84,0.028297626546928373
lung,baseline,40000,88,84,84,0.0170923862246188
lung,baseline,40000,88,62,62,0.07700065959845259
lung,baseline,40000,88,87,87,0.05311272962612933
lung,baseline,40000,88,87,87,0.22557936639625467
lung,baseline,40000,88,87,87,0.22973894071222756
lung,baseline,40000,88,83,83,0.09192141620628302
lung,baseline,40000,88,34,34,0.1536381126605117
lung,baseline,40000,88,87,87,0.00532739257805983
lung,baseline,40000,88,87,87,0.023273550083310775
lung,baseline,40000,88,87,87,0.026145084374677507
lung,baseline,40000,88,87,87,0.0857009897845662
lung,baseline,40000,88,87,87,0.09389135607224765
lung,baseline,40000,88,87,87,0.025087974841984596
lung,baseline,40000,88,87,87,0.039281351976152894
lung,baseline,40000,88,87,87,0.1985346223159537
lung,baseline,40000,88,87,87,0.21881796050532598
lung,baseline,40000,88,87,87,0.04479184433585932
lung,baseline,40000,88,87,87,0.03473472952236123
lung,baseline,40000,88,86,86,0.02758533959693663
lung,baseline,40000,88,85,85,0.1156362922603008
lung,baseline,40000,88,85,85,0.05322926273318895
lung,baseline,40000,88,84,84,0.07324601646744175
lung,baseline,40000,88,87,87,0.05270226561038063
lung,baseline,40000,88,87,87,0.2085871074667513
lung,baseline,40000,88,87,87,0.22563377990610597
lung,baseline,40000,88,87,87,0.25748635670312653
lung,baseline,40000,88,85,85,0.0029910723951057615
lung,baseline,40000,88,84,84,0.06057197720593049
lung,baseline,40000,88,87,87,0.028230590838659097
lung,baseline,40000,88,86,86,0.04042097286844916
lung,baseline,40000,88,86,86,0.251014933781734
lung,baseline,40000,88,76,76,0.25111535148658
lung,baseline,40000,88,87,87,0.09745979532700062
lung,baseline,40000,88,87,87,0.0211573649701974
lung,baseline,40000,88,87,87,0.2869359208636335
lung,baseline,40000,88,87,87,0.12482801969409195
lung,baseline,40000,88,87,87,0.020847094467772102
lung,baseline,40000,88,87,87,0.01929862783049906
lung,baseline,40000,88,87,87,0.054224922810700134
lung,baseline,40000,88,85,85,0.09133961583317154
lung,baseline,40000,88,86,86,0.0256194853529296
lung,baseline,40000,88,85,85,0.26719988170244857
lung,baseline,40000,88,85,85,0.26469604063305713
lung,baseline,40000,88,83,83,0.23213179535702033
lung,baseline,40000,88,83,83,0.2695854833598324
lung,baseline,40000,88,83,83,0.17870965162858954
lung,baseline,40000,88,81,81,0.24208952971042624
lung,baseline,40000,88,81,81,0.18799832332361358
lung,baseline,40000,88,80,80,0.22758245282159298
lung,baseline,40000,88,79,79,0.2809478085995038
lung,baseline,40000,88,79,79,0.30449000226038403
lung,baseline,40000,88,75,75,0.20463461695298707
lung,baseline,40000,88,86,86,0.26827582999625715
lung,baseline,40000,88,82,82,0.26659096285087686
lung,baseline,40000,88,78,78,0.2526177657645852
lung,baseline,40000,88,73,73,0.2601520450784658
lung,baseline,40000,88,73,73,0.2460706752769255
lung,baseline,40000,88,71,71,0.24223463630665915
lung,baseline,40000,88,69,69,0.29145921411369696
lung,baseline,40000,88,69,69,0.201088935643317
lung,baseline,40000,88,69,69,0.2141503578704008
lung,baseline,40000,88,66,66,0.22624866688903622
lung,baseline,40000,88,63,63,0.3099939927782362
lung,baseline,40000,88,41,41,0.17308664534325308
lung,baseline,40000,88,87,87,0.24989508156839849
lung,baseline,40000,88,87,87,0.16228740249228205
lung,baseline,40000,88,84,84,0.15658060421329306
lung,baseline,40000,88,83,83,0.19552450290056564
lung,baseline,40000,88,83,83,0.16573758138526345
lung,baseline,40000,88,34,34,0.15222557658001226
lung,baseline,40000,88,82,82,0.21348648114424176
lung,baseline,40000,88,33,33,0.14597392296300105
lung,baseline,40000,88,34,34,0.16335067224138533
lung,baseline,40000,88,82,82,0.2889816290393948
lung,baseline,40000,88,80,80,0.22419350780491154
lung,baseline,40000,88,77,77,0.2669944623970919
lung,baseline,40000,88,76,76,0.2731466431462425
lung,baseline,40000,88,75,75,0.17793881943337608
lung,baseline,40000,88,74,74,0.18344642441270131
lung,baseline,40000,88,73,73,0.25002614794706857
lung,baseline,40000,88,73,73,0.266074999067248
lung,baseline,40000,88,73,73,0.2444835150502758
lung,baseline,40000,88,73,73,0.2705546330157552
lung,baseline,40000,88,67,67,0.24976717457194933
lung,baseline,40000,88,64,64,0.2577250409479851
lung,baseline,40000,88,33,33,0.09500944719061809
lung,baseline,40000,88,34,34,0.06749839801024936
lung,baseline,40000,88,37,37,0.20645974981090845
lung,baseline,40000,88,36,36,0.16849251729468168
lung,baseline,40000,88,34,34,0.2774144806461701
lung,baseline,40000,88,34,34,0.14810388412698583
lung,baseline,40000,88,87,87,0.17802155979640474
lung,baseline,40000,88,87,87,0.01762059642397588
lung,baseline,40000,88,87,87,0.11439622924128665
lung,baseline,40000,88,87,87,0.00960902231559934
lung,baseline,40000,88,87,87,0.012209008146404545
lung,baseline,40000,88,87,87,0.0063790356175186455
lung,baseline,40000,88,85,85,0.02532180188692003
lung,baseline,40000,88,33,33,0.25286820996315224
lung,baseline,40000,88,14,14,0.25406873594058405
lung,baseline,40000,88,33,33,0.06854514057614876
lung,baseline,40000,88,87,87,0.022613251698597597
lung,baseline,40000,88,87,87,0.29366863731821247
lung,baseline,40000,88,87,87,0.2295370036005166
lung,baseline,40000,88,87,87,0.008070902744681028
lung,baseline,40000,88,85,85,0.08796959006367747
lung,baseline,40000,88,84,84,0.02732510082415428
lung,baseline,40000,88,84,84,0.19991171707786376
lung,baseline,40000,88,82,82,0.24235691408120852
lung,baseline,40000,88,87,87,0.2986389507921909
lung,baseline,40000,88,87,87,0.011555223523709308
lung,baseline,40000,88,87,87,0.242597371849256
lung,baseline,40000,88,87,87,0.050641294908128194
lung,baseline,40000,88,87,87,0.11371741275468633
lung,baseline,40000,88,87,87,0.005573847447443919
lung,baseline,40000,88,87,87,0.24557718927864922
lung,baseline,40000,88,87,87,0.2700823079300518
lung,baseline,40000,88,87,87,0.050983553670352705
lung,baseline,40000,88,84,84,0.09947513761631785
lung,baseline,40000,88,82,82,0.12946332870386115
lung,baseline,40000,88,34,34,0.06337966473970442
lung,baseline,40000,88,87,87,0.2728853357586537
lung,baseline,40000,88,87,87,0.2223312798869345
lung,baseline,40000,88,82,82,0.15443692396068734
lung,baseline,40000,88,87,87,0.16984504885579013
lung,baseline,40000,88,87,87,0.3279909762631444
lung,baseline,40000,88,87,87,0.19695210124095525
lung,baseline,40000,88,87,87,0.016119386784590104
lung,baseline,40000,88,84,84,0.12773197775832157
lung,baseline,40000,88,83,83,0.024412770377143695
lung,baseline,40000,88,82,82,0.16590916259049843
lung,baseline,40000,88,56,56,0.10593505072509912
lung,baseline,40000,88,77,77,0.043909610327438856
lung,baseline,40000,88,77,77,0.14981879673267587
lung,baseline,40000,88,76,76,0.03389500850827305
lung,baseline,40000,88,86,86,0.156200082441978
lung,baseline,40000,88,87,87,0.1832101432365282
lung,baseline,40000,88,86,86,0.22403106992809343
lung,baseline,40000,88,86,86,0.23783759808637828
lung,baseline,40000,88,86,86,0.22530595040505363
lung,baseline,40000,88,81,81,0.26764367249419524
lung,baseline,40000,88,74,74,0.28231990680223457
lung,baseline,40000,88,84,84,0.013298483869687773
lung,baseline,40000,88,82,82,0.0138442382330953
lung,baseline,40000,88,87,87,0.0012906447455629138
lung,baseline,40000,88,87,87,0.27094011179836347
lung,baseline,40000,88,86,86,0.22851683435022724
lung,baseline,40000,88,86,86,0.212180428004196
lung,baseline,40000,88,85,85,0.22228019004027338
lung,baseline,40000,88,82,82,0.15314140215949132
lung,baseline,40000,88,82,82,0.253858715216371
lung,baseline,40000,88,14,14,0.3337809234026502
lung,baseline,40000,88,87,87,0.23722739284291164
lung,baseline,40000,88,87,87,0.06187107703745278
lung,baseline,40000,88,87,87,0.2723708082342492
lung,baseline,40000,88,83,83,0.07806619906477563
lung,baseline,40000,88,33,33,0.13505791920627094
lung,baseline,40000,88,85,85,0.2699098736893491
lung,baseline,40000,88,79,79,0.2082529719932423
lung,baseline,40000,88,78,78,0.26229562371482573
lung,baseline,40000,88,78,78,0.2219704341316025
lung,baseline,40000,88,71,71,0.2632503183595454
lung,baseline,40000,88,62,62,0.2391423998002421
lung,baseline,40000,88,56,56,0.23840546725443426
lung,baseline,40000,88,87,87,0.2472381053848892
lung,baseline,40000,88,87,87,0.148869235066014
lung,baseline,40000,88,87,87,0.014920692327329652
lung,baseline,40000,88,87,87,0.023885238966001435
lung,baseline,40000,88,87,87,0.2904879270755584
lung,baseline,40000,88,87,87,0.07277995567024013
lung,baseline,40000,88,85,85,0.049065715156284835
lung,baseline,40000,88,78,78,0.033053147225672735
lung,baseline,40000,88,87,87,0.30156411027878627
lung,baseline,40000,88,87,87,0.0005609044016815044
lung,baseline,40000,88,86,86,0.19010213869326723
lung,baseline,40000,88,86,86,0.26342085521624486
lung,baseline,40000,88,86,86,0.19095736394528906
lung,baseline,40000,88,82,82,0.2622122954677732
lung,baseline,40000,88,87,87,0.2337043545007769
lung,baseline,40000,88,87,87,0.09350428449856964
lung,baseline,40000,88,87,87,0.16062966879275992
lung,baseline,40000,88,87,87,0.006072120311854245
lung,baseline,40000,88,87,87,0.16039573659860806
lung,baseline,40000,88,87,87,0.012115051802707713
lung,baseline,40000,88,87,87,0.266226797744926
lung,baseline,40000,88,87,87,0.0028983987295326053
lung,baseline,40000,88,87,87,0.15323519775590652
lung,baseline,40000,88,87,87,0.0038146087048960345
lung,baseline,40000,88,86,86,0.03863385726166491
lung,baseline,40000,88,85,85,0.02592290608212667
lung,baseline,40000,88,85,85,0.06522702746325842
lung,baseline,40000,88,84,84,0.02056555364145895
lung,baseline,40000,88,84,84,0.030445241049475456
lung,baseline,40000,88,62,62,0.22720372554750232
lung,baseline,40000,88,37,37,0.20117927999000668
lung,baseline,40000,88,36,36,0.16239675144714238
lung,baseline,40000,88,34,34,0.28606898098602285
lung,baseline,40000,88,87,87,0.20080058516266877
lung,baseline,40000,88,87,87,0.01400659620525332
lung,baseline,40000,88,87,87,0.002973607313232827
lung,baseline,40000,88,87,87,0.2650712165175077
lung,baseline,40000,88,83,83,0.14969089745966208
lung,baseline,40000,88,33,33,0.06797900514111123
lung,baseline,40000,88,81,81,0.1962213529451218
lung,baseline,40000,88,77,77,0.2888997944370018
lung,baseline,40000,88,77,77,0.25839900934199317
lung,baseline,40000,88,76,76,0.27881853842207727
lung,baseline,40000,88,73,73,0.2572862752468945
lung,baseline,40000,88,43,43,0.31018646740687966
lung,baseline,40000,88,39,39,0.29856093537522216
lung,baseline,40000,88,34,34,0.1881980161119757
lung,baseline,40000,88,33,33,0.07345146259022374
lung,baseline,40000,88,87,87,0.22631466535465863
lung,baseline,40000,88,87,87,0.19302830081823413
lung,baseline,40000,88,87,87,0.18846038042035038
lung,baseline,40000,88,83,83,0.07920016481741438
lung,baseline,40000,88,82,82,0.11925000460773313
lung,baseline,40000,88,43,43,0.27159782518510134
lung,baseline,40000,88,39,39,0.259056264222442
lung,baseline,40000,88,28,28,0.3109125772618448
lung,baseline,40000,88,14,14,0.22914187097423971
lung,baseline,40000,88,14,14,0.20569793337556833
lung,baseline,40000,88,86,86,0.04669002128584177
lung,baseline,40000,88,85,85,0.105932937756128
lung,baseline,40000,88,85,85,0.057713356909681664
lung,baseline,40000,88,80,80,0.08169508298068673
lung,baseline,40000,88,78,78,0.04906961337213137
lung,baseline,40000,88,87,87,0.12200704773127509
lung,baseline,40000,88,87,87,0.13251105939281665
lung,baseline,40000,88,87,87,0.03143133331325312
lung,baseline,40000,88,87,87,0.008939221989622688
lung,baseline,40000,88,87,87,0.27922554318503046
lung,baseline,40000,88,87,87,0.14174039424473323
lung,baseline,40000,88,86,86,0.040883859466810925
lung,baseline,40000,88,86,86,0.04007112526374182
lung,baseline,40000,88,85,85,0.048043026012296465
lung,baseline,40000,88,81,81,0.07636546555704811
lung,baseline,40000,88,82,82,0.1628651174976865
lung,baseline,40000,88,43,43,0.2812977408414712
lung,baseline,40000,88,39,39,0.2833186960571954
lung,baseline,40000,88,28,28,0.3785067534244998
lung,baseline,40000,88,34,34,0.1266895459713273
lung,baseline,40000,88,87,87,0.21841422197220697
lung,baseline,40000,88,82,82,0.2600715526724088
lung,baseline,40000,88,76,76,0.2419257943868986
lung,baseline,40000,88,75,75,0.23776094784896146
lung,baseline,40000,88,73,73,0.24993579125794665
lung,baseline,40000,88,73,73,0.22409918654352712
lung,baseline,40000,88,70,70,0.16385472505200543
lung,baseline,40000,88,34,34,0.1555944226499199
lung,baseline,40000,88,43,43,0.16614823643197238
lung,baseline,40000,88,39,39,0.162939004733094
lung,baseline,40000,88,87,87,0.01878645984945064
lung,baseline,40000,88,85,85,0.015532986112826741
lung,baseline,40000,88,84,84,0.01816371139268249
lung,baseline,40000,88,14,14,0.20802891203945698
lung,baseline,40000,88,87,87,0.21906563528052575
lung,baseline,40000,88,87,87,0.1875221621083385
lung,baseline,40000,88,86,86,0.2113998126411994
lung,baseline,40000,89,56,56,0.10342950821561504
lung,baseline,40000,89,88,88,0.12655607844341812
lung,baseline,40000,89,28,28,0.3116512047813738
lung,baseline,40000,89,88,88,0.004189160698267112
lung,baseline,40000,89,88,88,0.12452709073362932
lung,baseline,40000,89,88,88,0.2781640229570078
lung,baseline,40000,89,88,88,0.011117146668177747
lung,baseline,40000,89,88,88,0.001244586468140167
lung,baseline,40000,89,88,88,0.20614728291609422
lung,baseline,40000,89,88,88,0.22153835140312725
lung,baseline,40000,89,88,88,0.0005717309099789364
lung,baseline,40000,89,87,87,0.004448655227286851
lung,baseline,40000,89,86,86,0.033405516951077296
lung,baseline,40000,89,85,85,0.08307031558954865
lung,baseline,40000,89,82,82,0.013376794678450692
lung,baseline,40000,89,75,75,0.0786802767610721
lung,baseline,40000,89,56,56,0.09767665309137372
lung,baseline,40000,89,88,88,0.14417229547639795
lung,baseline,40000,89,56,56,0.1219805327254385
lung,baseline,40000,89,88,88,0.013261302210617104
lung,baseline,40000,89,86,86,0.014858900239967297
lung,baseline,40000,89,88,88,0.10731330607547207
lung,baseline,40000,89,88,88,0.055398772146700234
lung,baseline,40000,89,87,87,0.015708624947979886
lung,baseline,40000,89,37,37,0.15712104732870377
lung,baseline,40000,89,36,36,0.10473564964464874
lung,baseline,40000,89,34,34,0.2552526570431735
lung,baseline,40000,89,82,82,0.01768694205427919
lung,baseline,40000,89,88,88,0.008568633940764497
lung,baseline,40000,89,88,88,0.010816886395062732
lung,baseline,40000,89,85,85,0.006716815425724409
lung,baseline,40000,89,78,78,0.2929104836076895
lung,baseline,40000,89,43,43,0.33708760380328373
lung,baseline,40000,89,39,39,0.3069093706079421
lung,baseline,40000,89,28,28,0.3471976489704733
lung,baseline,40000,89,37,37,0.2036420058899638
lung,baseline,40000,89,36,36,0.16472702085545732
lung,baseline,40000,89,34,34,0.2735396703006601
lung,baseline,40000,89,88,88,0.1967696116914844
lung,baseline,40000,89,81,81,0.020691090704286326
lung,baseline,40000,89,80,80,0.02413877046365808
lung,baseline,40000,89,66,66,0.2294196314471993
lung,baseline,40000,89,62,62,0.2114419243695381
lung,baseline,40000,89,28,28,0.3366317058363296
lung,baseline,40000,89,88,88,0.054303072658666164
lung,baseline,40000,89,88,88,0.1528874687761718
lung,baseline,40000,89,88,88,0.056101873075069794
lung,baseline,40000,89,88,88,0.2201481799844851
lung,baseline,40000,89,86,86,0.026171003687811823
lung,baseline,40000,89,83,83,0.0436955515698623
lung,baseline,40000,89,43,43,0.3374278422868206
lung,baseline,40000,89,39,39,0.31037877023781785
lung,baseline,40000,89,56,56,0.10469464657354322
lung,baseline,40000,89,37,37,0.11902459849592295
lung,baseline,40000,89,88,88,0.01868876899491773
lung,baseline,40000,89,88,88,0.023075962472720733
lung,baseline,40000,89,87,87,0.01432503131787678
lung,baseline,40000,89,88,88,0.25817092678923337
lung,baseline,40000,89,86,86,0.18393391677622364
lung,baseline,40000,89,85,85,0.16860318995851764
lung,baseline,40000,89,34,34,0.07260959823303062
lung,baseline,40000,89,80,80,0.2229829542071456
lung,baseline,40000,89,43,43,0.27760759330351026
lung,baseline,40000,89,39,39,0.2638165847908919
lung,baseline,40000,89,28,28,0.3768878287745966
lung,baseline,40000,89,56,56,0.10902015119318934
lung,baseline,40000,89,40,40,0.15572509304472906
lung,baseline,40000,89,28,28,0.22453566648546744
lung,baseline,40000,89,88,88,0.009110138109500142
lung,baseline,40000,89,87,87,0.1252058518031273
lung,baseline,40000,89,84,84,0.1686475582370955
lung,baseline,40000,89,75,75,0.13513416647313833
lung,baseline,40000,89,80,80,0.15570980530754508
lung,baseline,40000,89,43,43,0.20249994871225757
lung,baseline,40000,89,39,39,0.19890005451638101
lung,baseline,40000,89,28,28,0.24122506907199812
lung,baseline,40000,89,34,34,0.059651501915494204
lung,baseline,40000,89,88,88,0.005869052394423943
lung,baseline,40000,89,88,88,0.2065281535149454
lung,baseline,40000,89,88,88,0.07699972098592098
lung,baseline,40000,89,88,88,0.25002235599468436
lung,baseline,40000,89,87,87,0.06404314653959518
lung,baseline,40000,89,84,84,0.13748049443486382
lung,baseline,40000,89,83,83,0.061416274390042706
lung,baseline,40000,89,83,83,0.1525793696915531
lung,baseline,40000,89,34,34,0.1223903814846804
lung,baseline,40000,89,88,88,0.0055843577174328005
lung,baseline,40000,89,87,87,0.02999376528375821
lung,baseline,40000,89,56,56,0.10785069781099885
lung,baseline,40000,89,88,88,0.16965665973801114
lung,baseline,40000,89,88,88,0.10268756436903169
lung,baseline,40000,89,85,85,0.08869418241987032
lung,baseline,40000,89,85,85,0.09139761759286927
lung,baseline,40000,89,84,84,0.15679458245773598
lung,baseline,40000,89,84,84,0.10964540451146723
lung,baseline,40000,89,84,84,0.13136226523189645
lung,baseline,40000,89,88,88,0.00985760888406424
lung,baseline,40000,89,88,88,0.02334331873543859
lung,baseline,40000,89,56,56,0.08901490241744613
lung,baseline,40000,89,88,88,0.12005366873448745
lung,baseline,40000,89,82,82,0.04152254854127197
lung,baseline,40000,89,83,83,0.16038907838488287
lung,baseline,40000,89,80,80,0.08343098407063065
lung,baseline,40000,89,28,28,0.25389674428530984
lung,baseline,40000,89,88,88,0.016804676747239965
lung,baseline,40000,89,88,88,0.03577765238364801
lung,baseline,40000,89,34,34,0.1542920900184646
lung,baseline,40000,89,88,88,0.06003856443223581
lung,baseline,40000,89,88,88,0.018286182596528835
lung,baseline,40000,89,88,88,0.2765192350241283
lung,baseline,40000,89,88,88,0.010103950537112215
lung,baseline,40000,89,88,88,0.06927795767446697
lung,baseline,40000,89,88,88,0.20084224607252896
lung,baseline,40000,89,87,87,0.022728771001026233
lung,baseline,40000,89,83,83,0.08953010230184215
lung,baseline,40000,89,75,75,0.2043272432340564
lung,baseline,40000,89,56,56,0.2087906782863464
lung,baseline,40000,89,37,37,0.19770967574672765
lung,baseline,40000,89,36,36,0.1943160726983686
lung,baseline,40000,89,88,88,0.0035943301140916708
lung,baseline,40000,89,87,87,0.009669150602214498
lung,baseline,40000,89,87,87,0.004488434372755072
lung,baseline,40000,89,43,43,0.27246866792313806
lung,baseline,40000,89,39,39,0.2713542907180332
lung,baseline,40000,89,28,28,0.34913214135113935
lung,baseline,40000,89,85,85,0.11352974361829257
lung,baseline,40000,89,37,37,0.24089850644541586
lung,baseline,40000,89,34,34,0.16431660464743775
lung,baseline,40000,89,37,37,0.09850717316709352
lung,baseline,40000,89,34,34,0.18422301738303715
lung,baseline,40000,89,33,33,0.06593614485257021
lung,baseline,40000,89,88,88,0.10525650029246333
lung,baseline,40000,89,88,88,0.08422745017882015
lung,baseline,40000,89,88,88,0.1738251754482459
lung,baseline,40000,89,87,87,0.08920075937347752
lung,baseline,40000,89,85,85,0.0691298803972493
lung,baseline,40000,89,83,83,0.16700600921194947
lung,baseline,40000,89,71,71,0.06100699822567232
lung,baseline,40000,89,86,86,0.016349052257646424
lung,baseline,40000,89,84,84,0.14921686676279236
lung,baseline,40000,89,75,75,0.14458107353993496
lung,baseline,40000,89,33,33,0.10240517955359843
lung,baseline,40000,89,34,34,0.07209771592227493
lung,baseline,40000,89,88,88,0.17387249172435426
lung,baseline,40000,89,88,88,0.22390445259662647
lung,baseline,40000,89,88,88,0.08288392347434742
lung,baseline,40000,89,84,84,0.1310781393282988
lung,baseline,40000,89,83,83,0.09973084960520076
lung,baseline,40000,89,88,88,0.0032451523162147296
lung,baseline,40000,89,88,88,0.17028403357145336
lung,baseline,40000,89,88,88,0.003829799546769454
lung,baseline,40000,89,88,88,0.0689147513980915
lung,baseline,40000,89,88,88,0.13881922495788918
lung,baseline,40000,89,88,88,0.00034026675999812193
lung,baseline,40000,89,88,88,0.304588715505497
lung,baseline,40000,89,88,88,0.035866566969179364
lung,baseline,40000,89,88,88,0.0005482756582380326
lung,baseline,40000,89,85,85,0.016136334668648243
lung,baseline,40000,89,88,88,0.2977490737261162
lung,baseline,40000,89,85,85,0.2194258629458244
lung,baseline,40000,89,84,84,0.19894937135465884
lung,baseline,40000,89,71,71,0.17847137234788965
lung,baseline,40000,89,56,56,0.20841176450473547
lung,baseline,40000,89,87,87,0.015536255431008283
lung,baseline,40000,89,84,84,0.0311522422544746
lung,baseline,40000,89,82,82,0.032688237038487764
lung,baseline,40000,89,84,84,0.12859192584867268
lung,baseline,40000,89,80,80,0.10050316244536497
lung,baseline,40000,89,87,87,0.026021510271517
lung,baseline,40000,89,56,56,0.10678871821315432
lung,baseline,40000,89,82,82,0.17392443211120923
lung,baseline,40000,89,88,88,0.11522693656481314
lung,baseline,40000,89,34,34,0.06989047654102576
lung,baseline,40000,89,88,88,0.01402001895494761
lung,baseline,40000,89,88,88,0.014635355391878173
lung,baseline,40000,89,87,87,0.012489967108443627
lung,baseline,40000,89,87,87,0.008739220418713778
lung,baseline,40000,89,86,86,0.29435498530775867
lung,baseline,40000,89,79,79,0.0905070167838518
lung,baseline,40000,89,78,78,0.09055924567269281
lung,baseline,40000,89,71,71,0.25269677630460446
lung,baseline,40000,89,56,56,0.11162441094890907
lung,baseline,40000,89,34,34,0.07159375138566222
lung,baseline,40000,89,85,85,0.1210508385965413
lung,baseline,40000,89,84,84,0.13275874478924993
lung,baseline,40000,89,82,82,0.12273442083146567
lung,baseline,40000,89,56,56,0.19784398963660554
lung,baseline,40000,89,40,40,0.16313196243750502
lung,baseline,40000,89,39,39,0.2235623227962342
lung,baseline,40000,89,88,88,0.05281005525321616
lung,baseline,40000,89,88,88,0.0020921467397222826
lung,baseline,40000,89,88,88,0.2230790325633865
lung,baseline,40000,89,88,88,0.06164795389485544
lung,baseline,40000,89,88,88,0.21291219608906536
lung,baseline,40000,89,87,87,0.0006089797369255
lung,baseline,40000,89,88,88,0.18787663467821372
lung,baseline,40000,89,88,88,0.12366805566280421
lung,baseline,40000,89,87,87,0.009517938395127117
lung,baseline,40000,89,86,86,0.04006584982838281
lung,baseline,40000,89,40,40,0.247614425531245
lung,baseline,40000,89,39,39,0.2910369167833037
lung,baseline,40000,89,37,37,0.24943430023712604
lung,baseline,40000,89,36,36,0.2049205374911759
lung,baseline,40000,89,27,27,0.35080643103703146
lung,baseline,40000,89,88,88,0.07192991215377223
lung,baseline,40000,89,88,88,0.08967237060255452
lung,baseline,40000,89,88,88,0.1852378824138239
lung,baseline,40000,89,88,88,0.23300631094091856
lung,baseline,40000,89,87,87,0.022585787967123832
lung,baseline,40000,89,83,83,0.18046839312079527
lung,baseline,40000,89,88,88,0.07862670588070672
lung,baseline,40000,89,88,88,0.16549904914098723
lung,baseline,40000,89,88,88,0.10608476492822531
lung,baseline,40000,89,86,86,0.11123757579340748
lung,baseline,40000,89,85,85,0.12234566972619253
lung,baseline,40000,89,84,84,0.11994215501141481
lung,baseline,40000,89,83,83,0.14738021606055296
lung,baseline,40000,89,88,88,0.06142195975475386
lung,baseline,40000,89,88,88,0.02846875644433433
lung,baseline,40000,89,88,88,0.2878859349918877
lung,baseline,40000,89,88,88,0.00889925698666339
lung,baseline,40000,89,88,88,0.1679875822281229
lung,baseline,40000,89,88,88,0.027451452899181574
lung,baseline,40000,89,88,88,0.06496604361960573
lung,baseline,40000,89,88,88,0.007873294456405947
lung,baseline,40000,89,86,86,0.06449620672359231
lung,baseline,40000,89,75,75,0.2600437745406361
lung,baseline,40000,89,56,56,0.30552402422270525
lung,baseline,40000,89,40,40,0.2739297729089857
lung,baseline,40000,89,39,39,0.32380560637219896
lung,baseline,40000,89,27,27,0.4235219110632969
lung,baseline,40000,89,34,34,0.09990915267703158
lung,baseline,40000,89,87,87,0.12998326290372517
lung,baseline,40000,89,87,87,0.13823025309503623
lung,baseline,40000,89,86,86,0.0544389548602055
lung,baseline,40000,89,80,80,0.08598282250790275
lung,baseline,40000,89,88,88,0.06779415390645163
lung,baseline,40000,89,87,87,0.03250631962060024
lung,baseline,40000,89,79,79,0.23201000024007007
lung,baseline,40000,89,43,43,0.3140125695199253
lung,baseline,40000,89,39,39,0.31493799628725183
lung,baseline,40000,89,37,37,0.28486780192210326
lung,baseline,40000,89,27,27,0.38319085233643363
lung,baseline,40000,89,34,34,0.22842935431603495
lung,baseline,40000,89,88,88,0.011965895711119166
lung,baseline,40000,89,88,88,0.03359617587793748
lung,baseline,40000,89,87,87,0.014771226606227648
lung,baseline,40000,89,87,87,0.016574401301790952
lung,baseline,40000,89,84,84,0.033629345979634864
lung,baseline,40000,89,34,34,0.06321371406052675
lung,baseline,40000,89,88,88,0.05309772028972007
lung,baseline,40000,89,76,76,0.08505469264886183
lung,baseline,40000,89,34,34,0.061863454712559725
lung,baseline,40000,89,34,34,0.11763179455676587
lung,baseline,40000,90,14,14,0.31723794959193535
lung,baseline,40000,90,37,37,0.14305259576225646
lung,baseline,40000,90,36,36,0.08558742946079843
lung,baseline,40000,90,34,34,0.23775230756976584
lung,baseline,40000,90,89,89,0.1276974095046121
lung,baseline,40000,90,85,85,0.02900771090288899
lung,baseline,40000,90,62,62,0.07679778837694914
lung,baseline,40000,90,89,89,0.01113715743525825
lung,baseline,40000,90,89,89,0.010873908079105384
lung,baseline,40000,90,87,87,0.030205827949574333
lung,baseline,40000,90,87,87,0.00969668847378734
lung,baseline,40000,90,86,86,0.01214677602766026
lung,baseline,40000,90,89,89,0.1299735900028353
lung,baseline,40000,90,77,77,0.06723143359044606
lung,baseline,40000,90,77,77,0.05100309889490295
lung,baseline,40000,90,77,77,0.15595273090255266
lung,baseline,40000,90,76,76,0.041979924909798294
lung,baseline,40000,90,89,89,0.15390743936149112
lung,baseline,40000,90,89,89,0.13936644194974698
lung,baseline,40000,90,87,87,0.0230673828899056
lung,baseline,40000,90,85,85,0.17397366036927675
lung,baseline,40000,90,56,56,0.11412198235436813
lung,baseline,40000,90,14,14,0.17206292490487216
lung,baseline,40000,90,87,87,0.008977196516994856
lung,baseline,40000,90,86,86,0.024185543879127053
lung,baseline,40000,90,89,89,0.014496410557965165
lung,baseline,40000,90,89,89,0.022297946018139003
lung,baseline,40000,90,88,88,0.021908872076964656
lung,baseline,40000,90,87,87,0.011585552365270839
lung,baseline,40000,90,87,87,0.011523996323596635
lung,baseline,40000,90,14,14,0.27001741636492904
lung,baseline,40000,90,89,89,0.13074792969380897
lung,baseline,40000,90,34,34,0.16062294741554142
lung,baseline,40000,90,89,89,0.003041036615719619
lung,baseline,40000,90,88,88,0.13022535632010535
lung,baseline,40000,90,88,88,0.13003756909093694
lung,baseline,40000,90,34,34,0.07260196861658216
lung,baseline,40000,90,89,89,0.021798680733604796
lung,baseline,40000,90,89,89,0.0033252970293164825
lung,baseline,40000,90,89,89,0.006169765513390984
lung,baseline,40000,90,89,89,0.042326769482669904
lung,baseline,40000,90,88,88,0.03025720443784353
lung,baseline,40000,90,87,87,0.015475452647844749
lung,baseline,40000,90,80,80,0.02939945635809944
lung,baseline,40000,90,77,77,0.13850092086696375
lung,baseline,40000,90,71,71,0.0569441555401442
lung,baseline,40000,90,89,89,0.10946802118414503
lung,baseline,40000,90,62,62,0.10476200324427164
lung,baseline,40000,90,34,34,0.15626728989731803
lung,baseline,40000,90,89,89,0.056963071726979994
lung,baseline,40000,90,87,87,0.12691791085613693
lung,baseline,40000,90,87,87,0.1292802865524204
lung,baseline,40000,90,89,89,0.011243006893158285
lung,baseline,40000,90,89,89,0.021315630729968015
lung,baseline,40000,90,85,85,0.030688160649270702
lung,baseline,40000,90,89,89,0.18167999878212437
lung,baseline,40000,90,88,88,0.1308476635301671
lung,baseline,40000,90,82,82,0.13102862501182277
lung,baseline,40000,90,78,78,0.1149673050964227
lung,baseline,40000,90,43,43,0.1491454669829764
lung,baseline,40000,90,39,39,0.13934314067481512
lung,baseline,40000,90,84,84,0.31069606594978255
lung,baseline,40000,90,82,82,0.2988852830780671
lung,baseline,40000,90,34,34,0.15419585491332094
lung,baseline,40000,90,51,51,0.14335633066479195
lung,baseline,40000,90,43,43,0.3023213351451018
lung,baseline,40000,90,28,28,0.33594936925574215
lung,baseline,40000,90,56,56,0.12915617493842593
lung,baseline,40000,90,88,88,0.007785586356798477
lung,baseline,40000,90,86,86,0.3061832136679482
lung,baseline,40000,90,80,80,0.29727165583158277
lung,baseline,40000,90,78,78,0.30554152296090925
lung,baseline,40000,90,70,70,0.32492414402609626
lung,baseline,40000,90,34,34,0.14974349742203746
lung,baseline,40000,90,43,43,0.1514475060851036
lung,baseline,40000,90,39,39,0.15731866761152735
lung,baseline,40000,90,66,66,0.2436845559280638
lung,baseline,40000,90,62,62,0.23184492845448518
lung,baseline,40000,90,56,56,0.24160385134830611
lung,baseline,40000,90,37,37,0.19593160796524306
lung,baseline,40000,90,36,36,0.16547812189229616
lung,baseline,40000,90,80,80,0.029910090360716256
lung,baseline,40000,90,75,75,0.03767494843684327
lung,baseline,40000,90,87,87,0.007507777720377912
lung,baseline,40000,90,86,86,0.022080658949400724
lung,baseline,40000,90,34,34,0.3033168202501279
lung,baseline,40000,90,89,89,0.06473619415329918
lung,baseline,40000,90,89,89,0.16282365004923885
lung,baseline,40000,90,89,89,0.052568362395153466
lung,baseline,40000,90,89,89,0.047032129279171
lung,baseline,40000,90,89,89,0.013951842344242073
lung,baseline,40000,90,89,89,0.1000554632387274
lung,baseline,40000,90,88,88,0.035688498378134856
lung,baseline,40000,90,37,37,0.16889646125412494
lung,baseline,40000,90,36,36,0.1144722882485359
lung,baseline,40000,90,34,34,0.24188731328313764
lung,baseline,40000,90,89,89,0.020558486605643283
lung,baseline,40000,90,89,89,0.1125299700662009
lung,baseline,40000,90,89,89,0.09300705290825087
lung,baseline,40000,90,88,88,0.023875985532896018
lung,baseline,40000,90,43,43,0.2866411239515908
lung,baseline,40000,90,39,39,0.28769346307137933
lung,baseline,40000,90,37,37,0.2260219764291226
lung,baseline,40000,90,28,28,0.3291078103948107
lung,baseline,40000,90,89,89,0.03370683503035791
lung,baseline,40000,90,89,89,0.02422472494182883
lung,baseline,40000,90,89,89,0.003708339845115326
lung,baseline,40000,90,89,89,0.019798646717163602
lung,baseline,40000,90,88,88,0.030348859114067896
lung,baseline,40000,90,89,89,0.12592956998219063
lung,baseline,40000,90,88,88,0.01442575502125202
lung,baseline,40000,90,88,88,0.11910438308188356
lung,baseline,40000,90,86,86,0.12218407440049306
lung,baseline,40000,90,74,74,0.17870303155246292
lung,baseline,40000,90,56,56,0.20454265244390676
lung,baseline,40000,90,43,43,0.22489475722300578
lung,baseline,40000,90,39,39,0.23299660430848226
lung,baseline,40000,90,37,37,0.2094053639019915
lung,baseline,40000,90,89,89,0.12933780314291096
lung,baseline,40000,90,62,62,0.07051992613628087
lung,baseline,40000,90,43,43,0.1351685963884335
lung,baseline,40000,90,39,39,0.15346172004376088
lung,baseline,40000,90,87,87,0.007811002504972695
lung,baseline,40000,90,89,89,0.007661305161167422
lung,baseline,40000,90,87,87,0.08196599509929259
lung,baseline,40000,90,87,87,0.09401357645796897
lung,baseline,40000,90,87,87,0.08759282245181914
lung,baseline,40000,90,84,84,0.1602501410479499
lung,baseline,40000,90,82,82,0.12681660865902405
lung,baseline,40000,90,34,34,0.1573523316774496
lung,baseline,40000,90,89,89,0.0026508809454589637
lung,baseline,40000,90,89,89,0.014218715921928091
lung,baseline,40000,90,89,89,0.02608707471526144
lung,baseline,40000,90,84,84,0.014938485209097671
lung,baseline,40000,90,89,89,0.016436681447510773
lung,baseline,40000,90,89,89,0.12653915290966947
lung,baseline,40000,90,89,89,0.017803402884511526
lung,baseline,40000,90,69,69,0.05982302322576815
lung,baseline,40000,90,66,66,0.18157346447998748
lung,baseline,40000,90,37,37,0.1585844875849517
lung,baseline,40000,90,36,36,0.09968347001482483
lung,baseline,40000,90,34,34,0.22987962743074897
lung,baseline,40000,90,88,88,0.1237641784218863
lung,baseline,40000,90,87,87,0.16590821213235585
lung,baseline,40000,90,87,87,0.16514123710816367
lung,baseline,40000,90,84,84,0.12593534502122328
lung,baseline,40000,90,82,82,0.12143482120146758
lung,baseline,40000,90,37,37,0.20827161990790627
lung,baseline,40000,90,36,36,0.17405841816565618
lung,baseline,40000,90,34,34,0.19807008477699548
lung,baseline,40000,90,89,89,0.012859755196290956
lung,baseline,40000,90,89,89,0.12612358184222988
lung,baseline,40000,90,77,77,0.1517456724973754
lung,baseline,40000,90,37,37,0.1983418797033839
lung,baseline,40000,90,89,89,0.015904700770430193
lung,baseline,40000,90,89,89,0.07811235446929421
lung,baseline,40000,90,89,89,0.1265713352084896
lung,baseline,40000,90,89,89,0.2167092194592921
lung,baseline,40000,90,84,84,0.019915894908469355
lung,baseline,40000,90,86,86,0.02278904863870726
lung,baseline,40000,90,75,75,0.21449823353274639
lung,baseline,40000,90,89,89,0.06723197749659122
lung,baseline,40000,90,83,83,0.2687792935731435
lung,baseline,40000,90,82,82,0.19591886549052817
lung,baseline,40000,90,89,89,0.2660326337324705
lung,baseline,40000,90,71,71,0.23498980672619135
lung,baseline,40000,90,56,56,0.19733091513270637
lung,baseline,40000,90,56,56,0.0913289167447235
lung,baseline,40000,90,89,89,0.0049197472112021984
lung,baseline,40000,90,89,89,0.017699942767230005
lung,baseline,40000,90,89,89,0.01561327486387886
lung,baseline,40000,90,89,89,0.04544939817666292
lung,baseline,40000,90,89,89,0.018874803857145257
lung,baseline,40000,90,89,89,0.01318363409519246
lung,baseline,40000,90,89,89,0.024628287437717444
lung,baseline,40000,90,89,89,0.00978539278686237
lung,baseline,40000,90,88,88,0.010995694641496849
lung,baseline,40000,90,80,80,0.019848087557144088
lung,baseline,40000,90,77,77,0.02575158697133625
lung,baseline,40000,90,56,56,0.10768347328363416
lung,baseline,40000,90,89,89,0.006716786490163723
lung,baseline,40000,90,88,88,0.09927686448107914
lung,baseline,40000,90,88,88,0.0975941377401594
lung,baseline,40000,90,89,89,0.12976434389130342
lung,baseline,40000,90,89,89,0.13178560000515352
lung,baseline,40000,90,34,34,0.07597112629261156
lung,baseline,40000,90,89,89,0.12842282031176674
lung,baseline,40000,90,88,88,0.025071858222202724
lung,baseline,40000,90,89,89,0.14255941619117768
lung,baseline,40000,90,86,86,0.060702163469553864
lung,baseline,40000,90,77,77,0.04903702830492322
lung,baseline,40000,90,56,56,0.08586751669426307
lung,baseline,40000,90,84,84,0.195640853780139
lung,baseline,40000,90,83,83,0.20728748313082185
lung,baseline,40000,90,69,69,0.21878708882662484
lung,baseline,40000,90,87,87,0.010059850199418817
lung,baseline,40000,90,89,89,0.15442938968175707
lung,baseline,40000,90,88,88,0.1269107642709405
lung,baseline,40000,90,88,88,0.023384036801432983
lung,baseline,40000,90,82,82,0.1675249976092496
lung,baseline,40000,90,80,80,0.1732649697924493
lung,baseline,40000,90,62,62,0.16534410357220025
lung,baseline,40000,90,37,37,0.14536689903805095
lung,baseline,40000,90,36,36,0.08690187450420353
lung,baseline,40000,90,89,89,0.2536700420155685
lung,baseline,40000,90,72,72,0.2666853011443989
lung,baseline,40000,90,62,62,0.23378593970313613
lung,baseline,40000,90,89,89,0.17904211752635707
lung,baseline,40000,90,85,85,0.14147350954572652
lung,baseline,40000,90,87,87,0.15307251049167137
lung,baseline,40000,90,87,87,0.01508815093774416
lung,baseline,40000,90,87,87,0.14254891103957132
lung,baseline,40000,90,86,86,0.11189056631035339
lung,baseline,40000,90,86,86,0.09231698906002477
lung,baseline,40000,90,84,84,0.1420093668069104
lung,baseline,40000,90,84,84,0.17827679272520416
lung,baseline,40000,90,85,85,0.19356959269979956
lung,baseline,40000,90,84,84,0.22617641689253248
lung,baseline,40000,90,78,78,0.18148079736837372
lung,baseline,40000,90,89,89,0.034585479704638725
lung,baseline,40000,90,89,89,0.12375259354799165
lung,baseline,40000,90,37,37,0.16526079698466356
lung,baseline,40000,90,36,36,0.10636182340651172
lung,baseline,40000,90,34,34,0.24190953199981588
lung,baseline,40000,90,86,86,0.1111813190345715
lung,baseline,40000,90,83,83,0.03538516420058477
lung,baseline,40000,90,37,37,0.10813724920077059
lung,baseline,40000,90,34,34,0.06945474299102107
lung,baseline,40000,90,87,87,0.007974862930015647
lung,baseline,40000,90,56,56,0.128578442827681
lung,baseline,40000,90,89,89,0.004769200641690411
lung,baseline,40000,90,87,87,0.1151128693672115
lung,baseline,40000,90,89,89,0.011718957520530806
lung,baseline,40000,90,87,87,0.10244074294003935
lung,baseline,40000,90,87,87,0.10369793844053585
lung,baseline,40000,90,87,87,0.02259595241697086
lung,baseline,40000,90,87,87,0.10857897517237801
lung,baseline,40000,90,85,85,0.12681503801911084
lung,baseline,40000,90,76,76,0.03999773122036394
lung,baseline,40000,90,87,87,0.1304463121302769
lung,baseline,40000,90,34,34,0.07260919795595211
lung,baseline,40000,90,89,89,0.12609036511979616
lung,baseline,40000,90,62,62,0.18474592356538436
lung,baseline,40000,90,36,36,0.2023010628001359
lung,baseline,40000,90,85,85,0.1565298155309043
lung,baseline,40000,90,43,43,0.286714362919237
lung,baseline,40000,90,39,39,0.28999311595048305
lung,baseline,40000,90,89,89,0.02300002436860861
lung,baseline,40000,90,88,88,0.06565877992902801
lung,baseline,40000,91,33,33,0.07205990618890705
lung,baseline,40000,91,77,77,0.16591638853574106
lung,baseline,40000,91,77,77,0.17420546220252964
lung,baseline,40000,91,76,76,0.15062648588454242
lung,baseline,40000,91,90,90,0.1134624766249638
lung,baseline,40000,91,89,89,0.05863682091657835
lung,baseline,40000,91,56,56,0.22750176500238511
lung,baseline,40000,91,90,90,0.1403689394119689
lung,baseline,40000,91,84,84,0.15230279844498368
lung,baseline,40000,91,72,72,0.07706213369412453
lung,baseline,40000,91,62,62,0.1707119613569293
lung,baseline,40000,91,89,89,0.016314444940987882
lung,baseline,40000,91,56,56,0.1535579764032215
lung,baseline,40000,91,90,90,0.023736789920246488
lung,baseline,40000,91,88,88,0.01263898909661058
lung,baseline,40000,91,28,28,0.4306543295143892
lung,baseline,40000,91,75,75,0.23268208359999615
lung,baseline,40000,91,71,71,0.2479151240174049
lung,baseline,40000,91,43,43,0.14369778912554962
lung,baseline,40000,91,39,39,0.15252155589821387
lung,baseline,40000,91,90,90,0.0077942020058526275
lung,baseline,40000,91,89,89,0.06342781208879068
lung,baseline,40000,91,89,89,0.02991410392049792
lung,baseline,40000,91,89,89,0.011885253235608172
lung,baseline,40000,91,89,89,0.06238888306383253
lung,baseline,40000,91,87,87,0.017409082932377643
lung,baseline,40000,91,87,87,0.031734167089987185
lung,baseline,40000,91,80,80,0.03131941674983779
lung,baseline,40000,91,88,88,0.31887776721441957
lung,baseline,40000,91,83,83,0.08963398484383803
lung,baseline,40000,91,80,80,0.14043698155395307
lung,baseline,40000,91,62,62,0.08277660033208219
lung,baseline,40000,91,51,51,0.18798990808404234
lung,baseline,40000,91,43,43,0.3510189002629744
lung,baseline,40000,91,28,28,0.4075921269448071
lung,baseline,40000,91,90,90,0.059300178142159966
lung,baseline,40000,91,89,89,0.11652977933568907
lung,baseline,40000,91,77,77,0.16434226939115096
lung,baseline,40000,91,77,77,0.17267795504004002
lung,baseline,40000,91,76,76,0.1481941429005614
lung,baseline,40000,91,62,62,0.1334751264173391
lung,baseline,40000,91,14,14,0.2092442766440045
lung,baseline,40000,91,87,87,0.09118997617583625
lung,baseline,40000,91,84,84,0.07227250419896414
lung,baseline,40000,91,83,83,0.06454353812899098
lung,baseline,40000,91,37,37,0.18783501995637816
lung,baseline,40000,91,34,34,0.18157639718939803
lung,baseline,40000,91,89,89,0.12456018189119784
lung,baseline,40000,91,90,90,0.021425441134933235
lung,baseline,40000,91,90,90,0.1316578198707548
lung,baseline,40000,91,90,90,0.0261619214818753
lung,baseline,40000,91,90,90,0.030219569837611125
lung,baseline,40000,91,90,90,0.05332231415297264
lung,baseline,40000,91,89,89,0.05214364318024666
lung,baseline,40000,91,88,88,0.057601376670352415
lung,baseline,40000,91,88,88,0.05636688910450585
lung,baseline,40000,91,88,88,0.03053529041802848
lung,baseline,40000,91,87,87,0.16699545158200635
lung,baseline,40000,91,82,82,0.12937220104886626
lung,baseline,40000,91,90,90,0.006217246651447921
lung,baseline,40000,91,90,90,0.0045826457963853645
lung,baseline,40000,91,90,90,0.0030162909691323885
lung,baseline,40000,91,90,90,0.010937204387923082
lung,baseline,40000,91,90,90,0.008944958859852602
lung,baseline,40000,91,90,90,0.0058673765254599304
lung,baseline,40000,91,90,90,0.003256670881653586
lung,baseline,40000,91,90,90,0.004671371116930384
lung,baseline,40000,91,90,90,0.021739584472464803
lung,baseline,40000,91,89,89,0.018149162229479744
lung,baseline,40000,91,89,89,0.006676809901857358
lung,baseline,40000,91,89,89,0.005397564662834454
lung,baseline,40000,91,89,89,0.008772208960758341
lung,baseline,40000,91,89,89,0.013543827039752168
lung,baseline,40000,91,89,89,0.004625195482237544
lung,baseline,40000,91,88,88,0.015220331062676158
lung,baseline,40000,91,88,88,0.00811947664412151
lung,baseline,40000,91,88,88,0.009912667063560927
lung,baseline,40000,91,87,87,0.013609997979643155
lung,baseline,40000,91,84,84,0.013503525341313933
lung,baseline,40000,91,90,90,0.12755765289464122
lung,baseline,40000,91,88,88,0.017357715486297078
lung,baseline,40000,91,88,88,0.028775584736742507
lung,baseline,40000,91,85,85,0.05207229452426122
lung,baseline,40000,91,85,85,0.029801910733085482
lung,baseline,40000,91,33,33,0.29191239861583723
lung,baseline,40000,91,56,56,0.11482869946136201
lung,baseline,40000,91,90,90,0.10633596207873362
lung,baseline,40000,91,90,90,0.0576360460918254
lung,baseline,40000,91,88,88,0.0530623470431369
lung,baseline,40000,91,90,90,0.021530615221578536
lung,baseline,40000,91,90,90,0.01189498315899285
lung,baseline,40000,91,90,90,0.038964608935256995
lung,baseline,40000,91,90,90,0.03255827791478864
lung,baseline,40000,91,90,90,0.12716216857629392
lung,baseline,40000,91,90,90,0.026465233332168006
lung,baseline,40000,91,90,90,0.019460441590969782
lung,baseline,40000,91,89,89,0.03496641664873574
lung,baseline,40000,91,89,89,0.020177318923056766
lung,baseline,40000,91,88,88,0.06633282828468805
lung,baseline,40000,91,88,88,0.057372317185222815
lung,baseline,40000,91,88,88,0.021000932442447953
lung,baseline,40000,91,82,82,0.05138432261696076
lung,baseline,40000,91,56,56,0.21364062696293093
lung,baseline,40000,91,37,37,0.13409855656102088
lung,baseline,40000,91,36,36,0.09538990127551182
lung,baseline,40000,91,73,73,0.18586245640351262
lung,baseline,40000,91,66,66,0.2141807077742183
lung,baseline,40000,91,90,90,0.11359069758258793
lung,baseline,40000,91,90,90,0.05624508969623396
lung,baseline,40000,91,82,82,0.020514948730097255
lung,baseline,40000,91,88,88,0.05141006106422344
lung,baseline,40000,91,34,34,0.12625160117129644
lung,baseline,40000,91,89,89,0.0163497738479996
lung,baseline,40000,91,85,85,0.24352078890762038
lung,baseline,40000,91,85,85,0.20593708433323682
lung,baseline,40000,91,85,85,0.2737223912454697
lung,baseline,40000,91,71,71,0.28054492040853324
lung,baseline,40000,91,56,56,0.2214360381085348
lung,baseline,40000,91,84,84,0.20442475397092058
lung,baseline,40000,91,73,73,0.16745239288571415
lung,baseline,40000,91,80,80,0.06666614819772433
lung,baseline,40000,91,86,86,0.12182886855042167
lung,baseline,40000,91,80,80,0.04188564492966183
lung,baseline,40000,91,37,37,0.14381959796523136
lung,baseline,40000,91,34,34,0.21136768624933258
lung,baseline,40000,91,89,89,0.1198917203655178
lung,baseline,40000,91,88,88,0.027796211876837108
lung,baseline,40000,91,88,88,0.12900452950584887
lung,baseline,40000,91,87,87,0.1914769567971859
lung,baseline,40000,91,83,83,0.04647621060931754
lung,baseline,40000,91,56,56,0.2063467567051056
lung,baseline,40000,91,85,85,0.02630981035558517
lung,baseline,40000,91,51,51,0.14221697464213526
lung,baseline,40000,91,43,43,0.299602799083027
lung,baseline,40000,91,28,28,0.3301577948809523
lung,baseline,40000,91,87,87,0.22825858877867544
lung,baseline,40000,91,87,87,0.22433003577775573
lung,baseline,40000,91,90,90,0.036254188640977576
lung,baseline,40000,91,89,89,0.04622205008023318
lung,baseline,40000,91,82,82,0.03561595365039607
lung,baseline,40000,91,90,90,0.1076127560920206
lung,baseline,40000,91,88,88,0.03862153579013655
lung,baseline,40000,91,70,70,0.10010417995299417
lung,baseline,40000,91,90,90,0.01404987940350939
lung,baseline,40000,91,90,90,0.011280465213172499
lung,baseline,40000,91,89,89,0.033760513028001454
lung,baseline,40000,91,89,89,0.214987130301139
lung,baseline,40000,91,90,90,0.21920697057366828
lung,baseline,40000,91,89,89,0.037224388682147495
lung,baseline,40000,91,85,85,0.05958103406663128
lung,baseline,40000,91,87,87,0.04607700131141821
lung,baseline,40000,91,37,37,0.1554498709596288
lung,baseline,40000,91,36,36,0.10120424803954224
lung,baseline,40000,91,34,34,0.22977534558854895
lung,baseline,40000,91,43,43,0.2689595379591893
lung,baseline,40000,91,39,39,0.26162392492356046
lung,baseline,40000,91,28,28,0.2999635044807194
lung,baseline,40000,91,89,89,0.06095336909509391
lung,baseline,40000,91,88,88,0.012637542162372456
lung,baseline,40000,91,90,90,0.12138073945561463
lung,baseline,40000,91,90,90,0.009169463686516457
lung,baseline,40000,91,89,89,0.04669428179042443
lung,baseline,40000,91,88,88,0.04463958441847648
lung,baseline,40000,91,88,88,0.05332699546465372
lung,baseline,40000,91,87,87,0.03242584105842782
lung,baseline,40000,91,14,14,0.20651593637999852
lung,baseline,40000,91,43,43,0.2553760520973275
lung,baseline,40000,91,39,39,0.25590113583722524
lung,baseline,40000,91,28,28,0.30120194995351846
lung,baseline,40000,91,34,34,0.08382380005301238
lung,baseline,40000,91,34,34,0.16209391468454373
lung,baseline,40000,91,43,43,0.1410338013565416
lung,baseline,40000,91,39,39,0.14373250883056507
lung,baseline,40000,91,85,85,0.22654712050359704
lung,baseline,40000,91,63,63,0.12677537728386382
lung,baseline,40000,91,90,90,0.04959731984598839
lung,baseline,40000,91,90,90,0.024565081525110423
lung,baseline,40000,91,90,90,0.04838843584884761
lung,baseline,40000,91,90,90,0.0507114007074484
lung,baseline,40000,91,90,90,0.059733993335409644
lung,baseline,40000,91,89,89,0.052226410827550994
lung,baseline,40000,91,88,88,0.055437340168684186
lung,baseline,40000,91,87,87,0.05355203049575822
lung,baseline,40000,91,87,87,0.05671356720201987
lung,baseline,40000,91,80,80,0.03791585125105938
lung,baseline,40000,91,88,88,0.040166642613406495
lung,baseline,40000,91,88,88,0.05761675917112375
lung,baseline,40000,91,85,85,0.12339871957905209
lung,baseline,40000,91,84,84,0.1121672498748484
lung,baseline,40000,91,84,84,0.027196957648871756
lung,baseline,40000,91,80,80,0.11089295337285761
lung,baseline,40000,91,90,90,0.0197783061502663
lung,baseline,40000,91,88,88,0.023909562159236262
lung,baseline,40000,91,87,87,0.16646027871878966
lung,baseline,40000,91,39,39,0.15937468751302566
lung,baseline,40000,91,87,87,0.11393935528807965
lung,baseline,40000,91,87,87,0.12676699029768898
lung,baseline,40000,91,90,90,0.07405729794800608
lung,baseline,40000,91,90,90,0.12917574864018985
lung,baseline,40000,91,88,88,0.0677328761993935
lung,baseline,40000,91,88,88,0.0644267350349498
lung,baseline,40000,91,82,82,0.05427839268005067
lung,baseline,40000,91,37,37,0.20866606151677433
lung,baseline,40000,91,36,36,0.17416725592954116
lung,baseline,40000,91,34,34,0.28348458972332036
lung,baseline,40000,91,84,84,0.1261929869637248
lung,baseline,40000,91,90,90,0.1014233021284468
lung,baseline,40000,91,28,28,0.36478076220761835
lung,baseline,40000,91,90,90,0.111517390763439
lung,baseline,40000,91,88,88,0.05875361390874216
lung,baseline,40000,91,88,88,0.025084600028583672
lung,baseline,40000,91,90,90,0.02689731617054755
lung,baseline,40000,91,90,90,0.07932545981673998
lung,baseline,40000,91,89,89,0.020254155669705617
lung,baseline,40000,91,75,75,0.05189695821520604
lung,baseline,40000,91,56,56,0.144371605616836
lung,baseline,40000,91,14,14,0.2547026039418347
lung,baseline,40000,91,82,82,0.1480945754114868
lung,baseline,40000,91,37,37,0.1514608769617154
lung,baseline,40000,91,80,80,0.021254727535005475
lung,baseline,40000,91,75,75,0.029924176689217732
lung,baseline,40000,91,90,90,0.017941530870110613
lung,baseline,40000,91,90,90,0.011386767926433864
lung,baseline,40000,91,90,90,0.01297187823127791
lung,baseline,40000,91,33,33,0.15760447107380696
lung,baseline,40000,91,90,90,0.02657919291100648
lung,baseline,40000,91,90,90,0.1267409033817898
lung,baseline,40000,91,85,85,0.0258977247395551
lung,baseline,40000,91,84,84,0.03601303982143972
lung,baseline,40000,91,82,82,0.03729513190360031
lung,baseline,40000,91,88,88,0.017046760179758383
lung,baseline,40000,91,56,56,0.14476375549978268
lung,baseline,40000,91,83,83,0.035894118962906583
lung,baseline,40000,91,62,62,0.13416123299515617
lung,baseline,40000,91,87,87,0.16953649059109493
lung,baseline,40000,91,88,88,0.060418377403788706
lung,baseline,40000,91,84,84,0.12219657555990801
lung,baseline,40000,91,62,62,0.13142120475023933
lung,baseline,40000,91,90,90,0.06117219906203212
lung,baseline,40000,91,89,89,0.027420647246503144
lung,baseline,40000,91,90,90,0.0576476757751677
lung,baseline,40000,91,90,90,0.056176736590273675
lung,baseline,40000,91,90,90,0.016699099299965797
lung,baseline,40000,91,90,90,0.058078231878798556
lung,baseline,40000,91,90,90,0.13154433345227454
lung,baseline,40000,91,90,90,0.2186472783135995
lung,baseline,40000,91,89,89,0.08947148960907822
lung,baseline,40000,91,89,89,0.03495514091235516
lung,baseline,40000,91,89,89,0.03482093978850492
lung,baseline,40000,91,85,85,0.06142709654879793
lung,baseline,40000,91,14,14,0.22139762029402493
lung,baseline,40000,91,56,56,0.12318066673217387
lung,baseline,40000,91,56,56,0.15636160161315082
lung,baseline,40000,91,88,88,0.1127107621992839
lung,baseline,40000,91,78,78,0.25904481555507153
lung,baseline,40000,91,51,51,0.16649772709394697
lung,baseline,40000,91,88,88,0.136551514805983
lung,baseline,40000,91,90,90,0.007091268600375924
lung,baseline,40000,91,90,90,0.12057258284210194
lung,baseline,40000,91,85,85,0.18056091961419218
lung,baseline,40000,91,37,37,0.0957532796429376
lung,baseline,40000,91,90,90,0.29009849915802727
lung,baseline,40000,91,89,89,0.21064822612562914
lung,baseline,40000,91,85,85,0.228208013995806
lung,baseline,40000,91,63,63,0.12446169345444556
lung,baseline,40000,91,90,90,0.26996116255436947
lung,baseline,40000,91,90,90,0.2437827126253142
lung,baseline,40000,91,80,80,0.15859157838576707
lung,baseline,40000,91,90,90,0.1319306381318485
lung,baseline,40000,91,90,90,0.029632268419179854
lung,baseline,40000,91,90,90,0.05058073566920529
lung,baseline,40000,91,89,89,0.05913665923597981
lung,baseline,40000,91,88,88,0.022343311687354164
lung,baseline,40000,91,88,88,0.011730452470712683
lung,baseline,40000,91,88,88,0.013267668593760173
lung,baseline,40000,91,88,88,0.05931438668159346
lung,baseline,40000,91,84,84,0.033952261045831766
lung,baseline,40000,91,82,82,0.05437745415478468
lung,baseline,40000,91,37,37,0.13163890450978027
lung,baseline,40000,91,37,37,0.1331941741004571
lung,baseline,40000,91,34,34,0.20275007473457887
lung,baseline,40000,91,89,89,0.05265012450086958
lung,baseline,40000,91,88,88,0.12242935072732869
lung,baseline,40000,91,86,86,0.010167469899218093
lung,baseline,40000,91,89,89,0.2788284094699275
lung,baseline,40000,91,56,56,0.14365636596150452
lung,baseline,40000,91,90,90,0.13649841810273905
lung,baseline,40000,91,90,90,0.031499527010418034
lung,baseline,40000,91,89,89,0.04634977430680203
lung,baseline,40000,91,37,37,0.10469555944387643
lung,baseline,40000,91,80,80,0.07021271650671598
lung,baseline,40000,91,90,90,0.0027055743512176163
lung,baseline,40000,91,88,88,0.1293145807096823
lung,baseline,40000,91,90,90,0.1823695899902744
lung,baseline,40000,91,88,88,0.14085333623037075
lung,baseline,40000,91,88,88,0.017697424925471338
lung,baseline,40000,91,88,88,0.1514720328422043
lung,baseline,40000,91,83,83,0.03989062594832943
lung,baseline,40000,91,82,82,0.12780242619646837
lung,baseline,40000,91,33,33,0.1453782082515767
lung,baseline,40000,91,90,90,0.006788038647985714
lung,baseline,40000,91,87,87,0.12427422583352554
lung,baseline,40000,91,66,66,0.2422797178399853
lung,baseline,40000,91,62,62,0.22794837371878063
lung,baseline,40000,91,56,56,0.24414877504468283
lung,baseline,40000,91,37,37,0.21693935432057138
lung,baseline,40000,91,36,36,0.18351609462818128
lung,baseline,40000,91,75,75,0.02265667530408313
lung,baseline,40000,91,89,89,0.29299070646461084
lung,baseline,40000,91,88,88,0.10474111437793794
lung,baseline,40000,91,88,88,0.05219800087793014
lung,baseline,40000,91,88,88,0.01534486104466649
lung,baseline,40000,91,88,88,0.056334112998961385
lung,baseline,40000,91,87,87,0.07189939425497892
lung,baseline,40000,91,89,89,0.014642105894085823
lung,baseline,40000,91,88,88,0.12819715625614417
lung,baseline,40000,91,88,88,0.02081596563463904
lung,baseline,40000,91,88,88,0.0195400698179688
lung,baseline,40000,91,87,87,0.132072852016346
lung,baseline,40000,91,87,87,0.13502058687972632
lung,baseline,40000,91,84,84,0.033619634417575386
lung,baseline,40000,91,82,82,0.05449637475200894
lung,baseline,40000,91,89,89,0.2568823474038464
lung,baseline,40000,91,88,88,0.01873138318447928
lung,baseline,40000,91,87,87,0.2654184740511759
lung,baseline,40000,91,85,85,0.2937924246078989
lung,baseline,40000,91,84,84,0.26047303968845836
lung,baseline,40000,91,84,84,0.27595580318226154
lung,baseline,40000,91,83,83,0.26235595751080265
lung,baseline,40000,91,71,71,0.2920979847654796
lung,baseline,40000,91,90,90,0.011165880626867726
lung,baseline,40000,91,89,89,0.11796980078024623
lung,baseline,40000,91,89,89,0.015164285794436785
lung,baseline,40000,91,90,90,0.0060284633417185905
lung,baseline,40000,91,90,90,0.13247868286429532
lung,baseline,40000,91,90,90,0.06516441202119322
lung,baseline,40000,91,90,90,0.031253095463399064
lung,baseline,40000,91,90,90,0.05134514798488489
lung,baseline,40000,91,88,88,0.021957061840687853
lung,baseline,40000,91,88,88,0.014216198336017739
lung,baseline,40000,91,66,66,0.16183667580944494
lung,baseline,40000,91,62,62,0.16921748879836335
lung,baseline,40000,91,88,88,0.014686730761038687
lung,baseline,40000,91,90,90,0.12836246645509566
lung,baseline,40000,91,88,88,0.0652638997698764
lung,baseline,40000,91,88,88,0.06168642348522519
lung,baseline,40000,91,82,82,0.05414368426939008
lung,baseline,40000,92,87,87,0.1948097549835559
lung,baseline,40000,92,85,85,0.2082624434742716
lung,baseline,40000,92,56,56,0.29541844086035607
lung,baseline,40000,92,14,14,0.2638673792409068
lung,baseline,40000,92,91,91,0.12711435101032884
lung,baseline,40000,92,91,91,0.04516859642726974
lung,baseline,40000,92,62,62,0.06058535710369312
lung,baseline,40000,92,91,91,0.12964277305607907
lung,baseline,40000,92,89,89,0.07192125299344526
lung,baseline,40000,92,88,88,0.06606029008393191
lung,baseline,40000,92,79,79,0.0875393085614521
lung,baseline,40000,92,56,56,0.1278100286303769
lung,baseline,40000,92,90,90,0.17253584026929575
lung,baseline,40000,92,90,90,0.015460527468444365
lung,baseline,40000,92,90,90,0.029312526671723124
lung,baseline,40000,92,90,90,0.1713537751706832
lung,baseline,40000,92,89,89,0.123424843344033
lung,baseline,40000,92,62,62,0.13337269421933484
lung,baseline,40000,92,91,91,0.04263777687940278
lung,baseline,40000,92,89,89,0.015271115989929068
lung,baseline,40000,92,88,88,0.05305943389333747
lung,baseline,40000,92,88,88,0.02957473681386773
lung,baseline,40000,92,87,87,0.03706347542057747
lung,baseline,40000,92,82,82,0.03755772730440107
lung,baseline,40000,92,87,87,0.14790390694003508
lung,baseline,40000,92,37,37,0.1429337974294646
lung,baseline,40000,92,36,36,0.08755497224547898
lung,baseline,40000,92,91,91,0.050821144865937744
lung,baseline,40000,92,88,88,0.0535621624555268
lung,baseline,40000,92,91,91,0.28059878635136354
lung,baseline,40000,92,91,91,0.2410318907442821
lung,baseline,40000,92,83,83,0.05163535623671381
lung,baseline,40000,92,78,78,0.09948789706584743
lung,baseline,40000,92,91,91,0.012545060949398229
lung,baseline,40000,92,91,91,0.12678578905048055
lung,baseline,40000,92,91,91,0.02066950173277898
lung,baseline,40000,92,91,91,0.010730015999528138
lung,baseline,40000,92,91,91,0.011473392297226487
lung,baseline,40000,92,90,90,0.010001018182801294
lung,baseline,40000,92,89,89,0.02051580254369044
lung,baseline,40000,92,85,85,0.05318597525906329
lung,baseline,40000,92,91,91,0.14306537483339535
lung,baseline,40000,92,90,90,0.07007131593156936
lung,baseline,40000,92,89,89,0.035526972825136754
lung,baseline,40000,92,88,88,0.018841940930274238
lung,baseline,40000,92,87,87,0.16243732812197445
lung,baseline,40000,92,83,83,0.1350449569874232
lung,baseline,40000,92,91,91,0.031486806085582526
lung,baseline,40000,92,91,91,0.10739949964683035
lung,baseline,40000,92,91,91,0.01967984390733396
lung,baseline,40000,92,91,91,0.009197645865249892
lung,baseline,40000,92,90,90,0.01125241851762258
lung,baseline,40000,92,90,90,0.004653301770989782
lung,baseline,40000,92,89,89,0.057130850684509786
lung,baseline,40000,92,88,88,0.015768735922426075
lung,baseline,40000,92,79,79,0.08608033324421246
lung,baseline,40000,92,19,19,0.4617899634984543
lung,baseline,40000,92,91,91,0.003760123363063238
lung,baseline,40000,92,90,90,0.019711399773575708
lung,baseline,40000,92,90,90,0.042059190882935915
lung,baseline,40000,92,89,89,0.013619461520580512
lung,baseline,40000,92,91,91,0.008162789791802747
lung,baseline,40000,92,90,90,0.018002380605167345
lung,baseline,40000,92,91,91,0.02617243043214442
lung,baseline,40000,92,90,90,0.009762299709292254
lung,baseline,40000,92,90,90,0.031215448572801747
lung,baseline,40000,92,89,89,0.011416248044836534
lung,baseline,40000,92,89,89,0.021615235479653907
lung,baseline,40000,92,89,89,0.014002163808923022
lung,baseline,40000,92,89,89,0.06054647681514019
lung,baseline,40000,92,79,79,0.07842039385028779
lung,baseline,40000,92,91,91,0.004421269787662301
lung,baseline,40000,92,89,89,0.030214637016148235
lung,baseline,40000,92,87,87,0.009513843022774818
lung,baseline,40000,92,91,91,0.1820867999738132
lung,baseline,40000,92,91,91,0.1318551536436484
lung,baseline,40000,92,91,91,0.02256235237702487
lung,baseline,40000,92,91,91,0.021981224828694686
lung,baseline,40000,92,91,91,0.02310934404638075
lung,baseline,40000,92,90,90,0.005950872521491078
lung,baseline,40000,92,89,89,0.014608892794794442
lung,baseline,40000,92,89,89,0.0159205236600941
lung,baseline,40000,92,89,89,0.007376318499647708
lung,baseline,40000,92,89,89,0.004923396339425428
lung,baseline,40000,92,14,14,0.25706222470434537
lung,baseline,40000,92,88,88,0.11659503899195664
lung,baseline,40000,92,37,37,0.07578778860178702
lung,baseline,40000,92,34,34,0.2413134060906294
lung,baseline,40000,92,81,81,0.22743625502626308
lung,baseline,40000,92,77,77,0.23968793296380983
lung,baseline,40000,92,73,73,0.2233418419073009
lung,baseline,40000,92,63,63,0.2067107042208104
lung,baseline,40000,92,43,43,0.2674062140658189
lung,baseline,40000,92,39,39,0.2743817903688401
lung,baseline,40000,92,27,27,0.3193756604138887
lung,baseline,40000,92,91,91,0.2874729628154187
lung,baseline,40000,92,90,90,0.20692628135049015
lung,baseline,40000,92,89,89,0.01711674523647746
lung,baseline,40000,92,91,91,0.01357778024750617
lung,baseline,40000,92,91,91,0.13089435940676974
lung,baseline,40000,92,91,91,0.02426798121680973
lung,baseline,40000,92,91,91,0.051289776867696694
lung,baseline,40000,92,91,91,0.015553168008699204
lung,baseline,40000,92,90,90,0.010895036177380996
lung,baseline,40000,92,89,89,0.055858921738307386
lung,baseline,40000,92,91,91,0.05361253687772963
lung,baseline,40000,92,90,90,0.06292096017298197
lung,baseline,40000,92,89,89,0.07991805161112614
lung,baseline,40000,92,91,91,0.18389698043710148
lung,baseline,40000,92,91,91,0.12784830802975564
lung,baseline,40000,92,91,91,0.013249518075508997
lung,baseline,40000,92,86,86,0.027375083255340625
lung,baseline,40000,92,86,86,0.03186123509513251
lung,baseline,40000,92,62,62,0.08338840818585967
lung,baseline,40000,92,34,34,0.15059670822281696
lung,baseline,40000,92,91,91,0.05921476362682027
lung,baseline,40000,92,90,90,0.07129675855552174
lung,baseline,40000,92,90,90,0.056572324341836074
lung,baseline,40000,92,83,83,0.05465442295208478
lung,baseline,40000,92,37,37,0.26027497742642164
lung,baseline,40000,92,36,36,0.23372639602940343
lung,baseline,40000,92,34,34,0.2575097828753266
lung,baseline,40000,92,87,87,0.33452687454440094
lung,baseline,40000,92,84,84,0.2935877181414285
lung,baseline,40000,92,56,56,0.2017797339492447
lung,baseline,40000,92,37,37,0.23070965785698366
lung,baseline,40000,92,82,82,0.28072189419551785
lung,baseline,40000,92,68,68,0.22269914122595513
lung,baseline,40000,92,51,51,0.1930610675731288
lung,baseline,40000,92,28,28,0.38380499617641767
lung,baseline,40000,92,89,89,0.014124657381899624
lung,baseline,40000,92,87,87,0.00890984393676938
lung,baseline,40000,92,84,84,0.014075612291198572
lung,baseline,40000,92,80,80,0.0192930370515387
lung,baseline,40000,92,91,91,0.0077022876196176145
lung,baseline,40000,92,91,91,0.13595658586329898
lung,baseline,40000,92,91,91,0.018386045133700686
lung,baseline,40000,92,89,89,0.29613287847745773
lung,baseline,40000,92,89,89,0.29273550670867404
lung,baseline,40000,92,34,34,0.154750380268275
lung,baseline,40000,92,90,90,0.05465865167835452
lung,baseline,40000,92,88,88,0.05767109074421239
lung,baseline,40000,92,87,87,0.10486405431474038
lung,baseline,40000,92,81,81,0.02722853540370653
lung,baseline,40000,92,75,75,0.13431951584835872
lung,baseline,40000,92,91,91,0.01747788188230502
lung,baseline,40000,92,91,91,0.008282179781695223
lung,baseline,40000,92,91,91,0.13218120902592212
lung,baseline,40000,92,91,91,0.01269652359773726
lung,baseline,40000,92,90,90,0.01864856305629723
lung,baseline,40000,92,89,89,0.02208199671732707
lung,baseline,40000,92,89,89,0.027025841090691897
lung,baseline,40000,92,14,14,0.2954962303796092
lung,baseline,40000,92,56,56,0.12901485108750388
lung,baseline,40000,92,87,87,0.029014688372742202
lung,baseline,40000,92,80,80,0.023204217083980055
lung,baseline,40000,92,75,75,0.031562263997402626
lung,baseline,40000,92,91,91,0.22659152910941463
lung,baseline,40000,92,90,90,0.03829112981183098
lung,baseline,40000,92,91,91,0.07689216622314338
lung,baseline,40000,92,87,87,0.05434303035736386
lung,baseline,40000,92,14,14,0.23637929328102977
lung,baseline,40000,92,91,91,0.05128163235902763
lung,baseline,40000,92,90,90,0.014695886814505772
lung,baseline,40000,92,90,90,0.05372949976168967
lung,baseline,40000,92,83,83,0.05464522228626243
lung,baseline,40000,92,78,78,0.05410756414376366
lung,baseline,40000,92,14,14,0.21844993776698596
lung,baseline,40000,92,87,87,0.02317144644686819
lung,baseline,40000,92,91,91,0.04731308935187688
lung,baseline,40000,92,89,89,0.07559595851522066
lung,baseline,40000,92,14,14,0.2263319482795147
lung,baseline,40000,92,91,91,0.052000678598316016
lung,baseline,40000,92,91,91,0.02043237584015392
lung,baseline,40000,92,91,91,0.008846247381180224
lung,baseline,40000,92,91,91,0.005466815194447539
lung,baseline,40000,92,91,91,0.1308957212196052
lung,baseline,40000,92,91,91,0.00823291966492682
lung,baseline,40000,92,84,84,0.16154986944960678
lung,baseline,40000,92,82,82,0.15217079135006073
lung,baseline,40000,92,37,37,0.12098733099404413
lung,baseline,40000,92,89,89,0.13935965022395028
lung,baseline,40000,92,88,88,0.13883465132314177
lung,baseline,40000,92,14,14,0.267040737395169
lung,baseline,40000,92,88,88,0.2758083987198959
lung,baseline,40000,92,87,87,0.2886811410462023
lung,baseline,40000,92,91,91,0.17548357638125753
lung,baseline,40000,92,91,91,0.1281006317941311
lung,baseline,40000,92,91,91,0.01138015529769544
lung,baseline,40000,92,91,91,0.020455571316063632
lung,baseline,40000,92,90,90,0.012395195495094736
lung,baseline,40000,92,90,90,0.04947126660616479
lung,baseline,40000,92,89,89,0.035111353154228954
lung,baseline,40000,92,43,43,0.12765105889971176
lung,baseline,40000,92,39,39,0.12694954508824738
lung,baseline,40000,92,43,43,0.19397192310322858
lung,baseline,40000,92,39,39,0.20301566390539175
lung,baseline,40000,92,28,28,0.2508955474542833
lung,baseline,40000,92,91,91,0.029073465076164668
lung,baseline,40000,92,90,90,0.04598377593774747
lung,baseline,40000,92,87,87,0.02796356951479542
lung,baseline,40000,92,87,87,0.0333368309655949
lung,baseline,40000,92,91,91,0.02630963284558528
lung,baseline,40000,92,90,90,0.00703405588255306
lung,baseline,40000,92,89,89,0.03166875876214907
lung,baseline,40000,92,89,89,0.05723485758624622
lung,baseline,40000,92,89,89,0.06484375734371052
lung,baseline,40000,92,91,91,0.09905384689272508
lung,baseline,40000,92,86,86,0.04250641415949466
lung,baseline,40000,92,70,70,0.09198232022553429
lung,baseline,40000,92,91,91,0.004780950833885857
lung,baseline,40000,92,90,90,0.012839347439984647
lung,baseline,40000,92,89,89,0.03192427825295408
lung,baseline,40000,92,90,90,0.20669910581440398
lung,baseline,40000,92,88,88,0.20580625853691376
lung,baseline,40000,92,91,91,0.13451727788476575
lung,baseline,40000,92,91,91,0.004069767414246015
lung,baseline,40000,92,90,90,0.01842911440582796
lung,baseline,40000,92,90,90,0.006822148451300238
lung,baseline,40000,92,90,90,0.012315267048520689
lung,baseline,40000,92,85,85,0.03547287207493333
lung,baseline,40000,92,91,91,0.15390330815158126
lung,baseline,40000,92,88,88,0.11755823211830049
lung,baseline,40000,92,87,87,0.2714937754564348
lung,baseline,40000,92,87,87,0.1681201674812084
lung,baseline,40000,92,86,86,0.030407505471699268
lung,baseline,40000,92,86,86,0.22101734583521102
lung,baseline,40000,92,91,91,0.06108543570932195
lung,baseline,40000,92,90,90,0.030598168689844767
lung,baseline,40000,92,89,89,0.008020805520019268
lung,baseline,40000,92,87,87,0.010276465397751268
lung,baseline,40000,92,86,86,0.17218027663277793
lung,baseline,40000,92,85,85,0.13933352886726882
lung,baseline,40000,92,34,34,0.16305463543168078
lung,baseline,40000,92,87,87,0.031087303204688638
lung,baseline,40000,92,91,91,0.20699673850139141
lung,baseline,40000,92,43,43,0.2150675136281186
lung,baseline,40000,92,39,39,0.22459822785366734
lung,baseline,40000,92,91,91,0.17040951875695365
lung,baseline,40000,92,89,89,0.1339194664297828
lung,baseline,40000,92,89,89,0.02375189728319593
lung,baseline,40000,92,85,85,0.025426318654155268
lung,baseline,40000,92,82,82,0.12282015244589344
lung,baseline,40000,92,90,90,0.25074897797543455
lung,baseline,40000,92,89,89,0.23564027351448738
lung,baseline,40000,92,87,87,0.2885788019933631
lung,baseline,40000,92,87,87,0.22764018648540782
lung,baseline,40000,92,81,81,0.24464006736347493
lung,baseline,40000,92,71,71,0.2494156590601794
lung,baseline,40000,92,37,37,0.08150027818075259
lung,baseline,40000,92,34,34,0.1771774128989668
lung,baseline,40000,92,91,91,0.14439850229101675
lung,baseline,40000,92,90,90,0.012531904031650052
lung,baseline,40000,92,89,89,0.024139780633241698
lung,baseline,40000,92,91,91,0.004631093708586131
lung,baseline,40000,92,91,91,0.03427686925870231
lung,baseline,40000,92,90,90,0.018582150635934
lung,baseline,40000,92,90,90,0.041141321027068495
lung,baseline,40000,92,88,88,0.018151583194253664
lung,baseline,40000,92,87,87,0.029688743635589713
lung,baseline,40000,92,87,87,0.11751640349589873
lung,baseline,40000,92,82,82,0.08293008284960757
lung,baseline,40000,92,80,80,0.02168431531893871
lung,baseline,40000,92,90,90,0.2415258965383851
lung,baseline,40000,92,90,90,0.26827978473364517
lung,baseline,40000,92,89,89,0.2520049924209602
lung,baseline,40000,92,89,89,0.24149806067737264
lung,baseline,40000,92,91,91,0.11631926657410967
lung,baseline,40000,92,91,91,0.05125587081004518
lung,baseline,40000,92,89,89,0.01383366553192273
lung,baseline,40000,92,82,82,0.01626786415001652
lung,baseline,40000,92,43,43,0.19890442974717096
lung,baseline,40000,92,39,39,0.2033558992909118
lung,baseline,40000,92,28,28,0.25360606442286376
lung,baseline,40000,92,89,89,0.06426820723901516
lung,baseline,40000,92,88,88,0.05845362697878267
lung,baseline,40000,92,90,90,0.13422047529842882
lung,baseline,40000,92,90,90,0.15314729641734337
lung,baseline,40000,92,90,90,0.1807888107098282
lung,baseline,40000,92,90,90,0.13084338549823982
lung,baseline,40000,92,91,91,0.0021857588372373284
lung,baseline,40000,92,89,89,0.0630949036377761
lung,baseline,40000,92,91,91,0.22542441937632507
lung,baseline,40000,92,91,91,0.024099183287256368
lung,baseline,40000,92,88,88,0.024746977796083848
lung,baseline,40000,92,91,91,0.038337129680903234
lung,baseline,40000,92,89,89,0.1357814843913106
lung,baseline,40000,92,87,87,0.12746443637164237
lung,baseline,40000,92,91,91,0.12675925870823512
lung,baseline,40000,92,91,91,0.1472193291878379
lung,baseline,40000,92,40,40,0.1630703124593113
lung,baseline,40000,92,39,39,0.1957049454967377
lung,baseline,40000,92,28,28,0.23709740784373187
lung,baseline,40000,92,37,37,0.15287038822108773
lung,baseline,40000,92,36,36,0.09519067953551713
lung,baseline,40000,92,34,34,0.23840209727039205
lung,baseline,40000,92,90,90,0.13874893399605942
lung,baseline,40000,92,28,28,0.301818655582358
lung,baseline,40000,92,91,91,0.22641669935323971
lung,baseline,40000,92,90,90,0.030355943053802164
lung,baseline,40000,92,85,85,0.13714909963159302
lung,baseline,40000,92,84,84,0.03268637699210587
lung,baseline,40000,92,84,84,0.16969445824808962
lung,baseline,40000,92,73,73,0.10447587986821341
lung,baseline,40000,92,91,91,0.011902925844065089
lung,baseline,40000,92,91,91,0.1749393727296745
lung,baseline,40000,92,91,91,0.025082771045699375
lung,baseline,40000,92,91,91,0.13327259157205693
lung,baseline,40000,92,43,43,0.20275610398208013
lung,baseline,40000,92,39,39,0.20087378819212406
lung,baseline,40000,92,27,27,0.23299584949469512
lung,baseline,40000,92,91,91,0.013875934483406592
lung,baseline,40000,92,91,91,0.009274760562564398
lung,baseline,40000,92,91,91,0.13159454502660484
lung,baseline,40000,92,91,91,0.017880068376064772
lung,baseline,40000,92,91,91,0.1791202621625524
lung,baseline,40000,92,91,91,0.041847553864703305
lung,baseline,40000,92,56,56,0.09199045969382406
lung,baseline,40000,92,91,91,0.031906390995043415
lung,baseline,40000,92,91,91,0.2539176144566194
lung,baseline,40000,92,81,81,0.2567201236242085
lung,baseline,40000,92,89,89,0.2209227944392573
lung,baseline,40000,92,88,88,0.21565527638471832
lung,baseline,40000,92,14,14,0.2211054075717964
lung,baseline,40000,92,88,88,0.10990444716055148
lung,baseline,40000,92,14,14,0.2265570682423623
lung,baseline,40000,92,90,90,0.23170916671300773
lung,baseline,40000,92,90,90,0.2321356350710248
lung,baseline,40000,92,89,89,0.047571170197185826
lung,baseline,40000,92,85,85,0.0663365419605445
lung,baseline,40000,92,88,88,0.0237671573371815
lung,baseline,40000,92,56,56,0.1367349094979047
lung,baseline,40000,92,91,91,0.004722935795158182
lung,baseline,40000,92,91,91,0.12766160831548715
lung,baseline,40000,92,91,91,0.2825521089004935
lung,baseline,40000,92,89,89,0.2358862707712794
lung,baseline,40000,92,91,91,0.048756784573837336
lung,baseline,40000,92,91,91,0.007425781217226927
lung,baseline,40000,92,91,91,0.006382098613026078
lung,baseline,40000,92,91,91,0.11010255615085092
lung,baseline,40000,92,91,91,0.04953421577290931
lung,baseline,40000,92,91,91,0.0026884053732159317
lung,baseline,40000,92,90,90,0.07791310156642411
lung,baseline,40000,92,91,91,0.2791070250834057
lung,baseline,40000,92,91,91,0.020202468973597832
lung,baseline,40000,92,91,91,0.2030370956922077
lung,baseline,40000,92,91,91,0.0199542213527917
lung,baseline,40000,92,90,90,0.011500934231199326
lung,baseline,40000,92,91,91,0.006250618489396316
lung,baseline,40000,92,91,91,0.015588611521724664
lung,baseline,40000,92,91,91,0.00423578611896404
lung,baseline,40000,92,89,89,0.00974646179417088
lung,baseline,40000,92,89,89,0.009511249894581754
lung,baseline,40000,92,89,89,0.018215716121031112
lung,baseline,40000,92,89,89,0.01333799833733061
lung,baseline,40000,92,88,88,0.010961458831889377
lung,baseline,40000,92,87,87,0.009970057380113272
lung,baseline,40000,92,87,87,0.013589609181633946
lung,baseline,40000,92,91,91,0.027925506422211012
lung,baseline,40000,92,91,91,0.12685772778572665
lung,baseline,40000,92,91,91,0.015772079666842107
lung,baseline,40000,92,91,91,0.021562153450015123
lung,baseline,40000,92,90,90,0.05740865415807614
lung,baseline,40000,92,89,89,0.01990928377031373
lung,baseline,40000,92,91,91,0.042936234258923615
lung,baseline,40000,92,91,91,0.030880870303319083
lung,baseline,40000,92,37,37,0.16785332389393826
lung,baseline,40000,92,36,36,0.10965315308957406
lung,baseline,40000,92,34,34,0.2380077117303573
lung,baseline,40000,92,91,91,0.006167160601603788
lung,baseline,40000,92,91,91,0.20000177846280315
lung,baseline,40000,92,89,89,0.02568473805280224
lung,baseline,40000,92,87,87,0.03222717370797207
lung,baseline,40000,92,85,85,0.01935481007105871
lung,baseline,40000,92,91,91,0.04760502859451663
lung,baseline,40000,92,90,90,0.029263245527873256
lung,baseline,40000,92,90,90,0.002677315103235116
lung,baseline,40000,92,88,88,0.009652589378926392
lung,baseline,40000,92,87,87,0.023348923774319057
lung,baseline,40000,92,89,89,0.10956449248102848
lung,baseline,40000,92,88,88,0.11964840713578492
lung,baseline,40000,92,91,91,0.20886355221494657
lung,baseline,40000,92,90,90,0.03211551546189006
lung,baseline,40000,92,91,91,0.2476212936038883
lung,baseline,40000,92,91,91,0.293012243572875
lung,baseline,40000,92,83,83,0.07575888800600537
lung,baseline,40000,92,78,78,0.11077299903428976
lung,baseline,40000,92,85,85,0.20878707031423557
lung,baseline,40000,92,37,37,0.2210274183227377
lung,baseline,40000,92,36,36,0.17652963118448203
lung,baseline,40000,92,89,89,0.07344089817115237
lung,baseline,40000,92,88,88,0.050834458379649124
lung,baseline,40000,92,90,90,0.2500652343032118
lung,baseline,40000,92,90,90,0.29810073750306465
lung,baseline,40000,92,88,88,0.31294699645631296
lung,baseline,40000,92,86,86,0.3310400171168747
lung,baseline,40000,92,88,88,0.16741316349806182
lung,baseline,40000,92,56,56,0.145247331652912
lung,baseline,40000,92,91,91,0.10812416222097153
lung,baseline,40000,92,91,91,0.021358641664610715
lung,baseline,40000,92,91,91,0.004888776115283664
lung,baseline,40000,92,90,90,0.057723064032242886
lung,baseline,40000,92,81,81,0.042917063221557694
lung,baseline,40000,92,91,91,0.025895890638666368
lung,baseline,40000,92,91,91,0.04762243040506884
lung,baseline,40000,92,91,91,0.11796939047549199
lung,baseline,40000,92,91,91,0.11571886102927496
lung,baseline,40000,92,91,91,0.01527692883945051
lung,baseline,40000,92,91,91,0.012030274531555337
lung,baseline,40000,92,90,90,0.0338327322209812
lung,baseline,40000,92,90,90,0.03173229861639501
lung,baseline,40000,92,89,89,0.03855927059526796
lung,baseline,40000,92,91,91,0.019385270050186726
lung,baseline,40000,92,90,90,0.012159264656634673
lung,baseline,40000,92,82,82,0.020082930945182167
lung,baseline,40000,92,91,91,0.11991333840959771
lung,baseline,40000,92,89,89,0.056469322078564047
lung,baseline,40000,92,87,87,0.1477650491872873
lung,baseline,40000,92,91,91,0.24347394939764908
lung,baseline,40000,92,91,91,0.24947233765351762
lung,baseline,40000,92,83,83,0.18509574149975014
lung,baseline,40000,92,78,78,0.17830847150756754
lung,baseline,40000,92,56,56,0.19975141945470803
lung,baseline,40000,92,90,90,0.18032618953398563
lung,baseline,40000,92,86,86,0.22088710515502852
lung,baseline,40000,92,62,62,0.17429733352401858
lung,baseline,40000,92,91,91,0.14650515445294252
lung,baseline,40000,92,88,88,0.02120391098393223
lung,baseline,40000,92,86,86,0.03461352927967479
lung,baseline,40000,92,39,39,0.2905195424623182
lung,baseline,40000,92,20,20,0.4771846703107904
lung,baseline,40000,92,91,91,0.10963784344724996
lung,baseline,40000,92,90,90,0.05392717783677024
lung,baseline,40000,92,86,86,0.05752422262463503
lung,baseline,40000,92,91,91,0.004773480913269471
lung,baseline,40000,92,91,91,0.22271024401746511
lung,baseline,40000,92,91,91,0.01628765987302679
lung,baseline,40000,92,91,91,0.025082558706341015
lung,baseline,40000,92,84,84,0.12630266006478677
lung,baseline,40000,92,83,83,0.17017715924416024
lung,baseline,40000,92,91,91,0.030277412152402004
lung,baseline,40000,92,91,91,0.13212609662583458
lung,baseline,40000,92,91,91,0.0029914963751591236
lung,baseline,40000,92,86,86,0.03233868652425508
lung,baseline,40000,92,75,75,0.14088784707897675
lung,baseline,40000,92,90,90,0.12942164271983347
lung,baseline,40000,92,90,90,0.16730792506500958
lung,baseline,40000,92,90,90,0.17059111098802446
lung,baseline,40000,92,37,37,0.2054507488564897
lung,baseline,40000,92,36,36,0.16076933337148266
lung,baseline,40000,92,34,34,0.28297416465220293
lung,baseline,40000,92,91,91,0.049256283387265815
lung,baseline,40000,92,91,91,0.1141388017334362
lung,baseline,40000,92,91,91,0.01674413615449222
lung,baseline,40000,92,37,37,0.1299469227756809
lung,baseline,40000,92,36,36,0.10105982148336941
lung,baseline,40000,92,34,34,0.22131756357411925
lung,baseline,40000,92,91,91,0.024882819704994202
lung,baseline,40000,92,91,91,0.2817007826044721
lung,baseline,40000,92,88,88,0.02253888277963407
lung,baseline,40000,92,91,91,0.14622424622133168
lung,baseline,40000,92,34,34,0.15550913721458764
lung,baseline,40000,92,90,90,0.02946975510915035
lung,baseline,40000,92,89,89,0.014598562465531047
lung,baseline,40000,92,91,91,0.28869418301519195
lung,baseline,40000,93,92,92,0.0031648718140214905
lung,baseline,40000,93,91,91,0.02223807753919822
lung,baseline,40000,93,91,91,0.005958090557626681
lung,baseline,40000,93,90,90,0.12644719126212842
lung,baseline,40000,93,92,92,0.11976390421381684
lung,baseline,40000,93,91,91,0.08811126922119995
lung,baseline,40000,93,91,91,0.21291920131252387
lung,baseline,40000,93,89,89,0.2178367564341407
lung,baseline,40000,93,89,89,0.22457197534447168
lung,baseline,40000,93,87,87,0.22900780704280524
lung,baseline,40000,93,71,71,0.06264966947524346
lung,baseline,40000,93,92,92,0.15208289516217247
lung,baseline,40000,93,90,90,0.06024093156800125
lung,baseline,40000,93,89,89,0.2191155270451134
lung,baseline,40000,93,88,88,0.2040532849480969
lung,baseline,40000,93,88,88,0.18696845886016433
lung,baseline,40000,93,91,91,0.01022027529252073
lung,baseline,40000,93,89,89,0.1369430966874873
lung,baseline,40000,93,87,87,0.13364441422193002
lung,baseline,40000,93,85,85,0.03650458773394734
lung,baseline,40000,93,92,92,0.17858333718019648
lung,baseline,40000,93,92,92,0.01425392898923445
lung,baseline,40000,93,92,92,0.019724377117785796
lung,baseline,40000,93,92,92,0.13202306062315242
lung,baseline,40000,93,91,91,0.029410315458321346
lung,baseline,40000,93,90,90,0.010139270667161741
lung,baseline,40000,93,92,92,0.11385399013998394
lung,baseline,40000,93,88,88,0.15965873095108868
lung,baseline,40000,93,88,88,0.10248162553823702
lung,baseline,40000,93,73,73,0.07711078365609181
lung,baseline,40000,93,92,92,0.05175882036170592
lung,baseline,40000,93,91,91,0.10251201463197304
lung,baseline,40000,93,89,89,0.10938472130456098
lung,baseline,40000,93,89,89,0.10061088139924818
lung,baseline,40000,93,87,87,0.11302715598959266
lung,baseline,40000,93,81,81,0.04212442105019844
lung,baseline,40000,93,92,92,0.12154636374571039
lung,baseline,40000,93,92,92,0.009392199582030315
lung,baseline,40000,93,92,92,0.07615938622275602
lung,baseline,40000,93,82,82,0.037711442046578794
lung,baseline,40000,93,92,92,0.11223244244389334
lung,baseline,40000,93,91,91,0.007432315146855554
lung,baseline,40000,93,86,86,0.06583906258837918
lung,baseline,40000,93,92,92,0.27348392650497727
lung,baseline,40000,93,92,92,0.023414765740519282
lung,baseline,40000,93,92,92,0.2027471265881768
lung,baseline,40000,93,88,88,0.06023292925322281
lung,baseline,40000,93,63,63,0.1494449846691063
lung,baseline,40000,93,87,87,0.16035597619723105
lung,baseline,40000,93,82,82,0.1592914792769664
lung,baseline,40000,93,73,73,0.07105699765569849
lung,baseline,40000,93,66,66,0.17765010734588388
lung,baseline,40000,93,92,92,0.053504968335496055
lung,baseline,40000,93,92,92,0.12053917962699157
lung,baseline,40000,93,91,91,0.048334162143483274
lung,baseline,40000,93,91,91,0.009939974642658708
lung,baseline,40000,93,91,91,0.01054887705641032
lung,baseline,40000,93,91,91,0.011526929150794998
lung,baseline,40000,93,80,80,0.08875504893838423
lung,baseline,40000,93,92,92,0.006641284251770206
lung,baseline,40000,93,87,87,0.13119961129862223
lung,baseline,40000,93,87,87,0.15912374948391309
lung,baseline,40000,93,43,43,0.2099011114078271
lung,baseline,40000,93,39,39,0.2063218432357841
lung,baseline,40000,93,27,27,0.23982735619505438
lung,baseline,40000,93,92,92,0.12961516166673953
lung,baseline,40000,93,91,91,0.023011360995134962
lung,baseline,40000,93,90,90,0.01725847167211282
lung,baseline,40000,93,92,92,0.052616771159900086
lung,baseline,40000,93,92,92,0.05574761937713382
lung,baseline,40000,93,92,92,0.10796621082477931
lung,baseline,40000,93,83,83,0.036830956349506346
lung,baseline,40000,93,90,90,0.014931384990491398
lung,baseline,40000,93,88,88,0.05665819633894227
lung,baseline,40000,93,88,88,0.030552225445238033
lung,baseline,40000,93,92,92,0.25935612117116963
lung,baseline,40000,93,91,91,0.26400432508452387
lung,baseline,40000,93,85,85,0.17403810917173795
lung,baseline,40000,93,87,87,0.16619331865844347
lung,baseline,40000,93,37,37,0.23067101524617342
lung,baseline,40000,93,28,28,0.31711598641052763
lung,baseline,40000,93,91,91,0.012973814310242339
lung,baseline,40000,93,91,91,0.13503617135602144
lung,baseline,40000,93,87,87,0.13618120056801467
lung,baseline,40000,93,86,86,0.03266331474213974
lung,baseline,40000,93,81,81,0.04237258334004119
lung,baseline,40000,93,75,75,0.1410459360022718
lung,baseline,40000,93,92,92,0.24670575748870643
lung,baseline,40000,93,92,92,0.17767253740860608
lung,baseline,40000,93,92,92,0.03606754302320153
lung,baseline,40000,93,90,90,0.2604361583915656
lung,baseline,40000,93,92,92,0.01150636945827863
lung,baseline,40000,93,92,92,0.17276356596106493
lung,baseline,40000,93,92,92,0.1272800807592062
lung,baseline,40000,93,92,92,0.007713644407320991
lung,baseline,40000,93,92,92,0.008231129769925863
lung,baseline,40000,93,91,91,0.008188896179174983
lung,baseline,40000,93,85,85,0.03751639826187968
lung,baseline,40000,93,92,92,0.011862692792561625
lung,baseline,40000,93,92,92,0.009701711881055595
lung,baseline,40000,93,91,91,0.05184373066549407
lung,baseline,40000,93,91,91,0.13275741713018946
lung,baseline,40000,93,90,90,0.12753351603540455
lung,baseline,40000,93,89,89,0.11723393323413533
lung,baseline,40000,93,88,88,0.12909659482548086
lung,baseline,40000,93,86,86,0.04029847877116959
lung,baseline,40000,93,85,85,0.2614847134561227
lung,baseline,40000,93,66,66,0.1720290784631935
lung,baseline,40000,93,62,62,0.18038372090589064
lung,baseline,40000,93,56,56,0.20144346030150784
lung,baseline,40000,93,37,37,0.16415808147855
lung,baseline,40000,93,36,36,0.11409689424578809
lung,baseline,40000,93,92,92,0.2279135387510597
lung,baseline,40000,93,71,71,0.04757876318347844
lung,baseline,40000,93,43,43,0.2554013016683795
lung,baseline,40000,93,39,39,0.25654402165609713
lung,baseline,40000,93,36,36,0.16999087357702897
lung,baseline,40000,93,51,51,0.18489646625170747
lung,baseline,40000,93,43,43,0.33066883805327507
lung,baseline,40000,93,28,28,0.42280102923504
lung,baseline,40000,93,92,92,0.28574505567409014
lung,baseline,40000,93,92,92,0.019879683129472237
lung,baseline,40000,93,92,92,0.24858093233444023
lung,baseline,40000,93,92,92,0.017202581364863027
lung,baseline,40000,93,90,90,0.16721643847379764
lung,baseline,40000,93,88,88,0.029010003860570985
lung,baseline,40000,93,62,62,0.13431308768819863
lung,baseline,40000,93,34,34,0.19886752334012944
lung,baseline,40000,93,14,14,0.2895001322329123
lung,baseline,40000,93,92,92,0.0171165543587818
lung,baseline,40000,93,92,92,0.007884187365818562
lung,baseline,40000,93,92,92,0.1326350578039989
lung,baseline,40000,93,90,90,0.17148199214757823
lung,baseline,40000,93,90,90,0.016342117370649802
lung,baseline,40000,93,86,86,0.09967814529781313
lung,baseline,40000,93,85,85,0.16118338266253265
lung,baseline,40000,93,84,84,0.042175843927927094
lung,baseline,40000,93,80,80,0.21861384369297165
lung,baseline,40000,93,37,37,0.278481166087109
lung,baseline,40000,93,28,28,0.3650614499204829
lung,baseline,40000,93,92,92,0.013427762079677868
lung,baseline,40000,93,92,92,0.3074513154666377
lung,baseline,40000,93,92,92,0.27478015280317064
lung,baseline,40000,93,91,91,0.1004400180552177
lung,baseline,40000,93,92,92,0.1743704483460072
lung,baseline,40000,93,92,92,0.13017613238050957
lung,baseline,40000,93,91,91,0.009887263172764007
lung,baseline,40000,93,90,90,0.013725908710796228
lung,baseline,40000,93,89,89,0.04072156184615323
lung,baseline,40000,93,79,79,0.04263081070493462
lung,baseline,40000,93,92,92,0.12760096076745525
lung,baseline,40000,93,90,90,0.006462547011360916
lung,baseline,40000,93,88,88,0.061984690122585125
lung,baseline,40000,93,85,85,0.03767796732583925
lung,baseline,40000,93,92,92,0.05316781792818135
lung,baseline,40000,93,92,92,0.014079294770404802
lung,baseline,40000,93,92,92,0.09760397926047638
lung,baseline,40000,93,91,91,0.04766596707476616
lung,baseline,40000,93,85,85,0.16273946636839648
lung,baseline,40000,93,84,84,0.16315595435413788
lung,baseline,40000,93,82,82,0.1708587450764894
lung,baseline,40000,93,73,73,0.06884238400416212
lung,baseline,40000,93,66,66,0.1622185892508399
lung,baseline,40000,93,62,62,0.16788833700674363
lung,baseline,40000,93,43,43,0.20899452548927655
lung,baseline,40000,93,39,39,0.20616059419090568
lung,baseline,40000,93,27,27,0.24161931591672867
lung,baseline,40000,93,89,89,0.1278181595664105
lung,baseline,40000,93,37,37,0.06400802915642573
lung,baseline,40000,93,92,92,0.2539521015264693
lung,baseline,40000,93,92,92,0.02476718087972666
lung,baseline,40000,93,88,88,0.2660209479750708
lung,baseline,40000,93,92,92,0.005461726813272466
lung,baseline,40000,93,92,92,0.01899152346080692
lung,baseline,40000,93,14,14,0.27215743552346566
lung,baseline,40000,93,92,92,0.28727847781036087
lung,baseline,40000,93,92,92,0.20065362847722293
lung,baseline,40000,93,63,63,0.13947031039300797
lung,baseline,40000,93,92,92,0.05547221386990805
lung,baseline,40000,93,92,92,0.13354949381608747
lung,baseline,40000,93,92,92,0.05489847747109229
lung,baseline,40000,93,92,92,0.046642722042988735
lung,baseline,40000,93,92,92,0.011836894566875223
lung,baseline,40000,93,92,92,0.03227763740617813
lung,baseline,40000,93,92,92,0.044070729228142154
lung,baseline,40000,93,91,91,0.04335146918494107
lung,baseline,40000,93,84,84,0.03269209667303562
lung,baseline,40000,93,43,43,0.28549430399921133
lung,baseline,40000,93,39,39,0.28798346648169965
lung,baseline,40000,93,91,91,0.11605669491291208
lung,baseline,40000,93,81,81,0.086774328018812
lung,baseline,40000,93,92,92,0.11682621522569617
lung,baseline,40000,93,92,92,0.02644570844155225
lung,baseline,40000,93,89,89,0.09803644390511726
lung,baseline,40000,93,89,89,0.2357677660956646
lung,baseline,40000,93,89,89,0.044727327378739794
lung,baseline,40000,93,87,87,0.2269237064195384
lung,baseline,40000,93,92,92,0.11321699205478686
lung,baseline,40000,93,92,92,0.007318289246961521
lung,baseline,40000,93,91,91,0.052422824971017135
lung,baseline,40000,93,92,92,0.12494434716804335
lung,baseline,40000,93,92,92,0.014716751143677842
lung,baseline,40000,93,90,90,0.009628647159951412
lung,baseline,40000,93,92,92,0.009192616358936074
lung,baseline,40000,93,92,92,0.04851643624915158
lung,baseline,40000,93,91,91,0.05227006940523833
lung,baseline,40000,93,90,90,0.10951545052284564
lung,baseline,40000,93,92,92,0.06502156562997573
lung,baseline,40000,93,92,92,0.13328341284448006
lung,baseline,40000,93,88,88,0.018813704320381062
lung,baseline,40000,93,88,88,0.02176872102285838
lung,baseline,40000,93,92,92,0.11347547107844205
lung,baseline,40000,93,92,92,0.016224620442456587
lung,baseline,40000,93,91,91,0.007764872593839349
lung,baseline,40000,93,90,90,0.031084043931655862
lung,baseline,40000,93,90,90,0.039731565527060246
lung,baseline,40000,93,82,82,0.1444967620495243
lung,baseline,40000,93,37,37,0.20013286224190685
lung,baseline,40000,93,36,36,0.16358006294688382
lung,baseline,40000,93,92,92,0.21275695511456663
lung,baseline,40000,93,92,92,0.005368095539009249
lung,baseline,40000,93,92,92,0.02375762777963814
lung,baseline,40000,93,92,92,0.06855569969241054
lung,baseline,40000,93,81,81,0.13690430207192267
lung,baseline,40000,93,77,77,0.17705590135272678
lung,baseline,40000,93,76,76,0.16513017649733633
lung,baseline,40000,93,92,92,0.12880987755113923
lung,baseline,40000,93,86,86,0.0316616158167573
lung,baseline,40000,93,81,81,0.04143647861768328
lung,baseline,40000,93,92,92,0.060045163207056086
lung,baseline,40000,93,28,28,0.25978397113296514
lung,baseline,40000,93,92,92,0.01078505673734006
lung,baseline,40000,93,92,92,0.13269663823077774
lung,baseline,40000,93,92,92,0.027489683102366446
lung,baseline,40000,93,92,92,0.01708981958338973
lung,baseline,40000,93,92,92,0.1731827564886408
lung,baseline,40000,93,77,77,0.13111023896151938
lung,baseline,40000,93,77,77,0.173746441323101
lung,baseline,40000,93,76,76,0.11902428419283892
lung,baseline,40000,93,37,37,0.12999261934539946
lung,baseline,40000,93,92,92,0.09689657856271863
lung,baseline,40000,93,90,90,0.055680458131327194
lung,baseline,40000,93,89,89,0.13682944359259128
lung,baseline,40000,93,87,87,0.1364214261769409
lung,baseline,40000,93,92,92,0.057371606159599416
lung,baseline,40000,93,90,90,0.11398949028479041
lung,baseline,40000,93,40,40,0.20842125058951017
lung,baseline,40000,93,39,39,0.2574806197278149
lung,baseline,40000,93,37,37,0.2701307725421054
lung,baseline,40000,93,37,37,0.23680721754701492
lung,baseline,40000,93,36,36,0.2050178111731151
lung,baseline,40000,93,34,34,0.2133265500886841
lung,baseline,40000,93,56,56,0.1662226129143861
lung,baseline,40000,93,43,43,0.1381499431939212
lung,baseline,40000,93,39,39,0.15530183551734558
lung,baseline,40000,93,92,92,0.11206277858027254
lung,baseline,40000,93,81,81,0.042426772418062544
lung,baseline,40000,93,56,56,0.3204311670228572
lung,baseline,40000,93,90,90,0.13189845277782414
lung,baseline,40000,93,88,88,0.1788043667372837
lung,baseline,40000,93,88,88,0.18074026051498165
lung,baseline,40000,93,86,86,0.18949081939449136
lung,baseline,40000,93,92,92,0.14849703595114838
lung,baseline,40000,93,88,88,0.009603163560067358
lung,baseline,40000,93,14,14,0.19728323714285018
lung,baseline,40000,93,92,92,0.02832549931999261
lung,baseline,40000,93,92,92,0.045705967578412714
lung,baseline,40000,93,92,92,0.12863921278913582
lung,baseline,40000,93,91,91,0.010595376213157153
lung,baseline,40000,93,90,90,0.02037513842862794
lung,baseline,40000,93,90,90,0.018145004532582013
lung,baseline,40000,93,90,90,0.05543367645734208
lung,baseline,40000,93,90,90,0.027710355175932254
lung,baseline,40000,93,92,92,0.13212072525270724
lung,baseline,40000,93,92,92,0.17326834481925954
lung,baseline,40000,93,87,87,0.2353372790690969
lung,baseline,40000,93,87,87,0.2234671151572893
lung,baseline,40000,93,37,37,0.2694540082829776
lung,baseline,40000,93,92,92,0.12579230888313223
lung,baseline,40000,93,92,92,0.008154637178842425
lung,baseline,40000,93,92,92,0.2902154963429211
lung,baseline,40000,93,91,91,0.058810155075444674
lung,baseline,40000,93,63,63,0.13770779572237216
lung,baseline,40000,93,37,37,0.20196717898816735
lung,baseline,40000,93,36,36,0.16643352537049114
lung,baseline,40000,93,34,34,0.20320234273289026
lung,baseline,40000,93,92,92,0.006972302951679493
lung,baseline,40000,93,92,92,0.10188998224083237
lung,baseline,40000,93,92,92,0.0088308314626669
lung,baseline,40000,93,36,36,0.10987779853357627
lung,baseline,40000,93,89,89,0.13546672772862103
lung,baseline,40000,93,87,87,0.12346894995235629
lung,baseline,40000,93,86,86,0.01496601251382977
lung,baseline,40000,93,37,37,0.28726292842085127
lung,baseline,40000,93,19,19,0.4642219493244147
lung,baseline,40000,93,92,92,0.009443341244873508
lung,baseline,40000,93,92,92,0.1272180575863401
lung,baseline,40000,93,91,91,0.049162480155124616
lung,baseline,40000,93,90,90,0.05777746655997753
lung,baseline,40000,93,92,92,0.011032958216870356
lung,baseline,40000,93,92,92,0.050327846795832944
lung,baseline,40000,93,89,89,0.23270546962581481
lung,baseline,40000,93,88,88,0.23115557933495826
lung,baseline,40000,93,87,87,0.22972482527553093
lung,baseline,40000,93,92,92,0.05067562482367231
lung,baseline,40000,93,92,92,0.2892834263229273
lung,baseline,40000,93,92,92,0.014324956173202261
lung,baseline,40000,93,92,92,0.2413139478303896
lung,baseline,40000,93,86,86,0.04231378563899435
lung,baseline,40000,93,92,92,0.12866881418047119
lung,baseline,40000,93,91,91,0.02140031445070609
lung,baseline,40000,93,86,86,0.03492004049679553
lung,baseline,40000,93,86,86,0.016120385685924218
lung,baseline,40000,93,92,92,0.2778672310296945
lung,baseline,40000,93,92,92,0.027215558202622878
lung,baseline,40000,93,92,92,0.19752032156263372
lung,baseline,40000,93,90,90,0.055912829411588275
lung,baseline,40000,93,37,37,0.08853709748627415
lung,baseline,40000,93,34,34,0.18886330696782597
lung,baseline,40000,93,92,92,0.03303285335037224
lung,baseline,40000,93,92,92,0.051046467990286816
lung,baseline,40000,93,92,92,0.12502346276651782
lung,baseline,40000,93,91,91,0.01728382736652288
lung,baseline,40000,93,84,84,0.028096855123831716
lung,baseline,40000,93,43,43,0.22429747167181743
lung,baseline,40000,93,39,39,0.2233639851703888
lung,baseline,40000,93,37,37,0.20923058689006496
lung,baseline,40000,93,36,36,0.18102435252332405
lung,baseline,40000,93,92,92,0.13371970305111153
lung,baseline,40000,93,92,92,0.003762594518393458
lung,baseline,40000,93,92,92,0.002247188366503931
lung,baseline,40000,93,91,91,0.05805498538081928
lung,baseline,40000,93,87,87,0.2060403081405504
lung,baseline,40000,93,80,80,0.2250532939416611
lung,baseline,40000,93,28,28,0.4082779310364074
lung,baseline,40000,93,89,89,0.030217581015251436
lung,baseline,40000,93,88,88,0.15826872622920843
lung,baseline,40000,93,87,87,0.02838594822280019
lung,baseline,40000,93,14,14,0.2935784812886751
lung,baseline,40000,93,92,92,0.11765702747366005
lung,baseline,40000,93,92,92,0.028528242127754462
lung,baseline,40000,93,92,92,0.030651141205743145
lung,baseline,40000,93,91,91,0.02631145828732156
lung,baseline,40000,93,90,90,0.032599957289027266
lung,baseline,40000,93,87,87,0.0453251562223157
lung,baseline,40000,93,92,92,0.053686644159886054
lung,baseline,40000,93,92,92,0.230689117587826
lung,baseline,40000,93,88,88,0.023217934160727597
lung,baseline,40000,93,14,14,0.29538342346553553
lung,baseline,40000,93,92,92,0.1348748321677817
lung,baseline,40000,93,92,92,0.004775726760762846
lung,baseline,40000,93,92,92,0.00907007638175769
lung,baseline,40000,93,92,92,0.13074492248032776
lung,baseline,40000,93,92,92,0.017377402309668853
lung,baseline,40000,93,92,92,0.1716262829486071
lung,baseline,40000,93,92,92,0.12810278775652323
lung,baseline,40000,93,92,92,0.01363765677537524
lung,baseline,40000,93,92,92,0.019886321073717243
lung,baseline,40000,93,92,92,0.005524818538354534
lung,baseline,40000,93,91,91,0.010687684414630803
lung,baseline,40000,93,91,91,0.0066655350977286925
lung,baseline,40000,93,92,92,0.009638374744764158
lung,baseline,40000,93,92,92,0.01439056978130572
lung,baseline,40000,93,92,92,0.008344512726074328
lung,baseline,40000,93,90,90,0.011503545393265941
lung,baseline,40000,93,88,88,0.038926976365285554
lung,baseline,40000,93,92,92,0.06980514296965838
lung,baseline,40000,93,91,91,0.04361450063369482
lung,baseline,40000,93,91,91,0.30530698785668975
lung,baseline,40000,93,37,37,0.24091161065085123
lung,baseline,40000,93,34,34,0.23080269506936144
lung,baseline,40000,93,88,88,0.1178837852870203
lung,baseline,40000,93,43,43,0.15053043981339997
lung,baseline,40000,93,39,39,0.1576964784530448
lung,baseline,40000,93,92,92,0.06751912905285477
lung,baseline,40000,93,92,92,0.30881415363276327
lung,baseline,40000,93,91,91,0.021143446318838077
lung,baseline,40000,93,90,90,0.2057333996598144
lung,baseline,40000,93,28,28,0.4076247414506638
lung,baseline,40000,93,84,84,0.13597671735333008
lung,baseline,40000,93,82,82,0.1334096955335383
lung,baseline,40000,93,43,43,0.17077284906441853
lung,baseline,40000,93,39,39,0.17226888590093165
lung,baseline,40000,93,28,28,0.23268555012447495
lung,baseline,40000,93,92,92,0.2331001511775135
lung,baseline,40000,93,92,92,0.02668815078257396
lung,baseline,40000,93,92,92,0.16238484105261983
lung,baseline,40000,93,82,82,0.17773162686531577
lung,baseline,40000,93,82,82,0.17242030889123885
lung,baseline,40000,93,70,70,0.19799340066402035
lung,baseline,40000,93,92,92,0.17858210699733706
lung,baseline,40000,93,92,92,0.25373924267570186
lung,baseline,40000,93,92,92,0.11314229440773463
lung,baseline,40000,93,92,92,0.2519914292567354
lung,baseline,40000,93,92,92,0.0020774581609007124
lung,baseline,40000,93,92,92,0.02167564545873929
lung,baseline,40000,93,90,90,0.02691604895803001
lung,baseline,40000,93,92,92,0.12964500963743605
lung,baseline,40000,93,81,81,0.06648122462480636
lung,baseline,40000,93,78,78,0.05363237874673343
lung,baseline,40000,93,77,77,0.1806275663898118
lung,baseline,40000,93,43,43,0.2109228357801437
lung,baseline,40000,93,39,39,0.20851402455681173
lung,baseline,40000,93,92,92,0.02093692862837637
lung,baseline,40000,93,92,92,0.12965860084540204
lung,baseline,40000,93,92,92,0.007293881956777965
lung,baseline,40000,93,92,92,0.005651990997620891
lung,baseline,40000,93,92,92,0.017123655338176374
lung,baseline,40000,93,92,92,0.0009945826937655684
lung,baseline,40000,93,92,92,0.01110845664348788
lung,baseline,40000,93,92,92,0.004519569439883025
lung,baseline,40000,93,92,92,0.014172936424383015
lung,baseline,40000,93,92,92,0.06077358367917335
lung,baseline,40000,93,92,92,0.05320056156662341
lung,baseline,40000,93,92,92,0.007444657731643456
lung,baseline,40000,93,92,92,0.0027762937746430706
lung,baseline,40000,93,92,92,0.05222017486056261
lung,baseline,40000,93,92,92,0.06535906198221461
lung,baseline,40000,93,92,92,0.0339324001621566
lung,baseline,40000,93,92,92,0.0047073207374407795
lung,baseline,40000,93,92,92,0.011064109745160373
lung,baseline,40000,93,92,92,0.003162366177070795
lung,baseline,40000,93,92,92,0.0019401572581539573
lung,baseline,40000,93,92,92,0.0049606354170881935
lung,baseline,40000,93,92,92,0.04834093720322735
lung,baseline,40000,93,92,92,0.0248984922972946
lung,baseline,40000,93,92,92,0.0038575461608925513
lung,baseline,40000,93,92,92,0.04766227408673595
lung,baseline,40000,93,92,92,0.005906244297651794
lung,baseline,40000,93,91,91,0.04806882317170886
lung,baseline,40000,93,91,91,0.005934497120661156
lung,baseline,40000,93,91,91,0.05347324803585519
lung,baseline,40000,93,91,91,0.05164479614694266
lung,baseline,40000,93,90,90,0.010857341079320168
lung,baseline,40000,93,90,90,0.009654468894357122
lung,baseline,40000,93,90,90,0.015916386199722608
lung,baseline,40000,93,86,86,0.01257655513298247
lung,baseline,40000,93,34,34,0.19777832337208373
lung,baseline,40000,93,92,92,0.05184907277849672
lung,baseline,40000,93,89,89,0.10998405176194398
lung,baseline,40000,93,88,88,0.10930856914757302
lung,baseline,40000,93,92,92,0.02030137294628878
lung,baseline,40000,93,92,92,0.12778938083231386
lung,baseline,40000,93,90,90,0.01100817887308768
lung,baseline,40000,93,88,88,0.020344623217422864
lung,baseline,40000,93,85,85,0.05248716007455202
lung,baseline,40000,93,92,92,0.22989994744817557
lung,baseline,40000,93,56,56,0.20234351232630016
lung,baseline,40000,93,43,43,0.17289719053868893
lung,baseline,40000,93,39,39,0.18879378096877822
lung,baseline,40000,93,28,28,0.2522029705023577
lung,baseline,40000,93,92,92,0.12534569906898269
lung,baseline,40000,93,92,92,0.1621918812276139
lung,baseline,40000,93,90,90,0.01918207062124122
lung,baseline,40000,93,88,88,0.020555443896578065
lung,baseline,40000,93,88,88,0.028936285975743756
lung,baseline,40000,93,92,92,0.006360826238960517
lung,baseline,40000,93,92,92,0.008886129158936914
lung,baseline,40000,93,92,92,0.017097491556455565
lung,baseline,40000,93,91,91,0.00427316794496529
lung,baseline,40000,93,92,92,0.00873790208076911
lung,baseline,40000,93,92,92,0.1271860207157473
lung,baseline,40000,93,92,92,0.006506951985865178
lung,baseline,40000,93,91,91,0.008013741931890259
lung,baseline,40000,93,90,90,0.039862231162364745
lung,baseline,40000,93,92,92,0.007167483551174183
lung,baseline,40000,93,91,91,0.007863257012017217
lung,baseline,40000,93,89,89,0.12838681189892295
lung,baseline,40000,93,88,88,0.12362371866753698
lung,baseline,40000,93,88,88,0.017690026923349058
lung,baseline,40000,93,92,92,0.12182883216093195
lung,baseline,40000,93,90,90,0.017361913511334676
lung,baseline,40000,93,86,86,0.02435882235701334
lung,baseline,40000,93,85,85,0.03526268665387985
lung,baseline,40000,93,81,81,0.03418622038160758
lung,baseline,40000,93,92,92,0.0314365158468942
lung,baseline,40000,93,91,91,0.16719904120831341
lung,baseline,40000,93,91,91,0.12338159877101873
lung,baseline,40000,93,90,90,0.14334549356664164
lung,baseline,40000,93,89,89,0.02222211209138849
lung,baseline,40000,93,88,88,0.19445308496756322
lung,baseline,40000,93,87,87,0.03650115622738579
lung,baseline,40000,93,84,84,0.13029471687544683
lung,baseline,40000,93,83,83,0.14071917558960542
lung,baseline,40000,93,69,69,0.1607338924806436
lung,baseline,40000,93,91,91,0.18575124431119056
lung,baseline,40000,93,90,90,0.1320368143783927
lung,baseline,40000,93,89,89,0.16119211091648414
lung,baseline,40000,93,89,89,0.15792591564792982
lung,baseline,40000,93,87,87,0.17456444843789695
lung,baseline,40000,93,87,87,0.15714769793656924
lung,baseline,40000,93,72,72,0.10343953307870063
lung,baseline,40000,93,82,82,0.1696485822571808
lung,baseline,40000,93,37,37,0.1991167309380313
lung,baseline,40000,93,36,36,0.17550552906974687
lung,baseline,40000,93,56,56,0.24384043015982318
lung,baseline,40000,93,43,43,0.2750322339531223
lung,baseline,40000,93,39,39,0.2840508818651906
lung,baseline,40000,93,28,28,0.3604639180476994
lung,baseline,40000,93,92,92,0.10321716710313172
lung,baseline,40000,93,92,92,0.05245869567806445
lung,baseline,40000,93,83,83,0.05042933037823044
lung,baseline,40000,93,66,66,0.15794158911274517
lung,baseline,40000,93,62,62,0.16460888310785216
lung,baseline,40000,93,92,92,0.010206116495082766
lung,baseline,40000,93,92,92,0.024353818067808352
lung,baseline,40000,93,92,92,0.010218484615665985
lung,baseline,40000,93,92,92,0.018772264936330395
lung,baseline,40000,93,83,83,0.030893329269365014
lung,baseline,40000,93,92,92,0.051100532968392925
lung,baseline,40000,93,87,87,0.10877129010836493
lung,baseline,40000,93,92,92,0.050989535228017864
lung,baseline,40000,93,92,92,0.20602022049976557
lung,baseline,40000,93,92,92,0.2845435477433491
lung,baseline,40000,93,91,91,0.03242818058665543
lung,baseline,40000,93,90,90,0.021417027880928762
lung,baseline,40000,93,88,88,0.03504422299201588
lung,baseline,40000,93,92,92,0.0518089428560597
lung,baseline,40000,93,92,92,0.11033969031241116
lung,baseline,40000,93,92,92,0.04699410493117271
lung,baseline,40000,93,91,91,0.008854927129375785
lung,baseline,40000,93,87,87,0.025702465998248335
lung,baseline,40000,93,88,88,0.1341357497380136
lung,baseline,40000,93,87,87,0.03169078377372296
lung,baseline,40000,93,81,81,0.08569884000189332
lung,baseline,40000,93,75,75,0.16550778827788365
lung,baseline,40000,93,92,92,0.12628790616438537
lung,baseline,40000,93,92,92,0.0034713144911784617
lung,baseline,40000,93,90,90,0.008156274727182571
lung,baseline,40000,93,92,92,0.1311360755321414
lung,baseline,40000,93,91,91,0.04551596963261951
lung,baseline,40000,93,88,88,0.03330687653152111
lung,baseline,40000,93,81,81,0.07610444714946941
lung,baseline,40000,94,43,43,0.15273866731897123
lung,baseline,40000,94,39,39,0.1499382921774204
lung,baseline,40000,94,80,80,0.1572550732704891
lung,baseline,40000,94,37,37,0.19353072121530118
lung,baseline,40000,94,91,91,0.07724183457554987
lung,baseline,40000,94,90,90,0.08496752652272359
lung,baseline,40000,94,88,88,0.15070736467281323
lung,baseline,40000,94,87,87,0.014692643748710646
lung,baseline,40000,94,93,93,0.1785177013225643
lung,baseline,40000,94,93,93,0.006544980359376205
lung,baseline,40000,94,93,93,0.12797142298626032
lung,baseline,40000,94,81,81,0.3134388843466981
lung,baseline,40000,94,78,78,0.19719339242908207
lung,baseline,40000,94,77,77,0.3177895000316281
lung,baseline,40000,94,76,76,0.3165946996692058
lung,baseline,40000,94,63,63,0.22609800531617238
lung,baseline,40000,94,62,62,0.291525187589943
lung,baseline,40000,94,37,37,0.158256807720971
lung,baseline,40000,94,14,14,0.23837906028786152
lung,baseline,40000,94,93,93,0.008509495722051494
lung,baseline,40000,94,93,93,0.1764261771090032
lung,baseline,40000,94,93,93,0.1311185991591284
lung,baseline,40000,94,93,93,0.013174060485682735
lung,baseline,40000,94,91,91,0.1435048371611893
lung,baseline,40000,94,93,93,0.20899581440236106
lung,baseline,40000,94,89,89,0.2184380959860111
lung,baseline,40000,94,93,93,0.0038489339712208435
lung,baseline,40000,94,87,87,0.022992239342974563
lung,baseline,40000,94,66,66,0.21901704432669208
lung,baseline,40000,94,62,62,0.21184672671852656
lung,baseline,40000,94,56,56,0.21989998315114395
lung,baseline,40000,94,37,37,0.19653840915729914
lung,baseline,40000,94,91,91,0.01845132134657571
lung,baseline,40000,94,89,89,0.20599068325222095
lung,baseline,40000,94,62,62,0.26021828973307204
lung,baseline,40000,94,66,66,0.23399536254489967
lung,baseline,40000,94,62,62,0.21684832703070522
lung,baseline,40000,94,56,56,0.23555556979072087
lung,baseline,40000,94,37,37,0.22038047506622116
lung,baseline,40000,94,36,36,0.17973079193814462
lung,baseline,40000,94,87,87,0.15034698915740205
lung,baseline,40000,94,85,85,0.1588440435019343
lung,baseline,40000,94,37,37,0.2266211727162434
lung,baseline,40000,94,91,91,0.00903961428811436
lung,baseline,40000,94,90,90,0.10189998617834913
lung,baseline,40000,94,89,89,0.15568087766866864
lung,baseline,40000,94,93,93,0.020419680530018625
lung,baseline,40000,94,93,93,0.01717438365223643
lung,baseline,40000,94,93,93,0.004088547983354277
lung,baseline,40000,94,93,93,0.003690971155712107
lung,baseline,40000,94,93,93,0.11447352434961258
lung,baseline,40000,94,92,92,0.008713747117802349
lung,baseline,40000,94,92,92,0.04470974550809758
lung,baseline,40000,94,90,90,0.01965592782908164
lung,baseline,40000,94,93,93,0.007786282588997457
lung,baseline,40000,94,93,93,0.030267070304584906
lung,baseline,40000,94,93,93,0.016511085924398407
lung,baseline,40000,94,93,93,0.04899488186941845
lung,baseline,40000,94,93,93,0.005940464717813208
lung,baseline,40000,94,93,93,0.02293779389212073
lung,baseline,40000,94,93,93,0.016599338820444537
lung,baseline,40000,94,93,93,0.23039633820404004
lung,baseline,40000,94,93,93,0.00542096175047427
lung,baseline,40000,94,92,92,0.023071987437104195
lung,baseline,40000,94,92,92,0.01026391973653306
lung,baseline,40000,94,92,92,0.01755431192493384
lung,baseline,40000,94,92,92,0.019463797647058707
lung,baseline,40000,94,92,92,0.022122686239108985
lung,baseline,40000,94,90,90,0.02861719887305801
lung,baseline,40000,94,93,93,0.010811135533608214
lung,baseline,40000,94,93,93,0.04889861985139145
lung,baseline,40000,94,93,93,0.01702520168252317
lung,baseline,40000,94,93,93,0.046504080243507745
lung,baseline,40000,94,93,93,0.01885930361922185
lung,baseline,40000,94,93,93,0.047999518002429804
lung,baseline,40000,94,93,93,0.017127561123309737
lung,baseline,40000,94,93,93,0.05805772845098353
lung,baseline,40000,94,93,93,0.014878074988497681
lung,baseline,40000,94,93,93,0.014901558616251137
lung,baseline,40000,94,93,93,0.04687444496163347
lung,baseline,40000,94,93,93,0.0468800678513555
lung,baseline,40000,94,93,93,0.006497649641547607
lung,baseline,40000,94,93,93,0.01726566338330921
lung,baseline,40000,94,93,93,0.047075707496516406
lung,baseline,40000,94,93,93,0.04720441249888494
lung,baseline,40000,94,93,93,0.007244239490970004
lung,baseline,40000,94,93,93,0.010422791688389709
lung,baseline,40000,94,93,93,0.008354740253360691
lung,baseline,40000,94,93,93,0.038582364585960524
lung,baseline,40000,94,93,93,0.005596066174460745
lung,baseline,40000,94,93,93,0.02376108476416431
lung,baseline,40000,94,93,93,0.13116497524797976
lung,baseline,40000,94,93,93,0.04833070715647648
lung,baseline,40000,94,93,93,0.010572706603706527
lung,baseline,40000,94,93,93,0.042793838385303644
lung,baseline,40000,94,93,93,0.050323545888487364
lung,baseline,40000,94,93,93,0.008309902283840518
lung,baseline,40000,94,93,93,0.013729374290913116
lung,baseline,40000,94,92,92,0.0484025385449306
lung,baseline,40000,94,92,92,0.012688814666498141
lung,baseline,40000,94,91,91,0.0506066104621162
lung,baseline,40000,94,91,91,0.02789824100813421
lung,baseline,40000,94,91,91,0.0557086225424992
lung,baseline,40000,94,87,87,0.057865148084850056
lung,baseline,40000,94,93,93,0.019283932107925828
lung,baseline,40000,94,93,93,0.2554882358220108
lung,baseline,40000,94,93,93,0.024572910295416184
lung,baseline,40000,94,92,92,0.27947269519836104
lung,baseline,40000,94,78,78,0.053542662668995204
lung,baseline,40000,94,43,43,0.21274398998295715
lung,baseline,40000,94,39,39,0.20819921634858674
lung,baseline,40000,94,92,92,0.28279217330587086
lung,baseline,40000,94,92,92,0.26952171119261115
lung,baseline,40000,94,90,90,0.2742551995828512
lung,baseline,40000,94,90,90,0.057255057256085116
lung,baseline,40000,94,89,89,0.06723019267447747
lung,baseline,40000,94,85,85,0.2690666021143443
lung,baseline,40000,94,84,84,0.23832315567242982
lung,baseline,40000,94,93,93,0.1829337146686224
lung,baseline,40000,94,92,92,0.1312158704173772
lung,baseline,40000,94,92,92,0.1304251221440495
lung,baseline,40000,94,91,91,0.017001255173503167
lung,baseline,40000,94,91,91,0.13258018981836717
lung,baseline,40000,94,91,91,0.13101795302395441
lung,baseline,40000,94,88,88,0.0492359093961237
lung,baseline,40000,94,93,93,0.15712774217260175
lung,baseline,40000,94,93,93,0.24930352831109143
lung,baseline,40000,94,93,93,0.22208599131468876
lung,baseline,40000,94,90,90,0.050277009029893134
lung,baseline,40000,94,43,43,0.22571079266325159
lung,baseline,40000,94,39,39,0.23443365777073424
lung,baseline,40000,94,37,37,0.20566665396574443
lung,baseline,40000,94,93,93,0.1234479955392939
lung,baseline,40000,94,92,92,0.0447215691625492
lung,baseline,40000,94,90,90,0.10613168107053439
lung,baseline,40000,94,91,91,0.12726120045539438
lung,baseline,40000,94,89,89,0.17184498669081652
lung,baseline,40000,94,88,88,0.10863257494028478
lung,baseline,40000,94,86,86,0.18330105832121477
lung,baseline,40000,94,92,92,0.05189130722029107
lung,baseline,40000,94,91,91,0.02569460949929118
lung,baseline,40000,94,89,89,0.08928621245799594
lung,baseline,40000,94,89,89,0.15695059769157235
lung,baseline,40000,94,77,77,0.12866222869317417
lung,baseline,40000,94,43,43,0.14510859300465662
lung,baseline,40000,94,39,39,0.1473232352394246
lung,baseline,40000,94,93,93,0.1319924622511445
lung,baseline,40000,94,92,92,0.014031769042974767
lung,baseline,40000,94,93,93,0.006509091207328975
lung,baseline,40000,94,93,93,0.2765312450897819
lung,baseline,40000,94,93,93,0.009406969336539745
lung,baseline,40000,94,93,93,0.08215307939216882
lung,baseline,40000,94,93,93,0.058984987369921596
lung,baseline,40000,94,90,90,0.027995943237893353
lung,baseline,40000,94,56,56,0.16977632982743657
lung,baseline,40000,94,90,90,0.16851022905192742
lung,baseline,40000,94,87,87,0.20731215000288072
lung,baseline,40000,94,84,84,0.0842517147053561
lung,baseline,40000,94,93,93,0.008616846039711122
lung,baseline,40000,94,93,93,0.1277639811359979
lung,baseline,40000,94,92,92,0.16886654148519686
lung,baseline,40000,94,73,73,0.10398399902209628
lung,baseline,40000,94,56,56,0.21240208623751133
lung,baseline,40000,94,37,37,0.20145914669187864
lung,baseline,40000,94,36,36,0.1619253150068927
lung,baseline,40000,94,34,34,0.29570687083513664
lung,baseline,40000,94,93,93,0.009145098818770389
lung,baseline,40000,94,93,93,0.00325830182061824
lung,baseline,40000,94,93,93,0.006938089378211311
lung,baseline,40000,94,93,93,0.02532625473381769
lung,baseline,40000,94,93,93,0.00987775285534129
lung,baseline,40000,94,93,93,0.13064252263007992
lung,baseline,40000,94,93,93,0.17350437609452773
lung,baseline,40000,94,93,93,0.17639346425069616
lung,baseline,40000,94,93,93,0.1293888952487025
lung,baseline,40000,94,92,92,0.014771058934379817
lung,baseline,40000,94,87,87,0.32872801633103843
lung,baseline,40000,94,87,87,0.160499023948957
lung,baseline,40000,94,37,37,0.14448568823860733
lung,baseline,40000,94,91,91,0.06991712544699237
lung,baseline,40000,94,88,88,0.16104816981980014
lung,baseline,40000,94,93,93,0.024004105122619315
lung,baseline,40000,94,93,93,0.2857367418967669
lung,baseline,40000,94,93,93,0.004615787603122688
lung,baseline,40000,94,93,93,0.19915729972356228
lung,baseline,40000,94,91,91,0.09586929422118809
lung,baseline,40000,94,90,90,0.03565412309872798
lung,baseline,40000,94,87,87,0.16226470840891594
lung,baseline,40000,94,74,74,0.1332558616641138
lung,baseline,40000,94,37,37,0.14967882940238875
lung,baseline,40000,94,93,93,0.027892505866852945
lung,baseline,40000,94,93,93,0.03822168856846466
lung,baseline,40000,94,93,93,0.25993761383799746
lung,baseline,40000,94,93,93,0.007121857666371335
lung,baseline,40000,94,93,93,0.18255713289041495
lung,baseline,40000,94,93,93,0.12916986617446044
lung,baseline,40000,94,89,89,0.15102252583884232
lung,baseline,40000,94,80,80,0.21505204431556027
lung,baseline,40000,94,62,62,0.0917135970154696
lung,baseline,40000,94,93,93,0.03954651899322214
lung,baseline,40000,94,90,90,0.1259930511381409
lung,baseline,40000,94,89,89,0.015042527653859075
lung,baseline,40000,94,93,93,0.18428096013283743
lung,baseline,40000,94,93,93,0.13055323549408113
lung,baseline,40000,94,93,93,0.008264718395995869
lung,baseline,40000,94,93,93,0.1713529109717983
lung,baseline,40000,94,92,92,0.13462094206253764
lung,baseline,40000,94,91,91,0.13156759789415698
lung,baseline,40000,94,84,84,0.133778468611299
lung,baseline,40000,94,84,84,0.12784262237440358
lung,baseline,40000,94,83,83,0.04863114844222215
lung,baseline,40000,94,88,88,0.1528180061986397
lung,baseline,40000,94,37,37,0.12977345441781518
lung,baseline,40000,94,92,92,0.13496629316219289
lung,baseline,40000,94,92,92,0.13273208784971405
lung,baseline,40000,94,92,92,0.17731972399000095
lung,baseline,40000,94,92,92,0.18248546482001052
lung,baseline,40000,94,92,92,0.01471722426123246
lung,baseline,40000,94,91,91,0.021828643012811816
lung,baseline,40000,94,90,90,0.1347708770754382
lung,baseline,40000,94,90,90,0.1685086696031307
lung,baseline,40000,94,90,90,0.17951523858891277
lung,baseline,40000,94,88,88,0.17263723663514363
lung,baseline,40000,94,88,88,0.05763051276913802
lung,baseline,40000,94,56,56,0.16558780005225354
lung,baseline,40000,94,40,40,0.1260430172321068
lung,baseline,40000,94,39,39,0.14380315407888247
lung,baseline,40000,94,93,93,0.30970142767329
lung,baseline,40000,94,85,85,0.25195135444477346
lung,baseline,40000,94,85,85,0.2924980494075197
lung,baseline,40000,94,93,93,0.12384923810142606
lung,baseline,40000,94,93,93,0.17091753004170643
lung,baseline,40000,94,93,93,0.03337597253400094
lung,baseline,40000,94,89,89,0.017782842782287072
lung,baseline,40000,94,43,43,0.2657682934365902
lung,baseline,40000,94,39,39,0.2666992581847349
lung,baseline,40000,94,27,27,0.34852293631584397
lung,baseline,40000,94,87,87,0.10232372661157936
lung,baseline,40000,94,85,85,0.030086817348357185
lung,baseline,40000,94,83,83,0.06346777628123297
lung,baseline,40000,94,75,75,0.1836263805969338
lung,baseline,40000,94,69,69,0.06100734419022966
lung,baseline,40000,94,37,37,0.22314318539791547
lung,baseline,40000,94,93,93,0.03905445255730235
lung,baseline,40000,94,90,90,0.12565247157656964
lung,baseline,40000,94,66,66,0.2937584502827051
lung,baseline,40000,94,28,28,0.37302982149451896
lung,baseline,40000,94,93,93,0.23214756482339235
lung,baseline,40000,94,93,93,0.25919391569641603
lung,baseline,40000,94,93,93,0.25984469263683546
lung,baseline,40000,94,93,93,0.173099813292017
lung,baseline,40000,94,93,93,0.005880787608154742
lung,baseline,40000,94,93,93,0.013544856833451437
lung,baseline,40000,94,93,93,0.17211514160700778
lung,baseline,40000,94,92,92,0.13102796133235478
lung,baseline,40000,94,91,91,0.006152140855085543
lung,baseline,40000,94,91,91,0.13967946051522798
lung,baseline,40000,94,91,91,0.02114767391838788
lung,baseline,40000,94,93,93,0.009139875493033519
lung,baseline,40000,94,93,93,0.27498290693720523
lung,baseline,40000,94,92,92,0.01885520640700307
lung,baseline,40000,94,93,93,0.02393694597866911
lung,baseline,40000,94,93,93,0.15251801192065836
lung,baseline,40000,94,92,92,0.06080221501071474
lung,baseline,40000,94,90,90,0.02253052075696329
lung,baseline,40000,94,86,86,0.04532287349882484
lung,baseline,40000,94,84,84,0.03406235651252317
lung,baseline,40000,94,83,83,0.04248309607572428
lung,baseline,40000,94,93,93,0.30225506336212216
lung,baseline,40000,94,93,93,0.274642925955532
lung,baseline,40000,94,92,92,0.1275591629133984
lung,baseline,40000,94,91,91,0.044070450858698686
lung,baseline,40000,94,89,89,0.19145692973225398
lung,baseline,40000,94,75,75,0.1666813675095908
lung,baseline,40000,94,51,51,0.14917265633126034
lung,baseline,40000,94,78,78,0.22795554848661498
lung,baseline,40000,94,77,77,0.28646676347294364
lung,baseline,40000,94,77,77,0.2711955308746903
lung,baseline,40000,94,76,76,0.27586692779699123
lung,baseline,40000,94,43,43,0.3203535919814904
lung,baseline,40000,94,39,39,0.3255664203731637
lung,baseline,40000,94,93,93,0.1522474791047274
lung,baseline,40000,94,87,87,0.013021198685001456
lung,baseline,40000,94,87,87,0.03338369429468638
lung,baseline,40000,94,86,86,0.1874434214225823
lung,baseline,40000,94,83,83,0.18013146271253086
lung,baseline,40000,94,82,82,0.220931260216365
lung,baseline,40000,94,93,93,0.14114924649313482
lung,baseline,40000,94,93,93,0.07350827492486338
lung,baseline,40000,94,85,85,0.1668212261417762
lung,baseline,40000,94,66,66,0.24973926771567712
lung,baseline,40000,94,62,62,0.2341132476824858
lung,baseline,40000,94,56,56,0.23361865742285662
lung,baseline,40000,94,37,37,0.20077237408722973
lung,baseline,40000,94,36,36,0.1674496810566384
lung,baseline,40000,94,91,91,0.022618031944576438
lung,baseline,40000,94,90,90,0.03513799464882103
lung,baseline,40000,94,90,90,0.09433129939038552
lung,baseline,40000,94,89,89,0.1287345347338677
lung,baseline,40000,94,81,81,0.05051474642227921
lung,baseline,40000,94,43,43,0.2719292670593501
lung,baseline,40000,94,39,39,0.2728025733332374
lung,baseline,40000,94,28,28,0.35172302578140524
lung,baseline,40000,94,84,84,0.12703025207529095
lung,baseline,40000,94,89,89,0.19024595721551846
lung,baseline,40000,94,87,87,0.2100873739774374
lung,baseline,40000,94,87,87,0.2122853464817416
lung,baseline,40000,94,36,36,0.17916305139807034
lung,baseline,40000,94,91,91,0.2513489284229376
lung,baseline,40000,94,91,91,0.19555337896091007
lung,baseline,40000,94,91,91,0.19984641895861088
lung,baseline,40000,94,90,90,0.06093872944882872
lung,baseline,40000,94,90,90,0.0271021351869547
lung,baseline,40000,94,90,90,0.1708763339687412
lung,baseline,40000,94,89,89,0.19581335524916807
lung,baseline,40000,94,87,87,0.18093352856917833
lung,baseline,40000,94,73,73,0.2734582965155265
lung,baseline,40000,94,93,93,0.014737381502590732
lung,baseline,40000,94,93,93,0.2852253475798515
lung,baseline,40000,94,14,14,0.30870102367191127
lung,baseline,40000,94,89,89,0.11602452268046456
lung,baseline,40000,94,43,43,0.14522401818812794
lung,baseline,40000,94,39,39,0.1474904531716304
lung,baseline,40000,94,56,56,0.2459584627773292
lung,baseline,40000,94,43,43,0.2775586421736648
lung,baseline,40000,94,39,39,0.27975240401543505
lung,baseline,40000,94,28,28,0.3608526829776676
lung,baseline,40000,94,88,88,0.11913752567953617
lung,baseline,40000,94,40,40,0.19803096822526145
lung,baseline,40000,94,39,39,0.2457428269731777
lung,baseline,40000,94,89,89,0.14668418748582146
lung,baseline,40000,94,37,37,0.14473291481534709
lung,baseline,40000,94,93,93,0.17858501678286753
lung,baseline,40000,94,87,87,0.03006915908277515
lung,baseline,40000,94,81,81,0.13507999315281627
lung,baseline,40000,94,79,79,0.04200870146575476
lung,baseline,40000,94,88,88,0.17056222248978073
lung,baseline,40000,94,28,28,0.25765456869340464
lung,baseline,40000,94,93,93,0.003827274311332355
lung,baseline,40000,94,93,93,0.009244680586230158
lung,baseline,40000,94,93,93,0.004788031225669551
lung,baseline,40000,94,93,93,0.00715496841734037
lung,baseline,40000,94,93,93,0.004045752846764345
lung,baseline,40000,94,93,93,0.010457722543385093
lung,baseline,40000,94,93,93,0.004963916831070727
lung,baseline,40000,94,93,93,0.011516636815030198
lung,baseline,40000,94,93,93,0.0037145511111963906
lung,baseline,40000,94,93,93,0.004166254685944345
lung,baseline,40000,94,93,93,0.007479144134241184
lung,baseline,40000,94,93,93,0.028052177911353036
lung,baseline,40000,94,93,93,0.013578120944474189
lung,baseline,40000,94,93,93,0.03616400131506343
lung,baseline,40000,94,93,93,0.0057374020954554785
lung,baseline,40000,94,93,93,0.00988856707482439
lung,baseline,40000,94,93,93,0.0036720108050694606
lung,baseline,40000,94,93,93,0.004501574513242159
lung,baseline,40000,94,93,93,0.12791428474564065
lung,baseline,40000,94,93,93,0.004174436253570409
lung,baseline,40000,94,93,93,0.004265512057926764
lung,baseline,40000,94,93,93,0.008228855579697568
lung,baseline,40000,94,93,93,0.026052372016546095
lung,baseline,40000,94,93,93,0.004705008007827386
lung,baseline,40000,94,92,92,0.009165888076083867
lung,baseline,40000,94,92,92,0.025744076768095713
lung,baseline,40000,94,92,92,0.014087027125865167
lung,baseline,40000,94,92,92,0.013947915891679126
lung,baseline,40000,94,91,91,0.021054573418508568
lung,baseline,40000,94,91,91,0.027440954762424977
lung,baseline,40000,94,91,91,0.01749942859061764
lung,baseline,40000,94,87,87,0.037592278376677966
lung,baseline,40000,94,91,91,0.02293480110068122
lung,baseline,40000,94,88,88,0.09787454440257942
lung,baseline,40000,94,84,84,0.11203237251480867
lung,baseline,40000,94,37,37,0.14400825470268194
lung,baseline,40000,94,37,37,0.20444136546753905
lung,baseline,40000,94,91,91,0.18790579636326252
lung,baseline,40000,94,89,89,0.16364352539729812
lung,baseline,40000,94,73,73,0.19272292970105745
lung,baseline,40000,94,66,66,0.21592563133307505
lung,baseline,40000,94,62,62,0.19143096264507187
lung,baseline,40000,94,89,89,0.12359501414715683
lung,baseline,40000,94,89,89,0.17716703511330834
lung,baseline,40000,94,86,86,0.17838295420296052
lung,baseline,40000,94,86,86,0.17797347833292787
lung,baseline,40000,94,85,85,0.14492069626581955
lung,baseline,40000,94,92,92,0.1269616849471083
lung,baseline,40000,94,89,89,0.13728811892610532
lung,baseline,40000,94,84,84,0.23719881165801782
lung,baseline,40000,94,19,19,0.4745770937170463
lung,baseline,40000,94,40,40,0.21949609491436234
lung,baseline,40000,94,39,39,0.2620667160376282
lung,baseline,40000,94,93,93,0.30694900626496624
lung,baseline,40000,94,93,93,0.2700372762137778
lung,baseline,40000,94,89,89,0.23492647686299167
lung,baseline,40000,94,37,37,0.2723133527686261
lung,baseline,40000,94,43,43,0.21600627317697899
lung,baseline,40000,94,39,39,0.21210572468346087
lung,baseline,40000,94,28,28,0.24546624923515314
lung,baseline,40000,94,93,93,0.01223604771087102
lung,baseline,40000,94,92,92,0.01715435312011728
lung,baseline,40000,94,87,87,0.15434788473061184
lung,baseline,40000,94,83,83,0.07934531275331252
lung,baseline,40000,94,77,77,0.19058936051018815
lung,baseline,40000,94,69,69,0.06263882376821997
lung,baseline,40000,94,93,93,0.11765168016697533
lung,baseline,40000,94,89,89,0.13937657277717294
lung,baseline,40000,94,43,43,0.2752766788927291
lung,baseline,40000,94,39,39,0.27723031120639186
lung,baseline,40000,94,28,28,0.356485634126842
lung,baseline,40000,94,92,92,0.02489686838784487
lung,baseline,40000,94,87,87,0.1661186241112208
lung,baseline,40000,94,87,87,0.16687728879459401
lung,baseline,40000,94,93,93,0.01636292297285165
lung,baseline,40000,94,88,88,0.1562232962005652
lung,baseline,40000,94,92,92,0.13520062981844794
lung,baseline,40000,94,91,91,0.1399878556190695
lung,baseline,40000,94,88,88,0.17276354801418714
lung,baseline,40000,94,81,81,0.13416157130889356
lung,baseline,40000,94,81,81,0.17859586506677244
lung,baseline,40000,94,79,79,0.045278430597500745
lung,baseline,40000,94,93,93,0.1812426988446749
lung,baseline,40000,94,93,93,0.008292521618981386
lung,baseline,40000,94,93,93,0.1272047744528323
lung,baseline,40000,94,91,91,0.019626523883728018
lung,baseline,40000,94,91,91,0.03266916665102338
lung,baseline,40000,94,79,79,0.03690475009586154
lung,baseline,40000,94,92,92,0.2595946079259778
lung,baseline,40000,94,90,90,0.2588979447575045
lung,baseline,40000,94,88,88,0.2445847798769287
lung,baseline,40000,94,85,85,0.2349530136688769
lung,baseline,40000,94,85,85,0.2511344181993911
lung,baseline,40000,94,84,84,0.2466037218630937
lung,baseline,40000,94,56,56,0.22791134020053258
lung,baseline,40000,94,93,93,0.13160053978784822
lung,baseline,40000,94,93,93,0.18193253814648896
lung,baseline,40000,94,79,79,0.04108301447055334
lung,baseline,40000,94,93,93,0.20224956977357667
lung,baseline,40000,94,93,93,0.287909610556243
lung,baseline,40000,94,63,63,0.14145914173798815
lung,baseline,40000,94,93,93,0.28606157719341824
lung,baseline,40000,94,92,92,0.0626473459909305
lung,baseline,40000,94,92,92,0.03605908405300909
lung,baseline,40000,94,92,92,0.12219621573200291
lung,baseline,40000,94,92,92,0.13421216149236553
lung,baseline,40000,94,92,92,0.045726307390504664
lung,baseline,40000,94,91,91,0.010695690784848756
lung,baseline,40000,94,90,90,0.025117094131425093
lung,baseline,40000,94,90,90,0.11273021966406561
lung,baseline,40000,94,90,90,0.08925163352463085
lung,baseline,40000,94,88,88,0.16953106365602638
lung,baseline,40000,94,93,93,0.1776573371082794
lung,baseline,40000,94,91,91,0.1272291806386288
lung,baseline,40000,94,88,88,0.04897462294505749
lung,baseline,40000,94,88,88,0.1940424659599271
lung,baseline,40000,94,39,39,0.2603220318888796
lung,baseline,40000,94,79,79,0.20742384589018908
lung,baseline,40000,94,43,43,0.2807506248254565
lung,baseline,40000,94,39,39,0.2728058741722474
lung,baseline,40000,94,27,27,0.30536771262567697
lung,baseline,40000,94,91,91,0.006745798177771069
lung,baseline,40000,94,91,91,0.13393021078996314
lung,baseline,40000,94,87,87,0.16292996514767696
lung,baseline,40000,94,85,85,0.17550144912005866
lung,baseline,40000,94,84,84,0.1346309846479284
lung,baseline,40000,94,80,80,0.15499944330326265
lung,baseline,40000,94,91,91,0.051955659333496475
lung,baseline,40000,94,91,91,0.02866505363881252
lung,baseline,40000,94,90,90,0.11566323388072633
lung,baseline,40000,94,88,88,0.050349908269364536
lung,baseline,40000,94,14,14,0.20244430320222334
lung,baseline,40000,94,93,93,0.263168155168299
lung,baseline,40000,94,92,92,0.30450962255670744
lung,baseline,40000,94,93,93,0.13031397495838165
lung,baseline,40000,94,90,90,0.16610200560287916
lung,baseline,40000,94,88,88,0.16752174115121776
lung,baseline,40000,94,81,81,0.17563699317826867
lung,baseline,40000,94,79,79,0.043683286456886294
lung,baseline,40000,94,93,93,0.28503291066128555
lung,baseline,40000,94,93,93,0.19412577384956387
lung,baseline,40000,94,91,91,0.08524195277623288
lung,baseline,40000,94,93,93,0.13175360157042862
lung,baseline,40000,94,92,92,0.18509387137464692
lung,baseline,40000,94,92,92,0.17729464533134606
lung,baseline,40000,94,87,87,0.18368948764267604
lung,baseline,40000,94,93,93,0.18391254731685444
lung,baseline,40000,94,91,91,0.13839666065253478
lung,baseline,40000,94,90,90,0.014045690183707873
lung,baseline,40000,94,87,87,0.030662738471078997
lung,baseline,40000,94,86,86,0.137774855343519
lung,baseline,40000,94,81,81,0.13747324727448793
lung,baseline,40000,94,79,79,0.04040722522971774
lung,baseline,40000,94,92,92,0.010096298037604598
lung,baseline,40000,94,88,88,0.21350139106595664
lung,baseline,40000,94,86,86,0.18147815294664116
lung,baseline,40000,94,77,77,0.05986470316900233
lung,baseline,40000,94,93,93,0.03502180255986702
lung,baseline,40000,94,92,92,0.05651619798759497
lung,baseline,40000,94,90,90,0.11760965805435163
lung,baseline,40000,94,84,84,0.033771565392988624
lung,baseline,40000,95,89,89,0.14725045380236285
lung,baseline,40000,95,37,37,0.16369094617108407
lung,baseline,40000,95,36,36,0.1107060508098334
lung,baseline,40000,95,90,90,0.12427128116032955
lung,baseline,40000,95,37,37,0.08391841370741367
lung,baseline,40000,95,43,43,0.2923629696865188
lung,baseline,40000,95,39,39,0.290350162117495
lung,baseline,40000,95,37,37,0.23462997762860374
lung,baseline,40000,95,27,27,0.3269652523213847
lung,baseline,40000,95,62,62,0.1652768552734749
lung,baseline,40000,95,37,37,0.20213878205625838
lung,baseline,40000,95,34,34,0.20456065671570592
lung,baseline,40000,95,83,83,0.05482504475822151
lung,baseline,40000,95,43,43,0.194628479416189
lung,baseline,40000,95,39,39,0.20465022678209416
lung,baseline,40000,95,28,28,0.25153880140375956
lung,baseline,40000,95,92,92,0.2886940767110383
lung,baseline,40000,95,92,92,0.2825785118318664
lung,baseline,40000,95,92,92,0.26695744995644904
lung,baseline,40000,95,94,94,0.14933591414034628
lung,baseline,40000,95,77,77,0.20598838776281073
lung,baseline,40000,95,76,76,0.1992301037615281
lung,baseline,40000,95,94,94,0.007412069044427438
lung,baseline,40000,95,94,94,0.014022089393780279
lung,baseline,40000,95,93,93,0.030953926742188557
lung,baseline,40000,95,93,93,0.05442124063056315
lung,baseline,40000,95,92,92,0.028439845845776805
lung,baseline,40000,95,90,90,0.028116276653854723
lung,baseline,40000,95,90,90,0.03040726766126333
lung,baseline,40000,95,90,90,0.11893307755144866
lung,baseline,40000,95,88,88,0.03342599867449265
lung,baseline,40000,95,82,82,0.07048497097155454
lung,baseline,40000,95,87,87,0.16072279244355822
lung,baseline,40000,95,37,37,0.1914079020552102
lung,baseline,40000,95,94,94,0.26827085656390004
lung,baseline,40000,95,94,94,0.266448345736349
lung,baseline,40000,95,93,93,0.08118540820777946
lung,baseline,40000,95,87,87,0.2145711322289914
lung,baseline,40000,95,28,28,0.3277947865993717
lung,baseline,40000,95,90,90,0.14955223692148628
lung,baseline,40000,95,37,37,0.12732595071078176
lung,baseline,40000,95,83,83,0.15356454667507527
lung,baseline,40000,95,77,77,0.21140200669838438
lung,baseline,40000,95,77,77,0.23531396332739185
lung,baseline,40000,95,76,76,0.20284717612683814
lung,baseline,40000,95,69,69,0.1626782471849656
lung,baseline,40000,95,89,89,0.17744387626568778
lung,baseline,40000,95,87,87,0.22424521785957688
lung,baseline,40000,95,74,74,0.26185654847304835
lung,baseline,40000,95,43,43,0.2704863713261572
lung,baseline,40000,95,94,94,0.036718843375879134
lung,baseline,40000,95,94,94,0.015086790474759554
lung,baseline,40000,95,93,93,0.254063240104826
lung,baseline,40000,95,93,93,0.07020231042122803
lung,baseline,40000,95,93,93,0.18031812814116088
lung,baseline,40000,95,93,93,0.24985373257699398
lung,baseline,40000,95,93,93,0.31228800531149165
lung,baseline,40000,95,93,93,0.29400177810226813
lung,baseline,40000,95,92,92,0.25473738053792533
lung,baseline,40000,95,92,92,0.03861740773782594
lung,baseline,40000,95,91,91,0.2501729640725961
lung,baseline,40000,95,43,43,0.2527024125948408
lung,baseline,40000,95,39,39,0.25668276655992595
lung,baseline,40000,95,28,28,0.2994063359972107
lung,baseline,40000,95,92,92,0.16826916889396484
lung,baseline,40000,95,91,91,0.18166465457581182
lung,baseline,40000,95,90,90,0.15641768666381817
lung,baseline,40000,95,93,93,0.17915180073988343
lung,baseline,40000,95,93,93,0.02373953854172453
lung,baseline,40000,95,93,93,0.14012063413987438
lung,baseline,40000,95,91,91,0.17252494829817322
lung,baseline,40000,95,90,90,0.17319313419775842
lung,baseline,40000,95,86,86,0.19753914971591394
lung,baseline,40000,95,84,84,0.23736358148558248
lung,baseline,40000,95,94,94,0.1385334286259251
lung,baseline,40000,95,94,94,0.16197660536728462
lung,baseline,40000,95,93,93,0.14056299898161048
lung,baseline,40000,95,72,72,0.21006330000178566
lung,baseline,40000,95,92,92,0.019003385201776718
lung,baseline,40000,95,89,89,0.10925879625840972
lung,baseline,40000,95,87,87,0.11073550687276063
lung,baseline,40000,95,79,79,0.0806746536935308
lung,baseline,40000,95,94,94,0.12777925057698267
lung,baseline,40000,95,94,94,0.0076584886077087095
lung,baseline,40000,95,91,91,0.15741275023596835
lung,baseline,40000,95,90,90,0.03232271639901021
lung,baseline,40000,95,73,73,0.1811234728464003
lung,baseline,40000,95,94,94,0.011753427044273096
lung,baseline,40000,95,94,94,0.02000442622727231
lung,baseline,40000,95,91,91,0.11603637257041104
lung,baseline,40000,95,93,93,0.14104831199318899
lung,baseline,40000,95,69,69,0.16327545590040157
lung,baseline,40000,95,83,83,0.14088342139263813
lung,baseline,40000,95,77,77,0.06314351942248381
lung,baseline,40000,95,90,90,0.15865880509672411
lung,baseline,40000,95,37,37,0.1439761377432605
lung,baseline,40000,95,90,90,0.14358578789303222
lung,baseline,40000,95,43,43,0.2764371614372468
lung,baseline,40000,95,28,28,0.35357561742452
lung,baseline,40000,95,94,94,0.012086544739665023
lung,baseline,40000,95,87,87,0.21199524565540087
lung,baseline,40000,95,91,91,0.017490011380047292
lung,baseline,40000,95,90,90,0.12076609946669555
lung,baseline,40000,95,90,90,0.029703890359302754
lung,baseline,40000,95,82,82,0.07147199352491736
lung,baseline,40000,95,89,89,0.16217643831499715
lung,baseline,40000,95,37,37,0.15959071930919627
lung,baseline,40000,95,94,94,0.15832627900214086
lung,baseline,40000,95,94,94,0.12486915060321584
lung,baseline,40000,95,94,94,0.012033425239927323
lung,baseline,40000,95,92,92,0.012818097815164953
lung,baseline,40000,95,92,92,0.018735846431161537
lung,baseline,40000,95,92,92,0.007426658016892672
lung,baseline,40000,95,91,91,0.018964862141322713
lung,baseline,40000,95,82,82,0.05714734116733224
lung,baseline,40000,95,88,88,0.20951587664327426
lung,baseline,40000,95,88,88,0.12125860711307954
lung,baseline,40000,95,87,87,0.13330173763001535
lung,baseline,40000,95,86,86,0.1889112381639808
lung,baseline,40000,95,79,79,0.17754717634248607
lung,baseline,40000,95,87,87,0.1159749201502872
lung,baseline,40000,95,85,85,0.148379149368033
lung,baseline,40000,95,37,37,0.2178038205500214
lung,baseline,40000,95,85,85,0.21080502256424688
lung,baseline,40000,95,78,78,0.1911277348425188
lung,baseline,40000,95,36,36,0.1972288563234828
lung,baseline,40000,95,94,94,0.25895339100367976
lung,baseline,40000,95,89,89,0.2437419714781228
lung,baseline,40000,95,89,89,0.0840193351572841
lung,baseline,40000,95,92,92,0.012758010990332636
lung,baseline,40000,95,91,91,0.09068322750836287
lung,baseline,40000,95,90,90,0.04403767405482407
lung,baseline,40000,95,90,90,0.16532666983949287
lung,baseline,40000,95,83,83,0.03961821582998369
lung,baseline,40000,95,75,75,0.03887155881345198
lung,baseline,40000,95,69,69,0.06475032399139191
lung,baseline,40000,95,89,89,0.10956733734091918
lung,baseline,40000,95,43,43,0.13430048347274293
lung,baseline,40000,95,39,39,0.15254518364706202
lung,baseline,40000,95,94,94,0.15623112708239828
lung,baseline,40000,95,91,91,0.10859668647717091
lung,baseline,40000,95,86,86,0.03817640950366983
lung,baseline,40000,95,84,84,0.03326731157613469
lung,baseline,40000,95,83,83,0.040360478307058044
lung,baseline,40000,95,94,94,0.10700842538232212
lung,baseline,40000,95,93,93,0.13396886639121575
lung,baseline,40000,95,78,78,0.16741725899781804
lung,baseline,40000,95,51,51,0.1660274041260618
lung,baseline,40000,95,28,28,0.4054629953826022
lung,baseline,40000,95,94,94,0.1488784596789303
lung,baseline,40000,95,92,92,0.207317123917733
lung,baseline,40000,95,37,37,0.21476266267351465
lung,baseline,40000,95,34,34,0.29672427525249334
lung,baseline,40000,95,90,90,0.17235178412005803
lung,baseline,40000,95,37,37,0.1974099891014896
lung,baseline,40000,95,36,36,0.15947867424129564
lung,baseline,40000,95,94,94,0.26738978593483986
lung,baseline,40000,95,90,90,0.28651681339164947
lung,baseline,40000,95,87,87,0.24995300185903102
lung,baseline,40000,95,63,63,0.23338609214040926
lung,baseline,40000,95,94,94,0.024008947970702108
lung,baseline,40000,95,94,94,0.0962171579403825
lung,baseline,40000,95,92,92,0.014544767893947931
lung,baseline,40000,95,92,92,0.048508726274274834
lung,baseline,40000,95,91,91,0.07756320954583604
lung,baseline,40000,95,66,66,0.1871722400603275
lung,baseline,40000,95,62,62,0.18523100833897196
lung,baseline,40000,95,94,94,0.15284374994863517
lung,baseline,40000,95,94,94,0.1288066286761242
lung,baseline,40000,95,93,93,0.05378907473275356
lung,baseline,40000,95,92,92,0.018945772869984865
lung,baseline,40000,95,92,92,0.011891589197738915
lung,baseline,40000,95,94,94,0.1014962759647882
lung,baseline,40000,95,92,92,0.00961779381836094
lung,baseline,40000,95,91,91,0.07897491855232293
lung,baseline,40000,95,90,90,0.022318318262123098
lung,baseline,40000,95,73,73,0.10813120436259159
lung,baseline,40000,95,66,66,0.19128847697778273
lung,baseline,40000,95,62,62,0.1863179599947268
lung,baseline,40000,95,94,94,0.1529191543057284
lung,baseline,40000,95,91,91,0.10092855353772456
lung,baseline,40000,95,78,78,0.16441445906499785
lung,baseline,40000,95,77,77,0.22154606294924978
lung,baseline,40000,95,43,43,0.27356561004587776
lung,baseline,40000,95,39,39,0.26659818033627825
lung,baseline,40000,95,92,92,0.021480593080675854
lung,baseline,40000,95,56,56,0.18576636771654864
lung,baseline,40000,95,94,94,0.030201855340985347
lung,baseline,40000,95,91,91,0.12515078883722883
lung,baseline,40000,95,43,43,0.2051884870621448
lung,baseline,40000,95,39,39,0.20224868015408956
lung,baseline,40000,95,28,28,0.24442974331615153
lung,baseline,40000,95,56,56,0.22020642481606473
lung,baseline,40000,95,43,43,0.201094098226208
lung,baseline,40000,95,39,39,0.21161337104882263
lung,baseline,40000,95,28,28,0.2603481446505593
lung,baseline,40000,95,93,93,0.1661476036802993
lung,baseline,40000,95,89,89,0.19421914926114692
lung,baseline,40000,95,88,88,0.18330616258705737
lung,baseline,40000,95,87,87,0.08565774212334601
lung,baseline,40000,95,78,78,0.2357177638479945
lung,baseline,40000,95,78,78,0.23651478753082172
lung,baseline,40000,95,77,77,0.2418920650772969
lung,baseline,40000,95,63,63,0.20292516084364765
lung,baseline,40000,95,43,43,0.28852935531330404
lung,baseline,40000,95,39,39,0.2757639733623122
lung,baseline,40000,95,94,94,0.02141287209844978
lung,baseline,40000,95,94,94,0.24716816182464704
lung,baseline,40000,95,93,93,0.24770683066930216
lung,baseline,40000,95,92,92,0.048970046479093685
lung,baseline,40000,95,91,91,0.2087999153805052
lung,baseline,40000,95,93,93,0.04407758221860658
lung,baseline,40000,95,93,93,0.33004673758441666
lung,baseline,40000,95,93,93,0.29409293299530487
lung,baseline,40000,95,92,92,0.2861439401451048
lung,baseline,40000,95,91,91,0.2472618997621745
lung,baseline,40000,95,91,91,0.17840248632495417
lung,baseline,40000,95,88,88,0.26016354559894317
lung,baseline,40000,95,87,87,0.25838189201416656
lung,baseline,40000,95,39,39,0.19732450236189458
lung,baseline,40000,95,20,20,0.3904416457303893
lung,baseline,40000,95,91,91,0.12482268794360929
lung,baseline,40000,95,37,37,0.08470699884078933
lung,baseline,40000,95,89,89,0.2161591783353529
lung,baseline,40000,95,88,88,0.19579508328500425
lung,baseline,40000,95,86,86,0.19707532779869602
lung,baseline,40000,95,66,66,0.24254010660656097
lung,baseline,40000,95,92,92,0.030838708980067624
lung,baseline,40000,95,56,56,0.18907607432330328
lung,baseline,40000,95,92,92,0.05880544120280377
lung,baseline,40000,95,91,91,0.12260542054704338
lung,baseline,40000,95,91,91,0.181068783077449
lung,baseline,40000,95,36,36,0.17000403368751196
lung,baseline,40000,95,34,34,0.2008892163253674
lung,baseline,40000,95,92,92,0.011332996946114062
lung,baseline,40000,95,90,90,0.1527801621490131
lung,baseline,40000,95,62,62,0.1698181506210948
lung,baseline,40000,95,43,43,0.1998524827251112
lung,baseline,40000,95,39,39,0.21133956468352572
lung,baseline,40000,95,28,28,0.25625790320275044
lung,baseline,40000,95,89,89,0.1133463288735312
lung,baseline,40000,95,79,79,0.07744692882736058
lung,baseline,40000,95,43,43,0.1647413159956201
lung,baseline,40000,95,92,92,0.032569012109768314
lung,baseline,40000,95,90,90,0.12448449221330543
lung,baseline,40000,95,88,88,0.03695026120304623
lung,baseline,40000,95,79,79,0.15388178722871518
lung,baseline,40000,95,94,94,0.016224758381787233
lung,baseline,40000,95,86,86,0.16990593889276348
lung,baseline,40000,95,79,79,0.12670433369624778
lung,baseline,40000,95,43,43,0.2008421716101154
lung,baseline,40000,95,39,39,0.20811153752370343
lung,baseline,40000,95,92,92,0.024387042363816103
lung,baseline,40000,95,92,92,0.019789620195786724
lung,baseline,40000,95,91,91,0.02206171678626106
lung,baseline,40000,95,91,91,0.12159955037538354
lung,baseline,40000,95,88,88,0.018990522407585832
lung,baseline,40000,95,88,88,0.19975897519558627
lung,baseline,40000,95,88,88,0.22844781597624753
lung,baseline,40000,95,87,87,0.19914774872557947
lung,baseline,40000,95,83,83,0.2509035280164804
lung,baseline,40000,95,43,43,0.2772641482594581
lung,baseline,40000,95,39,39,0.2734647539659152
lung,baseline,40000,95,43,43,0.28013163958465503
lung,baseline,40000,95,39,39,0.27019371676459686
lung,baseline,40000,95,27,27,0.31350506263328126
lung,baseline,40000,95,43,43,0.30711379639846836
lung,baseline,40000,95,94,94,0.16008973826402512
lung,baseline,40000,95,89,89,0.1653709181916311
lung,baseline,40000,95,39,39,0.2054859346247249
lung,baseline,40000,95,20,20,0.39182427706180994
lung,baseline,40000,95,89,89,0.12147992431108508
lung,baseline,40000,95,89,89,0.12021986982319255
lung,baseline,40000,95,43,43,0.1453523605685781
lung,baseline,40000,95,39,39,0.15003107574334004
lung,baseline,40000,95,40,40,0.22700991619255895
lung,baseline,40000,95,39,39,0.2678818894738933
lung,baseline,40000,95,56,56,0.29122151628435283
lung,baseline,40000,95,43,43,0.3306283397612826
lung,baseline,40000,95,39,39,0.3335816462983203
lung,baseline,40000,95,37,37,0.29982115080099675
lung,baseline,40000,95,28,28,0.38825820119008386
lung,baseline,40000,95,56,56,0.20715635896882192
lung,baseline,40000,95,37,37,0.2256197899526991
lung,baseline,40000,95,84,84,0.19676463199455804
lung,baseline,40000,95,62,62,0.21861352008268137
lung,baseline,40000,95,51,51,0.13429170564525403
lung,baseline,40000,95,43,43,0.27586209042860504
lung,baseline,40000,95,28,28,0.3267319220083082
lung,baseline,40000,95,94,94,0.01929124902984832
lung,baseline,40000,95,91,91,0.11820282966880385
lung,baseline,40000,95,91,91,0.12470010852204946
lung,baseline,40000,95,91,91,0.03778556355062677
lung,baseline,40000,95,87,87,0.03580088007677319
lung,baseline,40000,95,84,84,0.044112158070022875
lung,baseline,40000,95,94,94,0.012120471196299241
lung,baseline,40000,95,94,94,0.0037822064533336777
lung,baseline,40000,95,94,94,0.17760759888427294
lung,baseline,40000,95,94,94,0.011841736563305356
lung,baseline,40000,95,94,94,0.008089171458799007
lung,baseline,40000,95,94,94,0.016631145965357762
lung,baseline,40000,95,94,94,0.006673558372827229
lung,baseline,40000,95,94,94,0.022505843379595363
lung,baseline,40000,95,94,94,0.011278526951200053
lung,baseline,40000,95,94,94,0.008063101882220992
lung,baseline,40000,95,94,94,0.008560085973576562
lung,baseline,40000,95,94,94,0.003198790397481427
lung,baseline,40000,95,94,94,0.03453073943678722
lung,baseline,40000,95,94,94,0.01661855449950464
lung,baseline,40000,95,94,94,0.007857988368217996
lung,baseline,40000,95,94,94,0.12947658538310577
lung,baseline,40000,95,94,94,0.00979488063450489
lung,baseline,40000,95,94,94,0.008848641154861347
lung,baseline,40000,95,94,94,0.029572055782768152
lung,baseline,40000,95,94,94,0.010654667033565449
lung,baseline,40000,95,94,94,0.019077179537546972
lung,baseline,40000,95,94,94,0.006511997841803397
lung,baseline,40000,95,94,94,0.010431507820747535
lung,baseline,40000,95,94,94,0.010867658563379115
lung,baseline,40000,95,94,94,0.011090481626608698
lung,baseline,40000,95,93,93,0.013069403785001427
lung,baseline,40000,95,93,93,0.00942912107768773
lung,baseline,40000,95,93,93,0.008875249318784868
lung,baseline,40000,95,92,92,0.033497273172620315
lung,baseline,40000,95,92,92,0.016750716262290865
lung,baseline,40000,95,92,92,0.02492431051717714
lung,baseline,40000,95,91,91,0.011258351871521275
lung,baseline,40000,95,88,88,0.026284313957113524
lung,baseline,40000,95,94,94,0.09313780793527777
lung,baseline,40000,95,78,78,0.05953355916723426
lung,baseline,40000,95,89,89,0.17878530211706592
lung,baseline,40000,95,66,66,0.21209240996378328
lung,baseline,40000,95,62,62,0.1893733599076343
lung,baseline,40000,95,37,37,0.22933037575101403
lung,baseline,40000,95,36,36,0.198800432930278
lung,baseline,40000,95,94,94,0.24528777038760655
lung,baseline,40000,95,94,94,0.2799086119030761
lung,baseline,40000,95,89,89,0.25866829664687235
lung,baseline,40000,95,93,93,0.053625562383698006
lung,baseline,40000,95,93,93,0.09635719306321669
lung,baseline,40000,95,91,91,0.13269758915769514
lung,baseline,40000,95,90,90,0.1662390534790103
lung,baseline,40000,95,90,90,0.026293157788032623
lung,baseline,40000,95,83,83,0.040144123977757754
lung,baseline,40000,95,75,75,0.04327159820833186
lung,baseline,40000,95,94,94,0.2503309465303916
lung,baseline,40000,95,94,94,0.270223107443645
lung,baseline,40000,95,79,79,0.2549980993834808
lung,baseline,40000,95,39,39,0.3115175290412554
lung,baseline,40000,95,20,20,0.5276568026980734
lung,baseline,40000,95,92,92,0.1568654081964533
lung,baseline,40000,95,88,88,0.21023729870427157
lung,baseline,40000,95,73,73,0.2546773741966463
lung,baseline,40000,95,56,56,0.30207003162630003
lung,baseline,40000,95,43,43,0.2772634590520057
lung,baseline,40000,95,39,39,0.2842153977172583
lung,baseline,40000,95,92,92,0.27682761803454
lung,baseline,40000,95,92,92,0.25062727112164807
lung,baseline,40000,95,91,91,0.2362465721682461
lung,baseline,40000,95,88,88,0.2758470653377545
lung,baseline,40000,95,83,83,0.2515809214220794
lung,baseline,40000,95,69,69,0.27016760999499545
lung,baseline,40000,95,93,93,0.03178784507627359
lung,baseline,40000,95,37,37,0.21477226139574834
lung,baseline,40000,95,94,94,0.2736733493242485
lung,baseline,40000,95,94,94,0.019150995890026046
lung,baseline,40000,95,94,94,0.24437153455594715
lung,baseline,40000,95,82,82,0.22916986584899585
lung,baseline,40000,95,37,37,0.2693468584410229
lung,baseline,40000,95,36,36,0.23192532034781602
lung,baseline,40000,95,87,87,0.1911783395774635
lung,baseline,40000,95,86,86,0.06525276913704178
lung,baseline,40000,95,83,83,0.1623928250061826
lung,baseline,40000,95,75,75,0.21045531963815692
lung,baseline,40000,95,93,93,0.26106814383721266
lung,baseline,40000,95,93,93,0.27520809834686044
lung,baseline,40000,95,88,88,0.2700890526691251
lung,baseline,40000,95,87,87,0.25679305440435274
lung,baseline,40000,95,94,94,0.02798635419435487
lung,baseline,40000,95,94,94,0.011157633978114336
lung,baseline,40000,95,94,94,0.12512040253063006
lung,baseline,40000,95,91,91,0.12309078029839521
lung,baseline,40000,95,90,90,0.15858156379563354
lung,baseline,40000,95,37,37,0.16207627814239425
lung,baseline,40000,95,36,36,0.10778049298131706
lung,baseline,40000,95,94,94,0.11818420896490317
lung,baseline,40000,95,94,94,0.15751215441384353
lung,baseline,40000,95,87,87,0.07741949187178963
lung,baseline,40000,95,88,88,0.26371240974193094
lung,baseline,40000,95,88,88,0.2649948245406542
lung,baseline,40000,95,39,39,0.2840316120650489
lung,baseline,40000,95,94,94,0.0994862340501944
lung,baseline,40000,95,93,93,0.05223854709426883
lung,baseline,40000,95,92,92,0.021843281349967564
lung,baseline,40000,95,90,90,0.039692392714212536
lung,baseline,40000,95,90,90,0.026584137404915713
lung,baseline,40000,95,83,83,0.04320702221549134
lung,baseline,40000,95,75,75,0.05405805837854243
lung,baseline,40000,95,69,69,0.05813815787403028
lung,baseline,40000,95,94,94,0.014920528607482062
lung,baseline,40000,95,93,93,0.01152760279818793
lung,baseline,40000,95,92,92,0.10581593199165576
lung,baseline,40000,95,69,69,0.06533542666421996
lung,baseline,40000,95,28,28,0.34700159466647
lung,baseline,40000,95,83,83,0.14336664293280155
lung,baseline,40000,95,77,77,0.059864362449156855
lung,baseline,40000,95,94,94,0.023575984892428088
lung,baseline,40000,95,94,94,0.11593570189548917
lung,baseline,40000,95,93,93,0.04658894304502032
lung,baseline,40000,95,93,93,0.018848199419931107
lung,baseline,40000,95,91,91,0.09435839946688927
lung,baseline,40000,95,91,91,0.017670876211244576
lung,baseline,40000,95,94,94,0.19804717071382175
lung,baseline,40000,95,94,94,0.2850756829829016
lung,baseline,40000,95,94,94,0.03441504268332137
lung,baseline,40000,95,94,94,0.012064120873471619
lung,baseline,40000,95,94,94,0.020515147606493377
lung,baseline,40000,95,94,94,0.023257890336196588
lung,baseline,40000,95,94,94,0.027564582364918697
lung,baseline,40000,95,94,94,0.019484840683518245
lung,baseline,40000,95,94,94,0.04303315159486872
lung,baseline,40000,95,93,93,0.028451028670867167
lung,baseline,40000,95,93,93,0.05929612242380149
lung,baseline,40000,95,92,92,0.023211878091861794
lung,baseline,40000,95,91,91,0.0752859472585719
lung,baseline,40000,95,92,92,0.02959286873537681
lung,baseline,40000,95,90,90,0.1520752604197708
lung,baseline,40000,95,91,91,0.11131469841469264
lung,baseline,40000,95,37,37,0.1366074540835494
lung,baseline,40000,95,89,89,0.16021095175013716
lung,baseline,40000,95,66,66,0.16307843650297865
lung,baseline,40000,95,62,62,0.1698762014908792
lung,baseline,40000,95,37,37,0.14016483666130866
lung,baseline,40000,95,36,36,0.08667336653990257
lung,baseline,40000,95,94,94,0.27327674270453134
lung,baseline,40000,95,94,94,0.007670462551539753
lung,baseline,40000,95,94,94,0.02249031778317118
lung,baseline,40000,95,94,94,0.30732600798854093
lung,baseline,40000,95,94,94,0.013345440591156667
lung,baseline,40000,95,93,93,0.1264037348776274
lung,baseline,40000,95,93,93,0.03364844302887026
lung,baseline,40000,95,93,93,0.08245064440554396
lung,baseline,40000,95,93,93,0.036123034606360745
lung,baseline,40000,95,93,93,0.044452752697928595
lung,baseline,40000,95,89,89,0.0894657779979241
lung,baseline,40000,95,85,85,0.055194950885999024
lung,baseline,40000,95,93,93,0.10375325420699548
lung,baseline,40000,95,91,91,0.13782749450062526
lung,baseline,40000,95,91,91,0.12054359153483332
lung,baseline,40000,95,91,91,0.04178979168292609
lung,baseline,40000,95,91,91,0.030304615228416067
lung,baseline,40000,95,87,87,0.04277617690360911
lung,baseline,40000,95,84,84,0.05033006944799903
lung,baseline,40000,95,94,94,0.1301945834948938
lung,baseline,40000,95,94,94,0.13000643946745613
lung,baseline,40000,95,94,94,0.03242850139691097
lung,baseline,40000,95,92,92,0.19500405516043165
lung,baseline,40000,95,92,92,0.14141958798759915
lung,baseline,40000,95,91,91,0.15363254546143862
lung,baseline,40000,95,88,88,0.18381567426544806
lung,baseline,40000,95,86,86,0.1462837748494554
lung,baseline,40000,95,84,84,0.14522008597838215
lung,baseline,40000,95,83,83,0.1420615349078523
lung,baseline,40000,95,83,83,0.1466453708348005
lung,baseline,40000,95,69,69,0.15842900681455244
lung,baseline,40000,95,90,90,0.2969174336214417
lung,baseline,40000,95,83,83,0.20295805244089613
lung,baseline,40000,95,37,37,0.27983360510619254
lung,baseline,40000,95,94,94,0.24732668820542314
lung,baseline,40000,95,88,88,0.2857791811353392
lung,baseline,40000,95,87,87,0.24333379844876968
lung,baseline,40000,95,93,93,0.2576895645269063
lung,baseline,40000,95,91,91,0.298532937864588
lung,baseline,40000,95,91,91,0.2559700835173287
lung,baseline,40000,95,91,91,0.32661849104207785
lung,baseline,40000,95,90,90,0.301542000426072
lung,baseline,40000,95,90,90,0.3193608160571562
lung,baseline,40000,95,89,89,0.17557475721990168
lung,baseline,40000,95,88,88,0.2864581769709708
lung,baseline,40000,95,88,88,0.3252612504135078
lung,baseline,40000,95,88,88,0.31218462108321815
lung,baseline,40000,95,83,83,0.3188388398777204
lung,baseline,40000,95,81,81,0.3303302600906625
lung,baseline,40000,95,79,79,0.25555839085092746
lung,baseline,40000,95,63,63,0.22888120085093283
lung,baseline,40000,95,90,90,0.018953617544774436
lung,baseline,40000,95,37,37,0.15945298490103552
lung,baseline,40000,95,36,36,0.10151155873227308
lung,baseline,40000,95,34,34,0.23831450235719373
lung,baseline,40000,95,94,94,0.015439674451872673
lung,baseline,40000,95,94,94,0.26355057295420387
lung,baseline,40000,95,94,94,0.0434287300946335
lung,baseline,40000,95,93,93,0.1744848527549287
lung,baseline,40000,95,92,92,0.2848700865645308
lung,baseline,40000,95,92,92,0.2063974119769279
lung,baseline,40000,95,92,92,0.2630442439965785
lung,baseline,40000,95,78,78,0.1759152059880299
lung,baseline,40000,95,86,86,0.22567250395706537
lung,baseline,40000,95,83,83,0.22503367311786437
lung,baseline,40000,95,69,69,0.2184218035111002
lung,baseline,40000,95,28,28,0.3497386173477143
lung,baseline,40000,95,94,94,0.03849291379389548
lung,baseline,40000,95,94,94,0.01235276570096725
lung,baseline,40000,95,94,94,0.10216610626271916
lung,baseline,40000,95,93,93,0.055003278187138065
lung,baseline,40000,95,91,91,0.01810018398215221
lung,baseline,40000,95,90,90,0.027437621877366345
lung,baseline,40000,95,90,90,0.011527571336224552
lung,baseline,40000,95,88,88,0.14892722867371408
lung,baseline,40000,95,85,85,0.15880426623363147
lung,baseline,40000,95,66,66,0.1599044122499618
lung,baseline,40000,95,62,62,0.16553555119850522
lung,baseline,40000,95,37,37,0.132791099833931
lung,baseline,40000,95,36,36,0.09236572515115052
lung,baseline,40000,95,90,90,0.26284068477468236
lung,baseline,40000,95,79,79,0.31566778183763583
lung,baseline,40000,95,43,43,0.3495532404958436
lung,baseline,40000,95,39,39,0.32060588060665457
lung,baseline,40000,95,94,94,0.028555632134795686
lung,baseline,40000,95,94,94,0.00577456646212401
lung,baseline,40000,95,94,94,0.12011466712199258
lung,baseline,40000,95,91,91,0.09908076059937652
lung,baseline,40000,95,94,94,0.26296459718076304
lung,baseline,40000,95,92,92,0.27085646869440394
lung,baseline,40000,95,79,79,0.18257317413767268
lung,baseline,40000,95,92,92,0.13602083257790376
lung,baseline,40000,95,91,91,0.05545860855330139
lung,baseline,40000,95,90,90,0.13404980538862135
lung,baseline,40000,95,84,84,0.1685480169651574
lung,baseline,40000,95,80,80,0.22101665437222878
lung,baseline,40000,95,78,78,0.22472794816255875
lung,baseline,40000,95,69,69,0.16814562371903963
lung,baseline,40000,95,89,89,0.13920594043783896
lung,baseline,40000,95,43,43,0.26130999983358283
lung,baseline,40000,95,39,39,0.26083155249445883
lung,baseline,40000,95,92,92,0.03125543207242331
lung,baseline,40000,95,91,91,0.04440206190432008
lung,baseline,40000,95,90,90,0.11786908830821492
lung,baseline,40000,95,90,90,0.0379403739881962
lung,baseline,40000,95,90,90,0.03839341909054538
lung,baseline,40000,95,92,92,0.21565447601510032
lung,baseline,40000,95,89,89,0.13687710443640466
lung,baseline,40000,95,89,89,0.21691312535138627
lung,baseline,40000,95,88,88,0.21347801949729367
lung,baseline,40000,95,94,94,0.19553554986132077
lung,baseline,40000,95,92,92,0.1286376203528317
lung,baseline,40000,95,91,91,0.13598721505540845
lung,baseline,40000,95,91,91,0.138624909450546
lung,baseline,40000,95,90,90,0.13320150590450455
lung,baseline,40000,95,89,89,0.15482969300256894
lung,baseline,40000,95,89,89,0.18551668221122197
lung,baseline,40000,95,88,88,0.13337836224011332
lung,baseline,40000,95,87,87,0.13534049855658808
lung,baseline,40000,95,87,87,0.12387682164220415
lung,baseline,40000,95,87,87,0.029661398611186426
lung,baseline,40000,95,75,75,0.14181984996171848
lung,baseline,40000,95,91,91,0.2986655003564694
lung,baseline,40000,95,90,90,0.29598184042184084
lung,baseline,40000,95,90,90,0.2854119394671833
lung,baseline,40000,95,90,90,0.2529538456805654
lung,baseline,40000,95,90,90,0.27521964725857895
lung,baseline,40000,95,89,89,0.2535926635726718
lung,baseline,40000,95,88,88,0.28237489109293995
lung,baseline,40000,95,90,90,0.15034188351480943
lung,baseline,40000,95,66,66,0.158772369430607
lung,baseline,40000,95,94,94,0.01022365038928119
lung,baseline,40000,95,92,92,0.14850614177709642
lung,baseline,40000,95,91,91,0.16569133303977998
lung,baseline,40000,95,88,88,0.20593624650244713
lung,baseline,40000,95,87,87,0.20706696086871001
lung,baseline,40000,95,73,73,0.1869142405039586
lung,baseline,40000,95,80,80,0.170518578200307
lung,baseline,40000,95,62,62,0.1638363529651612
lung,baseline,40000,95,28,28,0.3670600595961551
lung,baseline,40000,95,39,39,0.1422324645830731
lung,baseline,40000,95,77,77,0.20800352522959
lung,baseline,40000,95,73,73,0.1895172972100726
lung,baseline,40000,95,94,94,0.2618971003189236
lung,baseline,40000,95,79,79,0.1746824313302161
lung,baseline,40000,95,78,78,0.19198388162134628
lung,baseline,40000,95,71,71,0.2785107489069807
lung,baseline,40000,95,63,63,0.22181530100683367
lung,baseline,40000,95,43,43,0.19469833176378573
lung,baseline,40000,95,39,39,0.20284201856400794
lung,baseline,40000,95,28,28,0.24964603848961203
lung,baseline,40000,95,94,94,0.20411757818493562
lung,baseline,40000,95,91,91,0.14189848249904438
lung,baseline,40000,95,89,89,0.26911861285442845
lung,baseline,40000,95,85,85,0.2623866090481402
lung,baseline,40000,96,95,95,0.14913604745415635
lung,baseline,40000,96,94,94,0.01794291015849957
lung,baseline,40000,96,94,94,0.03408554213819275
lung,baseline,40000,96,91,91,0.1452292387967569
lung,baseline,40000,96,90,90,0.056381309558659845
lung,baseline,40000,96,95,95,0.11770016939975127
lung,baseline,40000,96,95,95,0.015744673769208357
lung,baseline,40000,96,95,95,0.016359213277585716
lung,baseline,40000,96,92,92,0.09530946835338636
lung,baseline,40000,96,90,90,0.1394875512825144
lung,baseline,40000,96,87,87,0.24752424653832006
lung,baseline,40000,96,87,87,0.057137978079538305
lung,baseline,40000,96,74,74,0.26328976616499755
lung,baseline,40000,96,95,95,0.14354063424735597
lung,baseline,40000,96,85,85,0.16789608563359334
lung,baseline,40000,96,79,79,0.0795739790136033
lung,baseline,40000,96,77,77,0.11769400236310734
lung,baseline,40000,96,95,95,0.006598852921587693
lung,baseline,40000,96,88,88,0.18048257932533762
lung,baseline,40000,96,87,87,0.029938701999273735
lung,baseline,40000,96,79,79,0.11458509310250505
lung,baseline,40000,96,87,87,0.1694282119537465
lung,baseline,40000,96,82,82,0.18687363251447323
lung,baseline,40000,96,28,28,0.3165264721057726
lung,baseline,40000,96,94,94,0.25206736018672354
lung,baseline,40000,96,92,92,0.25344377984672406
lung,baseline,40000,96,90,90,0.27740295644409196
lung,baseline,40000,96,63,63,0.2494679319133874
lung,baseline,40000,96,88,88,0.19397128077557937
lung,baseline,40000,96,87,87,0.05758553003978151
lung,baseline,40000,96,84,84,0.2105163186991301
lung,baseline,40000,96,83,83,0.20897490946500785
lung,baseline,40000,96,66,66,0.2892067341963098
lung,baseline,40000,96,62,62,0.26542767557692354
lung,baseline,40000,96,56,56,0.27298584611866616
lung,baseline,40000,96,92,92,0.11963657426678129
lung,baseline,40000,96,89,89,0.1355145730868551
lung,baseline,40000,96,90,90,0.19868169819951603
lung,baseline,40000,96,56,56,0.2638785499225139
lung,baseline,40000,96,92,92,0.12116080354215969
lung,baseline,40000,96,91,91,0.141406622483197
lung,baseline,40000,96,89,89,0.1764364699921285
lung,baseline,40000,96,79,79,0.17628320268038516
lung,baseline,40000,96,94,94,0.16151846066761236
lung,baseline,40000,96,92,92,0.06537279753164357
lung,baseline,40000,96,91,91,0.1091803062122538
lung,baseline,40000,96,91,91,0.11069408679742568
lung,baseline,40000,96,94,94,0.021398716414946558
lung,baseline,40000,96,92,92,0.1035449227664168
lung,baseline,40000,96,95,95,0.1777147895325746
lung,baseline,40000,96,93,93,0.024394731232016676
lung,baseline,40000,96,93,93,0.1616509063726075
lung,baseline,40000,96,91,91,0.20209884765980407
lung,baseline,40000,96,37,37,0.15394939752495615
lung,baseline,40000,96,34,34,0.2349545251620255
lung,baseline,40000,96,87,87,0.18991996848751588
lung,baseline,40000,96,87,87,0.19055721215138977
lung,baseline,40000,96,37,37,0.19209526085688058
lung,baseline,40000,96,95,95,0.14261450148854118
lung,baseline,40000,96,92,92,0.18150128377078278
lung,baseline,40000,96,94,94,0.1352719424731159
lung,baseline,40000,96,28,28,0.3021286637192184
lung,baseline,40000,96,94,94,0.09456279962976466
lung,baseline,40000,96,94,94,0.06686389324085233
lung,baseline,40000,96,93,93,0.025372386851533205
lung,baseline,40000,96,90,90,0.16500364154210764
lung,baseline,40000,96,82,82,0.13322089478470828
lung,baseline,40000,96,78,78,0.0644830261600968
lung,baseline,40000,96,92,92,0.16833967384130064
lung,baseline,40000,96,36,36,0.16395356878121115
lung,baseline,40000,96,95,95,0.2848834788525404
lung,baseline,40000,96,91,91,0.25512546639247524
lung,baseline,40000,96,89,89,0.14938653441850783
lung,baseline,40000,96,94,94,0.1439176517500038
lung,baseline,40000,96,93,93,0.13324873021078454
lung,baseline,40000,96,91,91,0.02099698040290363
lung,baseline,40000,96,89,89,0.19437598210020615
lung,baseline,40000,96,95,95,0.12873688710587664
lung,baseline,40000,96,95,95,0.15783220890801086
lung,baseline,40000,96,92,92,0.10461005212088832
lung,baseline,40000,96,92,92,0.1343391149929529
lung,baseline,40000,96,91,91,0.13002670114918077
lung,baseline,40000,96,90,90,0.054559032767936756
lung,baseline,40000,96,94,94,0.10471349952511175
lung,baseline,40000,96,93,93,0.15825425168422524
lung,baseline,40000,96,93,93,0.19009830827438515
lung,baseline,40000,96,90,90,0.1784270138583504
lung,baseline,40000,96,89,89,0.22197016989055446
lung,baseline,40000,96,88,88,0.1858102835764292
lung,baseline,40000,96,88,88,0.03969435131279609
lung,baseline,40000,96,88,88,0.19138091899725984
lung,baseline,40000,96,82,82,0.20328141532765057
lung,baseline,40000,96,78,78,0.168808876512674
lung,baseline,40000,96,94,94,0.119431922092077
lung,baseline,40000,96,94,94,0.10303301232119935
lung,baseline,40000,96,90,90,0.1734555867918302
lung,baseline,40000,96,89,89,0.15271571505299228
lung,baseline,40000,96,95,95,0.008348964568813276
lung,baseline,40000,96,94,94,0.029389107429508697
lung,baseline,40000,96,93,93,0.058832548673805635
lung,baseline,40000,96,90,90,0.16592872922970045
lung,baseline,40000,96,95,95,0.22846018226461232
lung,baseline,40000,96,92,92,0.1359829651401809
lung,baseline,40000,96,87,87,0.05206739279341337
lung,baseline,40000,96,85,85,0.26296734210239814
lung,baseline,40000,96,43,43,0.321866218679521
lung,baseline,40000,96,39,39,0.33202602319170527
lung,baseline,40000,96,37,37,0.29785459780313855
lung,baseline,40000,96,28,28,0.34761166308998315
lung,baseline,40000,96,82,82,0.20349412065710049
lung,baseline,40000,96,43,43,0.2718228616308647
lung,baseline,40000,96,39,39,0.2743814731082887
lung,baseline,40000,96,28,28,0.35991380433710635
lung,baseline,40000,96,92,92,0.1228957644172695
lung,baseline,40000,96,95,95,0.24096618989525517
lung,baseline,40000,96,91,91,0.26408174702519077
lung,baseline,40000,96,95,95,0.13141111372231135
lung,baseline,40000,96,95,95,0.15651418852871693
lung,baseline,40000,96,94,94,0.07142016277598627
lung,baseline,40000,96,93,93,0.023973045750131913
lung,baseline,40000,96,90,90,0.047715182810864676
lung,baseline,40000,96,88,88,0.02762204658487677
lung,baseline,40000,96,86,86,0.046396088511439004
lung,baseline,40000,96,83,83,0.06946445955664922
lung,baseline,40000,96,95,95,0.13693203701176662
lung,baseline,40000,96,95,95,0.03922218198273065
lung,baseline,40000,96,95,95,0.14867638917592388
lung,baseline,40000,96,93,93,0.016168246700659944
lung,baseline,40000,96,95,95,0.009744655799510265
lung,baseline,40000,96,93,93,0.028281744402113188
lung,baseline,40000,96,89,89,0.16517956148468957
lung,baseline,40000,96,87,87,0.030463157870269573
lung,baseline,40000,96,95,95,0.1496818448563238
lung,baseline,40000,96,94,94,0.26592159846538244
lung,baseline,40000,96,93,93,0.17085253010998133
lung,baseline,40000,96,91,91,0.1807724591676109
lung,baseline,40000,96,90,90,0.2397313114095853
lung,baseline,40000,96,90,90,0.2434813859787717
lung,baseline,40000,96,92,92,0.019243601220382857
lung,baseline,40000,96,88,88,0.15578791283756283
lung,baseline,40000,96,85,85,0.1642148485373752
lung,baseline,40000,96,73,73,0.2519312670467813
lung,baseline,40000,96,56,56,0.26295936302948275
lung,baseline,40000,96,95,95,0.09980038298195146
lung,baseline,40000,96,95,95,0.013519008998985912
lung,baseline,40000,96,95,95,0.021049640483642336
lung,baseline,40000,96,95,95,0.026516816290404827
lung,baseline,40000,96,95,95,0.007266797464671521
lung,baseline,40000,96,95,95,0.1334809580078361
lung,baseline,40000,96,95,95,0.12921433324151443
lung,baseline,40000,96,93,93,0.027150444153267384
lung,baseline,40000,96,88,88,0.027113422186924876
lung,baseline,40000,96,83,83,0.053089011400637334
lung,baseline,40000,96,95,95,0.15821384507389452
lung,baseline,40000,96,93,93,0.02593542583003582
lung,baseline,40000,96,91,91,0.1768494408633282
lung,baseline,40000,96,77,77,0.11130622552652318
lung,baseline,40000,96,37,37,0.2012638454996989
lung,baseline,40000,96,36,36,0.17188503147248538
lung,baseline,40000,96,34,34,0.2014935045492857
lung,baseline,40000,96,86,86,0.2662415339623456
lung,baseline,40000,96,70,70,0.281000986899216
lung,baseline,40000,96,56,56,0.29930813391170974
lung,baseline,40000,96,43,43,0.30894172104023676
lung,baseline,40000,96,39,39,0.31522654361181307
lung,baseline,40000,96,28,28,0.42422245115087553
lung,baseline,40000,96,91,91,0.09527895071555889
lung,baseline,40000,96,87,87,0.12388740870338401
lung,baseline,40000,96,84,84,0.047138658917769784
lung,baseline,40000,96,75,75,0.14248642058714595
lung,baseline,40000,96,89,89,0.1351968183273305
lung,baseline,40000,96,43,43,0.2876924294083638
lung,baseline,40000,96,39,39,0.2899752777986334
lung,baseline,40000,96,94,94,0.15212605125067755
lung,baseline,40000,96,94,94,0.03894314318199741
lung,baseline,40000,96,93,93,0.06994874818851539
lung,baseline,40000,96,91,91,0.1435968865944256
lung,baseline,40000,96,82,82,0.18156229557926734
lung,baseline,40000,96,92,92,0.12430960327750551
lung,baseline,40000,96,83,83,0.04687783163869354
lung,baseline,40000,96,37,37,0.08073745355480494
lung,baseline,40000,96,95,95,0.0288792920469236
lung,baseline,40000,96,95,95,0.008450042475865293
lung,baseline,40000,96,95,95,0.0317924717335404
lung,baseline,40000,96,95,95,0.0161296770515052
lung,baseline,40000,96,95,95,0.004524057114123792
lung,baseline,40000,96,95,95,0.1361072012656689
lung,baseline,40000,96,95,95,0.1373880333172969
lung,baseline,40000,96,94,94,0.04519480690201183
lung,baseline,40000,96,92,92,0.017514306182985117
lung,baseline,40000,96,91,91,0.05337040070806854
lung,baseline,40000,96,93,93,0.019567505854054323
lung,baseline,40000,96,91,91,0.11465978001298256
lung,baseline,40000,96,95,95,0.02488149823554202
lung,baseline,40000,96,94,94,0.013355884000306633
lung,baseline,40000,96,94,94,0.016866829301426016
lung,baseline,40000,96,93,93,0.02022365551663322
lung,baseline,40000,96,93,93,0.08979802647692783
lung,baseline,40000,96,90,90,0.09435555168297986
lung,baseline,40000,96,90,90,0.15680888606283144
lung,baseline,40000,96,82,82,0.12679143065196327
lung,baseline,40000,96,14,14,0.25234063025159675
lung,baseline,40000,96,95,95,0.006747371052760314
lung,baseline,40000,96,95,95,0.09776823654101824
lung,baseline,40000,96,95,95,0.021239994047862917
lung,baseline,40000,96,92,92,0.02768882566428665
lung,baseline,40000,96,95,95,0.17587497276249844
lung,baseline,40000,96,89,89,0.22132769065953814
lung,baseline,40000,96,88,88,0.19437345860550662
lung,baseline,40000,96,72,72,0.15883139015931402
lung,baseline,40000,96,95,95,0.02085115280430956
lung,baseline,40000,96,94,94,0.019523357693231325
lung,baseline,40000,96,91,91,0.10117480737912292
lung,baseline,40000,96,90,90,0.10791988983005803
lung,baseline,40000,96,95,95,0.010531103610284963
lung,baseline,40000,96,90,90,0.1574515183720154
lung,baseline,40000,96,79,79,0.121814749754517
lung,baseline,40000,96,92,92,0.035089116995331376
lung,baseline,40000,96,92,92,0.089566485282221
lung,baseline,40000,96,90,90,0.1531012098448612
lung,baseline,40000,96,90,90,0.03226934307003379
lung,baseline,40000,96,43,43,0.30827355346584145
lung,baseline,40000,96,39,39,0.30352996528638887
lung,baseline,40000,96,27,27,0.4126011932190947
lung,baseline,40000,96,94,94,0.04392167944466377
lung,baseline,40000,96,89,89,0.20561283005356848
lung,baseline,40000,96,37,37,0.19998051160555272
lung,baseline,40000,96,36,36,0.1731975636838471
lung,baseline,40000,96,34,34,0.2003554034606857
lung,baseline,40000,96,89,89,0.1529003443755598
lung,baseline,40000,96,43,43,0.19832103414878102
lung,baseline,40000,96,39,39,0.2084787539169962
lung,baseline,40000,96,28,28,0.24691030731471558
lung,baseline,40000,96,95,95,0.1452939244402147
lung,baseline,40000,96,94,94,0.015448413867802106
lung,baseline,40000,96,91,91,0.17821696266087753
lung,baseline,40000,96,86,86,0.0335931891358084
lung,baseline,40000,96,94,94,0.04827334675302477
lung,baseline,40000,96,89,89,0.1514807259902344
lung,baseline,40000,96,95,95,0.027503821585698918
lung,baseline,40000,96,95,95,0.006168431836924228
lung,baseline,40000,96,94,94,0.024001204633740798
lung,baseline,40000,96,93,93,0.019084335700132442
lung,baseline,40000,96,91,91,0.11615394874863567
lung,baseline,40000,96,91,91,0.024686409141666043
lung,baseline,40000,96,90,90,0.029964763786479897
lung,baseline,40000,96,79,79,0.0747920249209419
lung,baseline,40000,96,92,92,0.0618407775287669
lung,baseline,40000,96,92,92,0.12435786086662784
lung,baseline,40000,96,92,92,0.025094364865793403
lung,baseline,40000,96,91,91,0.04243722215513607
lung,baseline,40000,96,95,95,0.02564385361915282
lung,baseline,40000,96,92,92,0.06744369140396418
lung,baseline,40000,96,92,92,0.10974549244209615
lung,baseline,40000,96,95,95,0.27220828680123216
lung,baseline,40000,96,94,94,0.22749587480051758
lung,baseline,40000,96,93,93,0.23165840101940988
lung,baseline,40000,96,92,92,0.2153044855661406
lung,baseline,40000,96,95,95,0.16346773683074722
lung,baseline,40000,96,77,77,0.06594153216328846
lung,baseline,40000,96,95,95,0.07435447734586113
lung,baseline,40000,96,94,94,0.011402857267560934
lung,baseline,40000,96,92,92,0.0353402513576591
lung,baseline,40000,96,90,90,0.036080051277419284
lung,baseline,40000,96,90,90,0.16649894287357198
lung,baseline,40000,96,28,28,0.41524756980945005
lung,baseline,40000,96,68,68,0.16945488707786097
lung,baseline,40000,96,43,43,0.3084857803314166
lung,baseline,40000,96,39,39,0.29093226695948177
lung,baseline,40000,96,37,37,0.26279208583032704
lung,baseline,40000,96,36,36,0.2425196545400309
lung,baseline,40000,96,93,93,0.2707464209988513
lung,baseline,40000,96,90,90,0.2632998928872671
lung,baseline,40000,96,89,89,0.29950555566320086
lung,baseline,40000,96,28,28,0.33063893734677724
lung,baseline,40000,96,95,95,0.1739448642663259
lung,baseline,40000,96,93,93,0.02425212756963114
lung,baseline,40000,96,88,88,0.2602261444550336
lung,baseline,40000,96,39,39,0.18030450863190822
lung,baseline,40000,96,20,20,0.38565805378665935
lung,baseline,40000,96,95,95,0.01648427850145159
lung,baseline,40000,96,95,95,0.02149624750038304
lung,baseline,40000,96,95,95,0.007733159312777802
lung,baseline,40000,96,95,95,0.11021299654679287
lung,baseline,40000,96,95,95,0.015187565347823445
lung,baseline,40000,96,94,94,0.030818445669958963
lung,baseline,40000,96,93,93,0.021840978326615076
lung,baseline,40000,96,92,92,0.026764497669266207
lung,baseline,40000,96,92,92,0.10758204633405505
lung,baseline,40000,96,94,94,0.19687992563019796
lung,baseline,40000,96,93,93,0.20687554943818837
lung,baseline,40000,96,89,89,0.2557738623952469
lung,baseline,40000,96,88,88,0.24477645155444092
lung,baseline,40000,96,95,95,0.06909179165220718
lung,baseline,40000,96,88,88,0.11895502008914934
lung,baseline,40000,96,88,88,0.1167418239641694
lung,baseline,40000,96,87,87,0.11298970861664204
lung,baseline,40000,96,95,95,0.1333051460493953
lung,baseline,40000,96,93,93,0.03169409462532534
lung,baseline,40000,96,91,91,0.17590175000395192
lung,baseline,40000,96,89,89,0.02865519131346849
lung,baseline,40000,96,86,86,0.13637690430396301
lung,baseline,40000,96,86,86,0.13300593597016014
lung,baseline,40000,96,37,37,0.19956700730106547
lung,baseline,40000,96,36,36,0.1610786001240812
lung,baseline,40000,96,34,34,0.28801144932544687
lung,baseline,40000,96,95,95,0.1404665643520197
lung,baseline,40000,96,95,95,0.011492835922806787
lung,baseline,40000,96,93,93,0.029774184011456113
lung,baseline,40000,96,91,91,0.17003234833278508
lung,baseline,40000,96,91,91,0.13067261692894874
lung,baseline,40000,96,91,91,0.12697942783703553
lung,baseline,40000,96,92,92,0.15110353892283468
lung,baseline,40000,96,90,90,0.18465593974916297
lung,baseline,40000,96,90,90,0.19167423089578278
lung,baseline,40000,96,76,76,0.3115630540658449
lung,baseline,40000,96,63,63,0.23137725054072142
lung,baseline,40000,96,43,43,0.319910247226359
lung,baseline,40000,96,39,39,0.30622543500936406
lung,baseline,40000,96,86,86,0.03828806850077756
lung,baseline,40000,96,95,95,0.17902606605937016
lung,baseline,40000,96,90,90,0.18745141202665042
lung,baseline,40000,96,83,83,0.05770650333014687
lung,baseline,40000,96,95,95,0.12206485929340674
lung,baseline,40000,96,94,94,0.006247038296517317
lung,baseline,40000,96,94,94,0.04224925839265199
lung,baseline,40000,96,91,91,0.13486625991218362
lung,baseline,40000,96,89,89,0.041492741916761916
lung,baseline,40000,96,87,87,0.05987359840710671
lung,baseline,40000,96,91,91,0.09483184715119843
lung,baseline,40000,96,89,89,0.09444031175240501
lung,baseline,40000,96,89,89,0.12202469019115578
lung,baseline,40000,96,87,87,0.12469163732279354
lung,baseline,40000,96,87,87,0.035663674656565864
lung,baseline,40000,96,56,56,0.2677185545629975
lung,baseline,40000,96,43,43,0.3024612735504845
lung,baseline,40000,96,39,39,0.28995184784649186
lung,baseline,40000,96,37,37,0.23557023261222843
lung,baseline,40000,96,94,94,0.16411602117429783
lung,baseline,40000,96,93,93,0.1800110164792465
lung,baseline,40000,96,93,93,0.2112248726825667
lung,baseline,40000,96,93,93,0.05249060193750009
lung,baseline,40000,96,93,93,0.027848796810114127
lung,baseline,40000,96,92,92,0.166747944800421
lung,baseline,40000,96,91,91,0.07266450207776165
lung,baseline,40000,96,91,91,0.17554459622355026
lung,baseline,40000,96,95,95,0.08643026118292946
lung,baseline,40000,96,95,95,0.007323017683554108
lung,baseline,40000,96,93,93,0.021466998231780932
lung,baseline,40000,96,93,93,0.09200371588798081
lung,baseline,40000,96,78,78,0.05842841517287399
lung,baseline,40000,96,95,95,0.08907904963869588
lung,baseline,40000,96,94,94,0.06462275313519836
lung,baseline,40000,96,92,92,0.03799651114932932
lung,baseline,40000,96,90,90,0.034683733951220236
lung,baseline,40000,96,89,89,0.06009837088532918
lung,baseline,40000,96,94,94,0.14730718720630145
lung,baseline,40000,96,90,90,0.20322364048460806
lung,baseline,40000,96,90,90,0.2240180493377866
lung,baseline,40000,96,95,95,0.12771026074710787
lung,baseline,40000,96,95,95,0.12360902084767396
lung,baseline,40000,96,93,93,0.030925541173017965
lung,baseline,40000,96,93,93,0.00997210786020502
lung,baseline,40000,96,86,86,0.053415349594142014
lung,baseline,40000,96,90,90,0.16726966912356006
lung,baseline,40000,96,88,88,0.027304589974800897
lung,baseline,40000,96,39,39,0.24510259592897027
lung,baseline,40000,96,95,95,0.008653610892591944
lung,baseline,40000,96,92,92,0.11841772848961617
lung,baseline,40000,96,92,92,0.13121244546889307
lung,baseline,40000,96,91,91,0.1614804335108334
lung,baseline,40000,96,90,90,0.17679673384061026
lung,baseline,40000,96,95,95,0.026131979517501867
lung,baseline,40000,96,92,92,0.10575641326665268
lung,baseline,40000,96,87,87,0.021430849806769185
lung,baseline,40000,96,78,78,0.17583149909715765
lung,baseline,40000,96,56,56,0.23682789647774957
lung,baseline,40000,96,40,40,0.2237284661934087
lung,baseline,40000,96,39,39,0.27438404732014443
lung,baseline,40000,96,91,91,0.19238269834942157
lung,baseline,40000,96,90,90,0.13608203493951437
lung,baseline,40000,96,69,69,0.1626955843788759
lung,baseline,40000,96,66,66,0.23571840681643635
lung,baseline,40000,96,62,62,0.21804599727108784
lung,baseline,40000,96,92,92,0.015404761219031627
lung,baseline,40000,96,87,87,0.1480373168908267
lung,baseline,40000,96,85,85,0.15826950953817395
lung,baseline,40000,96,94,94,0.1067712387549006
lung,baseline,40000,96,90,90,0.19024718525060613
lung,baseline,40000,96,20,20,0.5383041504547358
lung,baseline,40000,96,92,92,0.11706728884051046
lung,baseline,40000,96,91,91,0.039761940269123115
lung,baseline,40000,96,95,95,0.24532268739395457
lung,baseline,40000,96,94,94,0.13813341470264395
lung,baseline,40000,96,94,94,0.21220230502111445
lung,baseline,40000,96,93,93,0.2054719773687693
lung,baseline,40000,96,91,91,0.26645163653987963
lung,baseline,40000,96,90,90,0.1534237077337032
lung,baseline,40000,96,79,79,0.12488523233368459
lung,baseline,40000,96,43,43,0.2014252018426994
lung,baseline,40000,96,39,39,0.20955382175474874
lung,baseline,40000,96,28,28,0.2597869915344672
lung,baseline,40000,96,95,95,0.1494220561234824
lung,baseline,40000,96,94,94,0.19844831983724429
lung,baseline,40000,96,95,95,0.035540731041732866
lung,baseline,40000,96,95,95,0.1439451948604718
lung,baseline,40000,96,95,95,0.13034099422008086
lung,baseline,40000,96,95,95,0.02820361116287487
lung,baseline,40000,96,94,94,0.2782723955970901
lung,baseline,40000,96,94,94,0.3122718886731135
lung,baseline,40000,96,89,89,0.2938050436094087
lung,baseline,40000,96,88,88,0.25785842218203475
lung,baseline,40000,96,86,86,0.2681485640319959
lung,baseline,40000,96,86,86,0.2776197319814631
lung,baseline,40000,96,85,85,0.21700054808719751
lung,baseline,40000,96,85,85,0.30782125975075125
lung,baseline,40000,96,84,84,0.29354815065272233
lung,baseline,40000,96,82,82,0.2674017150320944
lung,baseline,40000,96,95,95,0.09008253000215322
lung,baseline,40000,96,95,95,0.009257328995552074
lung,baseline,40000,96,94,94,0.06769107613276207
lung,baseline,40000,96,94,94,0.009977880839030296
lung,baseline,40000,96,93,93,0.019649957430593328
lung,baseline,40000,96,93,93,0.013938415047657438
lung,baseline,40000,96,89,89,0.06480816304816275
lung,baseline,40000,96,89,89,0.01616378529014417
lung,baseline,40000,96,85,85,0.2092157069049047
lung,baseline,40000,96,84,84,0.17455937544183298
lung,baseline,40000,96,66,66,0.23936139594415326
lung,baseline,40000,96,62,62,0.19846120176137602
lung,baseline,40000,96,37,37,0.19792876525036443
lung,baseline,40000,96,36,36,0.1643954753221214
lung,baseline,40000,96,95,95,0.0937626108291032
lung,baseline,40000,96,95,95,0.029270781387528026
lung,baseline,40000,96,69,69,0.05452982769416132
lung,baseline,40000,96,66,66,0.17998764297278189
lung,baseline,40000,96,62,62,0.17624606555665095
lung,baseline,40000,96,93,93,0.13103441572595742
lung,baseline,40000,96,88,88,0.283881222466439
lung,baseline,40000,96,79,79,0.2874230481007751
lung,baseline,40000,96,28,28,0.3591843904922181
lung,baseline,40000,96,94,94,0.2833254040232344
lung,baseline,40000,96,94,94,0.23814417021990192
lung,baseline,40000,96,93,93,0.2358100237608666
lung,baseline,40000,96,91,91,0.2536588184154294
lung,baseline,40000,96,90,90,0.2793065766328011
lung,baseline,40000,96,89,89,0.20318874686448996
lung,baseline,40000,96,90,90,0.1863218213305824
lung,baseline,40000,96,87,87,0.18917151269850982
lung,baseline,40000,96,87,87,0.1799745171057278
lung,baseline,40000,96,95,95,0.165763247002548
lung,baseline,40000,96,94,94,0.016896977764676257
lung,baseline,40000,96,94,94,0.015587180212319737
lung,baseline,40000,96,91,91,0.09242777836921498
lung,baseline,40000,96,90,90,0.12759993454097085
lung,baseline,40000,96,90,90,0.12595980538023044
lung,baseline,40000,96,95,95,0.010310763949953384
lung,baseline,40000,96,89,89,0.14872214819912602
lung,baseline,40000,96,85,85,0.051746162946857084
lung,baseline,40000,96,75,75,0.18136927513878529
lung,baseline,40000,96,91,91,0.28896544959153825
lung,baseline,40000,96,85,85,0.28042410236038834
lung,baseline,40000,96,37,37,0.280552641311075
lung,baseline,40000,96,95,95,0.006941609224185501
lung,baseline,40000,96,95,95,0.011874729297991667
lung,baseline,40000,96,95,95,0.09088124327188166
lung,baseline,40000,96,95,95,0.03540918849616322
lung,baseline,40000,96,95,95,0.014397636741329994
lung,baseline,40000,96,95,95,0.014108011905110561
lung,baseline,40000,96,95,95,0.00795833743165644
lung,baseline,40000,96,94,94,0.008500521452891372
lung,baseline,40000,96,93,93,0.007825788259762354
lung,baseline,40000,96,93,93,0.025840774302474338
lung,baseline,40000,96,93,93,0.02854523388802076
lung,baseline,40000,96,93,93,0.018181727290556424
lung,baseline,40000,96,91,91,0.02018601789020027
lung,baseline,40000,96,91,91,0.0331777451126772
lung,baseline,40000,96,91,91,0.011302682616315696
lung,baseline,40000,96,95,95,0.027732311189260977
lung,baseline,40000,96,95,95,0.04288477648921903
lung,baseline,40000,96,92,92,0.12064600325322462
lung,baseline,40000,96,92,92,0.025349149393589832
lung,baseline,40000,96,95,95,0.15196449098318235
lung,baseline,40000,96,95,95,0.0290022626917593
lung,baseline,40000,96,94,94,0.01885629344318417
lung,baseline,40000,96,92,92,0.09812858819379269
lung,baseline,40000,96,92,92,0.01847186115939064
lung,baseline,40000,96,92,92,0.017511317381798234
lung,baseline,40000,96,91,91,0.021726064965308992
lung,baseline,40000,96,89,89,0.03458047283623846
lung,baseline,40000,96,95,95,0.027657804433005355
lung,baseline,40000,96,89,89,0.28847586856989776
lung,baseline,40000,96,91,91,0.0456480332995063
lung,baseline,40000,96,91,91,0.04277721398893281
lung,baseline,40000,96,28,28,0.37152934626660583
lung,baseline,40000,96,86,86,0.1940000867795878
lung,baseline,40000,96,28,28,0.30491161093035996
lung,baseline,40000,96,40,40,0.2551132722302191
lung,baseline,40000,96,39,39,0.2864975403191509
lung,baseline,40000,96,37,37,0.22440360399426984
lung,baseline,40000,96,28,28,0.3141227756754134
lung,baseline,40000,96,95,95,0.17134721778887893
lung,baseline,40000,96,95,95,0.16582343499279037
lung,baseline,40000,96,92,92,0.03247720133594701
lung,baseline,40000,96,90,90,0.14911144174414545
lung,baseline,40000,96,79,79,0.11456945543856908
lung,baseline,40000,96,43,43,0.19529009738467107
lung,baseline,40000,96,39,39,0.20434788673664628
lung,baseline,40000,96,28,28,0.25116248241100886
lung,baseline,40000,96,43,43,0.26820711110571094
lung,baseline,40000,96,39,39,0.268773310631597
lung,baseline,40000,96,28,28,0.3560682551526307
lung,baseline,40000,96,95,95,0.02091610573478142
lung,baseline,40000,96,93,93,0.2879448461006982
lung,baseline,40000,96,92,92,0.27129897179964085
lung,baseline,40000,96,91,91,0.24248595314214846
lung,baseline,40000,96,90,90,0.27750664736868325
lung,baseline,40000,96,85,85,0.18316996901061994
lung,baseline,40000,96,84,84,0.14101372670306506
lung,baseline,40000,96,43,43,0.2662276897055975
lung,baseline,40000,96,39,39,0.2660659261412914
lung,baseline,40000,96,89,89,0.15563392305456794
lung,baseline,40000,96,89,89,0.16079310919704828
lung,baseline,40000,96,39,39,0.20194592103042308
lung,baseline,40000,96,20,20,0.3857074419211045
lung,baseline,40000,96,95,95,0.035814321249803
lung,baseline,40000,96,91,91,0.15531773476347316
lung,baseline,40000,96,91,91,0.16795243663761697
lung,baseline,40000,96,87,87,0.11787709238773637
lung,baseline,40000,96,66,66,0.19461771496040026
lung,baseline,40000,96,62,62,0.19042805341014898
lung,baseline,40000,96,37,37,0.16515337044711545
lung,baseline,40000,96,36,36,0.10548807020183895
lung,baseline,40000,96,63,63,0.21339100747689294
lung,baseline,40000,96,43,43,0.3074023227995031
lung,baseline,40000,96,39,39,0.2811185357885279
lung,baseline,40000,96,28,28,0.392137536666752
lung,baseline,40000,96,95,95,0.1544781910955667
lung,baseline,40000,96,91,91,0.15992619230922867
lung,baseline,40000,96,95,95,0.12575590024232883
lung,baseline,40000,96,92,92,0.11840283527187498
lung,baseline,40000,96,90,90,0.19593123591860187
lung,baseline,40000,96,89,89,0.18952510914078174
lung,baseline,40000,96,83,83,0.12615937093382903
lung,baseline,40000,96,83,83,0.12404404479898183
lung,baseline,40000,96,85,85,0.2355798653060289
lung,baseline,40000,96,56,56,0.28039157160410155
lung,baseline,40000,96,40,40,0.26381258826365717
lung,baseline,40000,96,39,39,0.30077517743042365
lung,baseline,40000,96,28,28,0.3390645122693407
lung,baseline,40000,96,94,94,0.04032676058702566
lung,baseline,40000,96,91,91,0.1430336115397827
lung,baseline,40000,96,90,90,0.14632188922130662
lung,baseline,40000,96,82,82,0.18340005109487176
lung,baseline,40000,96,95,95,0.030922377441606592
lung,baseline,40000,96,92,92,0.12906728800114853
lung,baseline,40000,96,95,95,0.1520146955497332
lung,baseline,40000,96,94,94,0.07144461607675126
lung,baseline,40000,96,95,95,0.026130390300698945
lung,baseline,40000,96,94,94,0.014835504266874478
lung,baseline,40000,96,91,91,0.027181715123173054
lung,baseline,40000,96,91,91,0.042183583076028826
lung,baseline,40000,96,91,91,0.12655908058804807
lung,baseline,40000,96,90,90,0.02936594232009398
lung,baseline,40000,96,93,93,0.2642520779714885
lung,baseline,40000,96,93,93,0.22570397612931786
lung,baseline,40000,96,91,91,0.2670176390150181
lung,baseline,40000,96,89,89,0.30198588278989114
lung,baseline,40000,96,88,88,0.26390491158854973
lung,baseline,40000,96,88,88,0.25275318221764226
lung,baseline,40000,96,85,85,0.26938476872623635
lung,baseline,40000,96,83,83,0.24979937402133678
lung,baseline,40000,96,78,78,0.242610917908395
lung,baseline,40000,96,73,73,0.2808601188882593
lung,baseline,40000,96,66,66,0.279323680351433
lung,baseline,40000,96,62,62,0.23873878879417088
lung,baseline,40000,96,43,43,0.14566832213395028
lung,baseline,40000,96,39,39,0.15893514417585977
lung,baseline,40000,96,37,37,0.1416432192018258
lung,baseline,40000,96,95,95,0.12361113612468161
lung,baseline,40000,96,95,95,0.1629649866714403
lung,baseline,40000,96,92,92,0.1110394762900813
lung,baseline,40000,96,90,90,0.2931406429075308
lung,baseline,40000,96,90,90,0.29981848956540813
lung,baseline,40000,96,89,89,0.26332649990759577
lung,baseline,40000,96,85,85,0.2450411480275109
lung,baseline,40000,96,82,82,0.30259261318855046
lung,baseline,40000,96,90,90,0.14618376279302364
lung,baseline,40000,96,88,88,0.1560226308125207
lung,baseline,40000,96,62,62,0.1158683125507748
lung,baseline,40000,96,37,37,0.20225988232170544
lung,baseline,40000,96,95,95,0.04923869615253606
lung,baseline,40000,96,94,94,0.12019475980703723
lung,baseline,40000,96,94,94,0.009172379759573305
lung,baseline,40000,96,94,94,0.20409843490656004
lung,baseline,40000,96,92,92,0.108832046734371
lung,baseline,40000,96,91,91,0.14652165214042526
lung,baseline,40000,96,91,91,0.1505660862190566
lung,baseline,40000,96,91,91,0.15236223462885937
lung,baseline,40000,96,90,90,0.04319047312268921
lung,baseline,40000,96,86,86,0.14558490411752478
lung,baseline,40000,96,95,95,0.26611617565509604
lung,baseline,40000,96,91,91,0.283605298861685
lung,baseline,40000,96,88,88,0.20177111230559353
lung,baseline,40000,96,87,87,0.17647922964207255
lung,baseline,40000,96,94,94,0.014617160836877878
lung,baseline,40000,96,94,94,0.02890516713037451
lung,baseline,40000,96,92,92,0.08622031761000783
lung,baseline,40000,96,95,95,0.006415529104547965
lung,baseline,40000,96,95,95,0.019560868750277113
lung,baseline,40000,96,92,92,0.0327718836724351
lung,baseline,40000,96,92,92,0.09688841360532162
lung,baseline,40000,96,95,95,0.1581388410692755
lung,baseline,40000,96,94,94,0.13421230395920092
lung,baseline,40000,96,93,93,0.07195415624443596
lung,baseline,40000,96,89,89,0.19117517753804913
lung,baseline,40000,96,89,89,0.04532401085719754
lung,baseline,40000,96,88,88,0.16334600454302683
lung,baseline,40000,96,86,86,0.14588455498357333
lung,baseline,40000,96,86,86,0.14712659615074522
lung,baseline,40000,96,82,82,0.1738549335606839
lung,baseline,40000,96,95,95,0.015116334501471141
lung,baseline,40000,96,89,89,0.21949896505896477
lung,baseline,40000,96,85,85,0.024813523426305384
lung,baseline,40000,96,80,80,0.0341864452140029
lung,baseline,40000,96,75,75,0.13684315678749684
lung,baseline,40000,96,19,19,0.467120959204252
lung,baseline,40000,96,78,78,0.17030969169737972
lung,baseline,40000,96,77,77,0.22271302841413923
lung,baseline,40000,96,77,77,0.219132465547165
lung,baseline,40000,96,76,76,0.20894050213721838
lung,baseline,40000,96,43,43,0.28384988185247156
lung,baseline,40000,96,39,39,0.2746710314886483
lung,baseline,40000,96,94,94,0.04498023342343959
lung,baseline,40000,96,92,92,0.1322560943495205
lung,baseline,40000,96,87,87,0.1220156970696747
lung,baseline,40000,96,93,93,0.2693328477469212
lung,baseline,40000,96,92,92,0.2932447176361838
lung,baseline,40000,96,88,88,0.29418221771104436
lung,baseline,40000,96,86,86,0.264576056731372
lung,baseline,40000,96,84,84,0.2420979782963349
lung,baseline,40000,96,83,83,0.2385416684489257
lung,baseline,40000,96,95,95,0.1302376975532471
lung,baseline,40000,96,95,95,0.12755830530100715
lung,baseline,40000,96,94,94,0.17072477271591563
lung,baseline,40000,96,94,94,0.015411901130036619
lung,baseline,40000,96,91,91,0.17463980603283585
lung,baseline,40000,96,89,89,0.049468946305632304
lung,baseline,40000,96,94,94,0.006735721790208084
lung,baseline,40000,96,87,87,0.15092622503379435
lung,baseline,40000,96,89,89,0.14341481178408005
lung,baseline,40000,96,89,89,0.19140792997715714
lung,baseline,40000,96,88,88,0.18406043430319444
lung,baseline,40000,96,84,84,0.13959915543598772
lung,baseline,40000,96,62,62,0.14647773528389013
lung,baseline,40000,96,43,43,0.26388146030941606
lung,baseline,40000,96,39,39,0.26924387204134226
lung,baseline,40000,96,95,95,0.01797352808814325
lung,baseline,40000,96,95,95,0.042212905162419066
lung,baseline,40000,96,95,95,0.12141447097563937
lung,baseline,40000,96,95,95,0.07171830854936419
lung,baseline,40000,96,95,95,0.26353003355479254
lung,baseline,40000,96,95,95,0.2628574770431898
lung,baseline,40000,96,95,95,0.17390048457781643
lung,baseline,40000,96,95,95,0.029542832501491763
lung,baseline,40000,96,95,95,0.032756588134413
lung,baseline,40000,96,95,95,0.029905852767365095
lung,baseline,40000,96,95,95,0.01854614247955981
lung,baseline,40000,96,94,94,0.036824176160200534
lung,baseline,40000,96,94,94,0.017955247008447688
lung,baseline,40000,96,93,93,0.012937452878290782
lung,baseline,40000,96,89,89,0.07839848111694303
lung,baseline,40000,96,28,28,0.3582729671408716
lung,baseline,40000,96,91,91,0.15275714956920974
lung,baseline,40000,96,90,90,0.19534412559499065
lung,baseline,40000,96,79,79,0.20072748946620556
lung,baseline,40000,96,93,93,0.20677487122430235
lung,baseline,40000,96,92,92,0.2436579164387481
lung,baseline,40000,96,95,95,0.15402237027732646
lung,baseline,40000,96,94,94,0.03377224365601271
lung,baseline,40000,96,91,91,0.13208003386097478
lung,baseline,40000,96,86,86,0.02768774954294503
lung,baseline,40000,96,95,95,0.20532203066086488
lung,baseline,40000,96,95,95,0.280192018027622
lung,baseline,40000,96,94,94,0.1269065178084886
lung,baseline,40000,96,93,93,0.1458561861514601
lung,baseline,40000,96,95,95,0.15592611011539703
lung,baseline,40000,96,95,95,0.013844833159912948
lung,baseline,40000,96,95,95,0.017017803841415952
lung,baseline,40000,96,92,92,0.10723698637393565
lung,baseline,40000,96,90,90,0.04369762260503368
lung,baseline,40000,96,95,95,0.01611369063718892
lung,baseline,40000,96,95,95,0.01928393517789451
lung,baseline,40000,96,91,91,0.11565554801498014
lung,baseline,40000,96,95,95,0.04826626745669811
lung,baseline,40000,97,96,96,0.035132265224866795
lung,baseline,40000,97,96,96,0.1140989552387864
lung,baseline,40000,97,93,93,0.11067874086554573
lung,baseline,40000,97,91,91,0.02997361627779988
lung,baseline,40000,97,56,56,0.2392314363528784
lung,baseline,40000,97,43,43,0.31716765611438424
lung,baseline,40000,97,39,39,0.2906135432545617
lung,baseline,40000,97,92,92,0.15826344508233853
lung,baseline,40000,97,91,91,0.1910775921439511
lung,baseline,40000,97,91,91,0.15470816785555036
lung,baseline,40000,97,91,91,0.1566662476805826
lung,baseline,40000,97,90,90,0.12946913354682607
lung,baseline,40000,97,88,88,0.19558564916536927
lung,baseline,40000,97,87,87,0.1493938044307919
lung,baseline,40000,97,84,84,0.13473366205510245
lung,baseline,40000,97,94,94,0.010696806001994812
lung,baseline,40000,97,93,93,0.1217298603087665
lung,baseline,40000,97,87,87,0.04027887311090255
lung,baseline,40000,97,96,96,0.008027893391521617
lung,baseline,40000,97,96,96,0.005188860225084188
lung,baseline,40000,97,96,96,0.025898619699455182
lung,baseline,40000,97,96,96,0.013091835981483543
lung,baseline,40000,97,96,96,0.08040747253561527
lung,baseline,40000,97,96,96,0.025834528423451342
lung,baseline,40000,97,96,96,0.00465823633379235
lung,baseline,40000,97,96,96,0.015287664239276267
lung,baseline,40000,97,96,96,0.007125269037056868
lung,baseline,40000,97,96,96,0.017930185602565717
lung,baseline,40000,97,96,96,0.018849959303740154
lung,baseline,40000,97,95,95,0.014782330268727398
lung,baseline,40000,97,95,95,0.009485940767162531
lung,baseline,40000,97,94,94,0.024642626526949814
lung,baseline,40000,97,94,94,0.019448890542833986
lung,baseline,40000,97,94,94,0.011777569592251546
lung,baseline,40000,97,92,92,0.012459383011451487
lung,baseline,40000,97,70,70,0.3176483720630238
lung,baseline,40000,97,56,56,0.317684204698657
lung,baseline,40000,97,43,43,0.32795559377204536
lung,baseline,40000,97,39,39,0.3203029882442183
lung,baseline,40000,97,37,37,0.2953006740701063
lung,baseline,40000,97,28,28,0.4071623702270209
lung,baseline,40000,97,92,92,0.06828630124514684
lung,baseline,40000,97,87,87,0.13966224524811285
lung,baseline,40000,97,85,85,0.15141296327308337
lung,baseline,40000,97,82,82,0.1282004943168037
lung,baseline,40000,97,80,80,0.1563243681614228
lung,baseline,40000,97,96,96,0.13552550015346634
lung,baseline,40000,97,92,92,0.1727708966545487
lung,baseline,40000,97,83,83,0.0458775242050485
lung,baseline,40000,97,83,83,0.15077509289903795
lung,baseline,40000,97,85,85,0.03752825305884896
lung,baseline,40000,97,75,75,0.13341890228196743
lung,baseline,40000,97,91,91,0.2171058615935351
lung,baseline,40000,97,88,88,0.21431314861888479
lung,baseline,40000,97,19,19,0.46973898287431554
lung,baseline,40000,97,95,95,0.261744884562484
lung,baseline,40000,97,93,93,0.16450762636050872
lung,baseline,40000,97,93,93,0.23807962149559164
lung,baseline,40000,97,92,92,0.24761093048748734
lung,baseline,40000,97,86,86,0.2661065453837901
lung,baseline,40000,97,96,96,0.04488937699939268
lung,baseline,40000,97,92,92,0.16664499249495265
lung,baseline,40000,97,91,91,0.05525657966272893
lung,baseline,40000,97,90,90,0.053983562846783864
lung,baseline,40000,97,96,96,0.2859813270676445
lung,baseline,40000,97,90,90,0.05144680396642088
lung,baseline,40000,97,89,89,0.059111776798757516
lung,baseline,40000,97,70,70,0.23291379294094514
lung,baseline,40000,97,56,56,0.23756387960778966
lung,baseline,40000,97,37,37,0.20862502115156834
lung,baseline,40000,97,36,36,0.17662665827535398
lung,baseline,40000,97,95,95,0.025196472037060564
lung,baseline,40000,97,88,88,0.15974887507410743
lung,baseline,40000,97,96,96,0.16156342164239976
lung,baseline,40000,97,96,96,0.20790773272140192
lung,baseline,40000,97,94,94,0.025869786576949546
lung,baseline,40000,97,96,96,0.030713025850348335
lung,baseline,40000,97,96,96,0.15787588527113874
lung,baseline,40000,97,96,96,0.13228542428616646
lung,baseline,40000,97,96,96,0.2857467488515688
lung,baseline,40000,97,95,95,0.043058370228728556
lung,baseline,40000,97,92,92,0.262887301453012
lung,baseline,40000,97,89,89,0.16109075625750957
lung,baseline,40000,97,96,96,0.2608520724034989
lung,baseline,40000,97,91,91,0.03157671248132574
lung,baseline,40000,97,89,89,0.2768144333469812
lung,baseline,40000,97,95,95,0.06965645541861594
lung,baseline,40000,97,95,95,0.1667519118726248
lung,baseline,40000,97,90,90,0.1432690425370004
lung,baseline,40000,97,89,89,0.2461115884367066
lung,baseline,40000,97,84,84,0.24242619474733745
lung,baseline,40000,97,77,77,0.18971623483883743
lung,baseline,40000,97,62,62,0.22643871087221193
lung,baseline,40000,97,96,96,0.00879071163375818
lung,baseline,40000,97,91,91,0.11571043626821864
lung,baseline,40000,97,91,91,0.13547249464347844
lung,baseline,40000,97,96,96,0.010771182733736716
lung,baseline,40000,97,95,95,0.16476957918542937
lung,baseline,40000,97,87,87,0.22113377236246967
lung,baseline,40000,97,96,96,0.23577573760175063
lung,baseline,40000,97,95,95,0.020520083104835447
lung,baseline,40000,97,96,96,0.27747785168616373
lung,baseline,40000,97,92,92,0.2671575606990668
lung,baseline,40000,97,87,87,0.20894122184733555
lung,baseline,40000,97,87,87,0.1401048806449489
lung,baseline,40000,97,84,84,0.13765731815586688
lung,baseline,40000,97,82,82,0.13688236928297312
lung,baseline,40000,97,43,43,0.19906281809389167
lung,baseline,40000,97,39,39,0.21826819579586124
lung,baseline,40000,97,37,37,0.21597708309382876
lung,baseline,40000,97,93,93,0.2575490008852012
lung,baseline,40000,97,89,89,0.2963326250207901
lung,baseline,40000,97,63,63,0.21074557997008214
lung,baseline,40000,97,28,28,0.39526733110123874
lung,baseline,40000,97,37,37,0.21164071498808495
lung,baseline,40000,97,34,34,0.20874698053760377
lung,baseline,40000,97,79,79,0.20530113313515166
lung,baseline,40000,97,43,43,0.2809352884446245
lung,baseline,40000,97,39,39,0.2741998671291566
lung,baseline,40000,97,27,27,0.30458424845738236
lung,baseline,40000,97,94,94,0.028237060761268883
lung,baseline,40000,97,91,91,0.13304538921645923
lung,baseline,40000,97,87,87,0.12348581288987197
lung,baseline,40000,97,85,85,0.03426836619388797
lung,baseline,40000,97,80,80,0.037371722782670445
lung,baseline,40000,97,75,75,0.13627342757082844
lung,baseline,40000,97,96,96,0.28744037893148366
lung,baseline,40000,97,94,94,0.02447770324851393
lung,baseline,40000,97,89,89,0.1669737322970268
lung,baseline,40000,97,95,95,0.07840689767426857
lung,baseline,40000,97,95,95,0.11899436025234951
lung,baseline,40000,97,94,94,0.024846001336346405
lung,baseline,40000,97,94,94,0.044979544341978206
lung,baseline,40000,97,91,91,0.2122337227683948
lung,baseline,40000,97,91,91,0.18022644971668256
lung,baseline,40000,97,90,90,0.16370436226288917
lung,baseline,40000,97,87,87,0.20680081541905604
lung,baseline,40000,97,89,89,0.28358019414561136
lung,baseline,40000,97,74,74,0.3055342049556377
lung,baseline,40000,97,37,37,0.252161361783796
lung,baseline,40000,97,36,36,0.2394062766580539
lung,baseline,40000,97,96,96,0.02682022202466112
lung,baseline,40000,97,95,95,0.02394504768526393
lung,baseline,40000,97,95,95,0.018288352300954738
lung,baseline,40000,97,93,93,0.1660990375822407
lung,baseline,40000,97,91,91,0.026723104577203324
lung,baseline,40000,97,91,91,0.1737562383980084
lung,baseline,40000,97,91,91,0.03498286462162878
lung,baseline,40000,97,96,96,0.16021530022211938
lung,baseline,40000,97,92,92,0.11106460441003548
lung,baseline,40000,97,92,92,0.11078941014570716
lung,baseline,40000,97,91,91,0.05807711105592096
lung,baseline,40000,97,91,91,0.10956786782399161
lung,baseline,40000,97,91,91,0.10850354080169355
lung,baseline,40000,97,84,84,0.04143910327634789
lung,baseline,40000,97,95,95,0.020343016894685123
lung,baseline,40000,97,94,94,0.06214745033716266
lung,baseline,40000,97,94,94,0.16863617680860052
lung,baseline,40000,97,90,90,0.02751977623175421
lung,baseline,40000,97,90,90,0.18180941434895181
lung,baseline,40000,97,89,89,0.18328322100604874
lung,baseline,40000,97,84,84,0.14816475950889793
lung,baseline,40000,97,77,77,0.10601474629507328
lung,baseline,40000,97,62,62,0.1743996773070552
lung,baseline,40000,97,96,96,0.2739268725096071
lung,baseline,40000,97,96,96,0.29566376456461635
lung,baseline,40000,97,93,93,0.21061866042087973
lung,baseline,40000,97,96,96,0.17336156991618476
lung,baseline,40000,97,96,96,0.01334084516656355
lung,baseline,40000,97,96,96,0.13683610432557192
lung,baseline,40000,97,92,92,0.1574320398622567
lung,baseline,40000,97,77,77,0.16483097744724642
lung,baseline,40000,97,77,77,0.18735361952319005
lung,baseline,40000,97,76,76,0.1557218931455789
lung,baseline,40000,97,43,43,0.23604563639689538
lung,baseline,40000,97,39,39,0.23886744347398262
lung,baseline,40000,97,96,96,0.1552411142506012
lung,baseline,40000,97,93,93,0.10216124429673201
lung,baseline,40000,97,96,96,0.2581281174022964
lung,baseline,40000,97,91,91,0.2824932249000714
lung,baseline,40000,97,91,91,0.03537289835439051
lung,baseline,40000,97,96,96,0.11685335453163631
lung,baseline,40000,97,93,93,0.12474026893422509
lung,baseline,40000,97,93,93,0.016057312824154273
lung,baseline,40000,97,93,93,0.025954103357799695
lung,baseline,40000,97,96,96,0.15416389369411732
lung,baseline,40000,97,96,96,0.009939879803007652
lung,baseline,40000,97,93,93,0.0253045288354885
lung,baseline,40000,97,92,92,0.14655305723025733
lung,baseline,40000,97,90,90,0.022920992727028563
lung,baseline,40000,97,96,96,0.22254128235528395
lung,baseline,40000,97,96,96,0.2603631916782507
lung,baseline,40000,97,96,96,0.005661660654228777
lung,baseline,40000,97,90,90,0.29155001315232737
lung,baseline,40000,97,96,96,0.007853178475556402
lung,baseline,40000,97,96,96,0.013554176991945934
lung,baseline,40000,97,96,96,0.08850134213086636
lung,baseline,40000,97,96,96,0.12176774359912057
lung,baseline,40000,97,93,93,0.12255453446820479
lung,baseline,40000,97,94,94,0.06262867365805513
lung,baseline,40000,97,93,93,0.1753950994870489
lung,baseline,40000,97,92,92,0.15267893867739454
lung,baseline,40000,97,91,91,0.06077577993522181
lung,baseline,40000,97,90,90,0.03380858526872172
lung,baseline,40000,97,89,89,0.18231872069082292
lung,baseline,40000,97,88,88,0.1840767273407388
lung,baseline,40000,97,84,84,0.14540377530980578
lung,baseline,40000,97,77,77,0.10060327781156247
lung,baseline,40000,97,62,62,0.17237856494294784
lung,baseline,40000,97,96,96,0.007750226707775904
lung,baseline,40000,97,96,96,0.013405607491510119
lung,baseline,40000,97,96,96,0.015015097622188557
lung,baseline,40000,97,96,96,0.12844846581828417
lung,baseline,40000,97,96,96,0.1445558372945485
lung,baseline,40000,97,96,96,0.028915047958520155
lung,baseline,40000,97,96,96,0.020192357732338913
lung,baseline,40000,97,95,95,0.010201117484318005
lung,baseline,40000,97,94,94,0.02520371508812709
lung,baseline,40000,97,93,93,0.017942986698658472
lung,baseline,40000,97,92,92,0.015026089888419816
lung,baseline,40000,97,92,92,0.057689649911202644
lung,baseline,40000,97,91,91,0.16839243315389063
lung,baseline,40000,97,90,90,0.18040978603326938
lung,baseline,40000,97,88,88,0.19149692039345714
lung,baseline,40000,97,87,87,0.07062582976122869
lung,baseline,40000,97,95,95,0.020157559191743488
lung,baseline,40000,97,87,87,0.1131283266821882
lung,baseline,40000,97,96,96,0.11832636926262796
lung,baseline,40000,97,94,94,0.027385353035433112
lung,baseline,40000,97,92,92,0.15038982944827015
lung,baseline,40000,97,92,92,0.13798226897905116
lung,baseline,40000,97,37,37,0.13434514063558936
lung,baseline,40000,97,96,96,0.1632100429779236
lung,baseline,40000,97,96,96,0.01064910009009451
lung,baseline,40000,97,96,96,0.010994609379639649
lung,baseline,40000,97,96,96,0.12417389189968321
lung,baseline,40000,97,93,93,0.10367325379328171
lung,baseline,40000,97,91,91,0.029161621672003986
lung,baseline,40000,97,96,96,0.021040145321959827
lung,baseline,40000,97,96,96,0.006212767812629094
lung,baseline,40000,97,96,96,0.008838501553175872
lung,baseline,40000,97,96,96,0.019938368882495377
lung,baseline,40000,97,96,96,0.006649496382541157
lung,baseline,40000,97,96,96,0.031318043716125
lung,baseline,40000,97,96,96,0.020649688250586513
lung,baseline,40000,97,96,96,0.023276796777249587
lung,baseline,40000,97,96,96,0.03434467331211033
lung,baseline,40000,97,96,96,0.03167710393658196
lung,baseline,40000,97,96,96,0.009389500023817929
lung,baseline,40000,97,96,96,0.008643946896358633
lung,baseline,40000,97,95,95,0.02183722691240092
lung,baseline,40000,97,95,95,0.021138389846380536
lung,baseline,40000,97,95,95,0.02489344655942538
lung,baseline,40000,97,95,95,0.023567247194376553
lung,baseline,40000,97,94,94,0.021151689058439747
lung,baseline,40000,97,93,93,0.03001348045346249
lung,baseline,40000,97,93,93,0.12067624677946567
lung,baseline,40000,97,93,93,0.027587126405663742
lung,baseline,40000,97,90,90,0.053206168279164204
lung,baseline,40000,97,96,96,0.09056598027517378
lung,baseline,40000,97,96,96,0.022039248873474315
lung,baseline,40000,97,96,96,0.2813181424682649
lung,baseline,40000,97,96,96,0.017166299129787944
lung,baseline,40000,97,95,95,0.15480226828724142
lung,baseline,40000,97,75,75,0.1750208299751314
lung,baseline,40000,97,56,56,0.18989328950501924
lung,baseline,40000,97,43,43,0.20363343540957263
lung,baseline,40000,97,39,39,0.19948646831846079
lung,baseline,40000,97,27,27,0.23560832005430588
lung,baseline,40000,97,92,92,0.19988985532427747
lung,baseline,40000,97,37,37,0.21056936591246836
lung,baseline,40000,97,95,95,0.05714557174067458
lung,baseline,40000,97,94,94,0.02601657046447642
lung,baseline,40000,97,92,92,0.16246477512264776
lung,baseline,40000,97,92,92,0.03401002889522471
lung,baseline,40000,97,92,92,0.06841147561406977
lung,baseline,40000,97,56,56,0.19002236604320663
lung,baseline,40000,97,40,40,0.16521020718302978
lung,baseline,40000,97,39,39,0.20100113786366416
lung,baseline,40000,97,96,96,0.1440817353159358
lung,baseline,40000,97,95,95,0.010240654577217515
lung,baseline,40000,97,95,95,0.02349753536146716
lung,baseline,40000,97,92,92,0.16024355685815922
lung,baseline,40000,97,88,88,0.1898112768804495
lung,baseline,40000,97,79,79,0.19781420363173602
lung,baseline,40000,97,28,28,0.31436360360766885
lung,baseline,40000,97,96,96,0.15162965267228268
lung,baseline,40000,97,96,96,0.013957548100778067
lung,baseline,40000,97,96,96,0.009749555436025232
lung,baseline,40000,97,96,96,0.13278142898007847
lung,baseline,40000,97,94,94,0.16161551111116068
lung,baseline,40000,97,86,86,0.047987016353086255
lung,baseline,40000,97,96,96,0.130081485234724
lung,baseline,40000,97,96,96,0.04305427409540233
lung,baseline,40000,97,90,90,0.18947546917659533
lung,baseline,40000,97,90,90,0.14058990228812904
lung,baseline,40000,97,76,76,0.20063633677424136
lung,baseline,40000,97,62,62,0.1658026411604357
lung,baseline,40000,97,91,91,0.12946964649694137
lung,baseline,40000,97,91,91,0.1176770631757197
lung,baseline,40000,97,90,90,0.15914002244874947
lung,baseline,40000,97,87,87,0.16913214456842762
lung,baseline,40000,97,79,79,0.1622633812040144
lung,baseline,40000,97,96,96,0.00569781071668541
lung,baseline,40000,97,92,92,0.11569594074068354
lung,baseline,40000,97,91,91,0.028160014034354263
lung,baseline,40000,97,79,79,0.07288530713947247
lung,baseline,40000,97,92,92,0.1358514602066951
lung,baseline,40000,97,80,80,0.03689200137888066
lung,baseline,40000,97,96,96,0.025591695364042866
lung,baseline,40000,97,92,92,0.12271346140679752
lung,baseline,40000,97,92,92,0.13534520265341654
lung,baseline,40000,97,87,87,0.1299852897871442
lung,baseline,40000,97,95,95,0.04606039622723116
lung,baseline,40000,97,94,94,0.01763981000170548
lung,baseline,40000,97,92,92,0.10006852591333108
lung,baseline,40000,97,92,92,0.12455460699306395
lung,baseline,40000,97,90,90,0.10695597356850337
lung,baseline,40000,97,90,90,0.09192320996096605
lung,baseline,40000,97,88,88,0.15414482269298
lung,baseline,40000,97,96,96,0.12182917154528627
lung,baseline,40000,97,95,95,0.04408953807072829
lung,baseline,40000,97,94,94,0.009812672531774248
lung,baseline,40000,97,93,93,0.09206377656652431
lung,baseline,40000,97,93,93,0.025655023861877613
lung,baseline,40000,97,91,91,0.039947961038032415
lung,baseline,40000,97,89,89,0.035426297598789125
lung,baseline,40000,97,95,95,0.012082393669023849
lung,baseline,40000,97,94,94,0.015744253702391534
lung,baseline,40000,97,92,92,0.19309654592531306
lung,baseline,40000,97,96,96,0.033896679638862344
lung,baseline,40000,97,96,96,0.08788027149754285
lung,baseline,40000,97,95,95,0.05172667000317871
lung,baseline,40000,97,95,95,0.007813537862275469
lung,baseline,40000,97,89,89,0.03484479586485354
lung,baseline,40000,97,96,96,0.12063012577986527
lung,baseline,40000,97,90,90,0.09623409969511788
lung,baseline,40000,97,88,88,0.09706701984686776
lung,baseline,40000,97,85,85,0.050249243266892854
lung,baseline,40000,97,96,96,0.022780254567358073
lung,baseline,40000,97,96,96,0.013173261337996909
lung,baseline,40000,97,96,96,0.05214474237937413
lung,baseline,40000,97,94,94,0.17324552549673422
lung,baseline,40000,97,92,92,0.1763525005338812
lung,baseline,40000,97,96,96,0.11802925406749092
lung,baseline,40000,97,91,91,0.13830812397924144
lung,baseline,40000,97,89,89,0.14441256753304446
lung,baseline,40000,97,89,89,0.12080226928063142
lung,baseline,40000,97,87,87,0.1278835755722764
lung,baseline,40000,97,85,85,0.0332503226007376
lung,baseline,40000,97,80,80,0.03940211490674343
lung,baseline,40000,97,96,96,0.01706635006224975
lung,baseline,40000,97,96,96,0.12485069836597845
lung,baseline,40000,97,92,92,0.13561872905280467
lung,baseline,40000,97,92,92,0.033802829237093435
lung,baseline,40000,97,91,91,0.2145282556212557
lung,baseline,40000,97,63,63,0.2168879493866124
lung,baseline,40000,97,43,43,0.29866919744819725
lung,baseline,40000,97,39,39,0.29374156707493
lung,baseline,40000,97,96,96,0.23375176954966095
lung,baseline,40000,97,96,96,0.038532243522951225
lung,baseline,40000,97,89,89,0.1293502687468168
lung,baseline,40000,97,85,85,0.26917387655228114
lung,baseline,40000,97,96,96,0.009522428546144948
lung,baseline,40000,97,95,95,0.05550605114812216
lung,baseline,40000,97,95,95,0.18489325330320996
lung,baseline,40000,97,95,95,0.14098402365126392
lung,baseline,40000,97,92,92,0.14155977477411824
lung,baseline,40000,97,92,92,0.1966483742337011
lung,baseline,40000,97,96,96,0.15714644813059467
lung,baseline,40000,97,96,96,0.12238219630703058
lung,baseline,40000,97,93,93,0.09876352072950899
lung,baseline,40000,97,95,95,0.12060901219258831
lung,baseline,40000,97,95,95,0.19231506490944977
lung,baseline,40000,97,93,93,0.10297215495751633
lung,baseline,40000,97,83,83,0.1533208817228178
lung,baseline,40000,97,96,96,0.027838235933295246
lung,baseline,40000,97,96,96,0.12710967482753668
lung,baseline,40000,97,91,91,0.05514839830878795
lung,baseline,40000,97,91,91,0.19150806354629613
lung,baseline,40000,97,90,90,0.05257274104437086
lung,baseline,40000,97,90,90,0.11975480629897961
lung,baseline,40000,97,28,28,0.25808724592775756
lung,baseline,40000,97,96,96,0.1200894591299071
lung,baseline,40000,97,82,82,0.0703094887381786
lung,baseline,40000,97,72,72,0.16658151937909643
lung,baseline,40000,97,96,96,0.27657414271947806
lung,baseline,40000,97,92,92,0.2526096943684393
lung,baseline,40000,97,89,89,0.050659744981213006
lung,baseline,40000,97,56,56,0.14355836369835398
lung,baseline,40000,97,96,96,0.006728959381254847
lung,baseline,40000,97,96,96,0.014827739708162565
lung,baseline,40000,97,96,96,0.16000242398593217
lung,baseline,40000,97,96,96,0.17541463689493939
lung,baseline,40000,97,96,96,0.16174054818053352
lung,baseline,40000,97,95,95,0.023281502850837046
lung,baseline,40000,97,95,95,0.08504208159087046
lung,baseline,40000,97,94,94,0.05931443587547107
lung,baseline,40000,97,96,96,0.1307436839335128
lung,baseline,40000,97,95,95,0.04237863723290868
lung,baseline,40000,97,93,93,0.029015107478889284
lung,baseline,40000,97,83,83,0.1498217565492313
lung,baseline,40000,97,96,96,0.11919908067457262
lung,baseline,40000,97,94,94,0.026422645730849622
lung,baseline,40000,97,91,91,0.17440017475395353
lung,baseline,40000,97,91,91,0.038600472706047155
lung,baseline,40000,97,87,87,0.07485861250233068
lung,baseline,40000,97,56,56,0.19146524170710405
lung,baseline,40000,97,43,43,0.20912472511754174
lung,baseline,40000,97,28,28,0.24834357082951755
lung,baseline,40000,97,94,94,0.11879363995453815
lung,baseline,40000,97,93,93,0.12171588161816771
lung,baseline,40000,97,90,90,0.17116351672293123
lung,baseline,40000,97,28,28,0.25343601863458126
lung,baseline,40000,97,95,95,0.2720140438260121
lung,baseline,40000,97,93,93,0.2548401317388437
lung,baseline,40000,97,87,87,0.25090803563220204
lung,baseline,40000,97,96,96,0.003670056933255349
lung,baseline,40000,97,96,96,0.017279943795484014
lung,baseline,40000,97,96,96,0.014189550386966893
lung,baseline,40000,97,96,96,0.13521159182507236
lung,baseline,40000,97,95,95,0.023942908324017326
lung,baseline,40000,97,95,95,0.01491938444826927
lung,baseline,40000,97,93,93,0.16843059633820195
lung,baseline,40000,97,91,91,0.022694344393379695
lung,baseline,40000,97,91,91,0.033857030826086536
lung,baseline,40000,97,87,87,0.19485985950734966
lung,baseline,40000,97,86,86,0.06707683864737637
lung,baseline,40000,97,83,83,0.1683184648111805
lung,baseline,40000,97,81,81,0.19615402078526706
lung,baseline,40000,97,75,75,0.2165849862407719
lung,baseline,40000,97,69,69,0.16128819666033092
lung,baseline,40000,97,96,96,0.042311023478727706
lung,baseline,40000,97,95,95,0.17134702651434655
lung,baseline,40000,97,96,96,0.1266075962126729
lung,baseline,40000,97,91,91,0.1760318891889863
lung,baseline,40000,97,28,28,0.3724276942100199
lung,baseline,40000,97,91,91,0.17314977469097537
lung,baseline,40000,97,87,87,0.20146278699275635
lung,baseline,40000,97,86,86,0.1822238769652917
lung,baseline,40000,97,85,85,0.15875730023959764
lung,baseline,40000,97,82,82,0.06768660538509018
lung,baseline,40000,97,81,81,0.18148800026052084
lung,baseline,40000,97,79,79,0.12003575756846357
lung,baseline,40000,97,96,96,0.17483698230669006
lung,baseline,40000,97,94,94,0.14829703908874003
lung,baseline,40000,97,90,90,0.18294192793930408
lung,baseline,40000,97,89,89,0.14304092641226507
lung,baseline,40000,97,89,89,0.1582322782634784
lung,baseline,40000,97,91,91,0.17295736687791186
lung,baseline,40000,97,87,87,0.0181768858625875
lung,baseline,40000,97,79,79,0.11477758997973017
lung,baseline,40000,97,96,96,0.09226582615340821
lung,baseline,40000,97,95,95,0.05619168765641695
lung,baseline,40000,97,94,94,0.025768039086629432
lung,baseline,40000,97,92,92,0.013786198538592998
lung,baseline,40000,97,43,43,0.2763184317212515
lung,baseline,40000,97,39,39,0.27736580988971204
lung,baseline,40000,97,37,37,0.23343393202234894
lung,baseline,40000,97,27,27,0.37142365691470824
lung,baseline,40000,97,90,90,0.17054555310652844
lung,baseline,40000,97,90,90,0.16660363335543715
lung,baseline,40000,97,87,87,0.21052074079506136
lung,baseline,40000,97,79,79,0.20340188847104143
lung,baseline,40000,97,72,72,0.10529592606615526
lung,baseline,40000,97,43,43,0.27738899915287757
lung,baseline,40000,97,39,39,0.28020901358511513
lung,baseline,40000,97,96,96,0.024137183922348187
lung,baseline,40000,97,92,92,0.16656995213665698
lung,baseline,40000,97,92,92,0.025171267518715706
lung,baseline,40000,97,90,90,0.04234931247798565
lung,baseline,40000,97,84,84,0.10792421004202343
lung,baseline,40000,97,90,90,0.1637693738364558
lung,baseline,40000,97,89,89,0.1460007083761643
lung,baseline,40000,97,79,79,0.16462855882768046
lung,baseline,40000,97,43,43,0.2305232641691223
lung,baseline,40000,97,39,39,0.23628261420148902
lung,baseline,40000,97,95,95,0.026853187886137626
lung,baseline,40000,97,95,95,0.11752976338540312
lung,baseline,40000,97,94,94,0.09934221538313523
lung,baseline,40000,97,91,91,0.16444522177282014
lung,baseline,40000,97,87,87,0.10001274376330237
lung,baseline,40000,97,28,28,0.2530639085517061
lung,baseline,40000,97,37,37,0.20522061769454655
lung,baseline,40000,97,36,36,0.1647767554420151
lung,baseline,40000,97,34,34,0.2883690980859589
lung,baseline,40000,97,96,96,0.011612262731974118
lung,baseline,40000,97,96,96,0.01203814289979479
lung,baseline,40000,97,96,96,0.029758358312717243
lung,baseline,40000,97,91,91,0.1642318165816621
lung,baseline,40000,97,79,79,0.2639827558921481
lung,baseline,40000,97,96,96,0.03382181377454121
lung,baseline,40000,97,94,94,0.05805739332642161
lung,baseline,40000,97,92,92,0.11230728852873245
lung,baseline,40000,97,91,91,0.028441354571740157
lung,baseline,40000,97,90,90,0.170198816552722
lung,baseline,40000,97,85,85,0.04295951799496345
lung,baseline,40000,97,89,89,0.19271390909738384
lung,baseline,40000,97,43,43,0.2829369724054515
lung,baseline,40000,97,39,39,0.2766859428980432
lung,baseline,40000,97,28,28,0.307367257594456
lung,baseline,40000,97,92,92,0.17273682090314002
lung,baseline,40000,97,91,91,0.1728390607976595
lung,baseline,40000,97,36,36,0.16248945225092137
lung,baseline,40000,97,92,92,0.12716858184387175
lung,baseline,40000,97,85,85,0.029966762499529023
lung,baseline,40000,97,80,80,0.036418579236705606
lung,baseline,40000,97,93,93,0.1064119113149397
lung,baseline,40000,97,37,37,0.1884790154027939
lung,baseline,40000,97,96,96,0.005765192006277777
lung,baseline,40000,97,94,94,0.05602923125408734
lung,baseline,40000,97,90,90,0.20347216162039605
lung,baseline,40000,97,69,69,0.1651381201231925
lung,baseline,40000,97,92,92,0.17559791658583568
lung,baseline,40000,97,91,91,0.19413120565573103
lung,baseline,40000,97,83,83,0.1425749841559452
lung,baseline,40000,97,75,75,0.12750555573242708
lung,baseline,40000,97,73,73,0.18900078138033066
lung,baseline,40000,97,69,69,0.15314025903911244
lung,baseline,40000,97,68,68,0.10179043760122265
lung,baseline,40000,97,96,96,0.014837699928553466
lung,baseline,40000,97,96,96,0.15964976940336414
lung,baseline,40000,97,96,96,0.1216962399309921
lung,baseline,40000,97,93,93,0.10491213984351343
lung,baseline,40000,97,96,96,0.0406668066876365
lung,baseline,40000,97,92,92,0.11641901016833757
lung,baseline,40000,97,96,96,0.133180620629371
lung,baseline,40000,97,96,96,0.13132622557088977
lung,baseline,40000,97,91,91,0.02173060120190047
lung,baseline,40000,97,90,90,0.03871023376343283
lung,baseline,40000,97,56,56,0.2293561486040999
lung,baseline,40000,97,43,43,0.2668057075145864
lung,baseline,40000,97,39,39,0.2592731492891667
lung,baseline,40000,97,28,28,0.29530764766832523
lung,baseline,40000,97,85,85,0.042689329473769494
lung,baseline,40000,97,56,56,0.21531942931303152
lung,baseline,40000,97,43,43,0.25732286424990847
lung,baseline,40000,97,39,39,0.2606200565402144
lung,baseline,40000,97,28,28,0.3003680802951259
lung,baseline,40000,97,88,88,0.19576791337551852
lung,baseline,40000,97,75,75,0.2323518167318261
lung,baseline,40000,97,37,37,0.20508809861962454
lung,baseline,40000,97,96,96,0.09896544629173704
lung,baseline,40000,97,85,85,0.04097727219796164
lung,baseline,40000,97,83,83,0.06556468358902624
lung,baseline,40000,97,69,69,0.06488315031796206
lung,baseline,40000,97,94,94,0.13417061156388888
lung,baseline,40000,97,90,90,0.20141465795606756
lung,baseline,40000,97,90,90,0.0395340602524681
lung,baseline,40000,97,95,95,0.1697779461936124
lung,baseline,40000,97,90,90,0.25549638838514965
lung,baseline,40000,97,88,88,0.24941691768734053
lung,baseline,40000,97,81,81,0.24854541695400342
lung,baseline,40000,97,93,93,0.09718216284643927
lung,baseline,40000,97,93,93,0.02667914563328451
lung,baseline,40000,97,37,37,0.13715121175755243
lung,baseline,40000,97,96,96,0.05038880100299503
lung,baseline,40000,97,96,96,0.10759746546486387
lung,baseline,40000,97,96,96,0.13500305647715746
lung,baseline,40000,97,96,96,0.012880890116432056
lung,baseline,40000,97,95,95,0.004801738932312084
lung,baseline,40000,97,95,95,0.017012242879016534
lung,baseline,40000,97,96,96,0.04923841754525499
lung,baseline,40000,97,96,96,0.17052332307297355
lung,baseline,40000,97,95,95,0.14715848256302066
lung,baseline,40000,97,94,94,0.1613182963491187
lung,baseline,40000,97,92,92,0.05231539059489901
lung,baseline,40000,97,90,90,0.24452954687026593
lung,baseline,40000,97,95,95,0.14277268803083956
lung,baseline,40000,97,95,95,0.16575337963623335
lung,baseline,40000,97,96,96,0.11703851251538144
lung,baseline,40000,97,96,96,0.21989840394455218
lung,baseline,40000,97,96,96,0.26750623528472595
lung,baseline,40000,97,93,93,0.1876039812732191
lung,baseline,40000,97,93,93,0.15769218830665224
lung,baseline,40000,97,95,95,0.15797749629565644
lung,baseline,40000,97,93,93,0.04419071738867552
lung,baseline,40000,97,89,89,0.19478409975683317
lung,baseline,40000,97,96,96,0.015529330338610573
lung,baseline,40000,97,96,96,0.023361961902860228
lung,baseline,40000,97,96,96,0.1535230455964536
lung,baseline,40000,97,96,96,0.13537026484514533
lung,baseline,40000,97,92,92,0.13664588029684205
lung,baseline,40000,97,89,89,0.04880037499500995
lung,baseline,40000,97,43,43,0.2455810090157431
lung,baseline,40000,97,94,94,0.014089814702466103
lung,baseline,40000,97,88,88,0.1605706537367322
lung,baseline,40000,97,85,85,0.03564985712067801
lung,baseline,40000,97,83,83,0.06301080074588075
lung,baseline,40000,97,75,75,0.18212217706467226
lung,baseline,40000,97,69,69,0.0746857814865138
lung,baseline,40000,97,94,94,0.016563557380930422
lung,baseline,40000,97,92,92,0.16298665708912088
lung,baseline,40000,97,92,92,0.042797343660800236
lung,baseline,40000,97,83,83,0.04327539053457947
lung,baseline,40000,97,96,96,0.1371125892283245
lung,baseline,40000,97,96,96,0.1554355254326251
lung,baseline,40000,97,96,96,0.013815544623711892
lung,baseline,40000,97,96,96,0.014948228239988565
lung,baseline,40000,97,92,92,0.057767976123369244
lung,baseline,40000,97,91,91,0.16540366445668642
lung,baseline,40000,97,96,96,0.24007151760097925
lung,baseline,40000,97,95,95,0.1455706674859377
lung,baseline,40000,97,93,93,0.15933474869352188
lung,baseline,40000,97,95,95,0.02538918637040316
lung,baseline,40000,97,93,93,0.14534343589792803
lung,baseline,40000,97,76,76,0.20635430893787107
lung,baseline,40000,97,96,96,0.012002454619394205
lung,baseline,40000,97,96,96,0.11376932148397804
lung,baseline,40000,97,94,94,0.03126755215428117
lung,baseline,40000,97,93,93,0.025557800655583652
lung,baseline,40000,97,93,93,0.09518119573967092
lung,baseline,40000,97,87,87,0.16871617346911763
lung,baseline,40000,97,85,85,0.08824577836996057
lung,baseline,40000,97,80,80,0.09348501764084528
lung,baseline,40000,97,78,78,0.06060371728652763
lung,baseline,40000,97,75,75,0.1770108625794324
lung,baseline,40000,97,96,96,0.009570575524171137
lung,baseline,40000,97,96,96,0.09757309042345153
lung,baseline,40000,97,95,95,0.021173267863431097
lung,baseline,40000,97,94,94,0.05342986212373445
lung,baseline,40000,97,89,89,0.12452005518482459
lung,baseline,40000,97,87,87,0.18343075404432801
lung,baseline,40000,97,28,28,0.2916655551882976
lung,baseline,40000,97,96,96,0.17595713918447434
lung,baseline,40000,97,96,96,0.1615658738330048
lung,baseline,40000,97,96,96,0.15462182847852637
lung,baseline,40000,97,94,94,0.027146715773663132
lung,baseline,40000,97,87,87,0.05647712530839124
lung,baseline,40000,97,96,96,0.011202237008249431
lung,baseline,40000,97,96,96,0.007475426934255296
lung,baseline,40000,97,95,95,0.04497282494606271
lung,baseline,40000,97,92,92,0.10879592376583788
lung,baseline,40000,97,90,90,0.028990117990739053
lung,baseline,40000,97,90,90,0.15241211001308616
lung,baseline,40000,97,90,90,0.20389348889799086
lung,baseline,40000,97,84,84,0.16409730853885307
lung,baseline,40000,97,83,83,0.20748935799249132
lung,baseline,40000,97,62,62,0.1917768469216731
lung,baseline,40000,97,96,96,0.11990666254719773
lung,baseline,40000,97,91,91,0.18073190506770018
lung,baseline,40000,97,87,87,0.20946836664863452
lung,baseline,40000,97,87,87,0.18817220883806113
lung,baseline,40000,97,86,86,0.043133215925348044
lung,baseline,40000,97,83,83,0.1418276101730854
lung,baseline,40000,97,69,69,0.15975403852526202
lung,baseline,40000,97,96,96,0.10351087787411199
lung,baseline,40000,97,96,96,0.01986219096684054
lung,baseline,40000,97,96,96,0.15836537966641293
lung,baseline,40000,97,96,96,0.023007993316080697
lung,baseline,40000,97,96,96,0.02310101934857776
lung,baseline,40000,97,93,93,0.029563562922167785
lung,baseline,40000,97,91,91,0.05555438989862998
lung,baseline,40000,97,96,96,0.009961583429799562
lung,baseline,40000,97,96,96,0.027438896273739282
lung,baseline,40000,97,96,96,0.010547002589179224
lung,baseline,40000,97,96,96,0.14954107340800493
lung,baseline,40000,97,96,96,0.15964406555230312
lung,baseline,40000,97,95,95,0.16975947547399736
lung,baseline,40000,97,94,94,0.14742759571906444
lung,baseline,40000,97,92,92,0.139576763498262
lung,baseline,40000,97,87,87,0.1624049042100714
lung,baseline,40000,97,96,96,0.14747090789330672
lung,baseline,40000,97,91,91,0.062154884550338886
lung,baseline,40000,97,91,91,0.17843470649846987
lung,baseline,40000,97,88,88,0.03558217981898821
lung,baseline,40000,97,96,96,0.014376784253637927
lung,baseline,40000,97,96,96,0.0973362649569738
lung,baseline,40000,97,96,96,0.03945839398655295
lung,baseline,40000,97,95,95,0.022150882292080985
lung,baseline,40000,97,90,90,0.037855467921868564
lung,baseline,40000,97,83,83,0.04730682799200831
lung,baseline,40000,97,96,96,0.11698830313597346
lung,baseline,40000,97,92,92,0.14673949427955807
lung,baseline,40000,97,94,94,0.2701269597012958
lung,baseline,40000,97,89,89,0.25388769263821237
lung,baseline,40000,97,96,96,0.00923086557477196
lung,baseline,40000,97,96,96,0.013411140370344883
lung,baseline,40000,97,95,95,0.06709394510481548
lung,baseline,40000,97,91,91,0.08928467761980174
lung,baseline,40000,97,91,91,0.16096604644502835
lung,baseline,40000,97,96,96,0.0067743294069062205
lung,baseline,40000,97,96,96,0.015547301189602175
lung,baseline,40000,97,89,89,0.1504646606972939
lung,baseline,40000,97,92,92,0.23243416836912892
lung,baseline,40000,97,90,90,0.13905693515530151
lung,baseline,40000,97,89,89,0.24444803044851993
lung,baseline,40000,97,89,89,0.22862789640096573
lung,baseline,40000,97,89,89,0.19400656313165396
lung,baseline,40000,97,96,96,0.2711503692969623
lung,baseline,40000,97,96,96,0.15537712260718392
lung,baseline,40000,97,95,95,0.07503880640518981
lung,baseline,40000,97,92,92,0.16969594538661276
lung,baseline,40000,97,90,90,0.1380069491851991
lung,baseline,40000,97,92,92,0.03047835413713471
lung,baseline,40000,97,91,91,0.1508290294135059
lung,baseline,40000,97,85,85,0.04225784833720805
lung,baseline,40000,97,93,93,0.11125677463451188
lung,baseline,40000,97,92,92,0.13079208853818344
lung,baseline,40000,97,95,95,0.20598415804743564
lung,baseline,40000,97,95,95,0.2014402729260142
lung,baseline,40000,97,94,94,0.16759418065716883
lung,baseline,40000,97,94,94,0.012925706897090515
lung,baseline,40000,97,93,93,0.16461754684798124
lung,baseline,40000,97,92,92,0.1632854284377844
lung,baseline,40000,97,91,91,0.23148674349188889
lung,baseline,40000,97,91,91,0.1683438574990976
lung,baseline,40000,97,91,91,0.17443144441777833
lung,baseline,40000,97,91,91,0.19663691045789586
lung,baseline,40000,97,91,91,0.19804729056137355
lung,baseline,40000,97,87,87,0.19462433822101144
lung,baseline,40000,97,96,96,0.1472322363885734
lung,baseline,40000,97,96,96,0.15367748977256263
lung,baseline,40000,97,95,95,0.02127445975163286
lung,baseline,40000,97,94,94,0.02269038525465885
lung,baseline,40000,97,93,93,0.1431318743620119
lung,baseline,40000,97,92,92,0.18651358021661826
lung,baseline,40000,97,92,92,0.14787237416088217
lung,baseline,40000,97,90,90,0.029092741247481606
lung,baseline,40000,97,96,96,0.10825503234132704
lung,baseline,40000,97,93,93,0.12828576936184888
lung,baseline,40000,97,85,85,0.04247282740031727
lung,baseline,40000,97,96,96,0.024030286104809357
lung,baseline,40000,97,96,96,0.019914480478019324
lung,baseline,40000,97,96,96,0.04549341817541391
lung,baseline,40000,97,92,92,0.14103450948904883
lung,baseline,40000,97,95,95,0.2715996586429241
lung,baseline,40000,97,94,94,0.29539216110928207
lung,baseline,40000,97,88,88,0.2881044148173853
lung,baseline,40000,97,88,88,0.26155153906744466
lung,baseline,40000,97,40,40,0.17925246518589985
lung,baseline,40000,97,39,39,0.20929530181040668
lung,baseline,40000,97,28,28,0.2528040741245234
lung,baseline,40000,97,91,91,0.22416068994709282
lung,baseline,40000,97,83,83,0.1978211676639441
lung,baseline,40000,97,83,83,0.2029397409238504
lung,baseline,40000,97,77,77,0.14851807084942167
lung,baseline,40000,97,95,95,0.1714835544692712
lung,baseline,40000,97,90,90,0.25271809551515556
lung,baseline,40000,97,77,77,0.17968714868434116
lung,baseline,40000,97,62,62,0.22656566286775337
lung,baseline,40000,97,96,96,0.13313204465427012
lung,baseline,40000,97,96,96,0.14097145997693059
lung,baseline,40000,97,96,96,0.025720286926630562
lung,baseline,40000,97,96,96,0.013243638066614152
lung,baseline,40000,97,96,96,0.013890264551982398
lung,baseline,40000,97,96,96,0.06911486522893166
lung,baseline,40000,97,96,96,0.15637868859324325
lung,baseline,40000,97,96,96,0.01386847220314448
lung,baseline,40000,97,95,95,0.06932215702744927
lung,baseline,40000,97,91,91,0.06158184600336485
lung,baseline,40000,97,91,91,0.04674831789442889
lung,baseline,40000,97,89,89,0.07384851252521527
lung,baseline,40000,97,88,88,0.1646134576614568
lung,baseline,40000,97,88,88,0.05031142849722705
lung,baseline,40000,97,87,87,0.06566888388770932
lung,baseline,40000,97,96,96,0.28666917607674486
lung,baseline,40000,97,95,95,0.01715705973655595
lung,baseline,40000,97,94,94,0.2564358907504655
lung,baseline,40000,97,93,93,0.24758271591245823
lung,baseline,40000,97,93,93,0.1790989233752433
lung,baseline,40000,97,96,96,0.0075410234326715
lung,baseline,40000,97,96,96,0.16090351828966684
lung,baseline,40000,97,96,96,0.1269523464364039
lung,baseline,40000,97,96,96,0.03001553227277039
lung,baseline,40000,97,96,96,0.007875038952582894
lung,baseline,40000,97,95,95,0.012346372514485818
lung,baseline,40000,97,95,95,0.020594967016717987
lung,baseline,40000,97,95,95,0.018805214305792767
lung,baseline,40000,97,94,94,0.015935188548662514
lung,baseline,40000,97,93,93,0.012140886197798581
lung,baseline,40000,97,91,91,0.020220436455511217
lung,baseline,40000,97,90,90,0.03310994842579185
lung,baseline,40000,97,87,87,0.04840356627009874
lung,baseline,40000,97,94,94,0.011846712536622781
lung,baseline,40000,97,92,92,0.11695792510452643
lung,baseline,40000,97,85,85,0.03274372722682874
lung,baseline,40000,97,28,28,0.3213484602874575
lung,baseline,40000,97,95,95,0.015584670270826346
lung,baseline,40000,97,91,91,0.12296703172415209
lung,baseline,40000,97,92,92,0.2661022850841682
lung,baseline,40000,97,91,91,0.2754010338193251
lung,baseline,40000,97,85,85,0.2821691694917918
lung,baseline,40000,97,84,84,0.25433431457690797
lung,baseline,40000,97,71,71,0.28668958413367923
lung,baseline,40000,97,56,56,0.19666164254775445
lung,baseline,40000,97,95,95,0.10969838014768596
lung,baseline,40000,97,93,93,0.12074522433927798
lung,baseline,40000,97,83,83,0.0564276475666191
lung,baseline,40000,97,76,76,0.20247195405295307
lung,baseline,40000,97,43,43,0.2632156107098215
lung,baseline,40000,97,39,39,0.26608311418525904
lung,baseline,40000,97,28,28,0.3105726763357225
lung,baseline,40000,97,56,56,0.2793107073363109
lung,baseline,40000,97,40,40,0.26743658101056267
lung,baseline,40000,97,39,39,0.30550056189239705
lung,baseline,40000,97,28,28,0.32597610581828673
lung,baseline,40000,97,92,92,0.026266524422929295
lung,baseline,40000,97,89,89,0.16885812761640648
lung,baseline,40000,97,28,28,0.2503350388406155
lung,baseline,40000,97,93,93,0.16685527191480892
lung,baseline,40000,97,90,90,0.17488131495098894
lung,baseline,40000,97,96,96,0.013181655630849451
lung,baseline,40000,97,96,96,0.1177243410278372
lung,baseline,40000,97,96,96,0.015604852146601714
lung,baseline,40000,97,93,93,0.09637558601586252
lung,baseline,40000,97,96,96,0.009895408067668053
lung,baseline,40000,97,96,96,0.08988217994069687
lung,baseline,40000,97,95,95,0.017196763207522833
lung,baseline,40000,97,94,94,0.03014467698184353
lung,baseline,40000,97,96,96,0.13567652469600477
lung,baseline,40000,97,95,95,0.014030859559019686
lung,baseline,40000,97,92,92,0.11756333332799192
lung,baseline,40000,97,91,91,0.18841248686934592
lung,baseline,40000,97,89,89,0.13352821618623298
lung,baseline,40000,97,94,94,0.02213682677618366
lung,baseline,40000,97,91,91,0.14792223181666253
lung,baseline,40000,97,90,90,0.16367666620813737
lung,baseline,40000,97,89,89,0.16560981262254149
lung,baseline,40000,97,88,88,0.1628873114217781
lung,baseline,40000,97,87,87,0.15888845420837486
lung,baseline,40000,97,96,96,0.029479153718329053
lung,baseline,40000,97,96,96,0.11094516058855608
lung,baseline,40000,97,96,96,0.010403325032682991
lung,baseline,40000,97,95,95,0.018716299099602613
lung,baseline,40000,97,94,94,0.024131572921810014
lung,baseline,40000,97,92,92,0.12337921916813795
lung,baseline,40000,97,84,84,0.03769237281254162
lung,baseline,40000,97,93,93,0.27515613378753706
lung,baseline,40000,97,87,87,0.2588334904425444
lung,baseline,40000,97,96,96,0.10551999321681323
lung,baseline,40000,97,96,96,0.02981968593195897
lung,baseline,40000,97,96,96,0.04858973734146151
lung,baseline,40000,97,94,94,0.01885886323001784
lung,baseline,40000,97,94,94,0.012436897001157372
lung,baseline,40000,97,96,96,0.1016596067605478
lung,baseline,40000,97,96,96,0.14303164912117045
lung,baseline,40000,97,95,95,0.03079788033398029
lung,baseline,40000,97,91,91,0.048947536719550704
lung,baseline,40000,97,91,91,0.04491606475444901
lung,baseline,40000,97,89,89,0.06834618062362322
lung,baseline,40000,97,87,87,0.05639432362367191
lung,baseline,40000,97,95,95,0.06450229336598773
lung,baseline,40000,97,95,95,0.06125373548631357
lung,baseline,40000,97,93,93,0.09990421039874682
lung,baseline,40000,97,92,92,0.024700886767043642
lung,baseline,40000,97,91,91,0.15923743465310872
lung,baseline,40000,97,89,89,0.16194841038463587
lung,baseline,40000,97,89,89,0.17526660498349675
lung,baseline,40000,97,89,89,0.15272207483293618
lung,baseline,40000,97,87,87,0.11726829215541829
lung,baseline,40000,97,84,84,0.08011058231069088
lung,baseline,40000,97,96,96,0.13351616886919215
lung,baseline,40000,97,91,91,0.17689506341081654
lung,baseline,40000,97,96,96,0.14945464716323462
lung,baseline,40000,97,96,96,0.0486092949981707
lung,baseline,40000,97,96,96,0.007089963105929072
lung,baseline,40000,97,93,93,0.09765844479087804
lung,baseline,40000,97,75,75,0.2158335881466355
lung,baseline,40000,97,37,37,0.19363974386558336
lung,baseline,40000,97,96,96,0.009394159604429452
lung,baseline,40000,97,96,96,0.01022558478277981
lung,baseline,40000,97,96,96,0.1576875169409491
lung,baseline,40000,97,96,96,0.10176739991130827
lung,baseline,40000,97,94,94,0.0728047133991025
lung,baseline,40000,97,89,89,0.07097302277255979
lung,baseline,40000,97,68,68,0.27237758425098757
lung,baseline,40000,97,51,51,0.21440488599940977
lung,baseline,40000,97,43,43,0.33336084208057115
lung,baseline,40000,97,28,28,0.37411153157458793
lung,baseline,40000,97,96,96,0.019193687670907577
lung,baseline,40000,97,96,96,0.1580453296645055
lung,baseline,40000,97,96,96,0.17633270818533084
lung,baseline,40000,97,92,92,0.16961381641599105
lung,baseline,40000,97,92,92,0.20276557006036722
lung,baseline,40000,97,96,96,0.08204718347422364
lung,baseline,40000,97,96,96,0.0313139634370281
lung,baseline,40000,97,94,94,0.0622736780039643
lung,baseline,40000,97,14,14,0.2728779464246604
lung,baseline,40000,97,96,96,0.22179336173932915
lung,baseline,40000,97,93,93,0.13829269035799263
lung,baseline,40000,97,87,87,0.09447909451600844
lung,baseline,40000,97,66,66,0.23909403553091146
lung,baseline,40000,97,43,43,0.2599897536260875
lung,baseline,40000,97,39,39,0.2617909204244818
lung,baseline,40000,97,37,37,0.2675519792812158
lung,baseline,40000,97,36,36,0.2430135319637673
lung,baseline,40000,97,96,96,0.08574297613098163
lung,baseline,40000,97,94,94,0.01794382733660069
lung,baseline,40000,97,93,93,0.022859152103918503
lung,baseline,40000,97,92,92,0.06699437682837588
lung,baseline,40000,97,92,92,0.03715417845390769
lung,baseline,40000,97,87,87,0.07297219390962391
lung,baseline,40000,97,96,96,0.15819259585403664
lung,baseline,40000,97,93,93,0.10681940421816635
lung,baseline,40000,97,96,96,0.0931179469702182
lung,baseline,40000,97,94,94,0.030005443245012395
lung,baseline,40000,97,94,94,0.02111426384747323
lung,baseline,40000,97,94,94,0.033677427107742304
lung,baseline,40000,97,89,89,0.037537319540060184
lung,baseline,40000,97,92,92,0.15719913639291255
lung,baseline,40000,97,92,92,0.11049162195473987
lung,baseline,40000,97,91,91,0.10893935727309637
lung,baseline,40000,97,90,90,0.03618376629464188
lung,baseline,40000,97,84,84,0.1133041527923798
lung,baseline,40000,97,84,84,0.14197014739479416
lung,baseline,40000,97,84,84,0.10772076809255647
lung,baseline,40000,97,90,90,0.19139638862584635
lung,baseline,40000,97,88,88,0.1273015477969618
lung,baseline,40000,97,79,79,0.17764150611900476
lung,baseline,40000,97,39,39,0.2749719094790235
lung,baseline,40000,97,28,28,0.30671237954223324
lung,baseline,40000,97,96,96,0.04721442363083193
lung,baseline,40000,97,91,91,0.1590917680761771
lung,baseline,40000,97,87,87,0.04728820940218972
lung,baseline,40000,97,36,36,0.21784952325992535
lung,baseline,40000,97,28,28,0.3324103786838236
lung,baseline,40000,97,92,92,0.11634234764351285
lung,baseline,40000,97,19,19,0.30738153480476393
lung,baseline,40000,97,78,78,0.1604314659243811
lung,baseline,40000,97,62,62,0.18310681951552257
lung,baseline,40000,97,43,43,0.2821699939345333
lung,baseline,40000,97,39,39,0.2827680719095928
lung,baseline,40000,97,96,96,0.024579694363122614
lung,baseline,40000,97,92,92,0.14927441613966888
lung,baseline,40000,97,96,96,0.011086455989128698
lung,baseline,40000,97,96,96,0.042855025796643666
lung,baseline,40000,97,94,94,0.01066574078362242
lung,baseline,40000,97,92,92,0.17055389786723124
lung,baseline,40000,97,96,96,0.049056556154491344
lung,baseline,40000,97,96,96,0.08790366764358414
lung,baseline,40000,97,96,96,0.03869522560090272
lung,baseline,40000,97,96,96,0.02217949353327185
lung,baseline,40000,97,96,96,0.28790630186138777
lung,baseline,40000,97,96,96,0.09577495575633477
lung,baseline,40000,97,96,96,0.26485225431890386
lung,baseline,40000,97,96,96,0.2240768432322157
lung,baseline,40000,97,96,96,0.21572553710695633
lung,baseline,40000,97,96,96,0.012203835608192054
lung,baseline,40000,97,95,95,0.14215348352627702
lung,baseline,40000,97,90,90,0.13723422921730527
lung,baseline,40000,97,93,93,0.044773978275310565
lung,baseline,40000,97,93,93,0.16916220487803685
lung,baseline,40000,97,69,69,0.0581044815820652
lung,baseline,40000,98,97,97,0.006676664976086246
lung,baseline,40000,98,97,97,0.15738520570768696
lung,baseline,40000,98,93,93,0.17196829171385786
lung,baseline,40000,98,96,96,0.02574423943399386
lung,baseline,40000,98,96,96,0.13050189784222865
lung,baseline,40000,98,90,90,0.18555878746826487
lung,baseline,40000,98,89,89,0.17407144463781246
lung,baseline,40000,98,97,97,0.019977374583827822
lung,baseline,40000,98,97,97,0.13793457894860117
lung,baseline,40000,98,93,93,0.16859945289043393
lung,baseline,40000,98,97,97,0.1476249053046198
lung,baseline,40000,98,94,94,0.041970489188229855
lung,baseline,40000,98,93,93,0.14767020698880756
lung,baseline,40000,98,56,56,0.2296055190351569
lung,baseline,40000,98,43,43,0.2434526828499464
lung,baseline,40000,98,39,39,0.2570747994740609
lung,baseline,40000,98,37,37,0.22105317129675675
lung,baseline,40000,98,28,28,0.31070470117997634
lung,baseline,40000,98,97,97,0.26050775816689364
lung,baseline,40000,98,97,97,0.01198691654746347
lung,baseline,40000,98,95,95,0.21268034237680453
lung,baseline,40000,98,93,93,0.24806578647787217
lung,baseline,40000,98,91,91,0.16941443242286838
lung,baseline,40000,98,97,97,0.034107509407991836
lung,baseline,40000,98,96,96,0.14091804741737948
lung,baseline,40000,98,93,93,0.1496356778014856
lung,baseline,40000,98,88,88,0.05889953598863058
lung,baseline,40000,98,97,97,0.10261936811896744
lung,baseline,40000,98,94,94,0.14091406063468834
lung,baseline,40000,98,97,97,0.011905522181058283
lung,baseline,40000,98,97,97,0.009940764045555023
lung,baseline,40000,98,97,97,0.0865254495634069
lung,baseline,40000,98,96,96,0.007842777114103666
lung,baseline,40000,98,93,93,0.06982997409838942
lung,baseline,40000,98,94,94,0.03898800090516714
lung,baseline,40000,98,93,93,0.07346886786316596
lung,baseline,40000,98,93,93,0.1443102131617122
lung,baseline,40000,98,79,79,0.18538024553909527
lung,baseline,40000,98,97,97,0.012403819295303622
lung,baseline,40000,98,97,97,0.005908964770702892
lung,baseline,40000,98,96,96,0.04019355763119569
lung,baseline,40000,98,92,92,0.1618052333423279
lung,baseline,40000,98,97,97,0.014189499093534102
lung,baseline,40000,98,97,97,0.009476969061384
lung,baseline,40000,98,97,97,0.14123091231173096
lung,baseline,40000,98,96,96,0.02237716898320252
lung,baseline,40000,98,93,93,0.1918223922506855
lung,baseline,40000,98,97,97,0.014867207701479902
lung,baseline,40000,98,94,94,0.09721252956942604
lung,baseline,40000,98,92,92,0.06816875748844584
lung,baseline,40000,98,92,92,0.17521088251489955
lung,baseline,40000,98,90,90,0.1205688842161467
lung,baseline,40000,98,88,88,0.24427223340769946
lung,baseline,40000,98,85,85,0.2093106674552955
lung,baseline,40000,98,80,80,0.22272478846392377
lung,baseline,40000,98,97,97,0.13628016861066902
lung,baseline,40000,98,97,97,0.02800235201179358
lung,baseline,40000,98,93,93,0.1936734688064922
lung,baseline,40000,98,90,90,0.1974930795695152
lung,baseline,40000,98,89,89,0.2501890624509283
lung,baseline,40000,98,89,89,0.24289169731496227
lung,baseline,40000,98,89,89,0.1510680942607727
lung,baseline,40000,98,83,83,0.1785164128646822
lung,baseline,40000,98,83,83,0.19885501172143716
lung,baseline,40000,98,79,79,0.20802290242301716
lung,baseline,40000,98,97,97,0.22538688400604404
lung,baseline,40000,98,97,97,0.0123619667228421
lung,baseline,40000,98,96,96,0.08959829027071309
lung,baseline,40000,98,95,95,0.08279614784598403
lung,baseline,40000,98,94,94,0.14065597271666322
lung,baseline,40000,98,94,94,0.03527615446345404
lung,baseline,40000,98,94,94,0.042760438768328135
lung,baseline,40000,98,94,94,0.05598627764864762
lung,baseline,40000,98,93,93,0.05979267792718288
lung,baseline,40000,98,97,97,0.012115245479966999
lung,baseline,40000,98,97,97,0.02397757711149876
lung,baseline,40000,98,97,97,0.14196132192608227
lung,baseline,40000,98,97,97,0.017843404703463638
lung,baseline,40000,98,97,97,0.13321559719676523
lung,baseline,40000,98,97,97,0.008116753685806256
lung,baseline,40000,98,97,97,0.028101850257186138
lung,baseline,40000,98,97,97,0.00802420429362259
lung,baseline,40000,98,96,96,0.021089686918250444
lung,baseline,40000,98,97,97,0.13373568809425757
lung,baseline,40000,98,97,97,0.1914430818742008
lung,baseline,40000,98,93,93,0.23455163456139022
lung,baseline,40000,98,97,97,0.1527271338964553
lung,baseline,40000,98,97,97,0.0465906511042786
lung,baseline,40000,98,97,97,0.12327064084068243
lung,baseline,40000,98,94,94,0.10777593968614037
lung,baseline,40000,98,97,97,0.009337202285188707
lung,baseline,40000,98,96,96,0.06800127465821532
lung,baseline,40000,98,92,92,0.15938287863277406
lung,baseline,40000,98,97,97,0.032065052687265345
lung,baseline,40000,98,97,97,0.006109149208031549
lung,baseline,40000,98,97,97,0.17605006584151284
lung,baseline,40000,98,96,96,0.06841290784003229
lung,baseline,40000,98,95,95,0.14030196381449936
lung,baseline,40000,98,93,93,0.1569492955810542
lung,baseline,40000,98,97,97,0.13063820556888392
lung,baseline,40000,98,97,97,0.08089263356864271
lung,baseline,40000,98,97,97,0.19352197559850332
lung,baseline,40000,98,97,97,0.13553075183882696
lung,baseline,40000,98,96,96,0.007932432993905924
lung,baseline,40000,98,94,94,0.0237456889770576
lung,baseline,40000,98,91,91,0.028165173273504245
lung,baseline,40000,98,97,97,0.006051478997045844
lung,baseline,40000,98,97,97,0.003972732649086242
lung,baseline,40000,98,96,96,0.13283486279177428
lung,baseline,40000,98,94,94,0.1358070652976647
lung,baseline,40000,98,94,94,0.13693048634233237
lung,baseline,40000,98,93,93,0.19387498797323924
lung,baseline,40000,98,92,92,0.19254775666716006
lung,baseline,40000,98,87,87,0.04614192438556452
lung,baseline,40000,98,96,96,0.010597765847750037
lung,baseline,40000,98,89,89,0.15517552065785598
lung,baseline,40000,98,36,36,0.17160779566750994
lung,baseline,40000,98,97,97,0.018915589360977546
lung,baseline,40000,98,96,96,0.08695725700568448
lung,baseline,40000,98,95,95,0.06767685065476453
lung,baseline,40000,98,93,93,0.018567448468783256
lung,baseline,40000,98,91,91,0.17833071192747377
lung,baseline,40000,98,90,90,0.16981326834765184
lung,baseline,40000,98,83,83,0.16428222021796907
lung,baseline,40000,98,82,82,0.2277531118861081
lung,baseline,40000,98,37,37,0.22836875059033887
lung,baseline,40000,98,36,36,0.1973954861672051
lung,baseline,40000,98,94,94,0.19200184890440533
lung,baseline,40000,98,90,90,0.14256844505834626
lung,baseline,40000,98,88,88,0.24862709170558608
lung,baseline,40000,98,88,88,0.24901468089814555
lung,baseline,40000,98,88,88,0.2576711043464232
lung,baseline,40000,98,97,97,0.09908664993513192
lung,baseline,40000,98,97,97,0.26863696016759503
lung,baseline,40000,98,97,97,0.2212391848012037
lung,baseline,40000,98,94,94,0.15137667098076785
lung,baseline,40000,98,97,97,0.009203076080027133
lung,baseline,40000,98,92,92,0.1728401618689585
lung,baseline,40000,98,92,92,0.21363492440797846
lung,baseline,40000,98,89,89,0.20204205094198613
lung,baseline,40000,98,83,83,0.04604998821690607
lung,baseline,40000,98,83,83,0.2077381685316398
lung,baseline,40000,98,97,97,0.27512502062216826
lung,baseline,40000,98,97,97,0.23083489413769384
lung,baseline,40000,98,94,94,0.21448644408050602
lung,baseline,40000,98,97,97,0.011207065829219532
lung,baseline,40000,98,97,97,0.10672623994093411
lung,baseline,40000,98,97,97,0.1315489766238269
lung,baseline,40000,98,97,97,0.009907292365639008
lung,baseline,40000,98,96,96,0.05170107628241629
lung,baseline,40000,98,96,96,0.021829796261560914
lung,baseline,40000,98,95,95,0.038142663561590455
lung,baseline,40000,98,95,95,0.025794570948341124
lung,baseline,40000,98,91,91,0.1910020960457509
lung,baseline,40000,98,39,39,0.2781104819214812
lung,baseline,40000,98,20,20,0.5316679587563913
lung,baseline,40000,98,97,97,0.029027860072641132
lung,baseline,40000,98,97,97,0.010944703788789433
lung,baseline,40000,98,97,97,0.1369501283918205
lung,baseline,40000,98,97,97,0.1388525765916906
lung,baseline,40000,98,95,95,0.019819936434021305
lung,baseline,40000,98,90,90,0.032646950868156235
lung,baseline,40000,98,97,97,0.26320984340510134
lung,baseline,40000,98,97,97,0.22581001902472372
lung,baseline,40000,98,93,93,0.2822142320344426
lung,baseline,40000,98,88,88,0.04152580478471909
lung,baseline,40000,98,94,94,0.28465177021516885
lung,baseline,40000,98,93,93,0.29014446001198985
lung,baseline,40000,98,92,92,0.30306981002684863
lung,baseline,40000,98,91,91,0.19246095719146605
lung,baseline,40000,98,87,87,0.27197315312943915
lung,baseline,40000,98,85,85,0.28685168934516764
lung,baseline,40000,98,97,97,0.020247403874700528
lung,baseline,40000,98,96,96,0.1386154431276459
lung,baseline,40000,98,93,93,0.1524927933672922
lung,baseline,40000,98,88,88,0.062374950627658084
lung,baseline,40000,98,97,97,0.14630445776056367
lung,baseline,40000,98,95,95,0.029279951889659924
lung,baseline,40000,98,95,95,0.013812136197618315
lung,baseline,40000,98,94,94,0.12765985824941514
lung,baseline,40000,98,93,93,0.16786774320458633
lung,baseline,40000,98,91,91,0.028645134788417428
lung,baseline,40000,98,77,77,0.05640983132924666
lung,baseline,40000,98,96,96,0.06670747995783373
lung,baseline,40000,98,91,91,0.17119253827520203
lung,baseline,40000,98,90,90,0.15842790782226096
lung,baseline,40000,98,89,89,0.1681271360084128
lung,baseline,40000,98,89,89,0.16626212528645687
lung,baseline,40000,98,89,89,0.16594022461777805
lung,baseline,40000,98,82,82,0.1319131472429138
lung,baseline,40000,98,96,96,0.00885350714579367
lung,baseline,40000,98,96,96,0.19114646566514712
lung,baseline,40000,98,95,95,0.15158409603914175
lung,baseline,40000,98,93,93,0.01902770832054148
lung,baseline,40000,98,93,93,0.17699382278113535
lung,baseline,40000,98,90,90,0.15810924262135312
lung,baseline,40000,98,90,90,0.05778183924594914
lung,baseline,40000,98,97,97,0.01364171251217178
lung,baseline,40000,98,97,97,0.07355390999790644
lung,baseline,40000,98,97,97,0.04475725779777836
lung,baseline,40000,98,96,96,0.032706561712907894
lung,baseline,40000,98,96,96,0.019175062356826204
lung,baseline,40000,98,92,92,0.039153431690742396
lung,baseline,40000,98,97,97,0.01980157566290874
lung,baseline,40000,98,97,97,0.004533889947767829
lung,baseline,40000,98,97,97,0.023189551350344385
lung,baseline,40000,98,97,97,0.13546729338518346
lung,baseline,40000,98,91,91,0.18693683164942318
lung,baseline,40000,98,90,90,0.18538644280006378
lung,baseline,40000,98,97,97,0.014617492102321225
lung,baseline,40000,98,97,97,0.00759707418265416
lung,baseline,40000,98,97,97,0.0147473710405402
lung,baseline,40000,98,97,97,0.008984884687549554
lung,baseline,40000,98,97,97,0.034863891582498065
lung,baseline,40000,98,97,97,0.003698020991113135
lung,baseline,40000,98,97,97,0.007138292351629699
lung,baseline,40000,98,97,97,0.015614494947642952
lung,baseline,40000,98,97,97,0.0039644146923672905
lung,baseline,40000,98,97,97,0.03400454653454526
lung,baseline,40000,98,97,97,0.02932971399449653
lung,baseline,40000,98,97,97,0.010276198793509507
lung,baseline,40000,98,97,97,0.008798664190564673
lung,baseline,40000,98,96,96,0.013658632937546671
lung,baseline,40000,98,96,96,0.014900816200037229
lung,baseline,40000,98,95,95,0.01562450094882022
lung,baseline,40000,98,93,93,0.11650272559501178
lung,baseline,40000,98,91,91,0.015080266378362652
lung,baseline,40000,98,97,97,0.12838621556962818
lung,baseline,40000,98,97,97,0.034358380201028126
lung,baseline,40000,98,97,97,0.1396387381402606
lung,baseline,40000,98,88,88,0.0378206303544273
lung,baseline,40000,98,97,97,0.12568523189802586
lung,baseline,40000,98,97,97,0.15940601151211653
lung,baseline,40000,98,94,94,0.1089305976766497
lung,baseline,40000,98,94,94,0.015324467820436147
lung,baseline,40000,98,97,97,0.11047470158912455
lung,baseline,40000,98,97,97,0.005697559900547274
lung,baseline,40000,98,96,96,0.012226235899262005
lung,baseline,40000,98,93,93,0.1351954889990912
lung,baseline,40000,98,97,97,0.1605050080192254
lung,baseline,40000,98,97,97,0.00862128635029154
lung,baseline,40000,98,97,97,0.017253026195288356
lung,baseline,40000,98,95,95,0.026050949721772288
lung,baseline,40000,98,95,95,0.10565117401240604
lung,baseline,40000,98,92,92,0.1816935252228001
lung,baseline,40000,98,97,97,0.04728874797383902
lung,baseline,40000,98,97,97,0.015291031527716934
lung,baseline,40000,98,97,97,0.1776166512446223
lung,baseline,40000,98,97,97,0.007900262351872923
lung,baseline,40000,98,93,93,0.20699655674287662
lung,baseline,40000,98,93,93,0.14942533944715133
lung,baseline,40000,98,90,90,0.14154164038264722
lung,baseline,40000,98,89,89,0.23795455595309076
lung,baseline,40000,98,89,89,0.2417319053406199
lung,baseline,40000,98,87,87,0.2311683671342167
lung,baseline,40000,98,83,83,0.1760874227635046
lung,baseline,40000,98,83,83,0.24167124452972566
lung,baseline,40000,98,79,79,0.2057766623405258
lung,baseline,40000,98,97,97,0.008589683607307184
lung,baseline,40000,98,97,97,0.2630327468523971
lung,baseline,40000,98,97,97,0.011433440485812362
lung,baseline,40000,98,95,95,0.24577792505019805
lung,baseline,40000,98,92,92,0.29963399745321184
lung,baseline,40000,98,88,88,0.2816878042757674
lung,baseline,40000,98,97,97,0.15839395008971294
lung,baseline,40000,98,97,97,0.137191089430101
lung,baseline,40000,98,97,97,0.1327652376678964
lung,baseline,40000,98,97,97,0.010553290938635034
lung,baseline,40000,98,97,97,0.01906611392753046
lung,baseline,40000,98,97,97,0.004520176677957927
lung,baseline,40000,98,97,97,0.14355550017600482
lung,baseline,40000,98,94,94,0.04731842988216919
lung,baseline,40000,98,91,91,0.03780528562139386
lung,baseline,40000,98,97,97,0.13560097816554742
lung,baseline,40000,98,97,97,0.022752747813919522
lung,baseline,40000,98,96,96,0.04911208831107808
lung,baseline,40000,98,96,96,0.02148139147091228
lung,baseline,40000,98,92,92,0.18813963058142172
lung,baseline,40000,98,96,96,0.01677982524216011
lung,baseline,40000,98,93,93,0.17615078288414698
lung,baseline,40000,98,88,88,0.03458645929762971
lung,baseline,40000,98,86,86,0.1449457952588598
lung,baseline,40000,98,92,92,0.05902548402531978
lung,baseline,40000,98,91,91,0.1648257224805308
lung,baseline,40000,98,88,88,0.19058468467460266
lung,baseline,40000,98,87,87,0.06697635933146405
lung,baseline,40000,98,97,97,0.1616579876774949
lung,baseline,40000,98,97,97,0.16130242607928383
lung,baseline,40000,98,97,97,0.006268076388542181
lung,baseline,40000,98,97,97,0.059814782408895754
lung,baseline,40000,98,97,97,0.14837314052389097
lung,baseline,40000,98,96,96,0.023373094260098034
lung,baseline,40000,98,96,96,0.021679423307506402
lung,baseline,40000,98,95,95,0.024153042178777232
lung,baseline,40000,98,97,97,0.01492696572939691
lung,baseline,40000,98,96,96,0.13698004543371411
lung,baseline,40000,98,96,96,0.015463643648185683
lung,baseline,40000,98,93,93,0.1739238243134225
lung,baseline,40000,98,76,76,0.2479727819416212
lung,baseline,40000,98,69,69,0.21110990089469908
lung,baseline,40000,98,62,62,0.22556542233583934
lung,baseline,40000,98,37,37,0.2485353450166723
lung,baseline,40000,98,36,36,0.22744881335860434
lung,baseline,40000,98,94,94,0.22009462174567193
lung,baseline,40000,98,88,88,0.23451948753116406
lung,baseline,40000,98,28,28,0.4219197796945774
lung,baseline,40000,98,97,97,0.15110025675999297
lung,baseline,40000,98,96,96,0.018614278404679392
lung,baseline,40000,98,94,94,0.10551849214837242
lung,baseline,40000,98,92,92,0.16819614096251592
lung,baseline,40000,98,72,72,0.10540237534518522
lung,baseline,40000,98,95,95,0.019290547983673446
lung,baseline,40000,98,95,95,0.18434004316651625
lung,baseline,40000,98,93,93,0.17210443893177843
lung,baseline,40000,98,89,89,0.06510645814930524
lung,baseline,40000,98,97,97,0.010230119676229986
lung,baseline,40000,98,97,97,0.01659502890723063
lung,baseline,40000,98,97,97,0.0606642893510378
lung,baseline,40000,98,97,97,0.1264050938714836
lung,baseline,40000,98,97,97,0.14127917858665903
lung,baseline,40000,98,85,85,0.06462279047415898
lung,baseline,40000,98,97,97,0.25337108481345855
lung,baseline,40000,98,97,97,0.26592243802710913
lung,baseline,40000,98,92,92,0.25923659902127033
lung,baseline,40000,98,97,97,0.2407967555384685
lung,baseline,40000,98,97,97,0.2723383977597847
lung,baseline,40000,98,97,97,0.03169226670206611
lung,baseline,40000,98,97,97,0.22908750047295756
lung,baseline,40000,98,97,97,0.02073254207811403
lung,baseline,40000,98,97,97,0.006836794098468508
lung,baseline,40000,98,97,97,0.12154606966705897
lung,baseline,40000,98,93,93,0.1342279962238977
lung,baseline,40000,98,92,92,0.1862695931498564
lung,baseline,40000,98,28,28,0.3566515286465753
lung,baseline,40000,98,97,97,0.005078333783278005
lung,baseline,40000,98,97,97,0.1313716791082147
lung,baseline,40000,98,91,91,0.2385384532546981
lung,baseline,40000,98,97,97,0.12154921962203119
lung,baseline,40000,98,97,97,0.09750478720112903
lung,baseline,40000,98,97,97,0.01454572300988645
lung,baseline,40000,98,97,97,0.011294729897158146
lung,baseline,40000,98,97,97,0.03718231649008511
lung,baseline,40000,98,97,97,0.022837909598593407
lung,baseline,40000,98,97,97,0.02519129100520618
lung,baseline,40000,98,96,96,0.011751987930558103
lung,baseline,40000,98,96,96,0.029437735037119078
lung,baseline,40000,98,93,93,0.023689913054445063
lung,baseline,40000,98,92,92,0.04603426051327538
lung,baseline,40000,98,97,97,0.15771357039349407
lung,baseline,40000,98,96,96,0.14130414655496368
lung,baseline,40000,98,95,95,0.0420734704212611
lung,baseline,40000,98,92,92,0.18096296696338982
lung,baseline,40000,98,92,92,0.17569220342915068
lung,baseline,40000,98,90,90,0.18072210081500176
lung,baseline,40000,98,97,97,0.1551216627817155
lung,baseline,40000,98,97,97,0.0192842992231917
lung,baseline,40000,98,97,97,0.1329546043040043
lung,baseline,40000,98,97,97,0.049799818465402386
lung,baseline,40000,98,97,97,0.14283669598901186
lung,baseline,40000,98,96,96,0.00856616981264942
lung,baseline,40000,98,96,96,0.021939407396648503
lung,baseline,40000,98,93,93,0.12730241833060937
lung,baseline,40000,98,96,96,0.04538450628199366
lung,baseline,40000,98,93,93,0.14714470142403133
lung,baseline,40000,98,82,82,0.1803902423006349
lung,baseline,40000,98,97,97,0.005695875002470267
lung,baseline,40000,98,96,96,0.08398435677366355
lung,baseline,40000,98,95,95,0.0651162973595121
lung,baseline,40000,98,92,92,0.15844041069990977
lung,baseline,40000,98,96,96,0.010980940937400707
lung,baseline,40000,98,96,96,0.01753991757656307
lung,baseline,40000,98,96,96,0.023706965002742015
lung,baseline,40000,98,93,93,0.14224715096821527
lung,baseline,40000,98,95,95,0.2766656331946678
lung,baseline,40000,98,56,56,0.21931326082142658
lung,baseline,40000,98,97,97,0.09116957451806147
lung,baseline,40000,98,97,97,0.2875639179958027
lung,baseline,40000,98,95,95,0.17014925521551783
lung,baseline,40000,98,89,89,0.07543510592254225
lung,baseline,40000,98,94,94,0.2006490256534561
lung,baseline,40000,98,94,94,0.15206034992631862
lung,baseline,40000,98,94,94,0.21136181947833005
lung,baseline,40000,98,90,90,0.23620413462262724
lung,baseline,40000,98,90,90,0.18625413314659223
lung,baseline,40000,98,88,88,0.24630220032319536
lung,baseline,40000,98,95,95,0.10900940355051866
lung,baseline,40000,98,94,94,0.027852357038345304
lung,baseline,40000,98,94,94,0.16067551706949504
lung,baseline,40000,98,92,92,0.16711841083275403
lung,baseline,40000,98,87,87,0.07136412400920585
lung,baseline,40000,98,97,97,0.02655364605035784
lung,baseline,40000,98,93,93,0.14865610295753087
lung,baseline,40000,98,87,87,0.12063439651167497
lung,baseline,40000,98,80,80,0.11908536726013377
lung,baseline,40000,98,97,97,0.15690181147505097
lung,baseline,40000,98,95,95,0.15305170637073787
lung,baseline,40000,98,89,89,0.05691188252309751
lung,baseline,40000,98,86,86,0.06182895822644795
lung,baseline,40000,98,81,81,0.19595267523611784
lung,baseline,40000,98,79,79,0.24273020999429562
lung,baseline,40000,98,28,28,0.3499229896705767
lung,baseline,40000,98,97,97,0.018579414255931053
lung,baseline,40000,98,97,97,0.104273013904963
lung,baseline,40000,98,97,97,0.02706387951287727
lung,baseline,40000,98,97,97,0.1324323925449913
lung,baseline,40000,98,95,95,0.01863869026987329
lung,baseline,40000,98,91,91,0.04367320586183098
lung,baseline,40000,98,97,97,0.014565907943747083
lung,baseline,40000,98,97,97,0.00769745868410572
lung,baseline,40000,98,97,97,0.01020707339929062
lung,baseline,40000,98,97,97,0.11727243206487827
lung,baseline,40000,98,93,93,0.14949238723492772
lung,baseline,40000,98,97,97,0.01685425548660185
lung,baseline,40000,98,95,95,0.014160829197707956
lung,baseline,40000,98,92,92,0.16299079524137833
lung,baseline,40000,98,97,97,0.016181869300589145
lung,baseline,40000,98,97,97,0.005586128638338216
lung,baseline,40000,98,97,97,0.014861464435379652
lung,baseline,40000,98,96,96,0.05340584717768344
lung,baseline,40000,98,93,93,0.16819117594476152
lung,baseline,40000,98,92,92,0.13761937022260307
lung,baseline,40000,98,90,90,0.14160311231279496
lung,baseline,40000,98,85,85,0.05280435715991805
lung,baseline,40000,98,97,97,0.2599432873536278
lung,baseline,40000,98,97,97,0.007579008462109553
lung,baseline,40000,98,92,92,0.2862274796186783
lung,baseline,40000,98,85,85,0.18409744319992635
lung,baseline,40000,98,78,78,0.16371965228253416
lung,baseline,40000,98,62,62,0.17210123195845764
lung,baseline,40000,98,97,97,0.007750669773477574
lung,baseline,40000,98,95,95,0.14982241147109623
lung,baseline,40000,98,95,95,0.140200986309341
lung,baseline,40000,98,93,93,0.17148573788753824
lung,baseline,40000,98,77,77,0.05626422794573409
lung,baseline,40000,98,96,96,0.23622317303268328
lung,baseline,40000,98,96,96,0.20947274724298662
lung,baseline,40000,98,96,96,0.1276363394794295
lung,baseline,40000,98,96,96,0.2620709726121605
lung,baseline,40000,98,95,95,0.26329702947107253
lung,baseline,40000,98,94,94,0.17041894218924078
lung,baseline,40000,98,92,92,0.23668511205504159
lung,baseline,40000,98,96,96,0.2073931447149934
lung,baseline,40000,98,96,96,0.1424244492817789
lung,baseline,40000,98,96,96,0.19115597648844154
lung,baseline,40000,98,96,96,0.08813652770737297
lung,baseline,40000,98,95,95,0.19160368263770852
lung,baseline,40000,98,92,92,0.1909488491221811
lung,baseline,40000,98,89,89,0.2185891501519124
lung,baseline,40000,98,88,88,0.1334594595989827
lung,baseline,40000,98,93,93,0.17242879399155278
lung,baseline,40000,98,87,87,0.201736237986405
lung,baseline,40000,98,86,86,0.052069164231003474
lung,baseline,40000,98,69,69,0.16897116363506737
lung,baseline,40000,98,19,19,0.39921730671934635
lung,baseline,40000,98,97,97,0.00889142792921607
lung,baseline,40000,98,97,97,0.009311913616380214
lung,baseline,40000,98,95,95,0.029107574386747496
lung,baseline,40000,98,94,94,0.01989044150176453
lung,baseline,40000,98,92,92,0.15383634463511092
lung,baseline,40000,98,62,62,0.21825659274638903
lung,baseline,40000,98,43,43,0.3211049598318943
lung,baseline,40000,98,39,39,0.326086308688847
lung,baseline,40000,98,28,28,0.43579396355661004
lung,baseline,40000,98,97,97,0.12070338977252132
lung,baseline,40000,98,97,97,0.15834718644719692
lung,baseline,40000,98,94,94,0.10518982561073555
lung,baseline,40000,98,97,97,0.14973323706088384
lung,baseline,40000,98,95,95,0.027641033037032556
lung,baseline,40000,98,93,93,0.1727113895822503
lung,baseline,40000,98,97,97,0.13600978537956093
lung,baseline,40000,98,93,93,0.1593012624440536
lung,baseline,40000,98,91,91,0.15765883699491023
lung,baseline,40000,98,90,90,0.057588230796183346
lung,baseline,40000,98,83,83,0.17332573757689082
lung,baseline,40000,98,79,79,0.07587093652122895
lung,baseline,40000,98,77,77,0.11610497284455307
lung,baseline,40000,98,97,97,0.00809862146971385
lung,baseline,40000,98,97,97,0.024113305607909332
lung,baseline,40000,98,97,97,0.1568354126150108
lung,baseline,40000,98,97,97,0.011025693632784847
lung,baseline,40000,98,97,97,0.032135447219722495
lung,baseline,40000,98,97,97,0.0058194132006356
lung,baseline,40000,98,97,97,0.0071614418243840135
lung,baseline,40000,98,96,96,0.012156803544876875
lung,baseline,40000,98,96,96,0.008977342848684849
lung,baseline,40000,98,96,96,0.00852459343987795
lung,baseline,40000,98,96,96,0.02214589145604308
lung,baseline,40000,98,95,95,0.012542610377382744
lung,baseline,40000,98,94,94,0.015627007463491938
lung,baseline,40000,98,94,94,0.02515606559071973
lung,baseline,40000,98,94,94,0.1077001841077787
lung,baseline,40000,98,97,97,0.013258599861374567
lung,baseline,40000,98,95,95,0.02317352149671319
lung,baseline,40000,98,97,97,0.2989193821825933
lung,baseline,40000,98,97,97,0.25725376534385097
lung,baseline,40000,98,93,93,0.2820246834370108
lung,baseline,40000,98,97,97,0.11530233145818863
lung,baseline,40000,98,94,94,0.12156222639709643
lung,baseline,40000,98,93,93,0.15802312256347037
lung,baseline,40000,98,92,92,0.20553815904990042
lung,baseline,40000,98,91,91,0.18154819055064061
lung,baseline,40000,98,91,91,0.16068023807566206
lung,baseline,40000,98,91,91,0.18059860095460248
lung,baseline,40000,98,90,90,0.17907166993305132
lung,baseline,40000,98,90,90,0.15077871617032307
lung,baseline,40000,98,89,89,0.18861895786033334
lung,baseline,40000,98,79,79,0.07857809070699054
lung,baseline,40000,98,97,97,0.024016401004288295
lung,baseline,40000,98,96,96,0.15518775009064836
lung,baseline,40000,98,96,96,0.10222352601572864
lung,baseline,40000,98,96,96,0.16819903183941445
lung,baseline,40000,98,94,94,0.07027993700137354
lung,baseline,40000,98,97,97,0.1487540547039571
lung,baseline,40000,98,97,97,0.1721611496255988
lung,baseline,40000,98,93,93,0.1436513156284862
lung,baseline,40000,98,97,97,0.08314687363315151
lung,baseline,40000,98,89,89,0.0646683683537511
lung,baseline,40000,98,92,92,0.18099676045634983
lung,baseline,40000,98,79,79,0.22229190678203536
lung,baseline,40000,98,28,28,0.33766157598694024
lung,baseline,40000,98,92,92,0.30650000054811566
lung,baseline,40000,98,92,92,0.3148591002351368
lung,baseline,40000,98,92,92,0.27350351554619723
lung,baseline,40000,98,92,92,0.30878207636625526
lung,baseline,40000,98,91,91,0.3011524340521478
lung,baseline,40000,98,89,89,0.3101418444094761
lung,baseline,40000,98,83,83,0.305653573860159
lung,baseline,40000,98,74,74,0.31898876015450683
lung,baseline,40000,98,97,97,0.04741337675326356
lung,baseline,40000,98,97,97,0.07967230743552675
lung,baseline,40000,98,97,97,0.02613742271170426
lung,baseline,40000,98,96,96,0.0063169414766998016
lung,baseline,40000,98,89,89,0.04729721971216285
lung,baseline,40000,98,97,97,0.16748595306009487
lung,baseline,40000,98,97,97,0.16008712667133074
lung,baseline,40000,98,97,97,0.05183781997447291
lung,baseline,40000,98,96,96,0.024990580324691022
lung,baseline,40000,98,96,96,0.15760644956706604
lung,baseline,40000,98,96,96,0.020807809844541714
lung,baseline,40000,98,96,96,0.16039468783602986
lung,baseline,40000,98,93,93,0.1470435254352978
lung,baseline,40000,98,79,79,0.1566475443034965
lung,baseline,40000,98,97,97,0.14661248758035045
lung,baseline,40000,98,96,96,0.01038481367980494
lung,baseline,40000,98,95,95,0.02207891777691958
lung,baseline,40000,98,94,94,0.16973519742445273
lung,baseline,40000,98,87,87,0.06170862388821508
lung,baseline,40000,98,97,97,0.024129695533085048
lung,baseline,40000,98,97,97,0.007400736314289456
lung,baseline,40000,98,92,92,0.1583003884757042
lung,baseline,40000,98,97,97,0.2542939308604085
lung,baseline,40000,98,92,92,0.27256666687213693
lung,baseline,40000,98,78,78,0.21748517481096513
lung,baseline,40000,98,77,77,0.22115761000568304
lung,baseline,40000,98,97,97,0.008232475933399774
lung,baseline,40000,98,97,97,0.13603119148661175
lung,baseline,40000,98,97,97,0.024442286878066922
lung,baseline,40000,98,93,93,0.17342007654264122
lung,baseline,40000,98,89,89,0.04506280894959889
lung,baseline,40000,98,90,90,0.1810388720153923
lung,baseline,40000,98,87,87,0.08748440386729751
lung,baseline,40000,98,86,86,0.2520396423935553
lung,baseline,40000,98,81,81,0.25588098491162536
lung,baseline,40000,98,88,88,0.25263660488638223
lung,baseline,40000,98,87,87,0.2424252682251118
lung,baseline,40000,98,79,79,0.2798722985539234
lung,baseline,40000,98,56,56,0.2205001366992783
lung,baseline,40000,98,43,43,0.30489352122134367
lung,baseline,40000,98,39,39,0.2909459702411499
lung,baseline,40000,98,28,28,0.40520840870903563
lung,baseline,40000,98,14,14,0.3196632191963356
lung,baseline,40000,98,92,92,0.07020899438456672
lung,baseline,40000,98,20,20,0.5499131866885825
lung,baseline,40000,98,97,97,0.08165396960984386
lung,baseline,40000,98,97,97,0.011714990730088738
lung,baseline,40000,98,96,96,0.06159286467040731
lung,baseline,40000,98,95,95,0.017622745381459012
lung,baseline,40000,98,95,95,0.014721580234655158
lung,baseline,40000,98,92,92,0.021509206642221536
lung,baseline,40000,98,93,93,0.2580890590857259
lung,baseline,40000,98,90,90,0.2655312109313527
lung,baseline,40000,98,88,88,0.30326593590897155
lung,baseline,40000,98,87,87,0.08828702624200242
lung,baseline,40000,98,87,87,0.28322576675756267
lung,baseline,40000,98,83,83,0.2820974802187427
lung,baseline,40000,98,95,95,0.16121302380572394
lung,baseline,40000,98,94,94,0.20886676705391322
lung,baseline,40000,98,92,92,0.21395662449118527
lung,baseline,40000,98,88,88,0.2655557282358953
lung,baseline,40000,98,79,79,0.29070252312900885
lung,baseline,40000,98,97,97,0.2570467862355923
lung,baseline,40000,98,95,95,0.028688061005428638
lung,baseline,40000,98,93,93,0.23869818960601014
lung,baseline,40000,98,97,97,0.2591688253130718
lung,baseline,40000,98,97,97,0.06669419798684176
lung,baseline,40000,98,97,97,0.0795904820837456
lung,baseline,40000,98,96,96,0.03245461838184914
lung,baseline,40000,98,97,97,0.256413991327932
lung,baseline,40000,98,97,97,0.006154244367766825
lung,baseline,40000,98,92,92,0.2876789400762645
lung,baseline,40000,98,97,97,0.008661557721652793
lung,baseline,40000,98,95,95,0.06682054867054356
lung,baseline,40000,98,87,87,0.15162780247497193
lung,baseline,40000,98,97,97,0.13214518651489335
lung,baseline,40000,98,97,97,0.017972619393500484
lung,baseline,40000,98,97,97,0.14257445225812304
lung,baseline,40000,98,96,96,0.020353934987474894
lung,baseline,40000,98,94,94,0.03958627856345849
lung,baseline,40000,98,87,87,0.04215964560868544
lung,baseline,40000,98,75,75,0.20773355305209795
lung,baseline,40000,98,97,97,0.011224303766030326
lung,baseline,40000,98,96,96,0.13540210912296644
lung,baseline,40000,98,92,92,0.17844572625651162
lung,baseline,40000,98,97,97,0.24311350478792837
lung,baseline,40000,98,97,97,0.200717492734407
lung,baseline,40000,98,97,97,0.23907250896070092
lung,baseline,40000,98,96,96,0.006626193465468614
lung,baseline,40000,98,97,97,0.24476748894686057
lung,baseline,40000,98,97,97,0.026608742815805674
lung,baseline,40000,98,97,97,0.14921630529298852
lung,baseline,40000,98,96,96,0.2091813752698394
lung,baseline,40000,98,93,93,0.2740873633555599
lung,baseline,40000,98,93,93,0.16484296535884393
lung,baseline,40000,98,97,97,0.017379480345903874
lung,baseline,40000,98,97,97,0.2750264743946616
lung,baseline,40000,98,95,95,0.26218420900632794
lung,baseline,40000,98,93,93,0.2856907563725063
lung,baseline,40000,98,97,97,0.15721830375716955
lung,baseline,40000,98,97,97,0.0971748399815019
lung,baseline,40000,98,97,97,0.019923191960396734
lung,baseline,40000,98,95,95,0.02496329272286995
lung,baseline,40000,98,95,95,0.01787548133577758
lung,baseline,40000,98,94,94,0.017339452562489886
lung,baseline,40000,98,94,94,0.029577244210793312
lung,baseline,40000,98,94,94,0.016686230212167582
lung,baseline,40000,98,93,93,0.03978050381548332
lung,baseline,40000,98,97,97,0.032830488940058404
lung,baseline,40000,98,96,96,0.1426261104775024
lung,baseline,40000,98,93,93,0.15036876668479318
lung,baseline,40000,98,97,97,0.025839476423566782
lung,baseline,40000,98,96,96,0.06613577393406318
lung,baseline,40000,98,94,94,0.08868171536873284
lung,baseline,40000,98,94,94,0.023586578392840552
lung,baseline,40000,98,92,92,0.1750052222067518
lung,baseline,40000,98,90,90,0.1083292243152317
lung,baseline,40000,98,87,87,0.09507348247395309
lung,baseline,40000,98,92,92,0.1343944052556979
lung,baseline,40000,98,92,92,0.16109667368629604
lung,baseline,40000,98,92,92,0.1393032901342016
lung,baseline,40000,98,89,89,0.14310919620590082
lung,baseline,40000,98,83,83,0.14570329849957603
lung,baseline,40000,98,74,74,0.1640958828481824
lung,baseline,40000,98,43,43,0.2375894225200644
lung,baseline,40000,98,39,39,0.24289320785225607
lung,baseline,40000,98,96,96,0.008253012989779583
lung,baseline,40000,98,96,96,0.019018822367166188
lung,baseline,40000,98,96,96,0.018900804514501355
lung,baseline,40000,98,96,96,0.19705867926237722
lung,baseline,40000,98,96,96,0.07277987893904742
lung,baseline,40000,98,92,92,0.14875102472342708
lung,baseline,40000,98,91,91,0.19177477559198977
lung,baseline,40000,98,84,84,0.16962804046186641
lung,baseline,40000,98,80,80,0.20367368233232783
lung,baseline,40000,98,97,97,0.010905723323686767
lung,baseline,40000,98,93,93,0.19250097967285862
lung,baseline,40000,98,90,90,0.13439603742186615
lung,baseline,40000,98,88,88,0.033951311231969754
lung,baseline,40000,98,40,40,0.290392234597373
lung,baseline,40000,98,39,39,0.3256517156016216
lung,baseline,40000,98,37,37,0.27774928594169457
lung,baseline,40000,98,36,36,0.27324808412041335
lung,baseline,40000,98,28,28,0.3779898883006503
lung,baseline,40000,98,97,97,0.12070446344299532
lung,baseline,40000,98,96,96,0.009894635312527236
lung,baseline,40000,98,93,93,0.14992039942198315
lung,baseline,40000,98,97,97,0.08342017921417227
lung,baseline,40000,98,97,97,0.003747732566113139
lung,baseline,40000,98,97,97,0.006843162782340551
lung,baseline,40000,98,97,97,0.19785943353568822
lung,baseline,40000,98,97,97,0.15256938016002655
lung,baseline,40000,98,89,89,0.16369721124928435
lung,baseline,40000,98,87,87,0.1812981607550418
lung,baseline,40000,98,88,88,0.15992835948178177
lung,baseline,40000,98,85,85,0.09395168467625868
lung,baseline,40000,98,78,78,0.06569583934764563
lung,baseline,40000,98,75,75,0.17660208222573057
lung,baseline,40000,98,97,97,0.15423103561970786
lung,baseline,40000,98,97,97,0.025088239368371998
lung,baseline,40000,98,96,96,0.10461009170540729
lung,baseline,40000,98,96,96,0.03512105383031298
lung,baseline,40000,98,94,94,0.07013508939471243
lung,baseline,40000,98,92,92,0.17569944739083265
lung,baseline,40000,98,96,96,0.2084219822983573
lung,baseline,40000,98,96,96,0.2062497676043257
lung,baseline,40000,98,96,96,0.07500968223763513
lung,baseline,40000,98,96,96,0.12886429865382273
lung,baseline,40000,98,95,95,0.2330354288547217
lung,baseline,40000,98,95,95,0.22214512087877059
lung,baseline,40000,98,92,92,0.23222127901307402
lung,baseline,40000,98,92,92,0.22403123559823032
lung,baseline,40000,98,92,92,0.277727599153555
lung,baseline,40000,98,91,91,0.25230420507643564
lung,baseline,40000,98,91,91,0.23284850243320493
lung,baseline,40000,98,91,91,0.23990464319658628
lung,baseline,40000,98,95,95,0.2957044222950198
lung,baseline,40000,98,92,92,0.30004646486189485
lung,baseline,40000,98,91,91,0.26276123450404804
lung,baseline,40000,98,88,88,0.27365333301300354
lung,baseline,40000,98,56,56,0.18580614550778565
lung,baseline,40000,98,97,97,0.016340017244763305
lung,baseline,40000,98,97,97,0.02837696805064375
lung,baseline,40000,98,97,97,0.13305645580685355
lung,baseline,40000,98,97,97,0.0048278225524663616
lung,baseline,40000,98,97,97,0.1349980107524225
lung,baseline,40000,98,96,96,0.009012303131912083
lung,baseline,40000,98,92,92,0.19607781488745815
lung,baseline,40000,98,79,79,0.24555119196593111
lung,baseline,40000,98,28,28,0.33883304303991435
lung,baseline,40000,98,97,97,0.03688987850080609
lung,baseline,40000,98,93,93,0.1551641258079201
lung,baseline,40000,98,90,90,0.1326037521253453
lung,baseline,40000,98,82,82,0.15431973603924404
lung,baseline,40000,98,97,97,0.005627379053120636
lung,baseline,40000,98,97,97,0.025823942417098154
lung,baseline,40000,98,92,92,0.17440347259444502
lung,baseline,40000,98,89,89,0.06238108395938257
lung,baseline,40000,98,87,87,0.0912044709354218
lung,baseline,40000,98,80,80,0.08864024477399544
lung,baseline,40000,98,97,97,0.13531659267687554
lung,baseline,40000,98,97,97,0.1614118019568889
lung,baseline,40000,98,97,97,0.035754520638634144
lung,baseline,40000,98,79,79,0.07942358775507631
lung,baseline,40000,98,92,92,0.16506808257512434
lung,baseline,40000,98,89,89,0.20846904557548893
lung,baseline,40000,98,89,89,0.2207136751313108
lung,baseline,40000,98,87,87,0.20846217768133488
lung,baseline,40000,98,87,87,0.07438676426642842
lung,baseline,40000,98,75,75,0.2371567237671269
lung,baseline,40000,98,97,97,0.27089062343577064
lung,baseline,40000,98,95,95,0.2361689485805513
lung,baseline,40000,98,92,92,0.23716474880425514
lung,baseline,40000,98,91,91,0.2620239985266461
lung,baseline,40000,98,91,91,0.260450795312975
lung,baseline,40000,98,90,90,0.27429997017335545
lung,baseline,40000,98,97,97,0.1337838654863563
lung,baseline,40000,98,97,97,0.10477279643893157
lung,baseline,40000,98,97,97,0.008754150958040096
lung,baseline,40000,98,97,97,0.007687667810222057
lung,baseline,40000,98,97,97,0.01007773593251852
lung,baseline,40000,98,96,96,0.008330268425130941
lung,baseline,40000,98,97,97,0.15535702634663023
lung,baseline,40000,98,97,97,0.0057804319701831265
lung,baseline,40000,98,94,94,0.1279680190510438
lung,baseline,40000,98,94,94,0.023038419045027264
lung,baseline,40000,98,93,93,0.16809249335508783
lung,baseline,40000,98,87,87,0.1077151159198712
lung,baseline,40000,98,92,92,0.17815678805404775
lung,baseline,40000,98,79,79,0.22100214854669692
lung,baseline,40000,98,68,68,0.13158274643430234
lung,baseline,40000,98,43,43,0.28637883164875616
lung,baseline,40000,98,39,39,0.26823337415936155
lung,baseline,40000,98,28,28,0.3370535519450157
lung,baseline,40000,98,19,19,0.40155981673711216
lung,baseline,40000,98,28,28,0.31196156675942693
lung,baseline,40000,98,97,97,0.04977219721046026
lung,baseline,40000,98,97,97,0.17457224011138817
lung,baseline,40000,98,97,97,0.010534507773625024
lung,baseline,40000,98,96,96,0.15569014234338066
lung,baseline,40000,98,93,93,0.14799278588971512
lung,baseline,40000,98,92,92,0.24241273281821005
lung,baseline,40000,98,92,92,0.20371946081939374
lung,baseline,40000,98,97,97,0.012362057303779412
lung,baseline,40000,98,97,97,0.014768774438524446
lung,baseline,40000,98,97,97,0.1407373253349471
lung,baseline,40000,98,97,97,0.1337032304531031
lung,baseline,40000,98,96,96,0.021570047957937436
lung,baseline,40000,98,95,95,0.009482661177467863
lung,baseline,40000,98,86,86,0.06156143494644691
lung,baseline,40000,98,97,97,0.01703874551119573
lung,baseline,40000,98,93,93,0.17258752900849986
lung,baseline,40000,98,90,90,0.1317663637392771
lung,baseline,40000,98,97,97,0.007053807437298918
lung,baseline,40000,98,93,93,0.12820359790420915
lung,baseline,40000,98,91,91,0.1897119473150592
lung,baseline,40000,98,89,89,0.11673799896790905
lung,baseline,40000,98,88,88,0.1703971276045213
lung,baseline,40000,98,88,88,0.18072393365411216
lung,baseline,40000,98,83,83,0.20127895683043892
lung,baseline,40000,98,95,95,0.12771790488621856
lung,baseline,40000,98,94,94,0.12797062741110046
lung,baseline,40000,98,93,93,0.1468392971311198
lung,baseline,40000,98,92,92,0.03503685961241758
lung,baseline,40000,98,89,89,0.046322744729850145
lung,baseline,40000,98,97,97,0.040667470346710755
lung,baseline,40000,98,97,97,0.015478702184363365
lung,baseline,40000,98,97,97,0.16132827133548638
lung,baseline,40000,98,96,96,0.016458713684648022
lung,baseline,40000,98,95,95,0.13459912555147457
lung,baseline,40000,98,93,93,0.17458607015675684
lung,baseline,40000,98,94,94,0.0185390069028903
lung,baseline,40000,98,93,93,0.13620067981915454
lung,baseline,40000,98,90,90,0.13801234621242217
lung,baseline,40000,98,90,90,0.19193149038807628
lung,baseline,40000,98,89,89,0.04437034086586105
lung,baseline,40000,98,84,84,0.20069274186927077
lung,baseline,40000,98,83,83,0.17976192619298587
lung,baseline,40000,98,69,69,0.1889497523111534
lung,baseline,40000,98,68,68,0.16891619597262186
lung,baseline,40000,98,97,97,0.155024952292393
lung,baseline,40000,98,97,97,0.10621987091634734
lung,baseline,40000,98,93,93,0.03683689588581149
lung,baseline,40000,98,72,72,0.10522001129295659
lung,baseline,40000,98,97,97,0.23427756145543896
lung,baseline,40000,98,97,97,0.27803881172984246
lung,baseline,40000,98,92,92,0.26583502632447625
lung,baseline,40000,98,97,97,0.08393011273521067
lung,baseline,40000,98,97,97,0.008884692880727735
lung,baseline,40000,98,93,93,0.022038991345784725
lung,baseline,40000,98,97,97,0.043466101094751255
lung,baseline,40000,98,97,97,0.009944305795468787
lung,baseline,40000,98,97,97,0.008956566655003058
lung,baseline,40000,98,93,93,0.17255079043665744
lung,baseline,40000,98,92,92,0.14542079821094853
lung,baseline,40000,98,90,90,0.1562517548562382
lung,baseline,40000,98,97,97,0.12632118927235425
lung,baseline,40000,98,97,97,0.13786659356825964
lung,baseline,40000,98,97,97,0.1966721668322881
lung,baseline,40000,98,97,97,0.03850898114940995
lung,baseline,40000,98,97,97,0.15515896981623561
lung,baseline,40000,98,97,97,0.03571995227891085
lung,baseline,40000,98,95,95,0.11459480186809488
lung,baseline,40000,98,95,95,0.07373396810234681
lung,baseline,40000,98,94,94,0.030870839407501686
lung,baseline,40000,98,94,94,0.07436430987248947
lung,baseline,40000,98,94,94,0.07398227499631906
lung,baseline,40000,98,92,92,0.17385558144806254
lung,baseline,40000,98,88,88,0.05346476425625673
lung,baseline,40000,98,97,97,0.1813197784876693
lung,baseline,40000,98,97,97,0.12976447455604198
lung,baseline,40000,98,92,92,0.19345898534155245
lung,baseline,40000,98,90,90,0.13293618802098459
lung,baseline,40000,98,88,88,0.12832505761143767
lung,baseline,40000,98,95,95,0.08211401119389562
lung,baseline,40000,98,92,92,0.12698632226147027
lung,baseline,40000,98,92,92,0.24201663712857405
lung,baseline,40000,98,92,92,0.24402560752938157
lung,baseline,40000,98,91,91,0.2743470138371777
lung,baseline,40000,98,91,91,0.1810760938932718
lung,baseline,40000,98,89,89,0.18468192813006093
lung,baseline,40000,98,88,88,0.23461176358739497
lung,baseline,40000,98,87,87,0.17861704187953958
lung,baseline,40000,98,96,96,0.2387862828204268
lung,baseline,40000,98,96,96,0.2259878858157113
lung,baseline,40000,98,95,95,0.23321973470780413
lung,baseline,40000,98,93,93,0.219652636032875
lung,baseline,40000,98,92,92,0.24186099410490416
lung,baseline,40000,98,90,90,0.21851390884828467
lung,baseline,40000,98,89,89,0.23203743149994682
lung,baseline,40000,98,79,79,0.23281689183538362
lung,baseline,40000,98,97,97,0.18786715442341406
lung,baseline,40000,98,96,96,0.005590832770876401
lung,baseline,40000,98,93,93,0.17831997001697375
lung,baseline,40000,98,97,97,0.1331393587209593
lung,baseline,40000,98,95,95,0.0266819914847212
lung,baseline,40000,98,91,91,0.1836949249434477
lung,baseline,40000,98,91,91,0.18156617822685245
lung,baseline,40000,98,89,89,0.1294051218899523
lung,baseline,40000,98,95,95,0.13636072427844226
lung,baseline,40000,98,87,87,0.06676339306672785
lung,baseline,40000,98,86,86,0.17000792916109833
lung,baseline,40000,98,86,86,0.179579028740707
lung,baseline,40000,98,77,77,0.055287482915146076
lung,baseline,40000,98,97,97,0.19513726441097803
lung,baseline,40000,98,97,97,0.12191150808401177
lung,baseline,40000,98,96,96,0.08183893293626804
lung,baseline,40000,98,95,95,0.045862980902261215
lung,baseline,40000,98,92,92,0.18358866845388386
lung,baseline,40000,98,97,97,0.1719039043249103
lung,baseline,40000,98,97,97,0.019122030665933418
lung,baseline,40000,98,96,96,0.0205569713585537
lung,baseline,40000,98,96,96,0.16212964475362715
lung,baseline,40000,98,93,93,0.2065539719317757
lung,baseline,40000,98,97,97,0.029740831677002474
lung,baseline,40000,98,97,97,0.014182514765445743
lung,baseline,40000,98,97,97,0.005965296200168971
lung,baseline,40000,98,97,97,0.01448002785765098
lung,baseline,40000,98,97,97,0.0100823297482769
lung,baseline,40000,98,97,97,0.12276787647944841
lung,baseline,40000,98,97,97,0.017365063121759984
lung,baseline,40000,98,97,97,0.005319042835577863
lung,baseline,40000,98,97,97,0.017449724923609466
lung,baseline,40000,98,97,97,0.010371740629401887
lung,baseline,40000,98,97,97,0.006954851052087821
lung,baseline,40000,98,97,97,0.022910957372918574
lung,baseline,40000,98,97,97,0.03392256575236617
lung,baseline,40000,98,97,97,0.009090020225557351
lung,baseline,40000,98,97,97,0.012969166768293534
lung,baseline,40000,98,96,96,0.010537867177875351
lung,baseline,40000,98,96,96,0.0070361893626157525
lung,baseline,40000,98,96,96,0.007556544696917525
lung,baseline,40000,98,95,95,0.028229962626569106
lung,baseline,40000,98,95,95,0.01590471740368596
lung,baseline,40000,98,94,94,0.02652737031772259
lung,baseline,40000,98,94,94,0.10139453848721813
lung,baseline,40000,98,97,97,0.014664257061948908
lung,baseline,40000,98,95,95,0.0928009380776436
lung,baseline,40000,98,94,94,0.019684972386646862
lung,baseline,40000,98,93,93,0.019842646755320385
lung,baseline,40000,98,92,92,0.1581633511770073
lung,baseline,40000,98,88,88,0.0945994219180431
lung,baseline,40000,98,97,97,0.09787480072250748
lung,baseline,40000,98,96,96,0.050079578986472105
lung,baseline,40000,98,95,95,0.2645925747310248
lung,baseline,40000,98,94,94,0.3055597588988866
lung,baseline,40000,98,93,93,0.2833507623452085
lung,baseline,40000,98,92,92,0.2956165919991034
lung,baseline,40000,98,56,56,0.18258812283781328
lung,baseline,40000,98,56,56,0.276803487344648
lung,baseline,40000,98,43,43,0.3233903622980855
lung,baseline,40000,98,39,39,0.30478129985142893
lung,baseline,40000,98,28,28,0.3329315155650908
lung,baseline,40000,98,87,87,0.2470801620498805
lung,baseline,40000,98,87,87,0.21798802477380413
lung,baseline,40000,98,84,84,0.23677794951134343
lung,baseline,40000,98,72,72,0.16801828417837228
lung,baseline,40000,98,43,43,0.3133265014985849
lung,baseline,40000,98,95,95,0.02608525725607125
lung,baseline,40000,98,94,94,0.03924105216357052
lung,baseline,40000,98,92,92,0.18937783091641427
lung,baseline,40000,98,92,92,0.14661852646482848
lung,baseline,40000,98,92,92,0.142393016879389
lung,baseline,40000,98,91,91,0.14476908904951039
lung,baseline,40000,98,91,91,0.1376455081603476
lung,baseline,40000,98,86,86,0.03494316073918535
lung,baseline,40000,98,97,97,0.15701379142765431
lung,baseline,40000,98,93,93,0.17988443629227485
lung,baseline,40000,98,90,90,0.14405876848788732
lung,baseline,40000,98,89,89,0.05403724858712488
lung,baseline,40000,98,86,86,0.05527972635874383
lung,baseline,40000,98,97,97,0.00905980112025307
lung,baseline,40000,98,95,95,0.08787972472489723
lung,baseline,40000,98,92,92,0.16500248471493123
lung,baseline,40000,98,97,97,0.008238374705104499
lung,baseline,40000,98,96,96,0.03906925735260018
lung,baseline,40000,98,96,96,0.014945254371564581
lung,baseline,40000,98,91,91,0.17325551276661025
lung,baseline,40000,98,90,90,0.1571625092050285
lung,baseline,40000,98,97,97,0.007108445858392209
lung,baseline,40000,98,97,97,0.008692058477158779
lung,baseline,40000,98,97,97,0.010911268670978037
lung,baseline,40000,98,93,93,0.17207166382459663
lung,baseline,40000,98,97,97,0.13272210625364952
lung,baseline,40000,98,95,95,0.040945540059732916
lung,baseline,40000,98,91,91,0.2598479512440975
lung,baseline,40000,98,91,91,0.19183111498900401
lung,baseline,40000,98,91,91,0.19012395517388822
lung,baseline,40000,98,87,87,0.19312091605877707
lung,baseline,40000,98,91,91,0.17411977236010903
lung,baseline,40000,98,85,85,0.0872405624367404
lung,baseline,40000,98,78,78,0.061037827783374396
lung,baseline,40000,98,97,97,0.07703273113974454
lung,baseline,40000,98,94,94,0.22586294296801837
lung,baseline,40000,98,93,93,0.26887394251460406
lung,baseline,40000,98,90,90,0.26280397533415983
lung,baseline,40000,98,88,88,0.17454317790300722
lung,baseline,40000,98,56,56,0.2089680333975729
lung,baseline,40000,98,40,40,0.2173877677688018
lung,baseline,40000,98,39,39,0.25812294217561316
lung,baseline,40000,98,28,28,0.302958030069655
lung,baseline,40000,98,72,72,0.0992074044329959
lung,baseline,40000,98,43,43,0.28039012447906786
lung,baseline,40000,98,39,39,0.2793656966720518
lung,baseline,40000,98,97,97,0.008963750661382585
lung,baseline,40000,98,97,97,0.012977527276661963
lung,baseline,40000,98,96,96,0.13241844615464202
lung,baseline,40000,98,96,96,0.18301386562132685
lung,baseline,40000,98,92,92,0.17060617440833248
lung,baseline,40000,98,97,97,0.2452313323435601
lung,baseline,40000,98,97,97,0.28829835079408495
lung,baseline,40000,98,95,95,0.02452565126299865
lung,baseline,40000,98,95,95,0.03656088229556209
lung,baseline,40000,98,97,97,0.05114373070781448
lung,baseline,40000,98,97,97,0.19149407531091284
lung,baseline,40000,98,95,95,0.1650176208724664
lung,baseline,40000,98,93,93,0.21760535334809006
lung,baseline,40000,98,19,19,0.4949320628746582
lung,baseline,40000,98,79,79,0.21354401198637082
lung,baseline,40000,98,28,28,0.32349635630707496
lung,baseline,40000,98,97,97,0.16688363063178552
lung,baseline,40000,98,96,96,0.004766706508418282
lung,baseline,40000,98,94,94,0.167672189102154
lung,baseline,40000,98,92,92,0.2530169646398367
lung,baseline,40000,98,96,96,0.19403231953553615
lung,baseline,40000,98,96,96,0.02946776618285817
lung,baseline,40000,98,94,94,0.14530618256022831
lung,baseline,40000,98,89,89,0.23812368998889671
lung,baseline,40000,98,84,84,0.22717307738918158
lung,baseline,40000,98,97,97,0.14793626791394696
lung,baseline,40000,98,95,95,0.010362894309841983
lung,baseline,40000,98,94,94,0.09834601581433869
lung,baseline,40000,98,90,90,0.11619404873360442
lung,baseline,40000,98,82,82,0.05257882097178576
lung,baseline,40000,98,87,87,0.18105516419314957
lung,baseline,40000,98,84,84,0.22308207420919146
lung,baseline,40000,98,28,28,0.3668435337693873
lung,baseline,40000,98,97,97,0.25357802471931673
lung,baseline,40000,98,84,84,0.16899097840003877
lung,baseline,40000,98,83,83,0.1765940341665258
lung,baseline,40000,98,19,19,0.4929798286459607
lung,baseline,40000,98,97,97,0.018088279524069637
lung,baseline,40000,98,96,96,0.06688608914835852
lung,baseline,40000,98,95,95,0.09027492830995788
lung,baseline,40000,98,89,89,0.16400576473473497
lung,baseline,40000,98,88,88,0.15545173733652315
lung,baseline,40000,98,93,93,0.14604502837452282
lung,baseline,40000,98,88,88,0.18019366782902116
lung,baseline,40000,98,87,87,0.19955338046830207
lung,baseline,40000,98,85,85,0.04618864768597622
lung,baseline,40000,98,97,97,0.006623090351601368
lung,baseline,40000,98,97,97,0.0978067702173259
lung,baseline,40000,98,96,96,0.15576110503108517
lung,baseline,40000,98,97,97,0.1612498542979256
lung,baseline,40000,98,97,97,0.017421060518673728
lung,baseline,40000,98,97,97,0.162304962820192
lung,baseline,40000,98,97,97,0.17097889973452554
lung,baseline,40000,98,96,96,0.014546013163094533
lung,baseline,40000,98,97,97,0.22348293148565324
lung,baseline,40000,98,96,96,0.01526776544380896
lung,baseline,40000,98,92,92,0.29112163239556554
lung,baseline,40000,98,91,91,0.24744582569049914
lung,baseline,40000,98,78,78,0.2368118652216959
lung,baseline,40000,98,97,97,0.2502752013811871
lung,baseline,40000,98,97,97,0.2590924157767257
lung,baseline,40000,98,90,90,0.013918690376127077
lung,baseline,40000,98,85,85,0.23621785239292442
lung,baseline,40000,98,97,97,0.006084010316817738
lung,baseline,40000,98,97,97,0.10234661261971399
lung,baseline,40000,98,95,95,0.0225151128830084
lung,baseline,40000,98,94,94,0.14255942304893382
lung,baseline,40000,98,94,94,0.02416098567782831
lung,baseline,40000,98,97,97,0.020073054242457124
lung,baseline,40000,98,97,97,0.13417117593167954
lung,baseline,40000,98,95,95,0.013808657366186302
lung,baseline,40000,98,94,94,0.10552063915389406
lung,baseline,40000,98,92,92,0.18669239234944318
lung,baseline,40000,98,97,97,0.2572576661600353
lung,baseline,40000,98,93,93,0.2710796697301719
lung,baseline,40000,98,96,96,0.2732834979012752
lung,baseline,40000,98,96,96,0.266319036991683
lung,baseline,40000,98,96,96,0.2708348649026302
lung,baseline,40000,98,96,96,0.26863520197635304
lung,baseline,40000,98,95,95,0.26576477001420606
lung,baseline,40000,98,95,95,0.26934106927793844
lung,baseline,40000,98,93,93,0.2463551200229176
lung,baseline,40000,98,97,97,0.011122712126578163
lung,baseline,40000,98,97,97,0.02535009434334861
lung,baseline,40000,98,97,97,0.08719239935823776
lung,baseline,40000,98,95,95,0.06983544182352065
lung,baseline,40000,98,93,93,0.14782551217357587
lung,baseline,40000,98,68,68,0.08456214946307232
lung,baseline,40000,98,43,43,0.23359606181245138
lung,baseline,40000,98,39,39,0.22401292431783362
lung,baseline,40000,98,97,97,0.12745839200876907
lung,baseline,40000,98,97,97,0.04551172141381472
lung,baseline,40000,98,97,97,0.020558773346715704
lung,baseline,40000,98,97,97,0.028942382048105703
lung,baseline,40000,98,97,97,0.011649337957954092
lung,baseline,40000,98,97,97,0.011330420250759725
lung,baseline,40000,98,97,97,0.13170821658020174
lung,baseline,40000,98,95,95,0.012211476441234883
lung,baseline,40000,98,92,92,0.02737973222765488
lung,baseline,40000,98,97,97,0.005553502367603573
lung,baseline,40000,98,97,97,0.15686328467138388
lung,baseline,40000,98,94,94,0.11633398931825435
lung,baseline,40000,98,94,94,0.10451317328245252
lung,baseline,40000,98,94,94,0.022387793779158716
lung,baseline,40000,98,97,97,0.008119577529667776
lung,baseline,40000,98,93,93,0.14382634483826257
lung,baseline,40000,98,76,76,0.07907777812127997
lung,baseline,40000,98,97,97,0.019971524799231765
lung,baseline,40000,98,96,96,0.013395090773330225
lung,baseline,40000,98,93,93,0.13949787726209592
lung,baseline,40000,98,97,97,0.1332547946456398
lung,baseline,40000,98,97,97,0.13871564343054438
lung,baseline,40000,98,97,97,0.01115485935525686
lung,baseline,40000,98,97,97,0.02838697012351738
lung,baseline,40000,98,88,88,0.23856670568851757
lung,baseline,40000,98,28,28,0.4160163330330376
lung,baseline,40000,98,97,97,0.1344459031652902
lung,baseline,40000,98,97,97,0.15386352590481656
lung,baseline,40000,98,97,97,0.009331624794173935
lung,baseline,40000,98,96,96,0.03786937148001637
lung,baseline,40000,98,96,96,0.0717905318345925
lung,baseline,40000,98,94,94,0.023866042382172548
lung,baseline,40000,98,75,75,0.23486651314684573
lung,baseline,40000,98,72,72,0.10830910454681925
lung,baseline,40000,98,40,40,0.23491853985122851
lung,baseline,40000,98,39,39,0.2809774140629344
lung,baseline,40000,98,97,97,0.02288377856688973
lung,baseline,40000,98,92,92,0.1706973440392132
lung,baseline,40000,98,92,92,0.3039940572737131
lung,baseline,40000,98,87,87,0.26644812079565583
lung,baseline,40000,98,85,85,0.24823933145549149
lung,baseline,40000,98,56,56,0.18108845520172473
lung,baseline,40000,98,40,40,0.2748524400016581
lung,baseline,40000,98,39,39,0.3126066350213523
lung,baseline,40000,98,97,97,0.046095371112286905
lung,baseline,40000,98,97,97,0.09802238046793298
lung,baseline,40000,98,97,97,0.011191615193498022
lung,baseline,40000,98,97,97,0.016957062884210318
lung,baseline,40000,98,97,97,0.012189882969380006
lung,baseline,40000,98,97,97,0.018290539113793285
lung,baseline,40000,98,97,97,0.005651740705276539
lung,baseline,40000,98,97,97,0.020272921259449316
lung,baseline,40000,98,97,97,0.01983104401927302
lung,baseline,40000,98,97,97,0.010303055657267225
lung,baseline,40000,98,97,97,0.01640788126064927
lung,baseline,40000,98,97,97,0.007242931710314999
lung,baseline,40000,98,97,97,0.01274309758460934
lung,baseline,40000,98,97,97,0.009694532774562644
lung,baseline,40000,98,97,97,0.026969539841267574
lung,baseline,40000,98,97,97,0.0530750308555838
lung,baseline,40000,98,97,97,0.019405816389316485
lung,baseline,40000,98,97,97,0.024839043127423337
lung,baseline,40000,98,97,97,0.028333216349707434
lung,baseline,40000,98,97,97,0.03036781733056061
lung,baseline,40000,98,96,96,0.0075896478227669975
lung,baseline,40000,98,95,95,0.012060098634285475
lung,baseline,40000,98,95,95,0.025628837010375757
lung,baseline,40000,98,95,95,0.023755408376413004
lung,baseline,40000,98,95,95,0.014796536701484694
lung,baseline,40000,98,95,95,0.024283917638142864
lung,baseline,40000,98,91,91,0.030681055008782265
lung,baseline,40000,98,97,97,0.134651588428571
lung,baseline,40000,98,97,97,0.006340890108646018
lung,baseline,40000,98,97,97,0.013115412874610495
lung,baseline,40000,98,92,92,0.17362780125736596
lung,baseline,40000,99,94,94,0.11014863899594875
lung,baseline,40000,99,90,90,0.11966140300060499
lung,baseline,40000,99,89,89,0.20258245109005593
lung,baseline,40000,99,89,89,0.21459484367613524
lung,baseline,40000,99,79,79,0.20713875982215138
lung,baseline,40000,99,28,28,0.32567188208330505
lung,baseline,40000,99,95,95,0.07392208144309484
lung,baseline,40000,99,94,94,0.1685212512021877
lung,baseline,40000,99,93,93,0.19248230831603072
lung,baseline,40000,99,68,68,0.21507929947010943
lung,baseline,40000,99,98,98,0.15527809927311853
lung,baseline,40000,99,98,98,0.021853373128101487
lung,baseline,40000,99,98,98,0.002874419138575675
lung,baseline,40000,99,98,98,0.010143740559044602
lung,baseline,40000,99,96,96,0.11670968056710702
lung,baseline,40000,99,93,93,0.17534264735186306
lung,baseline,40000,99,97,97,0.2539787915462745
lung,baseline,40000,99,97,97,0.2642304360352837
lung,baseline,40000,99,97,97,0.2624516747351845
lung,baseline,40000,99,95,95,0.26088087664163706
lung,baseline,40000,99,94,94,0.24743536695729337
lung,baseline,40000,99,90,90,0.2919196152546667
lung,baseline,40000,99,98,98,0.021272394079837255
lung,baseline,40000,99,97,97,0.05501547482125343
lung,baseline,40000,99,95,95,0.13088607436079358
lung,baseline,40000,99,94,94,0.13983483660532406
lung,baseline,40000,99,98,98,0.12634805588489842
lung,baseline,40000,99,98,98,0.16406341415535203
lung,baseline,40000,99,97,97,0.20764088433659822
lung,baseline,40000,99,97,97,0.22372901790550423
lung,baseline,40000,99,97,97,0.20976669546581628
lung,baseline,40000,99,96,96,0.2129188697422816
lung,baseline,40000,99,96,96,0.0746562189803532
lung,baseline,40000,99,95,95,0.14100382457601118
lung,baseline,40000,99,98,98,0.159614247373462
lung,baseline,40000,99,95,95,0.03039084770099125
lung,baseline,40000,99,81,81,0.18626710257451418
lung,baseline,40000,99,62,62,0.17931240751261748
lung,baseline,40000,99,98,98,0.13519188817730474
lung,baseline,40000,99,93,93,0.05379740517404092
lung,baseline,40000,99,92,92,0.19314143911492518
lung,baseline,40000,99,91,91,0.18538325946193823
lung,baseline,40000,99,89,89,0.13447153324849861
lung,baseline,40000,99,88,88,0.18341390559796056
lung,baseline,40000,99,98,98,0.04927171479622455
lung,baseline,40000,99,98,98,0.1309266457705594
lung,baseline,40000,99,98,98,0.008374666985688515
lung,baseline,40000,99,98,98,0.020079553863495504
lung,baseline,40000,99,98,98,0.008156032382923879
lung,baseline,40000,99,93,93,0.17885415790708528
lung,baseline,40000,99,98,98,0.15559894740843522
lung,baseline,40000,99,98,98,0.1722736811846988
lung,baseline,40000,99,96,96,0.08341667061172059
lung,baseline,40000,99,95,95,0.06458856998953763
lung,baseline,40000,99,94,94,0.207321979997195
lung,baseline,40000,99,98,98,0.18632749904691487
lung,baseline,40000,99,98,98,0.24147253748071112
lung,baseline,40000,99,98,98,0.1442060232633745
lung,baseline,40000,99,98,98,0.07381172226797865
lung,baseline,40000,99,98,98,0.02404935864771788
lung,baseline,40000,99,95,95,0.2701893523166201
lung,baseline,40000,99,93,93,0.2941731253155961
lung,baseline,40000,99,90,90,0.16994138760910638
lung,baseline,40000,99,80,80,0.20190286220176112
lung,baseline,40000,99,68,68,0.17176982605801394
lung,baseline,40000,99,51,51,0.1556137512302754
lung,baseline,40000,99,28,28,0.34583286027760846
lung,baseline,40000,99,98,98,0.25268661674556564
lung,baseline,40000,99,98,98,0.04157543214756994
lung,baseline,40000,99,98,98,0.27715533004231946
lung,baseline,40000,99,98,98,0.003261978909163052
lung,baseline,40000,99,98,98,0.11705616068705994
lung,baseline,40000,99,98,98,0.016071050640951514
lung,baseline,40000,99,96,96,0.04248275614499777
lung,baseline,40000,99,95,95,0.020166963706380065
lung,baseline,40000,99,95,95,0.2002615604228607
lung,baseline,40000,99,98,98,0.169647077615839
lung,baseline,40000,99,98,98,0.02246893601046785
lung,baseline,40000,99,97,97,0.16524244197075177
lung,baseline,40000,99,95,95,0.17112823054504767
lung,baseline,40000,99,94,94,0.20800952681283558
lung,baseline,40000,99,90,90,0.20757688644131167
lung,baseline,40000,99,87,87,0.08058072589907464
lung,baseline,40000,99,98,98,0.06795938361071663
lung,baseline,40000,99,97,97,0.15572052011647797
lung,baseline,40000,99,95,95,0.1609790726029929
lung,baseline,40000,99,94,94,0.17927828730057885
lung,baseline,40000,99,93,93,0.16776718191719595
lung,baseline,40000,99,87,87,0.06704999052706467
lung,baseline,40000,99,98,98,0.16920049947509938
lung,baseline,40000,99,98,98,0.24570089457385555
lung,baseline,40000,99,94,94,0.21599623236605286
lung,baseline,40000,99,98,98,0.007288469129599747
lung,baseline,40000,99,98,98,0.13256983321753776
lung,baseline,40000,99,97,97,0.1223811190159094
lung,baseline,40000,99,97,97,0.10857287690997613
lung,baseline,40000,99,93,93,0.17310317720895685
lung,baseline,40000,99,98,98,0.10719946911847227
lung,baseline,40000,99,98,98,0.02565224053280608
lung,baseline,40000,99,98,98,0.010298709401657915
lung,baseline,40000,99,97,97,0.009759823391118898
lung,baseline,40000,99,95,95,0.025091674072613774
lung,baseline,40000,99,92,92,0.019981459516317943
lung,baseline,40000,99,98,98,0.13685236237195667
lung,baseline,40000,99,98,98,0.09752437743085753
lung,baseline,40000,99,97,97,0.028926865187133798
lung,baseline,40000,99,97,97,0.03377852004995847
lung,baseline,40000,99,98,98,0.13392045342671732
lung,baseline,40000,99,97,97,0.04875917136465587
lung,baseline,40000,99,91,91,0.050976903752307776
lung,baseline,40000,99,98,98,0.01241429373236497
lung,baseline,40000,99,98,98,0.015662222922665295
lung,baseline,40000,99,98,98,0.023285408603809635
lung,baseline,40000,99,97,97,0.13546959286018365
lung,baseline,40000,99,93,93,0.1827139042017408
lung,baseline,40000,99,91,91,0.05561771461045712
lung,baseline,40000,99,98,98,0.2751756796679308
lung,baseline,40000,99,98,98,0.24246659880270774
lung,baseline,40000,99,96,96,0.026556436860520866
lung,baseline,40000,99,93,93,0.2657184133285449
lung,baseline,40000,99,98,98,0.017977986894941362
lung,baseline,40000,99,98,98,0.1598288032084903
lung,baseline,40000,99,98,98,0.010484640074346135
lung,baseline,40000,99,98,98,0.012208114709636007
lung,baseline,40000,99,98,98,0.16789335820764498
lung,baseline,40000,99,98,98,0.017477040892259068
lung,baseline,40000,99,96,96,0.08824056711822947
lung,baseline,40000,99,94,94,0.2048477267900539
lung,baseline,40000,99,98,98,0.007678082124347335
lung,baseline,40000,99,98,98,0.2563682618451427
lung,baseline,40000,99,97,97,0.016785524967378732
lung,baseline,40000,99,96,96,0.035242703337820744
lung,baseline,40000,99,96,96,0.21761923662567337
lung,baseline,40000,99,93,93,0.277102648259124
lung,baseline,40000,99,96,96,0.2889427655133429
lung,baseline,40000,99,93,93,0.25917358736049123
lung,baseline,40000,99,92,92,0.25109972832761246
lung,baseline,40000,99,91,91,0.2409592227747435
lung,baseline,40000,99,87,87,0.28188050095621797
lung,baseline,40000,99,86,86,0.24539258099945
lung,baseline,40000,99,85,85,0.27990528575147733
lung,baseline,40000,99,80,80,0.2723893673370181
lung,baseline,40000,99,96,96,0.19844899028829888
lung,baseline,40000,99,95,95,0.19004345116090263
lung,baseline,40000,99,93,93,0.21916187755050784
lung,baseline,40000,99,91,91,0.06921703838350236
lung,baseline,40000,99,90,90,0.27730512982300287
lung,baseline,40000,99,87,87,0.22565009097503208
lung,baseline,40000,99,84,84,0.2733861774190586
lung,baseline,40000,99,82,82,0.3115368162953257
lung,baseline,40000,99,73,73,0.297685024453174
lung,baseline,40000,99,68,68,0.2195550793914279
lung,baseline,40000,99,98,98,0.25965133156969533
lung,baseline,40000,99,98,98,0.22085491176438443
lung,baseline,40000,99,98,98,0.010259817134646514
lung,baseline,40000,99,98,98,0.12784862278264308
lung,baseline,40000,99,97,97,0.00942209859166237
lung,baseline,40000,99,96,96,0.09811204608336153
lung,baseline,40000,99,93,93,0.05118415378968394
lung,baseline,40000,99,93,93,0.17706477696473646
lung,baseline,40000,99,98,98,0.17966786586015202
lung,baseline,40000,99,98,98,0.13193517460192164
lung,baseline,40000,99,96,96,0.03903395080563323
lung,baseline,40000,99,95,95,0.05543916742009047
lung,baseline,40000,99,93,93,0.1742801528961856
lung,baseline,40000,99,85,85,0.1903400483068178
lung,baseline,40000,99,78,78,0.1663178195618588
lung,baseline,40000,99,98,98,0.12408053094877686
lung,baseline,40000,99,98,98,0.18545128139681402
lung,baseline,40000,99,95,95,0.12096749387497105
lung,baseline,40000,99,93,93,0.17651692287539708
lung,baseline,40000,99,82,82,0.07950345947303375
lung,baseline,40000,99,98,98,0.15282510268330632
lung,baseline,40000,99,97,97,0.06681153815762517
lung,baseline,40000,99,93,93,0.17299621125547687
lung,baseline,40000,99,98,98,0.17398539194741644
lung,baseline,40000,99,92,92,0.18329702285162094
lung,baseline,40000,99,92,92,0.14191890968197277
lung,baseline,40000,99,83,83,0.1478624242005623
lung,baseline,40000,99,98,98,0.008950265357148544
lung,baseline,40000,99,93,93,0.17749545444195258
lung,baseline,40000,99,97,97,0.1572357216575766
lung,baseline,40000,99,97,97,0.061194527582677065
lung,baseline,40000,99,97,97,0.011701730587091353
lung,baseline,40000,99,97,97,0.030854096529470177
lung,baseline,40000,99,96,96,0.10568552802462329
lung,baseline,40000,99,94,94,0.02747183810483574
lung,baseline,40000,99,93,93,0.1886443665183471
lung,baseline,40000,99,87,87,0.04397890130471471
lung,baseline,40000,99,86,86,0.21683921753607438
lung,baseline,40000,99,79,79,0.2141953814309641
lung,baseline,40000,99,51,51,0.09509714147330627
lung,baseline,40000,99,43,43,0.2640119654652343
lung,baseline,40000,99,28,28,0.26724084744260096
lung,baseline,40000,99,98,98,0.13363120961925826
lung,baseline,40000,99,97,97,0.10576130422554629
lung,baseline,40000,99,97,97,0.0065363723080135916
lung,baseline,40000,99,93,93,0.18507402155395536
lung,baseline,40000,99,87,87,0.042570827726793894
lung,baseline,40000,99,98,98,0.09557132390645855
lung,baseline,40000,99,98,98,0.14671095372453077
lung,baseline,40000,99,98,98,0.042876223972402205
lung,baseline,40000,99,89,89,0.05311298802245165
lung,baseline,40000,99,98,98,0.23644300963628131
lung,baseline,40000,99,98,98,0.0060691113404806735
lung,baseline,40000,99,98,98,0.19812758650252257
lung,baseline,40000,99,98,98,0.24180178812138303
lung,baseline,40000,99,98,98,0.03882106500419067
lung,baseline,40000,99,92,92,0.209300278528246
lung,baseline,40000,99,84,84,0.05831252568396034
lung,baseline,40000,99,98,98,0.2053209044155999
lung,baseline,40000,99,98,98,0.13521360318501432
lung,baseline,40000,99,98,98,0.007782663130254749
lung,baseline,40000,99,98,98,0.0373582511122984
lung,baseline,40000,99,98,98,0.2523249702570478
lung,baseline,40000,99,97,97,0.03149514976464248
lung,baseline,40000,99,96,96,0.024520372571110297
lung,baseline,40000,99,96,96,0.036508694965920095
lung,baseline,40000,99,96,96,0.023926279705393263
lung,baseline,40000,99,95,95,0.025833785183797905
lung,baseline,40000,99,92,92,0.027572977401425214
lung,baseline,40000,99,85,85,0.09829672172520326
lung,baseline,40000,99,98,98,0.2221410041018277
lung,baseline,40000,99,89,89,0.2930422387556216
lung,baseline,40000,99,98,98,0.20127464576416368
lung,baseline,40000,99,92,92,0.23264698532339442
lung,baseline,40000,99,89,89,0.23187551360253605
lung,baseline,40000,99,62,62,0.17486503851905608
lung,baseline,40000,99,98,98,0.13682071669722515
lung,baseline,40000,99,98,98,0.16781933501966786
lung,baseline,40000,99,98,98,0.025213957404761473
lung,baseline,40000,99,96,96,0.025586454406642933
lung,baseline,40000,99,94,94,0.13412644343374927
lung,baseline,40000,99,98,98,0.13810939521430354
lung,baseline,40000,99,97,97,0.12278080361173681
lung,baseline,40000,99,95,95,0.017767102229763226
lung,baseline,40000,99,95,95,0.10988171792604566
lung,baseline,40000,99,92,92,0.18557744544831944
lung,baseline,40000,99,92,92,0.18932478308451373
lung,baseline,40000,99,90,90,0.1740478621715663
lung,baseline,40000,99,90,90,0.17303251134920364
lung,baseline,40000,99,88,88,0.068183709348565
lung,baseline,40000,99,98,98,0.13762504562227426
lung,baseline,40000,99,96,96,0.02505698102285141
lung,baseline,40000,99,93,93,0.18280550314956018
lung,baseline,40000,99,87,87,0.04435650966927543
lung,baseline,40000,99,98,98,0.010645307150236226
lung,baseline,40000,99,98,98,0.007381528886869257
lung,baseline,40000,99,98,98,0.009593969698741711
lung,baseline,40000,99,98,98,0.01101799328461525
lung,baseline,40000,99,98,98,0.01049052850052927
lung,baseline,40000,99,98,98,0.006897398222136372
lung,baseline,40000,99,98,98,0.030339734991423745
lung,baseline,40000,99,98,98,0.009128979575532286
lung,baseline,40000,99,98,98,0.021459147290352296
lung,baseline,40000,99,98,98,0.008478361594945217
lung,baseline,40000,99,98,98,0.01348262788789521
lung,baseline,40000,99,98,98,0.014679673801146917
lung,baseline,40000,99,98,98,0.00743121729839071
lung,baseline,40000,99,98,98,0.009699396659841684
lung,baseline,40000,99,98,98,0.016233037605515803
lung,baseline,40000,99,98,98,0.030969350876666482
lung,baseline,40000,99,98,98,0.008643911252566996
lung,baseline,40000,99,98,98,0.01201423258309964
lung,baseline,40000,99,98,98,0.023305153431750967
lung,baseline,40000,99,98,98,0.011515482255508866
lung,baseline,40000,99,98,98,0.012555094354141403
lung,baseline,40000,99,98,98,0.030754444780844492
lung,baseline,40000,99,98,98,0.010684763975715088
lung,baseline,40000,99,98,98,0.1353056706380414
lung,baseline,40000,99,98,98,0.01464338062544129
lung,baseline,40000,99,98,98,0.009129237451978035
lung,baseline,40000,99,98,98,0.030483942847774437
lung,baseline,40000,99,98,98,0.012821777355774788
lung,baseline,40000,99,98,98,0.13821536324143033
lung,baseline,40000,99,97,97,0.012490724426790339
lung,baseline,40000,99,96,96,0.015544265684459208
lung,baseline,40000,99,96,96,0.028695288326478816
lung,baseline,40000,99,98,98,0.007167018867076301
lung,baseline,40000,99,98,98,0.15289904662535553
lung,baseline,40000,99,96,96,0.028115734908074137
lung,baseline,40000,99,94,94,0.11726333868532927
lung,baseline,40000,99,91,91,0.1733568665193886
lung,baseline,40000,99,84,84,0.17603107622468
lung,baseline,40000,99,84,84,0.17572754937646093
lung,baseline,40000,99,98,98,0.2189505440913533
lung,baseline,40000,99,94,94,0.2503156946188546
lung,baseline,40000,99,93,93,0.28334520570238847
lung,baseline,40000,99,91,91,0.19272787021715612
lung,baseline,40000,99,87,87,0.2348772871432147
lung,baseline,40000,99,98,98,0.27525790998138416
lung,baseline,40000,99,98,98,0.2795143117647454
lung,baseline,40000,99,97,97,0.028727544606690525
lung,baseline,40000,99,93,93,0.24784033535762162
lung,baseline,40000,99,97,97,0.22584681117540584
lung,baseline,40000,99,97,97,0.20468260860369988
lung,baseline,40000,99,94,94,0.17212837742770531
lung,baseline,40000,99,93,93,0.22131711109956587
lung,baseline,40000,99,92,92,0.2312539083345104
lung,baseline,40000,99,92,92,0.2329819110480562
lung,baseline,40000,99,90,90,0.23853142426087182
lung,baseline,40000,99,90,90,0.17673897818726422
lung,baseline,40000,99,89,89,0.2660117660417452
lung,baseline,40000,99,89,89,0.19450811488106926
lung,baseline,40000,99,88,88,0.2445543842086546
lung,baseline,40000,99,98,98,0.27860264206550334
lung,baseline,40000,99,98,98,0.11511820699747613
lung,baseline,40000,99,93,93,0.2513341410586663
lung,baseline,40000,99,98,98,0.2720944250421325
lung,baseline,40000,99,98,98,0.011803527758090638
lung,baseline,40000,99,88,88,0.2521659684917663
lung,baseline,40000,99,71,71,0.22755435841731153
lung,baseline,40000,99,56,56,0.23975917805915767
lung,baseline,40000,99,43,43,0.27231789620102065
lung,baseline,40000,99,39,39,0.2755510337530402
lung,baseline,40000,99,37,37,0.2353837362901847
lung,baseline,40000,99,28,28,0.31985330118242905
lung,baseline,40000,99,95,95,0.02152254255341817
lung,baseline,40000,99,91,91,0.03253398609130842
lung,baseline,40000,99,87,87,0.22041194198540998
lung,baseline,40000,99,83,83,0.1937896020645569
lung,baseline,40000,99,69,69,0.18906315501340062
lung,baseline,40000,99,94,94,0.14669221130584087
lung,baseline,40000,99,37,37,0.20939900594343536
lung,baseline,40000,99,28,28,0.29675762687380247
lung,baseline,40000,99,98,98,0.17077196786534393
lung,baseline,40000,99,98,98,0.16077877398680093
lung,baseline,40000,99,98,98,0.15814965754211152
lung,baseline,40000,99,96,96,0.024054480498359652
lung,baseline,40000,99,98,98,0.13755536310202662
lung,baseline,40000,99,98,98,0.007890138853328295
lung,baseline,40000,99,93,93,0.18299786609403973
lung,baseline,40000,99,98,98,0.10491515273082339
lung,baseline,40000,99,98,98,0.026684407221159757
lung,baseline,40000,99,98,98,0.1353313021265874
lung,baseline,40000,99,98,98,0.28761086583864715
lung,baseline,40000,99,98,98,0.08561598590105596
lung,baseline,40000,99,98,98,0.010307107084040893
lung,baseline,40000,99,98,98,0.026423890525391843
lung,baseline,40000,99,97,97,0.014406679044034898
lung,baseline,40000,99,97,97,0.15892866698931718
lung,baseline,40000,99,96,96,0.063291317017584
lung,baseline,40000,99,96,96,0.05371593537792032
lung,baseline,40000,99,94,94,0.2663443480965877
lung,baseline,40000,99,43,43,0.288528574260598
lung,baseline,40000,99,39,39,0.29120608975163026
lung,baseline,40000,99,37,37,0.21873209454503978
lung,baseline,40000,99,28,28,0.316664481757739
lung,baseline,40000,99,56,56,0.29527590048063607
lung,baseline,40000,99,43,43,0.32601094712463147
lung,baseline,40000,99,39,39,0.31241422289189946
lung,baseline,40000,99,37,37,0.26813352608240204
lung,baseline,40000,99,36,36,0.24956982615272594
lung,baseline,40000,99,90,90,0.14364122515026434
lung,baseline,40000,99,89,89,0.19947866980363507
lung,baseline,40000,99,79,79,0.21493715467161412
lung,baseline,40000,99,28,28,0.3268816639935274
lung,baseline,40000,99,98,98,0.011906399157405176
lung,baseline,40000,99,98,98,0.15858159595552718
lung,baseline,40000,99,97,97,0.21188900407154146
lung,baseline,40000,99,94,94,0.20516469144194746
lung,baseline,40000,99,87,87,0.16909174433523383
lung,baseline,40000,99,98,98,0.2626798921435013
lung,baseline,40000,99,98,98,0.09440275814276447
lung,baseline,40000,99,97,97,0.15018520093354062
lung,baseline,40000,99,92,92,0.045743989626457274
lung,baseline,40000,99,98,98,0.00902447674720605
lung,baseline,40000,99,94,94,0.0250883124460909
lung,baseline,40000,99,93,93,0.19153964321714373
lung,baseline,40000,99,91,91,0.05264654916269068
lung,baseline,40000,99,80,80,0.1573896285820932
lung,baseline,40000,99,98,98,0.15462597250132
lung,baseline,40000,99,98,98,0.15984050729367646
lung,baseline,40000,99,95,95,0.024890483525638597
lung,baseline,40000,99,94,94,0.19352183119373043
lung,baseline,40000,99,92,92,0.16891722869233025
lung,baseline,40000,99,91,91,0.1688429200442808
lung,baseline,40000,99,97,97,0.1149520774638773
lung,baseline,40000,99,93,93,0.03156554990474684
lung,baseline,40000,99,93,93,0.1417955229081673
lung,baseline,40000,99,89,89,0.1657005327615184
lung,baseline,40000,99,68,68,0.07589008497239524
lung,baseline,40000,99,97,97,0.18088274249650874
lung,baseline,40000,99,95,95,0.15520727041428045
lung,baseline,40000,99,95,95,0.161629870305235
lung,baseline,40000,99,94,94,0.1691974883020457
lung,baseline,40000,99,92,92,0.17274033600964306
lung,baseline,40000,99,84,84,0.1740055494710677
lung,baseline,40000,99,98,98,0.11826339598369633
lung,baseline,40000,99,93,93,0.19881790584497433
lung,baseline,40000,99,92,92,0.22283102332936924
lung,baseline,40000,99,91,91,0.18713670087580098
lung,baseline,40000,99,88,88,0.22818774512076256
lung,baseline,40000,99,78,78,0.2057426227012013
lung,baseline,40000,99,68,68,0.17083310580820651
lung,baseline,40000,99,98,98,0.16205392743104907
lung,baseline,40000,99,98,98,0.1716762509730181
lung,baseline,40000,99,98,98,0.1520629160543404
lung,baseline,40000,99,97,97,0.08119801042434084
lung,baseline,40000,99,97,97,0.15570057203629406
lung,baseline,40000,99,95,95,0.13502302696099203
lung,baseline,40000,99,95,95,0.12936693996232485
lung,baseline,40000,99,94,94,0.13082636391731972
lung,baseline,40000,99,93,93,0.18222770416504588
lung,baseline,40000,99,98,98,0.16709897896157455
lung,baseline,40000,99,95,95,0.17704539931749783
lung,baseline,40000,99,90,90,0.2061067399123026
lung,baseline,40000,99,87,87,0.08792233116722173
lung,baseline,40000,99,81,81,0.2567357780958267
lung,baseline,40000,99,98,98,0.2176847215198374
lung,baseline,40000,99,98,98,0.00810482104370575
lung,baseline,40000,99,96,96,0.23109400942211614
lung,baseline,40000,99,95,95,0.2019899961494198
lung,baseline,40000,99,94,94,0.028039666075128693
lung,baseline,40000,99,93,93,0.2471863273817365
lung,baseline,40000,99,98,98,0.020525606948437164
lung,baseline,40000,99,98,98,0.01747669787221885
lung,baseline,40000,99,98,98,0.00454445327503052
lung,baseline,40000,99,98,98,0.005075019744050273
lung,baseline,40000,99,98,98,0.005362222472829492
lung,baseline,40000,99,98,98,0.009638777399251036
lung,baseline,40000,99,98,98,0.017788607768672932
lung,baseline,40000,99,98,98,0.0416803747593607
lung,baseline,40000,99,98,98,0.004195551809672319
lung,baseline,40000,99,98,98,0.00817881754527437
lung,baseline,40000,99,98,98,0.02747152952502341
lung,baseline,40000,99,98,98,0.028925769123898364
lung,baseline,40000,99,98,98,0.0147513200754785
lung,baseline,40000,99,98,98,0.13918251466110476
lung,baseline,40000,99,98,98,0.01771063728391363
lung,baseline,40000,99,98,98,0.009302209581808121
lung,baseline,40000,99,98,98,0.0052944925168692545
lung,baseline,40000,99,98,98,0.008369946983355605
lung,baseline,40000,99,98,98,0.011408117014634879
lung,baseline,40000,99,98,98,0.015940536212096786
lung,baseline,40000,99,98,98,0.020238092672798712
lung,baseline,40000,99,98,98,0.03254921505338921
lung,baseline,40000,99,98,98,0.036252152815549686
lung,baseline,40000,99,98,98,0.1530639550458146
lung,baseline,40000,99,97,97,0.003560405421860517
lung,baseline,40000,99,97,97,0.018674762392954902
lung,baseline,40000,99,96,96,0.03835560177531563
lung,baseline,40000,99,96,96,0.03028201625880306
lung,baseline,40000,99,96,96,0.012085306534186657
lung,baseline,40000,99,95,95,0.018383370801551845
lung,baseline,40000,99,95,95,0.023670557984949502
lung,baseline,40000,99,92,92,0.0308810218219095
lung,baseline,40000,99,98,98,0.01640497581201078
lung,baseline,40000,99,98,98,0.023344646923576167
lung,baseline,40000,99,98,98,0.10182765227390475
lung,baseline,40000,99,98,98,0.1286290648051492
lung,baseline,40000,99,98,98,0.20922712353279324
lung,baseline,40000,99,97,97,0.1283349438433504
lung,baseline,40000,99,97,97,0.16331143564179232
lung,baseline,40000,99,96,96,0.054296454405990534
lung,baseline,40000,99,96,96,0.07371610493511259
lung,baseline,40000,99,94,94,0.2265095033917083
lung,baseline,40000,99,94,94,0.07694934944705797
lung,baseline,40000,99,98,98,0.006131778766278632
lung,baseline,40000,99,98,98,0.15661570557403376
lung,baseline,40000,99,98,98,0.007323520682659276
lung,baseline,40000,99,97,97,0.02155261779303861
lung,baseline,40000,99,94,94,0.025443917830612048
lung,baseline,40000,99,93,93,0.17209846885212038
lung,baseline,40000,99,98,98,0.16714005986665853
lung,baseline,40000,99,98,98,0.0318938530754492
lung,baseline,40000,99,98,98,0.11324963058170981
lung,baseline,40000,99,98,98,0.14669311287986495
lung,baseline,40000,99,96,96,0.024056739651071354
lung,baseline,40000,99,96,96,0.009268985436933113
lung,baseline,40000,99,81,81,0.08170923375102511
lung,baseline,40000,99,77,77,0.22767160015680254
lung,baseline,40000,99,77,77,0.2101049914046819
lung,baseline,40000,99,76,76,0.2169721623077047
lung,baseline,40000,99,43,43,0.2768593465520016
lung,baseline,40000,99,39,39,0.2806293116108847
lung,baseline,40000,99,37,37,0.2618034193046931
lung,baseline,40000,99,98,98,0.2208160819523265
lung,baseline,40000,99,98,98,0.010910188754958392
lung,baseline,40000,99,98,98,0.2406455789088444
lung,baseline,40000,99,98,98,0.2763032900656717
lung,baseline,40000,99,98,98,0.15433636481180868
lung,baseline,40000,99,97,97,0.2038274612806254
lung,baseline,40000,99,97,97,0.053080726641201614
lung,baseline,40000,99,97,97,0.17658589636143185
lung,baseline,40000,99,95,95,0.17564275079574027
lung,baseline,40000,99,94,94,0.20474110825338615
lung,baseline,40000,99,98,98,0.152831401823571
lung,baseline,40000,99,98,98,0.17407651071995858
lung,baseline,40000,99,96,96,0.09263566251636317
lung,baseline,40000,99,95,95,0.07120356426641113
lung,baseline,40000,99,94,94,0.19585833423781152
lung,baseline,40000,99,98,98,0.1557906556816343
lung,baseline,40000,99,98,98,0.10419672206250917
lung,baseline,40000,99,95,95,0.07043409377519258
lung,baseline,40000,99,98,98,0.16154295076045955
lung,baseline,40000,99,98,98,0.06116230040932666
lung,baseline,40000,99,98,98,0.14775648389007517
lung,baseline,40000,99,98,98,0.16518611813665757
lung,baseline,40000,99,97,97,0.01631244031896076
lung,baseline,40000,99,97,97,0.01988800058127531
lung,baseline,40000,99,97,97,0.017587695490169444
lung,baseline,40000,99,98,98,0.1761951332393846
lung,baseline,40000,99,93,93,0.1483887053372811
lung,baseline,40000,99,92,92,0.19405712979232526
lung,baseline,40000,99,92,92,0.14779566349172565
lung,baseline,40000,99,92,92,0.1934754745267959
lung,baseline,40000,99,91,91,0.13809896239193228
lung,baseline,40000,99,91,91,0.14661074770806695
lung,baseline,40000,99,98,98,0.25764507125168584
lung,baseline,40000,99,93,93,0.28967970436950635
lung,baseline,40000,99,63,63,0.23685342179139282
lung,baseline,40000,99,98,98,0.1566247355122966
lung,baseline,40000,99,98,98,0.26396249728485155
lung,baseline,40000,99,93,93,0.23545046034003636
lung,baseline,40000,99,98,98,0.011294427110250216
lung,baseline,40000,99,98,98,0.004543344378671513
lung,baseline,40000,99,98,98,0.008516740214949881
lung,baseline,40000,99,98,98,0.018961084678615025
lung,baseline,40000,99,98,98,0.01569327854376705
lung,baseline,40000,99,98,98,0.0046247523540544
lung,baseline,40000,99,98,98,0.029241561356873013
lung,baseline,40000,99,98,98,0.08380020313801621
lung,baseline,40000,99,98,98,0.011883241828495077
lung,baseline,40000,99,98,98,0.005173617266960618
lung,baseline,40000,99,98,98,0.009406619144206494
lung,baseline,40000,99,98,98,0.00899591144292765
lung,baseline,40000,99,98,98,0.03894036139317646
lung,baseline,40000,99,98,98,0.015743815444742366
lung,baseline,40000,99,98,98,0.01074839599880054
lung,baseline,40000,99,98,98,0.02613985502584666
lung,baseline,40000,99,98,98,0.010344682593591685
lung,baseline,40000,99,98,98,0.007616891271882287
lung,baseline,40000,99,98,98,0.012432383895668517
lung,baseline,40000,99,98,98,0.013564521628072786
lung,baseline,40000,99,98,98,0.012549370019601085
lung,baseline,40000,99,98,98,0.005661421681859138
lung,baseline,40000,99,98,98,0.013592159248368157
lung,baseline,40000,99,98,98,0.008544937200305896
lung,baseline,40000,99,98,98,0.00735618232010833
lung,baseline,40000,99,98,98,0.007648806010191375
lung,baseline,40000,99,98,98,0.02353286988090169
lung,baseline,40000,99,98,98,0.004430992633727956
lung,baseline,40000,99,98,98,0.015179012696924557
lung,baseline,40000,99,97,97,0.021202191298731146
lung,baseline,40000,99,97,97,0.0056133448618576305
lung,baseline,40000,99,96,96,0.02033235539563667
lung,baseline,40000,99,96,96,0.021608928102519746
lung,baseline,40000,99,96,96,0.017748378352978305
lung,baseline,40000,99,98,98,0.1721401166550513
lung,baseline,40000,99,98,98,0.01586121024845302
lung,baseline,40000,99,98,98,0.15500519436646928
lung,baseline,40000,99,98,98,0.013945691581805239
lung,baseline,40000,99,80,80,0.16097447374549975
lung,baseline,40000,99,78,78,0.2209505011442362
lung,baseline,40000,99,37,37,0.227503365736256
lung,baseline,40000,99,28,28,0.3211896717576394
lung,baseline,40000,99,98,98,0.12510222558082099
lung,baseline,40000,99,98,98,0.10177621893926007
lung,baseline,40000,99,98,98,0.2824714226193746
lung,baseline,40000,99,98,98,0.07215120897378176
lung,baseline,40000,99,98,98,0.2533659024779423
lung,baseline,40000,99,93,93,0.16582330247734672
lung,baseline,40000,99,90,90,0.17730455047176838
lung,baseline,40000,99,89,89,0.20108738948385319
lung,baseline,40000,99,69,69,0.15685070048052407
lung,baseline,40000,99,68,68,0.0868314349124953
lung,baseline,40000,99,66,66,0.245419155184504
lung,baseline,40000,99,62,62,0.2156220401309557
lung,baseline,40000,99,37,37,0.21029680307647652
lung,baseline,40000,99,36,36,0.18406913041605544
lung,baseline,40000,99,98,98,0.26484150249423444
lung,baseline,40000,99,98,98,0.13145094328827572
lung,baseline,40000,99,98,98,0.15607050530535455
lung,baseline,40000,99,93,93,0.24008136248219392
lung,baseline,40000,99,89,89,0.016852873513594192
lung,baseline,40000,99,98,98,0.158239869012103
lung,baseline,40000,99,94,94,0.11567601348895774
lung,baseline,40000,99,92,92,0.17796305026210368
lung,baseline,40000,99,92,92,0.17105462061724133
lung,baseline,40000,99,90,90,0.18053341532432757
lung,baseline,40000,99,89,89,0.07539808676031474
lung,baseline,40000,99,72,72,0.10316360117982751
lung,baseline,40000,99,90,90,0.14648060498392884
lung,baseline,40000,99,79,79,0.15452121020198822
lung,baseline,40000,99,43,43,0.21296005248230654
lung,baseline,40000,99,39,39,0.22637855272767843
lung,baseline,40000,99,37,37,0.21040760647741133
lung,baseline,40000,99,98,98,0.28174300154104176
lung,baseline,40000,99,85,85,0.2451827133856651
lung,baseline,40000,99,85,85,0.27015044972547225
lung,baseline,40000,99,56,56,0.19158631232155937
lung,baseline,40000,99,79,79,0.29276994973104437
lung,baseline,40000,99,20,20,0.5440751644948486
lung,baseline,40000,99,98,98,0.26538131147226524
lung,baseline,40000,99,97,97,0.13973132594847718
lung,baseline,40000,99,96,96,0.2737966456788164
lung,baseline,40000,99,90,90,0.2877578363402334
lung,baseline,40000,99,88,88,0.2895511462944312
lung,baseline,40000,99,94,94,0.19621034911993007
lung,baseline,40000,99,89,89,0.04843949314026222
lung,baseline,40000,99,87,87,0.1948866540945969
lung,baseline,40000,99,86,86,0.24058096927437705
lung,baseline,40000,99,83,83,0.14289786788458567
lung,baseline,40000,99,82,82,0.07520035834717918
lung,baseline,40000,99,81,81,0.23936269701401994
lung,baseline,40000,99,80,80,0.2274899707922792
lung,baseline,40000,99,79,79,0.20464119385746873
lung,baseline,40000,99,95,95,0.14561192565189196
lung,baseline,40000,99,94,94,0.12113978039997682
lung,baseline,40000,99,94,94,0.15496743654313158
lung,baseline,40000,99,90,90,0.12690745483020965
lung,baseline,40000,99,98,98,0.003883493699028889
lung,baseline,40000,99,98,98,0.013141179263583222
lung,baseline,40000,99,98,98,0.25911216036798895
lung,baseline,40000,99,96,96,0.031828966486147546
lung,baseline,40000,99,94,94,0.2804411449032496
lung,baseline,40000,99,98,98,0.26775374555230064
lung,baseline,40000,99,97,97,0.02098905206529518
lung,baseline,40000,99,93,93,0.26173780572676786
lung,baseline,40000,99,56,56,0.19020378639918767
lung,baseline,40000,99,56,56,0.24598453564483774
lung,baseline,40000,99,43,43,0.27883879048833105
lung,baseline,40000,99,39,39,0.28582355663901426
lung,baseline,40000,99,37,37,0.24054628944355733
lung,baseline,40000,99,28,28,0.32549050672588226
lung,baseline,40000,99,98,98,0.22355432829326788
lung,baseline,40000,99,96,96,0.19311508560381155
lung,baseline,40000,99,94,94,0.2416582653824673
lung,baseline,40000,99,87,87,0.25828833613746915
lung,baseline,40000,99,98,98,0.02236955430089826
lung,baseline,40000,99,98,98,0.1330309322637465
lung,baseline,40000,99,97,97,0.03190988108784744
lung,baseline,40000,99,92,92,0.18719748880998816
lung,baseline,40000,99,87,87,0.1875792832400043
lung,baseline,40000,99,98,98,0.02587535738006755
lung,baseline,40000,99,98,98,0.02402482995922804
lung,baseline,40000,99,98,98,0.14734412601108987
lung,baseline,40000,99,98,98,0.04067640516354417
lung,baseline,40000,99,98,98,0.01260096816402745
lung,baseline,40000,99,98,98,0.013303103265721844
lung,baseline,40000,99,98,98,0.010568700179104178
lung,baseline,40000,99,98,98,0.014816263347378565
lung,baseline,40000,99,97,97,0.023761863887619056
lung,baseline,40000,99,96,96,0.03330704852965827
lung,baseline,40000,99,95,95,0.03140681290865213
lung,baseline,40000,99,94,94,0.14319283839242025
lung,baseline,40000,99,98,98,0.2664290333328901
lung,baseline,40000,99,96,96,0.2646890569057733
lung,baseline,40000,99,95,95,0.25552104235356987
lung,baseline,40000,99,93,93,0.24328811438632264
lung,baseline,40000,99,92,92,0.2526359147095872
lung,baseline,40000,99,78,78,0.2235953714563862
lung,baseline,40000,99,98,98,0.09629208040021163
lung,baseline,40000,99,98,98,0.15062068584311025
lung,baseline,40000,99,97,97,0.010473728163019955
lung,baseline,40000,99,98,98,0.036548126885228606
lung,baseline,40000,99,98,98,0.004843801967901325
lung,baseline,40000,99,98,98,0.016426685598538028
lung,baseline,40000,99,98,98,0.12292792118683084
lung,baseline,40000,99,98,98,0.02380543070298211
lung,baseline,40000,99,98,98,0.16132589437014724
lung,baseline,40000,99,98,98,0.04789976880179761
lung,baseline,40000,99,98,98,0.014169781730994526
lung,baseline,40000,99,97,97,0.012585382935997286
lung,baseline,40000,99,97,97,0.01019319013082687
lung,baseline,40000,99,97,97,0.024225957916940582
lung,baseline,40000,99,97,97,0.004208777243346146
lung,baseline,40000,99,96,96,0.01189295082228956
lung,baseline,40000,99,95,95,0.02291488725096717
lung,baseline,40000,99,95,95,0.10470744353675902
lung,baseline,40000,99,93,93,0.040587431212890636
lung,baseline,40000,99,92,92,0.04558221261143311
lung,baseline,40000,99,98,98,0.18504411315712269
lung,baseline,40000,99,94,94,0.17321094255485356
lung,baseline,40000,99,92,92,0.03798629013154568
lung,baseline,40000,99,86,86,0.16088587092015383
lung,baseline,40000,99,37,37,0.2682365408605106
lung,baseline,40000,99,19,19,0.48148604625503194
lung,baseline,40000,99,98,98,0.24829996671629842
lung,baseline,40000,99,98,98,0.1581865132910537
lung,baseline,40000,99,94,94,0.14501680597779162
lung,baseline,40000,99,90,90,0.22515504451552992
lung,baseline,40000,99,90,90,0.12145561447124488
lung,baseline,40000,99,89,89,0.022176766868721613
lung,baseline,40000,99,98,98,0.1524169087283934
lung,baseline,40000,99,98,98,0.02444486128385397
lung,baseline,40000,99,97,97,0.031236078666205643
lung,baseline,40000,99,96,96,0.030055879777581774
lung,baseline,40000,99,96,96,0.022853811983606472
lung,baseline,40000,99,93,93,0.1746209463878726
lung,baseline,40000,99,98,98,0.13505516127095654
lung,baseline,40000,99,94,94,0.1910526952452966
lung,baseline,40000,99,94,94,0.1666984110112301
lung,baseline,40000,99,94,94,0.26157328654528106
lung,baseline,40000,99,93,93,0.21451000569452006
lung,baseline,40000,99,93,93,0.09641212215827297
lung,baseline,40000,99,91,91,0.07271169924471298
lung,baseline,40000,99,90,90,0.21084243268876182
lung,baseline,40000,99,89,89,0.1788921725955627
lung,baseline,40000,99,91,91,0.17614866589979009
lung,baseline,40000,99,88,88,0.2003869360711383
lung,baseline,40000,99,88,88,0.20027573037680713
lung,baseline,40000,99,68,68,0.10027811705324323
lung,baseline,40000,99,39,39,0.24719801613938275
lung,baseline,40000,99,98,98,0.16500107296380345
lung,baseline,40000,99,97,97,0.23925528069012011
lung,baseline,40000,99,95,95,0.11550967884212542
lung,baseline,40000,99,92,92,0.11582134451597001
lung,baseline,40000,99,89,89,0.23531639431808316
lung,baseline,40000,99,98,98,0.2863241044616649
lung,baseline,40000,99,95,95,0.0990788720471093
lung,baseline,40000,99,93,93,0.2503899659980181
lung,baseline,40000,99,56,56,0.18967548826225306
lung,baseline,40000,99,98,98,0.26003824233863077
lung,baseline,40000,99,98,98,0.2243160278501202
lung,baseline,40000,99,97,97,0.1303370537784577
lung,baseline,40000,99,94,94,0.2885394029478594
lung,baseline,40000,99,98,98,0.12662729187015728
lung,baseline,40000,99,97,97,0.04953144075393378
lung,baseline,40000,99,97,97,0.017759543239193452
lung,baseline,40000,99,96,96,0.03260726982597741
lung,baseline,40000,99,93,93,0.17273845209283528
lung,baseline,40000,99,98,98,0.024458436504235192
lung,baseline,40000,99,98,98,0.02351423027355462
lung,baseline,40000,99,97,97,0.16102648010459597
lung,baseline,40000,99,96,96,0.17013151699798926
lung,baseline,40000,99,84,84,0.17693556416062495
lung,baseline,40000,99,84,84,0.17134104722283908
lung,baseline,40000,99,56,56,0.23765846738402635
lung,baseline,40000,99,43,43,0.27270255997265647
lung,baseline,40000,99,39,39,0.2792034014584954
lung,baseline,40000,99,37,37,0.23094282902906946
lung,baseline,40000,99,28,28,0.3293950873426729
lung,baseline,40000,99,98,98,0.10688864716680221
lung,baseline,40000,99,98,98,0.015047132116902456
lung,baseline,40000,99,98,98,0.13221154436169863
lung,baseline,40000,99,98,98,0.033752313757724625
lung,baseline,40000,99,97,97,0.05203328046889654
lung,baseline,40000,99,97,97,0.020530638160988192
lung,baseline,40000,99,98,98,0.256984858033742
lung,baseline,40000,99,98,98,0.2607132498182667
lung,baseline,40000,99,94,94,0.23090861864260653
lung,baseline,40000,99,98,98,0.01683481275781085
lung,baseline,40000,99,98,98,0.034633027711719215
lung,baseline,40000,99,98,98,0.12534677406089811
lung,baseline,40000,99,98,98,0.19248511276678312
lung,baseline,40000,99,97,97,0.13750982957490698
lung,baseline,40000,99,94,94,0.13032297117110272
lung,baseline,40000,99,97,97,0.1722335659691701
lung,baseline,40000,99,62,62,0.20853292689065236
lung,baseline,40000,99,98,98,0.019593561057094457
lung,baseline,40000,99,98,98,0.16105704675736293
lung,baseline,40000,99,97,97,0.1488769393997445
lung,baseline,40000,99,93,93,0.19233579201224865
lung,baseline,40000,99,92,92,0.2419607623249463
lung,baseline,40000,99,92,92,0.05052538690817331
lung,baseline,40000,99,92,92,0.18725631845840085
lung,baseline,40000,99,92,92,0.23680500117055095
lung,baseline,40000,99,91,91,0.20684495618716522
lung,baseline,40000,99,91,91,0.19692608534696787
lung,baseline,40000,99,84,84,0.1976523950592006
lung,baseline,40000,99,92,92,0.14533629836448508
lung,baseline,40000,99,79,79,0.16054234457498295
lung,baseline,40000,99,98,98,0.003595656945125904
lung,baseline,40000,99,98,98,0.011937631914069682
lung,baseline,40000,99,98,98,0.1576153419892384
lung,baseline,40000,99,97,97,0.16207846914034246
lung,baseline,40000,99,97,97,0.22946990216456217
lung,baseline,40000,99,97,97,0.0473836035762693
lung,baseline,40000,99,96,96,0.016641232046123628
lung,baseline,40000,99,98,98,0.117578146728815
lung,baseline,40000,99,98,98,0.024778796737528738
lung,baseline,40000,99,98,98,0.018357791039438947
lung,baseline,40000,99,98,98,0.007145056405192369
lung,baseline,40000,99,98,98,0.04312572864893171
lung,baseline,40000,99,98,98,0.012057048056143646
lung,baseline,40000,99,98,98,0.01757924558855035
lung,baseline,40000,99,98,98,0.007533091796036368
lung,baseline,40000,99,98,98,0.014204054286106944
lung,baseline,40000,99,98,98,0.01125222402757898
lung,baseline,40000,99,97,97,0.01603385510781303
lung,baseline,40000,99,97,97,0.017546898565495423
lung,baseline,40000,99,97,97,0.014754672899981733
lung,baseline,40000,99,97,97,0.005304239373327177
lung,baseline,40000,99,94,94,0.13568938804439679
lung,baseline,40000,99,92,92,0.01602907470389364
lung,baseline,40000,99,90,90,0.05843781790371509
lung,baseline,40000,99,98,98,0.13562302628454156
lung,baseline,40000,99,97,97,0.021123467144043003
lung,baseline,40000,99,97,97,0.007899588067504099
lung,baseline,40000,99,93,93,0.18205535164199746
lung,baseline,40000,99,98,98,0.1245549722090475
lung,baseline,40000,99,98,98,0.022720313413585352
lung,baseline,40000,99,98,98,0.1375514381236976
lung,baseline,40000,99,98,98,0.19602907071787282
lung,baseline,40000,99,98,98,0.00665648904878334
lung,baseline,40000,99,92,92,0.029374262225239027
lung,baseline,40000,99,98,98,0.007725804868493209
lung,baseline,40000,99,97,97,0.020753667152330776
lung,baseline,40000,99,97,97,0.16065982902663464
lung,baseline,40000,99,93,93,0.1779572925269886
lung,baseline,40000,99,98,98,0.1896042026326587
lung,baseline,40000,99,98,98,0.030395394775516213
lung,baseline,40000,99,98,98,0.03636899248577532
lung,baseline,40000,99,98,98,0.1275448759695552
lung,baseline,40000,99,98,98,0.005612752864965705
lung,baseline,40000,99,98,98,0.012924314120012484
lung,baseline,40000,99,95,95,0.12856284642227084
lung,baseline,40000,99,93,93,0.1866615155795399
lung,baseline,40000,99,92,92,0.13336301367019152
lung,baseline,40000,99,78,78,0.16661188094180576
lung,baseline,40000,99,72,72,0.09830871649168406
lung,baseline,40000,99,98,98,0.10351705904887337
lung,baseline,40000,99,98,98,0.23282872159827925
lung,baseline,40000,99,98,98,0.020458118141781632
lung,baseline,40000,99,98,98,0.025743906734544457
lung,baseline,40000,99,98,98,0.266600472507003
lung,baseline,40000,99,96,96,0.05678070165908238
lung,baseline,40000,99,95,95,0.04487691223217302
lung,baseline,40000,99,95,95,0.025003622618747664
lung,baseline,40000,99,95,95,0.21270438636832967
lung,baseline,40000,99,92,92,0.09384817306219966
lung,baseline,40000,99,98,98,0.15458983223738854
lung,baseline,40000,99,96,96,0.021956164699804614
lung,baseline,40000,99,92,92,0.17854300281159063
lung,baseline,40000,99,92,92,0.17305097458723834
lung,baseline,40000,99,84,84,0.1763884427434839
lung,baseline,40000,99,97,97,0.14170568594099026
lung,baseline,40000,99,97,97,0.04842365029962402
lung,baseline,40000,99,95,95,0.028913620511613995
lung,baseline,40000,99,98,98,0.16460212952513678
lung,baseline,40000,99,98,98,0.02334925997379201
lung,baseline,40000,99,96,96,0.1566662156484999
lung,baseline,40000,99,95,95,0.03226477159905999
lung,baseline,40000,99,95,95,0.14984788843048938
lung,baseline,40000,99,93,93,0.2022073953504409
lung,baseline,40000,99,93,93,0.24463910266574573
lung,baseline,40000,99,92,92,0.17409668770873746
lung,baseline,40000,99,91,91,0.17317494096622923
lung,baseline,40000,99,98,98,0.12305187795043086
lung,baseline,40000,99,98,98,0.17384619557496409
lung,baseline,40000,99,96,96,0.03407739982015985
lung,baseline,40000,99,92,92,0.18485033480113175
lung,baseline,40000,99,98,98,0.01642746998309574
lung,baseline,40000,99,97,97,0.05176286781008149
lung,baseline,40000,99,95,95,0.231100515664057
lung,baseline,40000,99,95,95,0.1702974600800339
lung,baseline,40000,99,94,94,0.21901338217026817
lung,baseline,40000,99,94,94,0.21596945336363424
lung,baseline,40000,99,93,93,0.19913261769772764
lung,baseline,40000,99,93,93,0.22990856154592385
lung,baseline,40000,99,91,91,0.20279374616154916
lung,baseline,40000,99,90,90,0.1803908755771857
lung,baseline,40000,99,89,89,0.15375382096577545
lung,baseline,40000,99,87,87,0.07905481245350762
lung,baseline,40000,99,86,86,0.2518450100641475
lung,baseline,40000,99,81,81,0.25625412104617684
lung,baseline,40000,99,98,98,0.12346637671142771
lung,baseline,40000,99,98,98,0.014369827345807175
lung,baseline,40000,99,98,98,0.13151943858943008
lung,baseline,40000,99,98,98,0.03306621213548538
lung,baseline,40000,99,98,98,0.08174350264951123
lung,baseline,40000,99,98,98,0.2744847074207024
lung,baseline,40000,99,98,98,0.023740021247625417
lung,baseline,40000,99,96,96,0.054296952151390375
lung,baseline,40000,99,93,93,0.24359292557091197
lung,baseline,40000,99,98,98,0.16672427381554467
lung,baseline,40000,99,97,97,0.16488774222809024
lung,baseline,40000,99,97,97,0.15703153742888704
lung,baseline,40000,99,93,93,0.1726078107219953
lung,baseline,40000,99,92,92,0.2441936512310525
lung,baseline,40000,99,98,98,0.13479298158088548
lung,baseline,40000,99,98,98,0.17014978357619967
lung,baseline,40000,99,96,96,0.035918096552713864
lung,baseline,40000,99,94,94,0.1560108869164946
lung,baseline,40000,99,94,94,0.1508134541760175
lung,baseline,40000,99,43,43,0.25009486737114933
lung,baseline,40000,99,39,39,0.24902300406607752
lung,baseline,40000,99,98,98,0.10721933418193928
lung,baseline,40000,99,98,98,0.03169665817333355
lung,baseline,40000,99,98,98,0.1606752897446973
lung,baseline,40000,99,98,98,0.018510400338713002
lung,baseline,40000,99,96,96,0.024140334900206787
lung,baseline,40000,99,98,98,0.02371198258868904
lung,baseline,40000,99,98,98,0.13337996491093773
lung,baseline,40000,99,96,96,0.03311836363857624
lung,baseline,40000,99,93,93,0.176880550576664
lung,baseline,40000,100,99,99,0.27200675723475554
lung,baseline,40000,100,99,99,0.23297409419496032
lung,baseline,40000,100,63,63,0.22403196111577553
lung,baseline,40000,100,95,95,0.026988646614748323
lung,baseline,40000,100,91,91,0.0367058265089275
lung,baseline,40000,100,87,87,0.21718453060269202
lung,baseline,40000,100,83,83,0.19634081686975388
lung,baseline,40000,100,80,80,0.2033095990295502
lung,baseline,40000,100,75,75,0.23101242731274102
lung,baseline,40000,100,39,39,0.285468184557475
lung,baseline,40000,100,37,37,0.23405541408135594
lung,baseline,40000,100,20,20,0.474197251459101
lung,baseline,40000,100,97,97,0.2502542235198052
lung,baseline,40000,100,93,93,0.24784445386843026
lung,baseline,40000,100,88,88,0.05315645573363062
lung,baseline,40000,100,81,81,0.23901613244645684
lung,baseline,40000,100,98,98,0.013911560250122287
lung,baseline,40000,100,93,93,0.028807833297220538
lung,baseline,40000,100,88,88,0.1616977977204793
lung,baseline,40000,100,99,99,0.1309637944298237
lung,baseline,40000,100,99,99,0.18973544855427027
lung,baseline,40000,100,99,99,0.013798794749745501
lung,baseline,40000,100,99,99,0.2214241180809891
lung,baseline,40000,100,96,96,0.05320572335822721
lung,baseline,40000,100,94,94,0.254260937723642
lung,baseline,40000,100,87,87,0.22308468257553937
lung,baseline,40000,100,63,63,0.22253571234075556
lung,baseline,40000,100,99,99,0.1918932879660858
lung,baseline,40000,100,99,99,0.12406986394928536
lung,baseline,40000,100,99,99,0.13275743860730313
lung,baseline,40000,100,99,99,0.18064414950288238
lung,baseline,40000,100,97,97,0.03673174292126611
lung,baseline,40000,100,95,95,0.1991930104818932
lung,baseline,40000,100,94,94,0.0478774013691939
lung,baseline,40000,100,93,93,0.20810551737083582
lung,baseline,40000,100,89,89,0.2226236343312394
lung,baseline,40000,100,66,66,0.26125213367029104
lung,baseline,40000,100,99,99,0.201463535598924
lung,baseline,40000,100,89,89,0.25804774865160957
lung,baseline,40000,100,87,87,0.16487165292947392
lung,baseline,40000,100,99,99,0.005398812172766601
lung,baseline,40000,100,99,99,0.016252134884510206
lung,baseline,40000,100,99,99,0.014213205529079544
lung,baseline,40000,100,99,99,0.009640048008387038
lung,baseline,40000,100,99,99,0.014428800464431098
lung,baseline,40000,100,99,99,0.04995069143732749
lung,baseline,40000,100,99,99,0.00990645144237947
lung,baseline,40000,100,99,99,0.00894738671764102
lung,baseline,40000,100,99,99,0.023741179416625718
lung,baseline,40000,100,99,99,0.008987624484746088
lung,baseline,40000,100,99,99,0.15513376002208695
lung,baseline,40000,100,99,99,0.013984900791304967
lung,baseline,40000,100,99,99,0.10258579457560339
lung,baseline,40000,100,99,99,0.03880628870131718
lung,baseline,40000,100,99,99,0.014379817193265467
lung,baseline,40000,100,99,99,0.029093468355273187
lung,baseline,40000,100,99,99,0.014652982981718536
lung,baseline,40000,100,99,99,0.0037262571153603855
lung,baseline,40000,100,99,99,0.024812017987420876
lung,baseline,40000,100,98,98,0.02135740036586527
lung,baseline,40000,100,98,98,0.019849546988708423
lung,baseline,40000,100,98,98,0.020325958592609474
lung,baseline,40000,100,98,98,0.028210600983787117
lung,baseline,40000,100,98,98,0.014894180391328738
lung,baseline,40000,100,98,98,0.022552196815451588
lung,baseline,40000,100,97,97,0.03706049196095509
lung,baseline,40000,100,97,97,0.020697987614703223
lung,baseline,40000,100,97,97,0.0397095116233197
lung,baseline,40000,100,93,93,0.0202474574241389
lung,baseline,40000,100,99,99,0.12407341426279982
lung,baseline,40000,100,99,99,0.1823820398063903
lung,baseline,40000,100,98,98,0.004718848000515656
lung,baseline,40000,100,94,94,0.19045521106155489
lung,baseline,40000,100,96,96,0.1595344908327508
lung,baseline,40000,100,95,95,0.12968196415644004
lung,baseline,40000,100,93,93,0.056315280946630915
lung,baseline,40000,100,91,91,0.20797250308745563
lung,baseline,40000,100,90,90,0.05806774900689259
lung,baseline,40000,100,99,99,0.18566610063634678
lung,baseline,40000,100,99,99,0.1347840147924611
lung,baseline,40000,100,97,97,0.03784735325416908
lung,baseline,40000,100,96,96,0.05448018186828226
lung,baseline,40000,100,94,94,0.19532048902396976
lung,baseline,40000,100,97,97,0.14123309544760065
lung,baseline,40000,100,93,93,0.20560653379368177
lung,baseline,40000,100,92,92,0.19344689478960903
lung,baseline,40000,100,88,88,0.1984267762517482
lung,baseline,40000,100,81,81,0.12339104032531212
lung,baseline,40000,100,95,95,0.028907159041294983
lung,baseline,40000,100,95,95,0.14136707829873194
lung,baseline,40000,100,19,19,0.42160988183344617
lung,baseline,40000,100,88,88,0.27395716448664675
lung,baseline,40000,100,43,43,0.27011738909065447
lung,baseline,40000,100,39,39,0.2728059027965005
lung,baseline,40000,100,37,37,0.2706012278344729
lung,baseline,40000,100,36,36,0.23818355367059477
lung,baseline,40000,100,99,99,0.0050541766576406
lung,baseline,40000,100,99,99,0.07397900341220186
lung,baseline,40000,100,99,99,0.14277314415429054
lung,baseline,40000,100,99,99,0.24752284260274898
lung,baseline,40000,100,95,95,0.19031155018455
lung,baseline,40000,100,95,95,0.2189928833819032
lung,baseline,40000,100,98,98,0.11220487506499231
lung,baseline,40000,100,96,96,0.1601820005772875
lung,baseline,40000,100,94,94,0.20005488137090255
lung,baseline,40000,100,99,99,0.263803897485329
lung,baseline,40000,100,99,99,0.024278132165709843
lung,baseline,40000,100,99,99,0.24919478979953852
lung,baseline,40000,100,98,98,0.054813312861418335
lung,baseline,40000,100,99,99,0.12477932599641361
lung,baseline,40000,100,99,99,0.19651899781864612
lung,baseline,40000,100,96,96,0.12374653864981783
lung,baseline,40000,100,99,99,0.24398552057493386
lung,baseline,40000,100,99,99,0.2791288699757731
lung,baseline,40000,100,98,98,0.11020458229687886
lung,baseline,40000,100,96,96,0.036646585780352146
lung,baseline,40000,100,95,95,0.27317190166444183
lung,baseline,40000,100,97,97,0.029322893460078818
lung,baseline,40000,100,95,95,0.1420857061020181
lung,baseline,40000,100,95,95,0.14995219547763503
lung,baseline,40000,100,95,95,0.182480956292475
lung,baseline,40000,100,93,93,0.06833649682977101
lung,baseline,40000,100,87,87,0.21665849249099162
lung,baseline,40000,100,77,77,0.2520489553852115
lung,baseline,40000,100,73,73,0.3087868797628587
lung,baseline,40000,100,62,62,0.27427782134726264
lung,baseline,40000,100,51,51,0.24483556612131882
lung,baseline,40000,100,91,91,0.1917992173879935
lung,baseline,40000,100,43,43,0.3168596700638157
lung,baseline,40000,100,39,39,0.30853688767121845
lung,baseline,40000,100,28,28,0.3578711463395325
lung,baseline,40000,100,98,98,0.1791789060555453
lung,baseline,40000,100,92,92,0.25276712437321625
lung,baseline,40000,100,91,91,0.05321228730564368
lung,baseline,40000,100,91,91,0.0490102454313611
lung,baseline,40000,100,89,89,0.16446279949479045
lung,baseline,40000,100,69,69,0.24542608522045917
lung,baseline,40000,100,68,68,0.22091586939386534
lung,baseline,40000,100,99,99,0.18873980031875137
lung,baseline,40000,100,93,93,0.16319135894555115
lung,baseline,40000,100,92,92,0.1885540250959549
lung,baseline,40000,100,90,90,0.2458089060005896
lung,baseline,40000,100,88,88,0.2086387681531887
lung,baseline,40000,100,83,83,0.19955475183954818
lung,baseline,40000,100,72,72,0.16728213589764926
lung,baseline,40000,100,99,99,0.1308799584440572
lung,baseline,40000,100,99,99,0.18842355869357608
lung,baseline,40000,100,99,99,0.027228407978440818
lung,baseline,40000,100,99,99,0.009368732932828626
lung,baseline,40000,100,98,98,0.12626102346345516
lung,baseline,40000,100,94,94,0.19278149715994544
lung,baseline,40000,100,98,98,0.23031866174540355
lung,baseline,40000,100,98,98,0.21349342078441474
lung,baseline,40000,100,98,98,0.22573380546434726
lung,baseline,40000,100,97,97,0.22069374054576738
lung,baseline,40000,100,97,97,0.22125144689603418
lung,baseline,40000,100,97,97,0.20688051387558948
lung,baseline,40000,100,91,91,0.27623371820926435
lung,baseline,40000,100,90,90,0.28132340683208523
lung,baseline,40000,100,90,90,0.23088857406121663
lung,baseline,40000,100,89,89,0.2733963307615037
lung,baseline,40000,100,89,89,0.2552299362199276
lung,baseline,40000,100,87,87,0.16112483529772828
lung,baseline,40000,100,87,87,0.19797415797694798
lung,baseline,40000,100,98,98,0.11722573469855048
lung,baseline,40000,100,96,96,0.16408096149513537
lung,baseline,40000,100,96,96,0.04914519744721912
lung,baseline,40000,100,94,94,0.20131755925884584
lung,baseline,40000,100,93,93,0.05119820891265997
lung,baseline,40000,100,68,68,0.18598886470398754
lung,baseline,40000,100,99,99,0.19093550043676752
lung,baseline,40000,100,99,99,0.12123651624518768
lung,baseline,40000,100,99,99,0.23196343021626625
lung,baseline,40000,100,99,99,0.007353530490517729
lung,baseline,40000,100,99,99,0.010679635336440105
lung,baseline,40000,100,99,99,0.010515182715864917
lung,baseline,40000,100,99,99,0.22065912297083146
lung,baseline,40000,100,99,99,0.011467430810252041
lung,baseline,40000,100,98,98,0.025355572366289356
lung,baseline,40000,100,99,99,0.07126952796603096
lung,baseline,40000,100,98,98,0.22830603321358856
lung,baseline,40000,100,98,98,0.20883889995538168
lung,baseline,40000,100,97,97,0.17519903264987893
lung,baseline,40000,100,96,96,0.06413582993054774
lung,baseline,40000,100,96,96,0.1535324140935355
lung,baseline,40000,100,94,94,0.2309882715618966
lung,baseline,40000,100,87,87,0.20320060288835057
lung,baseline,40000,100,99,99,0.13153207868361608
lung,baseline,40000,100,99,99,0.1867607803087839
lung,baseline,40000,100,94,94,0.19199443015633416
lung,baseline,40000,100,83,83,0.14583875903127708
lung,baseline,40000,100,82,82,0.0794888440046798
lung,baseline,40000,100,98,98,0.21017430009050195
lung,baseline,40000,100,97,97,0.23702632569549484
lung,baseline,40000,100,96,96,0.22723870410342506
lung,baseline,40000,100,95,95,0.22682812806356806
lung,baseline,40000,100,90,90,0.22865302699193546
lung,baseline,40000,100,87,87,0.1652982115517652
lung,baseline,40000,100,87,87,0.19878121162502085
lung,baseline,40000,100,99,99,0.04621117690468937
lung,baseline,40000,100,99,99,0.13215060719182772
lung,baseline,40000,100,99,99,0.2568722588922886
lung,baseline,40000,100,99,99,0.1631246240539057
lung,baseline,40000,100,99,99,0.021461393396794176
lung,baseline,40000,100,98,98,0.02280202929492005
lung,baseline,40000,100,95,95,0.06609994575054763
lung,baseline,40000,100,99,99,0.017503515753148482
lung,baseline,40000,100,99,99,0.2715781361645825
lung,baseline,40000,100,99,99,0.24490132733116138
lung,baseline,40000,100,96,96,0.025098349160993346
lung,baseline,40000,100,96,96,0.07687964229183082
lung,baseline,40000,100,94,94,0.26654004845719864
lung,baseline,40000,100,99,99,0.007495993871522436
lung,baseline,40000,100,99,99,0.13081173940599344
lung,baseline,40000,100,99,99,0.1756060491209367
lung,baseline,40000,100,98,98,0.001733249698957151
lung,baseline,40000,100,94,94,0.19351770852353167
lung,baseline,40000,100,99,99,0.2051443668640711
lung,baseline,40000,100,98,98,0.00704320910696573
lung,baseline,40000,100,98,98,0.22446824899381942
lung,baseline,40000,100,94,94,0.25811420126137874
lung,baseline,40000,100,94,94,0.07935197932940968
lung,baseline,40000,100,94,94,0.22822397177273623
lung,baseline,40000,100,92,92,0.2552169292490562
lung,baseline,40000,100,99,99,0.2773960739250806
lung,baseline,40000,100,99,99,0.24583414718514235
lung,baseline,40000,100,94,94,0.2703352949911582
lung,baseline,40000,100,99,99,0.19035053103327002
lung,baseline,40000,100,99,99,0.006243447398139626
lung,baseline,40000,100,99,99,0.09639671486905063
lung,baseline,40000,100,94,94,0.1982349505677372
lung,baseline,40000,100,93,93,0.030653575439592403
lung,baseline,40000,100,99,99,0.005502274832737501
lung,baseline,40000,100,99,99,0.009809944532443623
lung,baseline,40000,100,99,99,0.00847008672631073
lung,baseline,40000,100,99,99,0.024313777101941634
lung,baseline,40000,100,99,99,0.010009150780480796
lung,baseline,40000,100,99,99,0.006896557044826321
lung,baseline,40000,100,99,99,0.022246174075665946
lung,baseline,40000,100,99,99,0.016599786919231745
lung,baseline,40000,100,99,99,0.005449919413309065
lung,baseline,40000,100,99,99,0.013761992834797728
lung,baseline,40000,100,99,99,0.006198691578419214
lung,baseline,40000,100,99,99,0.011777067926085648
lung,baseline,40000,100,99,99,0.016141225166931422
lung,baseline,40000,100,99,99,0.01370722479590752
lung,baseline,40000,100,99,99,0.006284442557430753
lung,baseline,40000,100,99,99,0.008055290187147866
lung,baseline,40000,100,99,99,0.04912195506814652
lung,baseline,40000,100,99,99,0.13373356871073822
lung,baseline,40000,100,99,99,0.016335745874864888
lung,baseline,40000,100,99,99,0.014993687752056962
lung,baseline,40000,100,99,99,0.030479742717713133
lung,baseline,40000,100,99,99,0.10544575718495589
lung,baseline,40000,100,99,99,0.007964070912673342
lung,baseline,40000,100,99,99,0.009703529308389094
lung,baseline,40000,100,99,99,0.0171674421238787
lung,baseline,40000,100,99,99,0.022972098437389506
lung,baseline,40000,100,98,98,0.01896970069290459
lung,baseline,40000,100,98,98,0.01408776723640015
lung,baseline,40000,100,97,97,0.029876885269280857
lung,baseline,40000,100,97,97,0.03877711941236324
lung,baseline,40000,100,93,93,0.012644452404764486
lung,baseline,40000,100,99,99,0.11282438141596886
lung,baseline,40000,100,99,99,0.02784432753728732
lung,baseline,40000,100,99,99,0.016586580836491217
lung,baseline,40000,100,95,95,0.14304503208996308
lung,baseline,40000,100,99,99,0.1808291949736036
lung,baseline,40000,100,95,95,0.07310598313177231
lung,baseline,40000,100,93,93,0.2352389279577575
lung,baseline,40000,100,91,91,0.19054064203819807
lung,baseline,40000,100,89,89,0.16503631733837767
lung,baseline,40000,100,68,68,0.19207761281593594
lung,baseline,40000,100,79,79,0.24740573747496833
lung,baseline,40000,100,36,36,0.22914247869483428
lung,baseline,40000,100,98,98,0.2489112664014527
lung,baseline,40000,100,98,98,0.2594588544608396
lung,baseline,40000,100,98,98,0.2519627855834592
lung,baseline,40000,100,96,96,0.27232696762158987
lung,baseline,40000,100,93,93,0.24202305846123504
lung,baseline,40000,100,92,92,0.24020217691855122
lung,baseline,40000,100,91,91,0.25284665571837406
lung,baseline,40000,100,90,90,0.015305359270352743
lung,baseline,40000,100,99,99,0.185014429689684
lung,baseline,40000,100,98,98,0.1770173000769753
lung,baseline,40000,100,98,98,0.13254026126744564
lung,baseline,40000,100,94,94,0.19475262587557815
lung,baseline,40000,100,93,93,0.15860779107997472
lung,baseline,40000,100,89,89,0.04550091169401484
lung,baseline,40000,100,99,99,0.1138917159394162
lung,baseline,40000,100,92,92,0.1310344735000728
lung,baseline,40000,100,68,68,0.07610187340029109
lung,baseline,40000,100,99,99,0.2020180652524453
lung,baseline,40000,100,98,98,0.12643476052972466
lung,baseline,40000,100,94,94,0.2689161767618187
lung,baseline,40000,100,94,94,0.23124462497751025
lung,baseline,40000,100,99,99,0.26209136554977064
lung,baseline,40000,100,99,99,0.25547112606179573
lung,baseline,40000,100,99,99,0.015831185357761565
lung,baseline,40000,100,99,99,0.005451865078346006
lung,baseline,40000,100,98,98,0.0991108331239838
lung,baseline,40000,100,98,98,0.036043746977590226
lung,baseline,40000,100,97,97,0.037003784778339835
lung,baseline,40000,100,95,95,0.24178026443913944
lung,baseline,40000,100,94,94,0.014781041397475015
lung,baseline,40000,100,99,99,0.1202850333280762
lung,baseline,40000,100,99,99,0.051610696408181146
lung,baseline,40000,100,99,99,0.022893013850973108
lung,baseline,40000,100,98,98,0.01852512611966238
lung,baseline,40000,100,98,98,0.005676429563603326
lung,baseline,40000,100,94,94,0.18588192685928845
lung,baseline,40000,100,98,98,0.01498914006985442
lung,baseline,40000,100,96,96,0.13517455823072322
lung,baseline,40000,100,99,99,0.2555423285768524
lung,baseline,40000,100,89,89,0.24665412267580403
lung,baseline,40000,100,56,56,0.24105787041593896
lung,baseline,40000,100,99,99,0.012963886291804727
lung,baseline,40000,100,97,97,0.03231582737588515
lung,baseline,40000,100,96,96,0.11301556775398573
lung,baseline,40000,100,95,95,0.13914475131092122
lung,baseline,40000,100,82,82,0.18507885256905593
lung,baseline,40000,100,37,37,0.31581659368114307
lung,baseline,40000,100,99,99,0.18799889211030307
lung,baseline,40000,100,97,97,0.13587322338355165
lung,baseline,40000,100,94,94,0.19561424900034394
lung,baseline,40000,100,83,83,0.15075272976940116
lung,baseline,40000,100,82,82,0.08139115428060241
lung,baseline,40000,100,98,98,0.1177308530134044
lung,baseline,40000,100,98,98,0.06385796946254571
lung,baseline,40000,100,94,94,0.18028144120040723
lung,baseline,40000,100,94,94,0.14362114423785563
lung,baseline,40000,100,90,90,0.20017351830883
lung,baseline,40000,100,19,19,0.4181547238555281
lung,baseline,40000,100,90,90,0.17088684817247277
lung,baseline,40000,100,86,86,0.27298163303266365
lung,baseline,40000,100,84,84,0.2371670139101104
lung,baseline,40000,100,82,82,0.25814470593907746
lung,baseline,40000,100,70,70,0.3099833888793102
lung,baseline,40000,100,68,68,0.17187924048617206
lung,baseline,40000,100,43,43,0.3166469553678896
lung,baseline,40000,100,39,39,0.30580602452859595
lung,baseline,40000,100,99,99,0.018276294749983456
lung,baseline,40000,100,99,99,0.06662014324096284
lung,baseline,40000,100,99,99,0.0037331284438031865
lung,baseline,40000,100,99,99,0.13510115387035948
lung,baseline,40000,100,99,99,0.173047759370523
lung,baseline,40000,100,99,99,0.014290286792035423
lung,baseline,40000,100,98,98,0.012622815561382719
lung,baseline,40000,100,98,98,0.019650396695433073
lung,baseline,40000,100,98,98,0.005919436242906883
lung,baseline,40000,100,98,98,0.022757904834704624
lung,baseline,40000,100,96,96,0.035555218544513656
lung,baseline,40000,100,95,95,0.15510871111212218
lung,baseline,40000,100,92,92,0.051147849218279945
lung,baseline,40000,100,90,90,0.06641554992791152
lung,baseline,40000,100,99,99,0.18974349201832702
lung,baseline,40000,100,99,99,0.1574977985560235
lung,baseline,40000,100,96,96,0.1119500418263187
lung,baseline,40000,100,95,95,0.2502712462704072
lung,baseline,40000,100,94,94,0.23558131387285716
lung,baseline,40000,100,96,96,0.20501672958117778
lung,baseline,40000,100,94,94,0.26163861771044067
lung,baseline,40000,100,92,92,0.1911429238377238
lung,baseline,40000,100,83,83,0.1844388851758289
lung,baseline,40000,100,98,98,0.19555483780338045
lung,baseline,40000,100,98,98,0.20957149186899277
lung,baseline,40000,100,98,98,0.2372281290215387
lung,baseline,40000,100,98,98,0.22240576075635407
lung,baseline,40000,100,98,98,0.24517166396974815
lung,baseline,40000,100,96,96,0.02882669329213891
lung,baseline,40000,100,96,96,0.13672097042593448
lung,baseline,40000,100,95,95,0.2292153635779665
lung,baseline,40000,100,85,85,0.22131527414975147
lung,baseline,40000,100,99,99,0.1254925453243622
lung,baseline,40000,100,99,99,0.2427585897810751
lung,baseline,40000,100,99,99,0.20817343547740438
lung,baseline,40000,100,98,98,0.14206080920061856
lung,baseline,40000,100,98,98,0.03808167132291373
lung,baseline,40000,100,98,98,0.043325615340471295
lung,baseline,40000,100,97,97,0.010924946172879528
lung,baseline,40000,100,96,96,0.013550899695375922
lung,baseline,40000,100,96,96,0.16113631727743613
lung,baseline,40000,100,95,95,0.1392026988833843
lung,baseline,40000,100,75,75,0.17493950075330833
lung,baseline,40000,100,56,56,0.19641733611383053
lung,baseline,40000,100,40,40,0.17961477815562554
lung,baseline,40000,100,39,39,0.22560559241424188
lung,baseline,40000,100,37,37,0.19932969021478722
lung,baseline,40000,100,99,99,0.0013757929491462618
lung,baseline,40000,100,99,99,0.015595592976090852
lung,baseline,40000,100,99,99,0.008476810943528408
lung,baseline,40000,100,99,99,0.02141657199211861
lung,baseline,40000,100,99,99,0.005921417699184718
lung,baseline,40000,100,99,99,0.21543227813177082
lung,baseline,40000,100,99,99,0.25577967807614255
lung,baseline,40000,100,99,99,0.12821575241657804
lung,baseline,40000,100,99,99,0.02406755394370056
lung,baseline,40000,100,99,99,0.013781004795153078
lung,baseline,40000,100,99,99,0.020778841308385202
lung,baseline,40000,100,99,99,0.21875706556410018
lung,baseline,40000,100,98,98,0.04409838702959247
lung,baseline,40000,100,97,97,0.031393844323375636
lung,baseline,40000,100,97,97,0.022910396818393946
lung,baseline,40000,100,96,96,0.0675976293337138
lung,baseline,40000,100,99,99,0.2403424689061152
lung,baseline,40000,100,99,99,0.28336575082979953
lung,baseline,40000,100,99,99,0.0021256355311107472
lung,baseline,40000,100,91,91,0.2650976008318645
lung,baseline,40000,100,98,98,0.12004853419650519
lung,baseline,40000,100,94,94,0.17913406787811337
lung,baseline,40000,100,89,89,0.20146716736317552
lung,baseline,40000,100,68,68,0.13209746430270158
lung,baseline,40000,100,66,66,0.23059547588397253
lung,baseline,40000,100,62,62,0.21564397516503755
lung,baseline,40000,100,51,51,0.13234405199908747
lung,baseline,40000,100,99,99,0.1855629386806089
lung,baseline,40000,100,98,98,0.003942886763719906
lung,baseline,40000,100,96,96,0.12320360227965899
lung,baseline,40000,100,96,96,0.11855574612609088
lung,baseline,40000,100,94,94,0.187888735330466
lung,baseline,40000,100,86,86,0.18512017128985453
lung,baseline,40000,100,97,97,0.009769747492727613
lung,baseline,40000,100,56,56,0.23286521880363376
lung,baseline,40000,100,39,39,0.2777271082130894
lung,baseline,40000,100,37,37,0.2336043773004956
lung,baseline,40000,100,99,99,0.12794927308085197
lung,baseline,40000,100,99,99,0.11560650807275659
lung,baseline,40000,100,99,99,0.17175879854819295
lung,baseline,40000,100,99,99,0.02699935982685007
lung,baseline,40000,100,99,99,0.05427070853643072
lung,baseline,40000,100,98,98,0.006919823816629559
lung,baseline,40000,100,97,97,0.03577421876893616
lung,baseline,40000,100,93,93,0.029759723334825454
lung,baseline,40000,100,99,99,0.11120987418943587
lung,baseline,40000,100,99,99,0.006354649406104804
lung,baseline,40000,100,98,98,0.05955427891199666
lung,baseline,40000,100,96,96,0.1324611170567698
lung,baseline,40000,100,95,95,0.1575369448365766
lung,baseline,40000,100,99,99,0.20696553338762283
lung,baseline,40000,100,94,94,0.2697653314261202
lung,baseline,40000,100,87,87,0.1646696855806834
lung,baseline,40000,100,79,79,0.2320302921679454
lung,baseline,40000,100,78,78,0.24600440561212503
lung,baseline,40000,100,99,99,0.006289434495257813
lung,baseline,40000,100,99,99,0.12660996318295728
lung,baseline,40000,100,99,99,0.008528329181435661
lung,baseline,40000,100,98,98,0.1628066347696194
lung,baseline,40000,100,98,98,0.20858039264309455
lung,baseline,40000,100,98,98,0.20407021104075085
lung,baseline,40000,100,98,98,0.21514072610225485
lung,baseline,40000,100,97,97,0.22833451728274448
lung,baseline,40000,100,95,95,0.22533793545224962
lung,baseline,40000,100,99,99,0.1882526227551428
lung,baseline,40000,100,99,99,0.003723346181616994
lung,baseline,40000,100,96,96,0.20492261204536244
lung,baseline,40000,100,94,94,0.18213637473916408
lung,baseline,40000,100,99,99,0.13803233927067968
lung,baseline,40000,100,99,99,0.01546822434970855
lung,baseline,40000,100,99,99,0.00876351094928375
lung,baseline,40000,100,98,98,0.09501773805276253
lung,baseline,40000,100,98,98,0.19598694814898918
lung,baseline,40000,100,97,97,0.21836888355116627
lung,baseline,40000,100,93,93,0.1956559847816746
lung,baseline,40000,100,93,93,0.25029701364599194
lung,baseline,40000,100,92,92,0.18661076980478994
lung,baseline,40000,100,91,91,0.19894727215824368
lung,baseline,40000,100,97,97,0.139585490090874
lung,baseline,40000,100,95,95,0.12847024641806187
lung,baseline,40000,100,92,92,0.1298832542426033
lung,baseline,40000,100,92,92,0.21818154253646477
lung,baseline,40000,100,92,92,0.17946798966505084
lung,baseline,40000,100,91,91,0.19167236441832855
lung,baseline,40000,100,83,83,0.17328627104444438
lung,baseline,40000,100,69,69,0.1849286884537108
lung,baseline,40000,100,43,43,0.2388921444477995
lung,baseline,40000,100,39,39,0.23120611296577964
lung,baseline,40000,100,37,37,0.20615603538404575
lung,baseline,40000,100,36,36,0.18675128775555666
lung,baseline,40000,100,98,98,0.19567721329294996
lung,baseline,40000,100,94,94,0.24927312205160718
lung,baseline,40000,100,92,92,0.23293492927007603
lung,baseline,40000,100,89,89,0.24939176081960557
lung,baseline,40000,100,51,51,0.17196599274411134
lung,baseline,40000,100,99,99,0.25118140375840464
lung,baseline,40000,100,99,99,0.0635819189990672
lung,baseline,40000,100,99,99,0.253276413625188
lung,baseline,40000,100,98,98,0.18252988276055757
lung,baseline,40000,100,96,96,0.15214639363748791
lung,baseline,40000,100,95,95,0.16357514882428648
lung,baseline,40000,100,99,99,0.2042503582524531
lung,baseline,40000,100,86,86,0.24771718994217432
lung,baseline,40000,100,99,99,0.027201553330142098
lung,baseline,40000,100,96,96,0.16385687655456205
lung,baseline,40000,100,94,94,0.11489810225239568
lung,baseline,40000,100,94,94,0.18740144449987128
lung,baseline,40000,100,99,99,0.016453463907398463
lung,baseline,40000,100,99,99,0.0046551136608025245
lung,baseline,40000,100,99,99,0.013760650070508133
lung,baseline,40000,100,99,99,0.16624584316103758
lung,baseline,40000,100,99,99,0.00422161129772616
lung,baseline,40000,100,99,99,0.01851918293928716
lung,baseline,40000,100,99,99,0.027206414017059914
lung,baseline,40000,100,99,99,0.004259238362570921
lung,baseline,40000,100,99,99,0.015319628750037841
lung,baseline,40000,100,99,99,0.15617771065136415
lung,baseline,40000,100,99,99,0.010280337762947584
lung,baseline,40000,100,99,99,0.015141098706426007
lung,baseline,40000,100,99,99,0.04883206641508697
lung,baseline,40000,100,99,99,0.010335127040783074
lung,baseline,40000,100,99,99,0.16175165520652665
lung,baseline,40000,100,99,99,0.01681619997052683
lung,baseline,40000,100,99,99,0.022522543533732453
lung,baseline,40000,100,99,99,0.011896736870327223
lung,baseline,40000,100,99,99,0.02023400420479708
lung,baseline,40000,100,99,99,0.0028720667819481464
lung,baseline,40000,100,98,98,0.021473117922136003
lung,baseline,40000,100,98,98,0.01601622748836118
lung,baseline,40000,100,98,98,0.043306550718383414
lung,baseline,40000,100,97,97,0.0130338320231224
lung,baseline,40000,100,97,97,0.028856485318467465
lung,baseline,40000,100,97,97,0.059891471163039035
lung,baseline,40000,100,97,97,0.051378803499828894
lung,baseline,40000,100,96,96,0.013768837322056074
lung,baseline,40000,100,93,93,0.03152383889021456
lung,baseline,40000,100,90,90,0.20034545962092823
lung,baseline,40000,100,90,90,0.26233544410690696
lung,baseline,40000,100,68,68,0.17484532826116905
lung,baseline,40000,100,66,66,0.2884789090018357
lung,baseline,40000,100,62,62,0.26550264296683657
lung,baseline,40000,100,43,43,0.3169593534658851
lung,baseline,40000,100,39,39,0.3019805225702534
lung,baseline,40000,100,98,98,0.1607956598107958
lung,baseline,40000,100,97,97,0.17710050454435153
lung,baseline,40000,100,92,92,0.21196256150091833
lung,baseline,40000,100,89,89,0.24472483707569165
lung,baseline,40000,100,81,81,0.18967867122772555
lung,baseline,40000,100,92,92,0.20514337977951294
lung,baseline,40000,100,89,89,0.22259305029650342
lung,baseline,40000,100,68,68,0.1681258954424777
lung,baseline,40000,100,37,37,0.25975088143348074
lung,baseline,40000,100,99,99,0.18806872790904863
lung,baseline,40000,100,99,99,0.02960720800357864
lung,baseline,40000,100,98,98,0.1256661905985225
lung,baseline,40000,100,98,98,0.1860534874390628
lung,baseline,40000,100,98,98,0.0063226760312068446
lung,baseline,40000,100,98,98,0.13031044157382302
lung,baseline,40000,100,94,94,0.19219019621344988
lung,baseline,40000,100,99,99,0.011580944634963468
lung,baseline,40000,100,98,98,0.19115677577206602
lung,baseline,40000,100,98,98,0.21103693336131013
lung,baseline,40000,100,98,98,0.18713295245133674
lung,baseline,40000,100,98,98,0.20959114660802589
lung,baseline,40000,100,98,98,0.13808761081794674
lung,baseline,40000,100,98,98,0.186712316953783
lung,baseline,40000,100,93,93,0.1944604201541528
lung,baseline,40000,100,98,98,0.026409212699012
lung,baseline,40000,100,95,95,0.2604958258829263
lung,baseline,40000,100,94,94,0.21296431946926858
lung,baseline,40000,100,51,51,0.18279573308527342
lung,baseline,40000,100,66,66,0.34180051531870226
lung,baseline,40000,100,62,62,0.3085109721896501
lung,baseline,40000,100,56,56,0.3368599867765136
lung,baseline,40000,100,51,51,0.22023490522166914
lung,baseline,40000,100,28,28,0.3666174633510355
lung,baseline,40000,100,99,99,0.2707242772960581
lung,baseline,40000,100,98,98,0.2485855229203175
lung,baseline,40000,100,96,96,0.23492521722494422
lung,baseline,40000,100,94,94,0.26481488144285803
lung,baseline,40000,100,94,94,0.15195998805201621
lung,baseline,40000,100,82,82,0.1727709222340215
lung,baseline,40000,100,68,68,0.07801771688674636
lung,baseline,40000,100,66,66,0.217715447341299
lung,baseline,40000,100,62,62,0.1824716031683593
lung,baseline,40000,100,37,37,0.20684522677457895
lung,baseline,40000,100,36,36,0.18337085442275564
lung,baseline,40000,100,99,99,0.187898517225865
lung,baseline,40000,100,94,94,0.04114335631465028
lung,baseline,40000,100,93,93,0.1924027137122887
lung,baseline,40000,100,91,91,0.19463673166121995
lung,baseline,40000,100,89,89,0.04881210531470649
lung,baseline,40000,100,86,86,0.24360880822168873
lung,baseline,40000,100,83,83,0.14683385213921946
lung,baseline,40000,100,82,82,0.07814596961087686
lung,baseline,40000,100,81,81,0.2417677905081778
lung,baseline,40000,100,79,79,0.2072164680638308
lung,baseline,40000,100,99,99,0.1278661889875793
lung,baseline,40000,100,99,99,0.18277957608847273
lung,baseline,40000,100,93,93,0.19021692062381568
lung,baseline,40000,100,93,93,0.19455538947845494
lung,baseline,40000,100,92,92,0.19322433168670566
lung,baseline,40000,100,87,87,0.19217473948675345
lung,baseline,40000,100,93,93,0.18792322520546478
lung,baseline,40000,100,93,93,0.2749851936188649
lung,baseline,40000,100,92,92,0.2316592350859166
lung,baseline,40000,100,91,91,0.24052668972087546
lung,baseline,40000,100,73,73,0.26204815584148633
lung,baseline,40000,100,68,68,0.193678067131369
lung,baseline,40000,100,66,66,0.2751513449368174
lung,baseline,40000,100,62,62,0.2485848028867511
lung,baseline,40000,100,51,51,0.17616816123222417
lung,baseline,40000,100,99,99,0.13387508377572618
lung,baseline,40000,100,98,98,0.004731136640506653
lung,baseline,40000,100,98,98,0.02810840009222561
lung,baseline,40000,100,98,98,0.20590122681440115
lung,baseline,40000,100,96,96,0.042471691696752224
lung,baseline,40000,100,87,87,0.19997929090141534
lung,baseline,40000,100,97,97,0.14141235066196436
lung,baseline,40000,100,93,93,0.12874878805309192
lung,baseline,40000,100,93,93,0.23146614882425184
lung,baseline,40000,100,91,91,0.18893900073071743
lung,baseline,40000,100,89,89,0.2173526316746988
lung,baseline,40000,100,73,73,0.21190513724321558
lung,baseline,40000,100,68,68,0.1467153327563426
lung,baseline,40000,100,66,66,0.2516026685595487
lung,baseline,40000,100,62,62,0.24241214557081264
lung,baseline,40000,100,51,51,0.1517290582325414
lung,baseline,40000,100,99,99,0.09879113498496407
lung,baseline,40000,100,99,99,0.027137310673565448
lung,baseline,40000,100,99,99,0.0902679633965863
lung,baseline,40000,100,99,99,0.08205605352308255
lung,baseline,40000,100,99,99,0.2850278137210582
lung,baseline,40000,100,99,99,0.025900671624489814
lung,baseline,40000,100,99,99,0.009090304499415358
lung,baseline,40000,100,99,99,0.01886439589415987
lung,baseline,40000,100,98,98,0.016412496822409053
lung,baseline,40000,100,97,97,0.039079060535612
lung,baseline,40000,100,97,97,0.02377814187427379
lung,baseline,40000,100,97,97,0.054910898242528955
lung,baseline,40000,100,97,97,0.04127113493213111
lung,baseline,40000,100,97,97,0.03853405046494686
lung,baseline,40000,100,99,99,0.1111687293780212
lung,baseline,40000,100,98,98,0.07643295733898177
lung,baseline,40000,100,96,96,0.15715443259137957
lung,baseline,40000,100,98,98,0.18878150666591523
lung,baseline,40000,100,98,98,0.21199427646275285
lung,baseline,40000,100,98,98,0.21045797564779226
lung,baseline,40000,100,98,98,0.19083153495394548
lung,baseline,40000,100,95,95,0.1396056421905018
lung,baseline,40000,100,94,94,0.03771825985534606
lung,baseline,40000,100,94,94,0.17076038459377038
lung,baseline,40000,100,94,94,0.19858520503768973
lung,baseline,40000,100,94,94,0.197991982498695
lung,baseline,40000,100,91,91,0.2007597966908135
lung,baseline,40000,100,89,89,0.045072156569448324
lung,baseline,40000,100,83,83,0.14799328226827418
lung,baseline,40000,100,82,82,0.08040030563391627
lung,baseline,40000,100,99,99,0.12905792223995197
lung,baseline,40000,100,98,98,0.20817320114525933
lung,baseline,40000,100,94,94,0.24837533662009306
lung,baseline,40000,100,93,93,0.22432316094545396
lung,baseline,40000,100,93,93,0.19363356878617646
lung,baseline,40000,100,93,93,0.2366874066038124
lung,baseline,40000,100,92,92,0.21249800377089387
lung,baseline,40000,100,92,92,0.22589216719260574
lung,baseline,40000,100,87,87,0.22321601611928615
lung,baseline,40000,100,89,89,0.2575566320891908
lung,baseline,40000,100,88,88,0.2241302890793892
lung,baseline,40000,100,83,83,0.22736966220617727
lung,baseline,40000,100,37,37,0.32031245201656855
lung,baseline,40000,101,100,100,0.12432404850450286
lung,baseline,40000,101,100,100,0.009687777898721113
lung,baseline,40000,101,100,100,0.16664627355109982
lung,baseline,40000,101,100,100,0.25693946475993934
lung,baseline,40000,101,95,95,0.21225292552639513
lung,baseline,40000,101,100,100,0.005408741491678229
lung,baseline,40000,101,100,100,0.012020958947421756
lung,baseline,40000,101,100,100,0.128038515076628
lung,baseline,40000,101,100,100,0.009197993633982932
lung,baseline,40000,101,100,100,0.007283101289324508
lung,baseline,40000,101,100,100,0.014166637006156321
lung,baseline,40000,101,100,100,0.0038758689486459896
lung,baseline,40000,101,100,100,0.008727994916985195
lung,baseline,40000,101,100,100,0.019705366415361317
lung,baseline,40000,101,100,100,0.0075490287051068385
lung,baseline,40000,101,100,100,0.013302512725194858
lung,baseline,40000,101,100,100,0.18781167107792207
lung,baseline,40000,101,100,100,0.01333507623221539
lung,baseline,40000,101,100,100,0.018136205873522764
lung,baseline,40000,101,100,100,0.12338245385786807
lung,baseline,40000,101,100,100,0.030849310565555302
lung,baseline,40000,101,100,100,0.08000575256699284
lung,baseline,40000,101,100,100,0.003242405579263185
lung,baseline,40000,101,100,100,0.027907136519572377
lung,baseline,40000,101,100,100,0.012314823434080222
lung,baseline,40000,101,100,100,0.003149677991115126
lung,baseline,40000,101,100,100,0.01222971255074768
lung,baseline,40000,101,100,100,0.018156088509545934
lung,baseline,40000,101,100,100,0.038800678579732795
lung,baseline,40000,101,100,100,0.015828489423977153
lung,baseline,40000,101,99,99,0.0157463957106693
lung,baseline,40000,101,99,99,0.044464663058500255
lung,baseline,40000,101,98,98,0.0463238213404879
lung,baseline,40000,101,98,98,0.02967870404667193
lung,baseline,40000,101,98,98,0.03744952414050362
lung,baseline,40000,101,99,99,0.011771192704127078
lung,baseline,40000,101,97,97,0.16460236384097435
lung,baseline,40000,101,100,100,0.20543156005247615
lung,baseline,40000,101,96,96,0.16934237294636892
lung,baseline,40000,101,96,96,0.23095068662171414
lung,baseline,40000,101,97,97,0.1691847547987198
lung,baseline,40000,101,99,99,0.20373451035025528
lung,baseline,40000,101,99,99,0.1947756401129095
lung,baseline,40000,101,99,99,0.20597954285115946
lung,baseline,40000,101,98,98,0.0207916306303247
lung,baseline,40000,101,98,98,0.1901390571207474
lung,baseline,40000,101,96,96,0.1302587591831149
lung,baseline,40000,101,95,95,0.2125420359042931
lung,baseline,40000,101,87,87,0.19354363321950016
lung,baseline,40000,101,100,100,0.020117733608569915
lung,baseline,40000,101,100,100,0.020217137269208665
lung,baseline,40000,101,97,97,0.1587786539550681
lung,baseline,40000,101,100,100,0.021435221246383692
lung,baseline,40000,101,96,96,0.1509417250049073
lung,baseline,40000,101,51,51,0.16216516462131875
lung,baseline,40000,101,43,43,0.33789990600344044
lung,baseline,40000,101,28,28,0.35720818613197564
lung,baseline,40000,101,100,100,0.12492494889194909
lung,baseline,40000,101,97,97,0.024770343539597256
lung,baseline,40000,101,96,96,0.20134602935990617
lung,baseline,40000,101,51,51,0.16010391213869077
lung,baseline,40000,101,100,100,0.17365178192032618
lung,baseline,40000,101,96,96,0.235480035027244
lung,baseline,40000,101,96,96,0.028055402779576858
lung,baseline,40000,101,94,94,0.2458420552951521
lung,baseline,40000,101,92,92,0.2119538757930308
lung,baseline,40000,101,87,87,0.23350414202968464
lung,baseline,40000,101,90,90,0.1295705802909567
lung,baseline,40000,101,87,87,0.23790830818091044
lung,baseline,40000,101,87,87,0.17131920470864342
lung,baseline,40000,101,87,87,0.04212964987165168
lung,baseline,40000,101,85,85,0.21297731983574675
lung,baseline,40000,101,81,81,0.1320701787481846
lung,baseline,40000,101,75,75,0.25442117114068913
lung,baseline,40000,101,100,100,0.18693675453399552
lung,baseline,40000,101,100,100,0.15758864974649878
lung,baseline,40000,101,100,100,0.12401763050574781
lung,baseline,40000,101,100,100,0.23282649927929389
lung,baseline,40000,101,99,99,0.09463328248539013
lung,baseline,40000,101,96,96,0.23020326766448362
lung,baseline,40000,101,99,99,0.1331022434047507
lung,baseline,40000,101,97,97,0.028335895033175764
lung,baseline,40000,101,95,95,0.1809486234518902
lung,baseline,40000,101,92,92,0.13529154598385293
lung,baseline,40000,101,99,99,0.21209383752640407
lung,baseline,40000,101,98,98,0.040793516240329834
lung,baseline,40000,101,97,97,0.19755703817598785
lung,baseline,40000,101,96,96,0.21879088387576787
lung,baseline,40000,101,95,95,0.21916475652769898
lung,baseline,40000,101,94,94,0.21384781398118166
lung,baseline,40000,101,94,94,0.2824437871731122
lung,baseline,40000,101,86,86,0.222072370634859
lung,baseline,40000,101,98,98,0.2568299393178274
lung,baseline,40000,101,97,97,0.20484997949433967
lung,baseline,40000,101,96,96,0.28754729065088874
lung,baseline,40000,101,93,93,0.2331482739640834
lung,baseline,40000,101,92,92,0.11636411081578901
lung,baseline,40000,101,91,91,0.30939494880697466
lung,baseline,40000,101,87,87,0.21482610031101396
lung,baseline,40000,101,73,73,0.31294250081187325
lung,baseline,40000,101,66,66,0.36716674328142007
lung,baseline,40000,101,62,62,0.3346806552256298
lung,baseline,40000,101,83,83,0.21389104896822572
lung,baseline,40000,101,83,83,0.21770074960981436
lung,baseline,40000,101,43,43,0.30477935938571893
lung,baseline,40000,101,39,39,0.2996474631064432
lung,baseline,40000,101,95,95,0.2366578644894888
lung,baseline,40000,101,93,93,0.2639251799195012
lung,baseline,40000,101,93,93,0.20832612506941703
lung,baseline,40000,101,93,93,0.21859142469958212
lung,baseline,40000,101,92,92,0.22874517640125172
lung,baseline,40000,101,91,91,0.2218117618538593
lung,baseline,40000,101,91,91,0.2533794045277645
lung,baseline,40000,101,91,91,0.24354394439823024
lung,baseline,40000,101,90,90,0.2517850489593591
lung,baseline,40000,101,89,89,0.2653582522524296
lung,baseline,40000,101,87,87,0.2603600124369283
lung,baseline,40000,101,68,68,0.23327087152243348
lung,baseline,40000,101,62,62,0.16098882349609148
lung,baseline,40000,101,62,62,0.24039734532379695
lung,baseline,40000,101,100,100,0.15452978054976785
lung,baseline,40000,101,98,98,0.049309066010711645
lung,baseline,40000,101,96,96,0.1754450151884449
lung,baseline,40000,101,43,43,0.3030063925352891
lung,baseline,40000,101,39,39,0.3010796435778745
lung,baseline,40000,101,37,37,0.22970841630779285
lung,baseline,40000,101,28,28,0.3333509894316681
lung,baseline,40000,101,100,100,0.20684016570222374
lung,baseline,40000,101,97,97,0.18138937236363717
lung,baseline,40000,101,96,96,0.2082657187948732
lung,baseline,40000,101,90,90,0.23200372581481857
lung,baseline,40000,101,68,68,0.2099502103782974
lung,baseline,40000,101,66,66,0.24273200515096238
lung,baseline,40000,101,62,62,0.2304039137730473
lung,baseline,40000,101,56,56,0.2613002338437752
lung,baseline,40000,101,43,43,0.2938221243178272
lung,baseline,40000,101,39,39,0.3196579317759714
lung,baseline,40000,101,99,99,0.1261497467765541
lung,baseline,40000,101,97,97,0.10934144291891455
lung,baseline,40000,101,97,97,0.17173603971338205
lung,baseline,40000,101,96,96,0.1301128391069032
lung,baseline,40000,101,95,95,0.05795071979177941
lung,baseline,40000,101,95,95,0.16025215688502337
lung,baseline,40000,101,94,94,0.04170099819626094
lung,baseline,40000,101,94,94,0.2300974562930075
lung,baseline,40000,101,93,93,0.1345652011451735
lung,baseline,40000,101,91,91,0.18497245162838616
lung,baseline,40000,101,90,90,0.13049422831161925
lung,baseline,40000,101,92,92,0.21526726192194937
lung,baseline,40000,101,89,89,0.07288394497738068
lung,baseline,40000,101,85,85,0.22899739535795255
lung,baseline,40000,101,82,82,0.2460399526000188
lung,baseline,40000,101,68,68,0.17826690974195777
lung,baseline,40000,101,51,51,0.15715870603485393
lung,baseline,40000,101,100,100,0.0017192384040017328
lung,baseline,40000,101,100,100,0.2531508861827211
lung,baseline,40000,101,100,100,0.10049983931473
lung,baseline,40000,101,100,100,0.003577725909396022
lung,baseline,40000,101,100,100,0.06258540828035589
lung,baseline,40000,101,100,100,0.007878934849464862
lung,baseline,40000,101,100,100,0.0023763618685304893
lung,baseline,40000,101,100,100,0.24683093114736745
lung,baseline,40000,101,98,98,0.03686150651871027
lung,baseline,40000,101,98,98,0.004458974130639892
lung,baseline,40000,101,97,97,0.03260102921203017
lung,baseline,40000,101,99,99,0.0057255407363162505
lung,baseline,40000,101,98,98,0.041875586241961894
lung,baseline,40000,101,97,97,0.1238764465077726
lung,baseline,40000,101,96,96,0.19396769183032167
lung,baseline,40000,101,95,95,0.1657339361008567
lung,baseline,40000,101,96,96,0.21317289213804314
lung,baseline,40000,101,92,92,0.24214041824119428
lung,baseline,40000,101,87,87,0.23486899302720907
lung,baseline,40000,101,51,51,0.1939703848385275
lung,baseline,40000,101,28,28,0.3618968111894983
lung,baseline,40000,101,98,98,0.02868677678333412
lung,baseline,40000,101,95,95,0.19294717238791745
lung,baseline,40000,101,95,95,0.21451804495574148
lung,baseline,40000,101,94,94,0.18036831718126523
lung,baseline,40000,101,91,91,0.1637938912594116
lung,baseline,40000,101,100,100,0.1730277006339231
lung,baseline,40000,101,97,97,0.14974626562328242
lung,baseline,40000,101,96,96,0.1649201963163304
lung,baseline,40000,101,100,100,0.2531425068819377
lung,baseline,40000,101,97,97,0.26659595662510227
lung,baseline,40000,101,95,95,0.12435056777010589
lung,baseline,40000,101,92,92,0.23845186150096453
lung,baseline,40000,101,56,56,0.21824062043063533
lung,baseline,40000,101,98,98,0.20146304739693432
lung,baseline,40000,101,96,96,0.05995444019929227
lung,baseline,40000,101,96,96,0.17407388865634668
lung,baseline,40000,101,89,89,0.2532970420787575
lung,baseline,40000,101,81,81,0.21953261089230866
lung,baseline,40000,101,100,100,0.19448838891772144
lung,baseline,40000,101,95,95,0.21871408770149828
lung,baseline,40000,101,95,95,0.1483667824882605
lung,baseline,40000,101,86,86,0.2935370496165674
lung,baseline,40000,101,100,100,0.1645183903228553
lung,baseline,40000,101,99,99,0.08204010302557967
lung,baseline,40000,101,99,99,0.21287027466847763
lung,baseline,40000,101,96,96,0.17379613447176165
lung,baseline,40000,101,100,100,0.0348737458064378
lung,baseline,40000,101,100,100,0.06258778593080849
lung,baseline,40000,101,100,100,0.010601549612087091
lung,baseline,40000,101,100,100,0.0616406728804936
lung,baseline,40000,101,100,100,0.27342839336483027
lung,baseline,40000,101,100,100,0.11194634110156715
lung,baseline,40000,101,100,100,0.011181495741119879
lung,baseline,40000,101,100,100,0.23813012128063696
lung,baseline,40000,101,99,99,0.003948898753549783
lung,baseline,40000,101,98,98,0.02488209919675737
lung,baseline,40000,101,98,98,0.020719395293699632
lung,baseline,40000,101,98,98,0.02044040710954634
lung,baseline,40000,101,96,96,0.047257785999185314
lung,baseline,40000,101,56,56,0.23619738721849057
lung,baseline,40000,101,51,51,0.2190017965247057
lung,baseline,40000,101,43,43,0.27766054704288506
lung,baseline,40000,101,28,28,0.3748709711391032
lung,baseline,40000,101,96,96,0.12192110083253467
lung,baseline,40000,101,94,94,0.023275537856896254
lung,baseline,40000,101,92,92,0.15487943445953226
lung,baseline,40000,101,90,90,0.05506177990775142
lung,baseline,40000,101,89,89,0.14428476751753216
lung,baseline,40000,101,96,96,0.18647117827758666
lung,baseline,40000,101,95,95,0.16889805674578118
lung,baseline,40000,101,68,68,0.13549665824774493
lung,baseline,40000,101,100,100,0.23480540785469883
lung,baseline,40000,101,96,96,0.12124191384109866
lung,baseline,40000,101,96,96,0.19104878025473496
lung,baseline,40000,101,95,95,0.24277015517942888
lung,baseline,40000,101,100,100,0.22071297632416545
lung,baseline,40000,101,97,97,0.042559658742820895
lung,baseline,40000,101,96,96,0.26585743638065334
lung,baseline,40000,101,96,96,0.2358500641474849
lung,baseline,40000,101,98,98,0.20802268729933404
lung,baseline,40000,101,94,94,0.21876058605578078
lung,baseline,40000,101,94,94,0.2379292738682743
lung,baseline,40000,101,94,94,0.21478663743984094
lung,baseline,40000,101,92,92,0.26375968719002296
lung,baseline,40000,101,89,89,0.24774133789033218
lung,baseline,40000,101,81,81,0.21513706337683777
lung,baseline,40000,101,99,99,0.2438013166594352
lung,baseline,40000,101,99,99,0.23662288794868686
lung,baseline,40000,101,98,98,0.25106034245854325
lung,baseline,40000,101,96,96,0.21560284252734466
lung,baseline,40000,101,95,95,0.23063763742106036
lung,baseline,40000,101,100,100,0.017563145425403416
lung,baseline,40000,101,100,100,0.11686571328218116
lung,baseline,40000,101,100,100,0.12558039782013264
lung,baseline,40000,101,99,99,0.07499793390482057
lung,baseline,40000,101,98,98,0.04374223783022308
lung,baseline,40000,101,97,97,0.1570830071489233
lung,baseline,40000,101,95,95,0.13262407248527913
lung,baseline,40000,101,82,82,0.2270418912651782
lung,baseline,40000,101,68,68,0.1754328072846179
lung,baseline,40000,101,66,66,0.27049011815428736
lung,baseline,40000,101,62,62,0.25953450527064625
lung,baseline,40000,101,51,51,0.16210153167046928
lung,baseline,40000,101,43,43,0.32445478252851706
lung,baseline,40000,101,98,98,0.18628204067472728
lung,baseline,40000,101,97,97,0.2143905491767917
lung,baseline,40000,101,95,95,0.17051910606792203
lung,baseline,40000,101,94,94,0.2571054183153411
lung,baseline,40000,101,93,93,0.2245392671893498
lung,baseline,40000,101,92,92,0.22287447114268452
lung,baseline,40000,101,91,91,0.17210421158378933
lung,baseline,40000,101,91,91,0.23755253312002972
lung,baseline,40000,101,87,87,0.17629372843996485
lung,baseline,40000,101,95,95,0.18880238851329115
lung,baseline,40000,101,93,93,0.04231768427487447
lung,baseline,40000,101,92,92,0.18957995476562275
lung,baseline,40000,101,89,89,0.2421771511883676
lung,baseline,40000,101,86,86,0.1850594001852141
lung,baseline,40000,101,84,84,0.20401822084885984
lung,baseline,40000,101,68,68,0.1957157432602903
lung,baseline,40000,101,100,100,0.11934312706124192
lung,baseline,40000,101,100,100,0.0195445270409655
lung,baseline,40000,101,99,99,0.1345720592442734
lung,baseline,40000,101,96,96,0.20495405329159996
lung,baseline,40000,101,96,96,0.1368074633204543
lung,baseline,40000,101,94,94,0.047517572027025286
lung,baseline,40000,101,93,93,0.14183157937409413
lung,baseline,40000,101,91,91,0.04420223713499802
lung,baseline,40000,101,90,90,0.14389203955715832
lung,baseline,40000,101,89,89,0.06374676259573885
lung,baseline,40000,101,100,100,0.1229084319930816
lung,baseline,40000,101,100,100,0.00486580503531986
lung,baseline,40000,101,95,95,0.18332147753574116
lung,baseline,40000,101,97,97,0.14345333933073912
lung,baseline,40000,101,95,95,0.19684831973641445
lung,baseline,40000,101,83,83,0.17411618563966297
lung,baseline,40000,101,87,87,0.20521036976592893
lung,baseline,40000,101,87,87,0.2035865996386884
lung,baseline,40000,101,79,79,0.2219620175288185
lung,baseline,40000,101,68,68,0.1331689709999188
lung,baseline,40000,101,43,43,0.2851955764433812
lung,baseline,40000,101,37,37,0.24473480134490808
lung,baseline,40000,101,28,28,0.34492465267181693
lung,baseline,40000,101,100,100,0.01098159109092374
lung,baseline,40000,101,99,99,0.14801106572025013
lung,baseline,40000,101,98,98,0.1867140673328561
lung,baseline,40000,101,96,96,0.16771816664363337
lung,baseline,40000,101,96,96,0.026877918647567296
lung,baseline,40000,101,95,95,0.24403547186643096
lung,baseline,40000,101,93,93,0.1689577890472643
lung,baseline,40000,101,92,92,0.23357801775057593
lung,baseline,40000,101,89,89,0.23747837477317854
lung,baseline,40000,101,81,81,0.20756713284685818
lung,baseline,40000,101,99,99,0.23733409737185696
lung,baseline,40000,101,97,97,0.029683962285580064
lung,baseline,40000,101,96,96,0.1909145578312481
lung,baseline,40000,101,96,96,0.2359547312171496
lung,baseline,40000,101,96,96,0.1902651251584828
lung,baseline,40000,101,93,93,0.04686723810173968
lung,baseline,40000,101,97,97,0.11536938234008093
lung,baseline,40000,101,87,87,0.15514874518141006
lung,baseline,40000,101,84,84,0.13385503347540098
lung,baseline,40000,101,100,100,0.2603401631256489
lung,baseline,40000,101,99,99,0.01112197139086216
lung,baseline,40000,101,99,99,0.014370445335711943
lung,baseline,40000,101,99,99,0.10365873299314636
lung,baseline,40000,101,98,98,0.15164149979954286
lung,baseline,40000,101,97,97,0.15163291256560923
lung,baseline,40000,101,97,97,0.1665846349220596
lung,baseline,40000,101,97,97,0.2662451120450339
lung,baseline,40000,101,96,96,0.16407396723212647
lung,baseline,40000,101,95,95,0.23745550330678108
lung,baseline,40000,101,91,91,0.1745819721722341
lung,baseline,40000,101,56,56,0.279413262983846
lung,baseline,40000,101,40,40,0.2220812795593588
lung,baseline,40000,101,39,39,0.27336377771274767
lung,baseline,40000,101,37,37,0.29038995558403624
lung,baseline,40000,101,89,89,0.226933175852443
lung,baseline,40000,101,87,87,0.22363435538171209
lung,baseline,40000,101,84,84,0.27167122587477616
lung,baseline,40000,101,80,80,0.29131977757350724
lung,baseline,40000,101,62,62,0.20156192248964447
lung,baseline,40000,101,51,51,0.2000556468884704
lung,baseline,40000,101,43,43,0.32247691318797783
lung,baseline,40000,101,100,100,0.2018722843702609
lung,baseline,40000,101,62,62,0.1946206638487479
lung,baseline,40000,101,100,100,0.014066798417808708
lung,baseline,40000,101,100,100,0.006198135949559146
lung,baseline,40000,101,100,100,0.12415238404295838
lung,baseline,40000,101,100,100,0.03162076487435452
lung,baseline,40000,101,100,100,0.0707173586186244
lung,baseline,40000,101,100,100,0.011418633876264845
lung,baseline,40000,101,100,100,0.005579292343398689
lung,baseline,40000,101,100,100,0.0011663129892581382
lung,baseline,40000,101,100,100,0.005221209082072016
lung,baseline,40000,101,100,100,0.052809518557103204
lung,baseline,40000,101,100,100,0.16192427617012498
lung,baseline,40000,101,100,100,0.1258924649989277
lung,baseline,40000,101,100,100,0.0055565913824030845
lung,baseline,40000,101,100,100,0.004845321085625382
lung,baseline,40000,101,100,100,0.2108219051989688
lung,baseline,40000,101,100,100,0.017540289407679256
lung,baseline,40000,101,98,98,0.01049619092269982
lung,baseline,40000,101,95,95,0.006010691685384558
lung,baseline,40000,101,93,93,0.20762222558870455
lung,baseline,40000,101,89,89,0.2295510084686769
lung,baseline,40000,101,63,63,0.19712300685758932
lung,baseline,40000,101,37,37,0.2295116629591258
lung,baseline,40000,101,28,28,0.3685244316023497
lung,baseline,40000,101,100,100,0.02227603708348008
lung,baseline,40000,101,100,100,0.12270265021766838
lung,baseline,40000,101,100,100,0.12292139583981897
lung,baseline,40000,101,99,99,0.012730903820992406
lung,baseline,40000,101,97,97,0.019168878114368054
lung,baseline,40000,101,94,94,0.03719727402039477
lung,baseline,40000,101,89,89,0.06974338385345304
lung,baseline,40000,101,89,89,0.06897432129692264
lung,baseline,40000,101,95,95,0.1836496726935966
lung,baseline,40000,101,95,95,0.152829587550671
lung,baseline,40000,101,94,94,0.11368351766700534
lung,baseline,40000,101,92,92,0.15235536058031499
lung,baseline,40000,101,91,91,0.16731551296630343
lung,baseline,40000,101,79,79,0.19413821544696203
lung,baseline,40000,101,83,83,0.20627984255801252
lung,baseline,40000,101,43,43,0.32695218581506186
lung,baseline,40000,101,39,39,0.3162239563285943
lung,baseline,40000,101,27,27,0.34460161801383005
lung,baseline,40000,101,92,92,0.24919948926091323
lung,baseline,40000,101,91,91,0.19171896139725791
lung,baseline,40000,101,90,90,0.27142499054134767
lung,baseline,40000,101,88,88,0.19168454964482892
lung,baseline,40000,101,87,87,0.24025000225410342
lung,baseline,40000,101,87,87,0.27624245703687733
lung,baseline,40000,101,87,87,0.17673171270999197
lung,baseline,40000,101,86,86,0.17531398721078933
lung,baseline,40000,101,83,83,0.2387532167353034
lung,baseline,40000,101,80,80,0.20703990663752375
lung,baseline,40000,101,62,62,0.1820613170110683
lung,baseline,40000,101,100,100,0.15683586190490517
lung,baseline,40000,101,100,100,0.21258111751968886
lung,baseline,40000,101,100,100,0.056749774317502874
lung,baseline,40000,101,98,98,0.18444557588652324
lung,baseline,40000,101,97,97,0.1179881315470771
lung,baseline,40000,101,96,96,0.1361511571496483
lung,baseline,40000,101,100,100,0.16091114795121772
lung,baseline,40000,101,91,91,0.23185085420123475
lung,baseline,40000,101,100,100,0.2580431168559767
lung,baseline,40000,101,96,96,0.17708916528036553
lung,baseline,40000,101,95,95,0.016594809002935425
lung,baseline,40000,101,92,92,0.2595079058416197
lung,baseline,40000,101,91,91,0.28293503843810724
lung,baseline,40000,101,90,90,0.26271853424814307
lung,baseline,40000,101,90,90,0.22167560663861227
lung,baseline,40000,101,89,89,0.25068577990493296
lung,baseline,40000,101,89,89,0.25354556458219546
lung,baseline,40000,101,88,88,0.13141582143222905
lung,baseline,40000,101,99,99,0.170704698621097
lung,baseline,40000,101,98,98,0.2196399343146956
lung,baseline,40000,101,94,94,0.27998124356156834
lung,baseline,40000,101,94,94,0.26989238434655716
lung,baseline,40000,101,93,93,0.2978415511403211
lung,baseline,40000,101,92,92,0.28066991846567735
lung,baseline,40000,101,91,91,0.23991495144896655
lung,baseline,40000,101,51,51,0.217895968003822
lung,baseline,40000,101,86,86,0.22800008564952307
lung,baseline,40000,101,70,70,0.2750054788655592
lung,baseline,40000,101,56,56,0.25555609150039954
lung,baseline,40000,101,43,43,0.31357520359342134
lung,baseline,40000,101,39,39,0.304666009104223
lung,baseline,40000,101,37,37,0.2477003867312871
lung,baseline,40000,101,28,28,0.339443498358342
lung,baseline,40000,101,100,100,0.12518311170800964
lung,baseline,40000,101,97,97,0.02360486089594324
lung,baseline,40000,101,95,95,0.1945229972736473
lung,baseline,40000,101,68,68,0.17808046590109552
lung,baseline,40000,101,51,51,0.1655913851453242
lung,baseline,40000,101,97,97,0.13258114112937863
lung,baseline,40000,101,96,96,0.15149387689004054
lung,baseline,40000,101,100,100,0.014553029264702725
lung,baseline,40000,101,100,100,0.015848739232676958
lung,baseline,40000,101,100,100,0.018000850773425066
lung,baseline,40000,101,100,100,0.11381856089950146
lung,baseline,40000,101,100,100,0.01055746932057252
lung,baseline,40000,101,99,99,0.015464841812182292
lung,baseline,40000,101,96,96,0.13480671146702508
lung,baseline,40000,101,100,100,0.12286320456068742
lung,baseline,40000,101,100,100,0.06116396965583015
lung,baseline,40000,101,99,99,0.11866899738251128
lung,baseline,40000,101,97,97,0.02618178863566972
lung,baseline,40000,101,95,95,0.18454273689110606
lung,baseline,40000,101,100,100,0.15754786326184927
lung,baseline,40000,101,98,98,0.2090243164734771
lung,baseline,40000,101,98,98,0.1405580157163212
lung,baseline,40000,101,93,93,0.2406598265149794
lung,baseline,40000,101,91,91,0.07645365479663166
lung,baseline,40000,101,84,84,0.20967074546396253
lung,baseline,40000,101,100,100,0.11631767278085857
lung,baseline,40000,101,98,98,0.008293209424578389
lung,baseline,40000,101,95,95,0.1716353752633285
lung,baseline,40000,101,100,100,0.030229990175201227
lung,baseline,40000,101,97,97,0.03275549441465371
lung,baseline,40000,101,97,97,0.12246313804897212
lung,baseline,40000,101,96,96,0.1316366342456953
lung,baseline,40000,101,95,95,0.036614644424072335
lung,baseline,40000,101,90,90,0.03235219641783437
lung,baseline,40000,101,100,100,0.20110996882182555
lung,baseline,40000,101,97,97,0.19640429193149678
lung,baseline,40000,101,95,95,0.21334861539285022
lung,baseline,40000,101,87,87,0.09965304014434452
lung,baseline,40000,101,100,100,0.23737518498967414
lung,baseline,40000,101,96,96,0.24812955693667935
lung,baseline,40000,101,96,96,0.20906621387247626
lung,baseline,40000,101,90,90,0.2901848838315065
lung,baseline,40000,101,89,89,0.23879343870258699
lung,baseline,40000,101,82,82,0.31186821787137714
lung,baseline,40000,101,68,68,0.2753419898491878
lung,baseline,40000,101,51,51,0.2451087086989999
lung,baseline,40000,101,100,100,0.25180312895960244
lung,baseline,40000,101,87,87,0.23373086361004083
lung,baseline,40000,101,56,56,0.2326085709812744
lung,baseline,40000,101,99,99,0.20451318290995585
lung,baseline,40000,101,90,90,0.287423292532684
lung,baseline,40000,101,20,20,0.5805928457979609
lung,baseline,40000,101,100,100,0.025905481223351953
lung,baseline,40000,101,100,100,0.0957705891383731
lung,baseline,40000,101,99,99,0.04056691729599786
lung,baseline,40000,101,98,98,0.03198812214408569
lung,baseline,40000,101,97,97,0.14258133980638762
lung,baseline,40000,101,97,97,0.012981534213416858
lung,baseline,40000,101,93,93,0.23730296606401813
lung,baseline,40000,101,91,91,0.07700934173042817
lung,baseline,40000,101,83,83,0.2490138641989981
lung,baseline,40000,101,99,99,0.24792247831518463
lung,baseline,40000,101,99,99,0.2311956888580208
lung,baseline,40000,101,99,99,0.2226645180335755
lung,baseline,40000,101,97,97,0.07629752924261865
lung,baseline,40000,101,95,95,0.23662442479229157
lung,baseline,40000,101,95,95,0.26730320913262473
lung,baseline,40000,101,87,87,0.2518672462001679
lung,baseline,40000,101,100,100,0.11926232189673985
lung,baseline,40000,101,98,98,0.03635971456472281
lung,baseline,40000,101,97,97,0.13106537878487148
lung,baseline,40000,101,96,96,0.15741547620791718
lung,baseline,40000,101,99,99,0.05116432537659671
lung,baseline,40000,101,95,95,0.12538000149424025
lung,baseline,40000,101,94,94,0.022332741244305353
lung,baseline,40000,101,91,91,0.16738142148376908
lung,baseline,40000,101,90,90,0.05233479627472743
lung,baseline,40000,101,89,89,0.14114819840731246
lung,baseline,40000,101,89,89,0.15900043325908908
lung,baseline,40000,101,88,88,0.15425700584444524
lung,baseline,40000,101,100,100,0.011998429987004056
lung,baseline,40000,101,97,97,0.16325747263158158
lung,baseline,40000,101,95,95,0.20906155632046858
lung,baseline,40000,101,94,94,0.27233158332496965
lung,baseline,40000,101,93,93,0.2636797588725399
lung,baseline,40000,101,92,92,0.2818527624095629
lung,baseline,40000,101,89,89,0.21465245782272002
lung,baseline,40000,101,68,68,0.24809349303906228
lung,baseline,40000,101,62,62,0.17626448113789073
lung,baseline,40000,101,51,51,0.21078038105541297
lung,baseline,40000,101,96,96,0.16495964101107383
lung,baseline,40000,101,94,94,0.11880696350921133
lung,baseline,40000,101,94,94,0.1510843977280608
lung,baseline,40000,101,90,90,0.1310222730103133
lung,baseline,40000,101,83,83,0.14165954334081368
lung,baseline,40000,101,68,68,0.10152264074535428
lung,baseline,40000,101,95,95,0.148501795012066
lung,baseline,40000,101,90,90,0.11476555304894746
lung,baseline,40000,101,88,88,0.18383204316770757
lung,baseline,40000,101,79,79,0.1882376169899131
lung,baseline,40000,101,68,68,0.08252872408796433
lung,baseline,40000,101,99,99,0.016801447491546335
lung,baseline,40000,101,97,97,0.14189435709625967
lung,baseline,40000,101,100,100,0.16463285497554672
lung,baseline,40000,101,100,100,0.007141251358140359
lung,baseline,40000,101,100,100,0.20286858769595312
lung,baseline,40000,101,99,99,0.022034391823243068
lung,baseline,40000,101,96,96,0.17862938578213935
lung,baseline,40000,101,96,96,0.05356208197102383
lung,baseline,40000,101,88,88,0.06309985340391845
lung,baseline,40000,102,101,101,0.24206404590945432
lung,baseline,40000,102,101,101,0.12119268266474287
lung,baseline,40000,102,96,96,0.22532251389645752
lung,baseline,40000,102,72,72,0.21802711864424254
lung,baseline,40000,102,43,43,0.3471385707658982
lung,baseline,40000,102,39,39,0.3499513750286303
lung,baseline,40000,102,37,37,0.3248811802366378
lung,baseline,40000,102,97,97,0.1894443897986547
lung,baseline,40000,102,90,90,0.04541959448891178
lung,baseline,40000,102,87,87,0.22231793162388205
lung,baseline,40000,102,97,97,0.17550527355544868
lung,baseline,40000,102,97,97,0.2412107173599155
lung,baseline,40000,102,68,68,0.17031098510804482
lung,baseline,40000,102,101,101,0.18307243433697426
lung,baseline,40000,102,101,101,0.1640669930203063
lung,baseline,40000,102,101,101,0.009183007454103833
lung,baseline,40000,102,101,101,0.11978996022963319
lung,baseline,40000,102,100,100,0.08610918141362368
lung,baseline,40000,102,98,98,0.021769595752797855
lung,baseline,40000,102,94,94,0.04090827283565253
lung,baseline,40000,102,91,91,0.07655500828854138
lung,baseline,40000,102,101,101,0.01661414645584568
lung,baseline,40000,102,101,101,0.010595133324816281
lung,baseline,40000,102,101,101,0.013905498633916838
lung,baseline,40000,102,101,101,0.027987704828534778
lung,baseline,40000,102,101,101,0.024698428805550742
lung,baseline,40000,102,101,101,0.03943137397720583
lung,baseline,40000,102,101,101,0.010020907917449268
lung,baseline,40000,102,99,99,0.026074497822528186
lung,baseline,40000,102,99,99,0.011113066719631411
lung,baseline,40000,102,98,98,0.12573215052121983
lung,baseline,40000,102,98,98,0.031643662290778626
lung,baseline,40000,102,97,97,0.14702100251696015
lung,baseline,40000,102,100,100,0.2736982423851235
lung,baseline,40000,102,97,97,0.2295863857171014
lung,baseline,40000,102,97,97,0.2773704134389309
lung,baseline,40000,102,92,92,0.26796167671031224
lung,baseline,40000,102,98,98,0.12471824838312322
lung,baseline,40000,102,98,98,0.1544047166744071
lung,baseline,40000,102,96,96,0.18971920851297197
lung,baseline,40000,102,101,101,0.023261282802204047
lung,baseline,40000,102,101,101,0.007171994352010423
lung,baseline,40000,102,99,99,0.15163739341181198
lung,baseline,40000,102,97,97,0.20006127140022698
lung,baseline,40000,102,96,96,0.18209274580792287
lung,baseline,40000,102,97,97,0.179231443040038
lung,baseline,40000,102,97,97,0.14216629678693793
lung,baseline,40000,102,100,100,0.20138962471538996
lung,baseline,40000,102,100,100,0.0091616649717733
lung,baseline,40000,102,99,99,0.19698769879264286
lung,baseline,40000,102,98,98,0.03313544669469851
lung,baseline,40000,102,96,96,0.210335577964985
lung,baseline,40000,102,95,95,0.13026079675864416
lung,baseline,40000,102,28,28,0.3513951976277276
lung,baseline,40000,102,97,97,0.21618076810584042
lung,baseline,40000,102,95,95,0.2330149901623371
lung,baseline,40000,102,94,94,0.1804255339799716
lung,baseline,40000,102,93,93,0.22299106150894518
lung,baseline,40000,102,90,90,0.21376044267063912
lung,baseline,40000,102,90,90,0.257881938841182
lung,baseline,40000,102,88,88,0.20991833935926565
lung,baseline,40000,102,68,68,0.22098832162004792
lung,baseline,40000,102,101,101,0.04303322885074957
lung,baseline,40000,102,101,101,0.16830103573951222
lung,baseline,40000,102,98,98,0.14697975821552886
lung,baseline,40000,102,97,97,0.15910279923893353
lung,baseline,40000,102,101,101,0.12897447425635344
lung,baseline,40000,102,101,101,0.18527852806505543
lung,baseline,40000,102,101,101,0.16012569792454123
lung,baseline,40000,102,101,101,0.028782095027279048
lung,baseline,40000,102,100,100,0.07699372644979471
lung,baseline,40000,102,99,99,0.01268789302663234
lung,baseline,40000,102,99,99,0.015046329980387008
lung,baseline,40000,102,95,95,0.10210979867762801
lung,baseline,40000,102,91,91,0.07937459178330782
lung,baseline,40000,102,80,80,0.19323237450664124
lung,baseline,40000,102,66,66,0.2465478852674223
lung,baseline,40000,102,62,62,0.2191643754134231
lung,baseline,40000,102,56,56,0.2125331683363581
lung,baseline,40000,102,43,43,0.24234627802740105
lung,baseline,40000,102,39,39,0.24089501851645642
lung,baseline,40000,102,37,37,0.21081504257468803
lung,baseline,40000,102,36,36,0.1862920173421993
lung,baseline,40000,102,101,101,0.22475623456296495
lung,baseline,40000,102,99,99,0.06693372514593843
lung,baseline,40000,102,97,97,0.2729576247909316
lung,baseline,40000,102,91,91,0.24034028654008457
lung,baseline,40000,102,84,84,0.23971356567906424
lung,baseline,40000,102,101,101,0.1096216586753558
lung,baseline,40000,102,100,100,0.046200454216652274
lung,baseline,40000,102,98,98,0.16442577302841824
lung,baseline,40000,102,95,95,0.03420933958640616
lung,baseline,40000,102,88,88,0.27244228008507043
lung,baseline,40000,102,88,88,0.06226161088372491
lung,baseline,40000,102,87,87,0.2649841598381099
lung,baseline,40000,102,86,86,0.2602433069612842
lung,baseline,40000,102,86,86,0.19341497465625998
lung,baseline,40000,102,75,75,0.2678169611005749
lung,baseline,40000,102,69,69,0.22834608059210035
lung,baseline,40000,102,101,101,0.11615893542153376
lung,baseline,40000,102,97,97,0.1581877203658699
lung,baseline,40000,102,96,96,0.14575940874987503
lung,baseline,40000,102,89,89,0.1616721760759432
lung,baseline,40000,102,97,97,0.17198448039124273
lung,baseline,40000,102,90,90,0.14047752160302693
lung,baseline,40000,102,68,68,0.10118186620494096
lung,baseline,40000,102,62,62,0.2187741398147487
lung,baseline,40000,102,101,101,0.1838069478712903
lung,baseline,40000,102,97,97,0.233524901516815
lung,baseline,40000,102,96,96,0.20569215429323504
lung,baseline,40000,102,95,95,0.1447289799013079
lung,baseline,40000,102,95,95,0.037863470670163865
lung,baseline,40000,102,95,95,0.08558618024929512
lung,baseline,40000,102,92,92,0.06308694822855172
lung,baseline,40000,102,95,95,0.26446944357119895
lung,baseline,40000,102,95,95,0.2668500236086335
lung,baseline,40000,102,68,68,0.2113772477027962
lung,baseline,40000,102,37,37,0.23089020748553582
lung,baseline,40000,102,98,98,0.17030361769140206
lung,baseline,40000,102,97,97,0.22231255172589973
lung,baseline,40000,102,96,96,0.23787878368163895
lung,baseline,40000,102,95,95,0.1410628413002592
lung,baseline,40000,102,95,95,0.19551229706648562
lung,baseline,40000,102,94,94,0.2652533009289046
lung,baseline,40000,102,92,92,0.2572684078920799
lung,baseline,40000,102,100,100,0.25430284792880353
lung,baseline,40000,102,98,98,0.24415034805752395
lung,baseline,40000,102,97,97,0.2622282119891854
lung,baseline,40000,102,97,97,0.25310078895304794
lung,baseline,40000,102,95,95,0.19145543967690262
lung,baseline,40000,102,95,95,0.13732906027993338
lung,baseline,40000,102,94,94,0.2648592190574917
lung,baseline,40000,102,91,91,0.24684060066748775
lung,baseline,40000,102,98,98,0.16336876366381609
lung,baseline,40000,102,95,95,0.19992616244379036
lung,baseline,40000,102,92,92,0.037248766819182384
lung,baseline,40000,102,101,101,0.255434966452756
lung,baseline,40000,102,101,101,0.051102120362061874
lung,baseline,40000,102,101,101,0.1615966754235564
lung,baseline,40000,102,101,101,0.1876961363934901
lung,baseline,40000,102,97,97,0.1653047644184314
lung,baseline,40000,102,96,96,0.18618541272101052
lung,baseline,40000,102,94,94,0.20329040972659926
lung,baseline,40000,102,93,93,0.15060493156386526
lung,baseline,40000,102,92,92,0.13704014688729874
lung,baseline,40000,102,89,89,0.06578706138472541
lung,baseline,40000,102,51,51,0.1532797125569215
lung,baseline,40000,102,98,98,0.1633891426218245
lung,baseline,40000,102,37,37,0.22856002078599924
lung,baseline,40000,102,90,90,0.2299202644120509
lung,baseline,40000,102,90,90,0.13279340444801682
lung,baseline,40000,102,88,88,0.23585198387131212
lung,baseline,40000,102,87,87,0.23204223976128188
lung,baseline,40000,102,87,87,0.17260451042348207
lung,baseline,40000,102,87,87,0.06397281430000408
lung,baseline,40000,102,85,85,0.21374565176843371
lung,baseline,40000,102,81,81,0.13660114835094997
lung,baseline,40000,102,80,80,0.21257630143702447
lung,baseline,40000,102,75,75,0.2579747816962516
lung,baseline,40000,102,101,101,0.03126390556511371
lung,baseline,40000,102,101,101,0.12365768141773945
lung,baseline,40000,102,101,101,0.11353563264911241
lung,baseline,40000,102,100,100,0.016705994864603592
lung,baseline,40000,102,99,99,0.10355072927874076
lung,baseline,40000,102,101,101,0.2784644136897681
lung,baseline,40000,102,98,98,0.2461135350910306
lung,baseline,40000,102,96,96,0.2366466466140806
lung,baseline,40000,102,95,95,0.05055919240150199
lung,baseline,40000,102,101,101,0.12792127382428933
lung,baseline,40000,102,101,101,0.19091090561153323
lung,baseline,40000,102,98,98,0.1742344828221196
lung,baseline,40000,102,98,98,0.026802209161277745
lung,baseline,40000,102,101,101,0.15885506169410868
lung,baseline,40000,102,101,101,0.13837119010407248
lung,baseline,40000,102,99,99,0.04203124268529107
lung,baseline,40000,102,101,101,0.1826802304950676
lung,baseline,40000,102,101,101,0.21100775000524463
lung,baseline,40000,102,97,97,0.23842688898570544
lung,baseline,40000,102,97,97,0.1998536513350971
lung,baseline,40000,102,95,95,0.045107196916436526
lung,baseline,40000,102,94,94,0.20118469501235964
lung,baseline,40000,102,101,101,0.03214393839433306
lung,baseline,40000,102,101,101,0.1834133684806245
lung,baseline,40000,102,101,101,0.2225104991908254
lung,baseline,40000,102,97,97,0.28393557390876784
lung,baseline,40000,102,101,101,0.05790020835278628
lung,baseline,40000,102,97,97,0.1384813505296854
lung,baseline,40000,102,94,94,0.11853980832386492
lung,baseline,40000,102,95,95,0.2492317171789727
lung,baseline,40000,102,93,93,0.1896257981919006
lung,baseline,40000,102,92,92,0.24597942706895173
lung,baseline,40000,102,91,91,0.24369217204984125
lung,baseline,40000,102,89,89,0.2508973989422025
lung,baseline,40000,102,51,51,0.16788813125169405
lung,baseline,40000,102,101,101,0.12905884465320347
lung,baseline,40000,102,101,101,0.09709189279713161
lung,baseline,40000,102,100,100,0.02680293432742511
lung,baseline,40000,102,99,99,0.03251788506966357
lung,baseline,40000,102,98,98,0.1486452799610931
lung,baseline,40000,102,98,98,0.043648216028443
lung,baseline,40000,102,101,101,0.17547653645767103
lung,baseline,40000,102,101,101,0.17824397126064614
lung,baseline,40000,102,97,97,0.2239248722655472
lung,baseline,40000,102,90,90,0.22865468482989407
lung,baseline,40000,102,101,101,0.12342300638077626
lung,baseline,40000,102,98,98,0.14120997306062863
lung,baseline,40000,102,98,98,0.03184604929891181
lung,baseline,40000,102,97,97,0.15967499608889657
lung,baseline,40000,102,51,51,0.17438261162747673
lung,baseline,40000,102,43,43,0.34385000425514234
lung,baseline,40000,102,28,28,0.390678832015295
lung,baseline,40000,102,101,101,0.021422559383300937
lung,baseline,40000,102,100,100,0.20216807738841644
lung,baseline,40000,102,96,96,0.23400518903297873
lung,baseline,40000,102,96,96,0.1777964564169241
lung,baseline,40000,102,94,94,0.17600952380968846
lung,baseline,40000,102,92,92,0.19112993883539728
lung,baseline,40000,102,92,92,0.19888237119819188
lung,baseline,40000,102,91,91,0.1818389159831617
lung,baseline,40000,102,89,89,0.19670672814905732
lung,baseline,40000,102,89,89,0.15125023349605607
lung,baseline,40000,102,88,88,0.17880227183677738
lung,baseline,40000,102,101,101,0.015318641286168758
lung,baseline,40000,102,100,100,0.16502242256826194
lung,baseline,40000,102,100,100,0.058414714436244256
lung,baseline,40000,102,97,97,0.17502556201480524
lung,baseline,40000,102,92,92,0.06926490635291123
lung,baseline,40000,102,91,91,0.07931022070143386
lung,baseline,40000,102,90,90,0.27613545083976015
lung,baseline,40000,102,90,90,0.21741839217779682
lung,baseline,40000,102,88,88,0.2833401547587005
lung,baseline,40000,102,87,87,0.26738953635691337
lung,baseline,40000,102,78,78,0.24775232274203815
lung,baseline,40000,102,77,77,0.2359904271922386
lung,baseline,40000,102,73,73,0.24346222279968324
lung,baseline,40000,102,51,51,0.214639291178839
lung,baseline,40000,102,43,43,0.2869546249680848
lung,baseline,40000,102,100,100,0.2361352200701881
lung,baseline,40000,102,95,95,0.2900762878199309
lung,baseline,40000,102,95,95,0.2305680330990538
lung,baseline,40000,102,94,94,0.22117787138678016
lung,baseline,40000,102,94,94,0.22135080233197557
lung,baseline,40000,102,88,88,0.2665481221813792
lung,baseline,40000,102,100,100,0.20187409203864945
lung,baseline,40000,102,100,100,0.19608095945973947
lung,baseline,40000,102,96,96,0.2532905369484179
lung,baseline,40000,102,94,94,0.29534749262219967
lung,baseline,40000,102,94,94,0.3103811548115626
lung,baseline,40000,102,92,92,0.28129402548297
lung,baseline,40000,102,91,91,0.23769882808329082
lung,baseline,40000,102,90,90,0.30383527530141274
lung,baseline,40000,102,90,90,0.29304889445039234
lung,baseline,40000,102,90,90,0.2780286541174171
lung,baseline,40000,102,87,87,0.24584446719013092
lung,baseline,40000,102,99,99,0.24207937654288667
lung,baseline,40000,102,98,98,0.2255337881851181
lung,baseline,40000,102,95,95,0.18031396232206323
lung,baseline,40000,102,95,95,0.2320689921546771
lung,baseline,40000,102,95,95,0.2825216017331012
lung,baseline,40000,102,91,91,0.23735164660430363
lung,baseline,40000,102,87,87,0.21142084411449366
lung,baseline,40000,102,72,72,0.2600366978730208
lung,baseline,40000,102,98,98,0.16199318093723603
lung,baseline,40000,102,94,94,0.11880246894303709
lung,baseline,40000,102,93,93,0.056871523486729754
lung,baseline,40000,102,101,101,0.12830661366379378
lung,baseline,40000,102,101,101,0.1683520844118252
lung,baseline,40000,102,100,100,0.18919331205138928
lung,baseline,40000,102,95,95,0.256263739033619
lung,baseline,40000,102,94,94,0.04621290119453543
lung,baseline,40000,102,91,91,0.08749676616167339
lung,baseline,40000,102,91,91,0.08109582222813676
lung,baseline,40000,102,101,101,0.19149216714041487
lung,baseline,40000,102,101,101,0.20038702672101896
lung,baseline,40000,102,101,101,0.19761767238143838
lung,baseline,40000,102,100,100,0.06262550313818888
lung,baseline,40000,102,96,96,0.2012253574275494
lung,baseline,40000,102,96,96,0.1954357268127875
lung,baseline,40000,102,100,100,0.2275315545523821
lung,baseline,40000,102,100,100,0.1909486580106152
lung,baseline,40000,102,96,96,0.1984188857644551
lung,baseline,40000,102,96,96,0.2707979086536945
lung,baseline,40000,102,96,96,0.19846599634986226
lung,baseline,40000,102,96,96,0.19492258591441627
lung,baseline,40000,102,95,95,0.22491507502920186
lung,baseline,40000,102,95,95,0.21919407521395745
lung,baseline,40000,102,92,92,0.2502148597138065
lung,baseline,40000,102,91,91,0.22041591742648753
lung,baseline,40000,102,91,91,0.22313334063098003
lung,baseline,40000,102,89,89,0.25531427822573255
lung,baseline,40000,102,88,88,0.24755502848891495
lung,baseline,40000,102,101,101,0.10952272725873581
lung,baseline,40000,102,100,100,0.06409509612285187
lung,baseline,40000,102,99,99,0.009247757352744709
lung,baseline,40000,102,98,98,0.16017561788106283
lung,baseline,40000,102,98,98,0.04063955685738109
lung,baseline,40000,102,101,101,0.11776254512245347
lung,baseline,40000,102,99,99,0.030118920044508522
lung,baseline,40000,102,97,97,0.14306033666665072
lung,baseline,40000,102,101,101,0.07618898186713406
lung,baseline,40000,102,101,101,0.15741224847584953
lung,baseline,40000,102,100,100,0.02675666321276038
lung,baseline,40000,102,97,97,0.25129744095231543
lung,baseline,40000,102,96,96,0.2185607517043412
lung,baseline,40000,102,94,94,0.19284709963284236
lung,baseline,40000,102,95,95,0.10835442649573614
lung,baseline,40000,102,95,95,0.2505460410814335
lung,baseline,40000,102,94,94,0.2032391342471405
lung,baseline,40000,102,89,89,0.16788371052578846
lung,baseline,40000,102,89,89,0.2455901260891437
lung,baseline,40000,102,87,87,0.26706887682134134
lung,baseline,40000,102,100,100,0.1506470849080438
lung,baseline,40000,102,92,92,0.040191301468591845
lung,baseline,40000,102,91,91,0.0552965138150737
lung,baseline,40000,102,90,90,0.22487775103565838
lung,baseline,40000,102,99,99,0.05199669173295542
lung,baseline,40000,102,98,98,0.15789378077343277
lung,baseline,40000,102,90,90,0.053067381764353015
lung,baseline,40000,102,90,90,0.0344749419506126
lung,baseline,40000,102,87,87,0.22179668919518905
lung,baseline,40000,102,101,101,0.11223585433350561
lung,baseline,40000,102,99,99,0.02486515334225646
lung,baseline,40000,102,97,97,0.14253068860967294
lung,baseline,40000,102,101,101,0.052917663977969376
lung,baseline,40000,102,100,100,0.13032687302369383
lung,baseline,40000,102,97,97,0.21017328653313647
lung,baseline,40000,102,96,96,0.16785070005895164
lung,baseline,40000,102,101,101,0.17392875372510364
lung,baseline,40000,102,100,100,0.15758966250815934
lung,baseline,40000,102,92,92,0.22430171109156907
lung,baseline,40000,102,101,101,0.18480354500483231
lung,baseline,40000,102,101,101,0.02677942190325314
lung,baseline,40000,102,101,101,0.23247268816883299
lung,baseline,40000,102,101,101,0.19322002720512618
lung,baseline,40000,102,101,101,0.0033060576773235313
lung,baseline,40000,102,88,88,0.2193221296979077
lung,baseline,40000,102,83,83,0.2074830895273404
lung,baseline,40000,102,83,83,0.22510755355315215
lung,baseline,40000,102,83,83,0.2546534844554528
lung,baseline,40000,102,69,69,0.2544366073724656
lung,baseline,40000,102,92,92,0.039141833931803045
lung,baseline,40000,102,101,101,0.11475541644219299
lung,baseline,40000,102,101,101,0.006681590091254473
lung,baseline,40000,102,97,97,0.15641006723310324
lung,baseline,40000,102,101,101,0.041217263823105324
lung,baseline,40000,102,101,101,0.11037624326523614
lung,baseline,40000,102,101,101,0.026002847221959165
lung,baseline,40000,102,100,100,0.010327386257135052
lung,baseline,40000,102,97,97,0.12640066566196534
lung,baseline,40000,102,99,99,0.15198100044451482
lung,baseline,40000,102,97,97,0.19963921109851307
lung,baseline,40000,102,96,96,0.181165009647819
lung,baseline,40000,102,68,68,0.17322068556514805
lung,baseline,40000,102,51,51,0.15414139905124152
lung,baseline,40000,102,101,101,0.05161159266126109
lung,baseline,40000,102,101,101,0.018401308901596736
lung,baseline,40000,102,99,99,0.17733314770729128
lung,baseline,40000,102,97,97,0.2449425691392552
lung,baseline,40000,102,97,97,0.17400063559156634
lung,baseline,40000,102,101,101,0.01825189418677117
lung,baseline,40000,102,101,101,0.01178745087311357
lung,baseline,40000,102,101,101,0.012124408214438269
lung,baseline,40000,102,101,101,0.11541031410613137
lung,baseline,40000,102,101,101,0.1309095704641714
lung,baseline,40000,102,99,99,0.066364364932552
lung,baseline,40000,102,98,98,0.02556230499301047
lung,baseline,40000,102,95,95,0.030556577791059573
lung,baseline,40000,102,89,89,0.035147636666048664
lung,baseline,40000,102,101,101,0.16180973761886486
lung,baseline,40000,102,100,100,0.08121463507597143
lung,baseline,40000,102,100,100,0.13346660121713214
lung,baseline,40000,102,96,96,0.13537594992977522
lung,baseline,40000,102,95,95,0.21192559211613782
lung,baseline,40000,102,95,95,0.25805232239013093
lung,baseline,40000,102,95,95,0.20415418011024122
lung,baseline,40000,102,95,95,0.2063867846508039
lung,baseline,40000,102,94,94,0.04440769489238886
lung,baseline,40000,102,91,91,0.0798849430605233
lung,baseline,40000,102,91,91,0.21339303526468367
lung,baseline,40000,102,91,91,0.26869287497816724
lung,baseline,40000,102,91,91,0.20239355544911808
lung,baseline,40000,102,89,89,0.25651617286343076
lung,baseline,40000,102,91,91,0.23738213535412123
lung,baseline,40000,102,89,89,0.22574909107695965
lung,baseline,40000,102,87,87,0.2035284664710263
lung,baseline,40000,102,86,86,0.23109542717382978
lung,baseline,40000,102,83,83,0.2782369424214935
lung,baseline,40000,102,81,81,0.2815449578790746
lung,baseline,40000,102,75,75,0.28036725356690906
lung,baseline,40000,102,69,69,0.24356815976595608
lung,baseline,40000,102,62,62,0.19724326242571846
lung,baseline,40000,102,83,83,0.1756045122481355
lung,baseline,40000,102,43,43,0.30748779546727617
lung,baseline,40000,102,39,39,0.29146907363739527
lung,baseline,40000,102,101,101,0.0994251402704801
lung,baseline,40000,102,101,101,0.045125481342965235
lung,baseline,40000,102,100,100,0.017342769962568762
lung,baseline,40000,102,99,99,0.017665133652792653
lung,baseline,40000,102,99,99,0.025941789666950283
lung,baseline,40000,102,98,98,0.15593211227386594
lung,baseline,40000,102,101,101,0.02384581005329692
lung,baseline,40000,102,100,100,0.12308826095251066
lung,baseline,40000,102,99,99,0.07903302709259166
lung,baseline,40000,102,98,98,0.15918241785445356
lung,baseline,40000,102,96,96,0.1995332846060763
lung,baseline,40000,102,95,95,0.07078265673045091
lung,baseline,40000,102,100,100,0.07621790113947015
lung,baseline,40000,102,97,97,0.19473307066040674
lung,baseline,40000,102,96,96,0.2069174588321033
lung,baseline,40000,102,101,101,0.09963958526654253
lung,baseline,40000,102,101,101,0.2528928079645119
lung,baseline,40000,102,101,101,0.05059080403120925
lung,baseline,40000,102,101,101,0.11579364406355389
lung,baseline,40000,102,101,101,0.002928395367793086
lung,baseline,40000,102,101,101,0.15517486804540426
lung,baseline,40000,102,101,101,0.009292833522470985
lung,baseline,40000,102,101,101,0.019816988218533813
lung,baseline,40000,102,99,99,0.007529030555888807
lung,baseline,40000,102,98,98,0.004784685041114042
lung,baseline,40000,102,75,75,0.23091501411470997
lung,baseline,40000,102,56,56,0.24789636815528082
lung,baseline,40000,102,51,51,0.1585540556624786
lung,baseline,40000,102,43,43,0.3205376690022223
lung,baseline,40000,102,96,96,0.23521257291400802
lung,baseline,40000,102,89,89,0.17044130312120032
lung,baseline,40000,102,87,87,0.26086122579589455
lung,baseline,40000,102,86,86,0.24201141782348712
lung,baseline,40000,102,86,86,0.1803480345223486
lung,baseline,40000,102,83,83,0.25062471156893823
lung,baseline,40000,102,62,62,0.10422191585542814
lung,baseline,40000,102,98,98,0.15132376826924748
lung,baseline,40000,102,96,96,0.20043767479553584
lung,baseline,40000,102,101,101,0.16049063702999514
lung,baseline,40000,102,101,101,0.02298426024798667
lung,baseline,40000,102,101,101,0.19464756636135067
lung,baseline,40000,102,99,99,0.04013160968777828
lung,baseline,40000,102,97,97,0.1763552299883064
lung,baseline,40000,102,62,62,0.10809687439618115
lung,baseline,40000,102,100,100,0.025248314248270856
lung,baseline,40000,102,97,97,0.16221363405841993
lung,baseline,40000,102,94,94,0.183631778882607
lung,baseline,40000,102,101,101,0.25784315203325237
lung,baseline,40000,102,101,101,0.0651683426765981
lung,baseline,40000,102,97,97,0.2557363686329051
lung,baseline,40000,102,99,99,0.20299049201464506
lung,baseline,40000,102,89,89,0.281833800103642
lung,baseline,40000,102,51,51,0.18232673273144046
lung,baseline,40000,102,28,28,0.3903779132661689
lung,baseline,40000,102,101,101,0.024591294821916968
lung,baseline,40000,102,101,101,0.011803606859013898
lung,baseline,40000,102,98,98,0.1625845808743369
lung,baseline,40000,102,101,101,0.27780481470259955
lung,baseline,40000,102,96,96,0.17082524336514945
lung,baseline,40000,102,99,99,0.00839123136466031
lung,baseline,40000,102,98,98,0.1418110399153902
lung,baseline,40000,102,97,97,0.1596577485900202
lung,baseline,40000,102,101,101,0.13498271120407412
lung,baseline,40000,102,101,101,0.1633585276940512
lung,baseline,40000,102,101,101,0.023618726251688663
lung,baseline,40000,102,100,100,0.08439001399231
lung,baseline,40000,102,99,99,0.04116740811746256
lung,baseline,40000,102,99,99,0.2056676303389547
lung,baseline,40000,102,97,97,0.2651643549385708
lung,baseline,40000,102,94,94,0.05218104705417011
lung,baseline,40000,103,101,101,0.1266485022961747
lung,baseline,40000,103,101,101,0.14449548238994808
lung,baseline,40000,103,99,99,0.16211758152549677
lung,baseline,40000,103,99,99,0.06430915522021352
lung,baseline,40000,103,99,99,0.11409689877345257
lung,baseline,40000,103,97,97,0.1963620776255281
lung,baseline,40000,103,97,97,0.13054777037598203
lung,baseline,40000,103,87,87,0.06642782852648739
lung,baseline,40000,103,101,101,0.1396727854350881
lung,baseline,40000,103,98,98,0.20219580807329426
lung,baseline,40000,103,97,97,0.1921899265850757
lung,baseline,40000,103,89,89,0.07550000781617791
lung,baseline,40000,103,51,51,0.15252980543391745
lung,baseline,40000,103,102,102,0.1608421796570388
lung,baseline,40000,103,102,102,0.029961383996549008
lung,baseline,40000,103,98,98,0.1726726789432573
lung,baseline,40000,103,96,96,0.24916845011964026
lung,baseline,40000,103,88,88,0.0656562058429117
lung,baseline,40000,103,102,102,0.03238879422725911
lung,baseline,40000,103,102,102,0.16145169809682494
lung,baseline,40000,103,102,102,0.04161210329347646
lung,baseline,40000,103,102,102,0.12700417176685747
lung,baseline,40000,103,102,102,0.18048675341289022
lung,baseline,40000,103,102,102,0.006522938189005551
lung,baseline,40000,103,99,99,0.16571068364513028
lung,baseline,40000,103,99,99,0.12454769806644098
lung,baseline,40000,103,98,98,0.24030912342758692
lung,baseline,40000,103,98,98,0.1783551432263309
lung,baseline,40000,103,68,68,0.22927429812940656
lung,baseline,40000,103,62,62,0.1328990632905347
lung,baseline,40000,103,102,102,0.008309278196376309
lung,baseline,40000,103,102,102,0.15841887599541407
lung,baseline,40000,103,102,102,0.015881640412765304
lung,baseline,40000,103,98,98,0.18965025197877464
lung,baseline,40000,103,98,98,0.2584035528890609
lung,baseline,40000,103,97,97,0.20746660857956506
lung,baseline,40000,103,97,97,0.22145296630675063
lung,baseline,40000,103,93,93,0.2318020868151398
lung,baseline,40000,103,84,84,0.2678369359958804
lung,baseline,40000,103,62,62,0.19237646289344512
lung,baseline,40000,103,51,51,0.19625457024360218
lung,baseline,40000,103,102,102,0.15778213036104483
lung,baseline,40000,103,98,98,0.24710584228439625
lung,baseline,40000,103,98,98,0.16874807122962196
lung,baseline,40000,103,102,102,0.12856089372649943
lung,baseline,40000,103,102,102,0.12021400740277433
lung,baseline,40000,103,102,102,0.06282047297158845
lung,baseline,40000,103,100,100,0.024131293557016056
lung,baseline,40000,103,102,102,0.011416927810711618
lung,baseline,40000,103,100,100,0.13203734770836878
lung,baseline,40000,103,97,97,0.19607221035821912
lung,baseline,40000,103,97,97,0.19144018347415717
lung,baseline,40000,103,97,97,0.16442804435385533
lung,baseline,40000,103,95,95,0.19490160160530215
lung,baseline,40000,103,98,98,0.1926194535102913
lung,baseline,40000,103,96,96,0.24057906830479694
lung,baseline,40000,103,95,95,0.2093526400314473
lung,baseline,40000,103,95,95,0.2819942151664048
lung,baseline,40000,103,93,93,0.25381978183781934
lung,baseline,40000,103,92,92,0.2100802656316066
lung,baseline,40000,103,101,101,0.22224601976306996
lung,baseline,40000,103,93,93,0.294162259773781
lung,baseline,40000,103,90,90,0.2613528813776146
lung,baseline,40000,103,87,87,0.2652634051678718
lung,baseline,40000,103,72,72,0.26175823668739073
lung,baseline,40000,103,99,99,0.1840095008100547
lung,baseline,40000,103,94,94,0.23100124903574007
lung,baseline,40000,103,102,102,0.1602959724640111
lung,baseline,40000,103,101,101,0.17502860457347014
lung,baseline,40000,103,98,98,0.2566139048784582
lung,baseline,40000,103,97,97,0.201568604502731
lung,baseline,40000,103,94,94,0.03925183228307733
lung,baseline,40000,103,98,98,0.19036226002907836
lung,baseline,40000,103,98,98,0.23943468383885713
lung,baseline,40000,103,91,91,0.2564962928615021
lung,baseline,40000,103,90,90,0.21222755263921794
lung,baseline,40000,103,90,90,0.2108284169732201
lung,baseline,40000,103,87,87,0.11189870329112009
lung,baseline,40000,103,102,102,0.019893273562625904
lung,baseline,40000,103,101,101,0.021821603953028193
lung,baseline,40000,103,98,98,0.1713836719328429
lung,baseline,40000,103,97,97,0.24266007511113136
lung,baseline,40000,103,97,97,0.24481237558712976
lung,baseline,40000,103,102,102,0.1138352979057703
lung,baseline,40000,103,100,100,0.014471395912842112
lung,baseline,40000,103,99,99,0.021020268990818824
lung,baseline,40000,103,94,94,0.1840563666757166
lung,baseline,40000,103,102,102,0.2227913993533113
lung,baseline,40000,103,102,102,0.020144521054726864
lung,baseline,40000,103,102,102,0.026685108185273396
lung,baseline,40000,103,98,98,0.28419619311801675
lung,baseline,40000,103,97,97,0.22230385328154592
lung,baseline,40000,103,102,102,0.26075176016603485
lung,baseline,40000,103,101,101,0.1181289485865346
lung,baseline,40000,103,97,97,0.23295080435382548
lung,baseline,40000,103,99,99,0.11960910558232164
lung,baseline,40000,103,97,97,0.21243634627714314
lung,baseline,40000,103,96,96,0.20106401090787
lung,baseline,40000,103,90,90,0.1340811339067307
lung,baseline,40000,103,87,87,0.24231732282963125
lung,baseline,40000,103,87,87,0.17110190809292433
lung,baseline,40000,103,87,87,0.06744155583091571
lung,baseline,40000,103,102,102,0.02834016841341233
lung,baseline,40000,103,102,102,0.02497582596181082
lung,baseline,40000,103,102,102,0.007506020917303946
lung,baseline,40000,103,102,102,0.1986719132803055
lung,baseline,40000,103,98,98,0.2376197196590444
lung,baseline,40000,103,98,98,0.20088300573350906
lung,baseline,40000,103,97,97,0.0487559566356607
lung,baseline,40000,103,102,102,0.22979239416031302
lung,baseline,40000,103,98,98,0.02063576849122433
lung,baseline,40000,103,97,97,0.20064486265398254
lung,baseline,40000,103,97,97,0.21403735768893256
lung,baseline,40000,103,96,96,0.15429488297351204
lung,baseline,40000,103,96,96,0.13118263803781408
lung,baseline,40000,103,96,96,0.1674747492913773
lung,baseline,40000,103,96,96,0.22337525974194963
lung,baseline,40000,103,95,95,0.2714860880145013
lung,baseline,40000,103,94,94,0.16724220818183547
lung,baseline,40000,103,102,102,0.04853402427058447
lung,baseline,40000,103,102,102,0.014040652001579454
lung,baseline,40000,103,102,102,0.2691582001272706
lung,baseline,40000,103,99,99,0.22422994753662503
lung,baseline,40000,103,95,95,0.2273606973652716
lung,baseline,40000,103,102,102,0.20073598313182103
lung,baseline,40000,103,102,102,0.2734348778563794
lung,baseline,40000,103,99,99,0.17043359949851836
lung,baseline,40000,103,97,97,0.22227467005124538
lung,baseline,40000,103,96,96,0.0710388277935652
lung,baseline,40000,103,102,102,0.113898545414457
lung,baseline,40000,103,102,102,0.015040875921357739
lung,baseline,40000,103,102,102,0.02353249306435185
lung,baseline,40000,103,102,102,0.023778514112606293
lung,baseline,40000,103,102,102,0.023227433089077636
lung,baseline,40000,103,102,102,0.01730640505756751
lung,baseline,40000,103,101,101,0.015078877872296089
lung,baseline,40000,103,101,101,0.06388277537445648
lung,baseline,40000,103,101,101,0.005945584148546415
lung,baseline,40000,103,100,100,0.03307137264366304
lung,baseline,40000,103,99,99,0.14157009386587774
lung,baseline,40000,103,98,98,0.1625098221967626
lung,baseline,40000,103,97,97,0.044650698037862695
lung,baseline,40000,103,102,102,0.2197416759316095
lung,baseline,40000,103,100,100,0.008267593416640547
lung,baseline,40000,103,98,98,0.21009091621936477
lung,baseline,40000,103,98,98,0.21036027708834917
lung,baseline,40000,103,102,102,0.12863464450772305
lung,baseline,40000,103,102,102,0.16875909271044975
lung,baseline,40000,103,102,102,0.17699509136253838
lung,baseline,40000,103,101,101,0.025782221893640284
lung,baseline,40000,103,98,98,0.23153531758222076
lung,baseline,40000,103,96,96,0.04839437084533876
lung,baseline,40000,103,101,101,0.24262994998477863
lung,baseline,40000,103,101,101,0.14457610558796238
lung,baseline,40000,103,101,101,0.2174129063273906
lung,baseline,40000,103,101,101,0.17655408972119832
lung,baseline,40000,103,100,100,0.22378677585119483
lung,baseline,40000,103,100,100,0.1481364414679622
lung,baseline,40000,103,99,99,0.20034642996750282
lung,baseline,40000,103,98,98,0.20997486818981406
lung,baseline,40000,103,97,97,0.055545561158847845
lung,baseline,40000,103,96,96,0.26701694212388843
lung,baseline,40000,103,92,92,0.22613776869166843
lung,baseline,40000,103,102,102,0.02531084498583283
lung,baseline,40000,103,102,102,0.11366913756085076
lung,baseline,40000,103,102,102,0.12473833529692306
lung,baseline,40000,103,99,99,0.16535277736068651
lung,baseline,40000,103,96,96,0.25188886229679125
lung,baseline,40000,103,93,93,0.1939255286077317
lung,baseline,40000,103,91,91,0.20207749206559414
lung,baseline,40000,103,89,89,0.23149372641432397
lung,baseline,40000,103,87,87,0.21794729641204588
lung,baseline,40000,103,85,85,0.2557958557618607
lung,baseline,40000,103,77,77,0.18147425771129141
lung,baseline,40000,103,68,68,0.19596360080631078
lung,baseline,40000,103,62,62,0.21498804497966723
lung,baseline,40000,103,56,56,0.2355820011079556
lung,baseline,40000,103,51,51,0.21477855617213484
lung,baseline,40000,103,99,99,0.2011086152564447
lung,baseline,40000,103,97,97,0.2023352328104379
lung,baseline,40000,103,95,95,0.04665580862626312
lung,baseline,40000,103,93,93,0.10692722081121181
lung,baseline,40000,103,92,92,0.1360840552926117
lung,baseline,40000,103,68,68,0.17172761714655002
lung,baseline,40000,103,102,102,0.2364341793071506
lung,baseline,40000,103,99,99,0.2200936314787836
lung,baseline,40000,103,98,98,0.22136159242405454
lung,baseline,40000,103,97,97,0.0328790239999764
lung,baseline,40000,103,96,96,0.039166056168447684
lung,baseline,40000,103,102,102,0.16046879659897806
lung,baseline,40000,103,101,101,0.2059629535812943
lung,baseline,40000,103,101,101,0.1845996570684214
lung,baseline,40000,103,98,98,0.2622809492220307
lung,baseline,40000,103,97,97,0.20805827850015898
lung,baseline,40000,103,86,86,0.06976315046059682
lung,baseline,40000,103,84,84,0.213717044506708
lung,baseline,40000,103,102,102,0.12816973832332088
lung,baseline,40000,103,102,102,0.18535255087948255
lung,baseline,40000,103,101,101,0.1815252755185813
lung,baseline,40000,103,100,100,0.18165407339770784
lung,baseline,40000,103,98,98,0.24236929911392974
lung,baseline,40000,103,97,97,0.1926352578670911
lung,baseline,40000,103,100,100,0.15157580400919254
lung,baseline,40000,103,98,98,0.2029178991398988
lung,baseline,40000,103,98,98,0.13898073035796799
lung,baseline,40000,103,95,95,0.18616934191964257
lung,baseline,40000,103,90,90,0.055793780767760794
lung,baseline,40000,103,68,68,0.17627959679319774
lung,baseline,40000,103,102,102,0.02325518283136983
lung,baseline,40000,103,102,102,0.20059520826968363
lung,baseline,40000,103,102,102,0.16358273156517686
lung,baseline,40000,103,100,100,0.05816859740888781
lung,baseline,40000,103,98,98,0.17619997126661574
lung,baseline,40000,103,102,102,0.10982357855959697
lung,baseline,40000,103,102,102,0.008871649276086791
lung,baseline,40000,103,102,102,0.16964779139716732
lung,baseline,40000,103,102,102,0.161672445085538
lung,baseline,40000,103,100,100,0.029213717396047126
lung,baseline,40000,103,100,100,0.020042418688512975
lung,baseline,40000,103,100,100,0.02096630312095777
lung,baseline,40000,103,102,102,0.27608166008638063
lung,baseline,40000,103,102,102,0.15380021934622334
lung,baseline,40000,103,102,102,0.0047080698237391685
lung,baseline,40000,103,98,98,0.1851853813437971
lung,baseline,40000,103,95,95,0.21030415994553397
lung,baseline,40000,103,102,102,0.022050199229226845
lung,baseline,40000,103,102,102,0.11968766995997483
lung,baseline,40000,103,102,102,0.05017901078348199
lung,baseline,40000,103,102,102,0.12126775745889885
lung,baseline,40000,103,100,100,0.01811794385999017
lung,baseline,40000,103,102,102,0.03607500619845916
lung,baseline,40000,103,102,102,0.15254334216865859
lung,baseline,40000,103,100,100,0.020688526653586812
lung,baseline,40000,103,98,98,0.2317080630718178
lung,baseline,40000,103,98,98,0.1588920063618271
lung,baseline,40000,103,102,102,0.028711084998496516
lung,baseline,40000,103,101,101,0.03230024055885392
lung,baseline,40000,103,101,101,0.01798350320036518
lung,baseline,40000,103,101,101,0.13346363174250128
lung,baseline,40000,103,100,100,0.15130019715131182
lung,baseline,40000,103,98,98,0.19902694661324527
lung,baseline,40000,103,97,97,0.18266114852592646
lung,baseline,40000,103,102,102,0.2141356424388602
lung,baseline,40000,103,98,98,0.05803249601505555
lung,baseline,40000,103,96,96,0.22561520820200512
lung,baseline,40000,103,95,95,0.24416968846785758
lung,baseline,40000,103,102,102,0.13370026554752618
lung,baseline,40000,103,102,102,0.24979306267163592
lung,baseline,40000,103,101,101,0.01092474928916059
lung,baseline,40000,103,97,97,0.20562019385569194
lung,baseline,40000,103,102,102,0.1752580903980822
lung,baseline,40000,103,102,102,0.2016844286513588
lung,baseline,40000,103,99,99,0.189437348182569
lung,baseline,40000,103,98,98,0.04776373015877776
lung,baseline,40000,103,97,97,0.232154730982514
lung,baseline,40000,103,102,102,0.03463365158097815
lung,baseline,40000,103,102,102,0.11491562307797891
lung,baseline,40000,103,100,100,0.016979707038721786
lung,baseline,40000,103,99,99,0.04566837224382554
lung,baseline,40000,103,99,99,0.03666496375861807
lung,baseline,40000,103,99,99,0.012879805315477708
lung,baseline,40000,103,99,99,0.156779905819007
lung,baseline,40000,103,97,97,0.18002827005120514
lung,baseline,40000,103,100,100,0.17603609170809423
lung,baseline,40000,103,98,98,0.16879883897051862
lung,baseline,40000,103,95,95,0.24058296433630438
lung,baseline,40000,103,88,88,0.26194703321282725
lung,baseline,40000,103,68,68,0.17540483783302482
lung,baseline,40000,103,102,102,0.021119301111592766
lung,baseline,40000,103,101,101,0.20854143037322956
lung,baseline,40000,103,100,100,0.19791130027572476
lung,baseline,40000,103,98,98,0.19844421675560217
lung,baseline,40000,103,97,97,0.2629747423190959
lung,baseline,40000,103,95,95,0.16476684315881404
lung,baseline,40000,103,102,102,0.1888524546264346
lung,baseline,40000,103,101,101,0.229470873316175
lung,baseline,40000,103,101,101,0.1624962915418027
lung,baseline,40000,103,101,101,0.11328452860249302
lung,baseline,40000,103,100,100,0.009812365533165706
lung,baseline,40000,103,98,98,0.250679460493867
lung,baseline,40000,103,97,97,0.2336422119078646
lung,baseline,40000,103,97,97,0.03449632665857411
lung,baseline,40000,103,95,95,0.20065134968202744
lung,baseline,40000,103,101,101,0.15920484045353
lung,baseline,40000,103,100,100,0.0384808140302991
lung,baseline,40000,103,97,97,0.2274414366256461
lung,baseline,40000,103,97,97,0.18108229919160906
lung,baseline,40000,103,102,102,0.11741419019062117
lung,baseline,40000,103,102,102,0.12973432652115602
lung,baseline,40000,103,102,102,0.005112346870805862
lung,baseline,40000,103,101,101,0.07771368350539379
lung,baseline,40000,103,101,101,0.020476282383741443
lung,baseline,40000,103,101,101,0.02465867142622016
lung,baseline,40000,103,101,101,0.01880398928550574
lung,baseline,40000,103,100,100,0.15536904976759236
lung,baseline,40000,103,98,98,0.20421024339605537
lung,baseline,40000,103,97,97,0.191289329453298
lung,baseline,40000,103,102,102,0.11919725170791227
lung,baseline,40000,103,99,99,0.15941065474264787
lung,baseline,40000,103,97,97,0.18797290965407185
lung,baseline,40000,103,102,102,0.035732319952715044
lung,baseline,40000,103,102,102,0.20895897594423177
lung,baseline,40000,103,99,99,0.1929753828855791
lung,baseline,40000,103,97,97,0.21099096418536425
lung,baseline,40000,103,99,99,0.05194287840107912
lung,baseline,40000,103,99,99,0.16285231618128088
lung,baseline,40000,103,95,95,0.20501740428216494
lung,baseline,40000,103,102,102,0.1399330593673913
lung,baseline,40000,103,102,102,0.06348714025913671
lung,baseline,40000,103,102,102,0.18713046074488573
lung,baseline,40000,103,99,99,0.18138501308398555
lung,baseline,40000,103,102,102,0.12618925540796566
lung,baseline,40000,103,99,99,0.0415826367083757
lung,baseline,40000,103,93,93,0.2081389715231281
lung,baseline,40000,103,102,102,0.019075031913520554
lung,baseline,40000,103,101,101,0.20073449968433021
lung,baseline,40000,103,100,100,0.19501383065076944
lung,baseline,40000,103,98,98,0.23790001598222393
lung,baseline,40000,103,97,97,0.2262885629890027
lung,baseline,40000,103,97,97,0.18725288164570345
lung,baseline,40000,103,97,97,0.2046468395022537
lung,baseline,40000,103,97,97,0.19643179043541203
lung,baseline,40000,103,102,102,0.1678702972951116
lung,baseline,40000,103,101,101,0.1913109461768851
lung,baseline,40000,103,99,99,0.16876734784876435
lung,baseline,40000,103,98,98,0.18719305995207236
lung,baseline,40000,103,97,97,0.0647468628578695
lung,baseline,40000,103,81,81,0.18962720294559632
lung,baseline,40000,103,102,102,0.2155579629845508
lung,baseline,40000,103,98,98,0.27106582226764936
lung,baseline,40000,103,95,95,0.2638915336897137
lung,baseline,40000,103,93,93,0.22511664695113598
lung,baseline,40000,103,90,90,0.2221850866046076
lung,baseline,40000,103,89,89,0.23522263175377245
lung,baseline,40000,103,62,62,0.19569385163933128
lung,baseline,40000,103,100,100,0.04864401603795399
lung,baseline,40000,103,98,98,0.20004531815029106
lung,baseline,40000,103,95,95,0.20828911131459982
lung,baseline,40000,103,102,102,0.18034354000861313
lung,baseline,40000,103,102,102,0.04619453511738758
lung,baseline,40000,103,101,101,0.022808837281468524
lung,baseline,40000,103,100,100,0.02211385093185417
lung,baseline,40000,103,99,99,0.1541271061216185
lung,baseline,40000,103,99,99,0.017665106561926505
lung,baseline,40000,103,98,98,0.17154246055539404
lung,baseline,40000,103,93,93,0.08042521015572245
lung,baseline,40000,103,102,102,0.21152922094148263
lung,baseline,40000,103,98,98,0.2382124788375499
lung,baseline,40000,103,98,98,0.18242067436794862
lung,baseline,40000,103,98,98,0.1857108564399648
lung,baseline,40000,103,98,98,0.1678062435321615
lung,baseline,40000,103,95,95,0.16329080302261048
lung,baseline,40000,103,91,91,0.20440375542296446
lung,baseline,40000,103,84,84,0.09789575436204148
lung,baseline,40000,103,102,102,0.2214233519234064
lung,baseline,40000,103,101,101,0.1267448946576513
lung,baseline,40000,103,101,101,0.15357120273691593
lung,baseline,40000,103,97,97,0.19974594671526502
lung,baseline,40000,103,97,97,0.19991309630273973
lung,baseline,40000,103,96,96,0.20443918054026847
lung,baseline,40000,103,96,96,0.2132197516835667
lung,baseline,40000,103,95,95,0.27124169962216127
lung,baseline,40000,103,93,93,0.25803898091487265
lung,baseline,40000,103,101,101,0.12567745368326969
lung,baseline,40000,103,100,100,0.04418238926118894
lung,baseline,40000,103,99,99,0.039809373120458735
lung,baseline,40000,103,99,99,0.14654369079879534
lung,baseline,40000,103,98,98,0.20367187457050284
lung,baseline,40000,103,97,97,0.13537547449823883
lung,baseline,40000,103,97,97,0.1934273143765653
lung,baseline,40000,103,90,90,0.1466086052857412
lung,baseline,40000,103,102,102,0.2404672101338218
lung,baseline,40000,103,102,102,0.1490296224664033
lung,baseline,40000,103,101,101,0.13867477773415723
lung,baseline,40000,103,98,98,0.20103588620673554
lung,baseline,40000,103,97,97,0.2082363266640054
lung,baseline,40000,103,102,102,0.24510670583616792
lung,baseline,40000,103,98,98,0.1930596757205429
lung,baseline,40000,103,97,97,0.2534865702927181
lung,baseline,40000,103,101,101,0.12472446702857104
lung,baseline,40000,103,101,101,0.1401720779780004
lung,baseline,40000,103,100,100,0.15415451583219905
lung,baseline,40000,103,98,98,0.08630068578418301
lung,baseline,40000,103,98,98,0.2098603682910509
lung,baseline,40000,103,97,97,0.13826086461239662
lung,baseline,40000,103,97,97,0.19108012299874783
lung,baseline,40000,103,95,95,0.03738132322411406
lung,baseline,40000,103,51,51,0.15911812615368837
lung,baseline,40000,103,95,95,0.2071825693921688
lung,baseline,40000,103,91,91,0.28974368408363016
lung,baseline,40000,103,91,91,0.23706033966921458
lung,baseline,40000,103,87,87,0.2215418058750468
lung,baseline,40000,103,87,87,0.3092560729215848
lung,baseline,40000,103,86,86,0.2863281348679939
lung,baseline,40000,103,86,86,0.23656270877610636
lung,baseline,40000,103,81,81,0.2804633397778276
lung,baseline,40000,103,80,80,0.27585744173846083
lung,baseline,40000,103,62,62,0.19708176324575294
lung,baseline,40000,103,98,98,0.18228602402287836
lung,baseline,40000,103,98,98,0.2425134278146849
lung,baseline,40000,103,88,88,0.06029165605793532
lung,baseline,40000,103,97,97,0.256075420943563
lung,baseline,40000,103,97,97,0.24605609158307573
lung,baseline,40000,103,91,91,0.050617689429349196
lung,baseline,40000,103,90,90,0.2739754693053188
lung,baseline,40000,103,89,89,0.26833295157346004
lung,baseline,40000,103,102,102,0.016203674999651575
lung,baseline,40000,103,101,101,0.27674988406770606
lung,baseline,40000,103,101,101,0.22513960983171585
lung,baseline,40000,103,100,100,0.034095996693815744
lung,baseline,40000,103,97,97,0.22379077899805463
lung,baseline,40000,103,97,97,0.2921921474496267
lung,baseline,40000,103,96,96,0.30174546388773504
lung,baseline,40000,103,94,94,0.27222173836635527
lung,baseline,40000,103,101,101,0.010907913135148498
lung,baseline,40000,103,97,97,0.20325291337654017
lung,baseline,40000,103,96,96,0.21544482555429267
lung,baseline,40000,103,96,96,0.20751179703024283
lung,baseline,40000,103,93,93,0.19958899729745658
lung,baseline,40000,103,92,92,0.17892020301767242
lung,baseline,40000,103,102,102,0.1326835595028649
lung,baseline,40000,103,102,102,0.1746731842460742
lung,baseline,40000,103,102,102,0.1560492467477663
lung,baseline,40000,103,102,102,0.16388307562459473
lung,baseline,40000,103,102,102,0.24452816362604599
lung,baseline,40000,103,99,99,0.14066511462709844
lung,baseline,40000,103,97,97,0.2529597368099149
lung,baseline,40000,103,96,96,0.041609131219872815
lung,baseline,40000,103,102,102,0.2138726603931215
lung,baseline,40000,103,99,99,0.19395179455314937
lung,baseline,40000,103,97,97,0.21119013772089626
lung,baseline,40000,103,101,101,0.26462748251981133
lung,baseline,40000,103,98,98,0.21962315530605814
lung,baseline,40000,103,95,95,0.22700126230578163
lung,baseline,40000,103,95,95,0.20846213603477529
lung,baseline,40000,103,94,94,0.28141688112578256
lung,baseline,40000,103,92,92,0.28272874683455707
lung,baseline,40000,103,72,72,0.26055331639085033
lung,baseline,40000,103,51,51,0.2181912212331253
lung,baseline,40000,103,102,102,0.26124729503394284
lung,baseline,40000,103,98,98,0.17794140349709014
lung,baseline,40000,103,102,102,0.023542820610733678
lung,baseline,40000,103,102,102,0.008263069123905833
lung,baseline,40000,103,101,101,0.19888578286334505
lung,baseline,40000,103,100,100,0.06987660112883637
lung,baseline,40000,103,98,98,0.19360907797518456
lung,baseline,40000,103,98,98,0.2502803601380036
lung,baseline,40000,103,97,97,0.20342256570355227
lung,baseline,40000,103,102,102,0.2696823969647144
lung,baseline,40000,103,102,102,0.006313857753806768
lung,baseline,40000,103,98,98,0.047738233662188746
lung,baseline,40000,103,96,96,0.2394863266854985
lung,baseline,40000,103,96,96,0.131324838522744
lung,baseline,40000,103,96,96,0.22941199391247216
lung,baseline,40000,103,95,95,0.27385314000897404
lung,baseline,40000,103,95,95,0.25243914936305983
lung,baseline,40000,103,94,94,0.17425659571068347
lung,baseline,40000,103,92,92,0.26663730546379255
lung,baseline,40000,103,92,92,0.2910618229449835
lung,baseline,40000,103,97,97,0.2377920826852469
lung,baseline,40000,103,83,83,0.2150244124372809
lung,baseline,40000,103,83,83,0.21895119301614888
lung,baseline,40000,103,81,81,0.1932167160601448
lung,baseline,40000,103,51,51,0.1674509070479806
lung,baseline,40000,103,102,102,0.11188361488504606
lung,baseline,40000,103,102,102,0.008434704250020996
lung,baseline,40000,103,102,102,0.012690754812813797
lung,baseline,40000,103,102,102,0.009081572926323426
lung,baseline,40000,103,102,102,0.013784816260219962
lung,baseline,40000,103,102,102,0.021641718712640368
lung,baseline,40000,103,102,102,0.02753236197217717
lung,baseline,40000,103,102,102,0.003754479384097901
lung,baseline,40000,103,102,102,0.054902092195485516
lung,baseline,40000,103,101,101,0.012360624850518892
lung,baseline,40000,103,100,100,0.010921048252566264
lung,baseline,40000,103,100,100,0.02549259658820219
lung,baseline,40000,103,100,100,0.01585773983472833
lung,baseline,40000,103,98,98,0.14569244399660855
lung,baseline,40000,103,95,95,0.023550948199617457
lung,baseline,40000,103,102,102,0.12623364125697803
lung,baseline,40000,103,102,102,0.1252979144878417
lung,baseline,40000,103,98,98,0.08703041251333667
lung,baseline,40000,103,95,95,0.03194457580349181
lung,baseline,40000,103,51,51,0.15393731107943243
lung,baseline,40000,103,101,101,0.19910874279053936
lung,baseline,40000,103,99,99,0.03510958339773099
lung,baseline,40000,103,99,99,0.16180024899782616
lung,baseline,40000,103,98,98,0.1736386836883965
lung,baseline,40000,103,93,93,0.18332368283870704
lung,baseline,40000,103,102,102,0.17972432330204227
lung,baseline,40000,103,102,102,0.2089817766698615
lung,baseline,40000,103,102,102,0.16192900409722266
lung,baseline,40000,103,101,101,0.021579249812496627
lung,baseline,40000,103,101,101,0.014970151660974861
lung,baseline,40000,103,99,99,0.029475615820207378
lung,baseline,40000,103,102,102,0.2182001384829596
lung,baseline,40000,103,98,98,0.2814614327860788
lung,baseline,40000,103,96,96,0.22826545769233175
lung,baseline,40000,103,95,95,0.2267141669878854
lung,baseline,40000,103,93,93,0.22423207318034633
lung,baseline,40000,103,91,91,0.26067376583795243
lung,baseline,40000,103,87,87,0.2493736548178882
lung,baseline,40000,103,102,102,0.007794232308856073
lung,baseline,40000,103,102,102,0.11192981865946454
lung,baseline,40000,103,102,102,0.02291714784995514
lung,baseline,40000,103,102,102,0.017632156138263688
lung,baseline,40000,103,102,102,0.010974334472628041
lung,baseline,40000,103,102,102,0.010562020574496152
lung,baseline,40000,103,102,102,0.027661005219061337
lung,baseline,40000,103,102,102,0.027643026480165745
lung,baseline,40000,103,102,102,0.046319176588599575
lung,baseline,40000,103,102,102,0.021314865726057838
lung,baseline,40000,103,102,102,0.009401939246626167
lung,baseline,40000,103,101,101,0.023068188208197792
lung,baseline,40000,103,101,101,0.015963821475952662
lung,baseline,40000,103,100,100,0.038826160955327545
lung,baseline,40000,103,100,100,0.01873547769155558
lung,baseline,40000,103,99,99,0.03951866176188885
lung,baseline,40000,103,99,99,0.16258706180651342
lung,baseline,40000,103,99,99,0.04076336071913261
lung,baseline,40000,103,102,102,0.20641898348825957
lung,baseline,40000,103,102,102,0.18717117031015582
lung,baseline,40000,103,98,98,0.19075888070134314
lung,baseline,40000,103,98,98,0.24150611382434423
lung,baseline,40000,103,97,97,0.20005647561893164
lung,baseline,40000,103,102,102,0.2207819927701481
lung,baseline,40000,103,101,101,0.15342416629241226
lung,baseline,40000,103,101,101,0.17962716192153436
lung,baseline,40000,103,100,100,0.21120253417981766
lung,baseline,40000,103,99,99,0.20459979362917294
lung,baseline,40000,103,97,97,0.05779938699149769
lung,baseline,40000,103,97,97,0.22878271898817415
lung,baseline,40000,103,94,94,0.16002104154562827
lung,baseline,40000,103,89,89,0.2304335361191341
lung,baseline,40000,103,86,86,0.06875573703167238
lung,baseline,40000,103,76,76,0.2923084474683586
lung,baseline,40000,103,69,69,0.2481721579854529
lung,baseline,40000,103,51,51,0.18601838196198808
lung,baseline,40000,103,43,43,0.3542590371027266
lung,baseline,40000,103,28,28,0.3880600913810848
lung,baseline,40000,103,102,102,0.24898147125438783
lung,baseline,40000,103,98,98,0.20247081388060376
lung,baseline,40000,103,98,98,0.2047196516852002
lung,baseline,40000,103,97,97,0.213293301189331
lung,baseline,40000,103,97,97,0.10050975041024113
lung,baseline,40000,103,96,96,0.009592383791667724
lung,baseline,40000,103,100,100,0.1627356593510356
lung,baseline,40000,103,92,92,0.12605602583146244
lung,baseline,40000,103,81,81,0.12903138109867054
lung,baseline,40000,103,102,102,0.11932667159291419
lung,baseline,40000,103,100,100,0.02391489708363806
lung,baseline,40000,103,100,100,0.0167225051802816
lung,baseline,40000,103,100,100,0.1498156730741473
lung,baseline,40000,103,97,97,0.18586310493433006
lung,baseline,40000,103,102,102,0.009105001581516288
lung,baseline,40000,103,99,99,0.1620631543581977
lung,baseline,40000,103,96,96,0.1983326594763081
lung,baseline,40000,103,90,90,0.12889486834615835
lung,baseline,40000,103,102,102,0.003266009477590811
lung,baseline,40000,103,102,102,0.25499254559006795
lung,baseline,40000,103,97,97,0.260317111327577
lung,baseline,40000,103,97,97,0.25810301005229414
lung,baseline,40000,103,86,86,0.07162595112716202
lung,baseline,40000,103,51,51,0.18816670391740145
lung,baseline,40000,103,102,102,0.18566829501251558
lung,baseline,40000,103,102,102,0.12396118751424653
lung,baseline,40000,103,102,102,0.1786468664167678
lung,baseline,40000,103,101,101,0.025946754645121424
lung,baseline,40000,103,98,98,0.25433519099763996
lung,baseline,40000,103,97,97,0.19156484041894223
lung,baseline,40000,103,102,102,0.017252740941909695
lung,baseline,40000,103,102,102,0.13141613555239207
lung,baseline,40000,103,102,102,0.17387135656687366
lung,baseline,40000,103,102,102,0.1868235606213844
lung,baseline,40000,103,98,98,0.25160278825624194
lung,baseline,40000,103,97,97,0.1957147199610745
lung,baseline,40000,103,97,97,0.04996410621030329
lung,baseline,40000,103,102,102,0.1504342508758619
lung,baseline,40000,103,102,102,0.18338610290714705
lung,baseline,40000,103,102,102,0.03704072390886181
lung,baseline,40000,103,98,98,0.15633802707981026
lung,baseline,40000,103,101,101,0.03045850533163983
lung,baseline,40000,103,97,97,0.14400612770811014
lung,baseline,40000,103,94,94,0.2501728810376782
lung,baseline,40000,103,92,92,0.2711239458493099
lung,baseline,40000,103,92,92,0.27035505897067935
lung,baseline,40000,103,91,91,0.254256065566922
lung,baseline,40000,103,90,90,0.26473529650006294
lung,baseline,40000,103,89,89,0.26840384712185067
lung,baseline,40000,103,89,89,0.26928975992220683
lung,baseline,40000,103,87,87,0.21643664188667838
lung,baseline,40000,103,97,97,0.26353330525566177
lung,baseline,40000,103,96,96,0.17719204579503303
lung,baseline,40000,103,96,96,0.26540689319066163
lung,baseline,40000,103,93,93,0.2506959063524223
lung,baseline,40000,103,68,68,0.2295232157725764
lung,baseline,40000,103,101,101,0.22345340212853282
lung,baseline,40000,103,101,101,0.24520884018739145
lung,baseline,40000,103,98,98,0.249971553983537
lung,baseline,40000,103,98,98,0.2610677906673414
lung,baseline,40000,103,98,98,0.13993948955264518
lung,baseline,40000,103,81,81,0.23727561107484632
lung,baseline,40000,103,99,99,0.19394562321500464
lung,baseline,40000,103,98,98,0.2103263908392176
lung,baseline,40000,103,95,95,0.28340253522400677
lung,baseline,40000,103,84,84,0.2092122306196317
lung,baseline,40000,103,100,100,0.21303897148823278
lung,baseline,40000,103,98,98,0.1782788355877244
lung,baseline,40000,103,97,97,0.2642015023008217
lung,baseline,40000,103,101,101,0.20765714342914068
lung,baseline,40000,103,101,101,0.029496603645577865
lung,baseline,40000,103,100,100,0.021229699657187816
lung,baseline,40000,103,97,97,0.21419259678798258
lung,baseline,40000,104,102,102,0.19674118634970864
lung,baseline,40000,104,101,101,0.029814187643063296
lung,baseline,40000,104,101,101,0.20308031959573394
lung,baseline,40000,104,99,99,0.2616368396030066
lung,baseline,40000,104,99,99,0.161471837429569
lung,baseline,40000,104,98,98,0.20961395291107937
lung,baseline,40000,104,98,98,0.14610814852885493
lung,baseline,40000,104,92,92,0.2054069167370057
lung,baseline,40000,104,103,103,0.008895714204784853
lung,baseline,40000,104,103,103,0.15966373035086207
lung,baseline,40000,104,102,102,0.019292812780785547
lung,baseline,40000,104,100,100,0.20279160740125524
lung,baseline,40000,104,99,99,0.2521718847192215
lung,baseline,40000,104,97,97,0.24036157294981847
lung,baseline,40000,104,97,97,0.2129224889644021
lung,baseline,40000,104,95,95,0.21052544296576245
lung,baseline,40000,104,94,94,0.05086877302329316
lung,baseline,40000,104,86,86,0.07384049336614812
lung,baseline,40000,104,99,99,0.2507899835451011
lung,baseline,40000,104,96,96,0.20179913433230764
lung,baseline,40000,104,90,90,0.2567983490910214
lung,baseline,40000,104,87,87,0.24876785115525718
lung,baseline,40000,104,81,81,0.19658589082775518
lung,baseline,40000,104,71,71,0.2394135049773765
lung,baseline,40000,104,63,63,0.20061483872221697
lung,baseline,40000,104,56,56,0.20735530021119025
lung,baseline,40000,104,102,102,0.20052314859207704
lung,baseline,40000,104,102,102,0.13352786806634848
lung,baseline,40000,104,101,101,0.1834509562333415
lung,baseline,40000,104,100,100,0.16265968893737034
lung,baseline,40000,104,99,99,0.2590816205449638
lung,baseline,40000,104,98,98,0.2109096827766316
lung,baseline,40000,104,92,92,0.07536637664382627
lung,baseline,40000,104,91,91,0.08515808201223231
lung,baseline,40000,104,103,103,0.19353444180364207
lung,baseline,40000,104,98,98,0.202236959204454
lung,baseline,40000,104,98,98,0.23713703098210198
lung,baseline,40000,104,97,97,0.21086631772308945
lung,baseline,40000,104,97,97,0.20758992321135458
lung,baseline,40000,104,97,97,0.20817528220834386
lung,baseline,40000,104,95,95,0.2009971780667108
lung,baseline,40000,104,87,87,0.20852718252503616
lung,baseline,40000,104,83,83,0.23822084268017177
lung,baseline,40000,104,62,62,0.14773004823930547
lung,baseline,40000,104,102,102,0.055000734966635066
lung,baseline,40000,104,101,101,0.2429711044129291
lung,baseline,40000,104,101,101,0.2170798837591308
lung,baseline,40000,104,100,100,0.19809634738553317
lung,baseline,40000,104,99,99,0.24392129356274075
lung,baseline,40000,104,97,97,0.061317417412720156
lung,baseline,40000,104,97,97,0.24109024657194048
lung,baseline,40000,104,96,96,0.2753830918290959
lung,baseline,40000,104,95,95,0.21214295377400466
lung,baseline,40000,104,95,95,0.23417470327683507
lung,baseline,40000,104,92,92,0.2124201686021816
lung,baseline,40000,104,102,102,0.24400092458434805
lung,baseline,40000,104,99,99,0.18341730804821949
lung,baseline,40000,104,97,97,0.2391005456740222
lung,baseline,40000,104,97,97,0.238672356301318
lung,baseline,40000,104,92,92,0.26807161933431123
lung,baseline,40000,104,103,103,0.22239249764809968
lung,baseline,40000,104,102,102,0.20978809085486894
lung,baseline,40000,104,98,98,0.23025058635755066
lung,baseline,40000,104,97,97,0.2776781236383052
lung,baseline,40000,104,87,87,0.22383516584542162
lung,baseline,40000,104,103,103,0.022904361953893893
lung,baseline,40000,104,102,102,0.1982224986546972
lung,baseline,40000,104,102,102,0.0833199922928177
lung,baseline,40000,104,102,102,0.15929594016759938
lung,baseline,40000,104,99,99,0.2604060924216909
lung,baseline,40000,104,97,97,0.24463451228002173
lung,baseline,40000,104,97,97,0.24658497150215303
lung,baseline,40000,104,95,95,0.19239216399468115
lung,baseline,40000,104,103,103,0.035442541000052216
lung,baseline,40000,104,103,103,0.14951715283083425
lung,baseline,40000,104,103,103,0.112817798787812
lung,baseline,40000,104,103,103,0.17368021181412446
lung,baseline,40000,104,103,103,0.007978647052171817
lung,baseline,40000,104,103,103,0.009877378351788486
lung,baseline,40000,104,101,101,0.06175356640421616
lung,baseline,40000,104,103,103,0.011606446808734294
lung,baseline,40000,104,103,103,0.16563073982439505
lung,baseline,40000,104,103,103,0.011783194155135526
lung,baseline,40000,104,103,103,0.20627077603339183
lung,baseline,40000,104,103,103,0.06795400993223831
lung,baseline,40000,104,103,103,0.006752329980783602
lung,baseline,40000,104,103,103,0.006243299141381289
lung,baseline,40000,104,102,102,0.02756452710833183
lung,baseline,40000,104,102,102,0.10085980633019805
lung,baseline,40000,104,101,101,0.039717483287132295
lung,baseline,40000,104,99,99,0.17797460955260908
lung,baseline,40000,104,94,94,0.10771625184490682
lung,baseline,40000,104,103,103,0.04409690463927957
lung,baseline,40000,104,103,103,0.018466883009804334
lung,baseline,40000,104,103,103,0.20517872255797717
lung,baseline,40000,104,99,99,0.1253120097008972
lung,baseline,40000,104,96,96,0.17232930402474145
lung,baseline,40000,104,66,66,0.35726263322525675
lung,baseline,40000,104,62,62,0.32123794552641705
lung,baseline,40000,104,28,28,0.3537005471450553
lung,baseline,40000,104,103,103,0.1772341685973842
lung,baseline,40000,104,102,102,0.1961223659524481
lung,baseline,40000,104,99,99,0.15246513509146484
lung,baseline,40000,104,98,98,0.20852236495981477
lung,baseline,40000,104,94,94,0.04713914418263949
lung,baseline,40000,104,103,103,0.0096018080175663
lung,baseline,40000,104,103,103,0.06114968458898948
lung,baseline,40000,104,103,103,0.009564678885791994
lung,baseline,40000,104,103,103,0.013538262709279977
lung,baseline,40000,104,103,103,0.06749201275034454
lung,baseline,40000,104,103,103,0.15509250957188236
lung,baseline,40000,104,103,103,0.016292775897624262
lung,baseline,40000,104,103,103,0.21172567227306757
lung,baseline,40000,104,103,103,0.010764453411699081
lung,baseline,40000,104,101,101,0.01871166904022471
lung,baseline,40000,104,101,101,0.03742453089096876
lung,baseline,40000,104,100,100,0.19230257757441815
lung,baseline,40000,104,96,96,0.047279037649123286
lung,baseline,40000,104,103,103,0.18798511177564267
lung,baseline,40000,104,102,102,0.2218723770343534
lung,baseline,40000,104,99,99,0.2274322175741806
lung,baseline,40000,104,97,97,0.22827470446701412
lung,baseline,40000,104,91,91,0.2175047703437912
lung,baseline,40000,104,62,62,0.19737540361070557
lung,baseline,40000,104,103,103,0.22297053712495069
lung,baseline,40000,104,93,93,0.2511238619794317
lung,baseline,40000,104,92,92,0.02900092991189754
lung,baseline,40000,104,91,91,0.1697247695444307
lung,baseline,40000,104,87,87,0.23413139954570683
lung,baseline,40000,104,98,98,0.26281367536646194
lung,baseline,40000,104,97,97,0.2612772210792917
lung,baseline,40000,104,91,91,0.24827498828286632
lung,baseline,40000,104,91,91,0.24808810671664727
lung,baseline,40000,104,90,90,0.2239249241774025
lung,baseline,40000,104,89,89,0.24069106604379614
lung,baseline,40000,104,89,89,0.22689363021807554
lung,baseline,40000,104,89,89,0.2389020539862411
lung,baseline,40000,104,87,87,0.22193261006210335
lung,baseline,40000,104,85,85,0.24435145389970878
lung,baseline,40000,104,56,56,0.21076400114818042
lung,baseline,40000,104,102,102,0.2162608716273732
lung,baseline,40000,104,101,101,0.2195591229935956
lung,baseline,40000,104,101,101,0.24703709620865397
lung,baseline,40000,104,100,100,0.2007623008383925
lung,baseline,40000,104,99,99,0.2560779980507293
lung,baseline,40000,104,98,98,0.23623973831471282
lung,baseline,40000,104,97,97,0.24854500887476833
lung,baseline,40000,104,90,90,0.24132359543577356
lung,baseline,40000,104,90,90,0.10788793068223461
lung,baseline,40000,104,87,87,0.18519607802706223
lung,baseline,40000,104,103,103,0.20319457624941847
lung,baseline,40000,104,103,103,0.17733701047439046
lung,baseline,40000,104,103,103,0.04143084413350398
lung,baseline,40000,104,103,103,0.16288436151342958
lung,baseline,40000,104,100,100,0.03323726322017858
lung,baseline,40000,104,103,103,0.17887253598652805
lung,baseline,40000,104,103,103,0.00870143066267424
lung,baseline,40000,104,102,102,0.02572449709208101
lung,baseline,40000,104,95,95,0.2567249446704342
lung,baseline,40000,104,93,93,0.21829998262487377
lung,baseline,40000,104,92,92,0.24765739323013938
lung,baseline,40000,104,103,103,0.12917154827695965
lung,baseline,40000,104,103,103,0.1665749551020106
lung,baseline,40000,104,103,103,0.18214914402968152
lung,baseline,40000,104,101,101,0.04205682574757946
lung,baseline,40000,104,101,101,0.012185325969802594
lung,baseline,40000,104,103,103,0.16157586848377117
lung,baseline,40000,104,103,103,0.13096557831780298
lung,baseline,40000,104,103,103,0.011133647836003596
lung,baseline,40000,104,102,102,0.18048935820869003
lung,baseline,40000,104,102,102,0.02237600482154747
lung,baseline,40000,104,101,101,0.18336812659691865
lung,baseline,40000,104,98,98,0.2629712521077313
lung,baseline,40000,104,98,98,0.26634420436151746
lung,baseline,40000,104,94,94,0.2613343223872123
lung,baseline,40000,104,91,91,0.2617559803933066
lung,baseline,40000,104,96,96,0.19250854565004513
lung,baseline,40000,104,96,96,0.19331175296825576
lung,baseline,40000,104,96,96,0.19143614735453704
lung,baseline,40000,104,94,94,0.1941030849155572
lung,baseline,40000,104,92,92,0.17492737662118718
lung,baseline,40000,104,92,92,0.24398560955817675
lung,baseline,40000,104,91,91,0.17738146738565436
lung,baseline,40000,104,56,56,0.2050936900427615
lung,baseline,40000,104,103,103,0.158661890752812
lung,baseline,40000,104,102,102,0.07784192145968495
lung,baseline,40000,104,101,101,0.0335078583121647
lung,baseline,40000,104,100,100,0.20278555929416633
lung,baseline,40000,104,99,99,0.26299064332964844
lung,baseline,40000,104,103,103,0.23520433229468088
lung,baseline,40000,104,101,101,0.01467010388741947
lung,baseline,40000,104,100,100,0.1383580675058552
lung,baseline,40000,104,98,98,0.2307331843062538
lung,baseline,40000,104,103,103,0.2198710717295356
lung,baseline,40000,104,103,103,0.16824833358303576
lung,baseline,40000,104,103,103,0.1090959491845124
lung,baseline,40000,104,101,101,0.03386790211336309
lung,baseline,40000,104,101,101,0.017826734027182666
lung,baseline,40000,104,100,100,0.13637520886226934
lung,baseline,40000,104,99,99,0.2343953613712824
lung,baseline,40000,104,103,103,0.06041817783277107
lung,baseline,40000,104,102,102,0.19276162838753316
lung,baseline,40000,104,99,99,0.28310338450653555
lung,baseline,40000,104,98,98,0.22879617623631246
lung,baseline,40000,104,103,103,0.004284392351654613
lung,baseline,40000,104,103,103,0.12764889658810377
lung,baseline,40000,104,103,103,0.022679942357920948
lung,baseline,40000,104,101,101,0.18247351644933082
lung,baseline,40000,104,98,98,0.2615239530570534
lung,baseline,40000,104,98,98,0.25602114255830166
lung,baseline,40000,104,86,86,0.07414324361918007
lung,baseline,40000,104,103,103,0.20844749941257287
lung,baseline,40000,104,103,103,0.18555795959611235
lung,baseline,40000,104,103,103,0.04571034797499364
lung,baseline,40000,104,103,103,0.18624665822098294
lung,baseline,40000,104,101,101,0.04558127376124976
lung,baseline,40000,104,99,99,0.18635065744451615
lung,baseline,40000,104,102,102,0.24600458660655158
lung,baseline,40000,104,102,102,0.2486132534850313
lung,baseline,40000,104,101,101,0.16503002488821425
lung,baseline,40000,104,98,98,0.24922879725123848
lung,baseline,40000,104,98,98,0.2064807094115226
lung,baseline,40000,104,97,97,0.2109999763458971
lung,baseline,40000,104,97,97,0.13379441443045295
lung,baseline,40000,104,97,97,0.19550155976924935
lung,baseline,40000,104,97,97,0.28811852840424784
lung,baseline,40000,104,96,96,0.16313817880687667
lung,baseline,40000,104,96,96,0.2126889477915618
lung,baseline,40000,104,96,96,0.22024750360108059
lung,baseline,40000,104,95,95,0.2535661605007347
lung,baseline,40000,104,92,92,0.05568122711930719
lung,baseline,40000,104,88,88,0.269728804921124
lung,baseline,40000,104,86,86,0.2453650315617219
lung,baseline,40000,104,103,103,0.009489684316586321
lung,baseline,40000,104,103,103,0.0186862321267894
lung,baseline,40000,104,103,103,0.04652916156499082
lung,baseline,40000,104,103,103,0.01600201345641936
lung,baseline,40000,104,103,103,0.006217626072541664
lung,baseline,40000,104,103,103,0.06365017932636648
lung,baseline,40000,104,103,103,0.01369674595143396
lung,baseline,40000,104,103,103,0.014218913784996791
lung,baseline,40000,104,103,103,0.015328225580445156
lung,baseline,40000,104,103,103,0.009618379780917294
lung,baseline,40000,104,103,103,0.005707373924684019
lung,baseline,40000,104,103,103,0.013320439528060479
lung,baseline,40000,104,103,103,0.00753399497023553
lung,baseline,40000,104,103,103,0.004656442247581864
lung,baseline,40000,104,103,103,0.12334787088288925
lung,baseline,40000,104,103,103,0.01681001891957394
lung,baseline,40000,104,103,103,0.12482849442982032
lung,baseline,40000,104,103,103,0.017177747449066076
lung,baseline,40000,104,102,102,0.01426332936011601
lung,baseline,40000,104,102,102,0.01875767559753727
lung,baseline,40000,104,102,102,0.01698005687514254
lung,baseline,40000,104,102,102,0.013338425464470938
lung,baseline,40000,104,101,101,0.013085287649471845
lung,baseline,40000,104,101,101,0.033950771545968164
lung,baseline,40000,104,101,101,0.01971323619565059
lung,baseline,40000,104,101,101,0.05850210573167392
lung,baseline,40000,104,100,100,0.024420943938922347
lung,baseline,40000,104,97,97,0.033584901996234116
lung,baseline,40000,104,103,103,0.058922826506089376
lung,baseline,40000,104,103,103,0.20413262522238165
lung,baseline,40000,104,103,103,0.15649813826526288
lung,baseline,40000,104,103,103,0.14770507513108216
lung,baseline,40000,104,100,100,0.18925245336470742
lung,baseline,40000,104,103,103,0.16159654454086786
lung,baseline,40000,104,102,102,0.024369950884861026
lung,baseline,40000,104,102,102,0.023964910901816006
lung,baseline,40000,104,102,102,0.008654403115921777
lung,baseline,40000,104,98,98,0.20980746462844815
lung,baseline,40000,104,98,98,0.26182529886434397
lung,baseline,40000,104,98,98,0.2508491333175836
lung,baseline,40000,104,98,98,0.25789300975616414
lung,baseline,40000,104,86,86,0.07315152446605912
lung,baseline,40000,104,103,103,0.22723839306955304
lung,baseline,40000,104,103,103,0.001086912643127813
lung,baseline,40000,104,103,103,0.03805697583781834
lung,baseline,40000,104,98,98,0.2176076339916452
lung,baseline,40000,104,98,98,0.1910597738477938
lung,baseline,40000,104,95,95,0.20360703950055561
lung,baseline,40000,104,102,102,0.03149519063369434
lung,baseline,40000,104,98,98,0.2061894312633469
lung,baseline,40000,104,96,96,0.26500177098077926
lung,baseline,40000,104,96,96,0.24186347483873727
lung,baseline,40000,104,95,95,0.18372826112054164
lung,baseline,40000,104,92,92,0.25198982250968394
lung,baseline,40000,104,91,91,0.15249416292394374
lung,baseline,40000,104,84,84,0.2107955335854197
lung,baseline,40000,104,103,103,0.028983170511235952
lung,baseline,40000,104,103,103,0.013480991385666646
lung,baseline,40000,104,101,101,0.21628242528948408
lung,baseline,40000,104,100,100,0.20343452567883724
lung,baseline,40000,104,97,97,0.22823900426042798
lung,baseline,40000,104,103,103,0.2202015959445815
lung,baseline,40000,104,100,100,0.09364728047064133
lung,baseline,40000,104,98,98,0.22912264655012832
lung,baseline,40000,104,98,98,0.2953562659246641
lung,baseline,40000,104,98,98,0.28491786561032423
lung,baseline,40000,104,93,93,0.27879145733425276
lung,baseline,40000,104,62,62,0.19619328248261442
lung,baseline,40000,104,103,103,0.14730461760900565
lung,baseline,40000,104,102,102,0.19783752435927196
lung,baseline,40000,104,102,102,0.008379039237136126
lung,baseline,40000,104,100,100,0.19925829717793314
lung,baseline,40000,104,99,99,0.255313582973689
lung,baseline,40000,104,98,98,0.20294279322268582
lung,baseline,40000,104,103,103,0.01037759845781507
lung,baseline,40000,104,103,103,0.006118245732871345
lung,baseline,40000,104,103,103,0.011211399350357615
lung,baseline,40000,104,103,103,0.0074011170926125075
lung,baseline,40000,104,103,103,0.10921399961199041
lung,baseline,40000,104,103,103,0.03052402745567011
lung,baseline,40000,104,103,103,0.05976620295460317
lung,baseline,40000,104,103,103,0.03131989871466009
lung,baseline,40000,104,103,103,0.02053800586706447
lung,baseline,40000,104,103,103,0.04252852908588626
lung,baseline,40000,104,103,103,0.12646365113818328
lung,baseline,40000,104,103,103,0.009074150802987414
lung,baseline,40000,104,103,103,0.00604098597936563
lung,baseline,40000,104,101,101,0.019082737421591722
lung,baseline,40000,104,101,101,0.046282858879304146
lung,baseline,40000,104,101,101,0.03368486565307876
lung,baseline,40000,104,101,101,0.013721105323785497
lung,baseline,40000,104,101,101,0.044878901878304796
lung,baseline,40000,104,100,100,0.04928297149372314
lung,baseline,40000,104,98,98,0.22233266773407354
lung,baseline,40000,104,96,96,0.1898958136771065
lung,baseline,40000,104,96,96,0.2868306634889695
lung,baseline,40000,104,96,96,0.26930881809949286
lung,baseline,40000,104,95,95,0.2217726257312765
lung,baseline,40000,104,92,92,0.2953178644389105
lung,baseline,40000,104,91,91,0.21157448070381382
lung,baseline,40000,104,87,87,0.2628516700612123
lung,baseline,40000,104,62,62,0.19901832062733466
lung,baseline,40000,104,103,103,0.12837336771594282
lung,baseline,40000,104,103,103,0.01954141176662386
lung,baseline,40000,104,102,102,0.18753905047071495
lung,baseline,40000,104,100,100,0.17191465923766736
lung,baseline,40000,104,98,98,0.28545858173488314
lung,baseline,40000,104,98,98,0.27451752194248
lung,baseline,40000,104,86,86,0.19236136919298283
lung,baseline,40000,104,103,103,0.2589921632126662
lung,baseline,40000,104,93,93,0.26219352414665936
lung,baseline,40000,104,102,102,0.13140534228526313
lung,baseline,40000,104,102,102,0.018392133295233187
lung,baseline,40000,104,101,101,0.18183445680229962
lung,baseline,40000,104,100,100,0.19996836803769708
lung,baseline,40000,104,99,99,0.26105676187470783
lung,baseline,40000,104,99,99,0.16334805067156002
lung,baseline,40000,104,99,99,0.2120704799167769
lung,baseline,40000,104,95,95,0.24673157692787825
lung,baseline,40000,104,95,95,0.20927995925022272
lung,baseline,40000,104,94,94,0.21845472621138376
lung,baseline,40000,104,94,94,0.22749773583430824
lung,baseline,40000,104,103,103,0.2187608811308507
lung,baseline,40000,104,103,103,0.1851862469029656
lung,baseline,40000,104,103,103,0.18521858533071578
lung,baseline,40000,104,99,99,0.10680641507449318
lung,baseline,40000,104,102,102,0.19705948814390065
lung,baseline,40000,104,99,99,0.23231552181702947
lung,baseline,40000,104,99,99,0.18903552718497277
lung,baseline,40000,104,62,62,0.14242505808286665
lung,baseline,40000,104,103,103,0.25127633612279265
lung,baseline,40000,104,103,103,0.013473927778982648
lung,baseline,40000,104,98,98,0.22114046246955052
lung,baseline,40000,104,103,103,0.2236656586312002
lung,baseline,40000,104,103,103,0.008172444502664281
lung,baseline,40000,104,100,100,0.043763364253659905
lung,baseline,40000,104,95,95,0.2428860192180959
lung,baseline,40000,104,90,90,0.2543371498677411
lung,baseline,40000,104,89,89,0.23529930276594416
lung,baseline,40000,104,103,103,0.17971488851248704
lung,baseline,40000,104,103,103,0.1668732322002029
lung,baseline,40000,104,102,102,0.20684692559255843
lung,baseline,40000,104,101,101,0.03377861808135611
lung,baseline,40000,104,99,99,0.23916517359663372
lung,baseline,40000,104,98,98,0.22523664769005064
lung,baseline,40000,104,102,102,0.2025050890728349
lung,baseline,40000,104,101,101,0.18367653921736862
lung,baseline,40000,104,97,97,0.24203662688609212
lung,baseline,40000,104,96,96,0.22311085019985985
lung,baseline,40000,104,96,96,0.21521665350140184
lung,baseline,40000,104,95,95,0.21612853687807212
lung,baseline,40000,104,95,95,0.20657380196651645
lung,baseline,40000,104,95,95,0.12804057358888854
lung,baseline,40000,104,88,88,0.2673269386978687
lung,baseline,40000,104,77,77,0.20980438823271932
lung,baseline,40000,104,103,103,0.23180965377360888
lung,baseline,40000,104,102,102,0.20200870981125107
lung,baseline,40000,104,100,100,0.14377032640030937
lung,baseline,40000,104,103,103,0.22184683938953728
lung,baseline,40000,104,102,102,0.1810142959699077
lung,baseline,40000,104,95,95,0.2788227878356036
lung,baseline,40000,104,93,93,0.25867113001639436
lung,baseline,40000,104,91,91,0.3074186674708359
lung,baseline,40000,104,90,90,0.29655219866856436
lung,baseline,40000,104,90,90,0.2510182144326901
lung,baseline,40000,104,87,87,0.20201932254688254
lung,baseline,40000,104,81,81,0.30165446521494704
lung,baseline,40000,104,103,103,0.054639879734567326
lung,baseline,40000,104,103,103,0.23421415915258664
lung,baseline,40000,104,103,103,0.16185936127109632
lung,baseline,40000,104,103,103,0.13878644693925407
lung,baseline,40000,104,102,102,0.022309125068384745
lung,baseline,40000,104,101,101,0.011027153857594679
lung,baseline,40000,104,97,97,0.008925345748620906
lung,baseline,40000,104,103,103,0.029166176847283603
lung,baseline,40000,104,103,103,0.161960673053099
lung,baseline,40000,104,100,100,0.13308322493357344
lung,baseline,40000,104,99,99,0.25774062067232834
lung,baseline,40000,104,98,98,0.20619943838160482
lung,baseline,40000,104,95,95,0.18764156729076548
lung,baseline,40000,104,91,91,0.0843508791965388
lung,baseline,40000,104,97,97,0.22291680704396158
lung,baseline,40000,104,89,89,0.25035557919967755
lung,baseline,40000,104,89,89,0.23694748614883765
lung,baseline,40000,104,87,87,0.1837558000773213
lung,baseline,40000,104,82,82,0.24119113416865529
lung,baseline,40000,104,68,68,0.1802058514718945
lung,baseline,40000,104,56,56,0.2097719654820574
lung,baseline,40000,104,103,103,0.1703372891147036
lung,baseline,40000,104,101,101,0.21373833568126085
lung,baseline,40000,104,100,100,0.19873412925583053
lung,baseline,40000,104,100,100,0.23509027772407395
lung,baseline,40000,104,97,97,0.2752466591115802
lung,baseline,40000,104,103,103,0.16357873471593237
lung,baseline,40000,104,103,103,0.2446062855117584
lung,baseline,40000,104,103,103,0.013282593435942219
lung,baseline,40000,104,103,103,0.05349728647086537
lung,baseline,40000,104,100,100,0.14492576959064074
lung,baseline,40000,104,103,103,0.010504540350240727
lung,baseline,40000,104,99,99,0.1561656034835496
lung,baseline,40000,104,99,99,0.25848934999972545
lung,baseline,40000,104,98,98,0.20704204218273076
lung,baseline,40000,104,95,95,0.19298666099278802
lung,baseline,40000,104,91,91,0.16425708662937208
lung,baseline,40000,104,103,103,0.12931021494306305
lung,baseline,40000,104,103,103,0.11065688577734768
lung,baseline,40000,104,103,103,0.024615301238555046
lung,baseline,40000,104,103,103,0.23719347598890222
lung,baseline,40000,104,101,101,0.024561266935742346
lung,baseline,40000,104,101,101,0.030849802598686363
lung,baseline,40000,104,99,99,0.21209793419800382
lung,baseline,40000,104,103,103,0.2110664622909088
lung,baseline,40000,104,103,103,0.12228400229693175
lung,baseline,40000,104,103,103,0.17477425718296344
lung,baseline,40000,104,103,103,0.1823824872124021
lung,baseline,40000,104,103,103,0.021002590009534975
lung,baseline,40000,104,103,103,0.17885043929489142
lung,baseline,40000,104,103,103,0.15838629941908294
lung,baseline,40000,104,103,103,0.010061883689634817
lung,baseline,40000,104,98,98,0.20986162376719467
lung,baseline,40000,104,103,103,0.21555689015252946
lung,baseline,40000,104,99,99,0.2452119715821209
lung,baseline,40000,104,97,97,0.23049453546173718
lung,baseline,40000,104,103,103,0.018650783583569495
lung,baseline,40000,104,103,103,0.040316377154630226
lung,baseline,40000,104,103,103,0.2099655364489251
lung,baseline,40000,104,99,99,0.1240883075562293
lung,baseline,40000,104,103,103,0.1776134486900118
lung,baseline,40000,104,103,103,0.1333012088073916
lung,baseline,40000,104,103,103,0.0808932446835989
lung,baseline,40000,104,103,103,0.16180636102092597
lung,baseline,40000,104,103,103,0.016122493296215765
lung,baseline,40000,104,103,103,0.017643141133789335
lung,baseline,40000,104,103,103,0.010250518998722799
lung,baseline,40000,104,102,102,0.02373423057493134
lung,baseline,40000,104,101,101,0.2471429970379109
lung,baseline,40000,104,98,98,0.29689502975352156
lung,baseline,40000,104,98,98,0.22972462297745974
lung,baseline,40000,104,93,93,0.2757209279930022
lung,baseline,40000,104,89,89,0.23044541411132483
lung,baseline,40000,104,89,89,0.22549040901818246
lung,baseline,40000,104,72,72,0.262583870290972
lung,baseline,40000,104,62,62,0.19801405490100552
lung,baseline,40000,104,103,103,0.11098007079219142
lung,baseline,40000,104,103,103,0.066716850372734
lung,baseline,40000,104,103,103,0.2651075386606987
lung,baseline,40000,104,100,100,0.22613279181884519
lung,baseline,40000,104,98,98,0.01968183224747988
lung,baseline,40000,104,103,103,0.015435278611670683
lung,baseline,40000,104,103,103,0.16176234335130102
lung,baseline,40000,104,103,103,0.005346779444458453
lung,baseline,40000,104,102,102,0.20437788861460124
lung,baseline,40000,104,100,100,0.19086659690856733
lung,baseline,40000,104,98,98,0.20896093711697833
lung,baseline,40000,104,103,103,0.19786216684084607
lung,baseline,40000,104,103,103,0.19586223286524596
lung,baseline,40000,104,103,103,0.18915324962993654
lung,baseline,40000,104,103,103,0.13781850109142055
lung,baseline,40000,104,102,102,0.0063641014625162575
lung,baseline,40000,104,99,99,0.037516583957809636
lung,baseline,40000,104,103,103,0.2561362840795208
lung,baseline,40000,104,99,99,0.17744600324437101
lung,baseline,40000,104,98,98,0.24336958722346877
lung,baseline,40000,104,95,95,0.2532499656253657
lung,baseline,40000,104,94,94,0.165344293591413
lung,baseline,40000,104,86,86,0.24581081102841904
lung,baseline,40000,104,76,76,0.2042675951523175
lung,baseline,40000,104,63,63,0.206767417617196
lung,baseline,40000,104,56,56,0.21398206915028645
lung,baseline,40000,104,51,51,0.19355542649940674
lung,baseline,40000,104,43,43,0.2505285284903146
lung,baseline,40000,104,28,28,0.35665522661823257
lung,baseline,40000,104,103,103,0.19604119386348468
lung,baseline,40000,104,103,103,0.09200732608520602
lung,baseline,40000,104,103,103,0.17767949856407866
lung,baseline,40000,104,101,101,0.035298669353735046
lung,baseline,40000,104,100,100,0.01937531945718604
lung,baseline,40000,104,100,100,0.18674923331511054
lung,baseline,40000,104,100,100,0.037924788070061013
lung,baseline,40000,104,99,99,0.20278110116067496
lung,baseline,40000,104,102,102,0.2045839135162506
lung,baseline,40000,104,100,100,0.22865317213542158
lung,baseline,40000,104,99,99,0.19339408714761183
lung,baseline,40000,104,95,95,0.19946083964267863
lung,baseline,40000,104,83,83,0.23402870503264794
lung,baseline,40000,104,62,62,0.14759300958139904
lung,baseline,40000,104,103,103,0.022319450337141247
lung,baseline,40000,104,103,103,0.02650551321022571
lung,baseline,40000,104,102,102,0.21789336467132694
lung,baseline,40000,104,101,101,0.19083952940782686
lung,baseline,40000,104,99,99,0.2471501763668714
lung,baseline,40000,104,98,98,0.22826107568863266
lung,baseline,40000,104,103,103,0.14675344614568284
lung,baseline,40000,104,103,103,0.24407308332495115
lung,baseline,40000,104,101,101,0.11990992186518555
lung,baseline,40000,104,99,99,0.20716081664762565
lung,baseline,40000,104,98,98,0.2098378208625132
lung,baseline,40000,104,100,100,0.27043942815773464
lung,baseline,40000,104,96,96,0.13888627233783946
lung,baseline,40000,104,95,95,0.2596492963976095
lung,baseline,40000,104,92,92,0.07368427243960529
lung,baseline,40000,104,86,86,0.24709198711159203
lung,baseline,40000,104,83,83,0.1683271241760202
lung,baseline,40000,104,83,83,0.16949029586014622
lung,baseline,40000,104,78,78,0.251406919889254
lung,baseline,40000,104,103,103,0.0029954792992826877
lung,baseline,40000,104,102,102,0.18669205760926158
lung,baseline,40000,104,100,100,0.1740904713223882
lung,baseline,40000,104,100,100,0.23263511605483628
lung,baseline,40000,104,98,98,0.27636742414816556
lung,baseline,40000,104,97,97,0.22018267145465042
lung,baseline,40000,104,97,97,0.2266639918154752
lung,baseline,40000,104,96,96,0.28343915917063683
lung,baseline,40000,104,96,96,0.2441154854992017
lung,baseline,40000,104,102,102,0.07602645696614041
lung,baseline,40000,104,99,99,0.26348304071000245
lung,baseline,40000,104,97,97,0.20230654931808306
lung,baseline,40000,104,97,97,0.2194838437948798
lung,baseline,40000,104,96,96,0.24653883055537715
lung,baseline,40000,104,91,91,0.08505033974823652
lung,baseline,40000,104,90,90,0.21210877081217078
lung,baseline,40000,104,103,103,0.1666538286445179
lung,baseline,40000,104,103,103,0.2559003271458842
lung,baseline,40000,104,99,99,0.16787420953031984
lung,baseline,40000,104,98,98,0.1854681286137511
lung,baseline,40000,104,96,96,0.09456935945274329
lung,baseline,40000,104,102,102,0.07737955015362886
lung,baseline,40000,104,101,101,0.1822309254980681
lung,baseline,40000,104,99,99,0.1649497216633202
lung,baseline,40000,104,99,99,0.2621877271484742
lung,baseline,40000,104,99,99,0.2114235685601022
lung,baseline,40000,104,99,99,0.22125608083360704
lung,baseline,40000,104,97,97,0.2116311229848592
lung,baseline,40000,104,95,95,0.13245194683956418
lung,baseline,40000,104,103,103,0.21856301327595654
lung,baseline,40000,104,98,98,0.23271570535007355
lung,baseline,40000,104,95,95,0.2970730707469601
lung,baseline,40000,104,95,95,0.20898713332300062
lung,baseline,40000,104,94,94,0.2895320218652901
lung,baseline,40000,104,87,87,0.21752778208551807
lung,baseline,40000,104,62,62,0.19966558699627
lung,baseline,40000,104,103,103,0.18624446597215102
lung,baseline,40000,104,103,103,0.17623787309636457
lung,baseline,40000,104,103,103,0.12347262769293926
lung,baseline,40000,104,103,103,0.20527996153261863
lung,baseline,40000,104,103,103,0.02051756379138461
lung,baseline,40000,104,103,103,0.022699884706332815
lung,baseline,40000,104,103,103,0.004776617927962484
lung,baseline,40000,104,103,103,0.24380648134355767
lung,baseline,40000,104,103,103,0.14990425849749323
lung,baseline,40000,104,93,93,0.2621748970352258
lung,baseline,40000,104,102,102,0.20259534934909498
lung,baseline,40000,104,99,99,0.25616876714158554
lung,baseline,40000,104,99,99,0.13184951911547624
lung,baseline,40000,104,97,97,0.24570286863967827
lung,baseline,40000,104,94,94,0.209861829989492
lung,baseline,40000,104,93,93,0.24254342980093885
lung,baseline,40000,104,91,91,0.23708045402774025
lung,baseline,40000,104,89,89,0.18378894869751553
lung,baseline,40000,104,87,87,0.21791064291978587
lung,baseline,40000,104,83,83,0.22821561607062066
lung,baseline,40000,104,68,68,0.21337831115288486
lung,baseline,40000,104,51,51,0.18562078841325233
lung,baseline,40000,104,103,103,0.00737234973600617
lung,baseline,40000,104,103,103,0.012251389501325021
lung,baseline,40000,104,103,103,0.008266593369206088
lung,baseline,40000,104,103,103,0.19646649930494164
lung,baseline,40000,104,103,103,0.009386587560446797
lung,baseline,40000,104,103,103,0.06366230172990478
lung,baseline,40000,104,103,103,0.015909989546631528
lung,baseline,40000,104,103,103,0.01940817419349576
lung,baseline,40000,104,103,103,0.15944225692680875
lung,baseline,40000,104,103,103,0.007649650234813247
lung,baseline,40000,104,102,102,0.01860235584893467
lung,baseline,40000,104,102,102,0.025159079444663356
lung,baseline,40000,104,101,101,0.03539409114295558
lung,baseline,40000,104,101,101,0.05517514114159573
lung,baseline,40000,104,99,99,0.17079047440231862
lung,baseline,40000,104,98,98,0.04065760509789855
lung,baseline,40000,105,104,104,0.017726410943743862
lung,baseline,40000,105,104,104,0.16767046509935465
lung,baseline,40000,105,104,104,0.05074500660215084
lung,baseline,40000,105,104,104,0.10185036500749002
lung,baseline,40000,105,104,104,0.019419805676242394
lung,baseline,40000,105,104,104,0.21538664442322758
lung,baseline,40000,105,104,104,0.011443062501608502
lung,baseline,40000,105,104,104,0.011466633128361638
lung,baseline,40000,105,104,104,0.15684899522420975
lung,baseline,40000,105,101,101,0.19754061330070274
lung,baseline,40000,105,101,101,0.02100691638522187
lung,baseline,40000,105,100,100,0.03599092915806124
lung,baseline,40000,105,104,104,0.17521469331143044
lung,baseline,40000,105,102,102,0.2567578308561233
lung,baseline,40000,105,100,100,0.2473812739908653
lung,baseline,40000,105,99,99,0.13383288376555133
lung,baseline,40000,105,98,98,0.17884880881329224
lung,baseline,40000,105,97,97,0.24063541976422487
lung,baseline,40000,105,94,94,0.24889859768720993
lung,baseline,40000,105,100,100,0.2658406526427988
lung,baseline,40000,105,97,97,0.18833766141827266
lung,baseline,40000,105,96,96,0.1881063227446744
lung,baseline,40000,105,95,95,0.11726027615407153
lung,baseline,40000,105,94,94,0.27286080463275114
lung,baseline,40000,105,93,93,0.2314118236484613
lung,baseline,40000,105,92,92,0.27485037336468576
lung,baseline,40000,105,90,90,0.16903805287824777
lung,baseline,40000,105,90,90,0.2682254045162949
lung,baseline,40000,105,90,90,0.25055629033739024
lung,baseline,40000,105,89,89,0.26928072920483875
lung,baseline,40000,105,88,88,0.1839592095532761
lung,baseline,40000,105,87,87,0.2786655180808527
lung,baseline,40000,105,87,87,0.24232316782595448
lung,baseline,40000,105,81,81,0.19851846051042646
lung,baseline,40000,105,104,104,0.003219075396877745
lung,baseline,40000,105,104,104,0.002923041822895507
lung,baseline,40000,105,104,104,0.04732537265155441
lung,baseline,40000,105,104,104,0.23466666723224616
lung,baseline,40000,105,104,104,0.04979128676609672
lung,baseline,40000,105,104,104,0.10762608822520328
lung,baseline,40000,105,104,104,0.16269477255155282
lung,baseline,40000,105,102,102,0.010920567148837641
lung,baseline,40000,105,102,102,0.011267552577268539
lung,baseline,40000,105,101,101,0.1337232437882584
lung,baseline,40000,105,101,101,0.00969326929418293
lung,baseline,40000,105,101,101,0.019749291014723676
lung,baseline,40000,105,97,97,0.039161808045910365
lung,baseline,40000,105,104,104,0.003772496765003849
lung,baseline,40000,105,104,104,0.1958110281600862
lung,baseline,40000,105,104,104,0.18065304647198738
lung,baseline,40000,105,104,104,0.13785680840146608
lung,baseline,40000,105,104,104,0.19938748143453233
lung,baseline,40000,105,104,104,0.05464511027744396
lung,baseline,40000,105,103,103,0.0196914594854124
lung,baseline,40000,105,101,101,0.03866966464769944
lung,baseline,40000,105,104,104,0.12215919416397986
lung,baseline,40000,105,104,104,0.2452815479452131
lung,baseline,40000,105,104,104,0.003262130377824821
lung,baseline,40000,105,104,104,0.0030168825201121485
lung,baseline,40000,105,101,101,0.16431264413946473
lung,baseline,40000,105,99,99,0.20956994852840635
lung,baseline,40000,105,104,104,0.11138029021705173
lung,baseline,40000,105,104,104,0.19472654880623505
lung,baseline,40000,105,104,104,0.17489535859677618
lung,baseline,40000,105,100,100,0.2472222251508639
lung,baseline,40000,105,99,99,0.22795178969911561
lung,baseline,40000,105,99,99,0.12693663528754992
lung,baseline,40000,105,93,93,0.14498427861933416
lung,baseline,40000,105,104,104,0.0018734242338141495
lung,baseline,40000,105,104,104,0.04551517787333021
lung,baseline,40000,105,104,104,0.0033196066373512396
lung,baseline,40000,105,104,104,0.20703598907163803
lung,baseline,40000,105,97,97,0.21851760077024726
lung,baseline,40000,105,96,96,0.2988666290598174
lung,baseline,40000,105,104,104,0.00404773712950223
lung,baseline,40000,105,104,104,0.12462087976151942
lung,baseline,40000,105,104,104,0.002210559914015549
lung,baseline,40000,105,104,104,0.15053091042419217
lung,baseline,40000,105,104,104,0.22336811756856173
lung,baseline,40000,105,103,103,0.09679372132552656
lung,baseline,40000,105,103,103,0.015078119491572952
lung,baseline,40000,105,100,100,0.19918287394352782
lung,baseline,40000,105,104,104,0.16876370865819668
lung,baseline,40000,105,102,102,0.19033379159334976
lung,baseline,40000,105,102,102,0.19006341549453282
lung,baseline,40000,105,101,101,0.20972209932073135
lung,baseline,40000,105,100,100,0.251828569543623
lung,baseline,40000,105,98,98,0.24004171516150713
lung,baseline,40000,105,97,97,0.23807594545215877
lung,baseline,40000,105,94,94,0.284956894531483
lung,baseline,40000,105,93,93,0.25315608520226895
lung,baseline,40000,105,91,91,0.2512818841059365
lung,baseline,40000,105,90,90,0.20385163487639021
lung,baseline,40000,105,88,88,0.2990737294579669
lung,baseline,40000,105,87,87,0.240410523828536
lung,baseline,40000,105,83,83,0.24299434755464053
lung,baseline,40000,105,99,99,0.24800799782071745
lung,baseline,40000,105,97,97,0.1840230943116582
lung,baseline,40000,105,95,95,0.190627736279246
lung,baseline,40000,105,92,92,0.22795631055411508
lung,baseline,40000,105,89,89,0.22431235770194982
lung,baseline,40000,105,83,83,0.17628305887602186
lung,baseline,40000,105,79,79,0.15316985780530773
lung,baseline,40000,105,72,72,0.24980471150933672
lung,baseline,40000,105,56,56,0.21449714275834106
lung,baseline,40000,105,104,104,0.013965604152765158
lung,baseline,40000,105,104,104,0.10399292246878157
lung,baseline,40000,105,104,104,0.2445332178672389
lung,baseline,40000,105,101,101,0.10250555726593613
lung,baseline,40000,105,100,100,0.008690807529389612
lung,baseline,40000,105,100,100,0.20262718893206663
lung,baseline,40000,105,99,99,0.009312711005948134
lung,baseline,40000,105,96,96,0.12236613178040577
lung,baseline,40000,105,104,104,0.2466284239205023
lung,baseline,40000,105,102,102,0.019813457267569706
lung,baseline,40000,105,99,99,0.20485652125354276
lung,baseline,40000,105,96,96,0.21361606592274365
lung,baseline,40000,105,94,94,0.2624217514917354
lung,baseline,40000,105,104,104,0.2539538307444346
lung,baseline,40000,105,104,104,0.1581041805610658
lung,baseline,40000,105,104,104,0.0024579769404588234
lung,baseline,40000,105,104,104,0.0908928639532762
lung,baseline,40000,105,100,100,0.160349236562908
lung,baseline,40000,105,100,100,0.17613052986730765
lung,baseline,40000,105,98,98,0.018908404313627794
lung,baseline,40000,105,104,104,0.1304495547601301
lung,baseline,40000,105,104,104,0.19767641285030335
lung,baseline,40000,105,104,104,0.18931339249093457
lung,baseline,40000,105,104,104,0.1796905370245869
lung,baseline,40000,105,104,104,0.014701405587367152
lung,baseline,40000,105,104,104,0.18510878150446608
lung,baseline,40000,105,104,104,0.010868351973535417
lung,baseline,40000,105,104,104,0.18941523538663432
lung,baseline,40000,105,104,104,0.004559691833265502
lung,baseline,40000,105,104,104,0.09650002509871426
lung,baseline,40000,105,104,104,0.023148100667060873
lung,baseline,40000,105,104,104,0.22013182791477864
lung,baseline,40000,105,104,104,0.02116547899957321
lung,baseline,40000,105,104,104,0.0248133903868671
lung,baseline,40000,105,104,104,0.019725082751456888
lung,baseline,40000,105,104,104,0.004674516349033851
lung,baseline,40000,105,104,104,0.09313364506180298
lung,baseline,40000,105,104,104,0.01029796528486469
lung,baseline,40000,105,104,104,0.03237981399945517
lung,baseline,40000,105,103,103,0.011206176987468872
lung,baseline,40000,105,103,103,0.024259064328252086
lung,baseline,40000,105,103,103,0.008087680313748843
lung,baseline,40000,105,103,103,0.03040565398399611
lung,baseline,40000,105,103,103,0.0864691645790017
lung,baseline,40000,105,103,103,0.02648339395158181
lung,baseline,40000,105,102,102,0.030608547003183644
lung,baseline,40000,105,102,102,0.12543762312131795
lung,baseline,40000,105,101,101,0.04982517197257678
lung,baseline,40000,105,97,97,0.14585421524768347
lung,baseline,40000,105,96,96,0.17702024315022016
lung,baseline,40000,105,93,93,0.1771446201232172
lung,baseline,40000,105,92,92,0.2085787852823667
lung,baseline,40000,105,90,90,0.15473997395673142
lung,baseline,40000,105,88,88,0.16981667536327916
lung,baseline,40000,105,87,87,0.23457702526713078
lung,baseline,40000,105,84,84,0.2657211229746878
lung,baseline,40000,105,62,62,0.18209198399933052
lung,baseline,40000,105,56,56,0.2145477376388855
lung,baseline,40000,105,51,51,0.19263678591652345
lung,baseline,40000,105,28,28,0.3439997754554029
lung,baseline,40000,105,104,104,0.2462877712026608
lung,baseline,40000,105,94,94,0.26772522084783296
lung,baseline,40000,105,91,91,0.1818133759791651
lung,baseline,40000,105,87,87,0.24195495634824118
lung,baseline,40000,105,104,104,0.2631758370815396
lung,baseline,40000,105,104,104,0.1258147271547056
lung,baseline,40000,105,103,103,0.022475518560601208
lung,baseline,40000,105,101,101,0.11557732750166876
lung,baseline,40000,105,98,98,0.20693510465897338
lung,baseline,40000,105,98,98,0.21962829169953899
lung,baseline,40000,105,95,95,0.2092219902114652
lung,baseline,40000,105,104,104,0.23596572634496818
lung,baseline,40000,105,100,100,0.20368507231574703
lung,baseline,40000,105,94,94,0.21213819072613627
lung,baseline,40000,105,104,104,0.26898248313989054
lung,baseline,40000,105,104,104,0.18189683135455148
lung,baseline,40000,105,103,103,0.10374013574782764
lung,baseline,40000,105,101,101,0.1580471468391222
lung,baseline,40000,105,101,101,0.005076406827594153
lung,baseline,40000,105,99,99,0.22613097266077434
lung,baseline,40000,105,104,104,0.052893325305592064
lung,baseline,40000,105,104,104,0.2274055164411097
lung,baseline,40000,105,103,103,0.08804451292853885
lung,baseline,40000,105,103,103,0.023652305370126008
lung,baseline,40000,105,100,100,0.13185381441611738
lung,baseline,40000,105,99,99,0.16236609134849064
lung,baseline,40000,105,104,104,0.1872828616263972
lung,baseline,40000,105,103,103,0.1719452850707135
lung,baseline,40000,105,98,98,0.22790091040326613
lung,baseline,40000,105,97,97,0.2507026464053618
lung,baseline,40000,105,96,96,0.22577960309012404
lung,baseline,40000,105,94,94,0.24984982799515362
lung,baseline,40000,105,93,93,0.22226771566857256
lung,baseline,40000,105,90,90,0.2114011023806219
lung,baseline,40000,105,89,89,0.23050810851094047
lung,baseline,40000,105,83,83,0.23630991573980492
lung,baseline,40000,105,104,104,0.002251796736679357
lung,baseline,40000,105,104,104,0.01620973867076039
lung,baseline,40000,105,104,104,0.00896895266668691
lung,baseline,40000,105,104,104,0.0054188577627508625
lung,baseline,40000,105,104,104,0.07952226902719085
lung,baseline,40000,105,104,104,0.01778927410707554
lung,baseline,40000,105,104,104,0.011446901533468657
lung,baseline,40000,105,104,104,0.02237548506624412
lung,baseline,40000,105,104,104,0.017183131349853158
lung,baseline,40000,105,104,104,0.012246079868765204
lung,baseline,40000,105,104,104,0.005696124312073728
lung,baseline,40000,105,104,104,0.15976730432554637
lung,baseline,40000,105,104,104,0.0030850580531197667
lung,baseline,40000,105,104,104,0.03727102966983587
lung,baseline,40000,105,104,104,0.03979237131135564
lung,baseline,40000,105,104,104,0.17707742428764517
lung,baseline,40000,105,104,104,0.0207135579182322
lung,baseline,40000,105,104,104,0.021363985107417105
lung,baseline,40000,105,104,104,0.010601647698286112
lung,baseline,40000,105,104,104,0.014968400424796295
lung,baseline,40000,105,104,104,0.007719024108064075
lung,baseline,40000,105,104,104,0.00812935468212939
lung,baseline,40000,105,104,104,0.00865125691861303
lung,baseline,40000,105,104,104,0.0071260818458115235
lung,baseline,40000,105,104,104,0.007492747985372038
lung,baseline,40000,105,104,104,0.01501782510887717
lung,baseline,40000,105,104,104,0.1299338371007815
lung,baseline,40000,105,103,103,0.01818379318318097
lung,baseline,40000,105,102,102,0.04209511890167759
lung,baseline,40000,105,102,102,0.008699959761603855
lung,baseline,40000,105,102,102,0.06941882724004077
lung,baseline,40000,105,101,101,0.01847264977813293
lung,baseline,40000,105,101,101,0.03032551009924591
lung,baseline,40000,105,104,104,0.15184286759404245
lung,baseline,40000,105,99,99,0.2595380330288575
lung,baseline,40000,105,98,98,0.18249488136654468
lung,baseline,40000,105,94,94,0.1717862296806972
lung,baseline,40000,105,92,92,0.2395407882718576
lung,baseline,40000,105,92,92,0.2798888077186884
lung,baseline,40000,105,104,104,0.23308945221897248
lung,baseline,40000,105,104,104,0.00656588384991028
lung,baseline,40000,105,104,104,0.13956883531560005
lung,baseline,40000,105,103,103,0.17726200904875627
lung,baseline,40000,105,99,99,0.22377259117939347
lung,baseline,40000,105,104,104,0.00719883420872373
lung,baseline,40000,105,104,104,0.016045697935905438
lung,baseline,40000,105,102,102,0.21324958534879165
lung,baseline,40000,105,102,102,0.11736603249000196
lung,baseline,40000,105,102,102,0.25637192228791167
lung,baseline,40000,105,102,102,0.18202385496411141
lung,baseline,40000,105,101,101,0.21363867822846583
lung,baseline,40000,105,100,100,0.24349487954866814
lung,baseline,40000,105,98,98,0.22762201709098495
lung,baseline,40000,105,98,98,0.24303756210286606
lung,baseline,40000,105,104,104,0.0009750473471956229
lung,baseline,40000,105,104,104,0.25669672317324627
lung,baseline,40000,105,104,104,0.018485042467950772
lung,baseline,40000,105,104,104,0.020328537241273054
lung,baseline,40000,105,104,104,0.06595393759154088
lung,baseline,40000,105,104,104,0.12775609503862909
lung,baseline,40000,105,103,103,0.009267074752873536
lung,baseline,40000,105,103,103,0.1147643412052001
lung,baseline,40000,105,102,102,0.008081317863830845
lung,baseline,40000,105,102,102,0.029206475521879858
lung,baseline,40000,105,102,102,0.03311516587560602
lung,baseline,40000,105,104,104,0.18591450562934184
lung,baseline,40000,105,104,104,0.2032883866138945
lung,baseline,40000,105,104,104,0.02301319154387951
lung,baseline,40000,105,104,104,0.018478045439256123
lung,baseline,40000,105,104,104,0.01751787458938535
lung,baseline,40000,105,98,98,0.21346713700750475
lung,baseline,40000,105,104,104,0.036458976970185825
lung,baseline,40000,105,104,104,0.17963453000861856
lung,baseline,40000,105,104,104,0.12111188495105277
lung,baseline,40000,105,104,104,0.005934436077059957
lung,baseline,40000,105,104,104,0.19163324164658613
lung,baseline,40000,105,104,104,0.020500290672315766
lung,baseline,40000,105,104,104,0.20107227419737364
lung,baseline,40000,105,103,103,0.01926011534264083
lung,baseline,40000,105,103,103,0.02774328593190383
lung,baseline,40000,105,103,103,0.025865618474903845
lung,baseline,40000,105,102,102,0.12536565500224683
lung,baseline,40000,105,102,102,0.03508219921299736
lung,baseline,40000,105,101,101,0.042106537547646324
lung,baseline,40000,105,100,100,0.1974855246462717
lung,baseline,40000,105,99,99,0.027777854123340256
lung,baseline,40000,105,103,103,0.23112270806167684
lung,baseline,40000,105,102,102,0.20526504923827096
lung,baseline,40000,105,98,98,0.2436857585457221
lung,baseline,40000,105,97,97,0.2801073218128369
lung,baseline,40000,105,96,96,0.24897113975525653
lung,baseline,40000,105,95,95,0.20687271257974785
lung,baseline,40000,105,91,91,0.24194111933790752
lung,baseline,40000,105,90,90,0.21592762511267086
lung,baseline,40000,105,89,89,0.2272445802788114
lung,baseline,40000,105,87,87,0.24529460950953938
lung,baseline,40000,105,87,87,0.23743635467400068
lung,baseline,40000,105,83,83,0.2373175959687759
lung,baseline,40000,105,62,62,0.17002962776080174
lung,baseline,40000,105,103,103,0.2682455099152326
lung,baseline,40000,105,103,103,0.012426886465841228
lung,baseline,40000,105,103,103,0.011051611246351841
lung,baseline,40000,105,102,102,0.2541962010340564
lung,baseline,40000,105,102,102,0.15307218976987558
lung,baseline,40000,105,101,101,0.24269351464446304
lung,baseline,40000,105,101,101,0.2699435287900319
lung,baseline,40000,105,100,100,0.2628947831301937
lung,baseline,40000,105,99,99,0.2602661020182615
lung,baseline,40000,105,98,98,0.18319178034725683
lung,baseline,40000,105,98,98,0.19395656693783042
lung,baseline,40000,105,97,97,0.18330270269979587
lung,baseline,40000,105,97,97,0.2501492031664
lung,baseline,40000,105,96,96,0.2995867424904594
lung,baseline,40000,105,96,96,0.2084090829867197
lung,baseline,40000,105,93,93,0.2797575085407404
lung,baseline,40000,105,93,93,0.27853764452057983
lung,baseline,40000,105,90,90,0.25353975156912395
lung,baseline,40000,105,103,103,0.24017412129476678
lung,baseline,40000,105,103,103,0.25096446952822915
lung,baseline,40000,105,101,101,0.18994227002188493
lung,baseline,40000,105,99,99,0.2862237641366663
lung,baseline,40000,105,98,98,0.218819466604634
lung,baseline,40000,105,94,94,0.2540222324244648
lung,baseline,40000,105,91,91,0.2569936246891223
lung,baseline,40000,105,86,86,0.22795799675829526
lung,baseline,40000,105,104,104,0.18504613563780742
lung,baseline,40000,105,100,100,0.24444009544467085
lung,baseline,40000,105,99,99,0.2270434310622966
lung,baseline,40000,105,99,99,0.12671873894825506
lung,baseline,40000,105,62,62,0.16985702380118098
lung,baseline,40000,105,104,104,0.01193177406673324
lung,baseline,40000,105,103,103,0.2252896276631145
lung,baseline,40000,105,103,103,0.22643224264746037
lung,baseline,40000,105,103,103,0.23106641183001156
lung,baseline,40000,105,101,101,0.16683520701798085
lung,baseline,40000,105,100,100,0.13840107823700745
lung,baseline,40000,105,97,97,0.1891651789683444
lung,baseline,40000,105,96,96,0.280050412143697
lung,baseline,40000,105,92,92,0.049615801734628054
lung,baseline,40000,105,103,103,0.18560105500789456
lung,baseline,40000,105,99,99,0.2322641802333955
lung,baseline,40000,105,99,99,0.24756115049950161
lung,baseline,40000,105,99,99,0.2609816220196157
lung,baseline,40000,105,99,99,0.2911657128655947
lung,baseline,40000,105,98,98,0.21041003005049114
lung,baseline,40000,105,97,97,0.19575399288021997
lung,baseline,40000,105,97,97,0.05750617805793416
lung,baseline,40000,105,104,104,0.16803959525418571
lung,baseline,40000,105,104,104,0.17883504649544985
lung,baseline,40000,105,100,100,0.23643193723304556
lung,baseline,40000,105,100,100,0.22871525069947626
lung,baseline,40000,105,99,99,0.12776798477565526
lung,baseline,40000,105,99,99,0.2209383761063027
lung,baseline,40000,105,104,104,0.2680818870449403
lung,baseline,40000,105,104,104,0.0579415602684301
lung,baseline,40000,105,103,103,0.21190539415422333
lung,baseline,40000,105,103,103,0.08248977374114731
lung,baseline,40000,105,103,103,0.014004733551531425
lung,baseline,40000,105,103,103,0.16610941418562947
lung,baseline,40000,105,100,100,0.18523454083847132
lung,baseline,40000,106,105,105,0.25835753778127485
lung,baseline,40000,106,105,105,0.00309832723069775
lung,baseline,40000,106,105,105,0.11212262199388445
lung,baseline,40000,106,105,105,0.05490222497184031
lung,baseline,40000,106,105,105,0.1011342571026423
lung,baseline,40000,106,105,105,0.021843650675874633
lung,baseline,40000,106,102,102,0.11216131307365416
lung,baseline,40000,106,105,105,0.04715363990491379
lung,baseline,40000,106,105,105,0.2720314403182369
lung,baseline,40000,106,105,105,0.06840781328050362
lung,baseline,40000,106,105,105,0.0050235574070850615
lung,baseline,40000,106,105,105,0.14931140475666757
lung,baseline,40000,106,105,105,0.0096419436004184
lung,baseline,40000,106,105,105,0.08719378840209659
lung,baseline,40000,106,103,103,0.006580674372979786
lung,baseline,40000,106,102,102,0.015910416766131377
lung,baseline,40000,106,105,105,0.03677461270396095
lung,baseline,40000,106,105,105,0.07157547070479502
lung,baseline,40000,106,105,105,0.018223973766043018
lung,baseline,40000,106,105,105,0.22473152433051258
lung,baseline,40000,106,105,105,0.00999076656419787
lung,baseline,40000,106,101,101,0.1404318232867417
lung,baseline,40000,106,105,105,0.12178353474530318
lung,baseline,40000,106,105,105,0.002251739194708693
lung,baseline,40000,106,105,105,0.04711539419576932
lung,baseline,40000,106,105,105,0.0013326262932237094
lung,baseline,40000,106,105,105,0.002623711108388923
lung,baseline,40000,106,105,105,0.0016523830021350097
lung,baseline,40000,106,105,105,0.2442851892785832
lung,baseline,40000,106,105,105,0.09084996490163658
lung,baseline,40000,106,105,105,0.14306046504951025
lung,baseline,40000,106,104,104,0.0016248076474637565
lung,baseline,40000,106,104,104,0.004252659525560124
lung,baseline,40000,106,103,103,0.015941963236019003
lung,baseline,40000,106,103,103,0.003577920235352412
lung,baseline,40000,106,104,104,0.001971028454244721
lung,baseline,40000,106,104,104,0.24608124129620382
lung,baseline,40000,106,102,102,0.23291569596749154
lung,baseline,40000,106,102,102,0.2648516000069432
lung,baseline,40000,106,101,101,0.019126024788346355
lung,baseline,40000,106,100,100,0.2732618007165911
lung,baseline,40000,106,98,98,0.20832247093736705
lung,baseline,40000,106,97,97,0.18264128564545576
lung,baseline,40000,106,89,89,0.2738258470797144
lung,baseline,40000,106,88,88,0.24167787443781877
lung,baseline,40000,106,105,105,0.20297885349398614
lung,baseline,40000,106,101,101,0.09729369787499374
lung,baseline,40000,106,99,99,0.2133339728659432
lung,baseline,40000,106,56,56,0.21479274742995313
lung,baseline,40000,106,105,105,0.20052711404163434
lung,baseline,40000,106,102,102,0.156032328279573
lung,baseline,40000,106,91,91,0.2245802529943514
lung,baseline,40000,106,91,91,0.19589738675191137
lung,baseline,40000,106,88,88,0.19173270581338298
lung,baseline,40000,106,87,87,0.2432362267764166
lung,baseline,40000,106,105,105,0.20237319910383042
lung,baseline,40000,106,105,105,0.0012896601577603401
lung,baseline,40000,106,105,105,0.11139877800369039
lung,baseline,40000,106,105,105,0.00210775481144243
lung,baseline,40000,106,105,105,0.08636332138227688
lung,baseline,40000,106,105,105,0.026369051627666958
lung,baseline,40000,106,105,105,0.1755281690691613
lung,baseline,40000,106,105,105,0.011682333588684996
lung,baseline,40000,106,105,105,0.18502293616016613
lung,baseline,40000,106,105,105,0.018524558549442512
lung,baseline,40000,106,105,105,0.006005125457655391
lung,baseline,40000,106,105,105,0.122866307801703
lung,baseline,40000,106,105,105,0.017547479871784177
lung,baseline,40000,106,105,105,0.00707326183284555
lung,baseline,40000,106,105,105,0.006478301182204812
lung,baseline,40000,106,105,105,0.013766605275518807
lung,baseline,40000,106,105,105,0.036055454149739624
lung,baseline,40000,106,104,104,0.033457052295937886
lung,baseline,40000,106,104,104,0.013346900235086112
lung,baseline,40000,106,103,103,0.11442931134605772
lung,baseline,40000,106,103,103,0.036040743600895264
lung,baseline,40000,106,102,102,0.04036807481059269
lung,baseline,40000,106,105,105,0.2193980983662727
lung,baseline,40000,106,105,105,0.08026589611412487
lung,baseline,40000,106,105,105,0.01065298683754807
lung,baseline,40000,106,105,105,0.05359560989566152
lung,baseline,40000,106,105,105,0.020911516176089058
lung,baseline,40000,106,100,100,0.16181695125520396
lung,baseline,40000,107,106,106,0.06469275024974885
lung,baseline,40000,107,106,106,0.01730022632073658
lung,baseline,40000,107,106,106,0.04627952321228125
lung,baseline,40000,107,106,106,0.03779248491055258
lung,baseline,40000,107,106,106,0.004209336601832667
lung,baseline,40000,107,106,106,0.0029685976456899485
lung,baseline,40000,107,106,106,0.0005121452915699356
lung,baseline,40000,107,106,106,0.2032625992824861
lung,baseline,40000,107,106,106,0.08456472875165176
lung,baseline,40000,107,105,105,0.014614694566551387
lung,baseline,40000,107,105,105,0.008478393558769594
lung,baseline,40000,107,105,105,0.004144568726503594
lung,baseline,40000,107,103,103,0.003342303688671036
lung,baseline,40000,107,97,97,0.010980577125364634
