cohort,feature_set,subsample_n,pattern_size,ancestor_size,n_shared,mean_abs_diff
prostate,full,40000,30,23,23,0.08825448380120601
prostate,full,40000,33,23,23,0.2062419071765289
prostate,full,40000,35,33,33,0.06325045542241244
prostate,full,40000,36,35,35,0.012363144078037588
prostate,full,40000,36,33,33,0.13616147576156384
prostate,full,40000,36,33,33,0.10127660822033795
prostate,full,40000,38,36,36,0.11633730405288084
prostate,full,40000,38,36,36,0.04283981643779493
prostate,full,40000,38,36,36,0.04369113693944279
prostate,full,40000,38,35,35,0.12920636733520885
prostate,full,40000,39,38,38,0.023416190465478864
prostate,full,40000,39,36,36,0.12423797283388163
prostate,full,40000,39,38,38,0.01590512372410146
prostate,full,40000,39,38,38,0.010664302238556697
prostate,full,40000,39,36,36,0.09938046195002921
prostate,full,40000,39,36,36,0.062339491391855004
prostate,full,40000,41,30,30,0.03621714975383163
prostate,full,40000,41,23,23,0.0950068641550969
prostate,full,40000,42,30,30,0.03913331659980205
prostate,full,40000,42,23,23,0.0880223881779547
prostate,full,40000,42,41,41,0.012969404213354536
prostate,full,40000,42,30,30,0.02226064313978154
prostate,full,40000,42,39,39,0.04002853936626709
prostate,full,40000,42,39,39,0.042296446390981735
prostate,full,40000,42,39,39,0.12155310855243592
prostate,full,40000,43,41,41,0.0026418045949663815
prostate,full,40000,43,42,42,0.004600450025087923
prostate,full,40000,44,42,42,0.013703705995054891
prostate,full,40000,44,41,41,0.020717143628852012
prostate,full,40000,44,43,43,0.003463796418992493
prostate,full,40000,45,44,44,0.053632813510669224
prostate,full,40000,47,43,43,0.09307252567429462
prostate,full,40000,47,42,42,0.011561008256875097
prostate,full,40000,48,45,45,0.004284088338579553
prostate,full,40000,48,47,47,0.011026378548785128
prostate,full,40000,48,42,42,0.021540962371561938
prostate,full,40000,48,42,42,0.09422847352623571
prostate,full,40000,48,41,41,0.022664436350561066
prostate,full,40000,49,48,48,0.049380448994063124
prostate,full,40000,49,42,42,0.0647495412615615
prostate,full,40000,49,30,30,0.16710325894365582
prostate,full,40000,50,49,49,0.007185073442856357
prostate,full,40000,50,45,45,0.008781824653699005
prostate,full,40000,50,43,43,0.10547947317354694
prostate,full,40000,54,43,43,0.14526494173394716
prostate,full,40000,54,42,42,0.14413266034902786
prostate,full,40000,54,33,33,0.07729379983454861
prostate,full,40000,55,42,42,0.14609114066587706
prostate,full,40000,55,33,33,0.14825343170031585
prostate,full,40000,56,44,44,0.18436884881875865
prostate,full,40000,56,43,43,0.17345188805248302
prostate,full,40000,58,47,47,0.05372850650194279
prostate,full,40000,59,48,48,0.02468151359615893
prostate,full,40000,59,44,44,0.023868735699843994
prostate,full,40000,59,44,44,0.10234394825851599
prostate,full,40000,59,23,23,0.22952440343664032
prostate,full,40000,59,47,47,0.1350542677019443
prostate,full,40000,59,33,33,0.14736515253539884
prostate,full,40000,60,30,30,0.15184345112144154
prostate,full,40000,61,50,50,0.012436921750300124
prostate,full,40000,61,48,48,0.015419472185013619
prostate,full,40000,61,44,44,0.10828475282204271
prostate,full,40000,62,61,61,0.019974985405997295
prostate,full,40000,62,59,59,0.0480326077934836
prostate,full,40000,63,44,44,0.028055859119618123
prostate,full,40000,63,50,50,0.012670576522105821
prostate,full,40000,63,48,48,0.017136377117287546
prostate,full,40000,63,44,44,0.10448054525268596
prostate,full,40000,64,62,62,0.261831373149635
prostate,full,40000,64,60,60,0.1836882494567729
prostate,full,40000,64,56,56,0.20851631617655256
prostate,full,40000,64,44,44,0.026956250418881725
prostate,full,40000,64,43,43,0.02971164764280172
prostate,full,40000,64,59,59,0.19603811935049903
prostate,full,40000,64,43,43,0.028678138567150253
prostate,full,40000,65,42,42,0.16171545653833502
prostate,full,40000,65,41,41,0.1674015822993144
prostate,full,40000,65,30,30,0.03490184304196772
prostate,full,40000,65,42,42,0.06860853340747801
prostate,full,40000,65,42,42,0.12081437671635144
prostate,full,40000,65,41,41,0.060526819631683076
prostate,full,40000,66,62,62,0.010494961935853668
prostate,full,40000,66,58,58,0.029109092357282478
prostate,full,40000,66,30,30,0.0635963784564626
prostate,full,40000,66,30,30,0.0472015311974796
prostate,full,40000,66,47,47,0.18075871856266426
prostate,full,40000,66,39,39,0.18059935541948627
prostate,full,40000,67,23,23,0.28106404031871784
prostate,full,40000,67,66,66,0.010300268886623455
prostate,full,40000,67,44,44,0.13633167197845514
prostate,full,40000,67,42,42,0.12265707492879786
prostate,full,40000,67,45,45,0.016927274065766357
prostate,full,40000,67,43,43,0.10641429596295797
prostate,full,40000,67,59,59,0.12383536972720005
prostate,full,40000,68,33,33,0.10937581872011139
prostate,full,40000,69,23,23,0.09202563605675074
prostate,full,40000,69,43,43,0.016206664539256215
prostate,full,40000,69,44,44,0.030851875318801656
prostate,full,40000,69,56,56,0.03366656897473341
prostate,full,40000,69,30,30,0.18993773661304217
prostate,full,40000,70,30,30,0.042837831304004856
prostate,full,40000,70,58,58,0.012316691174455772
prostate,full,40000,70,69,69,0.01079092294229684
prostate,full,40000,70,44,44,0.01382395344932631
prostate,full,40000,70,44,44,0.08317250156943606
prostate,full,40000,70,43,43,0.08855677649900483
prostate,full,40000,70,42,42,0.03534219821850431
prostate,full,40000,70,41,41,0.03596047956266113
prostate,full,40000,70,44,44,0.16913694787007028
prostate,full,40000,70,43,43,0.17223275326605644
prostate,full,40000,70,69,69,0.17649937210937058
prostate,full,40000,70,59,59,0.05481041934159318
prostate,full,40000,71,30,30,0.27472024686560764
prostate,full,40000,71,70,70,0.1655171375811712
prostate,full,40000,71,30,30,0.23453154761675363
prostate,full,40000,71,42,42,0.22020804002358066
prostate,full,40000,71,70,70,0.022963325872565103
prostate,full,40000,71,69,69,0.009833978323364106
prostate,full,40000,71,64,64,0.0117176385758509
prostate,full,40000,71,64,64,0.014879177378343511
prostate,full,40000,71,23,23,0.18655047703535674
prostate,full,40000,71,69,69,0.08224939581560223
prostate,full,40000,71,64,64,0.0785781276841534
prostate,full,40000,72,71,71,0.07245521397289002
prostate,full,40000,72,71,71,0.02141952494561409
prostate,full,40000,72,70,70,0.018386251715747808
prostate,full,40000,72,30,30,0.10052135670553351
prostate,full,40000,72,42,42,0.032621940006432204
prostate,full,40000,72,42,42,0.10966244619687406
prostate,full,40000,72,41,41,0.03689676358728054
prostate,full,40000,72,71,71,0.25965110905372124
prostate,full,40000,72,42,42,0.11579942153776383
prostate,full,40000,72,41,41,0.11892121805959312
prostate,full,40000,72,33,33,0.14547236834626742
prostate,full,40000,72,71,71,0.04827448805221842
prostate,full,40000,72,71,71,0.17024967626135581
prostate,full,40000,72,70,70,0.025309940370331973
prostate,full,40000,72,69,69,0.021329480533636685
prostate,full,40000,72,71,71,0.1765087109175176
prostate,full,40000,72,44,44,0.1029520228781246
prostate,full,40000,72,30,30,0.1312990237252626
prostate,full,40000,72,71,71,0.1246397192641625
prostate,full,40000,73,30,30,0.0456959843508079
prostate,full,40000,73,72,72,0.11835736888637356
prostate,full,40000,73,72,72,0.05223976353562173
prostate,full,40000,73,43,43,0.023031199263795654
prostate,full,40000,73,30,30,0.21832327976857735
prostate,full,40000,73,42,42,0.03507308579062553
prostate,full,40000,73,70,70,0.06780959810965771
prostate,full,40000,73,72,72,0.23519679269697036
prostate,full,40000,73,72,72,0.2657976429859048
prostate,full,40000,73,30,30,0.05571599258695403
prostate,full,40000,73,70,70,0.11072140984511737
prostate,full,40000,73,64,64,0.22916938591428324
prostate,full,40000,73,44,44,0.2648923770739287
prostate,full,40000,73,44,44,0.026068522291684073
prostate,full,40000,73,43,43,0.026849619959545802
prostate,full,40000,73,66,66,0.014443740395663648
prostate,full,40000,73,63,63,0.008851642848789039
prostate,full,40000,73,61,61,0.010819014353897862
prostate,full,40000,73,70,70,0.011977111885533007
prostate,full,40000,73,44,44,0.02436695813450538
prostate,full,40000,73,42,42,0.13387626323240917
prostate,full,40000,73,30,30,0.14356050312608995
prostate,full,40000,73,42,42,0.12697748397030154
prostate,full,40000,73,41,41,0.1297831083758522
prostate,full,40000,73,72,72,0.15260661420001245
prostate,full,40000,73,70,70,0.12515071899803704
prostate,full,40000,73,30,30,0.13776651916479155
prostate,full,40000,73,72,72,0.17912825291057485
prostate,full,40000,73,72,72,0.13081854202564952
prostate,full,40000,74,44,44,0.026149345957404316
prostate,full,40000,74,66,66,0.22712845527313177
prostate,full,40000,74,63,63,0.24461964317744805
prostate,full,40000,74,61,61,0.2510888628687189
prostate,full,40000,74,72,72,0.01853178726635517
prostate,full,40000,74,66,66,0.14211455358228908
prostate,full,40000,74,70,70,0.07419959977864371
prostate,full,40000,74,69,69,0.021823772431777248
prostate,full,40000,74,48,48,0.02396080900013992
prostate,full,40000,74,44,44,0.017616789877932446
prostate,full,40000,74,42,42,0.027379733628240484
prostate,full,40000,74,30,30,0.060770557882345644
prostate,full,40000,74,30,30,0.34430436212864984
prostate,full,40000,74,30,30,0.12082780995721316
prostate,full,40000,74,44,44,0.10890349897427831
prostate,full,40000,74,43,43,0.11655629535226406
prostate,full,40000,74,30,30,0.0565185658431102
prostate,full,40000,74,73,73,0.007581514674049568
prostate,full,40000,74,65,65,0.019484540497475323
prostate,full,40000,74,63,63,0.01538757297191584
prostate,full,40000,74,65,65,0.07533065593550434
prostate,full,40000,74,73,73,0.018452962798485285
prostate,full,40000,74,73,73,0.29494973655352424
prostate,full,40000,74,70,70,0.3325772356170931
prostate,full,40000,74,63,63,0.08116051627002363
prostate,full,40000,74,43,43,0.11226062860096826
prostate,full,40000,74,42,42,0.07330908738284736
prostate,full,40000,74,73,73,0.2594911516148055
prostate,full,40000,74,72,72,0.23540735627177067
prostate,full,40000,74,72,72,0.24510454374260757
prostate,full,40000,74,73,73,0.0036072539950036636
prostate,full,40000,74,42,42,0.02801216810211144
prostate,full,40000,74,23,23,0.16783276433744776
prostate,full,40000,74,48,48,0.0278476460180673
prostate,full,40000,74,44,44,0.028513329058219804
prostate,full,40000,74,44,44,0.1033456955237586
prostate,full,40000,74,73,73,0.1180378683670191
prostate,full,40000,74,65,65,0.09138892290061815
prostate,full,40000,74,44,44,0.024778272578463913
prostate,full,40000,74,43,43,0.025185289247194535
prostate,full,40000,74,42,42,0.13563511643834708
prostate,full,40000,74,41,41,0.13886238262561554
prostate,full,40000,75,70,70,0.02554047460146614
prostate,full,40000,75,69,69,0.0559913737652202
prostate,full,40000,75,69,69,0.0913853488865317
prostate,full,40000,75,64,64,0.10019106360168985
prostate,full,40000,75,70,70,0.12160060015606454
prostate,full,40000,75,69,69,0.12183325775223124
prostate,full,40000,75,69,69,0.11462009284566176
prostate,full,40000,75,58,58,0.11405564894550477
prostate,full,40000,75,73,73,0.152782420893649
prostate,full,40000,75,44,44,0.20370113734429773
prostate,full,40000,75,74,74,0.010609131042828896
prostate,full,40000,75,74,74,0.008895863207856267
prostate,full,40000,75,73,73,0.002325971634346849
prostate,full,40000,75,74,74,0.02465276623262819
prostate,full,40000,75,74,74,0.006440434732419997
prostate,full,40000,75,71,71,0.07449349229388212
prostate,full,40000,75,59,59,0.009979024448465218
prostate,full,40000,75,47,47,0.14915736928952106
prostate,full,40000,75,65,65,0.014048075352187139
prostate,full,40000,75,48,48,0.15075111496347163
prostate,full,40000,75,74,74,0.016153834509504503
prostate,full,40000,75,73,73,0.07365697815293334
prostate,full,40000,75,70,70,0.18305612584124764
prostate,full,40000,75,69,69,0.18807774245577127
prostate,full,40000,75,69,69,0.19096109789524215
prostate,full,40000,75,30,30,0.17702055592338833
prostate,full,40000,75,74,74,0.14077989728903395
prostate,full,40000,75,65,65,0.2797881455568345
prostate,full,40000,75,56,56,0.3098355299793259
prostate,full,40000,75,42,42,0.03976522027284136
prostate,full,40000,75,70,70,0.1726687222595248
prostate,full,40000,75,74,74,0.17590471762009952
prostate,full,40000,75,74,74,0.048611323350387654
prostate,full,40000,75,73,73,0.0035202855327743456
prostate,full,40000,75,70,70,0.016139458330087304
prostate,full,40000,75,67,67,0.01703702821414923
prostate,full,40000,75,30,30,0.06064928183874177
prostate,full,40000,75,44,44,0.026786972738173386
prostate,full,40000,75,74,74,0.028896365943805652
prostate,full,40000,75,74,74,0.077135892812218
prostate,full,40000,75,74,74,0.008735989864942279
prostate,full,40000,75,74,74,0.009153881326142827
prostate,full,40000,75,72,72,0.02282006309186725
prostate,full,40000,75,74,74,0.0024189209306235146
prostate,full,40000,75,74,74,0.015981235105347283
prostate,full,40000,76,75,75,0.039765534045030235
prostate,full,40000,76,30,30,0.03530721701681728
prostate,full,40000,76,66,66,0.05328649758239819
prostate,full,40000,76,42,42,0.06865667199794435
prostate,full,40000,76,41,41,0.05795972875057334
prostate,full,40000,76,75,75,0.1505810707949621
prostate,full,40000,76,48,48,0.2601297098709972
prostate,full,40000,76,44,44,0.25902786393218935
prostate,full,40000,76,30,30,0.21826375232301937
prostate,full,40000,76,75,75,0.20895435544846377
prostate,full,40000,76,72,72,0.098652478051863
prostate,full,40000,76,75,75,0.1660301931355261
prostate,full,40000,76,72,72,0.08927643024330106
prostate,full,40000,76,75,75,0.008900444629655096
prostate,full,40000,76,75,75,0.04374553358200797
prostate,full,40000,76,75,75,0.018974918798557797
prostate,full,40000,76,67,67,0.008221082543084847
prostate,full,40000,76,75,75,0.06812785082651539
prostate,full,40000,76,75,75,0.0287298238307529
prostate,full,40000,76,75,75,0.012141786118472081
prostate,full,40000,76,72,72,0.005120434821522942
prostate,full,40000,76,74,74,0.16890689407680373
prostate,full,40000,76,75,75,0.003276278924257811
prostate,full,40000,76,63,63,0.009917667331915942
prostate,full,40000,76,43,43,0.026948676000263568
prostate,full,40000,76,75,75,0.14482093185878986
prostate,full,40000,76,56,56,0.12867439760832103
prostate,full,40000,76,30,30,0.22056859550999672
prostate,full,40000,76,30,30,0.12131752758039
prostate,full,40000,76,44,44,0.023864587570278848
prostate,full,40000,76,43,43,0.026708386366243956
prostate,full,40000,76,44,44,0.02504246362012966
prostate,full,40000,76,43,43,0.023596161717727902
prostate,full,40000,76,75,75,0.09569261563664289
prostate,full,40000,76,73,73,0.02074013909489259
prostate,full,40000,76,30,30,0.15778918266235079
prostate,full,40000,76,75,75,0.11791910570594769
prostate,full,40000,76,67,67,0.03129818024778757
prostate,full,40000,76,44,44,0.029890543873167655
prostate,full,40000,76,44,44,0.1062130274190618
prostate,full,40000,77,44,44,0.07951963730705072
prostate,full,40000,77,43,43,0.0868352381692309
prostate,full,40000,77,76,76,0.09736368526549584
prostate,full,40000,77,73,73,0.08500888388780975
prostate,full,40000,77,59,59,0.07629706223878435
prostate,full,40000,77,73,73,0.010156434117178042
prostate,full,40000,77,44,44,0.021475352252152472
prostate,full,40000,77,76,76,0.0906411470564644
prostate,full,40000,77,76,76,0.21363540903064754
prostate,full,40000,77,44,44,0.02462907820503467
prostate,full,40000,77,43,43,0.025768287252399234
prostate,full,40000,77,74,74,0.01037371600785722
prostate,full,40000,77,76,76,0.0358921063869138
prostate,full,40000,77,74,74,0.047457267389855534
prostate,full,40000,77,30,30,0.05453650032049426
prostate,full,40000,77,75,75,0.16130651079026886
prostate,full,40000,77,75,75,0.1920510171257098
prostate,full,40000,77,73,73,0.19658645764163815
prostate,full,40000,77,59,59,0.19243748950279604
prostate,full,40000,77,56,56,0.16242051281272377
prostate,full,40000,77,42,42,0.13899848533382736
prostate,full,40000,77,73,73,0.06455362444390794
prostate,full,40000,77,47,47,0.020785030400303255
prostate,full,40000,77,76,76,0.2160284537065276
prostate,full,40000,77,30,30,0.13005622779886292
prostate,full,40000,77,76,76,0.005325160466579703
prostate,full,40000,77,76,76,0.019571820422268522
prostate,full,40000,77,75,75,0.006086855969640256
prostate,full,40000,77,74,74,0.010317958358497803
prostate,full,40000,77,74,74,0.010541403392541693
prostate,full,40000,77,74,74,0.0033840962135695775
prostate,full,40000,77,64,64,0.018369206639726143
prostate,full,40000,77,44,44,0.05808004152655911
prostate,full,40000,77,43,43,0.06586897698245794
prostate,full,40000,77,63,63,0.011308386599847564
prostate,full,40000,77,43,43,0.025502705851609582
prostate,full,40000,77,76,76,0.061788152756276984
prostate,full,40000,77,72,72,0.0171811830881705
prostate,full,40000,77,74,74,0.009921947943650105
prostate,full,40000,77,48,48,0.021765377131692316
prostate,full,40000,77,44,44,0.024815221168620453
prostate,full,40000,77,44,44,0.09978857181286953
prostate,full,40000,77,76,76,0.19208903225905405
prostate,full,40000,77,59,59,0.2478397816594667
prostate,full,40000,77,63,63,0.01161908708897514
prostate,full,40000,77,43,43,0.027221105457990672
prostate,full,40000,77,30,30,0.2114376438242568
prostate,full,40000,77,73,73,0.07001914514441487
prostate,full,40000,77,76,76,0.1385232836738214
prostate,full,40000,77,56,56,0.041664006654953886
prostate,full,40000,77,44,44,0.022460823672827288
prostate,full,40000,77,48,48,0.028808753661483003
prostate,full,40000,77,44,44,0.029472496124129846
prostate,full,40000,77,44,44,0.10474594675997669
prostate,full,40000,77,76,76,0.10715764872398142
prostate,full,40000,77,75,75,0.05937075609862749
prostate,full,40000,77,74,74,0.055412492101721514
prostate,full,40000,77,73,73,0.051814306642260666
prostate,full,40000,77,72,72,0.0784122917854654
prostate,full,40000,77,67,67,0.055155250793678404
prostate,full,40000,77,67,67,0.05273845643189726
prostate,full,40000,77,76,76,0.15112479052513947
prostate,full,40000,77,72,72,0.0917230186716187
prostate,full,40000,77,65,65,0.0538545971538437
prostate,full,40000,77,76,76,0.07678820624125617
prostate,full,40000,77,76,76,0.18537809643132644
prostate,full,40000,77,75,75,0.04593122525869909
prostate,full,40000,77,60,60,0.048396635465314884
prostate,full,40000,77,75,75,0.19062419624178653
prostate,full,40000,77,75,75,0.13859614421543995
prostate,full,40000,77,75,75,0.24351453648961954
prostate,full,40000,77,71,71,0.1946871098269637
prostate,full,40000,77,61,61,0.014409970275982857
prostate,full,40000,77,30,30,0.05684684321518316
prostate,full,40000,77,48,48,0.21295198318580497
prostate,full,40000,77,42,42,0.21946031783263142
prostate,full,40000,77,66,66,0.013624544810251589
prostate,full,40000,77,42,42,0.02331746788943881
prostate,full,40000,78,77,77,0.1532411559807755
prostate,full,40000,78,77,77,0.02604557464891671
prostate,full,40000,78,77,77,0.03983305830012814
prostate,full,40000,78,77,77,0.004547440848380918
prostate,full,40000,78,77,77,0.03253855871712933
prostate,full,40000,78,75,75,0.04185339888519269
prostate,full,40000,78,75,75,0.006659110214802594
prostate,full,40000,78,44,44,0.1863931620121582
prostate,full,40000,78,30,30,0.09835279206019952
prostate,full,40000,78,58,58,0.12221039970402471
prostate,full,40000,78,77,77,0.11694252746035591
prostate,full,40000,78,59,59,0.03306505230889675
prostate,full,40000,78,77,77,0.015167633440297318
prostate,full,40000,78,75,75,0.014256763097408195
prostate,full,40000,78,77,77,0.15610678754209995
prostate,full,40000,78,71,71,0.015404785411342027
prostate,full,40000,78,70,70,0.04356713080923245
prostate,full,40000,78,66,66,0.018417557457676197
prostate,full,40000,78,63,63,0.08721622793219772
prostate,full,40000,78,77,77,0.33841241834254543
prostate,full,40000,78,77,77,0.1324525295118375
prostate,full,40000,78,77,77,0.04335300005159142
prostate,full,40000,78,75,75,0.04313474218140176
prostate,full,40000,78,50,50,0.1349807393672476
prostate,full,40000,78,48,48,0.13225227448050927
prostate,full,40000,78,44,44,0.11006187010907134
prostate,full,40000,78,77,77,0.251947353179838
prostate,full,40000,78,77,77,0.24439017101715502
prostate,full,40000,78,72,72,0.24647517923820184
prostate,full,40000,78,75,75,0.03914330982126115
prostate,full,40000,78,77,77,0.018913021399212356
prostate,full,40000,78,65,65,0.08538110294059185
prostate,full,40000,78,63,63,0.08736928726064493
prostate,full,40000,78,62,62,0.014810283098527655
prostate,full,40000,78,77,77,0.19282108133718848
prostate,full,40000,78,77,77,0.1446688079332016
prostate,full,40000,78,77,77,0.05847085802113708
prostate,full,40000,78,73,73,0.1354230339289206
prostate,full,40000,78,66,66,0.028041073496046034
prostate,full,40000,78,77,77,0.2295055711891126
prostate,full,40000,78,70,70,0.21454158271949764
prostate,full,40000,78,73,73,0.2909759424948539
prostate,full,40000,78,66,66,0.32914641519998245
prostate,full,40000,78,41,41,0.3056798855088501
prostate,full,40000,78,77,77,0.3034400404997227
prostate,full,40000,78,70,70,0.35031131934225934
prostate,full,40000,78,76,76,0.11011412435947987
prostate,full,40000,78,74,74,0.1591603913097554
prostate,full,40000,78,73,73,0.12501295943331142
prostate,full,40000,78,72,72,0.13757064073611078
prostate,full,40000,78,77,77,0.12167285148233092
prostate,full,40000,78,77,77,0.10174309407448781
prostate,full,40000,78,74,74,0.058591915119710264
prostate,full,40000,78,73,73,0.12298708661181079
prostate,full,40000,78,44,44,0.02223312949413746
prostate,full,40000,78,77,77,0.17239251842474648
prostate,full,40000,78,71,71,0.02680096999955958
prostate,full,40000,78,43,43,0.07012738737857155
prostate,full,40000,78,70,70,0.005932665410269784
prostate,full,40000,78,75,75,0.19238707513306316
prostate,full,40000,78,43,43,0.221754284173983
prostate,full,40000,78,72,72,0.0599273935517553
prostate,full,40000,78,77,77,0.008517525948507701
prostate,full,40000,78,77,77,0.0029883618807969204
prostate,full,40000,78,74,74,0.015427169678534084
prostate,full,40000,78,77,77,0.21787569607608268
prostate,full,40000,78,77,77,0.18366784204603723
prostate,full,40000,78,64,64,0.03591821901731962
prostate,full,40000,78,77,77,0.024819561849719406
prostate,full,40000,78,77,77,0.010474929694576841
prostate,full,40000,78,77,77,0.010693340417367745
prostate,full,40000,78,77,77,0.009149570900421726
prostate,full,40000,78,76,76,0.009552524800739289
prostate,full,40000,78,75,75,0.010136116564287985
prostate,full,40000,78,77,77,0.039230148375739037
prostate,full,40000,78,77,77,0.005412474473739766
prostate,full,40000,78,58,58,0.02524138314766281
prostate,full,40000,78,77,77,0.1590072886671926
prostate,full,40000,78,76,76,0.12683984186506034
prostate,full,40000,78,77,77,0.0773909328811298
prostate,full,40000,78,47,47,0.14973226169414544
prostate,full,40000,78,39,39,0.11256977882716733
prostate,full,40000,78,77,77,0.25651405814366196
prostate,full,40000,78,75,75,0.03215378710980723
prostate,full,40000,79,70,70,0.17946107299971897
prostate,full,40000,79,66,66,0.1985139779955137
prostate,full,40000,79,75,75,0.00583927229320675
prostate,full,40000,79,75,75,0.011270576784907236
prostate,full,40000,79,73,73,0.0059685407896518565
prostate,full,40000,79,78,78,0.0172875520769214
prostate,full,40000,79,76,76,0.003527560025750002
prostate,full,40000,79,75,75,0.06371938709789363
prostate,full,40000,79,75,75,0.016819878452575838
prostate,full,40000,79,75,75,0.014869525859536988
prostate,full,40000,79,73,73,0.013752313907719554
prostate,full,40000,79,72,72,0.006484564339954275
prostate,full,40000,79,70,70,0.017691484462194065
prostate,full,40000,79,59,59,0.016053664726394516
prostate,full,40000,79,59,59,0.17325838330649726
prostate,full,40000,79,43,43,0.23108190378984075
prostate,full,40000,79,78,78,0.03878067805137716
prostate,full,40000,79,78,78,0.0035756850373541106
prostate,full,40000,79,43,43,0.026744487618097536
prostate,full,40000,79,78,78,0.12777122248558498
prostate,full,40000,79,75,75,0.07848791029726013
prostate,full,40000,79,66,66,0.2479300446552725
prostate,full,40000,79,77,77,0.16501793290927455
prostate,full,40000,79,73,73,0.17255062375110042
prostate,full,40000,79,63,63,0.1837695597083409
prostate,full,40000,79,23,23,0.106809175570054
prostate,full,40000,79,44,44,0.03000499867922503
prostate,full,40000,79,43,43,0.025312835421052848
prostate,full,40000,79,74,74,0.17581258242033904
prostate,full,40000,79,59,59,0.13040725370915998
prostate,full,40000,79,44,44,0.05909226209424192
prostate,full,40000,79,78,78,0.10363600431441558
prostate,full,40000,79,78,78,0.17613749287601804
prostate,full,40000,79,44,44,0.028987158588618386
prostate,full,40000,79,43,43,0.027557093256549307
prostate,full,40000,79,74,74,0.23524247482042393
prostate,full,40000,79,76,76,0.009859718666087827
prostate,full,40000,79,65,65,0.01367226374458416
prostate,full,40000,79,75,75,0.01402759097649271
prostate,full,40000,79,74,74,0.024763990817354784
prostate,full,40000,79,43,43,0.029865496695375884
prostate,full,40000,79,43,43,0.021858358268163004
prostate,full,40000,79,43,43,0.018889310654733753
prostate,full,40000,79,30,30,0.045233167546362356
prostate,full,40000,79,44,44,0.020889610472004203
prostate,full,40000,79,43,43,0.022267304426668452
prostate,full,40000,79,44,44,0.02051846369637727
prostate,full,40000,79,43,43,0.022743364577621297
prostate,full,40000,79,77,77,0.015083771310287127
prostate,full,40000,79,65,65,0.16262522313444605
prostate,full,40000,79,43,43,0.025952751229178058
prostate,full,40000,79,44,44,0.3083595984236767
prostate,full,40000,79,43,43,0.31846827474315187
prostate,full,40000,79,77,77,0.10326035963012578
prostate,full,40000,79,76,76,0.012086784315791441
prostate,full,40000,79,76,76,0.09951601556291406
prostate,full,40000,79,75,75,0.042937843407706386
prostate,full,40000,79,73,73,0.03161631154673675
prostate,full,40000,79,70,70,0.09717849945249114
prostate,full,40000,79,59,59,0.12012003465088522
prostate,full,40000,79,78,78,0.0751142031326675
prostate,full,40000,79,76,76,0.017191326138984112
prostate,full,40000,79,74,74,0.06664630233952105
prostate,full,40000,79,73,73,0.039239684166051225
prostate,full,40000,79,70,70,0.10270083395097233
prostate,full,40000,79,75,75,0.012225886036348695
prostate,full,40000,79,73,73,0.02486544786893573
prostate,full,40000,79,72,72,0.04957964451703608
prostate,full,40000,79,65,65,0.09065925712179293
prostate,full,40000,79,59,59,0.11944917599190946
prostate,full,40000,79,78,78,0.19844225130664803
prostate,full,40000,79,78,78,0.2489392884095711
prostate,full,40000,79,78,78,0.13895772811663656
prostate,full,40000,79,73,73,0.17588112369415101
prostate,full,40000,79,78,78,0.06677450040419353
prostate,full,40000,79,78,78,0.005607362040778602
prostate,full,40000,79,77,77,0.011310670759450558
prostate,full,40000,79,77,77,0.03471279887367262
prostate,full,40000,79,76,76,0.012404766065684938
prostate,full,40000,79,44,44,0.022125603525682484
prostate,full,40000,79,43,43,0.025910668426030622
prostate,full,40000,79,44,44,0.021387823288538794
prostate,full,40000,79,43,43,0.023971434985678903
prostate,full,40000,79,30,30,0.03818413039430475
prostate,full,40000,79,78,78,0.12048143956564428
prostate,full,40000,79,73,73,0.04980114429546589
prostate,full,40000,79,59,59,0.027876980631865063
prostate,full,40000,79,78,78,0.09640153587514604
prostate,full,40000,79,78,78,0.060113934587453545
prostate,full,40000,79,30,30,0.17824930470704267
prostate,full,40000,79,78,78,0.17263954022519462
prostate,full,40000,79,60,60,0.08915655486251321
prostate,full,40000,79,56,56,0.1695112796488327
prostate,full,40000,79,30,30,0.06103470488546334
prostate,full,40000,79,78,78,0.0014865695340103245
prostate,full,40000,79,78,78,0.00591461185235645
prostate,full,40000,79,78,78,0.019267435801928398
prostate,full,40000,79,76,76,0.01326390247308442
prostate,full,40000,79,76,76,0.04074868823899914
prostate,full,40000,79,74,74,0.07659082071986682
prostate,full,40000,79,30,30,0.03849706138275948
prostate,full,40000,79,30,30,0.06271238025174988
prostate,full,40000,79,73,73,0.0115415692992393
prostate,full,40000,79,73,73,0.005569105509995194
prostate,full,40000,79,75,75,0.12366124613940106
prostate,full,40000,79,59,59,0.03628717441919725
prostate,full,40000,80,79,79,0.15341567499969877
prostate,full,40000,80,76,76,0.11592017646806896
prostate,full,40000,80,30,30,0.06131261494193195
prostate,full,40000,80,79,79,0.04608134159513103
prostate,full,40000,80,79,79,0.09168895267370152
prostate,full,40000,80,78,78,0.04193860186658069
prostate,full,40000,80,76,76,0.029026544800023268
prostate,full,40000,80,79,79,0.11934091161109076
prostate,full,40000,80,59,59,0.03888887341734097
prostate,full,40000,80,43,43,0.025035757772524963
prostate,full,40000,80,42,42,0.02843563000381965
prostate,full,40000,80,78,78,0.21197608399369167
prostate,full,40000,80,71,71,0.1892966388535092
prostate,full,40000,80,70,70,0.23288073579086932
prostate,full,40000,80,79,79,0.10536587281423633
prostate,full,40000,80,59,59,0.12389820965100107
prostate,full,40000,80,79,79,0.15353258815422682
prostate,full,40000,80,75,75,0.09530533512333922
prostate,full,40000,80,71,71,0.05532965574775121
prostate,full,40000,80,56,56,0.10655384768329622
prostate,full,40000,80,74,74,0.04545697338359248
prostate,full,40000,80,73,73,0.04008891436254785
prostate,full,40000,80,70,70,0.07496462735017093
prostate,full,40000,80,79,79,0.00912091610675277
prostate,full,40000,80,73,73,0.012978646538255893
prostate,full,40000,80,44,44,0.029240809094888045
prostate,full,40000,80,49,49,0.18814233275141015
prostate,full,40000,80,42,42,0.2069405670265396
prostate,full,40000,80,78,78,0.06750192785148866
prostate,full,40000,80,73,73,0.044165939835183146
prostate,full,40000,80,72,72,0.02471767036695824
prostate,full,40000,80,79,79,0.15922585562924027
prostate,full,40000,80,43,43,0.20649463442948138
prostate,full,40000,80,79,79,0.009712312750107087
prostate,full,40000,80,79,79,0.0008949786995397811
prostate,full,40000,80,58,58,0.024666126055536353
prostate,full,40000,80,50,50,0.02254466919756966
prostate,full,40000,80,44,44,0.11113888181894095
prostate,full,40000,80,44,44,0.19699258335887765
prostate,full,40000,80,43,43,0.2019467015904854
prostate,full,40000,80,30,30,0.22603095691556455
prostate,full,40000,80,69,69,0.13403460878127713
prostate,full,40000,80,79,79,0.1310896967542509
prostate,full,40000,80,79,79,0.011652255931079014
prostate,full,40000,80,77,77,0.006557362666326289
prostate,full,40000,80,79,79,0.12961399968530626
prostate,full,40000,80,59,59,0.10884113514382929
prostate,full,40000,80,78,78,0.2034992524158668
prostate,full,40000,80,78,78,0.19325894615715986
prostate,full,40000,80,77,77,0.21679812091915512
prostate,full,40000,80,74,74,0.2604486742950877
prostate,full,40000,80,74,74,0.17151092317479238
prostate,full,40000,80,73,73,0.175255994523292
prostate,full,40000,80,72,72,0.16964682875731957
prostate,full,40000,80,70,70,0.17607576393770852
prostate,full,40000,80,79,79,0.17737018079732375
prostate,full,40000,80,73,73,0.10675117293181947
prostate,full,40000,80,79,79,0.026523142899355832
prostate,full,40000,80,79,79,0.17087488599046166
prostate,full,40000,80,71,71,0.09653603610316162
prostate,full,40000,80,73,73,0.06792240983303142
prostate,full,40000,80,48,48,0.030260997474145648
prostate,full,40000,80,44,44,0.0307357293863476
prostate,full,40000,80,44,44,0.1058090416560708
prostate,full,40000,80,78,78,0.20696627691733205
prostate,full,40000,80,73,73,0.1526021931820547
prostate,full,40000,80,71,71,0.14827480211823904
prostate,full,40000,80,41,41,0.02370131170655633
prostate,full,40000,80,36,36,0.13061968062638776
prostate,full,40000,80,30,30,0.180442865174108
prostate,full,40000,80,79,79,0.1497333364837952
prostate,full,40000,80,79,79,0.039582628256814245
prostate,full,40000,80,79,79,0.018941399094770363
prostate,full,40000,80,79,79,0.00414059962715491
prostate,full,40000,80,67,67,0.017066147714113373
prostate,full,40000,80,77,77,0.003510833417783185
prostate,full,40000,80,73,73,0.008206683613926574
prostate,full,40000,80,63,63,0.01426510994441423
prostate,full,40000,80,30,30,0.04162208472227122
prostate,full,40000,80,77,77,0.00813868265887484
prostate,full,40000,80,76,76,0.06228169888388345
prostate,full,40000,80,79,79,0.04810426535352095
prostate,full,40000,80,73,73,0.12451783905924943
prostate,full,40000,80,59,59,0.03554080513136359
prostate,full,40000,80,63,63,0.16420492117525678
prostate,full,40000,80,43,43,0.1896707157035077
prostate,full,40000,80,42,42,0.030638711292158286
prostate,full,40000,80,66,66,0.02702467256669276
prostate,full,40000,80,42,42,0.03136510499568766
prostate,full,40000,80,41,41,0.031467666046935516
prostate,full,40000,80,48,48,0.14349844894947691
prostate,full,40000,80,44,44,0.09886123600352394
prostate,full,40000,80,76,76,0.2733863103115715
prostate,full,40000,80,70,70,0.26506890912904113
prostate,full,40000,80,67,67,0.2684627862773848
prostate,full,40000,80,58,58,0.025093314805858465
prostate,full,40000,80,50,50,0.022660279365455525
prostate,full,40000,80,48,48,0.024562691091900665
prostate,full,40000,80,44,44,0.1101950024985058
prostate,full,40000,80,79,79,0.04631694483570728
prostate,full,40000,81,80,80,0.010834510531384742
prostate,full,40000,81,79,79,0.1379485988970698
prostate,full,40000,81,79,79,0.10083023267378409
prostate,full,40000,81,77,77,0.06784447820117702
prostate,full,40000,81,67,67,0.10841086302614412
prostate,full,40000,81,43,43,0.021085530809515494
prostate,full,40000,81,80,80,0.008431927562083228
prostate,full,40000,81,80,80,0.09066691894606624
prostate,full,40000,81,79,79,0.04136140122151143
prostate,full,40000,81,78,78,0.007673588497473855
prostate,full,40000,81,77,77,0.013390483235780924
prostate,full,40000,81,76,76,0.06871211322564025
prostate,full,40000,81,75,75,0.040676292297285456
prostate,full,40000,81,75,75,0.020030273244848597
prostate,full,40000,81,67,67,0.06444106655043831
prostate,full,40000,81,43,43,0.1913883554624557
prostate,full,40000,81,42,42,0.19288570327581697
prostate,full,40000,81,77,77,0.018162714041568162
prostate,full,40000,81,74,74,0.06445345073157231
prostate,full,40000,81,74,74,0.010340418678619128
prostate,full,40000,81,41,41,0.028662520570347714
prostate,full,40000,81,80,80,0.09349028085969882
prostate,full,40000,81,80,80,0.010053789734286667
prostate,full,40000,81,80,80,0.1709742136332598
prostate,full,40000,81,77,77,0.04319580157718254
prostate,full,40000,81,80,80,0.16431002331502745
prostate,full,40000,81,76,76,0.04074930706248176
prostate,full,40000,81,75,75,0.023332673753548507
prostate,full,40000,81,79,79,0.006611422265137943
prostate,full,40000,81,79,79,0.01403904766505359
prostate,full,40000,81,79,79,0.006481056876105763
prostate,full,40000,81,79,79,0.004739338165822552
prostate,full,40000,81,74,74,0.008958427612163743
prostate,full,40000,81,30,30,0.04321947154272008
prostate,full,40000,81,80,80,0.03013473288084765
prostate,full,40000,81,80,80,0.009223336667450992
prostate,full,40000,81,78,78,0.012660194651133268
prostate,full,40000,81,78,78,0.01700761903084094
prostate,full,40000,81,65,65,0.05533470152576228
prostate,full,40000,81,71,71,0.1465229376353392
prostate,full,40000,81,54,54,0.10769140729775538
prostate,full,40000,81,43,43,0.06779998641609568
prostate,full,40000,81,79,79,0.011277786557597749
prostate,full,40000,81,79,79,0.026165464334432714
prostate,full,40000,81,78,78,0.011286072819221537
prostate,full,40000,81,78,78,0.006376037622622151
prostate,full,40000,81,80,80,0.043984085292587724
prostate,full,40000,81,79,79,0.003067477094329575
prostate,full,40000,81,74,74,0.047363566375700404
prostate,full,40000,81,73,73,0.041940501787045
prostate,full,40000,81,79,79,0.10626714885648565
prostate,full,40000,81,72,72,0.1629896615206609
prostate,full,40000,81,72,72,0.19265049255842948
prostate,full,40000,81,78,78,0.030879257004601517
prostate,full,40000,81,78,78,0.06203451784707374
prostate,full,40000,81,77,77,0.054115171258122166
prostate,full,40000,81,74,74,0.07259418592510311
prostate,full,40000,81,72,72,0.02993131204684997
prostate,full,40000,81,80,80,0.3008365302275743
prostate,full,40000,81,79,79,0.010190790327365553
prostate,full,40000,81,76,76,0.011486081960523193
prostate,full,40000,81,74,74,0.016897131115598363
prostate,full,40000,81,80,80,0.024844247863644635
prostate,full,40000,81,75,75,0.01602519361861164
prostate,full,40000,81,64,64,0.026619737002958256
prostate,full,40000,81,77,77,0.12763846903643775
prostate,full,40000,81,59,59,0.02249495132421364
prostate,full,40000,81,30,30,0.06552119816690964
prostate,full,40000,81,77,77,0.053428978645754424
prostate,full,40000,81,65,65,0.1953666566216342
prostate,full,40000,81,44,44,0.17755808055638975
prostate,full,40000,81,80,80,0.020214474258861047
prostate,full,40000,81,80,80,0.002073141873622868
prostate,full,40000,81,76,76,0.011765724894442192
prostate,full,40000,81,74,74,0.009722712462843426
prostate,full,40000,81,70,70,0.008442816120843868
prostate,full,40000,81,74,74,0.11689109864445933
prostate,full,40000,81,80,80,0.087540315374001
prostate,full,40000,81,76,76,0.015100618761640086
prostate,full,40000,81,73,73,0.05704983833539866
prostate,full,40000,81,72,72,0.06832894553747315
prostate,full,40000,81,74,74,0.01643999174194843
prostate,full,40000,81,43,43,0.02646601345699415
prostate,full,40000,81,80,80,0.28283723463121707
prostate,full,40000,81,80,80,0.14252800964769374
prostate,full,40000,81,80,80,0.03343139126473258
prostate,full,40000,81,30,30,0.05498040940868524
prostate,full,40000,81,48,48,0.13236311551027233
prostate,full,40000,81,44,44,0.13972347628752432
prostate,full,40000,81,44,44,0.11171738780019323
prostate,full,40000,81,80,80,0.02027699628933706
prostate,full,40000,81,78,78,0.012558886554611407
prostate,full,40000,81,78,78,0.010420541929596712
prostate,full,40000,81,80,80,0.13006058083953895
prostate,full,40000,81,78,78,0.03790048368634288
prostate,full,40000,81,79,79,0.15554740345117546
prostate,full,40000,81,77,77,0.14949080694239614
prostate,full,40000,81,75,75,0.038669884204516156
prostate,full,40000,81,80,80,0.038211153653895
prostate,full,40000,81,75,75,0.043146752147102486
prostate,full,40000,81,74,74,0.05901966389682042
prostate,full,40000,81,73,73,0.05447839377587499
prostate,full,40000,81,80,80,0.003190793554713367
prostate,full,40000,81,80,80,0.018217532045234554
prostate,full,40000,81,78,78,0.01610460744485867
prostate,full,40000,81,77,77,0.06269140898596447
prostate,full,40000,81,77,77,0.0044774652105605914
prostate,full,40000,81,76,76,0.005643538444043382
prostate,full,40000,81,75,75,0.017491612800945997
prostate,full,40000,81,73,73,0.01997195954564647
prostate,full,40000,81,59,59,0.015218098814933674
prostate,full,40000,81,79,79,0.12569809794101522
prostate,full,40000,81,80,80,0.19942574231096857
prostate,full,40000,81,71,71,0.08808384188145371
prostate,full,40000,81,80,80,0.0013212380680616264
prostate,full,40000,81,80,80,0.039106037956050416
prostate,full,40000,81,80,80,0.001431475958913801
prostate,full,40000,81,78,78,0.007629371664169196
prostate,full,40000,81,65,65,0.23621959512114213
prostate,full,40000,81,79,79,0.00745523675721678
prostate,full,40000,81,77,77,0.009344812593657516
prostate,full,40000,81,41,41,0.02546956386148543
prostate,full,40000,81,50,50,0.2724233652636459
prostate,full,40000,81,48,48,0.2819062912513233
prostate,full,40000,81,44,44,0.26134757482794624
prostate,full,40000,81,80,80,0.1393832588039696
prostate,full,40000,81,76,76,0.03777343472725217
prostate,full,40000,81,77,77,0.03922100864955009
prostate,full,40000,81,77,77,0.015789135621258905
prostate,full,40000,81,74,74,0.007761012120763147
prostate,full,40000,81,80,80,0.021752645914625453
prostate,full,40000,82,73,73,0.04743117679458537
prostate,full,40000,82,72,72,0.042643484297489404
prostate,full,40000,82,58,58,0.033579868838208654
prostate,full,40000,82,50,50,0.03187125289968515
prostate,full,40000,82,44,44,0.12128785936379431
prostate,full,40000,82,76,76,0.3236939994231223
prostate,full,40000,82,70,70,0.3128322887845354
prostate,full,40000,82,78,78,0.13465496775166627
prostate,full,40000,82,78,78,0.004144778085476694
prostate,full,40000,82,81,81,0.04672354464740664
prostate,full,40000,82,79,79,0.036105106570481695
prostate,full,40000,82,74,74,0.049723180329671074
prostate,full,40000,82,81,81,0.1593134965866225
prostate,full,40000,82,78,78,0.004912497492282698
prostate,full,40000,82,63,63,0.013862134122283884
prostate,full,40000,82,30,30,0.3166412497765066
prostate,full,40000,82,81,81,0.003889201598898279
prostate,full,40000,82,80,80,0.06352423006205413
prostate,full,40000,82,74,74,0.06181267203661352
prostate,full,40000,82,74,74,0.012751247743338606
prostate,full,40000,82,81,81,0.1652709049453576
prostate,full,40000,82,75,75,0.04210644288500511
prostate,full,40000,82,75,75,0.024250231998438995
prostate,full,40000,82,69,69,0.05343294339814842
prostate,full,40000,82,74,74,0.07788801513591653
prostate,full,40000,82,74,74,0.04383963200908172
prostate,full,40000,82,74,74,0.07249237043640785
prostate,full,40000,82,81,81,0.12176928117588012
prostate,full,40000,82,80,80,0.14926172979103008
prostate,full,40000,82,79,79,0.16331536113318354
prostate,full,40000,82,43,43,0.02956779544233575
prostate,full,40000,82,81,81,0.009121615045972387
prostate,full,40000,82,81,81,0.02739486866027178
prostate,full,40000,82,65,65,0.015776475547733034
prostate,full,40000,82,64,64,0.02489166638932501
prostate,full,40000,82,78,78,0.019374999365462647
prostate,full,40000,82,77,77,0.09580757462959935
prostate,full,40000,82,75,75,0.016431261975227852
prostate,full,40000,82,74,74,0.072119036828893
prostate,full,40000,82,81,81,0.1445477977015872
prostate,full,40000,82,81,81,0.031713976281048405
prostate,full,40000,82,81,81,0.03799707587135004
prostate,full,40000,82,80,80,0.166754599516423
prostate,full,40000,82,81,81,0.15737333632145936
prostate,full,40000,82,76,76,0.0274491512415893
prostate,full,40000,82,79,79,0.014826568697461882
prostate,full,40000,82,79,79,0.004845874554934454
prostate,full,40000,82,78,78,0.06567123636023023
prostate,full,40000,82,77,77,0.10338503153336545
prostate,full,40000,82,77,77,0.06958733757488732
prostate,full,40000,82,74,74,0.08716144422678297
prostate,full,40000,82,81,81,0.04679035717751186
prostate,full,40000,82,81,81,0.07620293162999559
prostate,full,40000,82,80,80,0.03785757263583821
prostate,full,40000,82,80,80,0.004751821779471778
prostate,full,40000,82,79,79,0.03536167163945011
prostate,full,40000,82,78,78,0.007068031753264767
prostate,full,40000,82,72,72,0.020487590650339504
prostate,full,40000,82,42,42,0.02779722197690754
prostate,full,40000,82,41,41,0.027229314754733686
prostate,full,40000,82,79,79,0.005902760841025351
prostate,full,40000,82,81,81,0.11892730134194443
prostate,full,40000,82,81,81,0.02204054314039608
prostate,full,40000,82,73,73,0.04730614673184604
prostate,full,40000,82,79,79,0.004564922496983578
prostate,full,40000,82,78,78,0.06317489285043748
prostate,full,40000,82,81,81,0.06996835387811923
prostate,full,40000,82,81,81,0.005509588983659063
prostate,full,40000,82,81,81,0.04664021273819272
prostate,full,40000,82,78,78,0.032202076722609975
prostate,full,40000,82,70,70,0.023920769440615854
prostate,full,40000,82,80,80,0.1461412745723237
prostate,full,40000,82,74,74,0.1461724311062503
prostate,full,40000,82,81,81,0.07935188838316236
prostate,full,40000,82,79,79,0.02037037589274886
prostate,full,40000,82,79,79,0.011146590755203845
prostate,full,40000,82,74,74,0.0959522182159052
prostate,full,40000,82,74,74,0.06588318789111124
prostate,full,40000,82,73,73,0.05102854182007412
prostate,full,40000,82,42,42,0.03272319354855418
prostate,full,40000,82,41,41,0.033061077045641284
prostate,full,40000,82,70,70,0.025134213028040513
prostate,full,40000,82,54,54,0.11322943283125246
prostate,full,40000,82,44,44,0.1704982739695965
prostate,full,40000,82,36,36,0.14902778687101695
prostate,full,40000,82,54,54,0.21153192281644148
prostate,full,40000,82,49,49,0.0958855789342853
prostate,full,40000,82,44,44,0.1966601129063862
prostate,full,40000,82,81,81,0.003289185849789346
prostate,full,40000,82,80,80,0.004145493398780939
prostate,full,40000,82,79,79,0.008906360448339822
prostate,full,40000,82,79,79,0.003587002816081997
prostate,full,40000,82,69,69,0.01764366431585753
prostate,full,40000,82,81,81,0.0103940225065206
prostate,full,40000,82,79,79,0.010056157966083801
prostate,full,40000,82,78,78,0.005434444479012724
prostate,full,40000,82,77,77,0.005562266274231728
prostate,full,40000,82,75,75,0.015079067775997155
prostate,full,40000,82,74,74,0.022794569503206935
prostate,full,40000,82,74,74,0.015644785292080618
prostate,full,40000,82,73,73,0.010231182249931753
prostate,full,40000,82,69,69,0.022373370290049266
prostate,full,40000,82,81,81,0.1705821443481567
prostate,full,40000,82,81,81,0.10340884627700327
prostate,full,40000,82,76,76,0.13564866379048532
prostate,full,40000,82,81,81,0.06596088614053344
prostate,full,40000,82,80,80,0.027522800090824584
prostate,full,40000,82,79,79,0.14070110253888193
prostate,full,40000,82,77,77,0.1158116809446379
prostate,full,40000,82,74,74,0.13421394247319376
prostate,full,40000,82,59,59,0.03817881445725373
prostate,full,40000,82,80,80,0.15833131011483914
prostate,full,40000,82,76,76,0.038108521134248
prostate,full,40000,82,74,74,0.16478956757499053
prostate,full,40000,82,80,80,0.1192069301656955
prostate,full,40000,82,80,80,0.18971382199672635
prostate,full,40000,82,73,73,0.1810276907524242
prostate,full,40000,82,81,81,0.04363827258438742
prostate,full,40000,82,81,81,0.027191191741009375
prostate,full,40000,82,79,79,0.005012678638390192
prostate,full,40000,82,79,79,0.03627740534862599
prostate,full,40000,82,49,49,0.20931768161278558
prostate,full,40000,82,30,30,0.2504845122711675
prostate,full,40000,82,79,79,0.15603628588089619
prostate,full,40000,82,81,81,0.0030207078215199754
prostate,full,40000,82,81,81,0.10307760858627184
prostate,full,40000,82,79,79,0.0032521487604538816
prostate,full,40000,82,77,77,0.007810816810072887
prostate,full,40000,82,81,81,0.15035598580933685
prostate,full,40000,82,67,67,0.23065426310829096
prostate,full,40000,82,59,59,0.2491031710083653
prostate,full,40000,82,49,49,0.2916720140419556
prostate,full,40000,82,42,42,0.03179631065829858
prostate,full,40000,82,41,41,0.03188376118662442
prostate,full,40000,82,79,79,0.008890578016973369
prostate,full,40000,82,79,79,0.0054803792915458765
prostate,full,40000,82,79,79,0.25103941849969047
prostate,full,40000,82,79,79,0.21558188249348872
prostate,full,40000,82,78,78,0.018145669829014315
prostate,full,40000,82,70,70,0.04476195785244745
prostate,full,40000,82,81,81,0.006403318068599676
prostate,full,40000,82,81,81,0.2653619142038833
prostate,full,40000,82,74,74,0.02972933829143568
prostate,full,40000,82,74,74,0.01013101927198324
prostate,full,40000,82,81,81,0.15936367260396067
prostate,full,40000,82,58,58,0.111802214107435
prostate,full,40000,82,50,50,0.12014819518401737
prostate,full,40000,82,44,44,0.087609163011146
prostate,full,40000,82,80,80,0.01044889213235544
prostate,full,40000,82,79,79,0.01386494252673338
prostate,full,40000,82,23,23,0.09253461698151924
prostate,full,40000,82,81,81,0.10035457190543708
prostate,full,40000,82,79,79,0.02106958829457215
prostate,full,40000,82,78,78,0.05879364715197532
prostate,full,40000,82,80,80,0.014789459490018595
prostate,full,40000,82,74,74,0.006600712120098256
prostate,full,40000,82,75,75,0.018947811744614768
prostate,full,40000,82,81,81,0.14863513892754604
prostate,full,40000,82,78,78,0.09297806121892899
prostate,full,40000,82,71,71,0.05603855158548628
prostate,full,40000,82,74,74,0.009645567451221273
prostate,full,40000,82,43,43,0.023074419905721774
prostate,full,40000,82,81,81,0.15194980528308197
prostate,full,40000,82,81,81,0.1134913626670155
prostate,full,40000,82,43,43,0.16072156965527964
prostate,full,40000,82,79,79,0.006682189420063759
prostate,full,40000,82,79,79,0.011656311279316467
prostate,full,40000,82,30,30,0.22232701664348037
prostate,full,40000,82,79,79,0.0030038162417313093
prostate,full,40000,82,79,79,0.013156722123782381
prostate,full,40000,82,79,79,0.011717781197170422
prostate,full,40000,82,79,79,0.014281463409384592
prostate,full,40000,82,79,79,0.011454778227889024
prostate,full,40000,82,81,81,0.204901677929825
prostate,full,40000,82,71,71,0.01963061741979217
prostate,full,40000,82,81,81,0.22220588018347645
prostate,full,40000,82,81,81,0.16320783947726986
prostate,full,40000,82,81,81,0.009408796195841593
prostate,full,40000,82,79,79,0.006132069026988772
prostate,full,40000,82,81,81,0.11613863035250913
prostate,full,40000,82,79,79,0.016707662409356134
prostate,full,40000,82,79,79,0.046758397860011375
prostate,full,40000,82,78,78,0.09535708164870102
prostate,full,40000,82,77,77,0.061217395570689906
prostate,full,40000,82,30,30,0.24444865346229547
prostate,full,40000,82,80,80,0.00291420302502413
prostate,full,40000,82,79,79,0.013811701578691776
prostate,full,40000,82,81,81,0.02748729826218425
prostate,full,40000,82,79,79,0.02264219711438915
prostate,full,40000,82,78,78,0.010523730821479444
prostate,full,40000,82,77,77,0.010039777770726578
prostate,full,40000,82,76,76,0.012975896898674745
prostate,full,40000,82,79,79,0.04704413042151156
prostate,full,40000,82,30,30,0.21095191779949715
prostate,full,40000,82,79,79,0.005379795611633833
prostate,full,40000,82,77,77,0.07645872398936114
prostate,full,40000,82,44,44,0.029780513294115973
prostate,full,40000,82,43,43,0.03310976895946247
prostate,full,40000,82,30,30,0.1778850888372718
prostate,full,40000,82,79,79,0.007833903540987291
prostate,full,40000,82,79,79,0.019380346136356027
prostate,full,40000,82,79,79,0.02608946422305184
prostate,full,40000,82,79,79,0.004241301388754009
prostate,full,40000,82,78,78,0.006932802141322943
prostate,full,40000,82,76,76,0.010601686546394281
prostate,full,40000,82,65,65,0.013207227954501495
prostate,full,40000,82,81,81,0.16756097964485142
prostate,full,40000,82,75,75,0.058201166521428
prostate,full,40000,82,69,69,0.032285578493728255
prostate,full,40000,82,81,81,0.15716097307502958
prostate,full,40000,82,44,44,0.08180342157071417
prostate,full,40000,82,43,43,0.08759510616240385
prostate,full,40000,82,75,75,0.2787935342186529
prostate,full,40000,82,73,73,0.23698024331423817
prostate,full,40000,82,71,71,0.22608812932773312
prostate,full,40000,82,70,70,0.2718906932991683
prostate,full,40000,82,59,59,0.2922606191753027
prostate,full,40000,82,30,30,0.10956012611997755
prostate,full,40000,82,30,30,0.26875254958883976
prostate,full,40000,82,81,81,0.1335581453254211
prostate,full,40000,82,81,81,0.02386146057239098
prostate,full,40000,82,81,81,0.12385851022101073
prostate,full,40000,82,78,78,0.05126823590287081
prostate,full,40000,82,65,65,0.04107980978134406
prostate,full,40000,82,81,81,0.05237521097799607
prostate,full,40000,82,81,81,0.1670989901762398
prostate,full,40000,82,56,56,0.04341093719575046
prostate,full,40000,82,81,81,0.004379228917227309
prostate,full,40000,82,81,81,0.039602417797658274
prostate,full,40000,82,81,81,0.019745568605027287
prostate,full,40000,82,65,65,0.015621157125256455
prostate,full,40000,82,78,78,0.04805779246538861
prostate,full,40000,82,73,73,0.09946670490342498
prostate,full,40000,82,73,73,0.11484784964521272
prostate,full,40000,82,72,72,0.10901816173029862
prostate,full,40000,82,48,48,0.14655595249784317
prostate,full,40000,82,44,44,0.15381605834205714
prostate,full,40000,82,23,23,0.20982852214354059
prostate,full,40000,82,79,79,0.14564197969868778
prostate,full,40000,82,44,44,0.17960544518701188
prostate,full,40000,83,82,82,0.013419687646719922
prostate,full,40000,83,82,82,0.011572919882199733
prostate,full,40000,83,82,82,0.010855928084346274
prostate,full,40000,83,82,82,0.012269907325521563
prostate,full,40000,83,82,82,0.0033759708885723583
prostate,full,40000,83,82,82,0.003359863054390526
prostate,full,40000,83,82,82,0.003109031833665769
prostate,full,40000,83,82,82,0.011559545784149874
prostate,full,40000,83,82,82,0.014610534513452168
prostate,full,40000,83,82,82,0.004935751298186194
prostate,full,40000,83,82,82,0.010685273973308821
prostate,full,40000,83,81,81,0.0034606534197750343
prostate,full,40000,83,81,81,0.011721536599637868
prostate,full,40000,83,80,80,0.01299282478710256
prostate,full,40000,83,80,80,0.010221314121750789
prostate,full,40000,83,80,80,0.0032441923687596295
prostate,full,40000,83,76,76,0.012219803758599618
prostate,full,40000,83,80,80,0.16162223420392566
prostate,full,40000,83,80,80,0.16640659910435782
prostate,full,40000,83,80,80,0.174633494509523
prostate,full,40000,83,78,78,0.163502249442214
prostate,full,40000,83,82,82,0.2258029029960806
prostate,full,40000,83,77,77,0.03381050231548613
prostate,full,40000,83,79,79,0.17614493059071754
prostate,full,40000,83,78,78,0.17659718095067864
prostate,full,40000,83,82,82,0.06240643627815846
prostate,full,40000,83,82,82,0.03976032085024922
prostate,full,40000,83,81,81,0.01198127740764177
prostate,full,40000,83,81,81,0.023232274510935253
prostate,full,40000,83,74,74,0.010406422630946726
prostate,full,40000,83,80,80,0.1887843260564947
prostate,full,40000,83,73,73,0.17047133648947818
prostate,full,40000,83,82,82,0.0942840001746496
prostate,full,40000,83,74,74,0.1541694391166355
prostate,full,40000,83,79,79,0.06298755845255988
prostate,full,40000,83,78,78,0.04600491657840365
prostate,full,40000,83,74,74,0.03912773324861122
prostate,full,40000,83,82,82,0.055450377544244873
prostate,full,40000,83,82,82,0.1644362244468962
prostate,full,40000,83,73,73,0.03553319167359436
prostate,full,40000,83,71,71,0.03505096896361816
prostate,full,40000,83,82,82,0.008125591285115452
prostate,full,40000,83,79,79,0.019236592931648002
prostate,full,40000,83,79,79,0.024966034572570878
prostate,full,40000,83,79,79,0.024076339467521957
prostate,full,40000,83,71,71,0.027212778142960317
prostate,full,40000,83,80,80,0.0944761824832803
prostate,full,40000,83,79,79,0.14896038216657045
prostate,full,40000,83,82,82,0.13291069217402682
prostate,full,40000,83,81,81,0.05939590195540835
prostate,full,40000,83,80,80,0.02491572695457802
prostate,full,40000,83,82,82,0.02209352832811951
prostate,full,40000,83,81,81,0.005634717584760251
prostate,full,40000,83,80,80,0.0121431325120951
prostate,full,40000,83,77,77,0.009399619916420889
prostate,full,40000,83,78,78,0.12721176671055628
prostate,full,40000,83,76,76,0.18376087316849365
prostate,full,40000,83,75,75,0.1864198703331483
prostate,full,40000,83,72,72,0.1808671361398383
prostate,full,40000,83,82,82,0.166943850285098
prostate,full,40000,83,82,82,0.20427144988902013
prostate,full,40000,83,76,76,0.1353538177316056
prostate,full,40000,83,82,82,0.1403655225361853
prostate,full,40000,83,82,82,0.10382575682024624
prostate,full,40000,83,82,82,0.05915930040513983
prostate,full,40000,83,77,77,0.019051492763439013
prostate,full,40000,83,82,82,0.16402571903211646
prostate,full,40000,83,82,82,0.044944079032315024
prostate,full,40000,83,82,82,0.007361598554539046
prostate,full,40000,83,81,81,0.017908916984654886
prostate,full,40000,83,78,78,0.033162156587951956
prostate,full,40000,83,71,71,0.19484066862682423
prostate,full,40000,83,79,79,0.1506300705251386
prostate,full,40000,83,82,82,0.30381794944440577
prostate,full,40000,83,77,77,0.32120849333626755
prostate,full,40000,83,82,82,0.14597615891746757
prostate,full,40000,83,75,75,0.008882246688109304
prostate,full,40000,83,74,74,0.012466322326645655
prostate,full,40000,83,82,82,0.007554327361791013
prostate,full,40000,83,75,75,0.011837044572319596
prostate,full,40000,83,82,82,0.03274824670186858
prostate,full,40000,83,82,82,0.006197776586520142
prostate,full,40000,83,76,76,0.015255147917531792
prostate,full,40000,83,82,82,0.07273774822935433
prostate,full,40000,83,82,82,0.09242829498493547
prostate,full,40000,83,82,82,0.16575926621547799
prostate,full,40000,83,80,80,0.013647290602584771
prostate,full,40000,83,82,82,0.027378162815257845
prostate,full,40000,83,82,82,0.007242503002165646
prostate,full,40000,83,82,82,0.03772148010594096
prostate,full,40000,83,82,82,0.0023313011274109807
prostate,full,40000,83,82,82,0.02891882893280936
prostate,full,40000,83,82,82,0.03645905347501163
prostate,full,40000,83,82,82,0.04686895279859113
prostate,full,40000,83,82,82,0.02073730200597641
prostate,full,40000,83,79,79,0.010490545835906532
prostate,full,40000,83,79,79,0.021929963310457344
prostate,full,40000,83,82,82,0.2039032658444192
prostate,full,40000,83,81,81,0.25773141436647795
prostate,full,40000,83,80,80,0.28575880772985923
prostate,full,40000,83,78,78,0.23947294610553954
prostate,full,40000,83,77,77,0.23562132952498713
prostate,full,40000,83,77,77,0.18681858137416696
prostate,full,40000,83,76,76,0.23283842757726717
prostate,full,40000,83,64,64,0.14819598750939766
prostate,full,40000,83,82,82,0.0042282935363925946
prostate,full,40000,83,82,82,0.00919997315890994
prostate,full,40000,83,82,82,0.001935873353400765
prostate,full,40000,83,82,82,0.026473332322944694
prostate,full,40000,83,80,80,0.012045332958186737
prostate,full,40000,83,78,78,0.11015439342917023
prostate,full,40000,83,76,76,0.10840026188566369
prostate,full,40000,83,74,74,0.18578617433973924
prostate,full,40000,83,73,73,0.2056399969645761
prostate,full,40000,83,73,73,0.1825169722405711
prostate,full,40000,83,73,73,0.1912651306607684
prostate,full,40000,83,71,71,0.0743912552406507
prostate,full,40000,83,30,30,0.2601653401082682
prostate,full,40000,83,81,81,0.07311314972093413
prostate,full,40000,83,74,74,0.04026208327227854
prostate,full,40000,83,82,82,0.048808882216124394
prostate,full,40000,83,82,82,0.1580336036620275
prostate,full,40000,83,56,56,0.06589500093463445
prostate,full,40000,83,82,82,0.007317326699461448
prostate,full,40000,83,63,63,0.014989648919407692
prostate,full,40000,83,81,81,0.004159867338540375
prostate,full,40000,83,78,78,0.006300236767864202
prostate,full,40000,83,77,77,0.009132274288661184
prostate,full,40000,83,82,82,0.039953558559854815
prostate,full,40000,83,82,82,0.016083733641046708
prostate,full,40000,83,82,82,0.0888758666401174
prostate,full,40000,83,80,80,0.015595404173302735
prostate,full,40000,83,80,80,0.042751420158338285
prostate,full,40000,83,82,82,0.18895777749143597
prostate,full,40000,83,82,82,0.17337239640897573
prostate,full,40000,83,77,77,0.01084792143431784
prostate,full,40000,83,79,79,0.008918840792651378
prostate,full,40000,83,78,78,0.00609186392734376
prostate,full,40000,83,63,63,0.014726918001612811
prostate,full,40000,83,82,82,0.10731708727338717
prostate,full,40000,83,82,82,0.06725304795332501
prostate,full,40000,83,82,82,0.03051867240375353
prostate,full,40000,83,82,82,0.13537778736011916
prostate,full,40000,83,82,82,0.004966487743394203
prostate,full,40000,83,82,82,0.061418467842507464
prostate,full,40000,83,75,75,0.03074572891113922
prostate,full,40000,83,80,80,0.13011976685352353
prostate,full,40000,83,59,59,0.06578367011410723
prostate,full,40000,83,47,47,0.05933605560164995
prostate,full,40000,83,82,82,0.19189117742558284
prostate,full,40000,83,82,82,0.17162854131319086
prostate,full,40000,83,77,77,0.012277873314776427
prostate,full,40000,83,80,80,0.17662260765303692
prostate,full,40000,83,79,79,0.28046297396752096
prostate,full,40000,83,78,78,0.15004756801526917
prostate,full,40000,83,78,78,0.24116398043188716
prostate,full,40000,83,69,69,0.22229733923370984
prostate,full,40000,83,64,64,0.13087348502191684
prostate,full,40000,83,82,82,0.05398931765446896
prostate,full,40000,83,82,82,0.017212826958298726
prostate,full,40000,83,82,82,0.15807568272303055
prostate,full,40000,83,56,56,0.04510742699264087
prostate,full,40000,83,82,82,0.1541474267776938
prostate,full,40000,83,82,82,0.02824943745253435
prostate,full,40000,83,71,71,0.014818352523430936
prostate,full,40000,83,78,78,0.18297852711019155
prostate,full,40000,83,76,76,0.18883261814467867
prostate,full,40000,83,74,74,0.2855979429239336
prostate,full,40000,83,73,73,0.21239084344949896
prostate,full,40000,83,73,73,0.21748685003452217
prostate,full,40000,83,60,60,0.18627222218875158
prostate,full,40000,83,82,82,0.07396451499251401
prostate,full,40000,83,82,82,0.22007398796920064
prostate,full,40000,83,81,81,0.08951934617729722
prostate,full,40000,83,78,78,0.1297776488619622
prostate,full,40000,83,66,66,0.17907872254488794
prostate,full,40000,83,63,63,0.18138795147970888
prostate,full,40000,83,62,62,0.17716653680008046
prostate,full,40000,83,81,81,0.09410039434424282
prostate,full,40000,83,81,81,0.09728889678251078
prostate,full,40000,83,65,65,0.14844746821229446
prostate,full,40000,83,82,82,0.10099426071625356
prostate,full,40000,83,82,82,0.08418724256161082
prostate,full,40000,83,80,80,0.012661623633447135
prostate,full,40000,83,79,79,0.06650948506425113
prostate,full,40000,83,80,80,0.30120880569648206
prostate,full,40000,83,73,73,0.3136494737058124
prostate,full,40000,83,60,60,0.30120066807106766
prostate,full,40000,83,82,82,0.15886482965924473
prostate,full,40000,83,30,30,0.06106481727068573
prostate,full,40000,83,82,82,0.04650140460312882
prostate,full,40000,83,82,82,0.005900062413151903
prostate,full,40000,83,80,80,0.0055431050866607545
prostate,full,40000,83,82,82,0.04557443652144598
prostate,full,40000,83,73,73,0.04368021271335878
prostate,full,40000,83,82,82,0.2365535228486389
prostate,full,40000,83,77,77,0.03537395546740188
prostate,full,40000,83,73,73,0.04084277376475639
prostate,full,40000,83,82,82,0.008694458918996046
prostate,full,40000,83,78,78,0.005636322886951913
prostate,full,40000,83,80,80,0.057750004917891826
prostate,full,40000,83,74,74,0.017605101765025555
prostate,full,40000,83,82,82,0.24483532828187068
prostate,full,40000,83,42,42,0.06140360312526442
prostate,full,40000,83,82,82,0.1223733869784548
prostate,full,40000,83,80,80,0.16890121012864587
prostate,full,40000,83,78,78,0.16721168254833482
prostate,full,40000,83,77,77,0.18463318475790624
prostate,full,40000,83,73,73,0.17897784221351065
prostate,full,40000,83,82,82,0.13113757120748748
prostate,full,40000,83,80,80,0.21102822630345752
prostate,full,40000,83,78,78,0.20112260158361395
prostate,full,40000,83,77,77,0.22718823811933242
prostate,full,40000,83,73,73,0.1931600480491809
prostate,full,40000,83,82,82,0.17816987569105822
prostate,full,40000,83,82,82,0.0934798304589105
prostate,full,40000,83,80,80,0.01747357036206725
prostate,full,40000,83,82,82,0.0637606850897282
prostate,full,40000,83,78,78,0.009005490813052668
prostate,full,40000,83,77,77,0.022630267986055972
prostate,full,40000,83,74,74,0.03189535268888355
prostate,full,40000,83,47,47,0.06154024622101908
prostate,full,40000,83,42,42,0.028332659416427736
prostate,full,40000,83,41,41,0.027007634817259613
prostate,full,40000,83,82,82,0.01680484153828529
prostate,full,40000,83,82,82,0.011245638159715061
prostate,full,40000,83,79,79,0.010710607537882196
prostate,full,40000,83,79,79,0.028965175030601323
prostate,full,40000,83,73,73,0.020814886686569303
prostate,full,40000,83,82,82,0.106215079259698
prostate,full,40000,83,82,82,0.019932978714420124
prostate,full,40000,83,82,82,0.014991044006112333
prostate,full,40000,83,79,79,0.01783274839960538
prostate,full,40000,83,79,79,0.016990725976675874
prostate,full,40000,83,79,79,0.05192084561892366
prostate,full,40000,83,67,67,0.03212021511644143
prostate,full,40000,83,82,82,0.2327281444339004
prostate,full,40000,83,82,82,0.05965153289306468
prostate,full,40000,83,82,82,0.12679995388523063
prostate,full,40000,83,80,80,0.016157762948897404
prostate,full,40000,83,66,66,0.03029909748983641
prostate,full,40000,83,63,63,0.026744228506126882
prostate,full,40000,83,62,62,0.010957113367948898
prostate,full,40000,83,79,79,0.17399693602891195
prostate,full,40000,83,76,76,0.009689747480718392
prostate,full,40000,83,74,74,0.09199475156516529
prostate,full,40000,83,74,74,0.09238969799513738
prostate,full,40000,83,48,48,0.028976921425002498
prostate,full,40000,83,82,82,0.010118194505395865
prostate,full,40000,83,82,82,0.021898948725960085
prostate,full,40000,83,79,79,0.006169962804264997
prostate,full,40000,83,82,82,0.005324628220399079
prostate,full,40000,83,82,82,0.11416996907539152
prostate,full,40000,83,82,82,0.012123248815023323
prostate,full,40000,83,82,82,0.14948707960157862
prostate,full,40000,83,82,82,0.04996165874460354
prostate,full,40000,83,82,82,0.15855003738791829
prostate,full,40000,83,79,79,0.07470464327084206
prostate,full,40000,83,82,82,0.15494080315898437
prostate,full,40000,83,82,82,0.20435660664411104
prostate,full,40000,83,82,82,0.01905825064698101
prostate,full,40000,83,82,82,0.11674428575757981
prostate,full,40000,83,81,81,0.11069214556686664
prostate,full,40000,83,73,73,0.031106384776307866
prostate,full,40000,83,82,82,0.030180462669832916
prostate,full,40000,83,82,82,0.058416094267486667
prostate,full,40000,83,81,81,0.004839845205377251
prostate,full,40000,83,77,77,0.015438789347261242
prostate,full,40000,83,82,82,0.02131370760257563
prostate,full,40000,83,72,72,0.030797151151710382
prostate,full,40000,83,82,82,0.05902895431602528
prostate,full,40000,83,78,78,0.020671233392630717
prostate,full,40000,83,74,74,0.012785073112184037
prostate,full,40000,83,82,82,0.1511255600042887
prostate,full,40000,83,82,82,0.1278949263397833
prostate,full,40000,83,80,80,0.011587044407062212
prostate,full,40000,83,76,76,0.09061221835738124
prostate,full,40000,83,71,71,0.02435083959469673
prostate,full,40000,83,82,82,0.01341032422872116
prostate,full,40000,83,82,82,0.019418920083701576
prostate,full,40000,83,82,82,0.006239083080232763
prostate,full,40000,83,81,81,0.005022021073082491
prostate,full,40000,83,77,77,0.009445524111699808
prostate,full,40000,83,64,64,0.032330507329255444
prostate,full,40000,83,82,82,0.006994803616690832
prostate,full,40000,83,82,82,0.02461840681131447
prostate,full,40000,83,81,81,0.002301679992693985
prostate,full,40000,83,75,75,0.011456508958485696
prostate,full,40000,83,66,66,0.03275150489357906
prostate,full,40000,83,44,44,0.02494045619316955
prostate,full,40000,83,82,82,0.058416803018599625
prostate,full,40000,83,81,81,0.016801922506732285
prostate,full,40000,83,82,82,0.15621521651058107
prostate,full,40000,83,56,56,0.06547008924740108
prostate,full,40000,83,65,65,0.015336632142948753
prostate,full,40000,83,81,81,0.16664748310912092
prostate,full,40000,83,81,81,0.1064039578019711
prostate,full,40000,83,71,71,0.024778915418613698
prostate,full,40000,83,80,80,0.17320040229018607
prostate,full,40000,83,80,80,0.10771439798038504
prostate,full,40000,83,76,76,0.13688536308792382
prostate,full,40000,83,73,73,0.2395836537512854
prostate,full,40000,83,80,80,0.017794115858707372
prostate,full,40000,83,79,79,0.06997139441107061
prostate,full,40000,83,48,48,0.02971205822816984
prostate,full,40000,83,44,44,0.0296488166843101
prostate,full,40000,83,30,30,0.3146729436912309
prostate,full,40000,83,82,82,0.15508960724765522
prostate,full,40000,83,75,75,0.025518801712867606
prostate,full,40000,83,72,72,0.18829227346908584
prostate,full,40000,83,82,82,0.0033864047637481615
prostate,full,40000,83,82,82,0.027775820914870908
prostate,full,40000,83,81,81,0.005094405309274489
prostate,full,40000,83,72,72,0.03716770657540864
prostate,full,40000,83,63,63,0.18249587888227178
prostate,full,40000,83,78,78,0.11823190283135161
prostate,full,40000,83,59,59,0.15381691893091337
prostate,full,40000,83,79,79,0.1598861917443336
prostate,full,40000,83,74,74,0.16637098353424626
prostate,full,40000,83,79,79,0.07217239850433323
prostate,full,40000,83,77,77,0.028347252194719025
prostate,full,40000,83,82,82,0.32604475511942527
prostate,full,40000,83,82,82,0.006279959952590202
prostate,full,40000,83,82,82,0.023150050549054477
prostate,full,40000,83,64,64,0.024894657420476116
prostate,full,40000,83,80,80,0.3421037809146456
prostate,full,40000,83,77,77,0.33577899904445413
prostate,full,40000,83,77,77,0.3460522563046092
prostate,full,40000,83,74,74,0.33534796459477983
prostate,full,40000,83,82,82,0.30707937398281754
prostate,full,40000,83,82,82,0.29556426166008865
prostate,full,40000,83,82,82,0.14209395154007684
prostate,full,40000,83,78,78,0.13163680110375847
prostate,full,40000,83,75,75,0.17273111636511482
prostate,full,40000,83,74,74,0.18592944425383798
prostate,full,40000,83,81,81,0.21056848454846208
prostate,full,40000,83,73,73,0.16177104981102253
prostate,full,40000,83,72,72,0.017616354091183395
prostate,full,40000,83,82,82,0.16108322777358516
prostate,full,40000,83,82,82,0.12326771814801732
prostate,full,40000,83,79,79,0.01461445411475748
prostate,full,40000,83,76,76,0.021688451457682546
prostate,full,40000,83,81,81,0.06108251491537561
prostate,full,40000,83,80,80,0.01724258901854
prostate,full,40000,83,63,63,0.06266891307502595
prostate,full,40000,83,82,82,0.06307847506043175
prostate,full,40000,83,70,70,0.02316277744733504
prostate,full,40000,83,82,82,0.15511381701096594
prostate,full,40000,84,83,83,0.21724491422101305
prostate,full,40000,84,83,83,0.28000945620618206
prostate,full,40000,84,83,83,0.1572895116554731
prostate,full,40000,84,81,81,0.01904355562303394
prostate,full,40000,84,81,81,0.07098273704366805
prostate,full,40000,84,81,81,0.19201839103603585
prostate,full,40000,84,81,81,0.19058945224284626
prostate,full,40000,84,80,80,0.18179640050756435
prostate,full,40000,84,78,78,0.10646558338918233
prostate,full,40000,84,70,70,0.15431743820735427
prostate,full,40000,84,42,42,0.030250102942583054
prostate,full,40000,84,41,41,0.030284442803694887
prostate,full,40000,84,83,83,0.2944482510413875
prostate,full,40000,84,79,79,0.2672788481606285
prostate,full,40000,84,83,83,0.06072311627578411
prostate,full,40000,84,81,81,0.031360688193357945
prostate,full,40000,84,80,80,0.029775725484254535
prostate,full,40000,84,73,73,0.056736622681661235
prostate,full,40000,84,77,77,0.08390656423892365
prostate,full,40000,84,62,62,0.01739828325439147
prostate,full,40000,84,76,76,0.1081693622473246
prostate,full,40000,84,75,75,0.11648081798066959
prostate,full,40000,84,75,75,0.11412739990278775
prostate,full,40000,84,74,74,0.049458258808867735
prostate,full,40000,84,74,74,0.09081035677228987
prostate,full,40000,84,72,72,0.09493926600999082
prostate,full,40000,84,65,65,0.10960165527347876
prostate,full,40000,84,80,80,0.0046345641875052464
prostate,full,40000,84,77,77,0.02264803333996429
prostate,full,40000,84,83,83,0.12207308163396761
prostate,full,40000,84,81,81,0.009219303519396564
prostate,full,40000,84,83,83,0.1612530859177566
prostate,full,40000,84,44,44,0.27535103861877286
prostate,full,40000,84,43,43,0.2815179236314995
prostate,full,40000,84,83,83,0.09491256772897941
prostate,full,40000,84,83,83,0.1414089741725089
prostate,full,40000,84,83,83,0.19193045354832394
prostate,full,40000,84,64,64,0.04480342570281616
prostate,full,40000,84,83,83,0.008649663978420041
prostate,full,40000,84,80,80,0.0065158882894724105
prostate,full,40000,84,77,77,0.02234926977721666
prostate,full,40000,84,75,75,0.006770778106790515
prostate,full,40000,84,74,74,0.11056459559179593
prostate,full,40000,84,54,54,0.12238691152647269
prostate,full,40000,84,83,83,0.32761487121948035
prostate,full,40000,84,70,70,0.344858971006615
prostate,full,40000,84,82,82,0.05053367134027617
prostate,full,40000,84,65,65,0.14347393842459064
prostate,full,40000,84,83,83,0.1121787362231485
prostate,full,40000,84,78,78,0.08772952017487198
prostate,full,40000,84,67,67,0.02831203981710967
prostate,full,40000,84,83,83,0.14649676134434192
prostate,full,40000,84,79,79,0.13695298504508474
prostate,full,40000,84,76,76,0.11912217612487477
prostate,full,40000,84,83,83,0.054582166376386944
prostate,full,40000,84,74,74,0.010418783245396914
prostate,full,40000,84,82,82,0.1673266854813738
prostate,full,40000,84,82,82,0.11907104122206763
prostate,full,40000,84,79,79,0.018191886370210943
prostate,full,40000,84,76,76,0.2884806552964485
prostate,full,40000,84,58,58,0.3022384917782493
prostate,full,40000,84,50,50,0.29626673648057517
prostate,full,40000,84,83,83,0.12016073961342806
prostate,full,40000,84,83,83,0.17244164067105835
prostate,full,40000,84,76,76,0.022887871686500496
prostate,full,40000,84,83,83,0.07874810660671233
prostate,full,40000,84,65,65,0.07419435467041796
prostate,full,40000,84,63,63,0.07325705860768661
prostate,full,40000,84,59,59,0.01545689386077642
prostate,full,40000,84,82,82,0.10689791954233181
prostate,full,40000,84,77,77,0.110470891607422
prostate,full,40000,84,74,74,0.08205229226101485
prostate,full,40000,84,48,48,0.026556620539877538
prostate,full,40000,84,44,44,0.021565084105464958
prostate,full,40000,84,44,44,0.09969544155049283
prostate,full,40000,84,83,83,0.10823986393222347
prostate,full,40000,84,83,83,0.06275727674723021
prostate,full,40000,84,83,83,0.0961265074588638
prostate,full,40000,84,83,83,0.09489218045013277
prostate,full,40000,84,83,83,0.01493490898654061
prostate,full,40000,84,80,80,0.06572329422872054
prostate,full,40000,84,70,70,0.04003582830988331
prostate,full,40000,84,83,83,0.11493987463672799
prostate,full,40000,84,80,80,0.012018019192344603
prostate,full,40000,84,79,79,0.008464900909577102
prostate,full,40000,84,77,77,0.18619327192795007
prostate,full,40000,84,49,49,0.18544919303538332
prostate,full,40000,84,82,82,0.14848277322388193
prostate,full,40000,84,77,77,0.15749257242365178
prostate,full,40000,84,74,74,0.1376055778181169
prostate,full,40000,84,83,83,0.008708526145284036
prostate,full,40000,84,83,83,0.1717289638157819
prostate,full,40000,84,83,83,0.08349639066051505
prostate,full,40000,84,69,69,0.06650669406457209
prostate,full,40000,84,83,83,0.16165600445875966
prostate,full,40000,84,78,78,0.053349990045856915
prostate,full,40000,84,83,83,0.10802245008245323
prostate,full,40000,84,83,83,0.17725203264307207
prostate,full,40000,84,83,83,0.06422084250055331
prostate,full,40000,84,83,83,0.08207111401510564
prostate,full,40000,84,83,83,0.00542667529994212
prostate,full,40000,84,81,81,0.0310994598549813
prostate,full,40000,84,83,83,0.13585077011945312
prostate,full,40000,84,78,78,0.01288557785288007
prostate,full,40000,84,83,83,0.04458936098402033
prostate,full,40000,84,83,83,0.03013927127249833
prostate,full,40000,84,83,83,0.048476216817204584
prostate,full,40000,84,83,83,0.030104346912683863
prostate,full,40000,84,82,82,0.028639066770009755
prostate,full,40000,84,81,81,0.03306958251353405
prostate,full,40000,84,83,83,0.10857312826162295
prostate,full,40000,84,83,83,0.05036928578310294
prostate,full,40000,84,83,83,0.07385886696419167
prostate,full,40000,84,83,83,0.011826655538254289
prostate,full,40000,84,78,78,0.04560843954447601
prostate,full,40000,84,83,83,0.032473393634370344
prostate,full,40000,84,65,65,0.14399203384951045
prostate,full,40000,84,82,82,0.13375219096155702
prostate,full,40000,84,82,82,0.13702756460877158
prostate,full,40000,84,80,80,0.141889207304309
prostate,full,40000,84,80,80,0.012428539361932958
prostate,full,40000,84,80,80,0.13294729983543177
prostate,full,40000,84,79,79,0.09510342114245628
prostate,full,40000,84,83,83,0.11622672556618778
prostate,full,40000,84,80,80,0.008659948479445526
prostate,full,40000,84,79,79,0.01102085500496735
prostate,full,40000,84,60,60,0.3006461707081198
prostate,full,40000,84,30,30,0.1740576386556327
prostate,full,40000,84,83,83,0.05869606816493679
prostate,full,40000,84,83,83,0.16705141374670524
prostate,full,40000,84,80,80,0.023829493586461258
prostate,full,40000,84,83,83,0.05853603438020903
prostate,full,40000,84,80,80,0.01766500735524739
prostate,full,40000,84,83,83,0.17710083132213422
prostate,full,40000,84,83,83,0.0052843506964151835
prostate,full,40000,84,73,73,0.032602216181442115
prostate,full,40000,84,71,71,0.03017724023493799
prostate,full,40000,84,77,77,0.027537818882314137
prostate,full,40000,84,66,66,0.028067234338385712
prostate,full,40000,84,83,83,0.13493404827380082
prostate,full,40000,84,83,83,0.03300202136345049
prostate,full,40000,84,83,83,0.3157678622407138
prostate,full,40000,84,83,83,0.314899609035932
prostate,full,40000,84,83,83,0.05103055776015672
prostate,full,40000,84,83,83,0.2171823150168121
prostate,full,40000,84,74,74,0.05112363163406237
prostate,full,40000,84,48,48,0.1147025742114488
prostate,full,40000,84,42,42,0.10492525160943075
prostate,full,40000,84,82,82,0.10119352771912501
prostate,full,40000,84,79,79,0.16771442820701743
prostate,full,40000,84,80,80,0.071604000569641
prostate,full,40000,84,78,78,0.019294775599900522
prostate,full,40000,84,66,66,0.03302120893810216
prostate,full,40000,84,72,72,0.03444116334032917
prostate,full,40000,84,63,63,0.18004434329786306
prostate,full,40000,84,83,83,0.12398166565794246
prostate,full,40000,84,83,83,0.25494615179767516
prostate,full,40000,84,83,83,0.241552708107133
prostate,full,40000,84,83,83,0.04625730000611779
prostate,full,40000,84,83,83,0.02505866759235975
prostate,full,40000,84,82,82,0.026517053230377948
prostate,full,40000,84,81,81,0.022588088792514664
prostate,full,40000,84,77,77,0.027822314009914972
prostate,full,40000,84,70,70,0.04396977005081024
prostate,full,40000,84,79,79,0.2176310390946712
prostate,full,40000,84,74,74,0.22960958976701398
prostate,full,40000,84,83,83,0.15608463837021727
prostate,full,40000,84,80,80,0.03843705507316917
prostate,full,40000,84,83,83,0.1583349362237587
prostate,full,40000,84,83,83,0.0032562019443587525
prostate,full,40000,84,83,83,0.007897561588859034
prostate,full,40000,84,83,83,0.010808864175183772
prostate,full,40000,84,83,83,0.004174646887582692
prostate,full,40000,84,83,83,0.016211340503860097
prostate,full,40000,84,83,83,0.005862234374090019
prostate,full,40000,84,83,83,0.009708871116784605
prostate,full,40000,84,82,82,0.006712104480313775
prostate,full,40000,84,82,82,0.005085779314371125
prostate,full,40000,84,81,81,0.03902090564532102
prostate,full,40000,84,81,81,0.018246663960777964
prostate,full,40000,84,81,81,0.03273001985095768
prostate,full,40000,84,70,70,0.007798968161233639
prostate,full,40000,84,83,83,0.014031721928069249
prostate,full,40000,84,82,82,0.0725818143027025
prostate,full,40000,84,73,73,0.055025834274682946
prostate,full,40000,84,83,83,0.18111664418467938
prostate,full,40000,84,83,83,0.16759399749116088
prostate,full,40000,84,83,83,0.11873959876410432
prostate,full,40000,84,81,81,0.21101442133965181
prostate,full,40000,84,59,59,0.22024105814913386
prostate,full,40000,84,58,58,0.21860197181722058
prostate,full,40000,84,83,83,0.16602323805931804
prostate,full,40000,84,80,80,0.1972116271596779
prostate,full,40000,84,75,75,0.02509865418239199
prostate,full,40000,84,83,83,0.044781754259888035
prostate,full,40000,84,83,83,0.02100457421155914
prostate,full,40000,84,83,83,0.065713291493931
prostate,full,40000,84,83,83,0.018591791854572493
prostate,full,40000,84,82,82,0.027844571300583
prostate,full,40000,84,71,71,0.20376634994512507
prostate,full,40000,84,83,83,0.19903849099142937
prostate,full,40000,84,83,83,0.16237776804168846
prostate,full,40000,84,78,78,0.037112538331312846
prostate,full,40000,84,83,83,0.1609647873177042
prostate,full,40000,84,78,78,0.10086584475148425
prostate,full,40000,84,78,78,0.025303738092101465
prostate,full,40000,84,82,82,0.2245282452521074
prostate,full,40000,84,74,74,0.2308413097124947
prostate,full,40000,84,81,81,0.15404744331692458
prostate,full,40000,84,83,83,0.26367919460919503
prostate,full,40000,84,83,83,0.07197056519013839
prostate,full,40000,84,76,76,0.22982928509995215
prostate,full,40000,84,83,83,0.06268690136281128
prostate,full,40000,84,83,83,0.034178665176150376
prostate,full,40000,84,81,81,0.011480122143709493
prostate,full,40000,84,80,80,0.04429359656231779
prostate,full,40000,84,74,74,0.025532474912476073
prostate,full,40000,84,79,79,0.22034137317632244
prostate,full,40000,84,83,83,0.1549628735505619
prostate,full,40000,84,83,83,0.22703399534644636
prostate,full,40000,84,83,83,0.030079372053951548
prostate,full,40000,84,83,83,0.005972323015430253
prostate,full,40000,84,83,83,0.058075746840307654
prostate,full,40000,84,83,83,0.01516435441024771
prostate,full,40000,84,82,82,0.012722599068978402
prostate,full,40000,84,82,82,0.03841131554013415
prostate,full,40000,84,83,83,0.027096424496966236
prostate,full,40000,84,83,83,0.13885569516640237
prostate,full,40000,84,83,83,0.09551502060141748
prostate,full,40000,84,83,83,0.05996424488757006
prostate,full,40000,84,83,83,0.011990206469950701
prostate,full,40000,84,83,83,0.16328940226310235
prostate,full,40000,84,72,72,0.030750661262198657
prostate,full,40000,84,83,83,0.16061619332145924
prostate,full,40000,84,83,83,0.045730003778261925
prostate,full,40000,84,78,78,0.03403724954258746
prostate,full,40000,84,83,83,0.007675173556871894
prostate,full,40000,84,83,83,0.00486770734501597
prostate,full,40000,84,82,82,0.007349953186015938
prostate,full,40000,84,82,82,0.011281126808763817
prostate,full,40000,84,81,81,0.004627456694870998
prostate,full,40000,84,81,81,0.014660228787705768
prostate,full,40000,84,81,81,0.009656989556969434
prostate,full,40000,84,83,83,0.043894000832939505
prostate,full,40000,84,82,82,0.04942747488426749
prostate,full,40000,84,82,82,0.10036842907584763
prostate,full,40000,84,82,82,0.0407579143085649
prostate,full,40000,84,81,81,0.01148144647271651
prostate,full,40000,84,81,81,0.02807321805728279
prostate,full,40000,84,83,83,0.1610109588066642
prostate,full,40000,84,83,83,0.046461521624371796
prostate,full,40000,84,81,81,0.014897241911462432
prostate,full,40000,84,78,78,0.032285166711626276
prostate,full,40000,84,82,82,0.2741766385825924
prostate,full,40000,84,78,78,0.2465676593829785
prostate,full,40000,84,83,83,0.04724893749927818
prostate,full,40000,84,83,83,0.15911450466659402
prostate,full,40000,84,83,83,0.11251491278291562
prostate,full,40000,84,83,83,0.14437078610346493
prostate,full,40000,84,83,83,0.00847020783517673
prostate,full,40000,84,83,83,0.010892674040782485
prostate,full,40000,84,83,83,0.015093760516036121
prostate,full,40000,84,82,82,0.013000793777397839
prostate,full,40000,84,83,83,0.02879188221278815
prostate,full,40000,84,83,83,0.023695245893789886
prostate,full,40000,84,81,81,0.026349701405888236
prostate,full,40000,84,80,80,0.05995986550031109
prostate,full,40000,84,74,74,0.006391586393376873
prostate,full,40000,84,82,82,0.024094002461994456
prostate,full,40000,84,77,77,0.021072280047187305
prostate,full,40000,84,74,74,0.015139729970933722
prostate,full,40000,84,69,69,0.026533433981144505
prostate,full,40000,84,83,83,0.11845279594145729
prostate,full,40000,84,83,83,0.17359928222255683
prostate,full,40000,84,83,83,0.049213307705387545
prostate,full,40000,84,83,83,0.011140361920731475
prostate,full,40000,84,83,83,0.009066508685052493
prostate,full,40000,84,83,83,0.009338520646751584
prostate,full,40000,84,83,83,0.007797220112398481
prostate,full,40000,84,83,83,0.029689961544391637
prostate,full,40000,84,83,83,0.01485182977436043
prostate,full,40000,84,83,83,0.008920555797647445
prostate,full,40000,84,82,82,0.012356662123521654
prostate,full,40000,84,82,82,0.008531980314434476
prostate,full,40000,84,82,82,0.022723011452982365
prostate,full,40000,84,81,81,0.02518334477696193
prostate,full,40000,84,81,81,0.014319191763514778
prostate,full,40000,84,77,77,0.01899789709153348
prostate,full,40000,84,79,79,0.12007143035324938
prostate,full,40000,84,78,78,0.11993994203817479
prostate,full,40000,84,63,63,0.1247688402373441
prostate,full,40000,84,83,83,0.1653832474387309
prostate,full,40000,84,83,83,0.04587611266782666
prostate,full,40000,84,83,83,0.021790463736096825
prostate,full,40000,84,81,81,0.013851499352044997
prostate,full,40000,84,77,77,0.03959111641171344
prostate,full,40000,84,83,83,0.18633463420251706
prostate,full,40000,84,83,83,0.13704348835556585
prostate,full,40000,84,82,82,0.017330850745548014
prostate,full,40000,84,71,71,0.04571071576350838
prostate,full,40000,84,80,80,0.10374157739674543
prostate,full,40000,84,74,74,0.031093462984678865
prostate,full,40000,84,79,79,0.1107935264106764
prostate,full,40000,84,83,83,0.041423743735736256
prostate,full,40000,84,83,83,0.16034477216359963
prostate,full,40000,84,83,83,0.09546454627160847
prostate,full,40000,84,82,82,0.011774884432348072
prostate,full,40000,84,80,80,0.06472922396877084
prostate,full,40000,84,70,70,0.03893930068927015
prostate,full,40000,84,73,73,0.10124585306905744
prostate,full,40000,84,54,54,0.023765983544193032
prostate,full,40000,84,44,44,0.14005204120176998
prostate,full,40000,84,82,82,0.19218052343122627
prostate,full,40000,84,82,82,0.18664482774624502
prostate,full,40000,84,80,80,0.17972553123283314
prostate,full,40000,84,79,79,0.17792455776626176
prostate,full,40000,84,78,78,0.028362091526300412
prostate,full,40000,84,77,77,0.19252943370214376
prostate,full,40000,84,82,82,0.17262430927119773
prostate,full,40000,84,82,82,0.1720472037798032
prostate,full,40000,84,81,81,0.015341435855086072
prostate,full,40000,84,80,80,0.16122291854755866
prostate,full,40000,84,83,83,0.015698416671820096
prostate,full,40000,84,83,83,0.009680494325197372
prostate,full,40000,84,65,65,0.1288945533601345
prostate,full,40000,84,83,83,0.023412594867883958
prostate,full,40000,84,83,83,0.046892902103271884
prostate,full,40000,84,83,83,0.04009131636851602
prostate,full,40000,84,82,82,0.02836647730872702
prostate,full,40000,84,77,77,0.03095682557046614
prostate,full,40000,84,72,72,0.03233752572713844
prostate,full,40000,84,83,83,0.10927050727108262
prostate,full,40000,84,72,72,0.027793492578229315
prostate,full,40000,84,74,74,0.3176303119769795
prostate,full,40000,84,74,74,0.3049995451133944
prostate,full,40000,84,74,74,0.31396409095322275
prostate,full,40000,84,73,73,0.2515360071956041
prostate,full,40000,84,72,72,0.3193115485749701
prostate,full,40000,84,71,71,0.25857655818276754
prostate,full,40000,84,70,70,0.32249339656487847
prostate,full,40000,84,66,66,0.3254752546889988
prostate,full,40000,84,77,77,0.05013710279488676
prostate,full,40000,84,83,83,0.004269313470308887
prostate,full,40000,84,83,83,0.01096707504209632
prostate,full,40000,84,81,81,0.01262347144910767
prostate,full,40000,84,79,79,0.07840290207958439
prostate,full,40000,84,67,67,0.0220247511653705
prostate,full,40000,84,50,50,0.019240484650251754
prostate,full,40000,84,81,81,0.19319061331047746
prostate,full,40000,84,48,48,0.02720188074719092
prostate,full,40000,84,44,44,0.027925225020347697
prostate,full,40000,84,44,44,0.10337885122632069
prostate,full,40000,84,83,83,0.14151495718142934
prostate,full,40000,84,83,83,0.23228258895242682
prostate,full,40000,84,47,47,0.06032231953897735
prostate,full,40000,84,83,83,0.00043677608957695387
prostate,full,40000,84,83,83,0.04016504691834415
prostate,full,40000,84,50,50,0.03136942841183612
prostate,full,40000,84,83,83,0.023098372929995285
prostate,full,40000,84,83,83,0.060900628014708344
prostate,full,40000,84,77,77,0.01787062920716134
prostate,full,40000,84,73,73,0.05410646896652027
prostate,full,40000,84,83,83,0.07583569025704637
prostate,full,40000,84,83,83,0.15754569129619053
prostate,full,40000,84,82,82,0.04966835645277059
prostate,full,40000,84,82,82,0.006926456279552894
prostate,full,40000,84,83,83,0.06321762623529918
prostate,full,40000,84,82,82,0.009965400383790549
prostate,full,40000,84,80,80,0.04117811485084424
prostate,full,40000,84,58,58,0.02372470883535854
prostate,full,40000,84,50,50,0.02090536078971011
prostate,full,40000,84,83,83,0.19055868977353804
prostate,full,40000,84,83,83,0.17419034278460702
prostate,full,40000,84,76,76,0.10507532327221324
prostate,full,40000,84,65,65,0.14708826232362035
prostate,full,40000,84,83,83,0.11744849806680943
prostate,full,40000,84,83,83,0.17643279205721066
prostate,full,40000,84,83,83,0.04494121334505073
prostate,full,40000,84,83,83,0.15667453524632152
prostate,full,40000,84,78,78,0.04674252457106324
prostate,full,40000,84,30,30,0.22871537801667055
prostate,full,40000,84,80,80,0.09615287405416628
prostate,full,40000,84,73,73,0.049163970473755474
prostate,full,40000,84,83,83,0.1698997512637121
prostate,full,40000,84,77,77,0.015243746481738457
prostate,full,40000,84,72,72,0.03241942202383938
prostate,full,40000,84,63,63,0.06474766317348282
prostate,full,40000,84,82,82,0.1467017894243827
prostate,full,40000,84,70,70,0.05974745267098056
prostate,full,40000,84,83,83,0.009480032856176268
prostate,full,40000,84,83,83,0.1701228633093804
prostate,full,40000,84,83,83,0.003698102353200679
prostate,full,40000,84,82,82,0.1562044741807151
prostate,full,40000,84,83,83,0.21165022972655753
prostate,full,40000,84,78,78,0.16109118492634997
prostate,full,40000,84,76,76,0.19209619673020945
prostate,full,40000,84,83,83,0.15413787822927633
prostate,full,40000,84,83,83,0.19202094634284533
prostate,full,40000,84,82,82,0.09483644434768648
prostate,full,40000,84,82,82,0.045802390790442106
prostate,full,40000,84,82,82,0.10429148183172982
prostate,full,40000,84,82,82,0.10161525095874929
prostate,full,40000,84,81,81,0.011324174513064297
prostate,full,40000,84,79,79,0.07546960669615346
prostate,full,40000,84,83,83,0.05929432346378112
prostate,full,40000,84,83,83,0.021606085698213037
prostate,full,40000,84,72,72,0.030639161995746494
prostate,full,40000,84,83,83,0.15087264747387272
prostate,full,40000,84,76,76,0.07967187446238518
prostate,full,40000,84,77,77,0.02622383580221346
prostate,full,40000,84,73,73,0.006898588026513899
prostate,full,40000,84,83,83,0.02508698593475969
prostate,full,40000,84,83,83,0.0053620826428236
prostate,full,40000,84,83,83,0.00748214829474076
prostate,full,40000,84,83,83,0.002156651248114881
prostate,full,40000,84,83,83,0.00763192073079888
prostate,full,40000,84,83,83,0.005798648442475093
prostate,full,40000,84,83,83,0.004054884593761678
prostate,full,40000,84,83,83,0.006160029963737555
prostate,full,40000,84,83,83,0.006181017268884468
prostate,full,40000,84,83,83,0.005776695161930519
prostate,full,40000,84,83,83,0.005850993197927052
prostate,full,40000,84,83,83,0.00763570559273969
prostate,full,40000,84,83,83,0.0052833415766022135
prostate,full,40000,84,83,83,0.007282416012004438
prostate,full,40000,84,83,83,0.017029154013859512
prostate,full,40000,84,83,83,0.00914456571277141
prostate,full,40000,84,83,83,0.007945244924494185
prostate,full,40000,84,83,83,0.005845995174375774
prostate,full,40000,84,83,83,0.006156577181122485
prostate,full,40000,84,82,82,0.007616631373258525
prostate,full,40000,84,82,82,0.0030304211211395885
prostate,full,40000,84,81,81,0.006316967338201909
prostate,full,40000,84,81,81,0.004899260607132631
prostate,full,40000,84,81,81,0.015423661925573503
prostate,full,40000,84,81,81,0.008410261083374072
prostate,full,40000,84,77,77,0.013607696446470013
prostate,full,40000,84,81,81,0.18634436974622554
prostate,full,40000,84,83,83,0.12214892363755477
prostate,full,40000,84,83,83,0.17025350226103902
prostate,full,40000,84,50,50,0.26097541348017556
prostate,full,40000,84,48,48,0.2574970934839746
prostate,full,40000,84,44,44,0.24177458232265267
prostate,full,40000,84,65,65,0.04667986746356283
prostate,full,40000,84,83,83,0.3209726391601384
prostate,full,40000,84,83,83,0.20867480517842363
prostate,full,40000,84,83,83,0.2791417609925839
prostate,full,40000,84,79,79,0.12163994484909765
prostate,full,40000,84,77,77,0.028917919823597576
prostate,full,40000,84,73,73,0.0917819765753977
prostate,full,40000,85,84,84,0.14066220134516313
prostate,full,40000,85,84,84,0.04907672246527966
prostate,full,40000,85,82,82,0.07533978356302554
prostate,full,40000,85,83,83,0.16735484196657366
prostate,full,40000,85,80,80,0.1529628468123013
prostate,full,40000,85,78,78,0.03435828988346675
prostate,full,40000,85,84,84,0.26424640046103975
prostate,full,40000,85,84,84,0.2396205043338244
prostate,full,40000,85,82,82,0.009417731309943177
prostate,full,40000,85,72,72,0.06862948451426863
prostate,full,40000,85,84,84,0.09342404088781893
prostate,full,40000,85,82,82,0.015081414274820156
prostate,full,40000,85,80,80,0.06570909252926602
prostate,full,40000,85,79,79,0.06547208518418914
prostate,full,40000,85,70,70,0.040981216764995894
prostate,full,40000,85,84,84,0.16318483285357557
prostate,full,40000,85,84,84,0.1422530113475245
prostate,full,40000,85,75,75,0.08577861353851793
prostate,full,40000,85,75,75,0.1371368070725805
prostate,full,40000,85,67,67,0.18272127073078087
prostate,full,40000,85,59,59,0.18964432479635276
prostate,full,40000,85,84,84,0.2931521058060215
prostate,full,40000,85,84,84,0.3004141487935753
prostate,full,40000,85,79,79,0.04517700730492987
prostate,full,40000,85,45,45,0.1172749796757603
prostate,full,40000,85,43,43,0.08900241318307561
prostate,full,40000,85,84,84,0.04808976404729582
prostate,full,40000,85,84,84,0.019442338749724206
prostate,full,40000,85,84,84,0.04477226458473392
prostate,full,40000,85,84,84,0.0455238364786114
prostate,full,40000,85,84,84,0.0455302312778983
prostate,full,40000,85,84,84,0.05520738355238788
prostate,full,40000,85,84,84,0.02021369957809374
prostate,full,40000,85,84,84,0.02119989730456092
prostate,full,40000,85,84,84,0.02136531990000538
prostate,full,40000,85,84,84,0.025118452647512862
prostate,full,40000,85,84,84,0.01997682074224557
prostate,full,40000,85,84,84,0.028448742735703886
prostate,full,40000,85,84,84,0.030580411146075962
prostate,full,40000,85,84,84,0.020309809684035257
prostate,full,40000,85,84,84,0.03366435307364141
prostate,full,40000,85,84,84,0.03583279587609941
prostate,full,40000,85,84,84,0.02384132111421819
prostate,full,40000,85,84,84,0.1599989517525377
prostate,full,40000,85,83,83,0.023322993380103078
prostate,full,40000,85,83,83,0.006961767223427495
prostate,full,40000,85,82,82,0.044338373508211966
prostate,full,40000,85,82,82,0.008450924829177397
prostate,full,40000,85,82,82,0.02528178920590216
prostate,full,40000,85,78,78,0.04306839557584162
prostate,full,40000,85,30,30,0.12448342965473881
prostate,full,40000,85,84,84,0.10344579389794688
prostate,full,40000,85,84,84,0.035728603425299904
prostate,full,40000,85,74,74,0.03398591181408251
prostate,full,40000,85,80,80,0.29275180464742356
prostate,full,40000,85,80,80,0.3373487299074899
prostate,full,40000,85,79,79,0.33464499068313786
prostate,full,40000,85,78,78,0.3358305376595134
prostate,full,40000,85,65,65,0.3447407163057578
prostate,full,40000,85,83,83,0.1615970898910643
prostate,full,40000,85,84,84,0.16341884184353297
prostate,full,40000,85,78,78,0.09785793675783774
prostate,full,40000,85,70,70,0.16105811323469857
prostate,full,40000,85,84,84,0.05800710541218022
prostate,full,40000,85,84,84,0.09811515072104837
prostate,full,40000,85,82,82,0.03069145600858314
prostate,full,40000,85,70,70,0.02891891656948953
prostate,full,40000,85,84,84,0.10784241729593064
prostate,full,40000,85,74,74,0.03224339203458799
prostate,full,40000,85,73,73,0.037503414680122596
prostate,full,40000,85,81,81,0.0932562027109949
prostate,full,40000,85,75,75,0.14455974862932372
prostate,full,40000,85,72,72,0.07176771689213784
prostate,full,40000,85,84,84,0.17636976638435567
prostate,full,40000,85,84,84,0.2346077997899422
prostate,full,40000,85,84,84,0.16105694888294245
prostate,full,40000,85,84,84,0.06720065604705437
prostate,full,40000,85,84,84,0.09531061556985691
prostate,full,40000,85,84,84,0.0056151537576093775
prostate,full,40000,85,79,79,0.016465239491655615
prostate,full,40000,85,70,70,0.19128307500882052
prostate,full,40000,85,48,48,0.2179493209065193
prostate,full,40000,85,42,42,0.20346892264194094
prostate,full,40000,85,84,84,0.21160340351208778
prostate,full,40000,85,83,83,0.2637730777016072
prostate,full,40000,85,83,83,0.24338548160238901
prostate,full,40000,85,83,83,0.24013400809751934
prostate,full,40000,85,58,58,0.019200184971826826
prostate,full,40000,85,84,84,0.012635551456342068
prostate,full,40000,85,84,84,0.03244131386591864
prostate,full,40000,85,82,82,0.1914036415881153
prostate,full,40000,85,84,84,0.1344147434830988
prostate,full,40000,85,84,84,0.08937210930291917
prostate,full,40000,85,83,83,0.00686278630061789
prostate,full,40000,85,84,84,0.20354481586569953
prostate,full,40000,85,84,84,0.23880802799383216
prostate,full,40000,85,84,84,0.23710549923746996
prostate,full,40000,85,84,84,0.1553537849082161
prostate,full,40000,85,84,84,0.07205739580091096
prostate,full,40000,85,83,83,0.037155672004626106
prostate,full,40000,85,83,83,0.139481733613106
prostate,full,40000,85,59,59,0.07110116125807887
prostate,full,40000,85,84,84,0.018999309815539607
prostate,full,40000,85,84,84,0.021776372168839417
prostate,full,40000,85,84,84,0.15778108426084955
prostate,full,40000,85,82,82,0.011029704930211734
prostate,full,40000,85,78,78,0.03045390922889145
prostate,full,40000,85,84,84,0.009921362458832093
prostate,full,40000,85,84,84,0.018905745988082555
prostate,full,40000,85,84,84,0.003966231769066887
prostate,full,40000,85,79,79,0.006925054403297296
prostate,full,40000,85,84,84,0.011070967539288013
prostate,full,40000,85,84,84,0.03201776505448097
prostate,full,40000,85,84,84,0.014138533422675388
prostate,full,40000,85,84,84,0.026981983404131212
prostate,full,40000,85,84,84,0.01195457296810624
prostate,full,40000,85,84,84,0.005699627258561478
prostate,full,40000,85,84,84,0.007136862435713908
prostate,full,40000,85,84,84,0.008650799112616498
prostate,full,40000,85,84,84,0.038192938444398736
prostate,full,40000,85,84,84,0.0065997733357470905
prostate,full,40000,85,84,84,0.024376534022642598
prostate,full,40000,85,84,84,0.0062618474897740825
prostate,full,40000,85,84,84,0.003908162085378868
prostate,full,40000,85,84,84,0.010479271454401544
prostate,full,40000,85,84,84,0.009384712284266811
prostate,full,40000,85,84,84,0.061447551329686566
prostate,full,40000,85,84,84,0.026570020849031564
prostate,full,40000,85,83,83,0.006550913173867278
prostate,full,40000,85,82,82,0.02633295208636547
prostate,full,40000,85,82,82,0.02964236187142117
prostate,full,40000,85,82,82,0.01691953937745178
prostate,full,40000,85,82,82,0.022269497050358363
prostate,full,40000,85,78,78,0.02966493149874834
prostate,full,40000,85,84,84,0.08942489561758078
prostate,full,40000,85,84,84,0.06800798365542719
prostate,full,40000,85,84,84,0.013009361491063758
prostate,full,40000,85,83,83,0.19629885805937694
prostate,full,40000,85,83,83,0.15667700978132235
prostate,full,40000,85,83,83,0.05696676140021954
prostate,full,40000,85,84,84,0.19425325792746778
prostate,full,40000,85,84,84,0.14006995569164332
prostate,full,40000,85,83,83,0.2468261956956157
prostate,full,40000,85,80,80,0.2567265136393253
prostate,full,40000,85,80,80,0.2534271438652758
prostate,full,40000,85,84,84,0.21282375928619648
prostate,full,40000,85,83,83,0.2235381096387118
prostate,full,40000,85,82,82,0.19399789098063294
prostate,full,40000,85,80,80,0.18502166194638098
prostate,full,40000,85,76,76,0.1930938555956087
prostate,full,40000,85,84,84,0.17665520580043897
prostate,full,40000,85,84,84,0.11782333016149864
prostate,full,40000,85,84,84,0.05583479099294431
prostate,full,40000,85,67,67,0.02510417531259316
prostate,full,40000,85,81,81,0.19166156787758273
prostate,full,40000,85,72,72,0.17167552883787293
prostate,full,40000,85,36,36,0.18758286942724534
prostate,full,40000,85,84,84,0.09848411351337721
prostate,full,40000,85,84,84,0.21431695988906152
prostate,full,40000,85,83,83,0.011238980007742106
prostate,full,40000,85,75,75,0.014409275529506443
prostate,full,40000,85,84,84,0.09882859083691578
prostate,full,40000,85,84,84,0.18692136174081414
prostate,full,40000,85,82,82,0.20607369775769496
prostate,full,40000,85,82,82,0.19903951837336717
prostate,full,40000,85,82,82,0.20421510376518712
prostate,full,40000,85,80,80,0.20576734032437433
prostate,full,40000,85,84,84,0.11707446407231033
prostate,full,40000,85,84,84,0.1735836737087566
prostate,full,40000,85,73,73,0.041242150772985764
prostate,full,40000,85,84,84,0.12365371993667691
prostate,full,40000,85,82,82,0.2450204895328942
prostate,full,40000,85,64,64,0.2281934662407767
prostate,full,40000,85,84,84,0.0689252042457759
prostate,full,40000,85,84,84,0.09187562002309566
prostate,full,40000,85,70,70,0.03281647015598724
prostate,full,40000,85,80,80,0.06952807210939611
prostate,full,40000,85,75,75,0.12530417634736604
prostate,full,40000,85,74,74,0.042192288449200095
prostate,full,40000,85,73,73,0.03332480569169266
prostate,full,40000,85,67,67,0.02674320616010654
prostate,full,40000,85,67,67,0.035674701455184345
prostate,full,40000,85,84,84,0.0038607128167460706
prostate,full,40000,85,84,84,0.004661705936534992
prostate,full,40000,85,84,84,0.0030656693245222897
prostate,full,40000,85,84,84,0.0029048457296779497
prostate,full,40000,85,84,84,0.020324161759635452
prostate,full,40000,85,82,82,0.0034938408800754945
prostate,full,40000,85,82,82,0.005145650264480313
prostate,full,40000,85,78,78,0.007975482202463633
prostate,full,40000,85,74,74,0.16191824502405253
prostate,full,40000,85,50,50,0.20589469829194504
prostate,full,40000,85,48,48,0.20836794808173917
prostate,full,40000,85,84,84,0.169478336756976
prostate,full,40000,85,84,84,0.11932644247590234
prostate,full,40000,85,84,84,0.05652058960558065
prostate,full,40000,85,82,82,0.00934185666802595
prostate,full,40000,85,84,84,0.1040512583763609
prostate,full,40000,85,84,84,0.16666325488313444
prostate,full,40000,85,82,82,0.03197563627592964
prostate,full,40000,85,81,81,0.018032215740064757
prostate,full,40000,85,84,84,0.038875495436120185
prostate,full,40000,85,84,84,0.16050113494669588
prostate,full,40000,85,84,84,0.11908182780814562
prostate,full,40000,85,73,73,0.037377263319600444
prostate,full,40000,85,84,84,0.043476275458129376
prostate,full,40000,85,84,84,0.10074825853521223
prostate,full,40000,85,84,84,0.014559755872776671
prostate,full,40000,85,82,82,0.22712523857017267
prostate,full,40000,85,80,80,0.2405728625633948
prostate,full,40000,85,79,79,0.2216013162109802
prostate,full,40000,85,78,78,0.15998047352339326
prostate,full,40000,85,71,71,0.1341034307318265
prostate,full,40000,85,79,79,0.102544363138175
prostate,full,40000,85,77,77,0.07797904442227908
prostate,full,40000,85,30,30,0.2125157630651037
prostate,full,40000,85,82,82,0.0023508683327749455
prostate,full,40000,85,81,81,0.008341708509640049
prostate,full,40000,85,81,81,0.02886210994724783
prostate,full,40000,85,81,81,0.07024164455715716
prostate,full,40000,85,83,83,0.11515838050442231
prostate,full,40000,85,73,73,0.09462193824743229
prostate,full,40000,85,84,84,0.010216888386676044
prostate,full,40000,85,84,84,0.14679198070399155
prostate,full,40000,85,84,84,0.10030769670194195
prostate,full,40000,85,84,84,0.13105199191179004
prostate,full,40000,85,83,83,0.043813417109388304
prostate,full,40000,85,84,84,0.05912445344401712
prostate,full,40000,85,84,84,0.2075906399503587
prostate,full,40000,85,84,84,0.28716122892788754
prostate,full,40000,85,84,84,0.26748034488607353
prostate,full,40000,85,78,78,0.005234865928059758
prostate,full,40000,85,81,81,0.018171241598568436
prostate,full,40000,85,66,66,0.027742699499930943
prostate,full,40000,85,84,84,0.2439751947071883
prostate,full,40000,85,84,84,0.23647254693679173
prostate,full,40000,85,83,83,0.1917450969595894
prostate,full,40000,85,84,84,0.11993657598946998
prostate,full,40000,85,84,84,0.16969128366603103
prostate,full,40000,85,76,76,0.024831100523183935
prostate,full,40000,85,74,74,0.1548382132846024
prostate,full,40000,85,67,67,0.1541463674611686
prostate,full,40000,85,59,59,0.11346923892636036
prostate,full,40000,85,58,58,0.14650126459395602
prostate,full,40000,85,55,55,0.11416248576051972
prostate,full,40000,85,54,54,0.1634844230046601
prostate,full,40000,85,50,50,0.1620608233819029
prostate,full,40000,85,48,48,0.1571928285941044
prostate,full,40000,85,69,69,0.12173955806641415
prostate,full,40000,85,30,30,0.10169018241304578
prostate,full,40000,85,84,84,0.004316267651149252
prostate,full,40000,85,84,84,0.16179304084529975
prostate,full,40000,85,69,69,0.08228596013400796
prostate,full,40000,85,84,84,0.15464252212243446
prostate,full,40000,85,84,84,0.21344283105396894
prostate,full,40000,85,84,84,0.25281029244000514
prostate,full,40000,85,80,80,0.16957335628849082
prostate,full,40000,85,77,77,0.19492554703112552
prostate,full,40000,85,84,84,0.1180539044627894
prostate,full,40000,85,84,84,0.285466367110528
prostate,full,40000,85,84,84,0.11781184076186257
prostate,full,40000,85,82,82,0.02508365693507507
prostate,full,40000,85,81,81,0.0923523998901165
prostate,full,40000,85,84,84,0.0005855647676913311
prostate,full,40000,85,83,83,0.0049074877856350495
prostate,full,40000,85,81,81,0.07192925019772767
prostate,full,40000,85,77,77,0.007816874827269366
prostate,full,40000,85,84,84,0.16122673084241895
prostate,full,40000,85,84,84,0.09332380295814183
prostate,full,40000,85,83,83,0.12673296948629614
prostate,full,40000,85,82,82,0.22986871826228084
prostate,full,40000,85,80,80,0.233335779169117
prostate,full,40000,85,73,73,0.2452533042205462
prostate,full,40000,85,73,73,0.05548645769191772
prostate,full,40000,85,73,73,0.1901896465907765
prostate,full,40000,85,83,83,0.2996705148995284
prostate,full,40000,85,82,82,0.3055147822578112
prostate,full,40000,85,72,72,0.15985025703899816
prostate,full,40000,85,72,72,0.27262106720949625
prostate,full,40000,85,84,84,0.015506701327501775
prostate,full,40000,85,84,84,0.142999122284911
prostate,full,40000,85,84,84,0.22201860400299295
prostate,full,40000,85,84,84,0.023576442224993006
prostate,full,40000,85,84,84,0.008495042017955888
prostate,full,40000,85,84,84,0.1469599110740407
prostate,full,40000,85,84,84,0.29030342943916465
prostate,full,40000,85,84,84,0.2877953033075311
prostate,full,40000,85,84,84,0.156091590806451
prostate,full,40000,85,84,84,0.0337267259623498
prostate,full,40000,85,66,66,0.15914205909650522
prostate,full,40000,85,59,59,0.06948334153975753
prostate,full,40000,85,41,41,0.16315978948510879
prostate,full,40000,85,84,84,0.13415399391722885
prostate,full,40000,85,84,84,0.0030790679068135795
prostate,full,40000,85,84,84,0.2932181194675331
prostate,full,40000,85,79,79,0.26251208917010543
prostate,full,40000,85,76,76,0.07549481222527452
prostate,full,40000,85,64,64,0.16697683983905487
prostate,full,40000,85,79,79,0.12436554385552136
prostate,full,40000,85,42,42,0.13803849567757176
prostate,full,40000,85,41,41,0.14275909501305445
prostate,full,40000,85,84,84,0.06952583838220436
prostate,full,40000,85,84,84,0.09183785109581938
prostate,full,40000,85,82,82,0.05731170648962189
prostate,full,40000,85,48,48,0.021554122772962703
prostate,full,40000,85,44,44,0.024107370637877126
prostate,full,40000,85,43,43,0.10174843417911288
prostate,full,40000,85,83,83,0.1000966743992609
prostate,full,40000,85,82,82,0.01896147672300824
prostate,full,40000,85,79,79,0.09244453124478082
prostate,full,40000,85,77,77,0.07180635263188478
prostate,full,40000,85,81,81,0.0473074560534423
prostate,full,40000,85,75,75,0.11549508557630499
prostate,full,40000,85,73,73,0.03367032407262087
prostate,full,40000,85,72,72,0.07988813749077649
prostate,full,40000,85,67,67,0.029706218030774563
prostate,full,40000,85,67,67,0.04047957414016997
prostate,full,40000,85,84,84,0.2502357504184157
prostate,full,40000,85,80,80,0.2887750977311283
prostate,full,40000,85,82,82,0.2199640542501682
prostate,full,40000,85,71,71,0.15082240872055902
prostate,full,40000,85,79,79,0.1326552891391985
prostate,full,40000,85,65,65,0.04374709585497584
prostate,full,40000,85,75,75,0.2631313635480304
prostate,full,40000,85,72,72,0.3034387036466714
prostate,full,40000,85,72,72,0.34307191876390725
prostate,full,40000,85,63,63,0.32551615652024274
prostate,full,40000,85,79,79,0.17783269651855896
prostate,full,40000,85,79,79,0.1775676514104979
prostate,full,40000,85,70,70,0.04383583782799685
prostate,full,40000,85,67,67,0.018745356027366752
prostate,full,40000,85,63,63,0.08812495980878074
prostate,full,40000,85,84,84,0.21613053889485684
prostate,full,40000,85,84,84,0.053948874743808065
prostate,full,40000,85,84,84,0.02814517321243122
prostate,full,40000,85,83,83,0.01821493405752577
prostate,full,40000,85,81,81,0.0697209850605544
prostate,full,40000,85,73,73,0.01885069927305292
prostate,full,40000,85,84,84,0.03314596053975451
prostate,full,40000,85,84,84,0.026149028964993402
prostate,full,40000,85,84,84,0.006122618173239345
prostate,full,40000,85,84,84,0.15450560515937226
prostate,full,40000,85,82,82,0.06865752255496521
prostate,full,40000,85,84,84,0.05162258068704292
prostate,full,40000,85,84,84,0.0019704460833237856
prostate,full,40000,85,82,82,0.0030819118838828325
prostate,full,40000,85,82,82,0.006005306518562182
prostate,full,40000,85,63,63,0.017332587390885206
prostate,full,40000,85,72,72,0.17437557187552588
prostate,full,40000,85,66,66,0.13521231090974795
prostate,full,40000,85,66,66,0.06644551950769775
prostate,full,40000,85,59,59,0.2078170366667682
prostate,full,40000,85,55,55,0.20468214937525278
prostate,full,40000,85,54,54,0.27503430617552893
prostate,full,40000,85,49,49,0.17038848020227723
prostate,full,40000,85,84,84,0.03251144708750368
prostate,full,40000,85,84,84,0.21768289020419643
prostate,full,40000,85,84,84,0.2775028876931559
prostate,full,40000,85,84,84,0.015687739752642656
prostate,full,40000,85,79,79,0.06487167832165647
prostate,full,40000,85,79,79,0.07121462483956717
prostate,full,40000,85,77,77,0.00960696588306521
prostate,full,40000,85,82,82,0.10464026374641748
prostate,full,40000,85,74,74,0.03693498602104585
prostate,full,40000,85,81,81,0.20143176702964305
prostate,full,40000,85,84,84,0.18614156274226248
prostate,full,40000,85,84,84,0.2110290831493788
prostate,full,40000,85,84,84,0.1427088775526205
prostate,full,40000,85,84,84,0.02123736514356584
prostate,full,40000,85,84,84,0.019729875420433494
prostate,full,40000,85,84,84,0.00902725919182547
prostate,full,40000,85,84,84,0.002848927418638001
prostate,full,40000,85,84,84,0.018578737220681922
prostate,full,40000,85,84,84,0.00666102207471652
prostate,full,40000,85,84,84,0.01621284525043247
prostate,full,40000,85,84,84,0.11326405258842784
prostate,full,40000,85,83,83,0.015765176872947068
prostate,full,40000,85,82,82,0.005598020010909847
prostate,full,40000,85,82,82,0.046084327364697204
prostate,full,40000,85,82,82,0.004201603664003895
prostate,full,40000,85,78,78,0.010631241612303284
prostate,full,40000,85,82,82,0.002320333388314895
prostate,full,40000,85,81,81,0.045244085547951715
prostate,full,40000,85,80,80,0.07425853718211872
prostate,full,40000,85,82,82,0.11883456999405846
prostate,full,40000,85,80,80,0.11778320063318448
prostate,full,40000,85,74,74,0.02792968600723182
prostate,full,40000,85,73,73,0.037178456068372605
prostate,full,40000,85,66,66,0.12306171720038711
prostate,full,40000,85,80,80,0.07165994902598441
prostate,full,40000,85,74,74,0.07415755757590238
prostate,full,40000,85,66,66,0.02638628467090531
prostate,full,40000,85,44,44,0.022125042331306136
prostate,full,40000,85,84,84,0.046942795645954966
prostate,full,40000,85,84,84,0.04222382861501453
prostate,full,40000,85,84,84,0.16245401525153058
prostate,full,40000,85,84,84,0.11939673708111168
prostate,full,40000,85,76,76,0.025078721841224828
prostate,full,40000,85,44,44,0.26930441902856717
prostate,full,40000,85,43,43,0.2651685699872981
prostate,full,40000,85,84,84,0.013434129394771186
prostate,full,40000,85,84,84,0.10921155443235903
prostate,full,40000,85,84,84,0.3107381751814208
prostate,full,40000,85,84,84,0.2596745064971644
prostate,full,40000,85,84,84,0.00117619766915821
prostate,full,40000,85,84,84,0.03854309008549432
prostate,full,40000,85,81,81,0.00645654082987005
prostate,full,40000,85,66,66,0.018130464293589138
prostate,full,40000,85,75,75,0.009920515809559284
prostate,full,40000,85,82,82,0.10802201259031383
prostate,full,40000,85,77,77,0.11690040459371692
prostate,full,40000,85,74,74,0.030429468976008487
prostate,full,40000,85,83,83,0.2753694499715933
prostate,full,40000,85,83,83,0.2393628039041318
prostate,full,40000,85,84,84,0.09245768196874042
prostate,full,40000,85,82,82,0.010233562784603788
prostate,full,40000,85,84,84,0.011539667700512643
prostate,full,40000,85,84,84,0.011749954088144296
prostate,full,40000,85,84,84,0.01413251108744063
prostate,full,40000,85,84,84,0.05848653220409108
prostate,full,40000,85,84,84,0.01933509657350459
prostate,full,40000,85,84,84,0.00811578065044464
prostate,full,40000,85,84,84,0.017208630264530834
prostate,full,40000,85,84,84,0.16917688807771952
prostate,full,40000,85,83,83,0.011174097983954733
prostate,full,40000,85,78,78,0.01309041883424528
prostate,full,40000,85,84,84,0.009044360509149777
prostate,full,40000,85,84,84,0.17337997849095768
prostate,full,40000,85,83,83,0.13538798389447154
prostate,full,40000,85,84,84,0.19364660414081142
prostate,full,40000,85,84,84,0.12665551461680608
prostate,full,40000,85,84,84,0.22498978973886322
prostate,full,40000,85,79,79,0.026478612373671637
prostate,full,40000,85,79,79,0.08520293603947146
prostate,full,40000,85,65,65,0.08628982408640756
prostate,full,40000,85,84,84,0.17011969040204022
prostate,full,40000,85,84,84,0.05360016449714418
prostate,full,40000,85,84,84,0.1160798179711161
prostate,full,40000,85,30,30,0.12206050634450177
prostate,full,40000,85,82,82,0.025838888703767514
prostate,full,40000,85,81,81,0.14939196083654221
prostate,full,40000,85,80,80,0.15775769073486084
prostate,full,40000,85,78,78,0.14207058444337828
prostate,full,40000,85,75,75,0.09151608816216009
prostate,full,40000,85,84,84,0.09123251585024378
prostate,full,40000,85,84,84,0.008184852433477679
prostate,full,40000,85,83,83,0.06520698920970876
prostate,full,40000,85,79,79,0.023208952421692713
prostate,full,40000,85,77,77,0.0936739319052821
prostate,full,40000,85,83,83,0.003883248218964216
prostate,full,40000,85,82,82,0.00411073626182547
prostate,full,40000,85,79,79,0.07800942091296911
prostate,full,40000,85,84,84,0.005590655484865449
prostate,full,40000,85,84,84,0.11954144182723551
prostate,full,40000,85,84,84,0.02436240027944054
prostate,full,40000,85,84,84,0.0058410008571180335
prostate,full,40000,85,84,84,0.17114685633898516
prostate,full,40000,85,84,84,0.018888932199181658
prostate,full,40000,85,82,82,0.03176766920384936
prostate,full,40000,85,84,84,0.10742493284969087
prostate,full,40000,85,77,77,0.06309513222333737
prostate,full,40000,85,75,75,0.05629241927885939
prostate,full,40000,85,74,74,0.07439870186252207
prostate,full,40000,85,73,73,0.024970736380678187
prostate,full,40000,85,73,73,0.07052542909385008
prostate,full,40000,85,84,84,0.007909111009373677
prostate,full,40000,85,84,84,0.02987806095114731
prostate,full,40000,85,82,82,0.007126762917182106
prostate,full,40000,85,82,82,0.006488498486989622
prostate,full,40000,85,81,81,0.06400580866617081
prostate,full,40000,85,81,81,0.040055262732992085
prostate,full,40000,85,77,77,0.07906649700948469
prostate,full,40000,85,58,58,0.03291325138025419
prostate,full,40000,85,48,48,0.23012135039033152
prostate,full,40000,85,44,44,0.2485223397387897
prostate,full,40000,85,44,44,0.21000916479710038
prostate,full,40000,86,85,85,0.1466141465105069
prostate,full,40000,86,82,82,0.08257436663906717
prostate,full,40000,86,85,85,0.12330422299208023
prostate,full,40000,86,85,85,0.01658402076661025
prostate,full,40000,86,85,85,0.009282437272213798
prostate,full,40000,86,83,83,0.007641008436473543
prostate,full,40000,86,85,85,0.0157551333208902
prostate,full,40000,86,85,85,0.09443228164375038
prostate,full,40000,86,82,82,0.027874448443408403
prostate,full,40000,86,82,82,0.031983832295779065
prostate,full,40000,86,81,81,0.050992481836311165
prostate,full,40000,86,78,78,0.04058826656871484
prostate,full,40000,86,77,77,0.08291588264450472
prostate,full,40000,86,75,75,0.03799861409712555
prostate,full,40000,86,75,75,0.08022168948563828
prostate,full,40000,86,74,74,0.08760862499721492
prostate,full,40000,86,73,73,0.05751362934759363
prostate,full,40000,86,82,82,0.0609476060938811
prostate,full,40000,86,74,74,0.02445084990258005
prostate,full,40000,86,85,85,0.008895107387911237
prostate,full,40000,86,83,83,0.041835884274285265
prostate,full,40000,86,76,76,0.009246620387340126
prostate,full,40000,86,48,48,0.030175879826409725
prostate,full,40000,86,42,42,0.06107794370803082
prostate,full,40000,86,49,49,0.056350988558078303
prostate,full,40000,86,85,85,0.08633014717455195
prostate,full,40000,86,85,85,0.005225899723416589
prostate,full,40000,86,85,85,0.02931429097314803
prostate,full,40000,86,83,83,0.012002858583672931
prostate,full,40000,86,77,77,0.20523341125551212
prostate,full,40000,86,73,73,0.23127728095217245
prostate,full,40000,86,73,73,0.23073205403811847
prostate,full,40000,86,72,72,0.23865673982403862
prostate,full,40000,86,59,59,0.21368413906064296
prostate,full,40000,86,48,48,0.2563418547219278
prostate,full,40000,86,44,44,0.25678565164078504
prostate,full,40000,86,85,85,0.16230288725817524
prostate,full,40000,86,76,76,0.05603976078366215
prostate,full,40000,86,85,85,0.21962164844193616
prostate,full,40000,86,85,85,0.25822386338637415
prostate,full,40000,86,85,85,0.26855777436684775
prostate,full,40000,86,85,85,0.14125305226994758
prostate,full,40000,86,85,85,0.20968200228105163
prostate,full,40000,86,83,83,0.17489839742669624
prostate,full,40000,86,69,69,0.18927250718779368
prostate,full,40000,86,85,85,0.14016473734173687
prostate,full,40000,86,84,84,0.14903377940704474
prostate,full,40000,86,73,73,0.14978739409573877
prostate,full,40000,86,85,85,0.015748903522973482
prostate,full,40000,86,85,85,0.1641525340391958
prostate,full,40000,86,85,85,0.00819893819301621
prostate,full,40000,86,85,85,0.18574328269385262
prostate,full,40000,86,84,84,0.01028605179213293
prostate,full,40000,86,83,83,0.010203073343180347
prostate,full,40000,86,83,83,0.004527010635030894
prostate,full,40000,86,83,83,0.014199625226134667
prostate,full,40000,86,81,81,0.016095887875609602
prostate,full,40000,86,76,76,0.05369519000281114
prostate,full,40000,86,85,85,0.041469435492505424
prostate,full,40000,86,85,85,0.11772019461059252
prostate,full,40000,86,83,83,0.013129836991106689
prostate,full,40000,86,82,82,0.05506836009720332
prostate,full,40000,86,85,85,0.14796496398838757
prostate,full,40000,86,85,85,0.30420965249447657
prostate,full,40000,86,85,85,0.026941016706377142
prostate,full,40000,86,85,85,0.3031845593319575
prostate,full,40000,86,82,82,0.14546767361747465
prostate,full,40000,86,81,81,0.18633381480870867
prostate,full,40000,86,85,85,0.018430828585207455
prostate,full,40000,86,85,85,0.2193738611042474
prostate,full,40000,86,85,85,0.21339239465701187
prostate,full,40000,86,85,85,0.16016890059688133
prostate,full,40000,86,85,85,0.24680170107505411
prostate,full,40000,86,85,85,0.0036301825855251037
prostate,full,40000,86,85,85,0.12896261464981126
prostate,full,40000,86,80,80,0.1366641812392948
prostate,full,40000,86,70,70,0.12437535679611167
prostate,full,40000,86,84,84,0.12947701372179385
prostate,full,40000,86,84,84,0.1095016732140505
prostate,full,40000,86,70,70,0.09622497582252194
prostate,full,40000,86,84,84,0.02694177640429161
prostate,full,40000,86,66,66,0.10484141412857399
prostate,full,40000,86,85,85,0.08706053278484564
prostate,full,40000,86,85,85,0.12418283581384804
prostate,full,40000,86,85,85,0.25678885082716413
prostate,full,40000,86,79,79,0.2907050547567346
prostate,full,40000,86,85,85,0.10057678390578961
prostate,full,40000,86,81,81,0.09146631842572515
prostate,full,40000,86,69,69,0.11731115082196504
prostate,full,40000,86,69,69,0.11041189558902177
prostate,full,40000,86,47,47,0.1256658249215304
prostate,full,40000,86,83,83,0.015080778361836123
prostate,full,40000,86,82,82,0.07504577227358954
prostate,full,40000,86,82,82,0.01687232165759835
prostate,full,40000,86,77,77,0.016413636953873954
prostate,full,40000,86,69,69,0.03367702786315896
prostate,full,40000,86,85,85,0.01764481263601432
prostate,full,40000,86,85,85,0.10290401978815678
prostate,full,40000,86,76,76,0.022308538474665563
prostate,full,40000,86,85,85,0.1796588653015301
prostate,full,40000,86,83,83,0.12001509113970012
prostate,full,40000,86,74,74,0.07592491361141132
prostate,full,40000,86,85,85,0.25748483653486237
prostate,full,40000,86,85,85,0.14141574788862357
prostate,full,40000,86,85,85,0.10121963654501294
prostate,full,40000,86,85,85,0.17255656130982736
prostate,full,40000,86,85,85,0.03395009484868835
prostate,full,40000,86,85,85,0.004107195691515782
prostate,full,40000,86,79,79,0.02848795170351243
prostate,full,40000,86,78,78,0.0274918971506348
prostate,full,40000,86,83,83,0.021523455994540155
prostate,full,40000,86,82,82,0.07200713967278032
prostate,full,40000,86,81,81,0.1018023649855625
prostate,full,40000,86,81,81,0.03762344105163649
prostate,full,40000,86,82,82,0.07925474656055427
prostate,full,40000,86,72,72,0.026868713239583945
prostate,full,40000,86,85,85,0.0026524379615467135
prostate,full,40000,86,85,85,0.0022442854159974
prostate,full,40000,86,85,85,0.049898598314633835
prostate,full,40000,86,85,85,0.017735171842001397
prostate,full,40000,86,84,84,0.0030212684845872502
prostate,full,40000,86,84,84,0.005310990156895161
prostate,full,40000,86,80,80,0.006849843154113128
prostate,full,40000,86,85,85,0.27501047341070994
prostate,full,40000,86,85,85,0.12998618681968888
prostate,full,40000,86,85,85,0.14303934879566566
prostate,full,40000,86,81,81,0.10510933690557683
prostate,full,40000,86,85,85,0.16479638995450602
prostate,full,40000,86,85,85,0.0986234408181798
prostate,full,40000,86,79,79,0.024355062409358266
prostate,full,40000,86,84,84,0.12803956641101388
prostate,full,40000,86,83,83,0.16866281493618826
prostate,full,40000,86,81,81,0.061046720560434774
prostate,full,40000,86,79,79,0.08171601220031856
prostate,full,40000,86,79,79,0.15474950398736906
prostate,full,40000,86,78,78,0.16666936479909433
prostate,full,40000,86,77,77,0.1597860419861495
prostate,full,40000,86,74,74,0.17469602724080732
prostate,full,40000,86,70,70,0.14551604984677136
prostate,full,40000,86,78,78,0.15700299311817867
prostate,full,40000,86,60,60,0.06847731363993001
prostate,full,40000,86,85,85,0.011772191077611096
prostate,full,40000,86,85,85,0.2000972332444621
prostate,full,40000,86,85,85,0.23214756400874978
prostate,full,40000,86,30,30,0.1037199464932943
prostate,full,40000,86,74,74,0.014815639416801049
prostate,full,40000,86,85,85,0.0024801033671241566
prostate,full,40000,86,84,84,0.015281709383711156
prostate,full,40000,86,82,82,0.0639812675863658
prostate,full,40000,86,81,81,0.02093153708387054
prostate,full,40000,86,84,84,0.22909604388893015
prostate,full,40000,86,84,84,0.17679709333458235
prostate,full,40000,86,78,78,0.213861160454871
prostate,full,40000,86,85,85,0.023769073083479367
prostate,full,40000,86,85,85,0.2975535276705016
prostate,full,40000,86,85,85,0.015779075114313586
prostate,full,40000,86,85,85,0.038230317206466594
prostate,full,40000,86,85,85,0.2567616527991328
prostate,full,40000,86,83,83,0.12224779789146352
prostate,full,40000,86,73,73,0.09490220047066418
prostate,full,40000,86,85,85,0.006040498084914981
prostate,full,40000,86,85,85,0.022472986113870358
prostate,full,40000,86,85,85,0.013112590933844176
prostate,full,40000,86,85,85,0.014097846146968709
prostate,full,40000,86,85,85,0.09200881957774115
prostate,full,40000,86,85,85,0.012117752426699338
prostate,full,40000,86,85,85,0.06303645231761121
prostate,full,40000,86,85,85,0.013595887044339778
prostate,full,40000,86,85,85,0.009525856187570157
prostate,full,40000,86,84,84,0.005707628855476305
prostate,full,40000,86,84,84,0.00911087516019253
prostate,full,40000,86,84,84,0.008531810008875259
prostate,full,40000,86,84,84,0.007692591737214772
prostate,full,40000,86,83,83,0.009711846007003746
prostate,full,40000,86,83,83,0.04980640650015913
prostate,full,40000,86,79,79,0.012130781366041425
prostate,full,40000,86,85,85,0.007979544882789413
prostate,full,40000,86,85,85,0.015252930238787434
prostate,full,40000,86,85,85,0.1024825428732975
prostate,full,40000,86,85,85,0.015713714027399336
prostate,full,40000,86,85,85,0.022360490935901593
prostate,full,40000,86,85,85,0.01984006464143602
prostate,full,40000,86,85,85,0.03913999211846221
prostate,full,40000,86,85,85,0.01041328586595275
prostate,full,40000,86,84,84,0.0066200123553618396
prostate,full,40000,86,83,83,0.04984600660244792
prostate,full,40000,86,84,84,0.024427284058466916
prostate,full,40000,86,80,80,0.17941002575223022
prostate,full,40000,86,75,75,0.17872013624901809
prostate,full,40000,86,70,70,0.16391568570763862
prostate,full,40000,86,85,85,0.08676508966607537
prostate,full,40000,86,85,85,0.006890842748175047
prostate,full,40000,86,82,82,0.16764331107119945
prostate,full,40000,86,80,80,0.16455041285268293
prostate,full,40000,86,77,77,0.1646355010053215
prostate,full,40000,86,85,85,0.04529747486669608
prostate,full,40000,86,75,75,0.013899364889779475
prostate,full,40000,86,67,67,0.02657811007357581
prostate,full,40000,86,48,48,0.025497698813803028
prostate,full,40000,86,85,85,0.1555924517751657
prostate,full,40000,86,85,85,0.06274602026340349
prostate,full,40000,86,85,85,0.04207305041994551
prostate,full,40000,86,83,83,0.0409877894367461
prostate,full,40000,86,85,85,0.029485130100053675
prostate,full,40000,86,85,85,0.018738242272399095
prostate,full,40000,86,85,85,0.014776786589720996
prostate,full,40000,86,85,85,0.016450024919700892
prostate,full,40000,86,85,85,0.01641092505952022
prostate,full,40000,86,85,85,0.048143560219422996
prostate,full,40000,86,85,85,0.14507352537286994
prostate,full,40000,86,85,85,0.011250609725324755
prostate,full,40000,86,83,83,0.01474113418757191
prostate,full,40000,86,83,83,0.020358282552361842
prostate,full,40000,86,79,79,0.030422526108377885
prostate,full,40000,86,79,79,0.01988871210598594
prostate,full,40000,86,79,79,0.21942559893178104
prostate,full,40000,86,79,79,0.22443842294065788
prostate,full,40000,86,79,79,0.22872648100478551
prostate,full,40000,86,79,79,0.22201210393521495
prostate,full,40000,86,78,78,0.21788071882598312
prostate,full,40000,86,56,56,0.25885263263861047
prostate,full,40000,86,85,85,0.06545210006072735
prostate,full,40000,86,85,85,0.26484384699529967
prostate,full,40000,86,85,85,0.27113809204890854
prostate,full,40000,86,83,83,0.10453028129365645
prostate,full,40000,86,80,80,0.03919353938513308
prostate,full,40000,86,84,84,0.1117886222614331
prostate,full,40000,86,80,80,0.08131487380102229
prostate,full,40000,86,79,79,0.0963839470081702
prostate,full,40000,86,85,85,0.17770092491630915
prostate,full,40000,86,59,59,0.1650352639090138
prostate,full,40000,86,54,54,0.22620319024567107
prostate,full,40000,86,85,85,0.01833656048365381
prostate,full,40000,86,85,85,0.04089604662448467
prostate,full,40000,86,82,82,0.004411412303823133
prostate,full,40000,86,80,80,0.01704161382186705
prostate,full,40000,86,80,80,0.0077166825290776245
prostate,full,40000,86,84,84,0.20972976070560512
prostate,full,40000,86,82,82,0.19483115449025712
prostate,full,40000,86,75,75,0.12225862381916698
prostate,full,40000,86,74,74,0.26049306893633833
prostate,full,40000,86,73,73,0.24376630809613503
prostate,full,40000,86,73,73,0.2496345895985916
prostate,full,40000,86,73,73,0.05503342813833413
prostate,full,40000,86,73,73,0.18901908256237532
prostate,full,40000,86,78,78,0.11706693048555081
prostate,full,40000,86,74,74,0.038448809063803144
prostate,full,40000,86,85,85,0.015835908374150325
prostate,full,40000,86,85,85,0.1553442348674344
prostate,full,40000,86,85,85,0.031159206691509827
prostate,full,40000,86,85,85,0.005225225114618419
prostate,full,40000,86,82,82,0.041780561748125715
prostate,full,40000,86,71,71,0.025230501938205856
prostate,full,40000,86,85,85,0.0267256396213398
prostate,full,40000,86,85,85,0.22952857296282758
prostate,full,40000,86,85,85,0.07140411467691864
prostate,full,40000,86,85,85,0.15414578689224526
prostate,full,40000,86,84,84,0.02656066787419117
prostate,full,40000,86,84,84,0.027769210166476772
prostate,full,40000,86,83,83,0.02662900307220188
prostate,full,40000,86,83,83,0.036912391980238844
prostate,full,40000,86,83,83,0.0815402117786781
prostate,full,40000,86,85,85,0.18800397299125524
prostate,full,40000,86,73,73,0.08128433349228698
prostate,full,40000,86,78,78,0.09026346160855477
prostate,full,40000,86,74,74,0.11606141966615778
prostate,full,40000,86,66,66,0.10752841458453202
prostate,full,40000,86,63,63,0.11476415631912641
prostate,full,40000,86,85,85,0.040266656086756315
prostate,full,40000,86,84,84,0.006006631658752204
prostate,full,40000,86,63,63,0.0263539189092479
prostate,full,40000,86,85,85,0.1590691719634533
prostate,full,40000,86,75,75,0.014936516747270234
prostate,full,40000,86,82,82,0.2497910441803805
prostate,full,40000,86,81,81,0.12290035697284804
prostate,full,40000,86,78,78,0.04630132450643881
prostate,full,40000,86,78,78,0.23498403339336973
prostate,full,40000,86,78,78,0.20246733615960308
prostate,full,40000,86,73,73,0.2256385361058263
prostate,full,40000,86,63,63,0.23585886968364267
prostate,full,40000,86,70,70,0.12916870096827748
prostate,full,40000,86,42,42,0.24688891864002335
prostate,full,40000,86,85,85,0.006191171427041656
prostate,full,40000,86,85,85,0.1169943280700353
prostate,full,40000,86,85,85,0.15595102479261
prostate,full,40000,86,83,83,0.07046534575130406
prostate,full,40000,86,73,73,0.057359377653494484
prostate,full,40000,86,80,80,0.053806722600521176
prostate,full,40000,86,42,42,0.12178442269244923
prostate,full,40000,86,85,85,0.34010088721683535
prostate,full,40000,86,85,85,0.33349455329134353
prostate,full,40000,86,84,84,0.037994007175190775
prostate,full,40000,86,83,83,0.1493898252500566
prostate,full,40000,86,78,78,0.03693572964414795
prostate,full,40000,86,85,85,0.08429172406747029
prostate,full,40000,86,85,85,0.12526187590486967
prostate,full,40000,86,85,85,0.05187421266257233
prostate,full,40000,86,83,83,0.06720896843300277
prostate,full,40000,86,85,85,0.12270843736716726
prostate,full,40000,86,85,85,0.2138125222945541
prostate,full,40000,86,85,85,0.19089583017733347
prostate,full,40000,86,85,85,0.10392686445609539
prostate,full,40000,86,85,85,0.015307081361114801
prostate,full,40000,86,84,84,0.04527975834188678
prostate,full,40000,86,80,80,0.040263087936072195
prostate,full,40000,86,73,73,0.04817616581012221
prostate,full,40000,86,85,85,0.20952560824375108
prostate,full,40000,86,85,85,0.26075511817398905
prostate,full,40000,86,85,85,0.22683071459201518
prostate,full,40000,86,85,85,0.01466584478168009
prostate,full,40000,86,85,85,0.008356776005295663
prostate,full,40000,86,85,85,0.034861077413336154
prostate,full,40000,86,85,85,0.1105530239310341
prostate,full,40000,86,85,85,0.012425162578821146
prostate,full,40000,86,83,83,0.039102618187976716
prostate,full,40000,86,82,82,0.06374307161679485
prostate,full,40000,86,85,85,0.020213348587966296
prostate,full,40000,86,82,82,0.03921412701491921
prostate,full,40000,86,81,81,0.04235119868952878
prostate,full,40000,86,81,81,0.08229014597759442
prostate,full,40000,86,80,80,0.014840168105814913
prostate,full,40000,86,80,80,0.005740663067910087
prostate,full,40000,86,82,82,0.0027501606839948583
prostate,full,40000,86,78,78,0.08399778278641273
prostate,full,40000,86,78,78,0.07799617396276584
prostate,full,40000,86,47,47,0.11315324522366002
prostate,full,40000,86,85,85,0.017177771764105714
prostate,full,40000,86,80,80,0.09136447285852085
prostate,full,40000,86,79,79,0.10120086642071881
prostate,full,40000,86,78,78,0.10848870123539357
prostate,full,40000,86,77,77,0.11231134566752181
prostate,full,40000,86,66,66,0.1252300989749931
prostate,full,40000,86,63,63,0.11424663521148379
prostate,full,40000,86,62,62,0.09265147107724779
prostate,full,40000,86,83,83,0.011107687497987188
prostate,full,40000,86,79,79,0.08033497424279686
prostate,full,40000,86,77,77,0.024292530332932518
prostate,full,40000,86,66,66,0.020744425639688653
prostate,full,40000,86,63,63,0.017191254877709918
prostate,full,40000,86,61,61,0.01411733446016699
prostate,full,40000,86,82,82,0.27328979418616367
prostate,full,40000,86,70,70,0.24971495704883315
prostate,full,40000,86,84,84,0.14484105856727986
prostate,full,40000,86,81,81,0.09890256041962382
prostate,full,40000,86,85,85,0.03990103234729551
prostate,full,40000,86,85,85,0.16454636476643225
prostate,full,40000,86,85,85,0.03257160258066386
prostate,full,40000,86,85,85,0.030381866430706554
prostate,full,40000,86,85,85,0.09312871515122913
prostate,full,40000,86,83,83,0.01162860412970254
prostate,full,40000,86,83,83,0.07738103986803761
prostate,full,40000,86,80,80,0.02471722790963803
prostate,full,40000,86,85,85,0.2216128124430627
prostate,full,40000,86,85,85,0.29486501612224375
prostate,full,40000,86,85,85,0.3071818260091133
prostate,full,40000,86,85,85,0.18774473414638496
prostate,full,40000,86,85,85,0.01977554346599894
prostate,full,40000,86,85,85,0.16569626220023836
prostate,full,40000,86,85,85,0.06929913376420874
prostate,full,40000,86,83,83,0.017068022893255718
prostate,full,40000,86,83,83,0.004026656547146668
prostate,full,40000,86,72,72,0.007775933922724977
prostate,full,40000,86,83,83,0.010499124142749724
prostate,full,40000,86,81,81,0.07790858848581804
prostate,full,40000,86,77,77,0.02319156277942956
prostate,full,40000,86,73,73,0.014991241906277875
prostate,full,40000,86,85,85,0.06010484077158211
prostate,full,40000,86,85,85,0.0031180289115209257
prostate,full,40000,86,85,85,0.1926810172688423
prostate,full,40000,86,73,73,0.08353082797908241
prostate,full,40000,86,85,85,0.1200405263297007
prostate,full,40000,86,79,79,0.08504303529573148
prostate,full,40000,86,84,84,0.1814055740709981
prostate,full,40000,86,84,84,0.15819358625310317
prostate,full,40000,86,84,84,0.184243646200907
prostate,full,40000,86,78,78,0.09805847754507814
prostate,full,40000,86,81,81,0.22925087061140817
prostate,full,40000,86,79,79,0.22749784056683223
prostate,full,40000,86,79,79,0.2491481216652123
prostate,full,40000,86,78,78,0.2397572459506126
prostate,full,40000,86,71,71,0.22942205635094082
prostate,full,40000,86,85,85,0.03893895285937442
prostate,full,40000,86,84,84,0.005438129130968362
prostate,full,40000,86,63,63,0.018118126481425436
prostate,full,40000,86,79,79,0.04613236250203257
prostate,full,40000,86,85,85,0.2396539728669155
prostate,full,40000,86,85,85,0.2259924034245935
prostate,full,40000,86,85,85,0.12216844666736577
prostate,full,40000,86,63,63,0.24120424008649746
prostate,full,40000,86,61,61,0.24142090123937038
prostate,full,40000,86,58,58,0.2590263053818319
prostate,full,40000,86,83,83,0.2888534085713865
prostate,full,40000,86,82,82,0.3297492161813236
prostate,full,40000,86,80,80,0.3345896090696063
prostate,full,40000,86,73,73,0.3027200883498336
prostate,full,40000,86,73,73,0.2470541531199432
prostate,full,40000,86,85,85,0.14070361565564848
prostate,full,40000,86,82,82,0.08529919868457424
prostate,full,40000,86,85,85,0.057326963327766815
prostate,full,40000,86,85,85,0.0154590193162297
prostate,full,40000,86,76,76,0.14103289123552223
prostate,full,40000,86,67,67,0.06421455748943336
prostate,full,40000,86,63,63,0.1139322564122228
prostate,full,40000,86,85,85,0.13917898157705405
prostate,full,40000,86,81,81,0.10502871705147518
prostate,full,40000,86,83,83,0.028992487089589125
prostate,full,40000,86,85,85,0.0010864458237018057
prostate,full,40000,86,84,84,0.022191609672668058
prostate,full,40000,86,82,82,0.067959646966264
prostate,full,40000,86,81,81,0.028369034189540808
prostate,full,40000,86,59,59,0.01578741686807789
prostate,full,40000,86,85,85,0.16038108127691322
prostate,full,40000,86,85,85,0.03679085589318368
prostate,full,40000,86,82,82,0.07806840493077306
prostate,full,40000,86,80,80,0.04125638552239304
prostate,full,40000,86,85,85,0.18774440466233855
prostate,full,40000,86,66,66,0.17564448715515066
prostate,full,40000,86,59,59,0.1770353331115838
prostate,full,40000,86,42,42,0.1917560819338658
prostate,full,40000,86,41,41,0.19333424158379917
prostate,full,40000,86,85,85,0.12953312036021553
prostate,full,40000,86,82,82,0.07200551897111503
prostate,full,40000,86,85,85,0.0194614384367326
prostate,full,40000,86,65,65,0.08370343917898028
prostate,full,40000,86,85,85,0.3033704918837255
prostate,full,40000,86,85,85,0.2496733874464422
prostate,full,40000,86,84,84,0.18653895858310715
prostate,full,40000,86,79,79,0.1694302466657524
prostate,full,40000,86,76,76,0.05795731146547058
prostate,full,40000,86,73,73,0.19744165372470684
prostate,full,40000,86,73,73,0.11470192408859768
prostate,full,40000,86,69,69,0.08318928939253513
prostate,full,40000,86,85,85,0.1568084315557521
prostate,full,40000,86,85,85,0.2604384074256048
prostate,full,40000,86,85,85,0.13683567217754264
prostate,full,40000,86,84,84,0.029277641298857904
prostate,full,40000,86,83,83,0.03284726197235434
prostate,full,40000,86,85,85,0.19129468113406495
prostate,full,40000,86,85,85,0.25540730876379486
prostate,full,40000,86,85,85,0.16979469542615594
prostate,full,40000,86,85,85,0.04143167800202393
prostate,full,40000,86,85,85,0.01777577566314193
prostate,full,40000,86,84,84,0.004234637166896677
prostate,full,40000,86,83,83,0.008277158658892147
prostate,full,40000,86,76,76,0.008332130037030842
prostate,full,40000,86,85,85,0.16068826541134598
prostate,full,40000,86,76,76,0.054383861615660514
prostate,full,40000,86,73,73,0.11508318312797693
prostate,full,40000,86,69,69,0.08137499299638301
prostate,full,40000,86,85,85,0.04106792439496195
prostate,full,40000,86,85,85,0.0012279031415337947
prostate,full,40000,86,85,85,0.018940513552710588
prostate,full,40000,86,85,85,0.003869868193738508
prostate,full,40000,86,85,85,0.0077643129322020775
prostate,full,40000,86,84,84,0.0027032665874778
prostate,full,40000,86,82,82,0.003401923541472739
prostate,full,40000,86,81,81,0.004724896562841123
prostate,full,40000,86,80,80,0.0072596916642885066
prostate,full,40000,86,85,85,0.10945769660964284
prostate,full,40000,86,80,80,0.0722000610410192
prostate,full,40000,86,76,76,0.029551422078905768
prostate,full,40000,86,73,73,0.0819249438650638
prostate,full,40000,86,85,85,0.11120159243464259
prostate,full,40000,86,85,85,0.16339252590445252
prostate,full,40000,86,85,85,0.023204034221084607
prostate,full,40000,86,85,85,0.006538316743546046
prostate,full,40000,86,85,85,0.00469150863611278
prostate,full,40000,86,85,85,0.0058548476545548
prostate,full,40000,86,85,85,0.006920642221573811
prostate,full,40000,86,85,85,0.007833391079141877
prostate,full,40000,86,85,85,0.007815011263444218
prostate,full,40000,86,85,85,0.021399358002040507
prostate,full,40000,86,85,85,0.05447112385442979
prostate,full,40000,86,84,84,0.01242201057463915
prostate,full,40000,86,84,84,0.005381707009690113
prostate,full,40000,86,83,83,0.025001736145684707
prostate,full,40000,86,83,83,0.018697425663489652
prostate,full,40000,86,80,80,0.02201585556262264
prostate,full,40000,86,85,85,0.10711744803294349
prostate,full,40000,86,85,85,0.19736023655061133
prostate,full,40000,86,85,85,0.2691361337195
prostate,full,40000,86,85,85,0.025649794383687346
prostate,full,40000,86,83,83,0.010214068297790833
prostate,full,40000,86,82,82,0.06852149293929766
prostate,full,40000,86,76,76,0.006481645100668082
prostate,full,40000,86,72,72,0.008234068605162785
prostate,full,40000,86,66,66,0.2407431720800555
prostate,full,40000,86,41,41,0.2722389275158921
prostate,full,40000,86,85,85,0.003087126780423278
prostate,full,40000,86,84,84,0.011462530687441186
prostate,full,40000,86,81,81,0.07262783887658726
prostate,full,40000,86,81,81,0.043097684733192546
prostate,full,40000,86,63,63,0.017436216013441957
prostate,full,40000,86,48,48,0.2089835246448346
prostate,full,40000,86,44,44,0.20230818019916133
prostate,full,40000,86,44,44,0.17868142683971433
prostate,full,40000,86,74,74,0.027125367940729655
prostate,full,40000,86,85,85,0.19665977409123744
prostate,full,40000,86,81,81,0.10368489044399702
prostate,full,40000,86,50,50,0.1182527763296558
prostate,full,40000,86,44,44,0.08810350051170118
prostate,full,40000,86,66,66,0.2092839082748161
prostate,full,40000,86,64,64,0.1675118165725052
prostate,full,40000,86,54,54,0.19259192302688175
prostate,full,40000,86,43,43,0.20515751141698874
prostate,full,40000,86,39,39,0.12506285961232544
prostate,full,40000,86,85,85,0.042626255542991424
prostate,full,40000,86,85,85,0.11289158403579252
prostate,full,40000,86,85,85,0.25133710085163274
prostate,full,40000,86,85,85,0.22464687896333185
prostate,full,40000,86,54,54,0.1471434946721217
prostate,full,40000,86,48,48,0.1786576026059039
prostate,full,40000,86,44,44,0.18119155781835503
prostate,full,40000,86,44,44,0.16369056391155565
prostate,full,40000,86,70,70,0.01992795237982433
prostate,full,40000,86,85,85,0.178710193855253
prostate,full,40000,86,85,85,0.08941153739420195
prostate,full,40000,86,77,77,0.03546163845781172
prostate,full,40000,86,83,83,0.16635411739188968
prostate,full,40000,86,82,82,0.11240962016245831
prostate,full,40000,86,74,74,0.1604396633690649
prostate,full,40000,86,73,73,0.15220529826803558
prostate,full,40000,86,73,73,0.16778572847308176
prostate,full,40000,86,84,84,0.010487175994563423
prostate,full,40000,86,83,83,0.016478376484843522
prostate,full,40000,86,82,82,0.06933185349605786
prostate,full,40000,86,69,69,0.02880136758975952
prostate,full,40000,86,84,84,0.21971754232307378
prostate,full,40000,86,84,84,0.22602233329433194
prostate,full,40000,86,84,84,0.21343101445626309
prostate,full,40000,86,82,82,0.24456609454548342
prostate,full,40000,86,83,83,0.2677772938221187
prostate,full,40000,86,85,85,0.2279927737477746
prostate,full,40000,86,85,85,0.1888695878557312
prostate,full,40000,86,85,85,0.13918199694882463
prostate,full,40000,86,82,82,0.08320197016859732
prostate,full,40000,86,85,85,0.01943375887467146
prostate,full,40000,86,85,85,0.0941544392605568
prostate,full,40000,86,85,85,0.0475230052071496
prostate,full,40000,86,82,82,0.021163713099445123
prostate,full,40000,86,82,82,0.026087248653750873
prostate,full,40000,86,84,84,0.12574151467963998
prostate,full,40000,86,84,84,0.12555002161296722
prostate,full,40000,86,84,84,0.16682406210838532
prostate,full,40000,86,79,79,0.0859702865592345
prostate,full,40000,86,80,80,0.25379880230553603
prostate,full,40000,86,80,80,0.2435509231458453
prostate,full,40000,86,76,76,0.19504781234969254
prostate,full,40000,86,73,73,0.25272521220861843
prostate,full,40000,86,73,73,0.1847357016295256
prostate,full,40000,86,71,71,0.16767891607947383
prostate,full,40000,86,69,69,0.18818195928713596
prostate,full,40000,86,85,85,0.053461154833295485
prostate,full,40000,86,85,85,0.29590753869806
prostate,full,40000,86,85,85,0.29748109532520023
prostate,full,40000,86,83,83,0.11682723800460013
prostate,full,40000,87,83,83,0.25739243575320486
prostate,full,40000,87,79,79,0.2646794392909825
prostate,full,40000,87,78,78,0.2574630305580267
prostate,full,40000,87,77,77,0.25250375048002466
prostate,full,40000,87,76,76,0.20161076259268756
prostate,full,40000,87,73,73,0.27300617215069406
prostate,full,40000,87,73,73,0.19822107129643923
prostate,full,40000,87,71,71,0.16414547880491784
prostate,full,40000,87,69,69,0.20080089438218568
prostate,full,40000,87,86,86,0.22227133445731592
prostate,full,40000,87,86,86,0.14777671909922485
prostate,full,40000,87,86,86,0.24218168817699426
prostate,full,40000,87,85,85,0.011189826229709281
prostate,full,40000,87,79,79,0.08122972561947644
prostate,full,40000,87,77,77,0.0451545444498785
prostate,full,40000,87,75,75,0.012922551789980185
prostate,full,40000,87,74,74,0.08670962863874795
prostate,full,40000,87,67,67,0.02592265384014654
prostate,full,40000,87,50,50,0.02139265488414851
prostate,full,40000,87,48,48,0.024448362184729414
prostate,full,40000,87,86,86,0.01975692121920221
prostate,full,40000,87,86,86,0.08426719623698127
prostate,full,40000,87,86,86,0.03965255364872432
prostate,full,40000,87,86,86,0.16726432729298657
prostate,full,40000,87,86,86,0.25237224213214815
prostate,full,40000,87,86,86,0.22149158311962758
prostate,full,40000,87,86,86,0.1582153533178509
prostate,full,40000,87,79,79,0.07321278710963126
prostate,full,40000,87,77,77,0.020544449302813392
prostate,full,40000,87,65,65,0.07321862094703474
prostate,full,40000,87,48,48,0.025318247943900928
prostate,full,40000,87,44,44,0.026406037206621744
prostate,full,40000,87,44,44,0.10346934113074781
prostate,full,40000,87,84,84,0.014311933529270399
prostate,full,40000,87,82,82,0.015880002074034047
prostate,full,40000,87,81,81,0.0689642833230686
prostate,full,40000,87,73,73,0.013851448043727163
prostate,full,40000,87,72,72,0.00711156384688937
prostate,full,40000,87,48,48,0.02748525071194934
prostate,full,40000,87,86,86,0.09296089834671223
prostate,full,40000,87,86,86,0.12002979020353334
prostate,full,40000,87,86,86,0.2459793497055748
prostate,full,40000,87,86,86,0.21725290097729366
prostate,full,40000,87,86,86,0.03978058013591853
prostate,full,40000,87,86,86,0.010575587966604029
prostate,full,40000,87,80,80,0.00545216192353464
prostate,full,40000,87,75,75,0.013933339862397691
prostate,full,40000,87,83,83,0.1981027710840588
prostate,full,40000,87,73,73,0.0792766492503135
prostate,full,40000,87,42,42,0.2315185379558789
prostate,full,40000,87,83,83,0.1267962688921942
prostate,full,40000,87,83,83,0.1754950495067955
prostate,full,40000,87,76,76,0.18392028357738194
prostate,full,40000,87,75,75,0.19841262525126188
prostate,full,40000,87,48,48,0.19204049343533167
prostate,full,40000,87,86,86,0.04428869588006037
prostate,full,40000,87,86,86,0.02198317834721694
prostate,full,40000,87,86,86,0.005909459300856325
prostate,full,40000,87,86,86,0.042938582627433185
prostate,full,40000,87,86,86,0.09537929344950781
prostate,full,40000,87,77,77,0.03213852423304283
prostate,full,40000,87,67,67,0.17528229144643281
prostate,full,40000,87,48,48,0.20920572782411062
prostate,full,40000,87,44,44,0.17219315699921528
prostate,full,40000,87,69,69,0.20427115328500597
prostate,full,40000,87,30,30,0.27831038626782006
prostate,full,40000,87,84,84,0.3008654051261516
prostate,full,40000,87,86,86,0.1606404435832028
prostate,full,40000,87,86,86,0.14828198313562305
prostate,full,40000,87,85,85,0.00808072607615543
prostate,full,40000,87,80,80,0.021206040430623747
prostate,full,40000,87,67,67,0.08933853921820478
prostate,full,40000,87,42,42,0.3124379716182278
prostate,full,40000,87,41,41,0.31554642129658217
prostate,full,40000,87,86,86,0.009297331481356353
prostate,full,40000,87,86,86,0.02106821989848376
prostate,full,40000,87,86,86,0.014167315732893258
prostate,full,40000,87,86,86,0.12471620078931311
prostate,full,40000,87,86,86,0.010802857719126457
prostate,full,40000,87,86,86,0.09124884802141053
prostate,full,40000,87,86,86,0.03183431059693555
prostate,full,40000,87,86,86,0.051397027471183056
prostate,full,40000,87,86,86,0.011646222334428928
prostate,full,40000,87,86,86,0.003272891980262126
prostate,full,40000,87,86,86,0.00933177071069594
prostate,full,40000,87,85,85,0.011423112685683388
prostate,full,40000,87,80,80,0.019499186627387026
prostate,full,40000,87,86,86,0.19488508676255809
prostate,full,40000,87,86,86,0.2011335707951539
prostate,full,40000,87,82,82,0.11558693443209238
prostate,full,40000,87,86,86,0.006007777190238608
prostate,full,40000,87,86,86,0.10245174775781694
prostate,full,40000,87,86,86,0.006680830254219537
prostate,full,40000,87,83,83,0.07346929663967425
prostate,full,40000,87,86,86,0.0027144349536543573
prostate,full,40000,87,86,86,0.0023211483819500205
prostate,full,40000,87,84,84,0.016609211489236615
prostate,full,40000,87,83,83,0.07054942073181812
prostate,full,40000,87,80,80,0.006601453965419779
prostate,full,40000,87,86,86,0.00159382155765224
prostate,full,40000,87,83,83,0.07108911942159836
prostate,full,40000,87,79,79,0.08608019633839085
prostate,full,40000,87,77,77,0.03488055589633026
prostate,full,40000,87,66,66,0.03226299601304012
prostate,full,40000,87,50,50,0.03166145524884248
prostate,full,40000,87,86,86,0.002587772173848276
prostate,full,40000,87,84,84,0.011447269328675416
prostate,full,40000,87,85,85,0.28086096931837873
prostate,full,40000,87,85,85,0.2798404410900769
prostate,full,40000,87,79,79,0.24660558857068474
prostate,full,40000,87,78,78,0.25368234012628926
prostate,full,40000,87,78,78,0.2808418649599266
prostate,full,40000,87,86,86,0.10750643096784414
prostate,full,40000,87,84,84,0.01035028118173941
prostate,full,40000,87,83,83,0.06702848706703099
prostate,full,40000,87,75,75,0.0258180954640265
prostate,full,40000,87,84,84,0.01740714223725966
prostate,full,40000,87,83,83,0.06743295206569874
prostate,full,40000,87,75,75,0.015850322214633592
prostate,full,40000,87,86,86,0.1570989749730847
prostate,full,40000,87,86,86,0.10986129365234486
prostate,full,40000,87,86,86,0.017950585313802787
prostate,full,40000,87,84,84,0.06873591314313406
prostate,full,40000,87,83,83,0.1637675154523508
prostate,full,40000,87,42,42,0.19524989950467925
prostate,full,40000,87,86,86,0.16711281508583334
prostate,full,40000,87,86,86,0.027279950483342065
prostate,full,40000,87,85,85,0.2216850637113079
prostate,full,40000,87,74,74,0.20269003704158087
prostate,full,40000,87,70,70,0.2229709084296724
prostate,full,40000,87,86,86,0.10131159581269279
prostate,full,40000,87,86,86,0.23692189779613407
prostate,full,40000,87,86,86,0.2510196209654978
prostate,full,40000,87,86,86,0.21972065121567377
prostate,full,40000,87,86,86,0.0025901388907604806
prostate,full,40000,87,74,74,0.06729744280275267
prostate,full,40000,87,86,86,0.038717931966544744
prostate,full,40000,87,86,86,0.13494452888956357
prostate,full,40000,87,86,86,0.028381013153880336
prostate,full,40000,87,86,86,0.0770881783246024
prostate,full,40000,87,86,86,0.17773686464806643
prostate,full,40000,87,84,84,0.1752684815905902
prostate,full,40000,87,79,79,0.20626682944393426
prostate,full,40000,87,86,86,0.007998963213194243
prostate,full,40000,87,86,86,0.09859172938455608
prostate,full,40000,87,86,86,0.025170023036988832
prostate,full,40000,87,86,86,0.1617602156278842
prostate,full,40000,87,86,86,0.08975998364013264
prostate,full,40000,87,86,86,0.013597215688350664
prostate,full,40000,87,86,86,0.004537251051496392
prostate,full,40000,87,86,86,0.011473226162870945
prostate,full,40000,87,85,85,0.010236499871294753
prostate,full,40000,87,85,85,0.011566779515491492
prostate,full,40000,87,84,84,0.07554367234846229
prostate,full,40000,87,84,84,0.01812130661903021
prostate,full,40000,87,84,84,0.01374039075891809
prostate,full,40000,87,75,75,0.14121117861098934
prostate,full,40000,87,78,78,0.08369168789240024
prostate,full,40000,87,77,77,0.08397524045979946
prostate,full,40000,87,74,74,0.09303092374500198
prostate,full,40000,87,48,48,0.030986856036508154
prostate,full,40000,87,86,86,0.13324944271450948
prostate,full,40000,87,59,59,0.08148299856158944
prostate,full,40000,87,83,83,0.07410185806002485
prostate,full,40000,87,82,82,0.1300387483513526
prostate,full,40000,87,59,59,0.1537568564772513
prostate,full,40000,87,86,86,0.14675987284481987
prostate,full,40000,87,83,83,0.06951225304318108
prostate,full,40000,87,86,86,0.24028247530633032
prostate,full,40000,87,76,76,0.25484830793291735
prostate,full,40000,87,86,86,0.2794121125078171
prostate,full,40000,87,86,86,0.25389173745222793
prostate,full,40000,87,83,83,0.0917310009170825
prostate,full,40000,87,86,86,0.12705694312054083
prostate,full,40000,87,86,86,0.06479522042084974
prostate,full,40000,87,86,86,0.14395819773025595
prostate,full,40000,87,86,86,0.25039845709536596
prostate,full,40000,87,86,86,0.02907859328428863
prostate,full,40000,87,86,86,0.062383793809323115
prostate,full,40000,87,86,86,0.004783139220991291
prostate,full,40000,87,82,82,0.07378473024033332
prostate,full,40000,87,86,86,0.017788372645246832
prostate,full,40000,87,83,83,0.0672657466809457
prostate,full,40000,87,80,80,0.017312280467203973
prostate,full,40000,87,73,73,0.01787854140592031
prostate,full,40000,87,73,73,0.015285927547875276
prostate,full,40000,87,72,72,0.00906623981631611
prostate,full,40000,87,85,85,0.22212120738228924
prostate,full,40000,87,84,84,0.16292774645017172
prostate,full,40000,87,82,82,0.16467447682845043
prostate,full,40000,87,82,82,0.13233800125339845
prostate,full,40000,87,81,81,0.19155208846833455
prostate,full,40000,87,80,80,0.09042474765543045
prostate,full,40000,87,76,76,0.08973080235676562
prostate,full,40000,87,86,86,0.042027381608970606
prostate,full,40000,87,86,86,0.00516917746904215
prostate,full,40000,87,86,86,0.09982041266346232
prostate,full,40000,87,81,81,0.07668165854177605
prostate,full,40000,87,70,70,0.1251039968405263
prostate,full,40000,87,65,65,0.11152410605383006
prostate,full,40000,87,64,64,0.13019506296618605
prostate,full,40000,87,50,50,0.1204084165508312
prostate,full,40000,87,44,44,0.10635803434709637
prostate,full,40000,87,86,86,0.17866257961288187
prostate,full,40000,87,82,82,0.09597508726925318
prostate,full,40000,87,86,86,0.041616306422113655
prostate,full,40000,87,86,86,0.09685580411615535
prostate,full,40000,87,86,86,0.04025972945423635
prostate,full,40000,87,84,84,0.02130164744434891
prostate,full,40000,87,84,84,0.015236133538297933
prostate,full,40000,87,66,66,0.12841206196987523
prostate,full,40000,87,63,63,0.12071250972377354
prostate,full,40000,87,61,61,0.0989541372629685
prostate,full,40000,87,85,85,0.2544225062791956
prostate,full,40000,87,85,85,0.26506922423221146
prostate,full,40000,87,85,85,0.2553785548965909
prostate,full,40000,87,84,84,0.28063849884343
prostate,full,40000,87,84,84,0.2933398758927301
prostate,full,40000,87,79,79,0.2804959471821317
prostate,full,40000,87,86,86,0.018621146818695852
prostate,full,40000,87,86,86,0.04059636313692445
prostate,full,40000,87,76,76,0.011790915476226318
prostate,full,40000,87,86,86,0.31503595307754123
prostate,full,40000,87,86,86,0.2666764205792375
prostate,full,40000,87,86,86,0.2178952876064534
prostate,full,40000,87,86,86,0.24323107529311214
prostate,full,40000,87,86,86,0.1508668535826941
prostate,full,40000,87,85,85,0.004161730076966353
prostate,full,40000,87,82,82,0.025453951930656304
prostate,full,40000,87,70,70,0.018649117850487323
prostate,full,40000,87,63,63,0.07448816100156563
prostate,full,40000,87,86,86,0.18041525559550664
prostate,full,40000,87,86,86,0.1854197171893462
prostate,full,40000,87,82,82,0.12608002856884842
prostate,full,40000,87,86,86,0.3024960388210552
prostate,full,40000,87,83,83,0.15692348643168616
prostate,full,40000,87,83,83,0.31233221851719617
prostate,full,40000,87,83,83,0.31443707755803224
prostate,full,40000,87,81,81,0.27335400918676006
prostate,full,40000,87,79,79,0.286991840439825
prostate,full,40000,87,79,79,0.2454702381078381
prostate,full,40000,87,79,79,0.31542995760182413
prostate,full,40000,87,78,78,0.2998692724427503
prostate,full,40000,87,76,76,0.28354464893474673
prostate,full,40000,87,70,70,0.30884723461382435
prostate,full,40000,87,84,84,0.06866539219156391
prostate,full,40000,87,83,83,0.00952177994000181
prostate,full,40000,87,42,42,0.037599376233600136
prostate,full,40000,87,86,86,0.07357104942692082
prostate,full,40000,87,86,86,0.00437691173521991
prostate,full,40000,87,86,86,0.1792195192989647
prostate,full,40000,87,86,86,0.1561644707345935
prostate,full,40000,87,83,83,0.08111502807777281
prostate,full,40000,87,86,86,0.14862395653958604
prostate,full,40000,87,84,84,0.09420674042529675
prostate,full,40000,87,86,86,0.18066925518882188
prostate,full,40000,87,85,85,0.2705406836995293
prostate,full,40000,87,84,84,0.24927701367639493
prostate,full,40000,87,85,85,0.21778243072311876
prostate,full,40000,87,82,82,0.18786276386982284
prostate,full,40000,87,82,82,0.1981064267739747
prostate,full,40000,87,82,82,0.20413625718198897
prostate,full,40000,87,81,81,0.19131501082304567
prostate,full,40000,87,80,80,0.11307871499874907
prostate,full,40000,87,79,79,0.18633055609937954
prostate,full,40000,87,79,79,0.18654851511874096
prostate,full,40000,87,74,74,0.1771166956475466
prostate,full,40000,87,67,67,0.17757969421541486
prostate,full,40000,87,85,85,0.19548516210926584
prostate,full,40000,87,79,79,0.1108586264622168
prostate,full,40000,87,79,79,0.1212227541446527
prostate,full,40000,87,48,48,0.13917553126010637
prostate,full,40000,87,44,44,0.14456426428597824
prostate,full,40000,87,77,77,0.03441200207184614
prostate,full,40000,87,66,66,0.031758091063678495
prostate,full,40000,87,65,65,0.08448672018143542
prostate,full,40000,87,50,50,0.030353091309934688
prostate,full,40000,87,48,48,0.029321479693758406
prostate,full,40000,87,44,44,0.12133784329268495
prostate,full,40000,87,64,64,0.1297483650720509
prostate,full,40000,87,48,48,0.13901671331465332
prostate,full,40000,87,44,44,0.14469372291774094
prostate,full,40000,87,43,43,0.11383469617552495
prostate,full,40000,87,83,83,0.3083876774356204
prostate,full,40000,87,81,81,0.3102873409692167
prostate,full,40000,87,70,70,0.32098613220065686
prostate,full,40000,87,83,83,0.17462128430194132
prostate,full,40000,87,77,77,0.023473030248336208
prostate,full,40000,87,86,86,0.03185086100197312
prostate,full,40000,87,83,83,0.015624463463983164
prostate,full,40000,87,83,83,0.06490323963509165
prostate,full,40000,87,81,81,0.005088701809614224
prostate,full,40000,87,86,86,0.0951132985840974
prostate,full,40000,87,85,85,0.04538625645792413
prostate,full,40000,87,84,84,0.021345385928560973
prostate,full,40000,87,82,82,0.0589027171710071
prostate,full,40000,87,82,82,0.07981549984874362
prostate,full,40000,87,81,81,0.06054921597890663
prostate,full,40000,87,74,74,0.05146707628877371
prostate,full,40000,87,86,86,0.10128139393991588
prostate,full,40000,87,86,86,0.18828552769363896
prostate,full,40000,87,86,86,0.18161552683619417
prostate,full,40000,87,84,84,0.07024874085345603
prostate,full,40000,87,86,86,0.2257891727994864
prostate,full,40000,87,86,86,0.24771623920220062
prostate,full,40000,87,86,86,0.2882281645025936
prostate,full,40000,87,86,86,0.020788052691732214
prostate,full,40000,87,86,86,0.01601110912085706
prostate,full,40000,87,86,86,0.108845067240778
prostate,full,40000,87,86,86,0.013929361485698974
prostate,full,40000,87,86,86,0.004784676839974297
prostate,full,40000,87,86,86,0.0401876031782265
prostate,full,40000,87,86,86,0.004154471784047414
prostate,full,40000,87,86,86,0.019346728339823118
prostate,full,40000,87,86,86,0.03600358760536199
prostate,full,40000,87,84,84,0.0175335525278315
prostate,full,40000,87,81,81,0.033483964957855286
prostate,full,40000,87,83,83,0.14856364822518314
prostate,full,40000,87,77,77,0.15931034899399654
prostate,full,40000,87,74,74,0.15391411134401034
prostate,full,40000,87,70,70,0.12327716401512986
prostate,full,40000,87,86,86,0.0846872608089298
prostate,full,40000,87,86,86,0.008426178686002445
prostate,full,40000,87,86,86,0.10885409803817049
prostate,full,40000,87,84,84,0.03986479095115081
prostate,full,40000,87,74,74,0.029216933765805368
prostate,full,40000,87,82,82,0.07412405269706521
prostate,full,40000,87,75,75,0.016141542849152046
prostate,full,40000,87,77,77,0.21492081894286458
prostate,full,40000,87,76,76,0.22452402892948098
prostate,full,40000,87,66,66,0.2380129594482745
prostate,full,40000,87,60,60,0.16843256753894703
prostate,full,40000,87,86,86,0.011321153995221966
prostate,full,40000,87,86,86,0.012531695136605224
prostate,full,40000,87,86,86,0.10704955087314065
prostate,full,40000,87,86,86,0.018818553899979232
prostate,full,40000,87,85,85,0.018554429873868832
prostate,full,40000,87,82,82,0.09383186778775973
prostate,full,40000,87,86,86,0.28020009906527454
prostate,full,40000,87,86,86,0.0441279883101305
prostate,full,40000,87,86,86,0.29674597819469756
prostate,full,40000,87,86,86,0.22537815436711728
prostate,full,40000,87,84,84,0.17418466648006775
prostate,full,40000,87,83,83,0.05328476001585815
prostate,full,40000,87,86,86,0.18079756779024603
prostate,full,40000,87,84,84,0.0320595423381691
prostate,full,40000,87,83,83,0.08132202333315248
prostate,full,40000,87,81,81,0.12246555804308439
prostate,full,40000,87,86,86,0.17072036271064756
prostate,full,40000,87,85,85,0.010225302637714085
prostate,full,40000,87,82,82,0.05464046398253028
prostate,full,40000,87,81,81,0.14794154263098988
prostate,full,40000,87,86,86,0.09502110808882874
prostate,full,40000,87,86,86,0.14223983009117855
prostate,full,40000,87,86,86,0.23509116685053347
prostate,full,40000,87,85,85,0.1852106652543734
prostate,full,40000,87,83,83,0.17788184022006526
prostate,full,40000,87,73,73,0.16106560106718568
prostate,full,40000,87,86,86,0.04604590661520684
prostate,full,40000,87,86,86,0.044706092341546634
prostate,full,40000,87,86,86,0.10387839562581709
prostate,full,40000,87,84,84,0.024788870549074
prostate,full,40000,87,81,81,0.2198626237729822
prostate,full,40000,87,78,78,0.1751522898754441
prostate,full,40000,87,77,77,0.2354028612153087
prostate,full,40000,87,76,76,0.0884271086703059
prostate,full,40000,87,74,74,0.1934046692511611
prostate,full,40000,87,74,74,0.21484708555035992
prostate,full,40000,87,73,73,0.22519617114337592
prostate,full,40000,87,73,73,0.2214635856665414
prostate,full,40000,87,72,72,0.23860028179554535
prostate,full,40000,87,48,48,0.28440464275563776
prostate,full,40000,87,86,86,0.10879980744536764
prostate,full,40000,87,86,86,0.09064334937064741
prostate,full,40000,87,84,84,0.026968679884461885
prostate,full,40000,87,83,83,0.09823393387133726
prostate,full,40000,87,86,86,0.10658470515470499
prostate,full,40000,87,70,70,0.10129319078640799
prostate,full,40000,87,86,86,0.043654488027306954
prostate,full,40000,87,86,86,0.10151382844744879
prostate,full,40000,87,86,86,0.00677132806311041
prostate,full,40000,87,85,85,0.01267458104140357
prostate,full,40000,87,84,84,0.03963569729475823
prostate,full,40000,87,81,81,0.08230924853541326
prostate,full,40000,87,78,78,0.024609591782591693
prostate,full,40000,87,78,78,0.20330850949209273
prostate,full,40000,87,85,85,0.010907121599453232
prostate,full,40000,87,82,82,0.07593640557740218
prostate,full,40000,87,80,80,0.005460791105343162
prostate,full,40000,87,75,75,0.013840251694985066
prostate,full,40000,87,67,67,0.026619587123538593
prostate,full,40000,87,66,66,0.050543166105366175
prostate,full,40000,87,86,86,0.09390981039181269
prostate,full,40000,87,80,80,0.08100963843093742
prostate,full,40000,87,86,86,0.3123080809257248
prostate,full,40000,87,86,86,0.25932247109303425
prostate,full,40000,87,83,83,0.19595482361098493
prostate,full,40000,87,82,82,0.12832884715570889
prostate,full,40000,87,86,86,0.12227538901219673
prostate,full,40000,87,86,86,0.22003570401100658
prostate,full,40000,87,86,86,0.003169022645732497
prostate,full,40000,87,86,86,0.009305030221968026
prostate,full,40000,87,86,86,0.19032412563840784
prostate,full,40000,87,86,86,0.008392312974977698
prostate,full,40000,87,85,85,0.013075612136435204
prostate,full,40000,87,85,85,0.004851416171102678
prostate,full,40000,87,85,85,0.010251752942230073
prostate,full,40000,87,84,84,0.06487602994631109
prostate,full,40000,87,77,77,0.021165102934658724
prostate,full,40000,87,86,86,0.2045467690498879
prostate,full,40000,87,77,77,0.1691537773308308
prostate,full,40000,87,86,86,0.17594073831009768
prostate,full,40000,87,82,82,0.11268894360005262
prostate,full,40000,87,84,84,0.025997493653821938
prostate,full,40000,87,82,82,0.05133975769222786
prostate,full,40000,87,82,82,0.09925250773950889
prostate,full,40000,87,81,81,0.0818407193542744
prostate,full,40000,87,80,80,0.0818190277244353
prostate,full,40000,87,78,78,0.10813435326384227
prostate,full,40000,87,75,75,0.050732689594952474
prostate,full,40000,87,74,74,0.054312529620105236
prostate,full,40000,87,63,63,0.08230921488873981
prostate,full,40000,87,86,86,0.004020195756072518
prostate,full,40000,87,86,86,0.24634522088292007
prostate,full,40000,87,86,86,0.17509458076020276
prostate,full,40000,87,84,84,0.016507271610730297
prostate,full,40000,87,82,82,0.12646945926518902
prostate,full,40000,87,85,85,0.25231577883479933
prostate,full,40000,87,85,85,0.24984130396328819
prostate,full,40000,87,85,85,0.03734243925316874
prostate,full,40000,87,84,84,0.06727089586722831
prostate,full,40000,87,83,83,0.24553537859255245
prostate,full,40000,87,80,80,0.05889319253857724
prostate,full,40000,87,79,79,0.2660087282026766
prostate,full,40000,87,78,78,0.22074413859848901
prostate,full,40000,87,86,86,0.050679287500909394
prostate,full,40000,87,86,86,0.0022089226774459417
prostate,full,40000,87,85,85,0.004487302908902595
prostate,full,40000,87,85,85,0.005031068684186112
prostate,full,40000,87,84,84,0.00505689983051731
prostate,full,40000,87,83,83,0.006635892249503704
prostate,full,40000,87,83,83,0.005538153449706414
prostate,full,40000,87,86,86,0.12623044415789947
prostate,full,40000,87,84,84,0.0416339184872696
prostate,full,40000,87,86,86,0.2035046291102051
prostate,full,40000,87,86,86,0.22880167013736138
prostate,full,40000,87,86,86,0.22084515080598688
prostate,full,40000,87,86,86,0.29696895122587597
prostate,full,40000,87,85,85,0.3103962471377788
prostate,full,40000,87,82,82,0.08565791833377652
prostate,full,40000,87,82,82,0.10490575960846772
prostate,full,40000,87,75,75,0.11266923655444357
prostate,full,40000,87,73,73,0.07912953295517171
prostate,full,40000,87,66,66,0.10340771203294291
prostate,full,40000,87,48,48,0.10362478325891673
prostate,full,40000,87,73,73,0.2550267593729414
prostate,full,40000,87,74,74,0.16339501972743128
prostate,full,40000,87,71,71,0.08103524808592268
prostate,full,40000,87,86,86,0.19495137778721322
prostate,full,40000,87,86,86,0.04376664090836448
prostate,full,40000,87,86,86,0.22486089495759826
prostate,full,40000,87,86,86,0.16953707544213886
prostate,full,40000,87,85,85,0.07091523004153774
prostate,full,40000,87,85,85,0.028476607589629655
prostate,full,40000,87,84,84,0.04602526480478026
prostate,full,40000,87,84,84,0.009883116700306468
prostate,full,40000,87,83,83,0.23152945347137624
prostate,full,40000,87,67,67,0.09166161168574577
prostate,full,40000,87,67,67,0.17274448385527097
prostate,full,40000,87,75,75,0.1189228336540555
prostate,full,40000,87,86,86,0.2697044512196266
prostate,full,40000,87,86,86,0.3154003345468889
prostate,full,40000,87,86,86,0.26263661203039257
prostate,full,40000,87,86,86,0.04784463339468778
prostate,full,40000,87,85,85,0.02755122960854698
prostate,full,40000,87,84,84,0.1896995003061327
prostate,full,40000,87,86,86,0.15220066303297183
prostate,full,40000,87,86,86,0.07166181365510371
prostate,full,40000,87,86,86,0.008970670223589291
prostate,full,40000,87,86,86,0.08613993129136967
prostate,full,40000,87,85,85,0.25751775626627593
prostate,full,40000,87,79,79,0.2378383885430991
prostate,full,40000,87,76,76,0.24783223262651632
prostate,full,40000,87,86,86,0.0013874801339366725
prostate,full,40000,87,86,86,0.0030179394657254333
prostate,full,40000,87,82,82,0.0733937079356943
prostate,full,40000,87,77,77,0.00870173177386311
prostate,full,40000,87,86,86,0.27645391908535594
prostate,full,40000,87,86,86,0.30986793085153486
prostate,full,40000,87,86,86,0.22084515080598688
prostate,full,40000,87,86,86,0.0023146624562628264
prostate,full,40000,87,86,86,0.03988684807406683
prostate,full,40000,87,86,86,0.003506755002421202
prostate,full,40000,87,86,86,0.019273770374325132
prostate,full,40000,87,84,84,0.011873001213096989
prostate,full,40000,87,84,84,0.01356659194999719
prostate,full,40000,87,85,85,0.19661782954317317
prostate,full,40000,87,84,84,0.08250473518464976
prostate,full,40000,87,85,85,0.01760641733657894
prostate,full,40000,87,83,83,0.06926331532890384
prostate,full,40000,87,86,86,0.2877386321243519
prostate,full,40000,87,86,86,0.30277073119959463
prostate,full,40000,87,86,86,0.1620656214619506
prostate,full,40000,87,72,72,0.1713234896469144
prostate,full,40000,87,66,66,0.17334881804613775
prostate,full,40000,87,59,59,0.1474275281875377
prostate,full,40000,87,58,58,0.18959192198627814
prostate,full,40000,87,50,50,0.20867436040965576
prostate,full,40000,87,48,48,0.21054873884621572
prostate,full,40000,87,44,44,0.19768183380260088
prostate,full,40000,87,75,75,0.03297706942292763
prostate,full,40000,87,82,82,0.09263703694075817
prostate,full,40000,87,70,70,0.09435273597136666
prostate,full,40000,87,48,48,0.13413683494793566
prostate,full,40000,87,44,44,0.1395704171888867
prostate,full,40000,87,86,86,0.0016295540087511672
prostate,full,40000,87,84,84,0.0028640248433532247
prostate,full,40000,87,66,66,0.019855719171679748
prostate,full,40000,87,48,48,0.022946816049396135
prostate,full,40000,87,44,44,0.11156615367703998
prostate,full,40000,87,47,47,0.28992233726337996
prostate,full,40000,87,82,82,0.10027030483266312
prostate,full,40000,87,80,80,0.08483913216339006
prostate,full,40000,87,79,79,0.10095118014494923
prostate,full,40000,87,78,78,0.10487992343496035
prostate,full,40000,87,75,75,0.02423815363838002
prostate,full,40000,87,65,65,0.08268625729526397
prostate,full,40000,87,59,59,0.10834906264828201
prostate,full,40000,87,86,86,0.006335747233746494
prostate,full,40000,87,86,86,0.04669072163474445
prostate,full,40000,87,85,85,0.0036229033104332475
prostate,full,40000,87,83,83,0.005951724572154738
prostate,full,40000,87,83,83,0.00619364752814307
prostate,full,40000,87,86,86,0.11553306830346673
prostate,full,40000,87,86,86,0.15818524005386508
prostate,full,40000,87,83,83,0.10227234329073817
prostate,full,40000,87,82,82,0.03532544143608962
prostate,full,40000,87,86,86,0.04154125624504211
prostate,full,40000,87,86,86,0.1350111989824172
prostate,full,40000,87,82,82,0.07837303690441332
prostate,full,40000,87,80,80,0.04659469485325408
prostate,full,40000,87,86,86,0.17214519981717527
prostate,full,40000,87,81,81,0.18832029350419854
prostate,full,40000,87,86,86,0.14963229167535544
prostate,full,40000,87,86,86,0.25271031459433996
prostate,full,40000,87,86,86,0.18693685657454648
prostate,full,40000,87,86,86,0.029778406349505362
prostate,full,40000,87,84,84,0.05531389517464914
prostate,full,40000,87,86,86,0.02777657670693789
prostate,full,40000,87,85,85,0.2900640788679139
prostate,full,40000,87,84,84,0.32117359531185635
prostate,full,40000,87,86,86,0.008827528156740176
prostate,full,40000,87,86,86,0.040505671875933576
prostate,full,40000,87,84,84,0.0036840900072605417
prostate,full,40000,87,75,75,0.02503494158112056
prostate,full,40000,87,67,67,0.038370951244522666
prostate,full,40000,87,65,65,0.017619157388305027
prostate,full,40000,87,30,30,0.2402348412717303
prostate,full,40000,87,86,86,0.026458977570928487
prostate,full,40000,87,86,86,0.017332960526254097
prostate,full,40000,87,86,86,0.014693878051032663
prostate,full,40000,87,86,86,0.016061873518096736
prostate,full,40000,87,86,86,0.0028165728610211353
prostate,full,40000,87,85,85,0.016655830170358092
prostate,full,40000,87,85,85,0.002759902492081582
prostate,full,40000,87,84,84,0.008853812350130372
prostate,full,40000,87,84,84,0.014588176280732385
prostate,full,40000,87,84,84,0.02255831761776283
prostate,full,40000,87,84,84,0.021537806219251738
prostate,full,40000,87,83,83,0.0669989566122667
prostate,full,40000,87,80,80,0.014147798534630903
prostate,full,40000,87,64,64,0.1635011346171427
prostate,full,40000,87,63,63,0.14988781236698068
prostate,full,40000,87,59,59,0.17045835960031686
prostate,full,40000,87,75,75,0.11884405615293858
prostate,full,40000,87,74,74,0.11913900540549623
prostate,full,40000,87,74,74,0.03870350953202965
prostate,full,40000,87,74,74,0.0883588183610613
prostate,full,40000,87,72,72,0.09405302546703126
prostate,full,40000,87,66,66,0.11311050403287871
prostate,full,40000,87,44,44,0.13497888892795734
prostate,full,40000,87,86,86,0.01898663720145949
prostate,full,40000,87,84,84,0.0041578955152250085
prostate,full,40000,87,84,84,0.013794500865956048
prostate,full,40000,87,82,82,0.04305707406540503
prostate,full,40000,87,82,82,0.0842764459835295
prostate,full,40000,87,86,86,0.19186749803577344
prostate,full,40000,87,75,75,0.014491400660742752
prostate,full,40000,87,86,86,0.004517319739833639
prostate,full,40000,87,83,83,0.06692689374600579
prostate,full,40000,87,86,86,0.06137468492138889
prostate,full,40000,87,86,86,0.11784962503690616
prostate,full,40000,87,84,84,0.0210478484836789
prostate,full,40000,87,83,83,0.08980506883284611
prostate,full,40000,87,86,86,0.17601786039112238
prostate,full,40000,87,82,82,0.12656041317888342
prostate,full,40000,87,82,82,0.08723494545669212
prostate,full,40000,87,83,83,0.10058244173695018
prostate,full,40000,87,83,83,0.10659297229416104
prostate,full,40000,87,84,84,0.2512308351338148
prostate,full,40000,87,76,76,0.16309622936067514
prostate,full,40000,87,77,77,0.08649072599634848
prostate,full,40000,87,73,73,0.11266896232165564
prostate,full,40000,87,62,62,0.09174176324990088
prostate,full,40000,87,82,82,0.016460119800398992
prostate,full,40000,87,82,82,0.07074133827162947
prostate,full,40000,87,59,59,0.016242485368887012
prostate,full,40000,87,86,86,0.17887086245675346
prostate,full,40000,87,86,86,0.12594771554807419
prostate,full,40000,87,83,83,0.0678776911298115
prostate,full,40000,87,75,75,0.016233148348701213
prostate,full,40000,87,70,70,0.01931394083058783
prostate,full,40000,87,82,82,0.16051175438521936
prostate,full,40000,87,66,66,0.16289991756971794
prostate,full,40000,87,48,48,0.16539181789543503
prostate,full,40000,87,44,44,0.16188318166841664
prostate,full,40000,87,86,86,0.2651928710233248
prostate,full,40000,87,86,86,0.27872022680486785
prostate,full,40000,87,86,86,0.09808991907228233
prostate,full,40000,87,85,85,0.04996447491076869
prostate,full,40000,87,85,85,0.06879764212749143
prostate,full,40000,87,86,86,0.02675650262592513
prostate,full,40000,87,83,83,0.06639663490701032
prostate,full,40000,87,86,86,0.2788541972368954
prostate,full,40000,87,86,86,0.25374989665012726
prostate,full,40000,87,86,86,0.07391422556673943
prostate,full,40000,87,83,83,0.21040944608673562
prostate,full,40000,87,83,83,0.19807854428242974
prostate,full,40000,87,78,78,0.11000512852626641
prostate,full,40000,87,76,76,0.02464339374334724
prostate,full,40000,87,63,63,0.15235776579116686
prostate,full,40000,87,86,86,0.09521367143308622
prostate,full,40000,87,86,86,0.18520401874920672
prostate,full,40000,87,86,86,0.04569861851410626
prostate,full,40000,87,81,81,0.019948507567853803
prostate,full,40000,87,84,84,0.1872592059628427
prostate,full,40000,87,66,66,0.21376582907164798
prostate,full,40000,87,86,86,0.18372414819547742
prostate,full,40000,87,85,85,0.008997840625782632
prostate,full,40000,87,84,84,0.002805806969426736
prostate,full,40000,87,83,83,0.07142577314758833
prostate,full,40000,87,79,79,0.031024014146425857
prostate,full,40000,87,86,86,0.06995697665586738
prostate,full,40000,87,85,85,0.13085307394703302
prostate,full,40000,87,75,75,0.12093890554994997
prostate,full,40000,87,75,75,0.013542281659182575
prostate,full,40000,87,86,86,0.2915163700643088
prostate,full,40000,87,86,86,0.2005237779810304
prostate,full,40000,87,86,86,0.2818169610783161
prostate,full,40000,87,74,74,0.11015491194930999
prostate,full,40000,87,86,86,0.13694851118802734
prostate,full,40000,87,84,84,0.042394045379574925
prostate,full,40000,87,84,84,0.021251915929889637
prostate,full,40000,87,82,82,0.08665204965544997
prostate,full,40000,87,66,66,0.22219796748906886
prostate,full,40000,87,86,86,0.14374493401041646
prostate,full,40000,87,86,86,0.054377217187708535
prostate,full,40000,87,86,86,0.13722526887751718
prostate,full,40000,87,83,83,0.08510953755389579
prostate,full,40000,88,86,86,0.15558464934570695
prostate,full,40000,88,86,86,0.15643455090057778
prostate,full,40000,88,85,85,0.1568345351999108
prostate,full,40000,88,84,84,0.07981338110035385
prostate,full,40000,88,80,80,0.16109779904469057
prostate,full,40000,88,76,76,0.02916804744300324
prostate,full,40000,88,87,87,0.08426227689943024
prostate,full,40000,88,86,86,0.23254108375348653
prostate,full,40000,88,86,86,0.058204637890183604
prostate,full,40000,88,87,87,0.1904684112385706
prostate,full,40000,88,87,87,0.19225966074733453
prostate,full,40000,88,84,84,0.11801754313829174
prostate,full,40000,88,84,84,0.10686621497397188
prostate,full,40000,88,80,80,0.0227275473483422
prostate,full,40000,88,87,87,0.10270493944036908
prostate,full,40000,88,82,82,0.08161000450439569
prostate,full,40000,88,73,73,0.05496494652197527
prostate,full,40000,88,87,87,0.018809791067296317
prostate,full,40000,88,83,83,0.08127522125895939
prostate,full,40000,88,82,82,0.04309110068717444
prostate,full,40000,88,62,62,0.01603224190837925
prostate,full,40000,88,87,87,0.008874506172687471
prostate,full,40000,88,74,74,0.19013948523564303
prostate,full,40000,88,87,87,0.20916311728651146
prostate,full,40000,88,87,87,0.1460102487896452
prostate,full,40000,88,87,87,0.2245744833799725
prostate,full,40000,88,82,82,0.02862480774914059
prostate,full,40000,88,87,87,0.009354420148336842
prostate,full,40000,88,85,85,0.11237339209098009
prostate,full,40000,88,84,84,0.06543882947088714
prostate,full,40000,88,77,77,0.12191815030339388
prostate,full,40000,88,87,87,0.06054556275278143
prostate,full,40000,88,87,87,0.1588633836588331
prostate,full,40000,88,87,87,0.023893576099441434
prostate,full,40000,88,87,87,0.11310980713762969
prostate,full,40000,88,87,87,0.07638581875266012
prostate,full,40000,88,87,87,0.12578820214442732
prostate,full,40000,88,84,84,0.07168119059290191
prostate,full,40000,88,75,75,0.21913562112327922
prostate,full,40000,88,75,75,0.20883110776014613
prostate,full,40000,88,71,71,0.23453320573886585
prostate,full,40000,88,87,87,0.07274940846413057
prostate,full,40000,88,87,87,0.12135780808632042
prostate,full,40000,88,87,87,0.055062474563059696
prostate,full,40000,88,78,78,0.01975586491199403
prostate,full,40000,88,76,76,0.020694498803808362
prostate,full,40000,88,85,85,0.17394286772567916
prostate,full,40000,88,86,86,0.018692972288585453
prostate,full,40000,88,85,85,0.043668266082275524
prostate,full,40000,88,82,82,0.04219162344748703
prostate,full,40000,88,78,78,0.08325910003059081
prostate,full,40000,88,78,78,0.015887313471144637
prostate,full,40000,88,77,77,0.07807842308988502
prostate,full,40000,88,76,76,0.015907294612144088
prostate,full,40000,88,65,65,0.017233078873939787
prostate,full,40000,88,77,77,0.028660111520039534
prostate,full,40000,88,87,87,0.040606609191816856
prostate,full,40000,88,87,87,0.0009271199608543426
prostate,full,40000,88,83,83,0.006774577329398929
prostate,full,40000,88,87,87,0.20501330014515615
prostate,full,40000,88,87,87,0.15795871905331865
prostate,full,40000,88,83,83,0.15314464206943423
prostate,full,40000,88,64,64,0.04892869548754676
prostate,full,40000,88,87,87,0.018798266838130333
prostate,full,40000,88,87,87,0.04065775643491492
prostate,full,40000,88,87,87,0.0032664790466165492
prostate,full,40000,88,83,83,0.014613799512444464
prostate,full,40000,88,82,82,0.1064223407205432
prostate,full,40000,88,78,78,0.11515352402147852
prostate,full,40000,88,77,77,0.027521026204593266
prostate,full,40000,88,73,73,0.09498493700847079
prostate,full,40000,88,70,70,0.08871685171684748
prostate,full,40000,88,63,63,0.08127553579900862
prostate,full,40000,88,87,87,0.22324745057502632
prostate,full,40000,88,87,87,0.2495882095714645
prostate,full,40000,88,87,87,0.21947260013980963
prostate,full,40000,88,86,86,0.035853556927481885
prostate,full,40000,88,86,86,0.028688947916505992
prostate,full,40000,88,86,86,0.0761042541357534
prostate,full,40000,88,87,87,0.2104892130689939
prostate,full,40000,88,80,80,0.12483357998223688
prostate,full,40000,88,87,87,0.01674306893000488
prostate,full,40000,88,87,87,0.09536594919369065
prostate,full,40000,88,87,87,0.013014801749291444
prostate,full,40000,88,86,86,0.010391564135665143
prostate,full,40000,88,85,85,0.010678841270750276
prostate,full,40000,88,83,83,0.08740347692441716
prostate,full,40000,88,82,82,0.03669415051242941
prostate,full,40000,88,87,87,0.038790368730822124
prostate,full,40000,88,86,86,0.00980547132313415
prostate,full,40000,88,82,82,0.11071401875296465
prostate,full,40000,88,82,82,0.07913314688796505
prostate,full,40000,88,83,83,0.08075953074219121
prostate,full,40000,88,83,83,0.04902255713513567
prostate,full,40000,88,82,82,0.0054214117565571695
prostate,full,40000,88,78,78,0.015313098365761868
prostate,full,40000,88,70,70,0.04330516937960372
prostate,full,40000,88,87,87,0.09768931159581562
prostate,full,40000,88,86,86,0.04331549652656913
prostate,full,40000,88,84,84,0.01666659468149212
prostate,full,40000,88,82,82,0.08912263828945874
prostate,full,40000,88,74,74,0.0809224564696657
prostate,full,40000,88,86,86,0.26333950994510236
prostate,full,40000,88,77,77,0.17311611227025975
prostate,full,40000,88,77,77,0.21675915190106315
prostate,full,40000,88,73,73,0.22592054197664252
prostate,full,40000,88,81,81,0.2748581210332124
prostate,full,40000,88,87,87,0.17413000018309405
prostate,full,40000,88,86,86,0.02026069115690382
prostate,full,40000,88,83,83,0.1123425142082802
prostate,full,40000,88,86,86,0.2545637940192955
prostate,full,40000,88,86,86,0.23232838161480443
prostate,full,40000,88,81,81,0.22519305210908513
prostate,full,40000,88,77,77,0.1369511720053468
prostate,full,40000,88,74,74,0.11539933663658819
prostate,full,40000,88,68,68,0.11865956381553046
prostate,full,40000,88,87,87,0.13400348583033173
prostate,full,40000,88,87,87,0.0024512083208592123
prostate,full,40000,88,87,87,0.12645182770350522
prostate,full,40000,88,87,87,0.21444474348811987
prostate,full,40000,88,87,87,0.28978452282062644
prostate,full,40000,88,85,85,0.17926589193071646
prostate,full,40000,88,78,78,0.20264630532500552
prostate,full,40000,88,77,77,0.18181003061729537
prostate,full,40000,88,74,74,0.1894927114689737
prostate,full,40000,88,70,70,0.24537013743782649
prostate,full,40000,88,50,50,0.26118107807681523
prostate,full,40000,88,44,44,0.24402172703806224
prostate,full,40000,88,87,87,0.09101650196087246
prostate,full,40000,88,87,87,0.1825793757893554
prostate,full,40000,88,75,75,0.06433835382969841
prostate,full,40000,88,87,87,0.17399508024937319
prostate,full,40000,88,83,83,0.11332910366035899
prostate,full,40000,88,82,82,0.04936755780061206
prostate,full,40000,88,75,75,0.11483809352537909
prostate,full,40000,88,71,71,0.09064165448350675
prostate,full,40000,88,87,87,0.04033648604617458
prostate,full,40000,88,87,87,0.0029946206529493894
prostate,full,40000,88,87,87,0.019063602466645065
prostate,full,40000,88,87,87,0.18025263418830947
prostate,full,40000,88,87,87,0.11548118428938622
prostate,full,40000,88,86,86,0.06324472214289328
prostate,full,40000,88,83,83,0.021854491223111602
prostate,full,40000,88,83,83,0.13322920612814762
prostate,full,40000,88,82,82,0.026276119395841856
prostate,full,40000,88,85,85,0.17441414555010853
prostate,full,40000,88,87,87,0.17815889268729132
prostate,full,40000,88,86,86,0.014809237711165251
prostate,full,40000,88,83,83,0.12012510469587352
prostate,full,40000,88,87,87,0.05788567209083933
prostate,full,40000,88,86,86,0.13766639564195318
prostate,full,40000,88,87,87,0.24770242101217235
prostate,full,40000,88,87,87,0.120287675246177
prostate,full,40000,88,86,86,0.20378849648794115
prostate,full,40000,88,83,83,0.20796155963855795
prostate,full,40000,88,85,85,0.015640377538186107
prostate,full,40000,88,75,75,0.033698355391585784
prostate,full,40000,88,87,87,0.09806267281717275
prostate,full,40000,88,87,87,0.00818127615956643
prostate,full,40000,88,86,86,0.013083779039276404
prostate,full,40000,88,83,83,0.07774595206270847
prostate,full,40000,88,75,75,0.034726217673433424
prostate,full,40000,88,73,73,0.058313668303956366
prostate,full,40000,88,87,87,0.09302271297832719
prostate,full,40000,88,83,83,0.0825957641847145
prostate,full,40000,88,81,81,0.050089009301558234
prostate,full,40000,88,81,81,0.20006017502838414
prostate,full,40000,88,79,79,0.1434344487813645
prostate,full,40000,88,79,79,0.21136668619446108
prostate,full,40000,88,77,77,0.21404040275153324
prostate,full,40000,88,76,76,0.20631144496898202
prostate,full,40000,88,75,75,0.21684118148418383
prostate,full,40000,88,73,73,0.20399659359520594
prostate,full,40000,88,73,73,0.20907336747512278
prostate,full,40000,88,72,72,0.21109685612371865
prostate,full,40000,88,70,70,0.2180710211025713
prostate,full,40000,88,65,65,0.21910656839082293
prostate,full,40000,88,49,49,0.24923147217244385
prostate,full,40000,88,87,87,0.019088220057305837
prostate,full,40000,88,87,87,0.04021833918247242
prostate,full,40000,88,86,86,0.0036718331154753144
prostate,full,40000,88,85,85,0.004781103920986194
prostate,full,40000,88,87,87,0.029687546763027966
prostate,full,40000,88,87,87,0.04497336640936516
prostate,full,40000,88,86,86,0.10643414683162569
prostate,full,40000,88,87,87,0.04056181903854131
prostate,full,40000,88,86,86,0.005420588861027226
prostate,full,40000,88,75,75,0.024008803350335315
prostate,full,40000,88,72,72,0.3291363974933452
prostate,full,40000,88,67,67,0.2694623246323851
prostate,full,40000,88,59,59,0.34689707380914214
prostate,full,40000,88,58,58,0.33414314427854913
prostate,full,40000,88,50,50,0.33324177649362013
prostate,full,40000,88,48,48,0.32693379386294735
prostate,full,40000,88,44,44,0.3120507474769453
prostate,full,40000,88,87,87,0.11023334600204042
prostate,full,40000,88,87,87,0.055443657138952426
prostate,full,40000,88,87,87,0.10262687875391005
prostate,full,40000,88,84,84,0.10010044088197874
prostate,full,40000,88,87,87,0.13724420812418367
prostate,full,40000,88,84,84,0.08215901012903214
prostate,full,40000,88,86,86,0.10734622071947335
prostate,full,40000,88,82,82,0.03452797016844026
prostate,full,40000,88,81,81,0.062123397117863764
prostate,full,40000,88,75,75,0.030568579881540957
prostate,full,40000,88,73,73,0.09655849104921892
prostate,full,40000,88,87,87,0.1657421773120248
prostate,full,40000,88,79,79,0.17353325845747322
prostate,full,40000,88,78,78,0.10465978695300045
prostate,full,40000,88,78,78,0.2027352660400381
prostate,full,40000,88,78,78,0.21134560060990365
prostate,full,40000,88,78,78,0.13365687775535998
prostate,full,40000,88,74,74,0.20106963041888323
prostate,full,40000,88,73,73,0.21315743361093498
prostate,full,40000,88,63,63,0.20299988411937708
prostate,full,40000,88,87,87,0.09689299417162424
prostate,full,40000,88,87,87,0.021706195285940273
prostate,full,40000,88,87,87,0.0401622353589055
prostate,full,40000,88,87,87,0.019344421627474587
prostate,full,40000,88,87,87,0.00947858953943858
prostate,full,40000,88,86,86,0.005688154860784514
prostate,full,40000,88,85,85,0.004497201319336008
prostate,full,40000,88,87,87,0.09491129194807572
prostate,full,40000,88,86,86,0.1732098623147958
prostate,full,40000,88,83,83,0.11169244226414293
prostate,full,40000,88,87,87,0.15709160493353624
prostate,full,40000,88,87,87,0.08727256079120513
prostate,full,40000,88,87,87,0.00784985311484106
prostate,full,40000,88,86,86,0.027696000113352395
prostate,full,40000,88,84,84,0.09397052470347032
prostate,full,40000,88,83,83,0.12061472012945892
prostate,full,40000,88,85,85,0.2621809892896796
prostate,full,40000,88,80,80,0.15972939646201506
prostate,full,40000,88,76,76,0.023584493381868063
prostate,full,40000,88,63,63,0.15025017578162123
prostate,full,40000,88,87,87,0.04118819625760956
prostate,full,40000,88,83,83,0.009978265282017647
prostate,full,40000,88,82,82,0.005515359060687681
prostate,full,40000,88,78,78,0.015886262302944442
prostate,full,40000,88,87,87,0.005875288189296421
prostate,full,40000,88,85,85,0.015040102043925948
prostate,full,40000,88,85,85,0.048334288897238245
prostate,full,40000,88,84,84,0.02028492206306281
prostate,full,40000,88,84,84,0.01889963379655864
prostate,full,40000,88,83,83,0.0193736708099976
prostate,full,40000,88,83,83,0.014974244610310106
prostate,full,40000,88,83,83,0.0812435785363613
prostate,full,40000,88,70,70,0.033402628398829404
prostate,full,40000,88,87,87,0.08185581943923749
prostate,full,40000,88,86,86,0.23442627474561112
prostate,full,40000,88,86,86,0.18868790971517588
prostate,full,40000,88,87,87,0.027451825870461896
prostate,full,40000,88,87,87,0.23288380731901745
prostate,full,40000,88,86,86,0.22752502197602942
prostate,full,40000,88,87,87,0.17889058282518697
prostate,full,40000,88,85,85,0.0195700143287616
prostate,full,40000,88,84,84,0.07804275788829049
prostate,full,40000,88,87,87,0.06631619876736945
prostate,full,40000,88,87,87,0.13941963751078823
prostate,full,40000,88,86,86,0.256912530006397
prostate,full,40000,88,87,87,0.0191854153192121
prostate,full,40000,88,87,87,0.005488713202856233
prostate,full,40000,88,87,87,0.04031199557280121
prostate,full,40000,88,87,87,0.15769909366892806
prostate,full,40000,88,84,84,0.09217002065377557
prostate,full,40000,88,87,87,0.15469334970434725
prostate,full,40000,88,82,82,0.08348448824671692
prostate,full,40000,88,82,82,0.13307383468635442
prostate,full,40000,88,79,79,0.05108254094653957
prostate,full,40000,88,78,78,0.1289913231005658
prostate,full,40000,88,78,78,0.14322215390914492
prostate,full,40000,88,63,63,0.1322426043149679
prostate,full,40000,88,87,87,0.03695879797534543
prostate,full,40000,88,87,87,0.10581038816662275
prostate,full,40000,88,84,84,0.08854547426255858
prostate,full,40000,88,82,82,0.031640679941044476
prostate,full,40000,88,87,87,0.1613906954463534
prostate,full,40000,88,84,84,0.09303947041576888
prostate,full,40000,88,33,33,0.34827397945033234
prostate,full,40000,88,30,30,0.209354365725331
prostate,full,40000,88,83,83,0.008908635001159583
prostate,full,40000,88,79,79,0.0075370061031706384
prostate,full,40000,88,87,87,0.0039424180036495395
prostate,full,40000,88,87,87,0.0023772862503969763
prostate,full,40000,88,87,87,0.0036841065186298504
prostate,full,40000,88,87,87,0.0016611213463188243
prostate,full,40000,88,87,87,0.0014683130325430973
prostate,full,40000,88,87,87,0.0029362086361594945
prostate,full,40000,88,87,87,0.001300930100099479
prostate,full,40000,88,87,87,0.011294439644260152
prostate,full,40000,88,87,87,0.006378197904384755
prostate,full,40000,88,87,87,0.0017117716607648354
prostate,full,40000,88,87,87,0.005206985832877881
prostate,full,40000,88,87,87,0.003709424980521331
prostate,full,40000,88,87,87,0.04576784225875502
prostate,full,40000,88,87,87,0.0032531627657112604
prostate,full,40000,88,86,86,0.007696084034754311
prostate,full,40000,88,86,86,0.0024104728414162152
prostate,full,40000,88,86,86,0.003344462693891598
prostate,full,40000,88,86,86,0.004505543578983494
prostate,full,40000,88,85,85,0.011062098653360612
prostate,full,40000,88,85,85,0.003641438806372494
prostate,full,40000,88,85,85,0.0034861085153299076
prostate,full,40000,88,85,85,0.006596686045483094
prostate,full,40000,88,81,81,0.005794341256889588
prostate,full,40000,88,87,87,0.1749312488771602
prostate,full,40000,88,86,86,0.11065342519052832
prostate,full,40000,88,84,84,0.1308923672686077
prostate,full,40000,88,82,82,0.1814955723672799
prostate,full,40000,88,87,87,0.004052066430787764
prostate,full,40000,88,87,87,0.01872095756655909
prostate,full,40000,88,87,87,0.04019591624776702
prostate,full,40000,88,83,83,0.007790475654867235
prostate,full,40000,88,78,78,0.008750727147034383
prostate,full,40000,88,87,87,0.04277129981847639
prostate,full,40000,88,87,87,0.009478241957854901
prostate,full,40000,88,87,87,0.04067461881900879
prostate,full,40000,88,87,87,0.006290965231654128
prostate,full,40000,88,87,87,0.09692552249937945
prostate,full,40000,88,87,87,0.15525741980393618
prostate,full,40000,88,85,85,0.0185686828945907
prostate,full,40000,88,84,84,0.07915071919990249
prostate,full,40000,88,86,86,0.22448135284618576
prostate,full,40000,88,85,85,0.07840769065268402
prostate,full,40000,88,83,83,0.22456669964149517
prostate,full,40000,88,77,77,0.06419028292398887
prostate,full,40000,88,87,87,0.189504796476564
prostate,full,40000,88,87,87,0.234052448278698
prostate,full,40000,88,79,79,0.25053737020621786
prostate,full,40000,88,87,87,0.04610704354498036
prostate,full,40000,88,86,86,0.1006402701031027
prostate,full,40000,88,84,84,0.023912903047597897
prostate,full,40000,88,83,83,0.10429479137061289
prostate,full,40000,88,80,80,0.058405808996512466
prostate,full,40000,88,87,87,0.1118198905201488
prostate,full,40000,88,84,84,0.07117357271060747
prostate,full,40000,88,49,49,0.2564537923960765
prostate,full,40000,88,78,78,0.19611300332150264
prostate,full,40000,88,78,78,0.21447532450049414
prostate,full,40000,88,77,77,0.05655032008054344
prostate,full,40000,88,65,65,0.23672436183559367
prostate,full,40000,88,63,63,0.20307368506342505
prostate,full,40000,88,87,87,0.17438458880182525
prostate,full,40000,88,87,87,0.2061453866618132
prostate,full,40000,88,87,87,0.03212369209459428
prostate,full,40000,88,87,87,0.018221337082693058
prostate,full,40000,88,87,87,0.09025321341243128
prostate,full,40000,88,85,85,0.014177478340281055
prostate,full,40000,88,84,84,0.02279385204872547
prostate,full,40000,88,84,84,0.04494051596663076
prostate,full,40000,88,83,83,0.0805072516740339
prostate,full,40000,88,87,87,0.06245677479938043
prostate,full,40000,88,87,87,0.07190016275075219
prostate,full,40000,88,87,87,0.24809311745597656
prostate,full,40000,88,87,87,0.19912648506618708
prostate,full,40000,88,87,87,0.02285542560613628
prostate,full,40000,88,87,87,0.011497031850073931
prostate,full,40000,88,87,87,0.01450238502185802
prostate,full,40000,88,87,87,0.1409117469067192
prostate,full,40000,88,86,86,0.02251043144214748
prostate,full,40000,88,86,86,0.03685854268686846
prostate,full,40000,88,85,85,0.011780090925378258
prostate,full,40000,88,87,87,0.18530033890775247
prostate,full,40000,88,87,87,0.1176319192338525
prostate,full,40000,88,82,82,0.025773900360162
prostate,full,40000,88,67,67,0.13830700539726914
prostate,full,40000,88,87,87,0.01963891391587711
prostate,full,40000,88,87,87,0.040678403917356144
prostate,full,40000,88,86,86,0.005066747031713961
prostate,full,40000,88,83,83,0.009745828877890314
prostate,full,40000,88,78,78,0.008425235531366763
prostate,full,40000,88,78,78,0.016118697171512385
prostate,full,40000,88,87,87,0.15323433435771422
prostate,full,40000,88,87,87,0.14658642799962943
prostate,full,40000,88,87,87,0.00898024950777582
prostate,full,40000,88,84,84,0.09097611575796642
prostate,full,40000,88,76,76,0.12839490876377405
prostate,full,40000,88,87,87,0.005923908774584845
prostate,full,40000,88,87,87,0.018540524804624786
prostate,full,40000,88,87,87,0.0030193117924120333
prostate,full,40000,88,77,77,0.04289614560367238
prostate,full,40000,88,87,87,0.10309906568712116
prostate,full,40000,88,84,84,0.03600387268215468
prostate,full,40000,88,82,82,0.19666888242617367
prostate,full,40000,88,73,73,0.18234878619799916
prostate,full,40000,88,87,87,0.10748325856905684
prostate,full,40000,88,87,87,0.015829917194559433
prostate,full,40000,88,86,86,0.038904776818481736
prostate,full,40000,88,85,85,0.028029936767991103
prostate,full,40000,88,84,84,0.006294633820277545
prostate,full,40000,88,84,84,0.06683377133250579
prostate,full,40000,88,84,84,0.02092257699731769
prostate,full,40000,88,87,87,0.008742005240193685
prostate,full,40000,88,85,85,0.04102382812051315
prostate,full,40000,88,83,83,0.007580800432923601
prostate,full,40000,88,82,82,0.08257061839219045
prostate,full,40000,88,76,76,0.01292061180549443
prostate,full,40000,88,66,66,0.05179319260164753
prostate,full,40000,88,87,87,0.006215680798145603
prostate,full,40000,88,87,87,0.24735235677403358
prostate,full,40000,88,87,87,0.014873546482853706
prostate,full,40000,88,87,87,0.2517691367588437
prostate,full,40000,88,87,87,0.19119654569215097
prostate,full,40000,88,87,87,0.08962542706828244
prostate,full,40000,88,85,85,0.1369652196100789
prostate,full,40000,88,78,78,0.03128772383545591
prostate,full,40000,88,86,86,0.1766554535440555
prostate,full,40000,88,77,77,0.05363755255714862
prostate,full,40000,88,87,87,0.09533529728647172
prostate,full,40000,88,86,86,0.23050616570827964
prostate,full,40000,88,87,87,0.0073282382209964095
prostate,full,40000,88,84,84,0.07148737679561974
prostate,full,40000,88,77,77,0.13556176528893055
prostate,full,40000,88,84,84,0.17172673321355567
prostate,full,40000,88,78,78,0.13200243445401064
prostate,full,40000,88,83,83,0.28178078606822826
prostate,full,40000,88,81,81,0.2838211177817216
prostate,full,40000,88,80,80,0.3203160465105463
prostate,full,40000,88,79,79,0.3151411659742718
prostate,full,40000,88,74,74,0.11841893884894591
prostate,full,40000,88,70,70,0.0912895199714736
prostate,full,40000,88,67,67,0.06282953799311303
prostate,full,40000,88,67,67,0.12215126769049288
prostate,full,40000,88,65,65,0.10485463970854823
prostate,full,40000,88,58,58,0.10652457066488244
prostate,full,40000,88,50,50,0.11416419728217977
prostate,full,40000,88,48,48,0.11193799974939006
prostate,full,40000,88,83,83,0.16376418828406972
prostate,full,40000,88,87,87,0.17977140642432138
prostate,full,40000,88,87,87,0.00726598068476874
prostate,full,40000,88,87,87,0.27139933896618323
prostate,full,40000,88,87,87,0.0225900523037663
prostate,full,40000,88,87,87,0.11382126781800062
prostate,full,40000,88,87,87,0.24838683735637254
prostate,full,40000,88,87,87,0.2736374569587148
prostate,full,40000,88,83,83,0.18165507458591815
prostate,full,40000,88,87,87,0.012005523207939782
prostate,full,40000,88,85,85,0.014061684387416751
prostate,full,40000,88,85,85,0.11391810149345608
prostate,full,40000,88,84,84,0.10778841646539741
prostate,full,40000,88,84,84,0.09654857918595117
prostate,full,40000,88,82,82,0.1029739470022033
prostate,full,40000,88,81,81,0.08309676917401426
prostate,full,40000,88,79,79,0.0861172701839354
prostate,full,40000,88,73,73,0.07577415447286581
prostate,full,40000,88,70,70,0.12588494839678563
prostate,full,40000,88,66,66,0.13095482412134932
prostate,full,40000,88,87,87,0.13937946630683734
prostate,full,40000,88,87,87,0.18486156830252984
prostate,full,40000,88,87,87,0.010797761212883427
prostate,full,40000,88,86,86,0.10038437138947756
prostate,full,40000,88,67,67,0.13475283356758747
prostate,full,40000,88,87,87,0.04012127405156811
prostate,full,40000,88,86,86,0.01922204874196901
prostate,full,40000,88,87,87,0.012788163740690622
prostate,full,40000,88,87,87,0.007999563456458091
prostate,full,40000,88,87,87,0.14890478689547326
prostate,full,40000,88,87,87,0.002494443668356463
prostate,full,40000,88,85,85,0.007904611381132158
prostate,full,40000,88,85,85,0.012139520817350646
prostate,full,40000,88,85,85,0.007417727178503357
prostate,full,40000,88,84,84,0.07045600900981486
prostate,full,40000,88,87,87,0.17552405011162495
prostate,full,40000,88,83,83,0.013083281696055738
prostate,full,40000,88,87,87,0.01048661418035867
prostate,full,40000,88,87,87,0.17998459432805014
prostate,full,40000,88,83,83,0.17024942657097714
prostate,full,40000,88,81,81,0.17480508623420754
prostate,full,40000,88,73,73,0.1925310383666683
prostate,full,40000,88,87,87,0.19820106550376265
prostate,full,40000,88,87,87,0.137472554162176
prostate,full,40000,88,87,87,0.18266417554470754
prostate,full,40000,88,82,82,0.022034030225207082
prostate,full,40000,88,80,80,0.13277072890889158
prostate,full,40000,88,79,79,0.13635247755277785
prostate,full,40000,88,87,87,0.14913908316632454
prostate,full,40000,88,86,86,0.29707362006572785
prostate,full,40000,88,84,84,0.23467071139148224
prostate,full,40000,88,84,84,0.22405696906075484
prostate,full,40000,88,84,84,0.23408924078192514
prostate,full,40000,88,83,83,0.2644331780002356
prostate,full,40000,88,76,76,0.24206862869131882
prostate,full,40000,88,87,87,0.006829633961051968
prostate,full,40000,88,87,87,0.11294552170516087
prostate,full,40000,88,84,84,0.010353952221158874
prostate,full,40000,88,84,84,0.023168242875547845
prostate,full,40000,88,84,84,0.08119707449425702
prostate,full,40000,88,81,81,0.035329952376958025
prostate,full,40000,88,82,82,0.09934033079478162
prostate,full,40000,88,80,80,0.040659727317441365
prostate,full,40000,88,75,75,0.03943363846303146
prostate,full,40000,88,75,75,0.1116683766315744
prostate,full,40000,88,73,73,0.08612937616642784
prostate,full,40000,88,66,66,0.10595525205118803
prostate,full,40000,88,87,87,0.020348484430650442
prostate,full,40000,88,85,85,0.11325815380706696
prostate,full,40000,88,85,85,0.021273200090147146
prostate,full,40000,88,83,83,0.11385569382497189
prostate,full,40000,88,83,83,0.07835855468400808
prostate,full,40000,88,86,86,0.047322306864435865
prostate,full,40000,88,86,86,0.04061593896421779
prostate,full,40000,88,85,85,0.044016603975254656
prostate,full,40000,88,83,83,0.08041121655746351
prostate,full,40000,88,80,80,0.04247167432403094
prostate,full,40000,88,76,76,0.015586409356962965
prostate,full,40000,88,87,87,0.15770216249781674
prostate,full,40000,88,85,85,0.08020323361977905
prostate,full,40000,88,87,87,0.20121206872050035
prostate,full,40000,88,87,87,0.19853810842058353
prostate,full,40000,88,84,84,0.09039642352193351
prostate,full,40000,88,81,81,0.01724159899333139
prostate,full,40000,88,87,87,0.24766598660684724
prostate,full,40000,88,87,87,0.13323212699161963
prostate,full,40000,88,87,87,0.2826343474211283
prostate,full,40000,88,87,87,0.04857168703564412
prostate,full,40000,88,87,87,0.21485377313676396
prostate,full,40000,88,87,87,0.06468748216322266
prostate,full,40000,88,87,87,0.2680405047981873
prostate,full,40000,88,86,86,0.008791984086790064
prostate,full,40000,88,75,75,0.05920951594554804
prostate,full,40000,88,75,75,0.18959326300977858
prostate,full,40000,88,71,71,0.1323715620313543
prostate,full,40000,88,87,87,0.13943143378057501
prostate,full,40000,88,87,87,0.01735252887847758
prostate,full,40000,88,87,87,0.1855882471102754
prostate,full,40000,88,87,87,0.12015110691715669
prostate,full,40000,88,87,87,0.13611547340595598
prostate,full,40000,88,87,87,0.24125390921005244
prostate,full,40000,88,87,87,0.04798549555679824
prostate,full,40000,88,87,87,0.17642072072671747
prostate,full,40000,88,83,83,0.12037050894568181
prostate,full,40000,88,71,71,0.08963424526801858
prostate,full,40000,88,60,60,0.08068777575218218
prostate,full,40000,88,87,87,0.2689628366322321
prostate,full,40000,88,87,87,0.01856401909842905
prostate,full,40000,88,87,87,0.027586319466617167
prostate,full,40000,88,87,87,0.07296860585610236
prostate,full,40000,88,87,87,0.258407307017497
prostate,full,40000,88,87,87,0.132231648510436
prostate,full,40000,88,87,87,0.006730005281372602
prostate,full,40000,88,87,87,0.21195393776833477
prostate,full,40000,88,86,86,0.11626967302697647
prostate,full,40000,88,86,86,0.12875715152382122
prostate,full,40000,88,87,87,0.23521839550814724
prostate,full,40000,88,86,86,0.23778523743755436
prostate,full,40000,88,86,86,0.2345750766679312
prostate,full,40000,88,87,87,0.014875588047544618
prostate,full,40000,88,87,87,0.10639410407355429
prostate,full,40000,88,85,85,0.02920123777528515
prostate,full,40000,88,85,85,0.02820200999055459
prostate,full,40000,88,85,85,0.020061408206316765
prostate,full,40000,88,84,84,0.08013741843388197
prostate,full,40000,88,81,81,0.039398343042686454
prostate,full,40000,88,81,81,0.015457813111248189
prostate,full,40000,88,87,87,0.0003034730492071111
prostate,full,40000,88,87,87,0.0017411861007601876
prostate,full,40000,88,87,87,0.01877149192148387
prostate,full,40000,88,83,83,0.08259968530143522
prostate,full,40000,88,65,65,0.017579108505280838
prostate,full,40000,88,87,87,0.005076593030203871
prostate,full,40000,88,87,87,0.00339742779799049
prostate,full,40000,88,87,87,0.00413992064131172
prostate,full,40000,88,87,87,0.0012752194228036174
prostate,full,40000,88,87,87,0.0011463108161370345
prostate,full,40000,88,87,87,0.002286088165256976
prostate,full,40000,88,87,87,0.0020236680507055467
prostate,full,40000,88,87,87,0.0017141544310321465
prostate,full,40000,88,87,87,0.007228616167683265
prostate,full,40000,88,87,87,0.0027632863138502277
prostate,full,40000,88,87,87,0.026219475141800147
prostate,full,40000,88,87,87,0.001421975002937921
prostate,full,40000,88,87,87,0.001412530595370672
prostate,full,40000,88,87,87,0.0013032021024257092
prostate,full,40000,88,87,87,0.0030616974869956365
prostate,full,40000,88,87,87,0.0046323741044305535
prostate,full,40000,88,86,86,0.0035208582540205177
prostate,full,40000,88,85,85,0.014139366991160592
prostate,full,40000,88,85,85,0.016529451071641242
prostate,full,40000,88,85,85,0.0042545452217849335
prostate,full,40000,88,85,85,0.028244221172876664
prostate,full,40000,88,85,85,0.010084201615244995
prostate,full,40000,88,85,85,0.004163023994788696
prostate,full,40000,88,81,81,0.006695024562168497
prostate,full,40000,88,87,87,0.10029596074546636
prostate,full,40000,88,83,83,0.08482525123839695
prostate,full,40000,88,80,80,0.06069698163427867
prostate,full,40000,88,74,74,0.05791385691079806
prostate,full,40000,88,87,87,0.0404548181945876
prostate,full,40000,88,83,83,0.013857155230908417
prostate,full,40000,88,76,76,0.0105974831101444
prostate,full,40000,88,75,75,0.022341310885475963
prostate,full,40000,88,70,70,0.031118866390522377
prostate,full,40000,88,65,65,0.016638741953316903
prostate,full,40000,88,49,49,0.034212026407315944
prostate,full,40000,88,87,87,0.16150606789463623
prostate,full,40000,88,86,86,0.08894698718912032
prostate,full,40000,88,82,82,0.17875844226773357
prostate,full,40000,88,81,81,0.058220446979743
prostate,full,40000,88,78,78,0.18635303436597034
prostate,full,40000,88,78,78,0.16534393049934215
prostate,full,40000,88,78,78,0.13758121342816873
prostate,full,40000,88,63,63,0.16824106962613306
prostate,full,40000,88,87,87,0.12613131016829557
prostate,full,40000,88,87,87,0.2580569377445195
prostate,full,40000,88,87,87,0.17959752578393395
prostate,full,40000,88,86,86,0.017869851972544305
prostate,full,40000,88,79,79,0.02955992455125756
prostate,full,40000,88,87,87,0.09499213096562854
prostate,full,40000,88,87,87,0.16178752489100778
prostate,full,40000,88,87,87,0.021469073144404664
prostate,full,40000,88,87,87,0.059372963521342824
prostate,full,40000,88,87,87,0.1252585238777858
prostate,full,40000,88,87,87,0.17379571306748673
prostate,full,40000,88,82,82,0.04243805295723033
prostate,full,40000,88,87,87,0.04293016703018614
prostate,full,40000,88,87,87,0.10604894701681532
prostate,full,40000,88,87,87,0.03402134640765773
prostate,full,40000,88,85,85,0.024680167055906525
prostate,full,40000,88,85,85,0.026625148144565007
prostate,full,40000,88,82,82,0.028505726853931237
prostate,full,40000,88,80,80,0.04228646015533964
prostate,full,40000,88,85,85,0.0009121192927178636
prostate,full,40000,88,85,85,0.13728591923098124
prostate,full,40000,88,85,85,0.15994506636201855
prostate,full,40000,88,73,73,0.15821322872431784
prostate,full,40000,88,70,70,0.15637682202084885
prostate,full,40000,88,87,87,0.16605076023328538
prostate,full,40000,88,84,84,0.11026723500698839
prostate,full,40000,88,87,87,0.12228132547290124
prostate,full,40000,88,87,87,0.06337638780592975
prostate,full,40000,88,87,87,0.011689200911050442
prostate,full,40000,88,87,87,0.005070260478140109
prostate,full,40000,88,87,87,0.01977907776654367
prostate,full,40000,88,87,87,0.06729759659538449
prostate,full,40000,88,87,87,0.013260389891140105
prostate,full,40000,88,87,87,0.006307444359335837
prostate,full,40000,88,84,84,0.1172893463832287
prostate,full,40000,88,83,83,0.10426416699415308
prostate,full,40000,88,83,83,0.07650623255584206
prostate,full,40000,88,82,82,0.10915565402137703
prostate,full,40000,88,81,81,0.06657112927792426
prostate,full,40000,88,75,75,0.13066113267516485
prostate,full,40000,88,74,74,0.043270603770853185
prostate,full,40000,88,73,73,0.037742219647550916
prostate,full,40000,88,70,70,0.09607756898526355
prostate,full,40000,88,67,67,0.033857805333694556
prostate,full,40000,88,67,67,0.03665435900539715
prostate,full,40000,88,69,69,0.13962177657797875
prostate,full,40000,88,30,30,0.19304693642098472
prostate,full,40000,88,87,87,0.1537919594016228
prostate,full,40000,88,87,87,0.0
prostate,full,40000,88,87,87,0.20737972790891562
prostate,full,40000,88,87,87,0.202078311525306
prostate,full,40000,88,85,85,0.09864770074350934
prostate,full,40000,88,87,87,0.018585457414550362
prostate,full,40000,88,87,87,0.04082820424281618
prostate,full,40000,88,82,82,0.004736872371969216
prostate,full,40000,88,76,76,0.011365690360246008
prostate,full,40000,88,65,65,0.01740104501212184
prostate,full,40000,88,83,83,0.2935143855953947
prostate,full,40000,88,79,79,0.3162514657144449
prostate,full,40000,88,48,48,0.2980559965783742
prostate,full,40000,88,44,44,0.3148864506704649
prostate,full,40000,88,87,87,0.1740000743327625
prostate,full,40000,88,87,87,0.13627960257006225
prostate,full,40000,88,80,80,0.08704999058107794
prostate,full,40000,88,79,79,0.08506102712533282
prostate,full,40000,88,87,87,0.18644125651849502
prostate,full,40000,88,84,84,0.14710489612888805
prostate,full,40000,88,84,84,0.11792537413896681
prostate,full,40000,88,84,84,0.130942285779699
prostate,full,40000,88,87,87,0.05715540401436498
prostate,full,40000,88,86,86,0.14362027763855637
prostate,full,40000,88,87,87,0.014581038754522163
prostate,full,40000,88,86,86,0.006400062618115977
prostate,full,40000,88,84,84,0.09331021302246797
prostate,full,40000,88,86,86,0.004471304430300562
prostate,full,40000,88,85,85,0.04324704618875005
prostate,full,40000,88,83,83,0.08064017253554323
prostate,full,40000,88,83,83,0.009309351157156292
prostate,full,40000,88,82,82,0.04924040092813073
prostate,full,40000,88,80,80,0.04324944786514108
prostate,full,40000,88,66,66,0.05607869758526164
prostate,full,40000,88,87,87,0.004023894768981132
prostate,full,40000,88,82,82,0.18018106978528606
prostate,full,40000,88,87,87,0.17148015407433845
prostate,full,40000,88,87,87,0.043326941595765396
prostate,full,40000,88,86,86,0.07202353564880094
prostate,full,40000,88,84,84,0.04029567808947551
prostate,full,40000,88,83,83,0.11931765881312613
prostate,full,40000,88,71,71,0.07193308360918216
prostate,full,40000,88,87,87,0.11890977483834624
prostate,full,40000,88,87,87,0.09409877361620016
prostate,full,40000,88,87,87,0.012668641565739727
prostate,full,40000,88,81,81,0.05221871602559465
prostate,full,40000,88,78,78,0.047419989997489795
prostate,full,40000,88,76,76,0.044919532663079485
prostate,full,40000,88,87,87,0.03815776775308621
prostate,full,40000,88,87,87,0.16150255596869226
prostate,full,40000,88,84,84,0.07789897943208546
prostate,full,40000,88,82,82,0.039570711887056825
prostate,full,40000,88,71,71,0.026929907473517253
prostate,full,40000,88,87,87,0.24405640728288328
prostate,full,40000,88,86,86,0.19515145222512648
prostate,full,40000,88,77,77,0.18195850304063624
prostate,full,40000,88,84,84,0.2654574912914218
prostate,full,40000,88,81,81,0.27098840776474803
prostate,full,40000,88,77,77,0.2839834512346199
prostate,full,40000,88,75,75,0.2292878582224714
prostate,full,40000,88,73,73,0.24992492177697545
prostate,full,40000,88,73,73,0.2747184195977195
prostate,full,40000,88,73,73,0.27269766242306187
prostate,full,40000,88,71,71,0.23349126241878493
prostate,full,40000,88,70,70,0.2786811954766945
prostate,full,40000,88,49,49,0.266887493770091
prostate,full,40000,88,50,50,0.11630473389394311
prostate,full,40000,88,48,48,0.11433770300025121
prostate,full,40000,88,44,44,0.10449721156635706
prostate,full,40000,88,82,82,0.05222151087666311
prostate,full,40000,88,81,81,0.08300805302281813
prostate,full,40000,88,79,79,0.10830026692984017
prostate,full,40000,88,78,78,0.11249890758997025
prostate,full,40000,88,77,77,0.026427264184144202
prostate,full,40000,88,74,74,0.05575995303720484
prostate,full,40000,88,73,73,0.09415213347920198
prostate,full,40000,88,63,63,0.07940919954410683
prostate,full,40000,88,87,87,0.17983000110949346
prostate,full,40000,88,80,80,0.12131059410775398
prostate,full,40000,88,30,30,0.31423173175098074
prostate,full,40000,88,87,87,0.05751488974349411
prostate,full,40000,88,87,87,0.18485123429093078
prostate,full,40000,88,84,84,0.12677759530436955
prostate,full,40000,88,84,84,0.12790899372789924
prostate,full,40000,88,84,84,0.13042631984217803
prostate,full,40000,88,87,87,0.2400401561356986
prostate,full,40000,88,83,83,0.19253104771388602
prostate,full,40000,88,83,83,0.25464174809725904
prostate,full,40000,88,82,82,0.2392247143680702
prostate,full,40000,88,80,80,0.25004844017611516
prostate,full,40000,88,74,74,0.24075188730506922
prostate,full,40000,88,73,73,0.18897976187111581
prostate,full,40000,88,73,73,0.17947814409106969
prostate,full,40000,88,69,69,0.1915330602207053
prostate,full,40000,88,86,86,0.01903489352428628
prostate,full,40000,88,84,84,0.04201409543356257
prostate,full,40000,88,83,83,0.08136400018739291
prostate,full,40000,88,82,82,0.042303181595000156
prostate,full,40000,88,82,82,0.005397077965745133
prostate,full,40000,88,78,78,0.015814304401701233
prostate,full,40000,88,70,70,0.04357963887019289
prostate,full,40000,88,85,85,0.13310120417435045
prostate,full,40000,88,83,83,0.14206363023563046
prostate,full,40000,88,77,77,0.12379335227744405
prostate,full,40000,88,84,84,0.1028206926070574
prostate,full,40000,88,82,82,0.1582733990303108
prostate,full,40000,88,77,77,0.1481860764707785
prostate,full,40000,88,71,71,0.02976851646299206
prostate,full,40000,88,59,59,0.15849905777855453
prostate,full,40000,88,84,84,0.12883889394515521
prostate,full,40000,88,81,81,0.15475247189628516
prostate,full,40000,88,79,79,0.13941357305037255
prostate,full,40000,88,77,77,0.16212222160944154
prostate,full,40000,88,75,75,0.1147876104666446
prostate,full,40000,88,73,73,0.15807220265673919
prostate,full,40000,88,73,73,0.1793782182292758
prostate,full,40000,88,70,70,0.166035545744731
prostate,full,40000,88,70,70,0.12931242374007942
prostate,full,40000,88,49,49,0.21477037864218268
prostate,full,40000,88,84,84,0.051228602459425364
prostate,full,40000,88,77,77,0.12908678266981885
prostate,full,40000,88,76,76,0.12625204447475538
prostate,full,40000,88,75,75,0.11897952697614313
prostate,full,40000,88,72,72,0.09138233341206194
prostate,full,40000,88,70,70,0.12313645439293341
prostate,full,40000,88,59,59,0.15367681005741682
prostate,full,40000,88,87,87,0.12250371414578717
prostate,full,40000,88,87,87,0.07432655991453745
prostate,full,40000,88,83,83,0.1057393225194176
prostate,full,40000,88,87,87,0.19501183553610651
prostate,full,40000,88,83,83,0.1130388358363552
prostate,full,40000,88,82,82,0.19912177828685443
prostate,full,40000,88,78,78,0.20374031686928817
prostate,full,40000,88,70,70,0.17139672118788357
prostate,full,40000,88,63,63,0.17938886767682982
prostate,full,40000,88,87,87,0.04053159186161905
prostate,full,40000,88,85,85,0.015302765978904715
prostate,full,40000,88,85,85,0.0044739190522913265
prostate,full,40000,88,82,82,0.00510413870895243
prostate,full,40000,88,86,86,0.24569431169384495
prostate,full,40000,88,83,83,0.16063650747674907
prostate,full,40000,88,83,83,0.22287125540226893
prostate,full,40000,88,87,87,0.10610037711836029
prostate,full,40000,88,86,86,0.203549824494193
prostate,full,40000,88,82,82,0.14617665512227887
prostate,full,40000,88,79,79,0.1536942623897519
prostate,full,40000,88,78,78,0.15539463175732618
prostate,full,40000,88,48,48,0.2072196703054304
prostate,full,40000,88,87,87,0.11009279266491477
prostate,full,40000,88,85,85,0.06687994696464786
prostate,full,40000,88,67,67,0.030452978633037628
prostate,full,40000,88,83,83,0.11088516018675665
prostate,full,40000,88,82,82,0.10652445207233699
prostate,full,40000,88,87,87,0.1932217882810433
prostate,full,40000,88,73,73,0.08145021569531687
prostate,full,40000,88,71,71,0.0873823419429563
prostate,full,40000,88,82,82,0.08013508426419781
prostate,full,40000,88,81,81,0.08101449710292817
prostate,full,40000,88,77,77,0.05182499037022519
prostate,full,40000,88,76,76,0.009996136501104235
prostate,full,40000,88,75,75,0.02271752109148737
prostate,full,40000,88,73,73,0.044951525946916565
prostate,full,40000,88,73,73,0.04709101584348864
prostate,full,40000,88,73,73,0.07914861712449511
prostate,full,40000,88,72,72,0.041911059486136694
prostate,full,40000,88,70,70,0.033719149233862246
prostate,full,40000,88,65,65,0.018191246030173278
prostate,full,40000,88,50,50,0.031830396847333214
prostate,full,40000,88,87,87,0.221456085321813
prostate,full,40000,88,86,86,0.22498914072980564
prostate,full,40000,88,86,86,0.2247001210525841
prostate,full,40000,88,83,83,0.24351528428852362
prostate,full,40000,88,82,82,0.2614991658347054
prostate,full,40000,88,87,87,0.019173856823874638
prostate,full,40000,88,87,87,0.01776521847572335
prostate,full,40000,88,87,87,0.11311673704084317
prostate,full,40000,88,85,85,0.0255280757933703
prostate,full,40000,88,84,84,0.09161838562609026
prostate,full,40000,88,87,87,0.02060154640825417
prostate,full,40000,88,87,87,0.008393714204704004
prostate,full,40000,88,87,87,0.019313644734452087
prostate,full,40000,88,87,87,0.10415295308801087
prostate,full,40000,88,85,85,0.013562784878710352
prostate,full,40000,88,83,83,0.09437546795970062
prostate,full,40000,89,88,88,0.1793749094864869
prostate,full,40000,89,88,88,0.0857339012527929
prostate,full,40000,89,85,85,0.22497883714477093
prostate,full,40000,89,83,83,0.19515361390704958
prostate,full,40000,89,83,83,0.16451254806403756
prostate,full,40000,89,82,82,0.22314664112057428
prostate,full,40000,89,79,79,0.20747575295046444
prostate,full,40000,89,78,78,0.21623005555576377
prostate,full,40000,89,78,78,0.18753838324476219
prostate,full,40000,89,77,77,0.19709889067553144
prostate,full,40000,89,76,76,0.15860485942996522
prostate,full,40000,89,74,74,0.1779179577386377
prostate,full,40000,89,73,73,0.17503042025841745
prostate,full,40000,89,73,73,0.10504024762127402
prostate,full,40000,89,67,67,0.17054100944550482
prostate,full,40000,89,67,67,0.177778786439804
prostate,full,40000,89,87,87,0.21003042102983965
prostate,full,40000,89,85,85,0.18226540551504414
prostate,full,40000,89,85,85,0.18870020754738845
prostate,full,40000,89,85,85,0.21109799710493424
prostate,full,40000,89,84,84,0.19484282787395277
prostate,full,40000,89,70,70,0.16542076918278706
prostate,full,40000,89,88,88,0.2710241754105065
prostate,full,40000,89,88,88,0.20691331270110488
prostate,full,40000,89,88,88,0.2538549654288834
prostate,full,40000,89,84,84,0.2129370345261718
prostate,full,40000,89,88,88,0.13409264271591548
prostate,full,40000,89,79,79,0.09079562458845693
prostate,full,40000,89,88,88,0.11090645574643335
prostate,full,40000,89,88,88,0.19019035017608577
prostate,full,40000,89,88,88,0.09069728068478299
prostate,full,40000,89,88,88,0.12053166347260648
prostate,full,40000,89,88,88,0.1595702369778258
prostate,full,40000,89,85,85,0.08445750780809848
prostate,full,40000,89,88,88,0.18535377835358566
prostate,full,40000,89,83,83,0.23010256778165658
prostate,full,40000,89,73,73,0.2856526777831048
prostate,full,40000,89,88,88,0.04189022252766083
prostate,full,40000,89,88,88,0.17764122138539323
prostate,full,40000,89,84,84,0.12022665336636712
prostate,full,40000,89,83,83,0.014314588925812999
prostate,full,40000,89,87,87,0.08215321584876349
prostate,full,40000,89,86,86,0.15710685327184423
prostate,full,40000,89,84,84,0.20598130590373895
prostate,full,40000,89,83,83,0.14573159878306413
prostate,full,40000,89,75,75,0.187513775319265
prostate,full,40000,89,88,88,0.06938249087385465
prostate,full,40000,89,88,88,0.17410364958399702
prostate,full,40000,89,77,77,0.03189270651222039
prostate,full,40000,89,88,88,0.1697032885696936
prostate,full,40000,89,87,87,0.013480452856882338
prostate,full,40000,89,84,84,0.11948008919957916
prostate,full,40000,89,81,81,0.06380113789718743
prostate,full,40000,89,79,79,0.27904491447121743
prostate,full,40000,89,78,78,0.26551784839829917
prostate,full,40000,89,78,78,0.28811066540814334
prostate,full,40000,89,78,78,0.24775034231957557
prostate,full,40000,89,77,77,0.24096625153909174
prostate,full,40000,89,74,74,0.24462410725362807
prostate,full,40000,89,74,74,0.28078509244791955
prostate,full,40000,89,73,73,0.2667386776799949
prostate,full,40000,89,73,73,0.247034258041191
prostate,full,40000,89,63,63,0.2519545684784641
prostate,full,40000,89,86,86,0.07351437358841359
prostate,full,40000,89,82,82,0.11524841124090476
prostate,full,40000,89,80,80,0.12758159737978808
prostate,full,40000,89,88,88,0.13626851480593888
prostate,full,40000,89,79,79,0.014503992006600535
prostate,full,40000,89,88,88,0.2979473489413119
prostate,full,40000,89,86,86,0.2793601559950156
prostate,full,40000,89,85,85,0.16993176657853926
prostate,full,40000,89,83,83,0.2725690592642028
prostate,full,40000,89,76,76,0.2687148878403246
prostate,full,40000,89,65,65,0.3226953200350087
prostate,full,40000,89,88,88,0.17509700623048485
prostate,full,40000,89,88,88,0.10330657882916708
prostate,full,40000,89,84,84,0.11624621722328624
prostate,full,40000,89,87,87,0.11131578825739716
prostate,full,40000,89,86,86,0.14387646850942118
prostate,full,40000,89,85,85,0.08534414260592349
prostate,full,40000,89,85,85,0.09038639394192509
prostate,full,40000,89,84,84,0.11655494632388275
prostate,full,40000,89,84,84,0.08033956658716862
prostate,full,40000,89,84,84,0.13312491804542573
prostate,full,40000,89,88,88,0.04428231318125288
prostate,full,40000,89,88,88,0.17815688971205954
prostate,full,40000,89,88,88,0.05359538989284219
prostate,full,40000,89,88,88,0.09601577957471731
prostate,full,40000,89,86,86,0.04353387507268653
prostate,full,40000,89,88,88,0.14050229939828382
prostate,full,40000,89,88,88,0.011618688660936587
prostate,full,40000,89,88,88,0.14892677327879078
prostate,full,40000,89,86,86,0.010749753547675147
prostate,full,40000,89,86,86,0.034685571559222854
prostate,full,40000,89,85,85,0.08273272189681039
prostate,full,40000,89,88,88,0.10725343253517655
prostate,full,40000,89,88,88,0.00648765747817474
prostate,full,40000,89,85,85,0.08435955846674766
prostate,full,40000,89,88,88,0.11055046743046214
prostate,full,40000,89,88,88,0.1396229754274808
prostate,full,40000,89,88,88,0.07629740309361556
prostate,full,40000,89,87,87,0.0741616992559405
prostate,full,40000,89,84,84,0.1243987753210643
prostate,full,40000,89,88,88,0.17938762760156235
prostate,full,40000,89,88,88,0.04481288949777029
prostate,full,40000,89,87,87,0.0999560249617853
prostate,full,40000,89,84,84,0.12563927247162465
prostate,full,40000,89,88,88,0.2387550568817077
prostate,full,40000,89,88,88,0.19240447183115322
prostate,full,40000,89,88,88,0.03923768115813461
prostate,full,40000,89,88,88,0.14077308270570843
prostate,full,40000,89,88,88,0.14548452750351162
prostate,full,40000,89,87,87,0.03634107339407965
prostate,full,40000,89,84,84,0.06048791452354045
prostate,full,40000,89,88,88,0.08310862336532371
prostate,full,40000,89,88,88,0.19801099475414288
prostate,full,40000,89,88,88,0.005544337332698289
prostate,full,40000,89,88,88,0.0033501830867153
prostate,full,40000,89,88,88,0.014181605957422851
prostate,full,40000,89,87,87,0.008662127371918411
prostate,full,40000,89,86,86,0.04759011805381019
prostate,full,40000,89,86,86,0.021585952612401184
prostate,full,40000,89,85,85,0.007987815282577498
prostate,full,40000,89,84,84,0.03414040700013099
prostate,full,40000,89,82,82,0.03014609765095223
prostate,full,40000,89,88,88,0.1752066205889503
prostate,full,40000,89,86,86,0.09822758276523345
prostate,full,40000,89,86,86,0.033866316419719156
prostate,full,40000,89,85,85,0.10199371646399809
prostate,full,40000,89,88,88,0.014101337370950217
prostate,full,40000,89,87,87,0.1395499594696065
prostate,full,40000,89,87,87,0.13712103308826437
prostate,full,40000,89,87,87,0.1434623294160919
prostate,full,40000,89,77,77,0.19134771632692057
prostate,full,40000,89,74,74,0.19980796803739104
prostate,full,40000,89,33,33,0.43251017073128234
prostate,full,40000,89,87,87,0.14034654492193102
prostate,full,40000,89,85,85,0.12059118023448001
prostate,full,40000,89,85,85,0.10792478802170292
prostate,full,40000,89,85,85,0.11886809688070922
prostate,full,40000,89,84,84,0.13315965143022263
prostate,full,40000,89,74,74,0.04411148931200457
prostate,full,40000,89,73,73,0.10776713625188007
prostate,full,40000,89,87,87,0.2622673277916053
prostate,full,40000,89,86,86,0.24049148922794014
prostate,full,40000,89,84,84,0.17172613570296583
prostate,full,40000,89,88,88,0.0840027787916623
prostate,full,40000,89,88,88,0.17265202623300224
prostate,full,40000,89,88,88,0.022235229692791257
prostate,full,40000,89,79,79,0.04842844759478907
prostate,full,40000,89,77,77,0.07232836557785215
prostate,full,40000,89,88,88,0.06569861468967741
prostate,full,40000,89,88,88,0.18681959076382074
prostate,full,40000,89,88,88,0.13969687897502822
prostate,full,40000,89,87,87,0.08219627467933079
prostate,full,40000,89,82,82,0.1329349347361906
prostate,full,40000,89,88,88,0.0011802954027272993
prostate,full,40000,89,88,88,0.0015497327625779783
prostate,full,40000,89,88,88,0.002020702432799915
prostate,full,40000,89,88,88,0.004910930213639358
prostate,full,40000,89,88,88,0.001849464755614344
prostate,full,40000,89,88,88,0.006119747985555865
prostate,full,40000,89,88,88,0.003729390795394684
prostate,full,40000,89,88,88,0.002018349180939632
prostate,full,40000,89,88,88,0.008280024369235655
prostate,full,40000,89,88,88,0.0011209632218233526
prostate,full,40000,89,88,88,0.0034662485800886042
prostate,full,40000,89,88,88,0.0021288902372566354
prostate,full,40000,89,88,88,0.004012790342466838
prostate,full,40000,89,88,88,0.01948875808377012
prostate,full,40000,89,88,88,0.005424579193728491
prostate,full,40000,89,88,88,0.0015815377304210635
prostate,full,40000,89,88,88,0.00338161754426045
prostate,full,40000,89,88,88,0.00758561649316536
prostate,full,40000,89,88,88,0.002080743884195295
prostate,full,40000,89,88,88,0.0023979959011445366
prostate,full,40000,89,88,88,0.0011413001918148188
prostate,full,40000,89,88,88,0.040402073792311116
prostate,full,40000,89,88,88,0.005044409048802157
prostate,full,40000,89,88,88,0.002362928478275402
prostate,full,40000,89,88,88,0.0018040984753615672
prostate,full,40000,89,88,88,0.0007413338402491032
prostate,full,40000,89,88,88,0.0015082584959522436
prostate,full,40000,89,88,88,0.004374706478885026
prostate,full,40000,89,87,87,0.0039036001585580696
prostate,full,40000,89,86,86,0.014559793382559284
prostate,full,40000,89,86,86,0.002333031989752856
prostate,full,40000,89,86,86,0.0057557452898767
prostate,full,40000,89,86,86,0.011010659919388044
prostate,full,40000,89,86,86,0.012153192852519711
prostate,full,40000,89,86,86,0.004510377053057037
prostate,full,40000,89,82,82,0.0056056218543962975
prostate,full,40000,89,88,88,0.21425266288994574
prostate,full,40000,89,86,86,0.21691714284360747
prostate,full,40000,89,86,86,0.1841667860104412
prostate,full,40000,89,84,84,0.27432820185527257
prostate,full,40000,89,73,73,0.2652825981182999
prostate,full,40000,89,72,72,0.2584107727538639
prostate,full,40000,89,68,68,0.2894447669651064
prostate,full,40000,89,88,88,0.2208152414538109
prostate,full,40000,89,88,88,0.22143650463222506
prostate,full,40000,89,87,87,0.23100757844410602
prostate,full,40000,89,84,84,0.18813533620735204
prostate,full,40000,89,88,88,0.0412848646197502
prostate,full,40000,89,88,88,0.0937590329919023
prostate,full,40000,89,88,88,0.12238641700540324
prostate,full,40000,89,70,70,0.16320087940162184
prostate,full,40000,89,54,54,0.18412779150915298
prostate,full,40000,89,49,49,0.04896596497557069
prostate,full,40000,89,88,88,0.12566463518936882
prostate,full,40000,89,88,88,0.19588467838237086
prostate,full,40000,89,88,88,0.20738261159432253
prostate,full,40000,89,88,88,0.13417737351035255
prostate,full,40000,89,88,88,0.24016456329593358
prostate,full,40000,89,88,88,0.18443701261481016
prostate,full,40000,89,88,88,0.18587321733182377
prostate,full,40000,89,86,86,0.050547711746157145
prostate,full,40000,89,85,85,0.19902232798210942
prostate,full,40000,89,88,88,0.09585130364690216
prostate,full,40000,89,87,87,0.010793057396832662
prostate,full,40000,89,86,86,0.04826772198591724
prostate,full,40000,89,84,84,0.020012444382366275
prostate,full,40000,89,82,82,0.05255105263405499
prostate,full,40000,89,77,77,0.07789107839464814
prostate,full,40000,89,75,75,0.038818508500992034
prostate,full,40000,89,88,88,0.3117816378803061
prostate,full,40000,89,85,85,0.1810363984585859
prostate,full,40000,89,88,88,0.17841742851829745
prostate,full,40000,89,88,88,0.04618687421617065
prostate,full,40000,89,88,88,0.00703128385659564
prostate,full,40000,89,88,88,0.09235297864480757
prostate,full,40000,89,88,88,0.22732355223723494
prostate,full,40000,89,88,88,0.028719302863625687
prostate,full,40000,89,88,88,0.2428600568879123
prostate,full,40000,89,87,87,0.06023829993088095
prostate,full,40000,89,86,86,0.01451606915189027
prostate,full,40000,89,84,84,0.04099537706940535
prostate,full,40000,89,84,84,0.16141310784082719
prostate,full,40000,89,83,83,0.027106299148396393
prostate,full,40000,89,88,88,0.008000317270033197
prostate,full,40000,89,88,88,0.01578922826133819
prostate,full,40000,89,88,88,0.1019578363552282
prostate,full,40000,89,88,88,0.05385451011854854
prostate,full,40000,89,88,88,0.03482108246235127
prostate,full,40000,89,88,88,0.014644358869693218
prostate,full,40000,89,86,86,0.03316417607605255
prostate,full,40000,89,86,86,0.029781951621195665
prostate,full,40000,89,88,88,0.11331660259907447
prostate,full,40000,89,88,88,0.04798191470907818
prostate,full,40000,89,88,88,0.0013271669373633931
prostate,full,40000,89,88,88,0.23433041781911051
prostate,full,40000,89,88,88,0.18657179595029927
prostate,full,40000,89,88,88,0.21502795104533892
prostate,full,40000,89,80,80,0.019083367205922665
prostate,full,40000,89,88,88,0.17877632221284684
prostate,full,40000,89,87,87,0.1809457296104584
prostate,full,40000,89,87,87,0.19583174675412152
prostate,full,40000,89,83,83,0.19862522957703813
prostate,full,40000,89,80,80,0.22455378747125457
prostate,full,40000,89,88,88,0.0995301002628608
prostate,full,40000,89,88,88,0.003954971058776451
prostate,full,40000,89,87,87,0.03816809940096478
prostate,full,40000,89,84,84,0.07584153583650748
prostate,full,40000,89,88,88,0.022777371809351122
prostate,full,40000,89,88,88,0.00336930422476686
prostate,full,40000,89,85,85,0.1144077582971252
prostate,full,40000,89,85,85,0.05114800954383696
prostate,full,40000,89,84,84,0.10596331772519736
prostate,full,40000,89,77,77,0.08701027046696853
prostate,full,40000,89,88,88,0.2658512843950188
prostate,full,40000,89,74,74,0.25832431356871427
prostate,full,40000,89,70,70,0.24390587037477107
prostate,full,40000,89,67,67,0.20864270200935092
prostate,full,40000,89,67,67,0.2703626971195788
prostate,full,40000,89,65,65,0.2720066851423797
prostate,full,40000,89,58,58,0.2669477064450486
prostate,full,40000,89,50,50,0.2711249291652013
prostate,full,40000,89,48,48,0.2804060525563247
prostate,full,40000,89,88,88,0.17909150853652153
prostate,full,40000,89,87,87,0.008786657922835756
prostate,full,40000,89,87,87,0.0950482415875236
prostate,full,40000,89,87,87,0.07082927013277646
prostate,full,40000,89,83,83,0.04916178149568346
prostate,full,40000,89,83,83,0.13112665546574745
prostate,full,40000,89,88,88,0.16119552193745898
prostate,full,40000,89,88,88,0.14030282517119783
prostate,full,40000,89,85,85,0.07674456927504988
prostate,full,40000,89,88,88,0.17521495740144488
prostate,full,40000,89,86,86,0.052022739533683304
prostate,full,40000,89,83,83,0.01175968370648376
prostate,full,40000,89,88,88,0.09108513706784192
prostate,full,40000,89,88,88,0.12253391404489654
prostate,full,40000,89,85,85,0.09260506754250368
prostate,full,40000,89,88,88,0.05923259811437824
prostate,full,40000,89,88,88,0.1325208958503448
prostate,full,40000,89,83,83,0.16302827639862658
prostate,full,40000,89,88,88,0.17936185311566977
prostate,full,40000,89,88,88,0.021098373421003194
prostate,full,40000,89,87,87,0.021086925324119092
prostate,full,40000,89,87,87,0.005141847566028241
prostate,full,40000,89,86,86,0.02215825302148924
prostate,full,40000,89,86,86,0.05666309897855535
prostate,full,40000,89,84,84,0.11459582713971798
prostate,full,40000,89,88,88,0.09170562541406908
prostate,full,40000,89,88,88,0.15308237821557713
prostate,full,40000,89,84,84,0.10292940587365287
prostate,full,40000,89,88,88,0.12741487669764537
prostate,full,40000,89,88,88,0.09663129925782353
prostate,full,40000,89,86,86,0.007041479914699003
prostate,full,40000,89,88,88,0.2569925345264149
prostate,full,40000,89,88,88,0.225201261524026
prostate,full,40000,89,87,87,0.26829064326212576
prostate,full,40000,89,77,77,0.265410221607189
prostate,full,40000,89,63,63,0.2932729001970911
prostate,full,40000,89,88,88,0.08282626130976904
prostate,full,40000,89,87,87,0.11614587409425985
prostate,full,40000,89,87,87,0.17371327421850613
prostate,full,40000,89,85,85,0.12210294281672865
prostate,full,40000,89,88,88,0.10168170268770961
prostate,full,40000,89,88,88,0.012457357193467829
prostate,full,40000,89,88,88,0.041387985695644426
prostate,full,40000,89,88,88,0.011519083021202263
prostate,full,40000,89,87,87,0.04339394538120042
prostate,full,40000,89,85,85,0.05493203823411722
prostate,full,40000,89,84,84,0.07697497172243188
prostate,full,40000,89,87,87,0.29289216495042886
prostate,full,40000,89,86,86,0.27456727686461474
prostate,full,40000,89,84,84,0.24407004723928113
prostate,full,40000,89,84,84,0.13847158526369682
prostate,full,40000,89,83,83,0.3190809215641541
prostate,full,40000,89,88,88,0.13699648809132806
prostate,full,40000,89,80,80,0.08610360268316902
prostate,full,40000,89,88,88,0.18754263684508485
prostate,full,40000,89,85,85,0.11588854565308479
prostate,full,40000,89,87,87,0.27930888346811833
prostate,full,40000,89,87,87,0.2887406672914909
prostate,full,40000,89,87,87,0.2858933350599543
prostate,full,40000,89,84,84,0.173371808824376
prostate,full,40000,89,82,82,0.2720025455536562
prostate,full,40000,89,88,88,0.09497992475533894
prostate,full,40000,89,87,87,0.005383711025685553
prostate,full,40000,89,86,86,0.03632539173474844
prostate,full,40000,89,83,83,0.08002633603285798
prostate,full,40000,89,82,82,0.0475378622165421
prostate,full,40000,89,77,77,0.028601169209800457
prostate,full,40000,89,73,73,0.09550723232752402
prostate,full,40000,89,88,88,0.16865779557966298
prostate,full,40000,89,88,88,0.08586545619462854
prostate,full,40000,89,87,87,0.04573422565479336
prostate,full,40000,89,88,88,0.13455298768347373
prostate,full,40000,89,79,79,0.020506555166115627
prostate,full,40000,89,88,88,0.015288977079117637
prostate,full,40000,89,88,88,0.17628426465819966
prostate,full,40000,89,84,84,0.11475445345452748
prostate,full,40000,89,84,84,0.028733255260257957
prostate,full,40000,89,77,77,0.0991588706214056
prostate,full,40000,89,88,88,0.13802432453419533
prostate,full,40000,89,87,87,0.008407526283530661
prostate,full,40000,89,86,86,0.048691771095886835
prostate,full,40000,89,84,84,0.090452804988015
prostate,full,40000,89,88,88,0.014312005710779592
prostate,full,40000,89,88,88,0.02015803902847104
prostate,full,40000,89,88,88,0.015583237160025269
prostate,full,40000,89,88,88,0.01720956100833025
prostate,full,40000,89,88,88,0.015078157345175591
prostate,full,40000,89,88,88,0.01141006972299448
prostate,full,40000,89,88,88,0.10086221186800373
prostate,full,40000,89,88,88,0.009225968615296138
prostate,full,40000,89,88,88,0.011321521209995218
prostate,full,40000,89,88,88,0.040491006738970305
prostate,full,40000,89,88,88,0.024184707890089117
prostate,full,40000,89,88,88,0.024300197003978005
prostate,full,40000,89,88,88,0.0220695541830884
prostate,full,40000,89,87,87,0.008376766276746668
prostate,full,40000,89,87,87,0.015345370104979087
prostate,full,40000,89,86,86,0.024848045044112463
prostate,full,40000,89,86,86,0.012563723980620339
prostate,full,40000,89,86,86,0.03061872363127587
prostate,full,40000,89,86,86,0.01785043694215084
prostate,full,40000,89,80,80,0.03988423315723949
prostate,full,40000,89,88,88,0.04535896896149244
prostate,full,40000,89,88,88,0.10602716487486882
prostate,full,40000,89,88,88,0.021172046983087105
prostate,full,40000,89,88,88,0.04394627761293963
prostate,full,40000,89,88,88,0.18073209128920853
prostate,full,40000,89,81,81,0.029747576368012313
prostate,full,40000,89,88,88,0.054365675234913695
prostate,full,40000,89,88,88,0.1307244622950103
prostate,full,40000,89,83,83,0.10058748834259387
prostate,full,40000,89,82,82,0.1160341401494253
prostate,full,40000,89,88,88,0.036511186188662156
prostate,full,40000,89,84,84,0.22554837189674298
prostate,full,40000,89,84,84,0.1986747690630628
prostate,full,40000,89,76,76,0.2329417177927411
prostate,full,40000,89,75,75,0.25894571096596053
prostate,full,40000,89,48,48,0.25446623957805353
prostate,full,40000,89,42,42,0.25812569527077567
prostate,full,40000,89,88,88,0.12294258729632546
prostate,full,40000,89,85,85,0.07062491641439908
prostate,full,40000,89,85,85,0.07119126625411303
prostate,full,40000,89,84,84,0.09044076342733039
prostate,full,40000,89,88,88,0.09617392041301484
prostate,full,40000,89,85,85,0.0494891351541755
prostate,full,40000,89,80,80,0.05899722653815738
prostate,full,40000,89,77,77,0.08879865175056212
prostate,full,40000,89,77,77,0.02923605820339787
prostate,full,40000,89,74,74,0.053830660427798056
prostate,full,40000,89,73,73,0.09518692032539311
prostate,full,40000,89,85,85,0.2084831533926314
prostate,full,40000,89,74,74,0.192399103954824
prostate,full,40000,89,73,73,0.23182686939829664
prostate,full,40000,89,73,73,0.163156373235895
prostate,full,40000,89,69,69,0.17232244714273517
prostate,full,40000,89,64,64,0.07220404167556808
prostate,full,40000,89,63,63,0.19632908117424683
prostate,full,40000,89,49,49,0.14287819540867697
prostate,full,40000,89,88,88,0.18565225304746036
prostate,full,40000,89,86,86,0.1911745954629611
prostate,full,40000,89,86,86,0.18916297818825542
prostate,full,40000,89,83,83,0.23478631166461147
prostate,full,40000,89,88,88,0.009095613109040335
prostate,full,40000,89,88,88,0.02673507810244724
prostate,full,40000,89,88,88,0.0062287034640885275
prostate,full,40000,89,88,88,0.007674740984996763
prostate,full,40000,89,88,88,0.004537824860514254
prostate,full,40000,89,88,88,0.019702755160473026
prostate,full,40000,89,88,88,0.03428681683660209
prostate,full,40000,89,88,88,0.10988531354846418
prostate,full,40000,89,88,88,0.009530579370533948
prostate,full,40000,89,88,88,0.004371612267298355
prostate,full,40000,89,88,88,0.025833636330707798
prostate,full,40000,89,87,87,0.007978171765221144
prostate,full,40000,89,87,87,0.009379602147809711
prostate,full,40000,89,87,87,0.011813814567748127
prostate,full,40000,89,86,86,0.01962677544243946
prostate,full,40000,89,86,86,0.011506060032784586
prostate,full,40000,89,86,86,0.009595727344418954
prostate,full,40000,89,86,86,0.018691407537187003
prostate,full,40000,89,85,85,0.016892092130092903
prostate,full,40000,89,82,82,0.030703838438913614
prostate,full,40000,89,65,65,0.15367487552031403
prostate,full,40000,89,54,54,0.22514918272734127
prostate,full,40000,89,44,44,0.18951659387565714
prostate,full,40000,89,39,39,0.16624447161845718
prostate,full,40000,89,83,83,0.1752933785312245
prostate,full,40000,89,83,83,0.1790678583907852
prostate,full,40000,89,75,75,0.18715311332243578
prostate,full,40000,89,73,73,0.10489281474029427
prostate,full,40000,89,70,70,0.16568305847701956
prostate,full,40000,89,65,65,0.15464682145697675
prostate,full,40000,89,88,88,0.18936706760223332
prostate,full,40000,89,88,88,0.14097084828807424
prostate,full,40000,89,81,81,0.036183540410162286
prostate,full,40000,89,76,76,0.12919464296377958
prostate,full,40000,89,88,88,0.18185293250114098
prostate,full,40000,89,86,86,0.07452203052265305
prostate,full,40000,89,83,83,0.04791234673721742
prostate,full,40000,89,83,83,0.3389220287809369
prostate,full,40000,89,79,79,0.3177870502418546
prostate,full,40000,89,79,79,0.31894466772797725
prostate,full,40000,89,79,79,0.31981334182559273
prostate,full,40000,89,79,79,0.31960913136406854
prostate,full,40000,89,78,78,0.3147403934667974
prostate,full,40000,89,77,77,0.35669798258900953
prostate,full,40000,89,66,66,0.35760158215576493
prostate,full,40000,89,63,63,0.3529764269457411
prostate,full,40000,89,62,62,0.37272993297576096
prostate,full,40000,89,60,60,0.33877175008029276
prostate,full,40000,89,56,56,0.34313633539664984
prostate,full,40000,89,75,75,0.12807725717745627
prostate,full,40000,89,75,75,0.15809465614683652
prostate,full,40000,89,59,59,0.17255056302056507
prostate,full,40000,89,55,55,0.18311011613177747
prostate,full,40000,89,54,54,0.17363784433631177
prostate,full,40000,89,36,36,0.18896766444180563
prostate,full,40000,89,88,88,0.25880216875575707
prostate,full,40000,89,88,88,0.28753641379741784
prostate,full,40000,89,88,88,0.025055387611246562
prostate,full,40000,89,85,85,0.17038502488746296
prostate,full,40000,89,88,88,0.04361380580599681
prostate,full,40000,89,88,88,0.09402382450318969
prostate,full,40000,89,88,88,0.04290592308494984
prostate,full,40000,89,87,87,0.00818955384238783
prostate,full,40000,89,87,87,0.012737048706590749
prostate,full,40000,89,88,88,0.22197670142713533
prostate,full,40000,89,88,88,0.10170774247269886
prostate,full,40000,89,88,88,0.12601221690169304
prostate,full,40000,89,87,87,0.026488259813912382
prostate,full,40000,89,87,87,0.048138707146539506
prostate,full,40000,89,88,88,0.006376998996365543
prostate,full,40000,89,88,88,0.16335143743086364
prostate,full,40000,89,87,87,0.015508737498320619
prostate,full,40000,89,86,86,0.025147679467263147
prostate,full,40000,89,85,85,0.12309476520492035
prostate,full,40000,89,80,80,0.019809960220426436
prostate,full,40000,89,88,88,0.13656930496036734
prostate,full,40000,89,88,88,0.2183750289285702
prostate,full,40000,89,88,88,0.014604422889775325
prostate,full,40000,89,86,86,0.06476569358010348
prostate,full,40000,89,85,85,0.12316108825145237
prostate,full,40000,89,88,88,0.1798291846616304
prostate,full,40000,89,88,88,0.030898950364707075
prostate,full,40000,89,84,84,0.11565291686520227
prostate,full,40000,89,88,88,0.03436041134002967
prostate,full,40000,89,88,88,0.03429041479531164
prostate,full,40000,89,88,88,0.03286860200044789
prostate,full,40000,89,88,88,0.03008263894371416
prostate,full,40000,89,88,88,0.18238599035476194
prostate,full,40000,89,88,88,0.0847662528726622
prostate,full,40000,89,88,88,0.023436092938512388
prostate,full,40000,89,88,88,0.023638087555864037
prostate,full,40000,89,88,88,0.033334857292924264
prostate,full,40000,89,86,86,0.059268629049522334
prostate,full,40000,89,86,86,0.03577104175817761
prostate,full,40000,89,86,86,0.028733272169483917
prostate,full,40000,89,82,82,0.05476053562819922
prostate,full,40000,89,88,88,0.014774905008524804
prostate,full,40000,89,88,88,0.050099525136074276
prostate,full,40000,89,88,88,0.2184448825384301
prostate,full,40000,89,83,83,0.17303176910743825
prostate,full,40000,89,83,83,0.16154926161247513
prostate,full,40000,89,83,83,0.24560283109507255
prostate,full,40000,89,79,79,0.05751159593668137
prostate,full,40000,89,88,88,0.1876018838406031
prostate,full,40000,89,84,84,0.1504565705956513
prostate,full,40000,89,88,88,0.00790972913463067
prostate,full,40000,89,88,88,0.13487121175978964
prostate,full,40000,89,88,88,0.0649103912499226
prostate,full,40000,89,83,83,0.1549901308779216
prostate,full,40000,89,80,80,0.1498829046212057
prostate,full,40000,89,75,75,0.16598164625424067
prostate,full,40000,89,75,75,0.15165988271366462
prostate,full,40000,89,88,88,0.12150251296306216
prostate,full,40000,89,85,85,0.07353027427687919
prostate,full,40000,89,84,84,0.09257380579094228
prostate,full,40000,89,88,88,0.17619343038114774
prostate,full,40000,89,86,86,0.061627492510605245
prostate,full,40000,89,83,83,0.11447679157538432
prostate,full,40000,89,81,81,0.06350711579076514
prostate,full,40000,89,78,78,0.1429666494343451
prostate,full,40000,89,88,88,0.24709257446530977
prostate,full,40000,89,88,88,0.10265356638600838
prostate,full,40000,89,84,84,0.14348467192510167
prostate,full,40000,89,88,88,0.27370748289254915
prostate,full,40000,89,87,87,0.30040936058964307
prostate,full,40000,89,86,86,0.17852348171454924
prostate,full,40000,89,88,88,0.17671553226904296
prostate,full,40000,89,88,88,0.04110122237121401
prostate,full,40000,89,88,88,0.0892141498896061
prostate,full,40000,89,88,88,0.0052070845141613175
prostate,full,40000,89,30,30,0.31615778199645966
prostate,full,40000,89,88,88,0.012625490874191726
prostate,full,40000,89,87,87,0.22306865215361782
prostate,full,40000,89,84,84,0.11867776869187743
prostate,full,40000,89,84,84,0.16498344971709428
prostate,full,40000,89,88,88,0.12068377392032517
prostate,full,40000,89,88,88,0.0956722932625699
prostate,full,40000,89,87,87,0.041433180559327834
prostate,full,40000,89,80,80,0.0630322838220743
prostate,full,40000,89,77,77,0.08610573772139109
prostate,full,40000,89,77,77,0.025373759630028
prostate,full,40000,89,88,88,0.09706927426491321
prostate,full,40000,89,87,87,0.05461409167484052
prostate,full,40000,89,83,83,0.09219633673350956
prostate,full,40000,89,79,79,0.08381938927376893
prostate,full,40000,89,77,77,0.030487363915285812
prostate,full,40000,89,74,74,0.054918676876934455
prostate,full,40000,89,88,88,0.26602839028575215
prostate,full,40000,89,88,88,0.015012321531744715
prostate,full,40000,89,88,88,0.20909423006124858
prostate,full,40000,89,88,88,0.2052332419181252
prostate,full,40000,89,86,86,0.34514341758463274
prostate,full,40000,89,85,85,0.3002165486921207
prostate,full,40000,89,73,73,0.2694646668242596
prostate,full,40000,89,88,88,0.2507758398419125
prostate,full,40000,89,88,88,0.19743777017675085
prostate,full,40000,89,88,88,0.23395088951387688
prostate,full,40000,89,88,88,0.17684708477391764
prostate,full,40000,89,88,88,0.21999341298618236
prostate,full,40000,89,85,85,0.18681624964833948
prostate,full,40000,89,88,88,0.07665822740230231
prostate,full,40000,89,88,88,0.13457574553729043
prostate,full,40000,89,86,86,0.014589265284698276
prostate,full,40000,89,88,88,0.040386286167836884
prostate,full,40000,89,87,87,0.16986475173132162
prostate,full,40000,89,87,87,0.17528462519189475
prostate,full,40000,89,87,87,0.1758529699256695
prostate,full,40000,89,88,88,0.323084037202363
prostate,full,40000,89,87,87,0.2661476277036582
prostate,full,40000,89,88,88,0.023315273097739234
prostate,full,40000,89,88,88,0.01684647918342512
prostate,full,40000,89,88,88,0.0158400939323302
prostate,full,40000,89,88,88,0.13631352702781008
prostate,full,40000,89,88,88,0.018597079461061497
prostate,full,40000,89,86,86,0.024237662279976774
prostate,full,40000,89,86,86,0.04490474493932793
prostate,full,40000,89,85,85,0.005128563951189775
prostate,full,40000,89,85,85,0.07562901660401529
prostate,full,40000,89,82,82,0.025341693494375164
prostate,full,40000,89,86,86,0.12259952108322981
prostate,full,40000,89,79,79,0.14904587397504038
prostate,full,40000,89,79,79,0.15405065196534043
prostate,full,40000,89,88,88,0.2083310547848077
prostate,full,40000,89,88,88,0.24353479462650315
prostate,full,40000,89,87,87,0.21159466370854424
prostate,full,40000,89,88,88,0.08779337866522349
prostate,full,40000,89,88,88,0.10650311466885144
prostate,full,40000,89,86,86,0.030252177415672123
prostate,full,40000,89,85,85,0.08316242255033741
prostate,full,40000,89,87,87,0.13707904512354743
prostate,full,40000,89,87,87,0.20061223363217284
prostate,full,40000,89,87,87,0.16017483679702024
prostate,full,40000,89,83,83,0.1792994585061558
prostate,full,40000,89,83,83,0.1352987332406296
prostate,full,40000,89,80,80,0.2097869837638532
prostate,full,40000,89,88,88,0.16060813986261113
prostate,full,40000,89,86,86,0.31897063808688875
prostate,full,40000,89,88,88,0.13150443262116832
prostate,full,40000,89,83,83,0.08130420662520929
prostate,full,40000,89,79,79,0.02900455797515656
prostate,full,40000,89,77,77,0.09309349122494205
prostate,full,40000,89,88,88,0.058169600479388774
prostate,full,40000,89,88,88,0.01655935925847787
prostate,full,40000,89,88,88,0.1930993215085173
prostate,full,40000,89,88,88,0.012785973621535744
prostate,full,40000,89,87,87,0.012111737238255024
prostate,full,40000,89,86,86,0.021404152117852196
prostate,full,40000,89,86,86,0.019443737691075158
prostate,full,40000,89,86,86,0.047579051832102176
prostate,full,40000,89,85,85,0.0870096440679607
prostate,full,40000,89,85,85,0.01766381334871601
prostate,full,40000,89,76,76,0.0423368744539558
prostate,full,40000,89,88,88,0.09602962535964296
prostate,full,40000,89,84,84,0.1379847518686834
prostate,full,40000,89,88,88,0.042460732834987865
prostate,full,40000,89,88,88,0.0998420042356123
prostate,full,40000,89,88,88,0.03965084358271173
prostate,full,40000,89,86,86,0.03029939381478565
prostate,full,40000,89,88,88,0.20421241256143194
prostate,full,40000,89,88,88,0.17462522655962276
prostate,full,40000,89,88,88,0.19627391774576733
prostate,full,40000,89,86,86,0.22398984225878366
prostate,full,40000,89,84,84,0.19884222996791076
prostate,full,40000,89,78,78,0.16606633523188466
prostate,full,40000,89,74,74,0.20093958148672209
prostate,full,40000,89,88,88,0.26765557433684833
prostate,full,40000,89,88,88,0.22398431290028453
prostate,full,40000,89,84,84,0.1976483735800082
prostate,full,40000,89,87,87,0.32832016507393147
prostate,full,40000,89,87,87,0.31667267465636073
prostate,full,40000,89,84,84,0.3138389958402958
prostate,full,40000,89,88,88,0.16887865218159878
prostate,full,40000,89,78,78,0.09808607927768606
prostate,full,40000,89,88,88,0.10547783107832327
prostate,full,40000,89,88,88,0.0235071561361734
prostate,full,40000,89,88,88,0.016317881523052233
prostate,full,40000,89,88,88,0.0606260095222513
prostate,full,40000,89,88,88,0.01860881442776295
prostate,full,40000,89,88,88,0.07007917294339966
prostate,full,40000,89,88,88,0.09144588252804532
prostate,full,40000,89,83,83,0.03406956316504856
prostate,full,40000,89,88,88,0.009005405603344821
prostate,full,40000,89,88,88,0.03799315926504886
prostate,full,40000,89,88,88,0.04858266707591546
prostate,full,40000,89,88,88,0.09673994386534793
prostate,full,40000,89,87,87,0.27527776689269123
prostate,full,40000,89,87,87,0.2863019579922541
prostate,full,40000,89,86,86,0.2858386944286233
prostate,full,40000,89,85,85,0.1898876248222549
prostate,full,40000,89,84,84,0.24416603790981248
prostate,full,40000,89,49,49,0.34255686898571447
prostate,full,40000,89,88,88,0.08959184783622928
prostate,full,40000,89,85,85,0.051502710443751806
prostate,full,40000,89,84,84,0.08012594008157922
prostate,full,40000,89,80,80,0.057608997651546257
prostate,full,40000,89,77,77,0.035940516299410946
prostate,full,40000,89,88,88,0.1826976715979496
prostate,full,40000,89,86,86,0.12040447903415201
prostate,full,40000,89,85,85,0.12751992698846856
prostate,full,40000,89,82,82,0.09624703305242654
prostate,full,40000,89,87,87,0.12076771854642028
prostate,full,40000,89,86,86,0.14588140092090285
prostate,full,40000,89,86,86,0.015841200123733086
prostate,full,40000,89,85,85,0.109649506601406
prostate,full,40000,89,74,74,0.15035694243373524
prostate,full,40000,89,67,67,0.13987422063567015
prostate,full,40000,89,88,88,0.03961897192362522
prostate,full,40000,89,88,88,0.020461044757433933
prostate,full,40000,89,88,88,0.008252322365079383
prostate,full,40000,89,88,88,0.09247642009567512
prostate,full,40000,89,87,87,0.04372938887378503
prostate,full,40000,89,82,82,0.07990226847235855
prostate,full,40000,89,80,80,0.09139290484201598
prostate,full,40000,89,79,79,0.04940720396919203
prostate,full,40000,89,77,77,0.07178079908294048
prostate,full,40000,89,88,88,0.09380662836202242
prostate,full,40000,89,88,88,0.03927767015326079
prostate,full,40000,89,88,88,0.0115891113330118
prostate,full,40000,89,88,88,0.04158122748795301
prostate,full,40000,89,88,88,0.005669489410208787
prostate,full,40000,89,88,88,0.004664512043138892
prostate,full,40000,89,88,88,0.10045281403064298
prostate,full,40000,89,84,84,0.01210746486614309
prostate,full,40000,89,84,84,0.07649468859542354
prostate,full,40000,89,82,82,0.04140751043735936
prostate,full,40000,89,75,75,0.03269848379017212
prostate,full,40000,89,88,88,0.1775750874515059
prostate,full,40000,89,88,88,0.040626291570512514
prostate,full,40000,89,87,87,0.04318855548375554
prostate,full,40000,89,87,87,0.07384684062727054
prostate,full,40000,89,83,83,0.01448651011515748
prostate,full,40000,89,88,88,0.014693913948265504
prostate,full,40000,89,88,88,0.09797172432014632
prostate,full,40000,89,88,88,0.05499080061626794
prostate,full,40000,89,88,88,0.04559904177675696
prostate,full,40000,89,82,82,0.027830258538989853
prostate,full,40000,89,88,88,0.0035811348190463734
prostate,full,40000,89,88,88,0.014688941447710789
prostate,full,40000,89,88,88,0.04598692924820805
prostate,full,40000,89,88,88,0.03870103037190542
prostate,full,40000,89,88,88,0.04707312455252672
prostate,full,40000,89,88,88,0.00825839375539924
prostate,full,40000,89,88,88,0.0330743670989691
prostate,full,40000,89,88,88,0.03243955042042539
prostate,full,40000,89,88,88,0.15450464670201194
prostate,full,40000,89,88,88,0.03652657754042056
prostate,full,40000,89,88,88,0.015166397696193672
prostate,full,40000,89,88,88,0.00473065941100484
prostate,full,40000,89,87,87,0.007289392806631984
prostate,full,40000,89,87,87,0.010931742195025134
prostate,full,40000,89,86,86,0.04008338412132994
prostate,full,40000,89,86,86,0.010901416316148303
prostate,full,40000,89,86,86,0.013417174567183188
prostate,full,40000,89,86,86,0.028051435249128318
prostate,full,40000,89,82,82,0.05106249455469298
prostate,full,40000,89,88,88,0.2724537813364954
prostate,full,40000,89,87,87,0.2119294966624968
prostate,full,40000,89,84,84,0.21540302484680832
prostate,full,40000,89,78,78,0.2387390515390684
prostate,full,40000,89,76,76,0.08605927949371142
prostate,full,40000,89,64,64,0.17201412318454895
prostate,full,40000,89,88,88,0.12629872732721312
prostate,full,40000,89,88,88,0.006324690178180653
prostate,full,40000,89,86,86,0.16822237177228364
prostate,full,40000,89,74,74,0.2133615231935819
prostate,full,40000,89,88,88,0.13643722915476877
prostate,full,40000,89,83,83,0.08483948134615639
prostate,full,40000,89,77,77,0.01885031759014624
prostate,full,40000,89,87,87,0.30066031865025933
prostate,full,40000,89,87,87,0.30374109279816536
prostate,full,40000,89,84,84,0.29201940038494373
prostate,full,40000,89,82,82,0.20170677001415735
prostate,full,40000,89,78,78,0.0778644250708055
prostate,full,40000,89,87,87,0.2689640703266059
prostate,full,40000,89,86,86,0.29212716741734523
prostate,full,40000,89,79,79,0.2329428654945893
prostate,full,40000,89,88,88,0.23159895169415015
prostate,full,40000,89,88,88,0.13750999571950182
prostate,full,40000,89,87,87,0.04272925601660522
prostate,full,40000,89,84,84,0.1635306572550252
prostate,full,40000,89,88,88,0.20758085332818751
prostate,full,40000,89,88,88,0.22478060723487292
prostate,full,40000,89,87,87,0.043635118684134735
prostate,full,40000,89,87,87,0.010686045386057086
prostate,full,40000,89,86,86,0.17678119790374483
prostate,full,40000,89,88,88,0.17536771435412765
prostate,full,40000,89,88,88,0.050273582807036
prostate,full,40000,89,88,88,0.17064959916348785
prostate,full,40000,89,88,88,0.09051513724041853
prostate,full,40000,89,88,88,0.07669265881305441
prostate,full,40000,89,88,88,0.174619776439408
prostate,full,40000,90,89,89,0.2634592177370112
prostate,full,40000,90,89,89,0.0036895502939158333
prostate,full,40000,90,89,89,0.18408717592406468
prostate,full,40000,90,89,89,0.255539302344453
prostate,full,40000,90,89,89,0.17307315664796877
prostate,full,40000,90,89,89,0.2806133001743638
prostate,full,40000,90,89,89,0.2969050436025289
prostate,full,40000,90,89,89,0.033767576090396725
prostate,full,40000,90,86,86,0.17617239887294864
prostate,full,40000,90,81,81,0.03375592702088417
prostate,full,40000,90,89,89,0.21622489823625565
prostate,full,40000,90,89,89,0.19429081280296037
prostate,full,40000,90,89,89,0.05226824116969223
prostate,full,40000,90,89,89,0.12205630951283565
prostate,full,40000,90,89,89,0.09732842634632993
prostate,full,40000,90,88,88,0.010625873731810983
prostate,full,40000,90,89,89,0.1711411645494131
prostate,full,40000,90,89,89,0.26879457907886706
prostate,full,40000,90,86,86,0.2213747724704354
prostate,full,40000,90,89,89,0.24938700282034185
prostate,full,40000,90,89,89,0.11148708071770841
prostate,full,40000,90,86,86,0.1289483948276848
prostate,full,40000,90,85,85,0.18946245773058332
prostate,full,40000,90,49,49,0.2873113186768781
prostate,full,40000,90,89,89,0.10279798474060618
prostate,full,40000,90,89,89,0.011055305083589729
prostate,full,40000,90,89,89,0.022800842666990218
prostate,full,40000,90,89,89,0.006139452724594255
prostate,full,40000,90,89,89,0.008023642794261552
prostate,full,40000,90,89,89,0.00769453223861268
prostate,full,40000,90,89,89,0.01561643739493454
prostate,full,40000,90,89,89,0.03960044934945278
prostate,full,40000,90,89,89,0.006475104747292282
prostate,full,40000,90,89,89,0.013303475668626228
prostate,full,40000,90,89,89,0.042830354755046054
prostate,full,40000,90,89,89,0.013209274133732019
prostate,full,40000,90,89,89,0.010899453585480565
prostate,full,40000,90,89,89,0.009215286412020346
prostate,full,40000,90,89,89,0.007781924333019773
prostate,full,40000,90,89,89,0.012727555578408427
prostate,full,40000,90,89,89,0.017598096091389927
prostate,full,40000,90,89,89,0.014542026781113753
prostate,full,40000,90,89,89,0.014494121169294358
prostate,full,40000,90,89,89,0.01037893826273974
prostate,full,40000,90,89,89,0.01951613367837238
prostate,full,40000,90,88,88,0.007269650315138556
prostate,full,40000,90,88,88,0.01151297594999685
prostate,full,40000,90,88,88,0.009888596500802873
prostate,full,40000,90,87,87,0.016628888478018907
prostate,full,40000,90,87,87,0.015521651836186607
prostate,full,40000,90,87,87,0.014653694792335725
prostate,full,40000,90,87,87,0.012731737855242854
prostate,full,40000,90,87,87,0.014011680585100121
prostate,full,40000,90,83,83,0.028443565750163092
prostate,full,40000,90,89,89,0.023396451406283804
prostate,full,40000,90,89,89,0.20656280565183574
prostate,full,40000,90,89,89,0.014219358890321079
prostate,full,40000,90,89,89,0.1880908399238122
prostate,full,40000,90,87,87,0.013600139542216614
prostate,full,40000,90,86,86,0.007680411916979178
prostate,full,40000,90,86,86,0.11632041898422153
prostate,full,40000,90,83,83,0.016604191307372913
prostate,full,40000,90,87,87,0.2576151940653552
prostate,full,40000,90,87,87,0.2525526374678822
prostate,full,40000,90,87,87,0.25687612778052654
prostate,full,40000,90,87,87,0.25298130277068503
prostate,full,40000,90,70,70,0.25982873880136165
prostate,full,40000,90,89,89,0.0034890928496415234
prostate,full,40000,90,89,89,0.012017044142163168
prostate,full,40000,90,89,89,0.006124769607274119
prostate,full,40000,90,89,89,0.009780357406330738
prostate,full,40000,90,89,89,0.10842816896972429
prostate,full,40000,90,89,89,0.08507339706512576
prostate,full,40000,90,89,89,0.009286618530854331
prostate,full,40000,90,87,87,0.026065023606573652
prostate,full,40000,90,87,87,0.04014084119289999
prostate,full,40000,90,87,87,0.022633101290191575
prostate,full,40000,90,86,86,0.0805380532401013
prostate,full,40000,90,83,83,0.017860809902081158
prostate,full,40000,90,81,81,0.015207230279488237
prostate,full,40000,90,89,89,0.04184498726720915
prostate,full,40000,90,89,89,0.004483163460693265
prostate,full,40000,90,89,89,0.0034718748167311487
prostate,full,40000,90,89,89,0.010463527415867417
prostate,full,40000,90,89,89,0.0526394464819428
prostate,full,40000,90,89,89,0.04120260510558131
prostate,full,40000,90,89,89,0.01750757391644695
prostate,full,40000,90,89,89,0.1727612111071646
prostate,full,40000,90,89,89,0.03966113949618451
prostate,full,40000,90,89,89,0.03859060891214514
prostate,full,40000,90,89,89,0.00791231132680249
prostate,full,40000,90,89,89,0.016847146472743
prostate,full,40000,90,89,89,0.04101629103844499
prostate,full,40000,90,89,89,0.038563272589351216
prostate,full,40000,90,89,89,0.05740457237217842
prostate,full,40000,90,89,89,0.0035315319587120022
prostate,full,40000,90,89,89,0.008856945749369533
prostate,full,40000,90,89,89,0.006702309072183803
prostate,full,40000,90,89,89,0.004170454199615624
prostate,full,40000,90,89,89,0.0703556183132756
prostate,full,40000,90,89,89,0.04268005389167556
prostate,full,40000,90,89,89,0.03853063690665795
prostate,full,40000,90,88,88,0.010145383769809136
prostate,full,40000,90,88,88,0.03929383282099953
prostate,full,40000,90,88,88,0.012790360525746013
prostate,full,40000,90,88,88,0.009613146753400427
prostate,full,40000,90,87,87,0.005190041457648646
prostate,full,40000,90,87,87,0.03335410415949662
prostate,full,40000,90,87,87,0.03922517084575077
prostate,full,40000,90,87,87,0.05879007123271214
prostate,full,40000,90,87,87,0.03903383282584424
prostate,full,40000,90,83,83,0.05422949587794
prostate,full,40000,90,87,87,0.22770773775973538
prostate,full,40000,90,85,85,0.20412693759512843
prostate,full,40000,90,84,84,0.2586379572048809
prostate,full,40000,90,89,89,0.1600473583675592
prostate,full,40000,90,89,89,0.27068126616065574
prostate,full,40000,90,89,89,0.2964434871338302
prostate,full,40000,90,89,89,0.01771855869368771
prostate,full,40000,90,89,89,0.1619778116257511
prostate,full,40000,90,88,88,0.20789521667421595
prostate,full,40000,90,87,87,0.20856485918392673
prostate,full,40000,90,89,89,0.18221935315805463
prostate,full,40000,90,87,87,0.16543461716648544
prostate,full,40000,90,78,78,0.04189684266473676
prostate,full,40000,90,89,89,0.1657635252308879
prostate,full,40000,90,89,89,0.18301236854695221
prostate,full,40000,90,64,64,0.0421332199042921
prostate,full,40000,90,89,89,0.30109504858786146
prostate,full,40000,90,87,87,0.18194193947902174
prostate,full,40000,90,78,78,0.2674590675639641
prostate,full,40000,90,87,87,0.190581135815053
prostate,full,40000,90,86,86,0.1225342936477215
prostate,full,40000,90,79,79,0.022215004825211822
prostate,full,40000,90,74,74,0.19263637869023204
prostate,full,40000,90,88,88,0.2384315972027882
prostate,full,40000,90,88,88,0.2797136454760547
prostate,full,40000,90,88,88,0.29712872882605557
prostate,full,40000,90,84,84,0.27891508182110647
prostate,full,40000,90,76,76,0.2632450041374133
prostate,full,40000,90,74,74,0.22773225828241675
prostate,full,40000,90,89,89,0.2285483943303319
prostate,full,40000,90,89,89,0.22417893358459962
prostate,full,40000,90,86,86,0.1087367529934381
prostate,full,40000,90,89,89,0.08915203637618267
prostate,full,40000,90,89,89,0.14179084915679152
prostate,full,40000,90,87,87,0.10164450477768358
prostate,full,40000,90,85,85,0.15280435174578103
prostate,full,40000,90,89,89,0.014301958391115267
prostate,full,40000,90,89,89,0.30416901278889646
prostate,full,40000,90,89,89,0.24945523409325535
prostate,full,40000,90,87,87,0.02575212515818343
prostate,full,40000,90,86,86,0.1776920862352589
prostate,full,40000,90,89,89,0.23058227607423643
prostate,full,40000,90,89,89,0.09264133843673199
prostate,full,40000,90,89,89,0.17590060326441834
prostate,full,40000,90,86,86,0.1413816512602234
prostate,full,40000,90,86,86,0.029302672060266204
prostate,full,40000,90,89,89,0.13126627102858296
prostate,full,40000,90,89,89,0.0558956003175253
prostate,full,40000,90,89,89,0.07424440504585147
prostate,full,40000,90,88,88,0.1215254814807138
prostate,full,40000,90,88,88,0.01613972670752618
prostate,full,40000,90,85,85,0.1264951408118027
prostate,full,40000,90,84,84,0.12523430489250748
prostate,full,40000,90,72,72,0.16456449024793343
prostate,full,40000,90,89,89,0.1691795448027855
prostate,full,40000,90,89,89,0.18869721136985407
prostate,full,40000,90,88,88,0.24398664193897227
prostate,full,40000,90,87,87,0.23844308399733358
prostate,full,40000,90,87,87,0.21458301690266846
prostate,full,40000,90,87,87,0.21314802300430086
prostate,full,40000,90,87,87,0.24629753270678162
prostate,full,40000,90,89,89,0.23957638005216708
prostate,full,40000,90,89,89,0.2106524244826766
prostate,full,40000,90,89,89,0.08371082018987828
prostate,full,40000,90,89,89,0.10850879403341163
prostate,full,40000,90,84,84,0.008220499324614066
prostate,full,40000,90,80,80,0.09509051532668929
prostate,full,40000,90,87,87,0.3279902684388541
prostate,full,40000,90,83,83,0.3118849108185231
prostate,full,40000,90,77,77,0.28442971784805987
prostate,full,40000,90,88,88,0.18932575705716873
prostate,full,40000,90,88,88,0.13157235448466864
prostate,full,40000,90,88,88,0.14040242888218335
prostate,full,40000,90,88,88,0.24149079303837506
prostate,full,40000,90,86,86,0.021227503747149712
prostate,full,40000,90,85,85,0.20591104607383548
prostate,full,40000,90,85,85,0.13329175001126087
prostate,full,40000,90,85,85,0.2011776329829638
prostate,full,40000,90,85,85,0.18198576230808186
prostate,full,40000,90,84,84,0.19177283848819332
prostate,full,40000,90,82,82,0.18691844768497917
prostate,full,40000,90,75,75,0.1820585230114955
prostate,full,40000,90,89,89,0.2508462520924294
prostate,full,40000,90,88,88,0.2709993745240564
prostate,full,40000,90,88,88,0.26522907867643464
prostate,full,40000,90,78,78,0.05195242196098812
prostate,full,40000,90,89,89,0.07963470975697039
prostate,full,40000,90,89,89,0.15179208708060832
prostate,full,40000,90,87,87,0.025704183556106076
prostate,full,40000,90,87,87,0.06691115059653567
prostate,full,40000,90,87,87,0.10354799718100224
prostate,full,40000,90,86,86,0.12798419291823687
prostate,full,40000,90,89,89,0.09747898813992323
prostate,full,40000,90,89,89,0.15727985125257868
prostate,full,40000,90,84,84,0.014637292199232488
prostate,full,40000,90,85,85,0.3174673174553433
prostate,full,40000,90,76,76,0.2841746562241016
prostate,full,40000,90,72,72,0.28987212182173633
prostate,full,40000,90,65,65,0.2996491662563365
prostate,full,40000,90,36,36,0.36104622572681033
prostate,full,40000,90,89,89,0.23114767893992733
prostate,full,40000,90,89,89,0.16034726945348318
prostate,full,40000,90,86,86,0.11486520942844343
prostate,full,40000,90,88,88,0.14093164496581612
prostate,full,40000,90,88,88,0.1933529286521084
prostate,full,40000,90,88,88,0.19254383896147595
prostate,full,40000,90,88,88,0.10347548598813804
prostate,full,40000,90,88,88,0.1975601031385076
prostate,full,40000,90,88,88,0.24402074061440776
prostate,full,40000,90,87,87,0.1918205821135008
prostate,full,40000,90,86,86,0.1715646209434414
prostate,full,40000,90,86,86,0.018315814848159365
prostate,full,40000,90,84,84,0.1890227195783775
prostate,full,40000,90,89,89,0.26429104268481524
prostate,full,40000,90,89,89,0.1549309068724576
prostate,full,40000,90,89,89,0.01991388810446843
prostate,full,40000,90,89,89,0.09639693400923582
prostate,full,40000,90,89,89,0.011654981739225129
prostate,full,40000,90,89,89,0.07477264430416405
prostate,full,40000,90,89,89,0.029299497185946967
prostate,full,40000,90,89,89,0.03217579889968731
prostate,full,40000,90,89,89,0.16597780393704714
prostate,full,40000,90,89,89,0.1150320394139961
prostate,full,40000,90,89,89,0.008781551549891187
prostate,full,40000,90,89,89,0.00558858899199875
prostate,full,40000,90,88,88,0.013532208902466253
prostate,full,40000,90,87,87,0.044822007719907866
prostate,full,40000,90,86,86,0.008903847150867322
prostate,full,40000,90,86,86,0.008907808550959524
prostate,full,40000,90,83,83,0.024384473182327802
prostate,full,40000,90,77,77,0.0354422610129859
prostate,full,40000,90,89,89,0.1748080961259666
prostate,full,40000,90,89,89,0.1067326339066568
prostate,full,40000,90,89,89,0.14191018552221618
prostate,full,40000,90,89,89,0.20990157122954747
prostate,full,40000,90,85,85,0.13219476113820086
prostate,full,40000,90,89,89,0.07322394947306031
prostate,full,40000,90,89,89,0.007013130308908445
prostate,full,40000,90,89,89,0.003919854254302381
prostate,full,40000,90,89,89,0.11289913753998208
prostate,full,40000,90,88,88,0.003809499250003237
prostate,full,40000,90,85,85,0.09773000887771177
prostate,full,40000,90,89,89,0.1236886668358099
prostate,full,40000,90,89,89,0.17925079399587798
prostate,full,40000,90,89,89,0.04323585666000444
prostate,full,40000,90,87,87,0.010828690719631804
prostate,full,40000,90,87,87,0.09658342607680646
prostate,full,40000,90,86,86,0.13001610159115753
prostate,full,40000,90,89,89,0.18279368391235798
prostate,full,40000,90,89,89,0.27361504616594623
prostate,full,40000,90,89,89,0.2718803499665713
prostate,full,40000,90,86,86,0.1543051111667153
prostate,full,40000,90,89,89,0.1401049431496717
prostate,full,40000,90,89,89,0.025094740500817107
prostate,full,40000,90,89,89,0.23664389488172843
prostate,full,40000,90,89,89,0.09967492712916308
prostate,full,40000,90,89,89,0.008131211792329307
prostate,full,40000,90,89,89,0.02730094352202454
prostate,full,40000,90,87,87,0.06944199218394254
prostate,full,40000,90,83,83,0.055967643048529345
prostate,full,40000,90,74,74,0.08069943044524586
prostate,full,40000,90,73,73,0.11684696786476184
prostate,full,40000,90,72,72,0.1144506280887794
prostate,full,40000,90,68,68,0.11898449949721676
prostate,full,40000,90,89,89,0.25306523894885663
prostate,full,40000,90,88,88,0.25985109809477697
prostate,full,40000,90,88,88,0.21708694864723316
prostate,full,40000,90,83,83,0.244691089257143
prostate,full,40000,90,80,80,0.2559435648824539
prostate,full,40000,90,88,88,0.3222846339750523
prostate,full,40000,90,81,81,0.2858902468698177
prostate,full,40000,90,79,79,0.33479640567057073
prostate,full,40000,90,78,78,0.08259683220702592
prostate,full,40000,90,88,88,0.34246575867949414
prostate,full,40000,90,88,88,0.26490004999274824
prostate,full,40000,90,88,88,0.3164203316509235
prostate,full,40000,90,87,87,0.3230977190870447
prostate,full,40000,90,73,73,0.24969145652610616
prostate,full,40000,90,71,71,0.275402981320085
prostate,full,40000,90,89,89,0.139328903514254
prostate,full,40000,90,85,85,0.26645238789479314
prostate,full,40000,90,89,89,0.09498280682682173
prostate,full,40000,90,89,89,0.1259463187790849
prostate,full,40000,90,88,88,0.050999626824749636
prostate,full,40000,90,79,79,0.09780341951058806
prostate,full,40000,90,78,78,0.02888593051848341
prostate,full,40000,90,88,88,0.22027294168082803
prostate,full,40000,90,86,86,0.2482844578390639
prostate,full,40000,90,84,84,0.23266440968836258
prostate,full,40000,90,89,89,0.2568621174315806
prostate,full,40000,90,89,89,0.18466967029900583
prostate,full,40000,90,87,87,0.15328788581477398
prostate,full,40000,90,87,87,0.030109932943767913
prostate,full,40000,90,86,86,0.1588213461115922
prostate,full,40000,90,89,89,0.18848790981925972
prostate,full,40000,90,88,88,0.13842082044234755
prostate,full,40000,90,87,87,0.1404928709770464
prostate,full,40000,90,84,84,0.1865595775088142
prostate,full,40000,90,78,78,0.04268777224089699
prostate,full,40000,90,89,89,0.10337311933945277
prostate,full,40000,90,89,89,0.21128296948156727
prostate,full,40000,90,85,85,0.14319002518633994
prostate,full,40000,90,88,88,0.1793100760913711
prostate,full,40000,90,88,88,0.16806473948404177
prostate,full,40000,90,85,85,0.14332892215557508
prostate,full,40000,90,76,76,0.1496278659874896
prostate,full,40000,90,88,88,0.2028635613799735
prostate,full,40000,90,86,86,0.09367967689571105
prostate,full,40000,90,88,88,0.28947310191486125
prostate,full,40000,90,87,87,0.2888640292487228
prostate,full,40000,90,87,87,0.29192470981461677
prostate,full,40000,90,87,87,0.27396293996727744
prostate,full,40000,90,87,87,0.27392102604695007
prostate,full,40000,90,87,87,0.23093164956644358
prostate,full,40000,90,79,79,0.26972969063091295
prostate,full,40000,90,89,89,0.14066813154926433
prostate,full,40000,90,89,89,0.06433454846653411
prostate,full,40000,90,89,89,0.1886188112525191
prostate,full,40000,90,87,87,0.037211583980280606
prostate,full,40000,90,85,85,0.1346408177548149
prostate,full,40000,90,81,81,0.0288639583834478
prostate,full,40000,90,77,77,0.30623680449105006
prostate,full,40000,90,66,66,0.2827630417119309
prostate,full,40000,90,50,50,0.2963276861259938
prostate,full,40000,90,89,89,0.20546919673248015
prostate,full,40000,90,87,87,0.17993587848232956
prostate,full,40000,90,83,83,0.15946937424258467
prostate,full,40000,90,81,81,0.1551615104087748
prostate,full,40000,90,78,78,0.035984273577197565
prostate,full,40000,90,89,89,0.03212494383887994
prostate,full,40000,90,89,89,0.03592124284470386
prostate,full,40000,90,89,89,0.03392807223859602
prostate,full,40000,90,89,89,0.12304181230567715
prostate,full,40000,90,89,89,0.03313062581512868
prostate,full,40000,90,89,89,0.03380765676209837
prostate,full,40000,90,89,89,0.03830554031712293
prostate,full,40000,90,89,89,0.00441959734928158
prostate,full,40000,90,89,89,0.03313396754271726
prostate,full,40000,90,89,89,0.033908675975486226
prostate,full,40000,90,89,89,0.014641648861807324
prostate,full,40000,90,89,89,0.019281837827003722
prostate,full,40000,90,89,89,0.06908841219232185
prostate,full,40000,90,89,89,0.0321244706335744
prostate,full,40000,90,89,89,0.04133966273738206
prostate,full,40000,90,88,88,0.05283101108177319
prostate,full,40000,90,88,88,0.012988486728021132
prostate,full,40000,90,88,88,0.036686993766742886
prostate,full,40000,90,87,87,0.03746107487775149
prostate,full,40000,90,87,87,0.0333798934189052
prostate,full,40000,90,87,87,0.03776133473395251
prostate,full,40000,90,87,87,0.03338630659267642
prostate,full,40000,90,83,83,0.012355987257270525
prostate,full,40000,90,89,89,0.009276597333452192
prostate,full,40000,90,89,89,0.12217605867386379
prostate,full,40000,90,89,89,0.18774040958016835
prostate,full,40000,90,89,89,0.0046199448592093625
prostate,full,40000,90,89,89,0.06086763628818021
prostate,full,40000,90,89,89,0.13994316063974527
prostate,full,40000,90,88,88,0.06492983012930033
prostate,full,40000,90,88,88,0.19168687371820575
prostate,full,40000,90,88,88,0.18522031771329067
prostate,full,40000,90,87,87,0.1877648335304668
prostate,full,40000,90,87,87,0.18818826115596726
prostate,full,40000,90,86,86,0.18983269349838325
prostate,full,40000,90,86,86,0.02128159764940561
prostate,full,40000,90,86,86,0.1850953310563564
prostate,full,40000,90,85,85,0.18359412718628365
prostate,full,40000,90,85,85,0.1335581533910915
prostate,full,40000,90,89,89,0.22583701470460407
prostate,full,40000,90,89,89,0.2469946450713772
prostate,full,40000,90,89,89,0.1449656518317678
prostate,full,40000,90,79,79,0.13666530588558454
prostate,full,40000,90,89,89,0.005312782670071502
prostate,full,40000,90,89,89,0.007827922423556557
prostate,full,40000,90,89,89,0.057355430139157934
prostate,full,40000,90,89,89,0.02608713346438364
prostate,full,40000,90,89,89,0.15815227884361424
prostate,full,40000,90,89,89,0.1465552608613295
prostate,full,40000,90,88,88,0.006845696263506406
prostate,full,40000,90,87,87,0.009893978026837393
prostate,full,40000,90,87,87,0.012804121981651926
prostate,full,40000,90,87,87,0.014112639536690511
prostate,full,40000,90,87,87,0.027172060235372254
prostate,full,40000,90,86,86,0.08518027729278274
prostate,full,40000,90,83,83,0.019974714312808964
prostate,full,40000,90,89,89,0.06627562877963093
prostate,full,40000,90,89,89,0.1016789085959725
prostate,full,40000,90,89,89,0.09688321935243958
prostate,full,40000,90,85,85,0.1406130662565321
prostate,full,40000,90,89,89,0.290800196049855
prostate,full,40000,90,89,89,0.27333101964152645
prostate,full,40000,90,87,87,0.3451360533122988
prostate,full,40000,90,87,87,0.31682368711378134
prostate,full,40000,90,84,84,0.2811805097063868
prostate,full,40000,90,88,88,0.2016473092785084
prostate,full,40000,90,88,88,0.18351052308880103
prostate,full,40000,90,87,87,0.1944203939149039
prostate,full,40000,90,87,87,0.12253746474284723
prostate,full,40000,90,86,86,0.1492455902333349
prostate,full,40000,90,86,86,0.18285967550337567
prostate,full,40000,90,77,77,0.16820907000493146
prostate,full,40000,90,89,89,0.05405635612142334
prostate,full,40000,90,88,88,0.12057705485391189
prostate,full,40000,90,88,88,0.07504078840556638
prostate,full,40000,90,88,88,0.15125955962675056
prostate,full,40000,90,84,84,0.12203919857268952
prostate,full,40000,90,82,82,0.1338888276913354
prostate,full,40000,90,78,78,0.02824841651490094
prostate,full,40000,90,75,75,0.11248433469027014
prostate,full,40000,90,88,88,0.2049043786806414
prostate,full,40000,90,88,88,0.23150970814323263
prostate,full,40000,90,85,85,0.21167247880231813
prostate,full,40000,90,84,84,0.1571042486297282
prostate,full,40000,90,83,83,0.18847836006668783
prostate,full,40000,90,89,89,0.07406062979030184
prostate,full,40000,90,89,89,0.21435899874609643
prostate,full,40000,90,89,89,0.01685502412337866
prostate,full,40000,90,89,89,0.0958729559012375
prostate,full,40000,90,88,88,0.03653533176744889
prostate,full,40000,90,88,88,0.007727023975656202
prostate,full,40000,90,88,88,0.01530383233322325
prostate,full,40000,90,83,83,0.02181954298837713
prostate,full,40000,90,89,89,0.10776331480833252
prostate,full,40000,90,89,89,0.1713992357529035
prostate,full,40000,90,89,89,0.07950207609870909
prostate,full,40000,90,89,89,0.06293338470928786
prostate,full,40000,90,89,89,0.2036974286839945
prostate,full,40000,90,89,89,0.17605788278339454
prostate,full,40000,90,89,89,0.11675037710072995
prostate,full,40000,90,88,88,0.1881060955751625
prostate,full,40000,90,87,87,0.19867711054282405
prostate,full,40000,90,85,85,0.18360514836970912
prostate,full,40000,90,85,85,0.13218372284928015
prostate,full,40000,90,84,84,0.19855149667417393
prostate,full,40000,90,72,72,0.19881772797553715
prostate,full,40000,90,89,89,0.016066710812525885
prostate,full,40000,90,89,89,0.1936555740224271
prostate,full,40000,90,89,89,0.13151767091295516
prostate,full,40000,90,87,87,0.03920806031265225
prostate,full,40000,90,87,87,0.03461250362424825
prostate,full,40000,90,87,87,0.04513629632095473
prostate,full,40000,90,86,86,0.14693520508681918
prostate,full,40000,90,88,88,0.13396950515259984
prostate,full,40000,90,88,88,0.12221840131387372
prostate,full,40000,90,88,88,0.12743412746731855
prostate,full,40000,90,88,88,0.15181338822874926
prostate,full,40000,90,87,87,0.12220162560565972
prostate,full,40000,90,86,86,0.13952521247546865
prostate,full,40000,90,83,83,0.01731099832337074
prostate,full,40000,90,79,79,0.09483830379383765
prostate,full,40000,90,78,78,0.028427661770234022
prostate,full,40000,90,77,77,0.1412200487514363
prostate,full,40000,90,89,89,0.004131471922800219
prostate,full,40000,90,89,89,0.10752957238934167
prostate,full,40000,90,89,89,0.16574118262722756
prostate,full,40000,90,89,89,0.03197726949163983
prostate,full,40000,90,87,87,0.019914255128301073
prostate,full,40000,90,86,86,0.09608571628361696
prostate,full,40000,90,84,84,0.07031032077184396
prostate,full,40000,90,80,80,0.3220901863863004
prostate,full,40000,90,66,66,0.29131279944305527
prostate,full,40000,90,39,39,0.2984371237873476
prostate,full,40000,90,81,81,0.205865799528699
prostate,full,40000,90,79,79,0.2184843403135653
prostate,full,40000,90,78,78,0.19366033067036037
prostate,full,40000,90,78,78,0.21372728926136653
prostate,full,40000,90,78,78,0.2549773867715273
prostate,full,40000,90,74,74,0.254863983589218
prostate,full,40000,90,74,74,0.203835842071495
prostate,full,40000,90,73,73,0.19507149025939585
prostate,full,40000,90,77,77,0.14031589997276245
prostate,full,40000,90,74,74,0.1291598607656181
prostate,full,40000,90,65,65,0.1337784824933402
prostate,full,40000,90,59,59,0.16337429484819793
prostate,full,40000,90,54,54,0.1686894231808726
prostate,full,40000,90,89,89,0.182488659634844
prostate,full,40000,90,89,89,0.20563513180242138
prostate,full,40000,90,83,83,0.1584365196461332
prostate,full,40000,90,82,82,0.035601068434791626
prostate,full,40000,90,89,89,0.2171571574707463
prostate,full,40000,90,89,89,0.2042282582631711
prostate,full,40000,90,89,89,0.11723061357876943
prostate,full,40000,90,89,89,0.014650547343855009
prostate,full,40000,90,89,89,0.09067204147141626
prostate,full,40000,90,89,89,0.2484456799726213
prostate,full,40000,90,82,82,0.05665259281011541
prostate,full,40000,90,88,88,0.23617556699826725
prostate,full,40000,90,79,79,0.12839394205679316
prostate,full,40000,90,77,77,0.11941079892064213
prostate,full,40000,90,68,68,0.08334124464282872
prostate,full,40000,90,89,89,0.28234322729605027
prostate,full,40000,90,89,89,0.0387971258967304
prostate,full,40000,90,89,89,0.3299849368891956
prostate,full,40000,90,87,87,0.07674766631485873
prostate,full,40000,90,87,87,0.1317129546320905
prostate,full,40000,90,86,86,0.15505101191332332
prostate,full,40000,90,89,89,0.12744701360703026
prostate,full,40000,90,89,89,0.21236261470114945
prostate,full,40000,90,89,89,0.2033010830886275
prostate,full,40000,90,59,59,0.24244538532826795
prostate,full,40000,90,55,55,0.23999743717885505
prostate,full,40000,90,54,54,0.24180026210819616
prostate,full,40000,90,50,50,0.2219181997449962
prostate,full,40000,90,48,48,0.20817952448160834
prostate,full,40000,90,44,44,0.21252189762062051
prostate,full,40000,90,36,36,0.2503972839567632
prostate,full,40000,90,62,62,0.22630473658583566
prostate,full,40000,90,59,59,0.23606443844139566
prostate,full,40000,90,55,55,0.2351678336120305
prostate,full,40000,90,54,54,0.25016703782924227
prostate,full,40000,90,89,89,0.06349264100230813
prostate,full,40000,90,89,89,0.1874260897027971
prostate,full,40000,90,89,89,0.11934947354763255
prostate,full,40000,90,87,87,0.003265885981881313
prostate,full,40000,90,85,85,0.13091629737186036
prostate,full,40000,90,89,89,0.09457946763916525
prostate,full,40000,90,89,89,0.12615672198502403
prostate,full,40000,90,88,88,0.04369273045044521
prostate,full,40000,90,86,86,0.04508513589770685
prostate,full,40000,90,84,84,0.12304311843950126
prostate,full,40000,90,80,80,0.12379658768655086
prostate,full,40000,90,59,59,0.13838849375443102
prostate,full,40000,90,55,55,0.13907682704286
prostate,full,40000,90,86,86,0.16083591591573423
prostate,full,40000,90,77,77,0.1366665981892996
prostate,full,40000,90,36,36,0.2194278937027493
prostate,full,40000,90,89,89,0.19572913860242755
prostate,full,40000,90,89,89,0.0762604194448466
prostate,full,40000,90,89,89,0.03133385456160717
prostate,full,40000,90,89,89,0.03367738007294796
prostate,full,40000,90,88,88,0.011905397598132956
prostate,full,40000,90,87,87,0.07029389410161775
prostate,full,40000,90,87,87,0.025403610748729554
prostate,full,40000,90,89,89,0.010575477592335679
prostate,full,40000,90,89,89,0.1209001140198888
prostate,full,40000,90,87,87,0.09673369610032848
prostate,full,40000,90,85,85,0.09842323340240197
prostate,full,40000,90,89,89,0.06106519475813818
prostate,full,40000,90,89,89,0.17497175178905094
prostate,full,40000,90,89,89,0.031018546240878287
prostate,full,40000,90,89,89,0.022588920288664015
prostate,full,40000,90,89,89,0.022043168012140353
prostate,full,40000,90,87,87,0.01810337299627423
prostate,full,40000,90,87,87,0.0847005259527094
prostate,full,40000,90,89,89,0.18485323274001556
prostate,full,40000,90,85,85,0.3205712079653265
prostate,full,40000,90,89,89,0.03396958470213456
prostate,full,40000,90,89,89,0.0013860538189919092
prostate,full,40000,90,89,89,0.228776177714627
prostate,full,40000,90,89,89,0.21334526746418195
prostate,full,40000,90,89,89,0.25402516976113354
prostate,full,40000,90,85,85,0.19776296577024163
prostate,full,40000,90,89,89,0.22569233909848274
prostate,full,40000,90,89,89,0.0265819321601739
prostate,full,40000,90,89,89,0.21556130142294191
prostate,full,40000,90,88,88,0.21747085525279494
prostate,full,40000,90,85,85,0.183459574799857
prostate,full,40000,90,89,89,0.11780873810129154
prostate,full,40000,90,89,89,0.18867854609391307
prostate,full,40000,90,89,89,0.015342650985259774
prostate,full,40000,90,85,85,0.13443343735854402
prostate,full,40000,90,89,89,0.2771072078383947
prostate,full,40000,90,87,87,0.24875734376968897
prostate,full,40000,90,84,84,0.28303775915393514
prostate,full,40000,90,89,89,0.318536033984827
prostate,full,40000,90,89,89,0.2756953012178365
prostate,full,40000,90,89,89,0.22705408413344105
prostate,full,40000,90,84,84,0.24424164151518427
prostate,full,40000,90,83,83,0.23394884312372258
prostate,full,40000,90,89,89,0.15816224822184297
prostate,full,40000,90,89,89,0.16214287923675366
prostate,full,40000,90,89,89,0.19018134685891636
prostate,full,40000,90,84,84,0.15563333396500095
prostate,full,40000,90,88,88,0.07417498550343794
prostate,full,40000,90,87,87,0.12307919056872896
prostate,full,40000,90,87,87,0.15319419890097913
prostate,full,40000,90,86,86,0.15347249610301503
prostate,full,40000,90,85,85,0.13172379382055635
prostate,full,40000,90,83,83,0.01561743135185855
prostate,full,40000,90,82,82,0.14788635783164875
prostate,full,40000,90,78,78,0.02708487826690195
prostate,full,40000,90,88,88,0.2561234019655305
prostate,full,40000,90,87,87,0.2434967911646057
prostate,full,40000,90,87,87,0.2687274923905923
prostate,full,40000,90,84,84,0.2191973784883176
prostate,full,40000,90,83,83,0.22080203193022307
prostate,full,40000,90,83,83,0.24354319208947714
prostate,full,40000,90,83,83,0.24342892847683648
prostate,full,40000,90,83,83,0.24154315667178974
prostate,full,40000,90,83,83,0.23372898882405416
prostate,full,40000,90,83,83,0.2495847918284076
prostate,full,40000,90,83,83,0.21635421325450852
prostate,full,40000,90,83,83,0.21144544788204817
prostate,full,40000,90,83,83,0.21255730100686857
prostate,full,40000,90,82,82,0.236652324899322
prostate,full,40000,90,82,82,0.2368982599167978
prostate,full,40000,90,82,82,0.24896966364002815
prostate,full,40000,90,81,81,0.23337256083577346
prostate,full,40000,90,80,80,0.22944244861566165
prostate,full,40000,90,80,80,0.2281873217454617
prostate,full,40000,90,74,74,0.2527285770348784
prostate,full,40000,90,89,89,0.12275339665152839
prostate,full,40000,90,89,89,0.055207015130933186
prostate,full,40000,90,89,89,0.004972208722425876
prostate,full,40000,90,89,89,0.0743304557750097
prostate,full,40000,90,87,87,0.005596659878341015
prostate,full,40000,90,86,86,0.00648990332818596
prostate,full,40000,90,83,83,0.014291082614550976
prostate,full,40000,90,89,89,0.29938724326494787
prostate,full,40000,90,88,88,0.26170919130375975
prostate,full,40000,90,83,83,0.27104105832267855
prostate,full,40000,90,80,80,0.2752356686595762
prostate,full,40000,90,88,88,0.2722598574681761
prostate,full,40000,90,88,88,0.2514979420834935
prostate,full,40000,90,87,87,0.24415897027289288
prostate,full,40000,90,85,85,0.23120521738140404
prostate,full,40000,90,81,81,0.2111953641813339
prostate,full,40000,90,78,78,0.051275366421120114
prostate,full,40000,90,88,88,0.18692609044233555
prostate,full,40000,90,88,88,0.06857741700537091
prostate,full,40000,90,70,70,0.26203891347629166
prostate,full,40000,90,66,66,0.2852545813512978
prostate,full,40000,90,63,63,0.28843161216960544
prostate,full,40000,90,62,62,0.2973875030938883
prostate,full,40000,90,60,60,0.24368954976859322
prostate,full,40000,90,59,59,0.3444112275101771
prostate,full,40000,90,56,56,0.2625480281049496
prostate,full,40000,90,55,55,0.3433397781169185
prostate,full,40000,90,54,54,0.35813237876796106
prostate,full,40000,90,36,36,0.4087715377355782
prostate,full,40000,90,89,89,0.29446086894802326
prostate,full,40000,90,87,87,0.19677839548881318
prostate,full,40000,90,89,89,0.00693803055629943
prostate,full,40000,90,89,89,0.05636699659904066
prostate,full,40000,90,89,89,0.12021669012489246
prostate,full,40000,90,87,87,0.015432683906130062
prostate,full,40000,90,87,87,0.012235473247194557
prostate,full,40000,90,89,89,0.035332989305322485
prostate,full,40000,90,89,89,0.28570438703720374
prostate,full,40000,90,89,89,0.29617565417595576
prostate,full,40000,90,86,86,0.1693600707469289
prostate,full,40000,90,81,81,0.02928689964601713
prostate,full,40000,90,89,89,0.050832244176467145
prostate,full,40000,90,86,86,0.03441843250606154
prostate,full,40000,90,82,82,0.1381674600083782
prostate,full,40000,90,82,82,0.02012439047512849
prostate,full,40000,90,81,81,0.16806878836059613
prostate,full,40000,90,80,80,0.14170293576831838
prostate,full,40000,90,89,89,0.18660729389091602
prostate,full,40000,90,89,89,0.14006305097613272
prostate,full,40000,90,86,86,0.057124915207641645
prostate,full,40000,90,84,84,0.13250864141940213
prostate,full,40000,90,79,79,0.1326350494988333
prostate,full,40000,90,89,89,0.08035309298385586
prostate,full,40000,90,89,89,0.006119154812418443
prostate,full,40000,90,89,89,0.006435828097331374
prostate,full,40000,90,89,89,0.13958419056335858
prostate,full,40000,90,89,89,0.18654930747377965
prostate,full,40000,90,84,84,0.08394829633834344
prostate,full,40000,90,88,88,0.1598558426457475
prostate,full,40000,90,86,86,0.1543191453919131
prostate,full,40000,90,84,84,0.20262919412395872
prostate,full,40000,90,80,80,0.1262350381287281
prostate,full,40000,90,89,89,0.10122373531875324
prostate,full,40000,90,89,89,0.12316673048492315
prostate,full,40000,90,89,89,0.058375970054663426
prostate,full,40000,90,89,89,0.08637379227684253
prostate,full,40000,90,88,88,0.0665241201132
prostate,full,40000,90,83,83,0.04315600315765203
prostate,full,40000,91,90,90,0.04825978839137307
prostate,full,40000,91,87,87,0.20567117459942932
prostate,full,40000,91,90,90,0.2960540748692135
prostate,full,40000,91,90,90,0.002550362198953754
prostate,full,40000,91,90,90,0.17623424830052048
prostate,full,40000,91,90,90,0.1938619425526406
prostate,full,40000,91,90,90,0.025559759756154345
prostate,full,40000,91,88,88,0.13548426230629368
prostate,full,40000,91,84,84,0.04689857994744208
prostate,full,40000,91,78,78,0.11237146012330339
prostate,full,40000,91,90,90,0.036290399800996846
prostate,full,40000,91,90,90,0.26096621132891334
prostate,full,40000,91,90,90,0.13717072120605195
prostate,full,40000,91,90,90,0.11617098248509566
prostate,full,40000,91,90,90,0.18630012590463554
prostate,full,40000,91,89,89,0.018902262085776767
prostate,full,40000,91,88,88,0.08267550926918105
prostate,full,40000,91,88,88,0.05263008137027454
prostate,full,40000,91,88,88,0.01801025022362332
prostate,full,40000,91,88,88,0.04235205415666858
prostate,full,40000,91,54,54,0.22555381556960624
prostate,full,40000,91,49,49,0.11052963008201391
prostate,full,40000,91,48,48,0.1701753247308653
prostate,full,40000,91,44,44,0.15998702859150257
prostate,full,40000,91,44,44,0.20473019650475263
prostate,full,40000,91,89,89,0.2720050112774414
prostate,full,40000,91,88,88,0.27311538200949387
prostate,full,40000,91,85,85,0.24889272192697015
prostate,full,40000,91,85,85,0.2584255136311676
prostate,full,40000,91,84,84,0.24618546899438834
prostate,full,40000,91,90,90,0.2675253297287806
prostate,full,40000,91,90,90,0.21689408628160084
prostate,full,40000,91,90,90,0.2216767267418906
prostate,full,40000,91,87,87,0.15376743510652435
prostate,full,40000,91,84,84,0.0969960792539103
prostate,full,40000,91,90,90,0.020468022132487506
prostate,full,40000,91,90,90,0.06786769474986411
prostate,full,40000,91,90,90,0.14826597094407495
prostate,full,40000,91,90,90,0.08508353629145139
prostate,full,40000,91,89,89,0.06329912874030645
prostate,full,40000,91,89,89,0.02817257129747749
prostate,full,40000,91,89,89,0.022882088802539533
prostate,full,40000,91,88,88,0.013862068990524268
prostate,full,40000,91,88,88,0.016791771577787554
prostate,full,40000,91,84,84,0.0362451931593219
prostate,full,40000,91,82,82,0.05058649808485215
prostate,full,40000,91,78,78,0.05300280093972178
prostate,full,40000,91,90,90,0.183201721495803
prostate,full,40000,91,89,89,0.18393472542667075
prostate,full,40000,91,85,85,0.2226854185778113
prostate,full,40000,91,89,89,0.17827075484434024
prostate,full,40000,91,84,84,0.16634791106190164
prostate,full,40000,91,83,83,0.16805096728407048
prostate,full,40000,91,83,83,0.18201324904771343
prostate,full,40000,91,73,73,0.15332470564859432
prostate,full,40000,91,72,72,0.1869573904553133
prostate,full,40000,91,39,39,0.22096883234852036
prostate,full,40000,91,90,90,0.09757504758890678
prostate,full,40000,91,90,90,0.12266974341898695
prostate,full,40000,91,88,88,0.06400171742439277
prostate,full,40000,91,88,88,0.09640114702489605
prostate,full,40000,91,86,86,0.14525246245046874
prostate,full,40000,91,90,90,0.3143805080330637
prostate,full,40000,91,90,90,0.015337780229688644
prostate,full,40000,91,90,90,0.1442628133681726
prostate,full,40000,91,90,90,0.2626485695953945
prostate,full,40000,91,90,90,0.02044971576586579
prostate,full,40000,91,89,89,0.01364719536665078
prostate,full,40000,91,89,89,0.016952464449564508
prostate,full,40000,91,88,88,0.10574502987784569
prostate,full,40000,91,90,90,0.033553662390934304
prostate,full,40000,91,90,90,0.06969162653767094
prostate,full,40000,91,90,90,0.2390245565949919
prostate,full,40000,91,90,90,0.2631146887720081
prostate,full,40000,91,90,90,0.18747261927085723
prostate,full,40000,91,87,87,0.1578425803669769
prostate,full,40000,91,74,74,0.13276822383574
prostate,full,40000,91,36,36,0.19743646174057822
prostate,full,40000,91,90,90,0.25639135944900415
prostate,full,40000,91,90,90,0.023117122536623767
prostate,full,40000,91,90,90,0.27630051918724585
prostate,full,40000,91,90,90,0.18113071786576254
prostate,full,40000,91,89,89,0.09742195110885861
prostate,full,40000,91,87,87,0.1522328289536121
prostate,full,40000,91,90,90,0.16278669715574365
prostate,full,40000,91,90,90,0.23390148992771861
prostate,full,40000,91,90,90,0.24594822676797026
prostate,full,40000,91,86,86,0.11914971980972569
prostate,full,40000,91,90,90,0.30393910301475047
prostate,full,40000,91,90,90,0.007243908533014274
prostate,full,40000,91,90,90,0.15653193766071197
prostate,full,40000,91,86,86,0.269337397062706
prostate,full,40000,91,90,90,0.14742417437410774
prostate,full,40000,91,89,89,0.16628325386340959
prostate,full,40000,91,78,78,0.2176557292729882
prostate,full,40000,91,74,74,0.19659322418032152
prostate,full,40000,91,74,74,0.15306627337379985
prostate,full,40000,91,84,84,0.030160308416210684
prostate,full,40000,91,84,84,0.06494156334847721
prostate,full,40000,91,81,81,0.12366240021368859
prostate,full,40000,91,90,90,0.15617345089563825
prostate,full,40000,91,90,90,0.12630711674932155
prostate,full,40000,91,90,90,0.2504651433272036
prostate,full,40000,91,89,89,0.1297182376514555
prostate,full,40000,91,86,86,0.18296324665173946
prostate,full,40000,91,89,89,0.2446142701036043
prostate,full,40000,91,80,80,0.169487860039631
prostate,full,40000,91,78,78,0.21731257542044252
prostate,full,40000,91,71,71,0.1883990702777436
prostate,full,40000,91,84,84,0.18752037225859247
prostate,full,40000,91,59,59,0.18693672588168317
prostate,full,40000,91,39,39,0.23654464696428507
prostate,full,40000,91,90,90,0.1508216186084734
prostate,full,40000,91,90,90,0.22732239214671912
prostate,full,40000,91,90,90,0.16187875846057911
prostate,full,40000,91,90,90,0.2689881487975393
prostate,full,40000,91,88,88,0.01784465244945443
prostate,full,40000,91,88,88,0.044633317761025436
prostate,full,40000,91,89,89,0.29402202506205094
prostate,full,40000,91,89,89,0.2124614537984995
prostate,full,40000,91,89,89,0.258008459551938
prostate,full,40000,91,89,89,0.2434006432209043
prostate,full,40000,91,88,88,0.28461008175283403
prostate,full,40000,91,86,86,0.2782965211005612
prostate,full,40000,91,85,85,0.2435009423061764
prostate,full,40000,91,85,85,0.25072898494906054
prostate,full,40000,91,84,84,0.28401935025954905
prostate,full,40000,91,84,84,0.28460230894378935
prostate,full,40000,91,84,84,0.28495625792942836
prostate,full,40000,91,84,84,0.23382895839616807
prostate,full,40000,91,84,84,0.26580000875458054
prostate,full,40000,91,76,76,0.23363076779918163
prostate,full,40000,91,64,64,0.16016760840940764
prostate,full,40000,91,90,90,0.03903323961096323
prostate,full,40000,91,90,90,0.02709126575567598
prostate,full,40000,91,90,90,0.21943885204733427
prostate,full,40000,91,90,90,0.2471619422477554
prostate,full,40000,91,81,81,0.033154849326256536
prostate,full,40000,91,49,49,0.2345285034569906
prostate,full,40000,91,85,85,0.2680497723210799
prostate,full,40000,91,85,85,0.2546631057436468
prostate,full,40000,91,85,85,0.2486286976183892
prostate,full,40000,91,82,82,0.217922906388395
prostate,full,40000,91,79,79,0.2556369418896712
prostate,full,40000,91,79,79,0.2340174710894197
prostate,full,40000,91,78,78,0.24149310367115795
prostate,full,40000,91,78,78,0.26402585211239726
prostate,full,40000,91,77,77,0.24545678663724105
prostate,full,40000,91,65,65,0.133583001179952
prostate,full,40000,91,59,59,0.15752304665908415
prostate,full,40000,91,54,54,0.17100624018142377
prostate,full,40000,91,36,36,0.17963321064937554
prostate,full,40000,91,90,90,0.2177007184497624
prostate,full,40000,91,90,90,0.15081805845849597
prostate,full,40000,91,85,85,0.1617432413849431
prostate,full,40000,91,89,89,0.1860158732224041
prostate,full,40000,91,89,89,0.1694440022010759
prostate,full,40000,91,89,89,0.17846183140190772
prostate,full,40000,91,88,88,0.17395426465714078
prostate,full,40000,91,85,85,0.21244989027447594
prostate,full,40000,91,90,90,0.06048450698664064
prostate,full,40000,91,90,90,0.13515110032785083
prostate,full,40000,91,83,83,0.1589445411783407
prostate,full,40000,91,90,90,0.13182927634866395
prostate,full,40000,91,90,90,0.06890656188724102
prostate,full,40000,91,90,90,0.027083703034628922
prostate,full,40000,91,90,90,0.22381520694808882
prostate,full,40000,91,90,90,0.16991862619694043
prostate,full,40000,91,90,90,0.10541831175727386
prostate,full,40000,91,54,54,0.1519905522736005
prostate,full,40000,91,44,44,0.1829598386252078
prostate,full,40000,91,39,39,0.08775942607177338
prostate,full,40000,91,90,90,0.09504994473924933
prostate,full,40000,91,90,90,0.18091809610357146
prostate,full,40000,91,90,90,0.00543220626316859
prostate,full,40000,91,90,90,0.039102966928555666
prostate,full,40000,91,90,90,0.007913089572644935
prostate,full,40000,91,90,90,0.007286699388855122
prostate,full,40000,91,90,90,0.1899006852131809
prostate,full,40000,91,90,90,0.004815581408368538
prostate,full,40000,91,90,90,0.006161803973224475
prostate,full,40000,91,90,90,0.003623538848682364
prostate,full,40000,91,90,90,0.026158879977613812
prostate,full,40000,91,89,89,0.01640241531382655
prostate,full,40000,91,89,89,0.012473240650934156
prostate,full,40000,91,88,88,0.01226666746001463
prostate,full,40000,91,88,88,0.016644123510373372
prostate,full,40000,91,84,84,0.023757264388878003
prostate,full,40000,91,90,90,0.3102732618966792
prostate,full,40000,91,89,89,0.2772553772459646
prostate,full,40000,91,89,89,0.26823095385112383
prostate,full,40000,91,87,87,0.14672135407526196
prostate,full,40000,91,84,84,0.14577558263520674
prostate,full,40000,91,78,78,0.32432603478675304
prostate,full,40000,91,89,89,0.1533847821113786
prostate,full,40000,91,89,89,0.1791201052702333
prostate,full,40000,91,88,88,0.2417048422037916
prostate,full,40000,91,87,87,0.23003988616096085
prostate,full,40000,91,79,79,0.23142410484408263
prostate,full,40000,91,71,71,0.17427968231110672
prostate,full,40000,91,89,89,0.3366432453371416
prostate,full,40000,91,89,89,0.3131546702873716
prostate,full,40000,91,88,88,0.30606822378854176
prostate,full,40000,91,84,84,0.33869246712745216
prostate,full,40000,91,78,78,0.3120455603514217
prostate,full,40000,91,90,90,0.007173314556804153
prostate,full,40000,91,90,90,0.09875923314737307
prostate,full,40000,91,90,90,0.17243363651598712
prostate,full,40000,91,90,90,0.21388323584035346
prostate,full,40000,91,84,84,0.07939476296214257
prostate,full,40000,91,90,90,0.239017898428372
prostate,full,40000,91,89,89,0.22893891997921748
prostate,full,40000,91,85,85,0.25418717171797645
prostate,full,40000,91,90,90,0.18428679725292166
prostate,full,40000,91,90,90,0.13861897392195216
prostate,full,40000,91,90,90,0.02073532076551379
prostate,full,40000,91,90,90,0.00778144862120504
prostate,full,40000,91,90,90,0.01394028076708278
prostate,full,40000,91,90,90,0.06408252896604552
prostate,full,40000,91,90,90,0.015108991086655008
prostate,full,40000,91,90,90,0.03172764717035029
prostate,full,40000,91,90,90,0.01047072023366627
prostate,full,40000,91,90,90,0.08037314184947257
prostate,full,40000,91,90,90,0.03614412489916969
prostate,full,40000,91,90,90,0.009897937435908862
prostate,full,40000,91,90,90,0.011767627811396777
prostate,full,40000,91,90,90,0.007819721176127949
prostate,full,40000,91,90,90,0.0049934555528905415
prostate,full,40000,91,90,90,0.01746932732712186
prostate,full,40000,91,89,89,0.018950309721922694
prostate,full,40000,91,89,89,0.01842930073304199
prostate,full,40000,91,88,88,0.006847230565569865
prostate,full,40000,91,88,88,0.03764218904671976
prostate,full,40000,91,88,88,0.010989522572304388
prostate,full,40000,91,88,88,0.007120199042621842
prostate,full,40000,91,88,88,0.01036588126106187
prostate,full,40000,91,88,88,0.004936189667442601
prostate,full,40000,91,88,88,0.019211099351003947
prostate,full,40000,91,84,84,0.02636865547919525
prostate,full,40000,91,90,90,0.23777467570977315
prostate,full,40000,91,90,90,0.3088608985491172
prostate,full,40000,91,88,88,0.1528826115936547
prostate,full,40000,91,86,86,0.276812411728554
prostate,full,40000,91,90,90,0.22304080030749762
prostate,full,40000,91,90,90,0.18704992759999814
prostate,full,40000,91,86,86,0.12700297844964964
prostate,full,40000,91,90,90,0.19279589146413093
prostate,full,40000,91,90,90,0.010612868389177434
prostate,full,40000,91,90,90,0.11385848859175819
prostate,full,40000,91,90,90,0.13884852223985733
prostate,full,40000,91,89,89,0.047079869664855306
prostate,full,40000,91,89,89,0.04008313702129144
prostate,full,40000,91,88,88,0.03701327881907042
prostate,full,40000,91,88,88,0.10261836460256751
prostate,full,40000,91,87,87,0.1643998903976435
prostate,full,40000,91,90,90,0.21009086665930307
prostate,full,40000,91,90,90,0.2237442226174023
prostate,full,40000,91,90,90,0.21240533059019914
prostate,full,40000,91,88,88,0.0708618881493538
prostate,full,40000,91,87,87,0.08735528254033366
prostate,full,40000,91,88,88,0.009323569861764846
prostate,full,40000,91,81,81,0.12069416712870819
prostate,full,40000,91,90,90,0.23195503789053168
prostate,full,40000,91,90,90,0.032292842862945634
prostate,full,40000,91,90,90,0.17457043576286216
prostate,full,40000,91,88,88,0.03342121361128999
prostate,full,40000,91,88,88,0.14258772725998933
prostate,full,40000,91,87,87,0.14526004760844777
prostate,full,40000,91,54,54,0.1119357510889964
prostate,full,40000,91,44,44,0.1673052244482011
prostate,full,40000,91,39,39,0.10184579019111903
prostate,full,40000,91,90,90,0.23883980688858053
prostate,full,40000,91,89,89,0.19813924861109855
prostate,full,40000,91,85,85,0.2026702586971952
prostate,full,40000,91,90,90,0.27342752665441256
prostate,full,40000,91,89,89,0.19284839692581696
prostate,full,40000,91,88,88,0.24092809232087176
prostate,full,40000,91,84,84,0.30041027248294433
prostate,full,40000,91,83,83,0.07857752597253347
prostate,full,40000,91,90,90,0.23967542596586489
prostate,full,40000,91,87,87,0.25680495746850424
prostate,full,40000,91,86,86,0.16822989536757083
prostate,full,40000,91,85,85,0.2378029341788696
prostate,full,40000,91,79,79,0.2541594126104431
prostate,full,40000,91,87,87,0.23619386981977628
prostate,full,40000,91,87,87,0.251698025635961
prostate,full,40000,91,85,85,0.26417513603727083
prostate,full,40000,91,85,85,0.23783500270536045
prostate,full,40000,91,81,81,0.2622439711429592
prostate,full,40000,91,80,80,0.23611867811302112
prostate,full,40000,91,74,74,0.23427116367552667
prostate,full,40000,91,89,89,0.24688339789919783
prostate,full,40000,91,90,90,0.24256384791070323
prostate,full,40000,91,72,72,0.2540843797841894
prostate,full,40000,91,90,90,0.24575309151713157
prostate,full,40000,91,90,90,0.2152307221394275
prostate,full,40000,91,90,90,0.22289183412590213
prostate,full,40000,91,87,87,0.1774099596264407
prostate,full,40000,91,90,90,0.17722025494735824
prostate,full,40000,91,85,85,0.3154361038691767
prostate,full,40000,91,90,90,0.13779852796023526
prostate,full,40000,91,90,90,0.01458551511414174
prostate,full,40000,91,90,90,0.10742085844917107
prostate,full,40000,91,90,90,0.05962261618679152
prostate,full,40000,91,89,89,0.038977294180896814
prostate,full,40000,91,87,87,0.013385141833504645
prostate,full,40000,91,87,87,0.12047119254655596
prostate,full,40000,91,90,90,0.302951354311109
prostate,full,40000,91,90,90,0.0242480773262764
prostate,full,40000,91,90,90,0.005525742587037232
prostate,full,40000,91,90,90,0.26664175099581194
prostate,full,40000,91,90,90,0.1568815626722271
prostate,full,40000,91,89,89,0.0967822319137997
prostate,full,40000,91,90,90,0.1829928558648683
prostate,full,40000,91,90,90,0.0636365117324305
prostate,full,40000,91,90,90,0.030710527704763863
prostate,full,40000,91,90,90,0.006057232390815903
prostate,full,40000,91,90,90,0.12137708707953387
prostate,full,40000,91,89,89,0.028144027699560748
prostate,full,40000,91,88,88,0.031606463089408
prostate,full,40000,91,88,88,0.008816338346783631
prostate,full,40000,91,88,88,0.0215536220337352
prostate,full,40000,91,88,88,0.29392439850138663
prostate,full,40000,91,82,82,0.23399479341862164
prostate,full,40000,91,81,81,0.2749062028460321
prostate,full,40000,91,81,81,0.25513361458364503
prostate,full,40000,91,78,78,0.2631386628166209
prostate,full,40000,91,75,75,0.2727587814443118
prostate,full,40000,91,90,90,0.23913869879825242
prostate,full,40000,91,90,90,0.29478478273246905
prostate,full,40000,91,90,90,0.11203553269518508
prostate,full,40000,91,89,89,0.03697595064880367
prostate,full,40000,91,89,89,0.06236010382711865
prostate,full,40000,91,87,87,0.18179492624043878
prostate,full,40000,91,90,90,0.1985002305291299
prostate,full,40000,91,90,90,0.18391215148253612
prostate,full,40000,91,88,88,0.16650181771786812
prostate,full,40000,91,86,86,0.1647055567771857
prostate,full,40000,91,85,85,0.02366066505421559
prostate,full,40000,91,90,90,0.1629219815637089
prostate,full,40000,91,90,90,0.2170952337860551
prostate,full,40000,91,90,90,0.2525562442103472
prostate,full,40000,91,86,86,0.18814875046053806
prostate,full,40000,91,90,90,0.2516788386885458
prostate,full,40000,91,90,90,0.21333687708981314
prostate,full,40000,91,89,89,0.2225247033868928
prostate,full,40000,91,86,86,0.18661682144425437
prostate,full,40000,91,88,88,0.22559611043498073
prostate,full,40000,91,88,88,0.23673425690994818
prostate,full,40000,91,88,88,0.24357679193585716
prostate,full,40000,91,88,88,0.2131050008710032
prostate,full,40000,91,87,87,0.2503910409852326
prostate,full,40000,91,85,85,0.19308485454090893
prostate,full,40000,91,85,85,0.24811995670532647
prostate,full,40000,91,84,84,0.2670568742389872
prostate,full,40000,91,84,84,0.21985691846048
prostate,full,40000,91,84,84,0.2448396011352223
prostate,full,40000,91,76,76,0.219894623094202
prostate,full,40000,91,76,76,0.21658858915596105
prostate,full,40000,91,64,64,0.19192596777424453
prostate,full,40000,91,64,64,0.20674473178342395
prostate,full,40000,91,90,90,0.14532792067408853
prostate,full,40000,91,90,90,0.21645227040525974
prostate,full,40000,91,89,89,0.25019441213348315
prostate,full,40000,91,90,90,0.010579655111524018
prostate,full,40000,91,90,90,0.1194054522973463
prostate,full,40000,91,90,90,0.05532028540661524
prostate,full,40000,91,90,90,0.0031106723421223683
prostate,full,40000,91,90,90,0.015139680187402674
prostate,full,40000,91,90,90,0.008061111275739528
prostate,full,40000,91,90,90,0.07500892392444876
prostate,full,40000,91,90,90,0.004987813051668714
prostate,full,40000,91,90,90,0.0040119697955771074
prostate,full,40000,91,90,90,0.01256653403754073
prostate,full,40000,91,90,90,0.002848556770254012
prostate,full,40000,91,90,90,0.008091264007240232
prostate,full,40000,91,90,90,0.012971127680882624
prostate,full,40000,91,90,90,0.010288674899221036
prostate,full,40000,91,89,89,0.01759536765399225
prostate,full,40000,91,89,89,0.002074928725933674
prostate,full,40000,91,88,88,0.008436686029791227
prostate,full,40000,91,88,88,0.007634713212357925
prostate,full,40000,91,88,88,0.008059531168947243
prostate,full,40000,91,84,84,0.014914402200110543
prostate,full,40000,91,90,90,0.25036530140007984
prostate,full,40000,91,90,90,0.2744509885298495
prostate,full,40000,91,90,90,0.1576013907832995
prostate,full,40000,91,88,88,0.15658852263969966
prostate,full,40000,91,87,87,0.18142289594018104
prostate,full,40000,91,89,89,0.29352023770912683
prostate,full,40000,91,89,89,0.30143019501349344
prostate,full,40000,91,81,81,0.1263203252028624
prostate,full,40000,91,68,68,0.061142490546176466
prostate,full,40000,91,90,90,0.22770735817993484
prostate,full,40000,91,90,90,0.251666765081052
prostate,full,40000,91,81,81,0.1314809189502556
prostate,full,40000,91,54,54,0.06548746842720389
prostate,full,40000,91,88,88,0.2616927049279101
prostate,full,40000,91,80,80,0.21413802839229742
prostate,full,40000,91,80,80,0.19770702966586015
prostate,full,40000,91,76,76,0.23386478077273942
prostate,full,40000,91,59,59,0.32909148698916796
prostate,full,40000,91,55,55,0.34318894533352906
prostate,full,40000,91,90,90,0.15435185133472654
prostate,full,40000,91,90,90,0.2413191375787872
prostate,full,40000,91,90,90,0.10401567443612393
prostate,full,40000,91,90,90,0.24148476661340704
prostate,full,40000,91,89,89,0.24762090440494214
prostate,full,40000,91,87,87,0.15503277976141083
prostate,full,40000,91,84,84,0.1975712137579406
prostate,full,40000,91,84,84,0.15528449548240714
prostate,full,40000,91,68,68,0.08692516574255986
prostate,full,40000,91,55,55,0.054431371123447314
prostate,full,40000,91,48,48,0.11004802408393251
prostate,full,40000,91,42,42,0.14033761875096798
prostate,full,40000,91,90,90,0.14580460540173898
prostate,full,40000,91,90,90,0.2510190149378652
prostate,full,40000,91,90,90,0.011927843206647089
prostate,full,40000,91,90,90,0.22732711555930443
prostate,full,40000,91,88,88,0.09433010633441957
prostate,full,40000,91,88,88,0.026365166177588602
prostate,full,40000,91,87,87,0.1322418450219702
prostate,full,40000,91,90,90,0.007248244027538294
prostate,full,40000,91,90,90,0.13028303557851884
prostate,full,40000,91,89,89,0.12916495500567501
prostate,full,40000,91,88,88,0.010070769531154024
prostate,full,40000,91,86,86,0.1384221829300232
prostate,full,40000,91,90,90,0.21979820150533608
prostate,full,40000,91,90,90,0.18390404502579652
prostate,full,40000,91,90,90,0.27599784706274766
prostate,full,40000,91,87,87,0.13097999181466233
prostate,full,40000,91,90,90,0.13191850606480005
prostate,full,40000,91,90,90,0.1538481849780315
prostate,full,40000,91,90,90,0.25049823475868327
prostate,full,40000,91,90,90,0.0024219789950310584
prostate,full,40000,91,90,90,0.005938231741426098
prostate,full,40000,91,90,90,0.26522544108396967
prostate,full,40000,91,90,90,0.006699601033020411
prostate,full,40000,91,90,90,0.004376699517464614
prostate,full,40000,91,84,84,0.020310256865981282
prostate,full,40000,91,82,82,0.023694851047164855
prostate,full,40000,91,90,90,0.14869523604904428
prostate,full,40000,91,90,90,0.016045165333166068
prostate,full,40000,91,90,90,0.3006718717597288
prostate,full,40000,91,90,90,0.24712731716831346
prostate,full,40000,91,90,90,0.03749152211501119
prostate,full,40000,91,90,90,0.026900132677455953
prostate,full,40000,91,90,90,0.020288768193614762
prostate,full,40000,91,90,90,0.16295269207086469
prostate,full,40000,91,90,90,0.10047139665929687
prostate,full,40000,91,90,90,0.09692930467561268
prostate,full,40000,91,90,90,0.018793962720061733
prostate,full,40000,91,88,88,0.09432664001110634
prostate,full,40000,91,80,80,0.056110516080741094
prostate,full,40000,92,91,91,0.24294437633461383
prostate,full,40000,92,89,89,0.23328052481929323
prostate,full,40000,92,89,89,0.23716213409070203
prostate,full,40000,92,89,89,0.1499287535837008
prostate,full,40000,92,87,87,0.22533819558950752
prostate,full,40000,92,85,85,0.22473087975857595
prostate,full,40000,92,91,91,0.012675782645274533
prostate,full,40000,92,91,91,0.16155426880206455
prostate,full,40000,92,91,91,0.2151426769538567
prostate,full,40000,92,91,91,0.0220811895904544
prostate,full,40000,92,91,91,0.010075445652771492
prostate,full,40000,92,91,91,0.24620653294464906
prostate,full,40000,92,91,91,0.1371203848183519
prostate,full,40000,92,89,89,0.12061326909773717
prostate,full,40000,92,88,88,0.010650026677083386
prostate,full,40000,92,87,87,0.03725895846786196
prostate,full,40000,92,85,85,0.022028410165227854
prostate,full,40000,92,83,83,0.037395416462753156
prostate,full,40000,92,79,79,0.060087874125214574
prostate,full,40000,92,88,88,0.2292484185030175
prostate,full,40000,92,36,36,0.3815396613980808
prostate,full,40000,92,91,91,0.22814026984071545
prostate,full,40000,92,91,91,0.032957034374308004
prostate,full,40000,92,91,91,0.166747418953037
prostate,full,40000,92,88,88,0.11568561325951231
prostate,full,40000,92,54,54,0.20798228224770157
prostate,full,40000,92,49,49,0.0937785956647526
prostate,full,40000,92,44,44,0.1907284577879939
prostate,full,40000,92,91,91,0.1396033939136726
prostate,full,40000,92,91,91,0.20782624631885516
prostate,full,40000,92,91,91,0.0689544861781545
prostate,full,40000,92,91,91,0.01158594156948478
prostate,full,40000,92,90,90,0.06368224501702814
prostate,full,40000,92,87,87,0.09408434535020396
prostate,full,40000,92,83,83,0.014410791490570802
prostate,full,40000,92,82,82,0.134227782914702
prostate,full,40000,92,33,33,0.12432269317449685
prostate,full,40000,92,91,91,0.24617557746853147
prostate,full,40000,92,91,91,0.11371482561581764
prostate,full,40000,92,91,91,0.2294499052204398
prostate,full,40000,92,91,91,0.05607556001482399
prostate,full,40000,92,88,88,0.06885855169428852
prostate,full,40000,92,88,88,0.002398651087422567
prostate,full,40000,92,91,91,0.18724887779115248
prostate,full,40000,92,91,91,0.21148747444217963
prostate,full,40000,92,91,91,0.1658690353612445
prostate,full,40000,92,91,91,0.19692879266992255
prostate,full,40000,92,90,90,0.015613113395378013
prostate,full,40000,92,81,81,0.02497118764981761
prostate,full,40000,92,78,78,0.14482289751354988
prostate,full,40000,92,63,63,0.11596045438761782
prostate,full,40000,92,91,91,0.21156358377622475
prostate,full,40000,92,91,91,0.017056612801159558
prostate,full,40000,92,91,91,0.008777658848910951
prostate,full,40000,92,91,91,0.036330140545541866
prostate,full,40000,92,91,91,0.04413006318617067
prostate,full,40000,92,91,91,0.10480472089340696
prostate,full,40000,92,91,91,0.05027381184773651
prostate,full,40000,92,91,91,0.15587443618983698
prostate,full,40000,92,90,90,0.10231244070833859
prostate,full,40000,92,85,85,0.07302187841386282
prostate,full,40000,92,77,77,0.12665277418067983
prostate,full,40000,92,74,74,0.14140498176150693
prostate,full,40000,92,54,54,0.1511038747844352
prostate,full,40000,92,91,91,0.2897219378191139
prostate,full,40000,92,91,91,0.24302942638402333
prostate,full,40000,92,91,91,0.12090612745238835
prostate,full,40000,92,91,91,0.01004720817998955
prostate,full,40000,92,87,87,0.09485208609809404
prostate,full,40000,92,91,91,0.24974015587028223
prostate,full,40000,92,90,90,0.2127817403948421
prostate,full,40000,92,90,90,0.14322656727422786
prostate,full,40000,92,90,90,0.2596967966291039
prostate,full,40000,92,87,87,0.19696304421096408
prostate,full,40000,92,91,91,0.24935757190974717
prostate,full,40000,92,91,91,0.07178533389107249
prostate,full,40000,92,91,91,0.0019013892876082144
prostate,full,40000,92,91,91,0.2135963123679558
prostate,full,40000,92,91,91,0.06477438045814904
prostate,full,40000,92,91,91,0.002979123061274877
prostate,full,40000,92,91,91,0.14751855796091987
prostate,full,40000,92,86,86,0.11011688801124107
prostate,full,40000,92,78,78,0.09405989786747283
prostate,full,40000,92,75,75,0.11034718725572816
prostate,full,40000,92,68,68,0.1599649626751422
prostate,full,40000,92,65,65,0.15211249600995347
prostate,full,40000,92,59,59,0.1821897612923089
prostate,full,40000,92,59,59,0.1901201936982569
prostate,full,40000,92,55,55,0.18996942075424947
prostate,full,40000,92,91,91,0.2789482852419529
prostate,full,40000,92,91,91,0.018491509634230244
prostate,full,40000,92,91,91,0.2368722271670162
prostate,full,40000,92,91,91,0.02893411080748121
prostate,full,40000,92,91,91,0.013888308939251878
prostate,full,40000,92,91,91,0.12556039502245747
prostate,full,40000,92,90,90,0.09908704730053024
prostate,full,40000,92,90,90,0.03850281125512035
prostate,full,40000,92,89,89,0.011211690840059123
prostate,full,40000,92,89,89,0.01674048070002529
prostate,full,40000,92,90,90,0.18714130876746432
prostate,full,40000,92,89,89,0.1839599595597673
prostate,full,40000,92,87,87,0.1864861120990636
prostate,full,40000,92,91,91,0.09255915938813916
prostate,full,40000,92,82,82,0.08355572123698789
prostate,full,40000,92,59,59,0.055493578224842605
prostate,full,40000,92,55,55,0.0530874029030368
prostate,full,40000,92,91,91,0.22852997631740532
prostate,full,40000,92,91,91,0.2441680069633443
prostate,full,40000,92,90,90,0.1632128692135784
prostate,full,40000,92,87,87,0.1725597596814672
prostate,full,40000,92,91,91,0.19298850132762616
prostate,full,40000,92,91,91,0.001668389662644149
prostate,full,40000,92,91,91,0.02106285696293695
prostate,full,40000,92,91,91,0.004163722499112953
prostate,full,40000,92,91,91,0.07540484087857514
prostate,full,40000,92,91,91,0.2612302643494598
prostate,full,40000,92,89,89,0.16972862016994955
prostate,full,40000,92,91,91,0.2777877396813038
prostate,full,40000,92,91,91,0.22458742930390865
prostate,full,40000,92,91,91,0.2671467666884007
prostate,full,40000,92,89,89,0.1961183343877558
prostate,full,40000,92,86,86,0.2418216143654063
prostate,full,40000,92,88,88,0.031938574591924375
prostate,full,40000,92,84,84,0.09061639611869537
prostate,full,40000,92,84,84,0.12137582340452394
prostate,full,40000,92,82,82,0.10859167835715673
prostate,full,40000,92,91,91,0.22642616467981574
prostate,full,40000,92,91,91,0.0955905105334102
prostate,full,40000,92,91,91,0.18832139784357965
prostate,full,40000,92,91,91,0.2304456980066353
prostate,full,40000,92,89,89,0.12576358965605414
prostate,full,40000,92,88,88,0.034812759620820505
prostate,full,40000,92,88,88,0.1737878796586664
prostate,full,40000,92,91,91,0.10525527174999973
prostate,full,40000,92,91,91,0.25623123042998563
prostate,full,40000,92,91,91,0.15068207710338027
prostate,full,40000,92,91,91,0.23697427223346926
prostate,full,40000,92,91,91,0.01980432347075125
prostate,full,40000,92,90,90,0.048815942182599915
prostate,full,40000,92,87,87,0.019241131549970113
prostate,full,40000,92,91,91,0.09906183625240822
prostate,full,40000,92,91,91,0.024493286625502216
prostate,full,40000,92,91,91,0.022078200061421558
prostate,full,40000,92,91,91,0.06295754847984987
prostate,full,40000,92,91,91,0.06250916318745148
prostate,full,40000,92,91,91,0.13340303694139716
prostate,full,40000,92,91,91,0.036544411236588595
prostate,full,40000,92,90,90,0.014484922177996264
prostate,full,40000,92,90,90,0.017157589320154706
prostate,full,40000,92,90,90,0.041661315121892785
prostate,full,40000,92,89,89,0.02114179361423766
prostate,full,40000,92,89,89,0.01937463577521021
prostate,full,40000,92,88,88,0.03422021784899307
prostate,full,40000,92,85,85,0.030984176924008743
prostate,full,40000,92,91,91,0.1529187599413309
prostate,full,40000,92,91,91,0.025528335830123504
prostate,full,40000,92,91,91,0.055014710313249504
prostate,full,40000,92,91,91,0.017282383007725017
prostate,full,40000,92,91,91,0.045806376485499144
prostate,full,40000,92,91,91,0.198544927986933
prostate,full,40000,92,91,91,0.04625521403840957
prostate,full,40000,92,91,91,0.3007199591303436
prostate,full,40000,92,91,91,0.2307757291760134
prostate,full,40000,92,89,89,0.15202850641389723
prostate,full,40000,92,89,89,0.06757301380677706
prostate,full,40000,92,89,89,0.05139984683604827
prostate,full,40000,92,87,87,0.10976942226923586
prostate,full,40000,92,85,85,0.06631249876979868
prostate,full,40000,92,91,91,0.13126966166734214
prostate,full,40000,92,91,91,0.2613566997933677
prostate,full,40000,92,91,91,0.19511104480318658
prostate,full,40000,92,89,89,0.058070356174295304
prostate,full,40000,92,87,87,0.10759176308704785
prostate,full,40000,92,89,89,0.2645035729789887
prostate,full,40000,92,84,84,0.2664123601333536
prostate,full,40000,92,76,76,0.21326722792275357
prostate,full,40000,92,73,73,0.21263255166306902
prostate,full,40000,92,68,68,0.22624864157711852
prostate,full,40000,92,91,91,0.09023282488032631
prostate,full,40000,92,91,91,0.014913096062949749
prostate,full,40000,92,91,91,0.016155021727588467
prostate,full,40000,92,91,91,0.23313070839034825
prostate,full,40000,92,91,91,0.17594038795324457
prostate,full,40000,92,91,91,0.2382770505485076
prostate,full,40000,92,88,88,0.1598229067658018
prostate,full,40000,92,91,91,0.21703846131677343
prostate,full,40000,92,91,91,0.1910806537975728
prostate,full,40000,92,91,91,0.21617187097476262
prostate,full,40000,92,88,88,0.10066439708691527
prostate,full,40000,92,91,91,0.010522665824779068
prostate,full,40000,92,91,91,0.20922023669577947
prostate,full,40000,92,91,91,0.1992141762642703
prostate,full,40000,92,91,91,0.18384575391996663
prostate,full,40000,92,89,89,0.1085719018838225
prostate,full,40000,92,54,54,0.2786422069989172
prostate,full,40000,92,49,49,0.18590716224007917
prostate,full,40000,92,44,44,0.2214883241922668
prostate,full,40000,92,91,91,0.236250757451321
prostate,full,40000,92,91,91,0.025422556558989392
prostate,full,40000,92,91,91,0.06863826596481104
prostate,full,40000,92,91,91,0.25189419332023755
prostate,full,40000,92,91,91,0.010205193942769305
prostate,full,40000,92,91,91,0.18512603322756926
prostate,full,40000,92,90,90,0.04912832252127859
prostate,full,40000,92,89,89,0.059762013439036546
prostate,full,40000,92,89,89,0.00421202950586646
prostate,full,40000,92,89,89,0.12344416085603731
prostate,full,40000,92,91,91,0.24224731800358285
prostate,full,40000,92,91,91,0.006628051408461775
prostate,full,40000,92,91,91,0.1844311251180388
prostate,full,40000,92,91,91,0.08130261472846521
prostate,full,40000,92,87,87,0.12320760048293489
prostate,full,40000,92,90,90,0.16344986000965725
prostate,full,40000,92,87,87,0.18753152348693874
prostate,full,40000,92,84,84,0.22312582444793155
prostate,full,40000,92,84,84,0.2504215335023036
prostate,full,40000,92,79,79,0.16934282875616777
prostate,full,40000,92,79,79,0.18999732242197737
prostate,full,40000,92,91,91,0.18712785653172825
prostate,full,40000,92,82,82,0.1338782950493878
prostate,full,40000,92,91,91,0.18623007275376774
prostate,full,40000,92,90,90,0.24280605700918592
prostate,full,40000,92,89,89,0.2733218656328708
prostate,full,40000,92,84,84,0.1453852972638952
prostate,full,40000,92,91,91,0.1793833471859965
prostate,full,40000,92,91,91,0.056401622217018804
prostate,full,40000,92,91,91,0.15778790107070842
prostate,full,40000,92,91,91,0.27605448683631056
prostate,full,40000,92,91,91,0.25013617045966513
prostate,full,40000,92,91,91,0.2340359200347875
prostate,full,40000,92,91,91,0.28192285084851604
prostate,full,40000,92,91,91,0.00803639567987904
prostate,full,40000,92,89,89,0.16924362788366362
prostate,full,40000,92,87,87,0.24483498198822917
prostate,full,40000,92,87,87,0.17692213722154573
prostate,full,40000,92,91,91,0.04594747501016949
prostate,full,40000,92,91,91,0.22857941818493027
prostate,full,40000,92,91,91,0.21369451118843535
prostate,full,40000,92,91,91,0.2587340556789351
prostate,full,40000,92,89,89,0.045128124737887715
prostate,full,40000,92,88,88,0.21157856916793538
prostate,full,40000,92,75,75,0.12648846077390077
prostate,full,40000,92,68,68,0.13592606531374826
prostate,full,40000,92,66,66,0.1494797720784263
prostate,full,40000,92,91,91,0.2410387880663839
prostate,full,40000,92,91,91,0.2036133603841252
prostate,full,40000,92,91,91,0.07680530513740909
prostate,full,40000,92,91,91,0.23848686172081995
prostate,full,40000,92,91,91,0.08101927904767148
prostate,full,40000,92,89,89,0.10383259235267954
prostate,full,40000,92,90,90,0.1906565673129132
prostate,full,40000,92,90,90,0.17758415036643987
prostate,full,40000,92,84,84,0.1702775220275998
prostate,full,40000,92,82,82,0.16307382273093637
prostate,full,40000,92,91,91,0.10903110865913059
prostate,full,40000,92,82,82,0.1168546767344618
prostate,full,40000,92,84,84,0.3113852096565131
prostate,full,40000,92,80,80,0.27734499159697446
prostate,full,40000,92,75,75,0.29628369517947434
prostate,full,40000,93,91,91,0.22577978319388198
prostate,full,40000,93,76,76,0.21617195733064345
prostate,full,40000,93,84,84,0.2146014145458456
prostate,full,40000,93,84,84,0.23460306628395408
prostate,full,40000,93,78,78,0.20370303493032835
prostate,full,40000,93,75,75,0.2332570373756794
prostate,full,40000,93,56,56,0.24837641459848675
prostate,full,40000,93,36,36,0.27555551265901346
prostate,full,40000,93,92,92,0.12424185110860943
prostate,full,40000,93,91,91,0.2969019533739629
prostate,full,40000,93,91,91,0.19729395545853948
prostate,full,40000,93,90,90,0.21450376795594236
prostate,full,40000,93,77,77,0.06085111170074005
prostate,full,40000,93,92,92,0.019214239067875127
prostate,full,40000,93,92,92,0.030834105166433624
prostate,full,40000,93,92,92,0.1876463497107447
prostate,full,40000,93,92,92,0.19696898685309291
prostate,full,40000,93,92,92,0.013214916911790244
prostate,full,40000,93,92,92,0.003986695523991911
prostate,full,40000,93,92,92,0.013552102543943656
prostate,full,40000,93,90,90,0.10200822317691885
prostate,full,40000,93,83,83,0.04340384839465082
prostate,full,40000,93,81,81,0.18192598976222318
prostate,full,40000,93,33,33,0.36279245103471436
prostate,full,40000,93,92,92,0.07303170619181654
prostate,full,40000,93,91,91,0.05898678274722889
prostate,full,40000,93,90,90,0.003941329275445285
prostate,full,40000,93,83,83,0.0927059466252739
prostate,full,40000,93,84,84,0.14104087305019863
prostate,full,40000,93,49,49,0.06919954854014726
prostate,full,40000,93,63,63,0.14952204450878118
prostate,full,40000,93,54,54,0.22870309886182186
prostate,full,40000,93,49,49,0.24570377761756498
prostate,full,40000,93,83,83,0.12486043185408344
prostate,full,40000,93,68,68,0.07042655132254887
prostate,full,40000,93,92,92,0.00327550443569147
prostate,full,40000,93,92,92,0.24229002180057427
prostate,full,40000,93,92,92,0.08904356310611729
prostate,full,40000,93,92,92,0.14755333381128308
prostate,full,40000,93,92,92,0.01766082249646752
prostate,full,40000,93,92,92,0.030655419554276416
prostate,full,40000,93,92,92,0.23239187523307708
prostate,full,40000,93,92,92,0.060601465785616114
prostate,full,40000,93,91,91,0.07061817026647954
prostate,full,40000,93,91,91,0.06524436927782439
prostate,full,40000,93,90,90,0.03874134998072113
prostate,full,40000,93,90,90,0.017507151132331235
prostate,full,40000,93,80,80,0.04207636322493774
prostate,full,40000,93,92,92,0.0439105646844098
prostate,full,40000,93,90,90,0.023815221575408278
prostate,full,40000,93,83,83,0.13567821379089207
prostate,full,40000,93,92,92,0.22265326130826274
prostate,full,40000,93,92,92,0.030158483966649392
prostate,full,40000,93,92,92,0.2674060909936921
prostate,full,40000,93,92,92,0.2590072992015094
prostate,full,40000,93,92,92,0.014284514858240232
prostate,full,40000,93,92,92,0.16007649393675713
prostate,full,40000,93,91,91,0.08273504929800836
prostate,full,40000,93,91,91,0.1303926054831827
prostate,full,40000,93,90,90,0.02988722649985316
prostate,full,40000,93,90,90,0.05778508565234323
prostate,full,40000,93,90,90,0.056228040605546266
prostate,full,40000,93,90,90,0.04729862284679322
prostate,full,40000,93,36,36,0.3142900705935813
prostate,full,40000,93,86,86,0.2542618575752253
prostate,full,40000,93,86,86,0.2725741201880567
prostate,full,40000,93,78,78,0.27746861287504454
prostate,full,40000,93,77,77,0.17110524369783323
prostate,full,40000,93,92,92,0.1317281446481909
prostate,full,40000,93,92,92,0.08207715209019253
prostate,full,40000,93,92,92,0.2090640264146877
prostate,full,40000,93,92,92,0.13007572346688615
prostate,full,40000,93,90,90,0.0832005249553198
prostate,full,40000,93,90,90,0.01863927546534952
prostate,full,40000,93,83,83,0.1306407587952351
prostate,full,40000,93,33,33,0.15249295276428282
prostate,full,40000,93,92,92,0.12616313525385503
prostate,full,40000,93,92,92,0.20986080583101635
prostate,full,40000,93,91,91,0.084441670674332
prostate,full,40000,93,91,91,0.1623446286028185
prostate,full,40000,93,91,91,0.027388620569358733
prostate,full,40000,93,92,92,0.23755260246947194
prostate,full,40000,93,92,92,0.12264541182538426
prostate,full,40000,93,92,92,0.08111759291318188
prostate,full,40000,93,92,92,0.2800590448159906
prostate,full,40000,93,92,92,0.09429528507917369
prostate,full,40000,93,91,91,0.017066664667213412
prostate,full,40000,93,90,90,0.025885381591939035
prostate,full,40000,93,90,90,0.1075216186149566
prostate,full,40000,93,82,82,0.029053954970579762
prostate,full,40000,93,83,83,0.12093771005601434
prostate,full,40000,93,68,68,0.09176357504929605
prostate,full,40000,93,92,92,0.0257225490123863
prostate,full,40000,93,79,79,0.12672254532506638
prostate,full,40000,93,76,76,0.09570871535536354
prostate,full,40000,93,80,80,0.11654128521733087
prostate,full,40000,93,36,36,0.06840313848961818
prostate,full,40000,93,63,63,0.14447507137413226
prostate,full,40000,93,59,59,0.19572431956496508
prostate,full,40000,93,39,39,0.302981632019892
prostate,full,40000,93,91,91,0.2476306146698511
prostate,full,40000,93,83,83,0.13806382924292193
prostate,full,40000,93,92,92,0.23496040112472735
prostate,full,40000,93,92,92,0.0019778497677459283
prostate,full,40000,93,92,92,0.0854843834625386
prostate,full,40000,93,92,92,0.21865820600908029
prostate,full,40000,93,92,92,0.004750161945211129
prostate,full,40000,93,92,92,0.12475623343549926
prostate,full,40000,93,90,90,0.0501552132333475
prostate,full,40000,93,83,83,0.09718955143131332
prostate,full,40000,93,92,92,0.10976558358540257
prostate,full,40000,93,83,83,0.11383025381073479
prostate,full,40000,93,68,68,0.1748165291212323
prostate,full,40000,93,49,49,0.1666584414545294
prostate,full,40000,93,90,90,0.3445748981481237
prostate,full,40000,93,85,85,0.31727286619096357
prostate,full,40000,93,85,85,0.24052342569299653
prostate,full,40000,93,83,83,0.2692194608076388
prostate,full,40000,93,80,80,0.3316311828820976
prostate,full,40000,93,73,73,0.12561874950388022
prostate,full,40000,93,54,54,0.12433562805476094
prostate,full,40000,93,42,42,0.26348868237746725
prostate,full,40000,93,41,41,0.27307273512967184
prostate,full,40000,93,36,36,0.3077884023159099
prostate,full,40000,93,83,83,0.12770904313825968
prostate,full,40000,93,54,54,0.09806107724027306
prostate,full,40000,93,92,92,0.13194620907634796
prostate,full,40000,93,92,92,0.19934454793461379
prostate,full,40000,93,92,92,0.17412357911249784
prostate,full,40000,93,92,92,0.0084644909925564
prostate,full,40000,93,92,92,0.051695813438972005
prostate,full,40000,93,92,92,0.015216538187204481
prostate,full,40000,93,90,90,0.1017061963842311
prostate,full,40000,93,83,83,0.11548457161143179
prostate,full,40000,93,68,68,0.13725840630454456
prostate,full,40000,94,84,84,0.0966173159740427
prostate,full,40000,94,84,84,0.10294978947018893
prostate,full,40000,94,78,78,0.11280175978166324
prostate,full,40000,94,68,68,0.10429028001409595
prostate,full,40000,94,39,39,0.13612614179261737
prostate,full,40000,94,33,33,0.3430150726580685
prostate,full,40000,94,30,30,0.24029095448512316
prostate,full,40000,94,83,83,0.1101003325007412
prostate,full,40000,94,68,68,0.08449874895833034
prostate,full,40000,94,69,69,0.23413254729398641
prostate,full,40000,94,49,49,0.2661356419511823
prostate,full,40000,94,49,49,0.179933587667256
prostate,full,40000,94,44,44,0.2217358307746995
prostate,full,40000,94,93,93,0.17138582216391118
prostate,full,40000,94,91,91,0.026456530896084053
prostate,full,40000,94,84,84,0.13449985185211397
prostate,full,40000,94,68,68,0.12663285745383496
prostate,full,40000,94,59,59,0.12765415074867056
prostate,full,40000,94,55,55,0.12971151876335682
prostate,full,40000,94,54,54,0.15279956068886666
prostate,full,40000,94,90,90,0.12607361421886587
prostate,full,40000,94,85,85,0.07704257433430335
prostate,full,40000,94,80,80,0.07841645283457095
prostate,full,40000,94,78,78,0.10803499294170724
prostate,full,40000,94,59,59,0.14458610010759268
prostate,full,40000,94,55,55,0.14765531410731944
prostate,full,40000,94,54,54,0.19545980036642624
prostate,full,40000,94,39,39,0.1938978057436041
prostate,full,40000,94,93,93,0.09153719773774535
prostate,full,40000,94,93,93,0.005411244542190285
prostate,full,40000,94,93,93,0.018198583191142044
prostate,full,40000,94,93,93,0.009379660231668316
prostate,full,40000,94,93,93,0.005617127914784934
prostate,full,40000,94,92,92,0.012722663832508047
prostate,full,40000,94,91,91,0.010551435737062548
prostate,full,40000,94,91,91,0.027732498314849044
prostate,full,40000,94,84,84,0.12347861675522884
prostate,full,40000,94,93,93,0.10574471785805196
prostate,full,40000,94,93,93,0.025383342958917914
prostate,full,40000,94,93,93,0.014669928135954486
prostate,full,40000,94,84,84,0.10817688989543607
prostate,full,40000,94,93,93,0.032448653984646816
prostate,full,40000,94,84,84,0.15253991744234235
prostate,full,40000,94,75,75,0.1310190499876103
prostate,full,40000,94,84,84,0.1169198949146683
prostate,full,40000,94,81,81,0.12262664659444562
prostate,full,40000,94,84,84,0.16218057858656657
prostate,full,40000,94,77,77,0.1360872162879476
prostate,full,40000,94,77,77,0.15515771914097637
prostate,full,40000,94,75,75,0.1462921187462829
prostate,full,40000,94,39,39,0.1643133267875032
prostate,full,40000,94,65,65,0.29161674228169215
prostate,full,40000,94,59,59,0.3221250720857553
prostate,full,40000,94,59,59,0.36805100388001066
prostate,full,40000,94,56,56,0.2932958197131307
prostate,full,40000,94,55,55,0.3771012323054884
prostate,full,40000,94,54,54,0.37537097534107855
prostate,full,40000,94,50,50,0.3287298098359802
prostate,full,40000,94,48,48,0.3273556448842842
prostate,full,40000,94,36,36,0.42664650079617145
prostate,full,40000,94,84,84,0.14788249414404758
prostate,full,40000,94,68,68,0.19937244713797142
prostate,full,40000,94,54,54,0.2314063176198545
prostate,full,40000,94,93,93,0.11255657676257919
prostate,full,40000,94,81,81,0.11266882939265581
prostate,full,40000,94,39,39,0.37702471289945094
prostate,full,40000,94,30,30,0.2549917102130353
prostate,full,40000,94,91,91,0.18546987633884013
prostate,full,40000,94,82,82,0.16994047831797435
prostate,full,40000,94,79,79,0.12820631878928954
prostate,full,40000,94,78,78,0.1272567054097369
prostate,full,40000,94,70,70,0.133827775705029
prostate,full,40000,94,68,68,0.1442269674892659
prostate,full,40000,94,36,36,0.193673489659461
prostate,full,40000,94,84,84,0.11507257676870675
prostate,full,40000,94,33,33,0.14824491031555
prostate,full,40000,94,84,84,0.14055650627605681
prostate,full,40000,94,84,84,0.15317617742174752
prostate,full,40000,94,78,78,0.15199005971071136
prostate,full,40000,94,39,39,0.14350892291221481
prostate,full,40000,94,80,80,0.1930448524354689
prostate,full,40000,94,66,66,0.14963432776337693
prostate,full,40000,94,49,49,0.17709485084622972
prostate,full,40000,94,80,80,0.1472524401754621
prostate,full,40000,94,77,77,0.12970906853067107
prostate,full,40000,94,73,73,0.1152774336593574
prostate,full,40000,94,54,54,0.180585772359867
prostate,full,40000,94,36,36,0.20186556391141405
prostate,full,40000,94,93,93,0.003738262848946784
prostate,full,40000,94,93,93,0.12298503462885305
prostate,full,40000,94,93,93,0.20662256288300432
prostate,full,40000,94,93,93,0.014711080067751662
prostate,full,40000,94,93,93,0.009583422305605745
prostate,full,40000,94,93,93,0.10316587302280393
prostate,full,40000,94,93,93,0.08048662580408025
prostate,full,40000,94,92,92,0.02643643510598812
prostate,full,40000,94,89,89,0.08246393403216798
prostate,full,40000,94,77,77,0.1393612714253966
prostate,full,40000,94,74,74,0.11974415047237127
prostate,full,40000,94,33,33,0.19995642899955654
prostate,full,40000,94,93,93,0.10488397439611914
prostate,full,40000,94,93,93,0.044881918962748124
prostate,full,40000,94,88,88,0.011545928161568327
prostate,full,40000,94,84,84,0.11569498960308365
prostate,full,40000,94,92,92,0.2777914119870413
prostate,full,40000,94,92,92,0.30760675010786076
prostate,full,40000,94,84,84,0.22495616503725552
prostate,full,40000,94,93,93,0.18366548604428617
prostate,full,40000,94,84,84,0.15310267912969722
prostate,full,40000,94,84,84,0.288233943888559
prostate,full,40000,94,84,84,0.29759164200067645
prostate,full,40000,94,81,81,0.25786777187177684
prostate,full,40000,94,80,80,0.25868107011189845
prostate,full,40000,94,80,80,0.28381035741318456
prostate,full,40000,94,77,77,0.27167039079072264
prostate,full,40000,94,76,76,0.2558777352507372
prostate,full,40000,94,68,68,0.2990100882976614
prostate,full,40000,94,88,88,0.31020537824648936
prostate,full,40000,94,86,86,0.3055836861468685
prostate,full,40000,94,84,84,0.3358250627230204
prostate,full,40000,94,80,80,0.26860668510628954
prostate,full,40000,94,79,79,0.304392105746113
prostate,full,40000,94,79,79,0.29973969498322955
prostate,full,40000,94,76,76,0.3180067848622566
prostate,full,40000,94,67,67,0.2880841474000459
prostate,full,40000,94,36,36,0.36875664842687844
prostate,full,40000,94,66,66,0.23502609346308115
prostate,full,40000,94,49,49,0.3478533989508272
prostate,full,40000,94,93,93,0.17462736865149728
prostate,full,40000,94,84,84,0.13981795831125682
prostate,full,40000,94,92,92,0.01121620995297381
prostate,full,40000,94,91,91,0.12068359069034645
prostate,full,40000,94,90,90,0.09510964373143338
prostate,full,40000,94,88,88,0.09634181299787774
prostate,full,40000,94,84,84,0.09648216170336993
prostate,full,40000,94,73,73,0.28463497914114416
prostate,full,40000,94,68,68,0.29764669357077606
prostate,full,40000,94,59,59,0.28519160758095174
prostate,full,40000,94,39,39,0.3537310665827396
prostate,full,40000,94,80,80,0.21842738771143422
prostate,full,40000,94,49,49,0.19176088705116448
prostate,full,40000,94,91,91,0.011705901178569603
prostate,full,40000,94,91,91,0.053635540248768314
prostate,full,40000,94,88,88,0.30499093478105377
prostate,full,40000,94,80,80,0.2734347222554681
prostate,full,40000,94,59,59,0.3169229850867156
prostate,full,40000,94,55,55,0.2957289553319418
prostate,full,40000,94,36,36,0.3754518897140913
prostate,full,40000,94,93,93,0.23454669594741429
prostate,full,40000,94,84,84,0.16459112945183316
prostate,full,40000,94,84,84,0.11592826137695714
prostate,full,40000,94,54,54,0.13170342965573678
prostate,full,40000,94,82,82,0.12892540307839326
prostate,full,40000,94,54,54,0.13245316053344688
prostate,full,40000,95,94,94,0.12989035689113906
prostate,full,40000,95,92,92,0.06102877971733083
prostate,full,40000,95,89,89,0.08964286235201772
prostate,full,40000,95,76,76,0.1693795878090874
prostate,full,40000,95,90,90,0.12395828268615787
prostate,full,40000,95,85,85,0.12090141602020975
prostate,full,40000,95,59,59,0.06507541982149323
prostate,full,40000,95,55,55,0.06475560798407642
prostate,full,40000,95,39,39,0.3861044955104206
prostate,full,40000,95,38,38,0.364707243867225
prostate,full,40000,95,30,30,0.29890991378195886
prostate,full,40000,95,94,94,0.10694650153526265
prostate,full,40000,95,85,85,0.11981633402523892
prostate,full,40000,95,93,93,0.11247900530385882
prostate,full,40000,95,92,92,0.015498140989756371
prostate,full,40000,95,85,85,0.11435331741703252
prostate,full,40000,95,80,80,0.2919207340139098
prostate,full,40000,95,74,74,0.2813872016504588
prostate,full,40000,95,70,70,0.25654411789958187
prostate,full,40000,95,68,68,0.298408459545036
prostate,full,40000,95,94,94,0.024985651046965148
prostate,full,40000,95,91,91,0.07167798066780631
prostate,full,40000,95,85,85,0.09365073019309618
prostate,full,40000,95,79,79,0.14039981474925933
prostate,full,40000,95,68,68,0.14069653060527879
prostate,full,40000,95,54,54,0.1988564762765016
prostate,full,40000,95,39,39,0.14338894359043344
prostate,full,40000,95,92,92,0.11870209960730375
prostate,full,40000,95,36,36,0.20839446447342744
prostate,full,40000,95,91,91,0.07249921840872757
prostate,full,40000,95,88,88,0.04408764966491714
prostate,full,40000,95,86,86,0.05060863161025511
prostate,full,40000,95,85,85,0.11556021003387663
prostate,full,40000,95,94,94,0.1954444596425787
prostate,full,40000,95,94,94,0.021856068649207777
prostate,full,40000,95,94,94,0.06745856641433734
prostate,full,40000,95,92,92,0.03124958479995226
prostate,full,40000,95,92,92,0.016758895208571063
prostate,full,40000,95,88,88,0.03054765519407066
prostate,full,40000,95,85,85,0.14656362235000697
prostate,full,40000,95,93,93,0.2887459117997933
prostate,full,40000,95,92,92,0.28993630683844296
prostate,full,40000,95,85,85,0.23419852106121775
prostate,full,40000,95,94,94,0.27342610749177737
prostate,full,40000,95,85,85,0.21939824444213765
prostate,full,40000,95,94,94,0.28951051341539574
prostate,full,40000,95,56,56,0.2885707592729491
prostate,full,40000,95,93,93,0.06712617502943277
prostate,full,40000,95,35,35,0.13684724363768627
prostate,full,40000,95,94,94,0.27494195108847175
prostate,full,40000,95,94,94,0.11259047157097508
prostate,full,40000,95,85,85,0.17179717938789257
prostate,full,40000,95,33,33,0.2131878646978547
prostate,full,40000,95,30,30,0.1629258873158241
prostate,full,40000,95,94,94,0.0530785708132005
prostate,full,40000,95,84,84,0.11910415148928566
prostate,full,40000,95,94,94,0.06020722341257909
prostate,full,40000,95,94,94,0.004927412418375425
prostate,full,40000,95,92,92,0.08227092497060998
prostate,full,40000,95,80,80,0.12428123733573163
prostate,full,40000,95,73,73,0.13894910384737447
prostate,full,40000,95,68,68,0.14141930147638537
prostate,full,40000,95,39,39,0.13781652602541022
prostate,full,40000,95,89,89,0.09771370360766031
prostate,full,40000,95,75,75,0.1148480201402442
prostate,full,40000,95,59,59,0.15724928561381674
prostate,full,40000,95,85,85,0.2315465822494029
prostate,full,40000,95,68,68,0.2812295367967766
prostate,full,40000,95,84,84,0.11555077823127176
prostate,full,40000,95,68,68,0.16142907023691785
prostate,full,40000,95,59,59,0.18184751974428123
prostate,full,40000,95,58,58,0.18412768069342592
prostate,full,40000,95,55,55,0.18388125220276116
prostate,full,40000,95,54,54,0.18236711162472505
prostate,full,40000,95,49,49,0.19442300484538555
prostate,full,40000,95,74,74,0.15611278702698222
prostate,full,40000,95,33,33,0.23934759265229652
prostate,full,40000,95,94,94,0.24420693345729738
prostate,full,40000,95,92,92,0.051323193305395136
prostate,full,40000,95,85,85,0.18795483883331374
prostate,full,40000,95,49,49,0.26761889966769087
prostate,full,40000,95,42,42,0.2247085421024386
prostate,full,40000,95,41,41,0.22859116632360965
prostate,full,40000,95,82,82,0.1659158937574184
prostate,full,40000,95,59,59,0.24766339670827064
prostate,full,40000,95,55,55,0.2617174593147841
prostate,full,40000,95,54,54,0.2550063829868855
prostate,full,40000,95,36,36,0.3217711631191968
prostate,full,40000,95,94,94,0.2131745293783471
prostate,full,40000,95,94,94,0.1624449986114993
prostate,full,40000,95,85,85,0.14997703947412944
prostate,full,40000,95,94,94,0.22543479581106976
prostate,full,40000,95,94,94,0.25035743431992435
prostate,full,40000,95,85,85,0.18632704783101114
prostate,full,40000,95,93,93,0.019225809915450465
prostate,full,40000,95,85,85,0.1220666153819602
prostate,full,40000,95,82,82,0.12823324791364993
prostate,full,40000,95,54,54,0.1055853167791666
prostate,full,40000,95,36,36,0.14062380697703397
prostate,full,40000,95,82,82,0.1937909845901497
prostate,full,40000,95,73,73,0.2506831368079436
prostate,full,40000,95,33,33,0.40413510358724625
prostate,full,40000,95,94,94,0.1696210365013439
prostate,full,40000,95,85,85,0.15319065656641678
prostate,full,40000,95,94,94,0.0647867295068967
prostate,full,40000,95,94,94,0.1085057071876267
prostate,full,40000,95,90,90,0.0778350273741544
prostate,full,40000,95,82,82,0.12372468550333779
prostate,full,40000,95,68,68,0.18226257145008637
prostate,full,40000,95,66,66,0.1375735229243403
prostate,full,40000,95,49,49,0.16610178005932494
prostate,full,40000,95,41,41,0.14856936024347508
prostate,full,40000,95,91,91,0.09605846554023789
prostate,full,40000,95,90,90,0.12320132878684467
prostate,full,40000,95,89,89,0.1304624663566266
prostate,full,40000,95,85,85,0.033765310016307275
prostate,full,40000,95,78,78,0.1332481771988476
prostate,full,40000,95,88,88,0.2481834762589397
prostate,full,40000,95,59,59,0.2857714542997591
prostate,full,40000,95,39,39,0.3307183642454145
prostate,full,40000,95,94,94,0.11687409563093595
prostate,full,40000,95,85,85,0.11601499260713992
prostate,full,40000,95,91,91,0.15111608678656505
prostate,full,40000,95,89,89,0.16600277226058824
prostate,full,40000,95,89,89,0.13413587867763252
prostate,full,40000,95,80,80,0.1450027462894064
prostate,full,40000,95,78,78,0.16889211671165436
prostate,full,40000,95,66,66,0.138775898797251
prostate,full,40000,95,82,82,0.1306174090143702
prostate,full,40000,95,68,68,0.08470384391990787
prostate,full,40000,95,36,36,0.14632781172449894
prostate,full,40000,95,94,94,0.17246295710046206
prostate,full,40000,95,94,94,0.02396130755169213
prostate,full,40000,95,85,85,0.14134710442908577
prostate,full,40000,95,36,36,0.19357638163498764
prostate,full,40000,95,30,30,0.1745145721006464
prostate,full,40000,95,94,94,0.04279602087230284
prostate,full,40000,95,93,93,0.03489660073687758
prostate,full,40000,95,85,85,0.11231876435925402
prostate,full,40000,95,72,72,0.05697997401118429
prostate,full,40000,95,81,81,0.12475752850033382
prostate,full,40000,95,79,79,0.13415837505118022
prostate,full,40000,95,68,68,0.12629267918137563
prostate,full,40000,95,59,59,0.12011053546640374
prostate,full,40000,95,58,58,0.14902600420920842
prostate,full,40000,95,55,55,0.12205996148737705
prostate,full,40000,95,94,94,0.045873212925253634
prostate,full,40000,95,91,91,0.2593575613296767
prostate,full,40000,95,89,89,0.2755337902562998
prostate,full,40000,95,78,78,0.26366483981809286
prostate,full,40000,95,75,75,0.24063847576938788
prostate,full,40000,95,75,75,0.2534080178629555
prostate,full,40000,95,71,71,0.25513967701059864
prostate,full,40000,95,66,66,0.25071456800783104
prostate,full,40000,95,59,59,0.3119929943400998
prostate,full,40000,95,55,55,0.33335263643353935
prostate,full,40000,95,90,90,0.1321085018590472
prostate,full,40000,95,85,85,0.11248999054799487
prostate,full,40000,95,61,61,0.30969806569560765
prostate,full,40000,95,59,59,0.34037418670480074
prostate,full,40000,95,58,58,0.32716215672130755
prostate,full,40000,95,55,55,0.35437862256237457
prostate,full,40000,95,54,54,0.34441007091835335
prostate,full,40000,95,36,36,0.39079879770251086
prostate,full,40000,95,93,93,0.2584649005047226
prostate,full,40000,95,88,88,0.24308815895883304
prostate,full,40000,95,78,78,0.21651198569030733
prostate,full,40000,95,78,78,0.30046561737502525
prostate,full,40000,95,94,94,0.2091119053099604
prostate,full,40000,95,85,85,0.17564579361495908
prostate,full,40000,95,86,86,0.049932306235889054
prostate,full,40000,95,75,75,0.1307874837758991
prostate,full,40000,95,35,35,0.3377166741054953
prostate,full,40000,95,30,30,0.29634427719014195
prostate,full,40000,95,92,92,0.16081162621690553
prostate,full,40000,95,84,84,0.15093790105464774
prostate,full,40000,95,84,84,0.15592880995967887
prostate,full,40000,95,84,84,0.1764842589322642
prostate,full,40000,95,94,94,0.1075384051844249
prostate,full,40000,95,94,94,0.04853964045119986
prostate,full,40000,95,94,94,0.009726741529990297
prostate,full,40000,95,94,94,0.027856348162678856
prostate,full,40000,95,92,92,0.014264272943640955
prostate,full,40000,95,92,92,0.016349618083428896
prostate,full,40000,95,92,92,0.034153614029841815
prostate,full,40000,95,90,90,0.013871953073457363
prostate,full,40000,95,85,85,0.11964391065578006
prostate,full,40000,95,90,90,0.15568155082407717
prostate,full,40000,95,84,84,0.16126825239395454
prostate,full,40000,95,84,84,0.14678301696881862
prostate,full,40000,95,84,84,0.172549534976181
prostate,full,40000,96,77,77,0.27254992575520026
prostate,full,40000,96,77,77,0.27034833234715794
prostate,full,40000,96,54,54,0.32001945920131525
prostate,full,40000,96,36,36,0.3497882871558791
prostate,full,40000,96,86,86,0.10828776066628004
prostate,full,40000,96,55,55,0.16374170970801136
prostate,full,40000,96,95,95,0.21445016314210322
prostate,full,40000,96,95,95,0.18056964566248485
prostate,full,40000,96,86,86,0.18976028304980985
prostate,full,40000,96,95,95,0.1264893291674934
prostate,full,40000,96,93,93,0.028428692201357464
prostate,full,40000,96,92,92,0.07938493645380203
prostate,full,40000,96,86,86,0.10081123541563906
prostate,full,40000,96,92,92,0.12795355141313722
prostate,full,40000,96,91,91,0.15186956941962726
prostate,full,40000,96,91,91,0.1453721915520263
prostate,full,40000,96,89,89,0.08533036657517963
prostate,full,40000,96,86,86,0.12792654431045802
prostate,full,40000,96,77,77,0.15851041042705077
prostate,full,40000,96,91,91,0.3286146026923941
prostate,full,40000,96,91,91,0.32261844388259536
prostate,full,40000,96,86,86,0.31137599064201305
prostate,full,40000,96,76,76,0.2813030641235825
prostate,full,40000,96,71,71,0.1495055634064284
prostate,full,40000,96,69,69,0.1473585868798669
prostate,full,40000,96,47,47,0.1813211678475932
prostate,full,40000,96,33,33,0.19914658412767716
prostate,full,40000,96,39,39,0.18850818423099486
prostate,full,40000,96,38,38,0.22526601316451428
prostate,full,40000,96,30,30,0.17266338241903664
prostate,full,40000,96,95,95,0.05776801296832879
prostate,full,40000,96,86,86,0.1245916334706708
prostate,full,40000,96,84,84,0.14074206068793724
prostate,full,40000,96,49,49,0.048589247705333044
prostate,full,40000,96,95,95,0.03187827976070091
prostate,full,40000,96,93,93,0.014960659825332404
prostate,full,40000,96,92,92,0.03258879394850959
prostate,full,40000,96,91,91,0.057324622996715396
prostate,full,40000,96,91,91,0.09014422407042658
prostate,full,40000,96,82,82,0.049754664395517186
prostate,full,40000,96,77,77,0.12550452763762598
prostate,full,40000,96,95,95,0.10453799254195736
prostate,full,40000,96,95,95,0.055146272888777215
prostate,full,40000,96,86,86,0.09423460275286966
prostate,full,40000,96,59,59,0.30518699111724196
prostate,full,40000,96,55,55,0.2895373087391485
prostate,full,40000,96,54,54,0.29346771788899356
prostate,full,40000,96,50,50,0.2606010000250398
prostate,full,40000,96,48,48,0.24814654539498338
prostate,full,40000,96,44,44,0.2235226336662649
prostate,full,40000,96,39,39,0.36331995991461663
prostate,full,40000,96,95,95,0.2669260815698314
prostate,full,40000,96,95,95,0.2756384150321751
prostate,full,40000,96,86,86,0.23737760643549377
prostate,full,40000,96,95,95,0.1599920695809116
prostate,full,40000,96,95,95,0.0724613918572756
prostate,full,40000,96,90,90,0.12122758598529362
prostate,full,40000,96,85,85,0.17415218321140047
prostate,full,40000,96,83,83,0.11581290596517026
prostate,full,40000,96,68,68,0.05958187738644372
prostate,full,40000,96,54,54,0.08803074763668617
prostate,full,40000,96,36,36,0.10741110235418969
prostate,full,40000,96,95,95,0.06799099385797144
prostate,full,40000,96,94,94,0.1994982708179224
prostate,full,40000,96,92,92,0.2124281640806199
prostate,full,40000,96,88,88,0.14330752923196266
prostate,full,40000,96,83,83,0.1327634178165241
prostate,full,40000,96,95,95,0.09741328488704298
prostate,full,40000,96,95,95,0.003708451742533541
prostate,full,40000,96,95,95,0.1613485472383056
prostate,full,40000,96,95,95,0.011180058209361429
prostate,full,40000,96,86,86,0.1496377696569426
prostate,full,40000,96,86,86,0.02222951399491463
prostate,full,40000,96,83,83,0.03673174695336191
prostate,full,40000,96,49,49,0.22283181506026906
prostate,full,40000,96,42,42,0.1846434260642834
prostate,full,40000,96,41,41,0.18856665945412876
prostate,full,40000,96,86,86,0.2591064211216037
prostate,full,40000,96,84,84,0.2844942483099926
prostate,full,40000,96,79,79,0.22695184237000754
prostate,full,40000,96,79,79,0.25005253141750206
prostate,full,40000,96,79,79,0.24842030427704656
prostate,full,40000,96,39,39,0.3593916908267849
prostate,full,40000,96,93,93,0.24081994103793322
prostate,full,40000,96,92,92,0.28242956770856803
prostate,full,40000,96,84,84,0.228253459493263
prostate,full,40000,96,95,95,0.10330031897828784
prostate,full,40000,96,95,95,0.20114133066610676
prostate,full,40000,96,93,93,0.05672559148026323
prostate,full,40000,96,93,93,0.12839667093911727
prostate,full,40000,96,88,88,0.07088264431020522
prostate,full,40000,96,86,86,0.18087254678507347
prostate,full,40000,96,95,95,0.0800813194971964
prostate,full,40000,96,90,90,0.023807549823416464
prostate,full,40000,96,86,86,0.12934860549990618
prostate,full,40000,96,95,95,0.2810711686936824
prostate,full,40000,96,95,95,0.24945264239304077
prostate,full,40000,96,86,86,0.2049051841740068
prostate,full,40000,96,95,95,0.061841359993390556
prostate,full,40000,96,36,36,0.10560119392162577
prostate,full,40000,96,91,91,0.09674131311855326
prostate,full,40000,96,90,90,0.06303278296834731
prostate,full,40000,96,82,82,0.13539957845435885
prostate,full,40000,96,82,82,0.1311079243727836
prostate,full,40000,96,80,80,0.1350081465597614
prostate,full,40000,96,36,36,0.21094053383058267
prostate,full,40000,96,91,91,0.3587359616394415
prostate,full,40000,96,91,91,0.2743824232775189
prostate,full,40000,96,89,89,0.19602972816517547
prostate,full,40000,96,85,85,0.3467396060028589
prostate,full,40000,96,80,80,0.3295296058463254
prostate,full,40000,96,78,78,0.35177610357706807
prostate,full,40000,96,76,76,0.30647905948259174
prostate,full,40000,96,73,73,0.2822469837157036
prostate,full,40000,96,67,67,0.27412505929095626
prostate,full,40000,96,67,67,0.26926259343717257
prostate,full,40000,96,82,82,0.14061626962136384
prostate,full,40000,96,82,82,0.13102374907732345
prostate,full,40000,96,73,73,0.13691111397047273
prostate,full,40000,96,36,36,0.17169665122029876
prostate,full,40000,96,93,93,0.07511279643400624
prostate,full,40000,96,36,36,0.19180003449463628
prostate,full,40000,96,93,93,0.2427089976976505
prostate,full,40000,96,93,93,0.08227269511416181
prostate,full,40000,96,80,80,0.262798689863528
prostate,full,40000,96,95,95,0.25809130857170925
prostate,full,40000,96,95,95,0.27991973758476674
prostate,full,40000,96,86,86,0.21083075014142635
prostate,full,40000,96,95,95,0.025807659455053054
prostate,full,40000,96,95,95,0.1610494196696912
prostate,full,40000,96,95,95,0.2816637360140191
prostate,full,40000,96,86,86,0.2272308404760855
prostate,full,40000,96,95,95,0.16523309517235632
prostate,full,40000,96,83,83,0.17559513397699833
prostate,full,40000,96,82,82,0.11657460309096718
prostate,full,40000,96,78,78,0.1175674825896516
prostate,full,40000,96,74,74,0.13754845978080904
prostate,full,40000,96,74,74,0.12315875217577085
prostate,full,40000,96,54,54,0.1528487838087358
prostate,full,40000,96,36,36,0.20496025910512994
prostate,full,40000,96,93,93,0.27242440554423053
prostate,full,40000,96,92,92,0.2564264084920995
prostate,full,40000,96,83,83,0.2518283743693556
prostate,full,40000,96,80,80,0.29309804967618713
prostate,full,40000,96,82,82,0.03662686367051933
prostate,full,40000,96,82,82,0.12756768082084602
prostate,full,40000,96,65,65,0.11961871792743907
prostate,full,40000,96,77,77,0.1812394467804515
prostate,full,40000,96,42,42,0.1923420726858735
prostate,full,40000,96,72,72,0.22524322199088756
prostate,full,40000,96,70,70,0.18290328022459248
prostate,full,40000,96,67,67,0.1956430242096195
prostate,full,40000,96,67,67,0.18112424750685577
prostate,full,40000,96,63,63,0.18039794171050155
prostate,full,40000,96,59,59,0.2674086456569955
prostate,full,40000,96,55,55,0.26504400880455775
prostate,full,40000,96,54,54,0.27933624074541324
prostate,full,40000,96,39,39,0.21925573720928562
prostate,full,40000,96,95,95,0.1734893138854667
prostate,full,40000,96,86,86,0.15691249430762905
prostate,full,40000,96,95,95,0.23128919419223246
prostate,full,40000,96,95,95,0.28020743400180464
prostate,full,40000,96,86,86,0.246765828389291
prostate,full,40000,96,95,95,0.24303006639382
prostate,full,40000,96,95,95,0.26701395504933034
prostate,full,40000,96,95,95,0.12268721246906071
prostate,full,40000,96,86,86,0.20466789326767224
prostate,full,40000,96,94,94,0.2923176825533907
prostate,full,40000,96,89,89,0.25441243699184146
prostate,full,40000,96,84,84,0.2605976930074659
prostate,full,40000,96,82,82,0.22647411934638284
prostate,full,40000,96,82,82,0.23122801901507584
prostate,full,40000,96,81,81,0.25901125777764356
prostate,full,40000,96,80,80,0.28681269354839384
prostate,full,40000,96,80,80,0.28323974391631135
prostate,full,40000,96,78,78,0.24518534361532887
prostate,full,40000,96,76,76,0.25605096052335563
prostate,full,40000,96,90,90,0.11226888958845349
prostate,full,40000,96,83,83,0.15227233073841448
prostate,full,40000,96,36,36,0.19317727269142332
prostate,full,40000,96,95,95,0.013434741746405847
prostate,full,40000,96,83,83,0.12972395926574207
prostate,full,40000,96,95,95,0.07100816204425965
prostate,full,40000,96,94,94,0.07952871758046827
prostate,full,40000,96,91,91,0.0634786096333298
prostate,full,40000,96,90,90,0.09775518326952273
prostate,full,40000,96,90,90,0.0205122635183357
prostate,full,40000,96,86,86,0.1261661992402832
prostate,full,40000,96,91,91,0.11256787695768879
prostate,full,40000,96,86,86,0.12495492850607987
prostate,full,40000,96,59,59,0.09643093978394937
prostate,full,40000,96,55,55,0.09811374185847002
prostate,full,40000,96,95,95,0.16198402151660185
prostate,full,40000,96,95,95,0.07451614671784856
prostate,full,40000,96,95,95,0.013625575654575199
prostate,full,40000,96,95,95,0.2268411774921852
prostate,full,40000,96,89,89,0.03517569989586624
prostate,full,40000,96,87,87,0.028160337365041154
prostate,full,40000,96,86,86,0.1535220751905206
prostate,full,40000,96,95,95,0.08942166062385296
prostate,full,40000,96,95,95,0.035011185211445854
prostate,full,40000,96,86,86,0.12274982063096804
prostate,full,40000,96,94,94,0.06723270643117751
prostate,full,40000,96,35,35,0.16969611163237192
prostate,full,40000,96,95,95,0.023071529030653227
prostate,full,40000,96,94,94,0.06469437491780125
prostate,full,40000,96,95,95,0.016152618081206025
prostate,full,40000,96,95,95,0.04495111200224056
prostate,full,40000,96,95,95,0.11463904576090808
prostate,full,40000,96,93,93,0.038101149981741106
prostate,full,40000,96,86,86,0.10744060558026952
prostate,full,40000,96,89,89,0.28633766879034217
prostate,full,40000,96,77,77,0.2077387969315184
prostate,full,40000,96,39,39,0.3361075755554721
prostate,full,40000,96,94,94,0.3256732157878108
prostate,full,40000,96,78,78,0.28661475217721366
prostate,full,40000,96,74,74,0.3082910928425896
prostate,full,40000,96,73,73,0.2901683739417037
prostate,full,40000,96,93,93,0.07597997821603986
prostate,full,40000,96,36,36,0.09860763552573944
prostate,full,40000,96,95,95,0.22782985256220126
prostate,full,40000,96,79,79,0.2369291376055798
prostate,full,40000,96,86,86,0.13526794437003645
prostate,full,40000,96,80,80,0.03967991592713456
prostate,full,40000,96,74,74,0.1718650544334903
prostate,full,40000,96,94,94,0.2295997705776945
prostate,full,40000,96,93,93,0.2557156935175407
prostate,full,40000,96,93,93,0.245251977696232
prostate,full,40000,96,92,92,0.26610125223227465
prostate,full,40000,96,89,89,0.26721538489324975
prostate,full,40000,96,88,88,0.24417566825187242
prostate,full,40000,96,86,86,0.20052548736643727
prostate,full,40000,96,86,86,0.09984335288503801
prostate,full,40000,96,68,68,0.146959228903774
prostate,full,40000,96,93,93,0.06210256459906864
prostate,full,40000,96,93,93,0.04463717940757351
prostate,full,40000,96,92,92,0.019693134419497882
prostate,full,40000,96,91,91,0.15309696556242097
prostate,full,40000,96,91,91,0.14383164176157387
prostate,full,40000,96,86,86,0.12555090503495894
prostate,full,40000,96,77,77,0.1630527390171456
prostate,full,40000,96,95,95,0.1357748896411105
prostate,full,40000,96,95,95,0.23127484210576285
prostate,full,40000,96,86,86,0.18731758568633
prostate,full,40000,96,95,95,0.11873361053343287
prostate,full,40000,96,93,93,0.172082796285711
prostate,full,40000,96,84,84,0.2478532760374908
prostate,full,40000,96,83,83,0.2355222758465774
prostate,full,40000,96,86,86,0.09751338425007544
prostate,full,40000,96,85,85,0.14221795228469675
prostate,full,40000,96,84,84,0.11047922510171755
prostate,full,40000,96,81,81,0.13876120635045536
prostate,full,40000,96,68,68,0.14581712240996764
prostate,full,40000,96,95,95,0.2264960116337979
prostate,full,40000,96,94,94,0.25581489364347176
prostate,full,40000,96,86,86,0.15697358848133633
prostate,full,40000,96,95,95,0.2399516435661568
prostate,full,40000,96,95,95,0.2541910363861226
prostate,full,40000,96,92,92,0.020603917306761463
prostate,full,40000,96,86,86,0.21564074496114705
prostate,full,40000,96,94,94,0.20907287555978155
prostate,full,40000,96,94,94,0.2014543774381776
prostate,full,40000,96,89,89,0.212454839040603
prostate,full,40000,96,88,88,0.18471300464189547
prostate,full,40000,96,79,79,0.20671598244823297
prostate,full,40000,96,79,79,0.19935428975748518
prostate,full,40000,96,77,77,0.17684951861750786
prostate,full,40000,97,74,74,0.09574399537398481
prostate,full,40000,97,66,66,0.12077240909106082
prostate,full,40000,97,41,41,0.12277758153872015
prostate,full,40000,97,39,39,0.14996538578010876
prostate,full,40000,97,74,74,0.18244310455768464
prostate,full,40000,97,54,54,0.2621769176177221
prostate,full,40000,97,49,49,0.1724857757598785
prostate,full,40000,97,96,96,0.26722811492225257
prostate,full,40000,97,96,96,0.25794842069041396
prostate,full,40000,97,96,96,0.23299092639832938
prostate,full,40000,97,94,94,0.11309032466155802
prostate,full,40000,97,87,87,0.21717360277968425
prostate,full,40000,97,96,96,0.32954352962101324
prostate,full,40000,97,86,86,0.24800093331626705
prostate,full,40000,97,86,86,0.24183714159066247
prostate,full,40000,97,84,84,0.23726584600959263
prostate,full,40000,97,75,75,0.2296792940810331
prostate,full,40000,97,49,49,0.24712181918285314
prostate,full,40000,97,87,87,0.11924438579083525
prostate,full,40000,97,68,68,0.09103447652070441
prostate,full,40000,97,54,54,0.13226710355803056
prostate,full,40000,97,92,92,0.07602481495929282
prostate,full,40000,97,85,85,0.0689221229165181
prostate,full,40000,97,85,85,0.11882022888882081
prostate,full,40000,97,82,82,0.11649204953659154
prostate,full,40000,97,77,77,0.12154694837559275
prostate,full,40000,97,96,96,0.1984181646506679
prostate,full,40000,97,94,94,0.05805311246408764
prostate,full,40000,97,96,96,0.16667965284892375
prostate,full,40000,97,94,94,0.052360294957425384
prostate,full,40000,97,96,96,0.22761700939298493
prostate,full,40000,97,96,96,0.1636161091270274
prostate,full,40000,97,96,96,0.11701878732954873
prostate,full,40000,97,96,96,0.028731798857796642
prostate,full,40000,97,96,96,0.02014476552487306
prostate,full,40000,97,89,89,0.0781292804896208
prostate,full,40000,97,87,87,0.2170760728303489
prostate,full,40000,97,86,86,0.12465411710870943
prostate,full,40000,97,59,59,0.06840257996465708
prostate,full,40000,97,54,54,0.13540838664385077
prostate,full,40000,97,96,96,0.02547053566400609
prostate,full,40000,97,96,96,0.01520594115502446
prostate,full,40000,97,96,96,0.025218686382219985
prostate,full,40000,97,96,96,0.11338825529498568
prostate,full,40000,97,94,94,0.029833202032671882
prostate,full,40000,97,96,96,0.23736368890425208
prostate,full,40000,97,96,96,0.23994918875799953
prostate,full,40000,97,87,87,0.20971400654108466
prostate,full,40000,97,54,54,0.24811552528606845
prostate,full,40000,97,44,44,0.2062884160879575
prostate,full,40000,97,39,39,0.2156697998552621
prostate,full,40000,97,82,82,0.1463571716877965
prostate,full,40000,97,82,82,0.13657271193429893
prostate,full,40000,97,80,80,0.14371217026687272
prostate,full,40000,97,59,59,0.1647350168444638
prostate,full,40000,97,54,54,0.16956847334524253
prostate,full,40000,97,96,96,0.2653039143657161
prostate,full,40000,97,70,70,0.24195638889029014
prostate,full,40000,97,68,68,0.26398706512371345
prostate,full,40000,97,64,64,0.25546993929119965
prostate,full,40000,97,47,47,0.29202512326526997
prostate,full,40000,97,96,96,0.058787515855177136
prostate,full,40000,97,94,94,0.07162533266065155
prostate,full,40000,97,93,93,0.07683878042215195
prostate,full,40000,97,93,93,0.02553311245973198
prostate,full,40000,97,87,87,0.1356104594071902
prostate,full,40000,97,96,96,0.21907883695888686
prostate,full,40000,97,93,93,0.09821856540782771
prostate,full,40000,97,88,88,0.1680620830807342
prostate,full,40000,97,83,83,0.08941519283153543
prostate,full,40000,97,82,82,0.2097456443024135
prostate,full,40000,97,80,80,0.21534888845928016
prostate,full,40000,97,78,78,0.1895300204149509
prostate,full,40000,97,73,73,0.20083963893280019
prostate,full,40000,97,63,63,0.18156400947349025
prostate,full,40000,97,94,94,0.13935576726441282
prostate,full,40000,97,94,94,0.10281620763724973
prostate,full,40000,97,89,89,0.0893050146515782
prostate,full,40000,97,88,88,0.14619462533871655
prostate,full,40000,97,79,79,0.16795426100891203
prostate,full,40000,97,38,38,0.22579588816115614
prostate,full,40000,97,74,74,0.14311727911822122
prostate,full,40000,97,54,54,0.16836267078755723
prostate,full,40000,97,49,49,0.0353445076110695
prostate,full,40000,97,96,96,0.233018782820736
prostate,full,40000,97,84,84,0.18597474204936074
prostate,full,40000,97,92,92,0.11321113355894812
prostate,full,40000,97,36,36,0.12083245410762276
prostate,full,40000,97,96,96,0.26277500832975637
prostate,full,40000,97,87,87,0.2562793694398303
prostate,full,40000,97,95,95,0.012991541160254938
prostate,full,40000,97,94,94,0.04038352183353125
prostate,full,40000,97,65,65,0.16063361093471618
prostate,full,40000,97,76,76,0.239136255336583
prostate,full,40000,97,44,44,0.22116141932840708
prostate,full,40000,97,39,39,0.25561494681104635
prostate,full,40000,97,96,96,0.05196618937418968
prostate,full,40000,97,96,96,0.05893444444913659
prostate,full,40000,97,96,96,0.005965422555550469
prostate,full,40000,97,96,96,0.009347956393210658
prostate,full,40000,97,96,96,0.015445221529788033
prostate,full,40000,97,96,96,0.05256515898671121
prostate,full,40000,97,95,95,0.003201617988350669
prostate,full,40000,97,80,80,0.04662670615764838
prostate,full,40000,97,91,91,0.10966555882993925
prostate,full,40000,97,82,82,0.125687859984062
prostate,full,40000,97,68,68,0.11009266695433792
prostate,full,40000,97,36,36,0.1973880365777152
prostate,full,40000,97,96,96,0.058601801957182544
prostate,full,40000,97,96,96,0.11689470600114708
prostate,full,40000,97,95,95,0.07682911878040552
prostate,full,40000,97,88,88,0.2444340491084912
prostate,full,40000,97,88,88,0.25103353006522655
prostate,full,40000,97,86,86,0.24896627652110254
prostate,full,40000,97,84,84,0.2658237283147488
prostate,full,40000,97,83,83,0.22299726425939692
prostate,full,40000,97,81,81,0.20152801200851972
prostate,full,40000,97,79,79,0.24696562683353512
prostate,full,40000,97,36,36,0.32264023127243147
prostate,full,40000,97,96,96,0.18416964415493295
prostate,full,40000,97,96,96,0.2563562458101409
prostate,full,40000,97,87,87,0.2034567704660466
prostate,full,40000,97,93,93,0.09406135724657885
prostate,full,40000,97,84,84,0.11594946271967192
prostate,full,40000,97,94,94,0.06400388857953564
prostate,full,40000,97,36,36,0.21181576109118622
prostate,full,40000,97,69,69,0.16654372195566447
prostate,full,40000,97,39,39,0.1455192259503634
prostate,full,40000,97,90,90,0.2546253363597082
prostate,full,40000,97,81,81,0.2392274546954988
prostate,full,40000,97,39,39,0.2425572910350897
prostate,full,40000,97,94,94,0.011648381594741014
prostate,full,40000,97,87,87,0.12122716099465856
prostate,full,40000,97,83,83,0.22554632759102256
prostate,full,40000,97,83,83,0.291182508086784
prostate,full,40000,97,83,83,0.24809123872603425
prostate,full,40000,97,80,80,0.23781949570090485
prostate,full,40000,97,77,77,0.2407263875797022
prostate,full,40000,97,76,76,0.25622938763465103
prostate,full,40000,97,73,73,0.22705628677696713
prostate,full,40000,97,71,71,0.22765249260740728
prostate,full,40000,97,69,69,0.23526562369963125
prostate,full,40000,97,94,94,0.013530604227946672
prostate,full,40000,97,93,93,0.10228371006446452
prostate,full,40000,97,87,87,0.1154011663595914
prostate,full,40000,97,90,90,0.07446790814789926
prostate,full,40000,97,86,86,0.1441233025428297
prostate,full,40000,97,83,83,0.13319138810191514
prostate,full,40000,97,74,74,0.12518512298509285
prostate,full,40000,97,87,87,0.12137947606302386
prostate,full,40000,97,59,59,0.09127035852095211
prostate,full,40000,97,55,55,0.09275170985918905
prostate,full,40000,97,54,54,0.13040541998930222
prostate,full,40000,97,87,87,0.12212956911203564
prostate,full,40000,97,59,59,0.06210638310551745
prostate,full,40000,97,55,55,0.06230898621979226
prostate,full,40000,97,54,54,0.13505229684238995
prostate,full,40000,97,96,96,0.05903599539239381
prostate,full,40000,97,96,96,0.10040421714105545
prostate,full,40000,97,96,96,0.02685157913332968
prostate,full,40000,97,95,95,0.051933741608896244
prostate,full,40000,97,95,95,0.013169727631197226
prostate,full,40000,97,87,87,0.10265867115988478
prostate,full,40000,97,96,96,0.2577796584870817
prostate,full,40000,97,96,96,0.12104920275397164
prostate,full,40000,97,96,96,0.30500588486611213
prostate,full,40000,97,87,87,0.11218459882358324
prostate,full,40000,97,87,87,0.15168225643952257
prostate,full,40000,97,68,68,0.21595740965212898
prostate,full,40000,97,70,70,0.13264566726549976
prostate,full,40000,97,68,68,0.14195263684159895
prostate,full,40000,97,49,49,0.07951218323362988
prostate,full,40000,97,92,92,0.08467625342814909
prostate,full,40000,97,84,84,0.13120868036324285
prostate,full,40000,97,68,68,0.14665982421808318
prostate,full,40000,97,36,36,0.1982617485738478
prostate,full,40000,97,96,96,0.11377284472744946
prostate,full,40000,97,96,96,0.2475821944989355
prostate,full,40000,97,96,96,0.27985137322759385
prostate,full,40000,97,87,87,0.24138840546982007
prostate,full,40000,97,94,94,0.08664672295872934
prostate,full,40000,97,94,94,0.03666117124598925
prostate,full,40000,97,96,96,0.11696972129890819
prostate,full,40000,97,96,96,0.21792621947016352
prostate,full,40000,97,96,96,0.14878408105350815
prostate,full,40000,97,87,87,0.19634514706710127
prostate,full,40000,97,96,96,0.27969765453407214
prostate,full,40000,97,78,78,0.2565348751537898
prostate,full,40000,97,84,84,0.16174011154309223
prostate,full,40000,97,81,81,0.13385364369534125
prostate,full,40000,97,39,39,0.16674856196235288
prostate,full,40000,97,78,78,0.24755368645788264
prostate,full,40000,97,75,75,0.2019427343107654
prostate,full,40000,97,72,72,0.27588266526983896
prostate,full,40000,97,67,67,0.26213994540943897
prostate,full,40000,97,67,67,0.22841412308666645
prostate,full,40000,97,63,63,0.29781595492786106
prostate,full,40000,97,59,59,0.29287076224622266
prostate,full,40000,97,55,55,0.30046205254632224
prostate,full,40000,97,54,54,0.2948942866365153
prostate,full,40000,97,92,92,0.10485662440422383
prostate,full,40000,97,87,87,0.11041687125851707
prostate,full,40000,97,59,59,0.05122386351695578
prostate,full,40000,97,55,55,0.0522857078878673
prostate,full,40000,97,36,36,0.3827426479446278
prostate,full,40000,97,30,30,0.32080706904737794
prostate,full,40000,97,96,96,0.22354680333457266
prostate,full,40000,97,85,85,0.19594409327013212
prostate,full,40000,97,83,83,0.2768743322351533
prostate,full,40000,97,78,78,0.24064816291409621
prostate,full,40000,97,82,82,0.2649715230859264
prostate,full,40000,97,66,66,0.27479781324643543
prostate,full,40000,97,54,54,0.28052882549235963
prostate,full,40000,97,48,48,0.2591056113763332
prostate,full,40000,97,44,44,0.27308300475155306
prostate,full,40000,97,95,95,0.11544132435342723
prostate,full,40000,97,96,96,0.29641224476785905
prostate,full,40000,97,94,94,0.13116320407457444
prostate,full,40000,97,95,95,0.15339663120374492
prostate,full,40000,97,90,90,0.1727065134002336
prostate,full,40000,97,81,81,0.1610795330025895
prostate,full,40000,97,78,78,0.18100460586572018
prostate,full,40000,97,96,96,0.09821892704428574
prostate,full,40000,97,95,95,0.05545094912453672
prostate,full,40000,97,93,93,0.054245307126855234
prostate,full,40000,97,87,87,0.11549006942958362
prostate,full,40000,97,95,95,0.26687173977266504
prostate,full,40000,97,92,92,0.19829707180557507
prostate,full,40000,97,83,83,0.25762535868392183
prostate,full,40000,97,82,82,0.2504072878332775
prostate,full,40000,97,96,96,0.2613806251132294
prostate,full,40000,97,96,96,0.07351690201683991
prostate,full,40000,97,96,96,0.27832621158475607
prostate,full,40000,97,95,95,0.030625272881961305
prostate,full,40000,97,94,94,0.0465797569186336
prostate,full,40000,97,87,87,0.23203156857401422
prostate,full,40000,97,95,95,0.014765964184189774
prostate,full,40000,97,81,81,0.15542984328230117
prostate,full,40000,97,77,77,0.15532478077754777
prostate,full,40000,97,75,75,0.1109662248139222
prostate,full,40000,97,73,73,0.14777294955384992
prostate,full,40000,97,73,73,0.1582549542642423
prostate,full,40000,97,70,70,0.1731950866611588
prostate,full,40000,97,94,94,0.12606270997775354
prostate,full,40000,97,94,94,0.08996724242959357
prostate,full,40000,97,36,36,0.16299155377528368
prostate,full,40000,97,96,96,0.03131416562936692
prostate,full,40000,97,96,96,0.28509796256026504
prostate,full,40000,97,96,96,0.24170770182287993
prostate,full,40000,97,87,87,0.1985842654308268
prostate,full,40000,97,96,96,0.28820145813891324
prostate,full,40000,97,84,84,0.23995893357144066
prostate,full,40000,97,96,96,0.27279032887487803
prostate,full,40000,97,96,96,0.14746930366511654
prostate,full,40000,97,96,96,0.2463307490104221
prostate,full,40000,97,87,87,0.147172167177183
prostate,full,40000,97,96,96,0.31340056772794395
prostate,full,40000,97,90,90,0.22908488318526057
prostate,full,40000,97,85,85,0.2679208908752508
prostate,full,40000,97,83,83,0.22739585755112374
prostate,full,40000,97,74,74,0.18231551760487047
prostate,full,40000,97,73,73,0.21001775312258186
prostate,full,40000,97,96,96,0.1119883185636864
prostate,full,40000,97,96,96,0.05814558842507439
prostate,full,40000,97,94,94,0.0829096998482217
prostate,full,40000,97,77,77,0.11675151755892586
prostate,full,40000,97,66,66,0.16705383636913737
prostate,full,40000,97,55,55,0.25004998377698606
prostate,full,40000,97,92,92,0.2046840842037901
prostate,full,40000,97,87,87,0.1574459645748501
prostate,full,40000,97,82,82,0.11787970552357528
prostate,full,40000,97,82,82,0.14237718093371143
prostate,full,40000,97,77,77,0.11863705229907955
prostate,full,40000,97,65,65,0.12486086218514013
prostate,full,40000,97,59,59,0.1190949172981399
prostate,full,40000,97,54,54,0.13465419261623288
prostate,full,40000,97,79,79,0.15105879360375388
prostate,full,40000,97,79,79,0.1490243733586953
prostate,full,40000,97,54,54,0.16579825438410822
prostate,full,40000,97,39,39,0.08819957548564113
prostate,full,40000,98,94,94,0.04805675968679146
prostate,full,40000,98,94,94,0.11570942787556572
prostate,full,40000,98,92,92,0.11167052517957388
prostate,full,40000,98,91,91,0.12684071543555064
prostate,full,40000,98,97,97,0.03012553274919465
prostate,full,40000,98,97,97,0.1373199511511563
prostate,full,40000,98,96,96,0.06420783192748054
prostate,full,40000,98,95,95,0.023126442505607234
prostate,full,40000,98,93,93,0.13468327416357656
prostate,full,40000,98,91,91,0.23530034298728475
prostate,full,40000,98,88,88,0.2054629826240869
prostate,full,40000,98,82,82,0.2173193168875249
prostate,full,40000,98,54,54,0.2646697335600349
prostate,full,40000,98,49,49,0.17586515381216944
prostate,full,40000,98,44,44,0.2151595243211456
prostate,full,40000,98,97,97,0.08051391922343576
prostate,full,40000,98,97,97,0.0763453769895505
prostate,full,40000,98,88,88,0.13467396211911487
prostate,full,40000,98,92,92,0.08037397329884491
prostate,full,40000,98,88,88,0.10968253921063323
prostate,full,40000,98,68,68,0.14023564666367763
prostate,full,40000,98,97,97,0.2777266484706474
prostate,full,40000,98,96,96,0.10255498597438595
prostate,full,40000,98,96,96,0.3152261348099654
prostate,full,40000,98,88,88,0.21058340673505127
prostate,full,40000,98,97,97,0.3109348442307784
prostate,full,40000,98,92,92,0.21288604756767082
prostate,full,40000,98,87,87,0.14258597068749743
prostate,full,40000,98,82,82,0.2722793029053915
prostate,full,40000,98,93,93,0.23686519557736774
prostate,full,40000,98,88,88,0.23119236464185305
prostate,full,40000,98,71,71,0.21194916149224252
prostate,full,40000,98,56,56,0.2747028534110766
prostate,full,40000,98,97,97,0.06512617883373417
prostate,full,40000,98,97,97,0.11589095607396065
prostate,full,40000,98,97,97,0.02232460331799695
prostate,full,40000,98,97,97,0.009545094798454003
prostate,full,40000,98,97,97,0.020912169112711206
prostate,full,40000,98,95,95,0.02815665422000768
prostate,full,40000,98,91,91,0.0165577695851834
prostate,full,40000,98,96,96,0.3077842372624952
prostate,full,40000,98,87,87,0.30344180884417427
prostate,full,40000,98,83,83,0.30718502409678855
prostate,full,40000,98,82,82,0.2455685752856587
prostate,full,40000,98,96,96,0.2900717748226586
prostate,full,40000,98,87,87,0.28156429167113833
prostate,full,40000,98,87,87,0.27284011187185186
prostate,full,40000,98,97,97,0.23020591200637108
prostate,full,40000,98,95,95,0.08864246510831426
prostate,full,40000,98,94,94,0.07220672054548162
prostate,full,40000,98,88,88,0.1398914309096526
prostate,full,40000,98,86,86,0.14379035375218976
prostate,full,40000,98,79,79,0.1289217848751213
prostate,full,40000,98,78,78,0.11212323525715359
prostate,full,40000,98,97,97,0.33052275740272996
prostate,full,40000,98,95,95,0.22488234012217317
prostate,full,40000,98,97,97,0.07434719416915413
prostate,full,40000,98,95,95,0.03132554070651419
prostate,full,40000,98,97,97,0.31034014096259854
prostate,full,40000,98,97,97,0.041542228042911036
prostate,full,40000,98,94,94,0.2044450471208749
prostate,full,40000,98,88,88,0.23134837397185237
prostate,full,40000,98,97,97,0.10734817949038727
prostate,full,40000,98,94,94,0.04855810729837764
prostate,full,40000,98,93,93,0.0829519016127779
prostate,full,40000,98,88,88,0.09451381742337205
prostate,full,40000,98,68,68,0.22055338862478754
prostate,full,40000,98,30,30,0.1730294634737159
prostate,full,40000,98,92,92,0.15725704825919343
prostate,full,40000,98,39,39,0.2529030597785044
prostate,full,40000,98,81,81,0.14590871746687567
prostate,full,40000,98,81,81,0.1548816365074031
prostate,full,40000,98,39,39,0.16110456687449792
prostate,full,40000,98,96,96,0.07251013957525494
prostate,full,40000,98,97,97,0.012148426421985848
prostate,full,40000,98,97,97,0.04976667253711938
prostate,full,40000,98,97,97,0.03698222381090062
prostate,full,40000,98,97,97,0.009332000496635184
prostate,full,40000,98,97,97,0.026648612179320654
prostate,full,40000,98,96,96,0.03972737974751427
prostate,full,40000,98,95,95,0.0057893769752352916
prostate,full,40000,98,88,88,0.11780311490172345
prostate,full,40000,98,93,93,0.09072839110876264
prostate,full,40000,98,88,88,0.10014002013213025
prostate,full,40000,98,59,59,0.1602017484169667
prostate,full,40000,98,55,55,0.1647458721161494
prostate,full,40000,98,97,97,0.01791467507357875
prostate,full,40000,98,39,39,0.10805623639202515
prostate,full,40000,98,74,74,0.15949903314707747
prostate,full,40000,98,74,74,0.16021575457606824
prostate,full,40000,98,68,68,0.14266663561898107
prostate,full,40000,98,49,49,0.09457137876051847
prostate,full,40000,98,97,97,0.18081093187407393
prostate,full,40000,98,97,97,0.24613164641912308
prostate,full,40000,98,97,97,0.024020319664618265
prostate,full,40000,98,95,95,0.07826128889957647
prostate,full,40000,98,93,93,0.20500514377358728
prostate,full,40000,98,84,84,0.16254811569067357
prostate,full,40000,98,82,82,0.15954906694972693
prostate,full,40000,98,59,59,0.17812423271894984
prostate,full,40000,98,97,97,0.1202181008524259
prostate,full,40000,98,95,95,0.02212821584965908
prostate,full,40000,98,95,95,0.013009594254319013
prostate,full,40000,98,94,94,0.07960540531280877
prostate,full,40000,98,94,94,0.01822714821075234
prostate,full,40000,98,88,88,0.10327352584126061
prostate,full,40000,98,94,94,0.12693739557896205
prostate,full,40000,98,79,79,0.12950560483285364
prostate,full,40000,98,74,74,0.13870371192606612
prostate,full,40000,98,54,54,0.11576005016728141
prostate,full,40000,98,39,39,0.10005209891163301
prostate,full,40000,98,97,97,0.310143996928081
prostate,full,40000,98,88,88,0.2371880774194034
prostate,full,40000,98,97,97,0.059620483642938496
prostate,full,40000,98,97,97,0.1973887455651056
prostate,full,40000,98,95,95,0.04166299095346057
prostate,full,40000,98,90,90,0.01959181980736833
prostate,full,40000,98,97,97,0.3128791826204314
prostate,full,40000,98,97,97,0.12308291190286429
prostate,full,40000,98,95,95,0.11750065943284785
prostate,full,40000,98,97,97,0.18948569067853693
prostate,full,40000,98,97,97,0.0077187790642771325
prostate,full,40000,98,88,88,0.10824902943963378
prostate,full,40000,98,54,54,0.16954778175778643
prostate,full,40000,98,87,87,0.14754145525813686
prostate,full,40000,98,85,85,0.17761896751446374
prostate,full,40000,98,84,84,0.16201806448625414
prostate,full,40000,98,83,83,0.16400454208069484
prostate,full,40000,98,70,70,0.1547053784939054
prostate,full,40000,98,75,75,0.14904227595973138
prostate,full,40000,98,73,73,0.1719911574107964
prostate,full,40000,98,72,72,0.17182572300914337
prostate,full,40000,98,59,59,0.209039393342922
prostate,full,40000,98,59,59,0.26747702063044765
prostate,full,40000,98,58,58,0.19077393306849497
prostate,full,40000,98,55,55,0.26674498007076025
prostate,full,40000,98,54,54,0.24029742008808574
prostate,full,40000,98,50,50,0.1930281403238022
prostate,full,40000,98,44,44,0.15620864313310806
prostate,full,40000,98,39,39,0.3062499425813653
prostate,full,40000,98,97,97,0.061317760048664856
prostate,full,40000,98,95,95,0.0509744772269663
prostate,full,40000,98,85,85,0.10926064738944861
prostate,full,40000,98,94,94,0.09410089363553661
prostate,full,40000,98,93,93,0.1139057729840907
prostate,full,40000,98,88,88,0.15866338825783244
prostate,full,40000,98,85,85,0.023791687659560152
prostate,full,40000,98,79,79,0.12128547460189142
prostate,full,40000,98,97,97,0.05122172975187457
prostate,full,40000,98,97,97,0.07787906164442476
prostate,full,40000,98,95,95,0.037586041024506814
prostate,full,40000,98,88,88,0.1313480736093533
prostate,full,40000,98,97,97,0.11275028699713316
prostate,full,40000,98,96,96,0.007452879482569955
prostate,full,40000,98,95,95,0.11282005274145263
prostate,full,40000,98,85,85,0.03925747885124636
prostate,full,40000,98,79,79,0.15778628078801743
prostate,full,40000,98,74,74,0.17181337644597627
prostate,full,40000,98,54,54,0.17756819013600453
prostate,full,40000,98,48,48,0.15335172914664308
prostate,full,40000,98,44,44,0.15098542750587554
prostate,full,40000,98,36,36,0.1868165330828378
prostate,full,40000,98,82,82,0.16893572024063994
prostate,full,40000,98,39,39,0.21299392054923338
prostate,full,40000,98,96,96,0.29922831781428594
prostate,full,40000,98,96,96,0.07720368953946159
prostate,full,40000,98,93,93,0.1659916041112035
prostate,full,40000,98,91,91,0.18021757044284606
prostate,full,40000,98,82,82,0.1499464789624358
prostate,full,40000,98,80,80,0.19497849063176279
prostate,full,40000,98,39,39,0.226165612846142
prostate,full,40000,98,96,96,0.2446422613799739
prostate,full,40000,98,96,96,0.24992483558029774
prostate,full,40000,98,96,96,0.2526954513273006
prostate,full,40000,98,94,94,0.25422659173968687
prostate,full,40000,98,94,94,0.16837643764028204
prostate,full,40000,98,86,86,0.19513244101864985
prostate,full,40000,98,85,85,0.08230158101661667
prostate,full,40000,98,79,79,0.23230940773434425
prostate,full,40000,98,97,97,0.20344025939603036
prostate,full,40000,98,97,97,0.2714945147821424
prostate,full,40000,98,97,97,0.05636086129664803
prostate,full,40000,98,96,96,0.021854243024606753
prostate,full,40000,98,88,88,0.2023037007121845
prostate,full,40000,98,93,93,0.21618946721306975
prostate,full,40000,98,92,92,0.11221924917305574
prostate,full,40000,98,80,80,0.2217372990835358
prostate,full,40000,98,39,39,0.2772384702248632
prostate,full,40000,98,97,97,0.0202664617905116
prostate,full,40000,98,97,97,0.16873073221762422
prostate,full,40000,98,95,95,0.054544198508341156
prostate,full,40000,98,97,97,0.007094472582737129
prostate,full,40000,98,97,97,0.004981976344575891
prostate,full,40000,98,97,97,0.04625108316946694
prostate,full,40000,98,97,97,0.010605903705491108
prostate,full,40000,98,97,97,0.04485919149553482
prostate,full,40000,98,97,97,0.00485700943440675
prostate,full,40000,98,95,95,0.038041315259298596
prostate,full,40000,98,95,95,0.007001943627876273
prostate,full,40000,98,95,95,0.03655890591165615
prostate,full,40000,98,95,95,0.01739064027819775
prostate,full,40000,98,94,94,0.07520587167853963
prostate,full,40000,98,91,91,0.0503841235148644
prostate,full,40000,98,88,88,0.11508860588723735
prostate,full,40000,98,97,97,0.163969732973411
prostate,full,40000,98,96,96,0.2872838967886783
prostate,full,40000,98,95,95,0.14088750942746583
prostate,full,40000,98,65,65,0.16137849261630957
prostate,full,40000,98,36,36,0.21147670087555037
prostate,full,40000,98,79,79,0.1464457639179678
prostate,full,40000,98,42,42,0.07397088809361303
prostate,full,40000,98,93,93,0.29626610178697516
prostate,full,40000,98,91,91,0.2981189032866524
prostate,full,40000,98,82,82,0.22049890783403192
prostate,full,40000,98,80,80,0.3129360826757198
prostate,full,40000,98,39,39,0.3066486473111319
prostate,full,40000,98,97,97,0.22483794115047726
prostate,full,40000,98,95,95,0.14814393972846013
prostate,full,40000,98,92,92,0.17498379715636175
prostate,full,40000,98,84,84,0.17633042152343525
prostate,full,40000,98,82,82,0.20500730135101602
prostate,full,40000,98,80,80,0.15313578353817642
prostate,full,40000,98,97,97,0.08000017523846165
prostate,full,40000,98,94,94,0.010428063751108925
prostate,full,40000,98,88,88,0.13262880125133591
prostate,full,40000,98,85,85,0.0464130059281098
prostate,full,40000,98,97,97,0.12175523382365344
prostate,full,40000,98,96,96,0.22293420916960746
prostate,full,40000,98,96,96,0.23530045606839345
prostate,full,40000,98,93,93,0.20302304220157602
prostate,full,40000,98,89,89,0.12463473710954207
prostate,full,40000,98,88,88,0.2041655157332552
prostate,full,40000,98,85,85,0.24539121917104803
prostate,full,40000,98,96,96,0.24933676701226484
prostate,full,40000,98,96,96,0.2494867201101754
prostate,full,40000,98,94,94,0.2251597584085064
prostate,full,40000,98,85,85,0.23419107945178824
prostate,full,40000,98,97,97,0.20800195398922405
prostate,full,40000,98,96,96,0.2917834604530469
prostate,full,40000,98,88,88,0.14314573800339278
prostate,full,40000,98,97,97,0.26531316511041564
prostate,full,40000,98,81,81,0.2232587223144107
prostate,full,40000,98,97,97,0.19803695691896436
prostate,full,40000,98,96,96,0.2897606571732155
prostate,full,40000,98,96,96,0.2820252740194191
prostate,full,40000,98,94,94,0.28402841320656275
prostate,full,40000,98,92,92,0.13556407636912784
prostate,full,40000,98,87,87,0.20035341812797064
prostate,full,40000,98,78,78,0.24000424049919658
prostate,full,40000,98,97,97,0.22327511529309194
prostate,full,40000,98,94,94,0.27156951844352273
prostate,full,40000,98,78,78,0.3054425776747608
prostate,full,40000,98,94,94,0.24653487784258465
prostate,full,40000,98,66,66,0.26585083006859483
prostate,full,40000,98,49,49,0.3060758514697604
prostate,full,40000,98,97,97,0.014231363686001064
prostate,full,40000,98,97,97,0.11942442840371571
prostate,full,40000,98,88,88,0.12333736718932044
prostate,full,40000,98,97,97,0.10659893691095028
prostate,full,40000,98,88,88,0.10480771058429243
prostate,full,40000,98,97,97,0.1098853492855759
prostate,full,40000,98,96,96,0.011646872616380028
prostate,full,40000,98,94,94,0.04701834719655783
prostate,full,40000,98,94,94,0.07950083504267262
prostate,full,40000,98,88,88,0.11889212755162429
prostate,full,40000,98,95,95,0.10109559890976055
prostate,full,40000,98,39,39,0.1840310830589384
prostate,full,40000,98,97,97,0.10483069031486592
prostate,full,40000,98,96,96,0.05770661235205573
prostate,full,40000,98,95,95,0.08403564610380533
prostate,full,40000,98,95,95,0.18611112025747134
prostate,full,40000,98,90,90,0.1744730948876013
prostate,full,40000,98,84,84,0.17544570996130765
prostate,full,40000,98,84,84,0.20766088131291177
prostate,full,40000,98,97,97,0.232843096857496
prostate,full,40000,98,95,95,0.07907303816398914
prostate,full,40000,98,97,97,0.3231037173953621
prostate,full,40000,98,95,95,0.21069042376616234
prostate,full,40000,98,97,97,0.179528363627672
prostate,full,40000,98,97,97,0.018596986260107744
prostate,full,40000,98,94,94,0.09119202283846765
prostate,full,40000,98,88,88,0.16172825090107906
prostate,full,40000,98,78,78,0.0951921330492991
prostate,full,40000,98,70,70,0.14108591504419854
prostate,full,40000,98,69,69,0.14503448033302424
prostate,full,40000,98,69,69,0.1638598351061962
prostate,full,40000,98,59,59,0.1683569816816354
prostate,full,40000,98,55,55,0.16775604486681245
prostate,full,40000,98,97,97,0.2989319428455315
prostate,full,40000,98,97,97,0.24552273954629775
prostate,full,40000,98,85,85,0.25811024512236097
prostate,full,40000,98,97,97,0.20410849802994852
prostate,full,40000,98,97,97,0.03839036387601733
prostate,full,40000,98,97,97,0.2560763356752472
prostate,full,40000,98,88,88,0.19944558823879976
prostate,full,40000,98,97,97,0.269275060253193
prostate,full,40000,98,96,96,0.3278831979463308
prostate,full,40000,98,96,96,0.32913801105303986
prostate,full,40000,98,94,94,0.32891427940936147
prostate,full,40000,98,78,78,0.29264572356117385
prostate,full,40000,98,95,95,0.06976495076667662
prostate,full,40000,98,36,36,0.17948138122632398
prostate,full,40000,98,78,78,0.17197146965011517
prostate,full,40000,98,60,60,0.17833658246561124
prostate,full,40000,98,33,33,0.35674728074319456
prostate,full,40000,99,83,83,0.2534365941280426
prostate,full,40000,99,81,81,0.26695416722139265
prostate,full,40000,99,80,80,0.298466852942627
prostate,full,40000,99,79,79,0.3097841685929423
prostate,full,40000,99,68,68,0.3616451280712214
prostate,full,40000,99,36,36,0.38193976965279036
prostate,full,40000,99,95,95,0.31125388953921257
prostate,full,40000,99,83,83,0.282647613427776
prostate,full,40000,99,39,39,0.29041638530804104
prostate,full,40000,99,98,98,0.14273131182529064
prostate,full,40000,99,96,96,0.1262284420913696
prostate,full,40000,99,98,98,0.20524569609932636
prostate,full,40000,99,96,96,0.10865051641793659
prostate,full,40000,99,97,97,0.027000262695945663
prostate,full,40000,99,96,96,0.07789305578589545
prostate,full,40000,99,94,94,0.03729522571962297
prostate,full,40000,99,91,91,0.015289726071718754
prostate,full,40000,99,39,39,0.258953498502107
prostate,full,40000,99,98,98,0.02979767293662935
prostate,full,40000,99,98,98,0.28539097298251614
prostate,full,40000,99,98,98,0.17429779182853997
prostate,full,40000,99,97,97,0.07087956066106323
prostate,full,40000,99,49,49,0.20162938289632112
prostate,full,40000,99,98,98,0.27239486085563747
prostate,full,40000,99,95,95,0.1549456718749355
prostate,full,40000,99,89,89,0.19768207546362943
prostate,full,40000,99,98,98,0.1829571149478416
prostate,full,40000,99,86,86,0.16005758887009136
prostate,full,40000,99,98,98,0.1997271807759757
prostate,full,40000,99,95,95,0.09144828522942129
prostate,full,40000,99,89,89,0.1644223930485323
prostate,full,40000,99,92,92,0.2650087027865022
prostate,full,40000,99,83,83,0.22200908978704662
prostate,full,40000,99,39,39,0.3394499610362743
prostate,full,40000,99,98,98,0.23191527121109817
prostate,full,40000,99,96,96,0.18285507177881324
prostate,full,40000,99,98,98,0.03424791483809803
prostate,full,40000,99,93,93,0.10216830352847828
prostate,full,40000,99,49,49,0.032255667163258776
prostate,full,40000,99,96,96,0.10015506436719084
prostate,full,40000,99,36,36,0.1986339776830316
prostate,full,40000,99,96,96,0.03164361621951226
prostate,full,40000,99,90,90,0.11986154255950313
prostate,full,40000,99,97,97,0.14643566258836535
prostate,full,40000,99,98,98,0.2396328210781821
prostate,full,40000,99,98,98,0.2550924661387019
prostate,full,40000,99,96,96,0.07355499884242744
prostate,full,40000,99,86,86,0.26202564535237144
prostate,full,40000,99,74,74,0.1812407886391514
prostate,full,40000,99,54,54,0.2739482458540325
prostate,full,40000,99,49,49,0.18406354786775364
prostate,full,40000,99,97,97,0.017576850422406882
prostate,full,40000,99,86,86,0.14812319953123906
prostate,full,40000,99,86,86,0.08541976968231733
prostate,full,40000,99,98,98,0.17146133877320074
prostate,full,40000,99,98,98,0.22627852920888514
prostate,full,40000,99,96,96,0.07127262827466109
prostate,full,40000,99,98,98,0.24581186922930437
prostate,full,40000,99,96,96,0.18708644052957635
prostate,full,40000,99,97,97,0.048290647773966
prostate,full,40000,99,83,83,0.14670375029481972
prostate,full,40000,99,98,98,0.08787579088254228
prostate,full,40000,99,96,96,0.15384896461715888
prostate,full,40000,99,98,98,0.12490838399986663
prostate,full,40000,99,97,97,0.007184937153368213
prostate,full,40000,99,80,80,0.07811783605237113
prostate,full,40000,99,78,78,0.1828704744414906
prostate,full,40000,99,66,66,0.28686873149256326
prostate,full,40000,99,36,36,0.36915194063044554
prostate,full,40000,99,98,98,0.08151500756892838
prostate,full,40000,99,93,93,0.2754484800347255
prostate,full,40000,99,89,89,0.20458902871534834
prostate,full,40000,99,98,98,0.05633016379814884
prostate,full,40000,99,83,83,0.12400982048297154
prostate,full,40000,99,68,68,0.10726188301244009
prostate,full,40000,99,98,98,0.11471705538702714
prostate,full,40000,99,96,96,0.07228761181567021
prostate,full,40000,99,98,98,0.2726890504091344
prostate,full,40000,99,95,95,0.1598325006112097
prostate,full,40000,99,89,89,0.2002960619174523
prostate,full,40000,99,77,77,0.14759213139374877
prostate,full,40000,99,42,42,0.11857653678021395
prostate,full,40000,99,93,93,0.13839268733085683
prostate,full,40000,99,39,39,0.13512387944163537
prostate,full,40000,99,87,87,0.24300360054428402
prostate,full,40000,99,68,68,0.3279650908900262
prostate,full,40000,99,35,35,0.35501187731720407
prostate,full,40000,99,94,94,0.17835200373164317
prostate,full,40000,99,92,92,0.256094614886261
prostate,full,40000,99,89,89,0.26225495588840686
prostate,full,40000,99,88,88,0.24828879866913595
prostate,full,40000,99,82,82,0.2242697288449112
prostate,full,40000,99,80,80,0.2007035575356438
prostate,full,40000,99,88,88,0.20928025288897328
prostate,full,40000,99,59,59,0.2868641271196006
prostate,full,40000,99,55,55,0.29385563019573624
prostate,full,40000,99,54,54,0.29023152920170914
prostate,full,40000,99,98,98,0.030351333198563226
prostate,full,40000,99,98,98,0.10235421726056637
prostate,full,40000,99,98,98,0.014682464301241259
prostate,full,40000,99,98,98,0.059120284964502334
prostate,full,40000,99,98,98,0.017273060809348314
prostate,full,40000,99,96,96,0.014326393456680837
prostate,full,40000,99,96,96,0.015410649527419426
prostate,full,40000,99,95,95,0.03465945200126902
prostate,full,40000,99,89,89,0.09606403778819553
prostate,full,40000,99,95,95,0.03447599210292314
prostate,full,40000,99,91,91,0.16305322157604527
prostate,full,40000,99,90,90,0.26616808718153234
prostate,full,40000,99,90,90,0.2613589794957979
prostate,full,40000,99,90,90,0.27187605330273684
prostate,full,40000,99,83,83,0.22346997664854545
prostate,full,40000,99,98,98,0.26072125026666654
prostate,full,40000,99,98,98,0.18890346635636834
prostate,full,40000,99,96,96,0.06667825529387089
prostate,full,40000,99,83,83,0.17733267243592526
prostate,full,40000,99,77,77,0.1768872071746251
prostate,full,40000,99,68,68,0.22188949762903706
prostate,full,40000,99,36,36,0.3340441524843396
prostate,full,40000,99,54,54,0.207664232125282
prostate,full,40000,99,49,49,0.09856348925444673
prostate,full,40000,99,44,44,0.18588801104967925
prostate,full,40000,99,97,97,0.05289410628267055
prostate,full,40000,99,98,98,0.16191689696207068
prostate,full,40000,99,98,98,0.11354643095422724
prostate,full,40000,99,97,97,0.017289112970877703
prostate,full,40000,99,96,96,0.07718125857013051
prostate,full,40000,99,96,96,0.046390865771721385
prostate,full,40000,99,98,98,0.010070870396858006
prostate,full,40000,99,98,98,0.014437627528909803
prostate,full,40000,99,98,98,0.17975595816585102
prostate,full,40000,99,98,98,0.06506150500493019
prostate,full,40000,99,97,97,0.006992928078333118
prostate,full,40000,99,96,96,0.006037427106158728
prostate,full,40000,99,95,95,0.0962369155835647
prostate,full,40000,99,90,90,0.019172396951169162
prostate,full,40000,99,89,89,0.1534959222276611
prostate,full,40000,99,98,98,0.05950676693653081
prostate,full,40000,99,98,98,0.02290576228426797
prostate,full,40000,99,90,90,0.1575088428409892
prostate,full,40000,99,83,83,0.21405384516660295
prostate,full,40000,99,39,39,0.2908008421792959
prostate,full,40000,99,86,86,0.11803723376184773
prostate,full,40000,99,36,36,0.2039101706879531
prostate,full,40000,99,95,95,0.0762842435984363
prostate,full,40000,99,95,95,0.1529311463907693
prostate,full,40000,99,93,93,0.07331711075573821
prostate,full,40000,99,86,86,0.12379109591790478
prostate,full,40000,99,36,36,0.20536911059185617
prostate,full,40000,99,96,96,0.117485363309475
prostate,full,40000,99,36,36,0.20777371321290328
prostate,full,40000,99,79,79,0.1683536556323522
prostate,full,40000,99,78,78,0.1680977705810587
prostate,full,40000,99,39,39,0.1844812282944904
prostate,full,40000,99,96,96,0.22339147179758134
prostate,full,40000,99,94,94,0.2202656026232457
prostate,full,40000,99,92,92,0.28063101182558425
prostate,full,40000,99,91,91,0.2321360910315362
prostate,full,40000,99,90,90,0.20807143320442903
prostate,full,40000,99,89,89,0.2503261400165255
prostate,full,40000,99,88,88,0.17589470907032215
prostate,full,40000,99,88,88,0.22909015883414047
prostate,full,40000,99,88,88,0.22538813885365522
prostate,full,40000,99,88,88,0.1768925702711194
prostate,full,40000,99,83,83,0.2221540988933294
prostate,full,40000,99,82,82,0.199619496315959
prostate,full,40000,99,80,80,0.32649717333075223
prostate,full,40000,99,49,49,0.26878537844231226
prostate,full,40000,99,97,97,0.1393903882011191
prostate,full,40000,99,96,96,0.07373431757243071
prostate,full,40000,99,95,95,0.08532187915227432
prostate,full,40000,99,79,79,0.1606234098859257
prostate,full,40000,99,78,78,0.1599101589319959
prostate,full,40000,99,44,44,0.20392742449287155
prostate,full,40000,99,36,36,0.19881253818022357
prostate,full,40000,99,93,93,0.1788819220188752
prostate,full,40000,99,88,88,0.1290060419885578
prostate,full,40000,99,98,98,0.022109311614685163
prostate,full,40000,99,98,98,0.06789901985933111
prostate,full,40000,99,98,98,0.0290229527035482
prostate,full,40000,99,98,98,0.07648586040038928
prostate,full,40000,99,98,98,0.018133450933126852
prostate,full,40000,99,96,96,0.02318456786100662
prostate,full,40000,99,96,96,0.019141197447443494
prostate,full,40000,99,96,96,0.015508158158994803
prostate,full,40000,99,96,96,0.039564090208675344
prostate,full,40000,99,92,92,0.059899577170480764
prostate,full,40000,99,89,89,0.11952656623659079
prostate,full,40000,99,86,86,0.037878134920103085
prostate,full,40000,99,96,96,0.08679541265655098
prostate,full,40000,99,36,36,0.19588667694346876
prostate,full,40000,99,82,82,0.1715771071347941
prostate,full,40000,99,74,74,0.187262013675882
prostate,full,40000,99,68,68,0.16662063185212445
prostate,full,40000,99,39,39,0.21365499385201067
prostate,full,40000,99,96,96,0.2732550301471898
prostate,full,40000,99,94,94,0.23613040774868468
prostate,full,40000,99,94,94,0.2665227248589549
prostate,full,40000,99,94,94,0.2803081407128179
prostate,full,40000,99,73,73,0.22354299181219917
prostate,full,40000,99,96,96,0.11185562135945915
prostate,full,40000,99,36,36,0.19127677476333338
prostate,full,40000,99,98,98,0.25735150319226674
prostate,full,40000,99,89,89,0.20789142821116977
prostate,full,40000,99,91,91,0.12222564574889008
prostate,full,40000,99,82,82,0.1319644439994291
prostate,full,40000,99,98,98,0.20633740123988592
prostate,full,40000,99,98,98,0.09706853920400403
prostate,full,40000,99,96,96,0.07720910724902985
prostate,full,40000,99,96,96,0.1331885137228235
prostate,full,40000,99,93,93,0.14102234594308113
prostate,full,40000,99,39,39,0.13561782496655855
prostate,full,40000,99,97,97,0.34192854015177476
prostate,full,40000,99,96,96,0.20157367291428985
prostate,full,40000,99,60,60,0.2219482968972156
prostate,full,40000,99,49,49,0.2709777621033024
prostate,full,40000,99,98,98,0.23773488785041805
prostate,full,40000,99,98,98,0.16706690877400923
prostate,full,40000,99,95,95,0.13225561611526146
prostate,full,40000,99,89,89,0.17733484920241407
prostate,full,40000,99,88,88,0.11360077174612555
prostate,full,40000,99,88,88,0.1476017494225309
prostate,full,40000,99,86,86,0.11476952745813418
prostate,full,40000,99,74,74,0.13726422096868082
prostate,full,40000,99,98,98,0.03863186966623215
prostate,full,40000,99,96,96,0.0076932197041416905
prostate,full,40000,99,80,80,0.15780369015678786
prostate,full,40000,99,95,95,0.14476721179268406
prostate,full,40000,99,93,93,0.1431995918923158
prostate,full,40000,99,91,91,0.17748642058847264
prostate,full,40000,99,95,95,0.23633382199661487
prostate,full,40000,99,95,95,0.234884335067508
prostate,full,40000,99,94,94,0.19369458311334725
prostate,full,40000,99,91,91,0.24853837764875605
prostate,full,40000,99,90,90,0.25680054478167297
prostate,full,40000,99,90,90,0.2996862679258755
prostate,full,40000,99,87,87,0.20926563353042255
prostate,full,40000,99,78,78,0.18351823662345734
prostate,full,40000,99,78,78,0.2853482075074285
prostate,full,40000,99,78,78,0.183246308905904
prostate,full,40000,99,73,73,0.16454528500127114
prostate,full,40000,99,71,71,0.24125377535077475
prostate,full,40000,99,98,98,0.21058133205018997
prostate,full,40000,99,96,96,0.1281917633259764
prostate,full,40000,99,94,94,0.30071989764156815
prostate,full,40000,99,94,94,0.2934740428260667
prostate,full,40000,99,86,86,0.2541377026285685
prostate,full,40000,99,36,36,0.3974492289294685
prostate,full,40000,99,98,98,0.1881732063410141
prostate,full,40000,99,94,94,0.14898439184023168
prostate,full,40000,99,89,89,0.15800648853136576
prostate,full,40000,99,98,98,0.31982736743030926
prostate,full,40000,99,83,83,0.26115781566481266
prostate,full,40000,99,98,98,0.05190303731982455
prostate,full,40000,99,98,98,0.09258314585345227
prostate,full,40000,99,98,98,0.05964786625801832
prostate,full,40000,99,96,96,0.037865147460516314
prostate,full,40000,99,89,89,0.11119968604863507
prostate,full,40000,99,98,98,0.01688741029773989
prostate,full,40000,99,98,98,0.007517174734004792
prostate,full,40000,99,96,96,0.025654082559903636
prostate,full,40000,99,96,96,0.07761818483527237
prostate,full,40000,99,91,91,0.014561822339764772
prostate,full,40000,99,98,98,0.012448341008942395
prostate,full,40000,99,97,97,0.0743763754843929
prostate,full,40000,99,97,97,0.004541034394906653
prostate,full,40000,99,98,98,0.18751661788785726
prostate,full,40000,99,98,98,0.08864224669260767
prostate,full,40000,99,97,97,0.01208157722078249
prostate,full,40000,99,89,89,0.15118304583926204
prostate,full,40000,99,98,98,0.17290322615376374
prostate,full,40000,99,98,98,0.3076261283962549
prostate,full,40000,99,89,89,0.2256647231147052
prostate,full,40000,99,96,96,0.1266934984792414
prostate,full,40000,99,39,39,0.19368948427291408
prostate,full,40000,99,96,96,0.007615857346444287
prostate,full,40000,99,79,79,0.15872713673938105
prostate,full,40000,99,74,74,0.16411587842967784
prostate,full,40000,99,90,90,0.14112386553939155
prostate,full,40000,99,42,42,0.12596535277618348
prostate,full,40000,99,98,98,0.28859241755921006
prostate,full,40000,99,98,98,0.25500346218178466
prostate,full,40000,99,98,98,0.11099256885324273
prostate,full,40000,99,96,96,0.08104204436990144
prostate,full,40000,99,98,98,0.17506131107813264
prostate,full,40000,99,96,96,0.05315399974081913
prostate,full,40000,99,96,96,0.1092539286593488
prostate,full,40000,99,39,39,0.14463456362605315
prostate,full,40000,99,95,95,0.10572098306527736
prostate,full,40000,99,94,94,0.15851363519382458
prostate,full,40000,99,93,93,0.08238465011004815
prostate,full,40000,99,91,91,0.0886428833019053
prostate,full,40000,99,91,91,0.10827888903098618
prostate,full,40000,99,90,90,0.1175857890589877
prostate,full,40000,99,90,90,0.17035590692244462
prostate,full,40000,99,88,88,0.10970031113124831
prostate,full,40000,99,88,88,0.13636213804644343
prostate,full,40000,99,86,86,0.13485410914642526
prostate,full,40000,99,86,86,0.1350840576924196
prostate,full,40000,99,97,97,0.10376473582897507
prostate,full,40000,99,94,94,0.0833860105096815
prostate,full,40000,99,38,38,0.1287886583163375
prostate,full,40000,99,98,98,0.24208803121204123
prostate,full,40000,99,98,98,0.0320708141237408
prostate,full,40000,99,98,98,0.25451253408906677
prostate,full,40000,99,83,83,0.12648721288142267
prostate,full,40000,99,54,54,0.14402757416241843
prostate,full,40000,99,39,39,0.13818717764434382
prostate,full,40000,99,98,98,0.07040777138105872
prostate,full,40000,99,92,92,0.10556112827532602
prostate,full,40000,99,73,73,0.13117368897594292
prostate,full,40000,99,72,72,0.17703941944866566
prostate,full,40000,99,70,70,0.14372324038885909
prostate,full,40000,99,39,39,0.21905096268446675
prostate,full,40000,99,98,98,0.2659489534104415
prostate,full,40000,99,98,98,0.08399158376410804
prostate,full,40000,99,98,98,0.196487202051319
prostate,full,40000,99,96,96,0.07479981181237132
prostate,full,40000,99,75,75,0.1914266671403533
prostate,full,40000,99,75,75,0.18080120935039656
prostate,full,40000,99,71,71,0.21369771037959004
prostate,full,40000,99,59,59,0.24712249524157184
prostate,full,40000,99,55,55,0.26202671109878534
prostate,full,40000,99,54,54,0.2545612311076176
prostate,full,40000,99,36,36,0.3229584105213346
prostate,full,40000,99,98,98,0.2923311448955658
prostate,full,40000,99,96,96,0.17900902516371828
prostate,full,40000,99,98,98,0.010000136923962124
prostate,full,40000,99,98,98,0.04826276171158602
prostate,full,40000,99,98,98,0.011996795831994237
prostate,full,40000,99,98,98,0.12196960648395265
prostate,full,40000,99,98,98,0.015160791891962008
prostate,full,40000,99,98,98,0.02540810467866088
prostate,full,40000,99,97,97,0.005791793074769435
prostate,full,40000,99,96,96,0.036886041741327986
prostate,full,40000,99,96,96,0.029925891018501294
prostate,full,40000,99,96,96,0.014997390748579933
prostate,full,40000,99,95,95,0.08058892962986552
prostate,full,40000,99,93,93,0.020336438871961023
prostate,full,40000,99,90,90,0.018945029209848294
prostate,full,40000,99,89,89,0.11017887272607123
prostate,full,40000,99,98,98,0.10134916942285993
prostate,full,40000,99,95,95,0.010300824006456101
prostate,full,40000,99,95,95,0.01656799337203667
prostate,full,40000,99,89,89,0.11786002003503973
prostate,full,40000,99,98,98,0.2556954363823644
prostate,full,40000,99,98,98,0.1495294445244796
prostate,full,40000,99,96,96,0.11664148361012465
prostate,full,40000,99,86,86,0.12153633149167394
prostate,full,40000,99,36,36,0.2131326331325065
prostate,full,40000,99,98,98,0.06872114053706375
prostate,full,40000,99,96,96,0.06232773543549545
prostate,full,40000,99,80,80,0.12609898839735206
prostate,full,40000,99,96,96,0.11516290168797305
prostate,full,40000,99,94,94,0.052701246098748135
prostate,full,40000,99,39,39,0.08639202715815314
prostate,full,40000,99,49,49,0.04904996956036572
prostate,full,40000,99,97,97,0.25438256058788283
prostate,full,40000,99,94,94,0.1705703194439579
prostate,full,40000,99,87,87,0.2673069545050126
prostate,full,40000,99,87,87,0.2509630761796584
prostate,full,40000,99,87,87,0.24713200082398668
prostate,full,40000,99,87,87,0.21461754953855083
prostate,full,40000,99,98,98,0.22608230698122136
prostate,full,40000,99,96,96,0.12861648937720396
prostate,full,40000,99,97,97,0.11569064132752814
prostate,full,40000,99,94,94,0.07938873150386327
prostate,full,40000,99,86,86,0.14609328651630935
prostate,full,40000,99,68,68,0.14681087627494824
prostate,full,40000,99,54,54,0.17727842457663545
prostate,full,40000,99,36,36,0.19138919232230356
prostate,full,40000,99,98,98,0.18758641666242412
prostate,full,40000,99,98,98,0.3670478274450978
prostate,full,40000,99,95,95,0.25889319551985523
prostate,full,40000,99,89,89,0.2615436730450114
prostate,full,40000,99,98,98,0.26357579765726447
prostate,full,40000,99,88,88,0.2255639087565661
prostate,full,40000,99,85,85,0.2012792272882009
prostate,full,40000,99,43,43,0.20698417054114687
prostate,full,40000,99,39,39,0.2568191535441802
prostate,full,40000,99,66,66,0.27562125202719767
prostate,full,40000,99,59,59,0.3118169018971313
prostate,full,40000,99,59,59,0.3200169378017855
prostate,full,40000,99,58,58,0.2688997904539397
prostate,full,40000,99,55,55,0.3207137972964555
prostate,full,40000,99,54,54,0.32258379596237385
prostate,full,40000,99,50,50,0.2835744577327068
prostate,full,40000,99,49,49,0.3041413495423572
prostate,full,40000,99,48,48,0.3021612362247714
prostate,full,40000,99,44,44,0.2868742193741507
prostate,full,40000,99,92,92,0.11962595501193013
prostate,full,40000,99,86,86,0.1359112772493309
prostate,full,40000,99,36,36,0.15860938606021627
prostate,full,40000,99,84,84,0.25107205886701156
prostate,full,40000,99,84,84,0.2606195314371965
prostate,full,40000,99,68,68,0.2853836170083713
prostate,full,40000,99,36,36,0.36530768803536806
prostate,full,40000,99,82,82,0.1099202028223907
prostate,full,40000,99,66,66,0.16021684269728997
prostate,full,40000,99,65,65,0.18812833931579423
prostate,full,40000,99,59,59,0.21171169478371174
prostate,full,40000,99,59,59,0.26583816565835655
prostate,full,40000,99,55,55,0.26110763036732515
prostate,full,40000,99,54,54,0.2805183404688538
prostate,full,40000,99,50,50,0.22526858984083206
prostate,full,40000,99,48,48,0.211920970185264
prostate,full,40000,99,98,98,0.10390010446560918
prostate,full,40000,99,98,98,0.05142158171256844
prostate,full,40000,99,98,98,0.09968290920732609
prostate,full,40000,99,97,97,0.2078682417033693
prostate,full,40000,99,97,97,0.2211061406250651
prostate,full,40000,99,96,96,0.02496316517261758
prostate,full,40000,99,89,89,0.10528411441386691
prostate,full,40000,99,87,87,0.24528518069192726
prostate,full,40000,99,85,85,0.2322859651934095
prostate,full,40000,99,83,83,0.23014446334717165
prostate,full,40000,99,83,83,0.22473261082263218
prostate,full,40000,99,75,75,0.22525562462157425
prostate,full,40000,99,73,73,0.21508806395706612
prostate,full,40000,99,71,71,0.20910906618884834
prostate,full,40000,99,68,68,0.2758384383958041
prostate,full,40000,99,54,54,0.27166070835514633
prostate,full,40000,100,99,99,0.06723265555261447
prostate,full,40000,100,97,97,0.1006793009024472
prostate,full,40000,100,96,96,0.09470780200003653
prostate,full,40000,100,99,99,0.21033539370673995
prostate,full,40000,100,96,96,0.13856130782343004
prostate,full,40000,100,95,95,0.04132093760646058
prostate,full,40000,100,87,87,0.22768611630977934
prostate,full,40000,100,99,99,0.22949414628856665
prostate,full,40000,100,98,98,0.11062830950766368
prostate,full,40000,100,98,98,0.03906264436120335
prostate,full,40000,100,97,97,0.09520512412091438
prostate,full,40000,100,99,99,0.24914412545269848
prostate,full,40000,100,97,97,0.21543837232848903
prostate,full,40000,100,99,99,0.11890458868621281
prostate,full,40000,100,99,99,0.2368019702339599
prostate,full,40000,100,99,99,0.1828486809468711
prostate,full,40000,100,98,98,0.06440222505110765
prostate,full,40000,100,97,97,0.1113627043855877
prostate,full,40000,100,96,96,0.04919227033745976
prostate,full,40000,100,99,99,0.25012574583213576
prostate,full,40000,100,99,99,0.24109058192696692
prostate,full,40000,100,87,87,0.21408767355439073
prostate,full,40000,100,99,99,0.010162688248177865
prostate,full,40000,100,99,99,0.015533702638043455
prostate,full,40000,100,99,99,0.05225633377739669
prostate,full,40000,100,99,99,0.01354177581178849
prostate,full,40000,100,97,97,0.049499132243471675
prostate,full,40000,100,95,95,0.01083674708877697
prostate,full,40000,100,95,95,0.007029174286825157
prostate,full,40000,100,94,94,0.016215040390974485
prostate,full,40000,100,49,49,0.27467517716437473
prostate,full,40000,100,99,99,0.2122036064434328
prostate,full,40000,100,97,97,0.1082853347212114
prostate,full,40000,100,97,97,0.23315630440509533
prostate,full,40000,100,95,95,0.220581702216741
prostate,full,40000,100,86,86,0.17890586483765458
prostate,full,40000,100,80,80,0.2338754689426353
prostate,full,40000,100,99,99,0.15674649115828246
prostate,full,40000,100,99,99,0.2881158197092342
prostate,full,40000,100,90,90,0.20834043912348232
prostate,full,40000,100,86,86,0.05938481523872747
prostate,full,40000,100,97,97,0.07079521729491073
prostate,full,40000,100,96,96,0.07438689367987174
prostate,full,40000,100,85,85,0.15395268200447068
prostate,full,40000,100,82,82,0.14644844502455745
prostate,full,40000,100,81,81,0.14455493238166112
prostate,full,40000,100,79,79,0.132088864076317
prostate,full,40000,100,77,77,0.15735295272219765
prostate,full,40000,100,73,73,0.13774033737543168
prostate,full,40000,100,54,54,0.18910784819282067
prostate,full,40000,100,36,36,0.20999058669177184
prostate,full,40000,100,86,86,0.10251590937475634
prostate,full,40000,100,75,75,0.10097104275836456
prostate,full,40000,100,59,59,0.10238198320827824
prostate,full,40000,100,55,55,0.10188277170574694
prostate,full,40000,100,54,54,0.17598417228242363
prostate,full,40000,100,36,36,0.16797920194029337
prostate,full,40000,100,99,99,0.26548561495103007
prostate,full,40000,100,99,99,0.278088615984809
prostate,full,40000,100,98,98,0.001263889290168142
prostate,full,40000,100,98,98,0.0008221124124902651
prostate,full,40000,100,97,97,0.0009014284521460985
prostate,full,40000,100,93,93,0.14880151116402146
prostate,full,40000,100,99,99,0.19254547994072246
prostate,full,40000,100,87,87,0.15258731555388605
prostate,full,40000,100,99,99,0.0473284300416236
prostate,full,40000,100,87,87,0.11790823681270991
prostate,full,40000,100,68,68,0.2135193803295934
prostate,full,40000,100,39,39,0.2240442458058407
prostate,full,40000,100,30,30,0.16873477771679266
prostate,full,40000,100,98,98,0.11933749600926949
prostate,full,40000,100,96,96,0.14791720713923803
prostate,full,40000,100,95,95,0.28296640568221565
prostate,full,40000,100,87,87,0.20196361779582878
prostate,full,40000,100,83,83,0.2751669712546855
prostate,full,40000,100,82,82,0.2843447765379389
prostate,full,40000,100,81,81,0.3054694031462409
prostate,full,40000,100,80,80,0.29071054018196846
prostate,full,40000,100,70,70,0.2644208643507175
prostate,full,40000,100,39,39,0.27236994600301834
prostate,full,40000,100,93,93,0.2450788903911428
prostate,full,40000,100,93,93,0.23111658910636346
prostate,full,40000,100,92,92,0.26067949756871583
prostate,full,40000,100,92,92,0.19436336256983558
prostate,full,40000,100,88,88,0.23309446463030312
prostate,full,40000,100,86,86,0.1996230071492018
prostate,full,40000,100,36,36,0.315937850137223
prostate,full,40000,100,79,79,0.11060266948518661
prostate,full,40000,100,42,42,0.13107362270064188
prostate,full,40000,100,41,41,0.1314711666244903
prostate,full,40000,100,39,39,0.2094187309016356
prostate,full,40000,100,99,99,0.2554525052230902
prostate,full,40000,100,98,98,0.29949403096433475
prostate,full,40000,100,96,96,0.25919083539507387
prostate,full,40000,100,87,87,0.15626892920834087
prostate,full,40000,100,97,97,0.09251008590855792
prostate,full,40000,100,39,39,0.23031444742960966
prostate,full,40000,100,68,68,0.24249255873879683
prostate,full,40000,100,59,59,0.19742237028194368
prostate,full,40000,100,54,54,0.26181061194523764
prostate,full,40000,100,49,49,0.2090926434523807
prostate,full,40000,100,99,99,0.23681351640569465
prostate,full,40000,100,83,83,0.2551723755212332
prostate,full,40000,100,83,83,0.23951649067050895
prostate,full,40000,100,83,83,0.22992009188571316
prostate,full,40000,100,86,86,0.02737831358060561
prostate,full,40000,100,54,54,0.176911314897874
prostate,full,40000,100,44,44,0.19042850335091427
prostate,full,40000,100,99,99,0.15823069443957882
prostate,full,40000,100,97,97,0.04390572797496319
prostate,full,40000,100,96,96,0.05240446550211566
prostate,full,40000,100,95,95,0.15287364638932638
prostate,full,40000,100,95,95,0.12820836613721343
prostate,full,40000,100,82,82,0.11308558461771961
prostate,full,40000,100,99,99,0.289166540479492
prostate,full,40000,100,99,99,0.2697999343521728
prostate,full,40000,100,97,97,0.05454349875359015
prostate,full,40000,100,99,99,0.2450779208869888
prostate,full,40000,100,99,99,0.12186608257941586
prostate,full,40000,100,99,99,0.1841400944048704
prostate,full,40000,100,90,90,0.19776319569397802
prostate,full,40000,100,99,99,0.18057944995781336
prostate,full,40000,100,99,99,0.29435010548240387
prostate,full,40000,100,95,95,0.19864589063649057
prostate,full,40000,100,90,90,0.18360601118344538
prostate,full,40000,100,99,99,0.3011298970127085
prostate,full,40000,100,92,92,0.2719056052508126
prostate,full,40000,100,87,87,0.24007955576571965
prostate,full,40000,100,70,70,0.20280285461688563
prostate,full,40000,100,66,66,0.2213687249549944
prostate,full,40000,100,65,65,0.2165346236607267
prostate,full,40000,100,64,64,0.17426861849012346
prostate,full,40000,100,63,63,0.1991609171221948
prostate,full,40000,100,63,63,0.21809234315725237
prostate,full,40000,100,59,59,0.278639434814753
prostate,full,40000,100,55,55,0.2729495710928091
prostate,full,40000,100,54,54,0.2655834603035144
prostate,full,40000,100,97,97,0.2873066741807796
prostate,full,40000,100,88,88,0.21312730117869522
prostate,full,40000,100,54,54,0.2718855579624113
prostate,full,40000,100,49,49,0.18514700127582862
prostate,full,40000,100,44,44,0.21780585703351987
prostate,full,40000,100,94,94,0.0715041285383906
prostate,full,40000,100,91,91,0.11680268929126071
prostate,full,40000,100,91,91,0.14001886014231885
prostate,full,40000,100,86,86,0.10008964471296473
prostate,full,40000,100,81,81,0.11807761974631498
prostate,full,40000,100,66,66,0.049677468588453455
prostate,full,40000,100,98,98,0.1087834754550938
prostate,full,40000,100,94,94,0.11051926602601647
prostate,full,40000,100,99,99,0.32050109894189915
prostate,full,40000,100,97,97,0.16573157935707572
prostate,full,40000,100,77,77,0.21547396616933717
prostate,full,40000,100,73,73,0.20942295219402754
prostate,full,40000,100,49,49,0.25777098966063017
prostate,full,40000,100,99,99,0.019572761791270276
prostate,full,40000,100,99,99,0.12473872554611627
prostate,full,40000,100,97,97,0.1313716622275215
prostate,full,40000,100,98,98,0.24651988644974615
prostate,full,40000,100,96,96,0.27758181664111986
prostate,full,40000,100,96,96,0.274750481675671
prostate,full,40000,100,87,87,0.24530891632021667
prostate,full,40000,100,99,99,0.2444685999568991
prostate,full,40000,100,99,99,0.24343364792301428
prostate,full,40000,100,96,96,0.16670559878201563
prostate,full,40000,100,90,90,0.20060481435244953
prostate,full,40000,100,54,54,0.2651996070570486
prostate,full,40000,100,49,49,0.17200927280206235
prostate,full,40000,100,44,44,0.2132689466978875
prostate,full,40000,100,99,99,0.01817899067139194
prostate,full,40000,100,99,99,0.05277165379212827
prostate,full,40000,100,94,94,0.014555125104296749
prostate,full,40000,100,94,94,0.0287043005465553
prostate,full,40000,100,91,91,0.14657796552641597
prostate,full,40000,100,82,82,0.031913855802811184
prostate,full,40000,100,96,96,0.26623257746364426
prostate,full,40000,100,96,96,0.266791484676344
prostate,full,40000,100,95,95,0.26468498482790975
prostate,full,40000,100,92,92,0.2677668919790639
prostate,full,40000,100,90,90,0.2645363622829399
prostate,full,40000,100,89,89,0.22648800836912047
prostate,full,40000,100,88,88,0.26707713970926367
prostate,full,40000,100,88,88,0.24760194656807702
prostate,full,40000,100,87,87,0.22950594333561342
prostate,full,40000,100,87,87,0.26195934697276196
prostate,full,40000,100,85,85,0.24694369233257848
prostate,full,40000,100,98,98,0.04993177896601166
prostate,full,40000,100,97,97,0.08093416338667224
prostate,full,40000,100,96,96,0.07657179545946109
prostate,full,40000,100,79,79,0.15199218973651382
prostate,full,40000,100,78,78,0.15161484577266993
prostate,full,40000,100,73,73,0.16469667600932067
prostate,full,40000,100,70,70,0.14661220996146052
prostate,full,40000,100,68,68,0.18465570456572997
prostate,full,40000,100,49,49,0.17263992766094094
prostate,full,40000,100,95,95,0.2388460052934385
prostate,full,40000,100,92,92,0.22546787690711192
prostate,full,40000,100,87,87,0.24674851011271157
prostate,full,40000,100,36,36,0.2977034870114603
prostate,full,40000,100,99,99,0.1821246187408095
prostate,full,40000,100,99,99,0.11060450320808449
prostate,full,40000,100,99,99,0.27175274129441157
prostate,full,40000,100,99,99,0.019010713923995847
prostate,full,40000,100,97,97,0.01293596785175519
prostate,full,40000,100,96,96,0.1462724471473438
prostate,full,40000,100,90,90,0.200929427627909
prostate,full,40000,100,97,97,0.33967309567525067
prostate,full,40000,100,95,95,0.33164560109692864
prostate,full,40000,100,92,92,0.2690150726037275
prostate,full,40000,100,86,86,0.3012293288322602
prostate,full,40000,100,86,86,0.29289293580430265
prostate,full,40000,100,84,84,0.2266832213625082
prostate,full,40000,100,80,80,0.34281421882808033
prostate,full,40000,100,76,76,0.22778352225968074
prostate,full,40000,100,98,98,0.11858801794114412
prostate,full,40000,100,74,74,0.15992242749620547
prostate,full,40000,100,68,68,0.1810697725649281
prostate,full,40000,100,99,99,0.0522044212226057
prostate,full,40000,100,65,65,0.1356729199654763
prostate,full,40000,100,93,93,0.213782078069674
prostate,full,40000,100,84,84,0.2042699086825076
prostate,full,40000,100,39,39,0.2763583935416446
prostate,full,40000,100,96,96,0.15223057157043626
prostate,full,40000,100,94,94,0.15041517505835295
prostate,full,40000,100,87,87,0.14638727437685667
prostate,full,40000,100,36,36,0.22877867413483421
prostate,full,40000,100,97,97,0.2543502976362271
prostate,full,40000,100,96,96,0.1822748002142823
prostate,full,40000,100,93,93,0.2410922581500858
prostate,full,40000,100,92,92,0.2624586466394052
prostate,full,40000,100,88,88,0.23179527317070914
prostate,full,40000,100,86,86,0.16935865883510431
prostate,full,40000,100,85,85,0.17168572116604458
prostate,full,40000,100,99,99,0.06051729979976678
prostate,full,40000,100,99,99,0.004528492194534735
prostate,full,40000,100,99,99,0.01271219085550459
prostate,full,40000,100,99,99,0.007745029942052516
prostate,full,40000,100,99,99,0.013231099874929946
prostate,full,40000,100,97,97,0.026802604822675852
prostate,full,40000,100,86,86,0.03307855271991401
prostate,full,40000,100,78,78,0.24901893322866883
prostate,full,40000,100,49,49,0.2880363610606154
prostate,full,40000,100,98,98,0.2377307598758051
prostate,full,40000,100,98,98,0.25951428285193534
prostate,full,40000,100,98,98,0.2245976269590585
prostate,full,40000,100,95,95,0.22242140201276978
prostate,full,40000,100,80,80,0.19636996001170376
prostate,full,40000,100,80,80,0.19071398149729119
prostate,full,40000,100,64,64,0.2251460196275544
prostate,full,40000,100,86,86,0.1599709433075323
prostate,full,40000,100,86,86,0.18374111272024357
prostate,full,40000,100,36,36,0.3130595126837166
prostate,full,40000,100,85,85,0.16283188156677428
prostate,full,40000,100,85,85,0.15650079645219458
prostate,full,40000,100,83,83,0.14892295079608375
prostate,full,40000,100,77,77,0.15475959481528992
prostate,full,40000,100,73,73,0.1704193023996723
prostate,full,40000,100,73,73,0.14788362136668265
prostate,full,40000,100,72,72,0.16633197404466415
prostate,full,40000,100,67,67,0.14378470455328263
prostate,full,40000,100,67,67,0.14836450839321869
prostate,full,40000,100,66,66,0.1585028454721182
prostate,full,40000,100,35,35,0.19846424742417304
prostate,full,40000,100,98,98,0.20739450493295597
prostate,full,40000,100,96,96,0.2099609645497832
prostate,full,40000,100,84,84,0.20723726483042898
prostate,full,40000,100,95,95,0.15725101913592934
prostate,full,40000,100,94,94,0.11455871384553659
prostate,full,40000,100,90,90,0.10501111160182447
prostate,full,40000,100,84,84,0.13696473945430837
prostate,full,40000,100,39,39,0.15756737654010428
prostate,full,40000,100,80,80,0.17997991028475763
prostate,full,40000,100,80,80,0.1515015972479456
prostate,full,40000,100,73,73,0.1647065856421714
prostate,full,40000,100,49,49,0.1701966226096469
prostate,full,40000,100,99,99,0.2444986215565587
prostate,full,40000,100,86,86,0.19916599971788973
prostate,full,40000,100,86,86,0.20725950059860945
prostate,full,40000,100,83,83,0.21443357319803358
prostate,full,40000,100,80,80,0.2946154683395704
prostate,full,40000,100,69,69,0.2643264196006378
prostate,full,40000,100,82,82,0.1404143905093989
prostate,full,40000,100,73,73,0.11288087045942952
prostate,full,40000,100,54,54,0.18698443130362724
prostate,full,40000,100,48,48,0.19059807064829826
prostate,full,40000,100,44,44,0.19564674572154298
prostate,full,40000,100,36,36,0.20615300852305507
prostate,full,40000,100,97,97,0.0066850957481570635
prostate,full,40000,100,81,81,0.12520250963698157
prostate,full,40000,100,83,83,0.18184037105448678
prostate,full,40000,100,82,82,0.21600929812881667
prostate,full,40000,100,82,82,0.18218006369625545
prostate,full,40000,100,81,81,0.22023589494621468
prostate,full,40000,100,80,80,0.2336343095737619
prostate,full,40000,100,39,39,0.2448026124004324
prostate,full,40000,100,98,98,0.23787465560027007
prostate,full,40000,100,96,96,0.17117925714442153
prostate,full,40000,100,92,92,0.3296240713586824
prostate,full,40000,100,84,84,0.34827848550602586
prostate,full,40000,100,79,79,0.3132398162326352
prostate,full,40000,100,78,78,0.37239102943157715
prostate,full,40000,100,77,77,0.26025802208474813
prostate,full,40000,100,75,75,0.27955029063512643
prostate,full,40000,100,75,75,0.3310179224499598
prostate,full,40000,100,75,75,0.3033797475152886
prostate,full,40000,100,96,96,0.11787531711206456
prostate,full,40000,100,94,94,0.06169615819448897
prostate,full,40000,100,98,98,0.08351147249031843
prostate,full,40000,100,97,97,0.10777975405785381
prostate,full,40000,100,94,94,0.09515491507789205
prostate,full,40000,100,36,36,0.15584855465728376
prostate,full,40000,100,86,86,0.06009466266164837
prostate,full,40000,100,74,74,0.14956062085744526
prostate,full,40000,100,74,74,0.14869957987315335
prostate,full,40000,100,68,68,0.13490056786389154
prostate,full,40000,100,86,86,0.13582448416437815
prostate,full,40000,100,85,85,0.07586415552995569
prostate,full,40000,100,84,84,0.17173626916353985
prostate,full,40000,100,99,99,0.26114918051835573
prostate,full,40000,100,84,84,0.25287757806108124
prostate,full,40000,100,97,97,0.2746758726577589
prostate,full,40000,100,97,97,0.25004857958939175
prostate,full,40000,100,89,89,0.24805596497506416
prostate,full,40000,100,89,89,0.1975256479928434
prostate,full,40000,100,89,89,0.2339460740356761
prostate,full,40000,100,89,89,0.20618422380864712
prostate,full,40000,100,82,82,0.2361094092877358
prostate,full,40000,100,98,98,0.056218201704675716
prostate,full,40000,100,97,97,0.09537288321811378
prostate,full,40000,100,38,38,0.285162867762525
prostate,full,40000,100,99,99,0.2236284202546088
prostate,full,40000,100,99,99,0.12219506753478392
prostate,full,40000,100,96,96,0.17261834041230473
prostate,full,40000,100,90,90,0.1978077160897573
prostate,full,40000,100,99,99,0.058669991221803906
prostate,full,40000,100,97,97,0.013330945984098595
prostate,full,40000,100,91,91,0.15002105152958856
prostate,full,40000,100,80,80,0.14121441806769303
prostate,full,40000,100,99,99,0.12153100092930882
prostate,full,40000,100,99,99,0.1917672062278644
prostate,full,40000,100,97,97,0.013416503048483538
prostate,full,40000,100,96,96,0.11721542072311542
prostate,full,40000,100,90,90,0.18604640872089767
prostate,full,40000,100,99,99,0.1375811698777326
prostate,full,40000,100,99,99,0.23812343700854374
prostate,full,40000,100,99,99,0.149754702125631
prostate,full,40000,100,97,97,0.11098124370892501
prostate,full,40000,100,97,97,0.2516402283496957
prostate,full,40000,100,89,89,0.19658037498865394
prostate,full,40000,100,89,89,0.2501089950513574
prostate,full,40000,100,85,85,0.24820876002753225
prostate,full,40000,100,83,83,0.26249521308121027
prostate,full,40000,100,83,83,0.26045983295515557
prostate,full,40000,100,75,75,0.21793551213913148
prostate,full,40000,100,99,99,0.029848883755814994
prostate,full,40000,100,97,97,0.009316097290936723
prostate,full,40000,100,91,91,0.1453094531872564
prostate,full,40000,100,74,74,0.20840634177175393
prostate,full,40000,100,49,49,0.23662902739889957
prostate,full,40000,100,99,99,0.2303858445753425
prostate,full,40000,100,97,97,0.13549425029306106
prostate,full,40000,100,99,99,0.27377598942618453
prostate,full,40000,100,99,99,0.22404393738455058
prostate,full,40000,100,99,99,0.2831887246488603
prostate,full,40000,100,97,97,0.048003306028334525
prostate,full,40000,100,99,99,0.32778752275256573
prostate,full,40000,100,97,97,0.0815472165653078
prostate,full,40000,100,97,97,0.012208962985445427
prostate,full,40000,100,94,94,0.09048723775686078
prostate,full,40000,100,99,99,0.1386649518133497
prostate,full,40000,100,97,97,0.016235563758063714
prostate,full,40000,100,96,96,0.0940722775641885
prostate,full,40000,100,94,94,0.13177699803528478
prostate,full,40000,100,86,86,0.059400033548571006
prostate,full,40000,100,99,99,0.06760974979095166
prostate,full,40000,100,99,99,0.01156587166701811
prostate,full,40000,100,97,97,0.032003244765629504
prostate,full,40000,100,97,97,0.03302262427460926
prostate,full,40000,100,95,95,0.03066225868227483
prostate,full,40000,100,94,94,0.035893345371191696
prostate,full,40000,100,81,81,0.1429356166818297
prostate,full,40000,100,99,99,0.06948748089201481
prostate,full,40000,100,99,99,0.11063821178117814
prostate,full,40000,100,97,97,0.06904116034106475
prostate,full,40000,100,99,99,0.0884376785304041
prostate,full,40000,100,99,99,0.2534777542569217
prostate,full,40000,100,99,99,0.24214067517211083
prostate,full,40000,100,87,87,0.25034139913346426
prostate,full,40000,100,99,99,0.053507646075901645
prostate,full,40000,100,99,99,0.09998689046867751
prostate,full,40000,100,99,99,0.011566539058168504
prostate,full,40000,100,99,99,0.035326362812383404
prostate,full,40000,100,99,99,0.05966730975775934
prostate,full,40000,100,99,99,0.00972994160045401
prostate,full,40000,100,97,97,0.0363728798220625
prostate,full,40000,100,97,97,0.019267851882449113
prostate,full,40000,100,97,97,0.016618978176163226
prostate,full,40000,100,94,94,0.017410965267486412
prostate,full,40000,100,93,93,0.01979793418754343
prostate,full,40000,100,90,90,0.11443856028160133
prostate,full,40000,100,75,75,0.13117378288377318
prostate,full,40000,100,59,59,0.10811150263673307
prostate,full,40000,100,55,55,0.10769603329221657
prostate,full,40000,100,54,54,0.1842613079328859
prostate,full,40000,100,36,36,0.1935252527745085
prostate,full,40000,100,98,98,0.013313590337434969
prostate,full,40000,100,98,98,0.0029861342792898947
prostate,full,40000,100,81,81,0.14732102374002565
prostate,full,40000,100,99,99,0.0499517994108074
prostate,full,40000,100,97,97,0.032442629694909395
prostate,full,40000,100,97,97,0.07202600923534326
prostate,full,40000,100,96,96,0.08807649015656427
prostate,full,40000,100,92,92,0.1015375953347671
prostate,full,40000,100,91,91,0.13656207137657073
prostate,full,40000,100,91,91,0.13583706391546
prostate,full,40000,100,91,91,0.15922376693219692
prostate,full,40000,100,86,86,0.12318359365918823
prostate,full,40000,100,78,78,0.1121596741541413
prostate,full,40000,100,76,76,0.1338797419342063
prostate,full,40000,100,66,66,0.08327720270306338
prostate,full,40000,100,59,59,0.2156561960990548
prostate,full,40000,100,55,55,0.20672043887159883
prostate,full,40000,100,95,95,0.34502608723746975
prostate,full,40000,100,83,83,0.2898350225539011
prostate,full,40000,100,73,73,0.21900665385289267
prostate,full,40000,100,71,71,0.23465183663475186
prostate,full,40000,100,83,83,0.13863499693331852
prostate,full,40000,100,83,83,0.14487736646362007
prostate,full,40000,100,82,82,0.18697153650057813
prostate,full,40000,100,81,81,0.1914215377099142
prostate,full,40000,100,80,80,0.19233439371819636
prostate,full,40000,100,39,39,0.1590160006961283
prostate,full,40000,100,98,98,0.23205770356666358
prostate,full,40000,100,92,92,0.26237545464103107
prostate,full,40000,100,92,92,0.22028762006723965
prostate,full,40000,100,82,82,0.1633561460659092
prostate,full,40000,100,79,79,0.11587893708443976
prostate,full,40000,100,99,99,0.09682752100788403
prostate,full,40000,100,99,99,0.1908399758266301
prostate,full,40000,100,99,99,0.023127879080898174
prostate,full,40000,100,99,99,0.07139138595838262
prostate,full,40000,100,90,90,0.1589194177766517
prostate,full,40000,100,87,87,0.04258204816664051
prostate,full,40000,100,81,81,0.14518246958423792
prostate,full,40000,100,80,80,0.14405111318312436
prostate,full,40000,100,68,68,0.18459348684324575
prostate,full,40000,100,39,39,0.21796665599914958
prostate,full,40000,100,99,99,0.00948292790699532
prostate,full,40000,100,99,99,0.06061087901757521
prostate,full,40000,100,99,99,0.01657242938631955
prostate,full,40000,100,99,99,0.005275588219413034
prostate,full,40000,100,97,97,0.04110208117314564
prostate,full,40000,100,94,94,0.013039779733295603
prostate,full,40000,100,99,99,0.053305119220677565
prostate,full,40000,100,99,99,0.12108913136056881
prostate,full,40000,100,97,97,0.11266201547628642
prostate,full,40000,100,89,89,0.08631756574295514
prostate,full,40000,100,63,63,0.17602926475334482
prostate,full,40000,100,49,49,0.17566083825942846
prostate,full,40000,100,99,99,0.23874089801233236
prostate,full,40000,100,99,99,0.24821036726209494
prostate,full,40000,100,96,96,0.2205940671559956
prostate,full,40000,100,87,87,0.22748802124044767
prostate,full,40000,100,98,98,0.2994359686704778
prostate,full,40000,100,95,95,0.2577991324086153
prostate,full,40000,100,94,94,0.27191690170186295
prostate,full,40000,100,87,87,0.20606715804536702
prostate,full,40000,100,99,99,0.2983872767501854
prostate,full,40000,100,99,99,0.2559277866206056
prostate,full,40000,100,97,97,0.023004862333580865
prostate,full,40000,100,96,96,0.2004225311467364
prostate,full,40000,100,90,90,0.2507421264563148
prostate,full,40000,100,49,49,0.1826750394666817
prostate,full,40000,100,44,44,0.21329546259498963
prostate,full,40000,100,98,98,0.2305088843837333
prostate,full,40000,100,96,96,0.19485545415624764
prostate,full,40000,100,84,84,0.21700311453676785
prostate,full,40000,100,99,99,0.2476319879481586
prostate,full,40000,100,99,99,0.21510050408327397
prostate,full,40000,100,90,90,0.2434329132417337
prostate,full,40000,100,99,99,0.20212346582434143
prostate,full,40000,100,99,99,0.30412524696716453
prostate,full,40000,100,96,96,0.23793712784345655
prostate,full,40000,100,90,90,0.2626002798445139
prostate,full,40000,100,99,99,0.23776049569790322
prostate,full,40000,100,84,84,0.2206714227771167
prostate,full,40000,100,42,42,0.23930500081427855
prostate,full,40000,100,99,99,0.1295852863669638
prostate,full,40000,100,96,96,0.0382921016230753
prostate,full,40000,100,94,94,0.14647551362881683
prostate,full,40000,100,99,99,0.23008222122589433
prostate,full,40000,100,99,99,0.24141872313484605
prostate,full,40000,100,90,90,0.21160197978885248
prostate,full,40000,100,84,84,0.16797167204560118
prostate,full,40000,100,68,68,0.1680060767526246
prostate,full,40000,100,54,54,0.2553381029238259
prostate,full,40000,100,39,39,0.2113797526061986
prostate,full,40000,100,98,98,0.2173028127189826
prostate,full,40000,100,93,93,0.2841839867598342
prostate,full,40000,100,93,93,0.27372503096012185
prostate,full,40000,100,92,92,0.2848113193060926
prostate,full,40000,100,90,90,0.19958613826417593
prostate,full,40000,100,88,88,0.27250199372534295
prostate,full,40000,100,98,98,0.12814314100668212
prostate,full,40000,100,80,80,0.07899470912080941
prostate,full,40000,100,96,96,0.3025619242386502
prostate,full,40000,100,87,87,0.2575572742603289
prostate,full,40000,100,36,36,0.4134781881657157
prostate,full,40000,100,99,99,0.32964826973752587
prostate,full,40000,100,94,94,0.26523148288626375
prostate,full,40000,100,96,96,0.22144079012899154
prostate,full,40000,100,96,96,0.15148734169843506
prostate,full,40000,100,88,88,0.25308087095301013
prostate,full,40000,100,88,88,0.24254593065331964
prostate,full,40000,100,88,88,0.23090270806770458
prostate,full,40000,100,86,86,0.24944262854808544
prostate,full,40000,100,86,86,0.1648556048708368
prostate,full,40000,100,85,85,0.22904018342995222
prostate,full,40000,100,99,99,0.070769764048427
prostate,full,40000,100,99,99,0.19067699084090517
prostate,full,40000,100,90,90,0.1495329636459624
prostate,full,40000,100,90,90,0.029063600223528673
prostate,full,40000,100,99,99,0.31660703083949504
prostate,full,40000,100,99,99,0.1561845550727589
prostate,full,40000,100,99,99,0.16511022262338904
prostate,full,40000,100,97,97,0.07215575616293539
prostate,full,40000,100,90,90,0.2119153267501602
prostate,full,40000,100,99,99,0.11496170705826136
prostate,full,40000,100,97,97,0.1156236417631981
prostate,full,40000,100,97,97,0.021912747795895866
prostate,full,40000,100,96,96,0.049068919925381684
prostate,full,40000,100,94,94,0.014168873050853896
prostate,full,40000,100,99,99,0.10986204296667947
prostate,full,40000,100,99,99,0.028943032399021726
prostate,full,40000,100,98,98,0.27308731611144216
prostate,full,40000,100,80,80,0.23460764741019108
prostate,full,40000,100,80,80,0.22125852652906394
prostate,full,40000,100,78,78,0.2073091851855674
prostate,full,40000,100,99,99,0.23128415848141318
prostate,full,40000,100,97,97,0.03966736761882277
prostate,full,40000,100,94,94,0.1450867951768854
prostate,full,40000,100,93,93,0.0510398130337877
prostate,full,40000,100,96,96,0.2155467780240655
prostate,full,40000,100,92,92,0.2779454038761753
prostate,full,40000,100,90,90,0.18062525347348138
prostate,full,40000,100,86,86,0.25850235138998406
prostate,full,40000,100,83,83,0.17005673635993657
prostate,full,40000,100,99,99,0.3091650012253101
prostate,full,40000,100,95,95,0.2584378628057367
prostate,full,40000,100,90,90,0.22664194290615608
prostate,full,40000,100,68,68,0.2778426037968103
prostate,full,40000,100,39,39,0.35223591620080646
prostate,full,40000,100,30,30,0.2222840291900068
prostate,full,40000,100,99,99,0.004762831039727519
prostate,full,40000,100,92,92,0.13019173811350304
prostate,full,40000,100,84,84,0.16442270800221084
prostate,full,40000,101,100,100,0.3026393502085022
prostate,full,40000,101,100,100,0.056538972068298596
prostate,full,40000,101,100,100,0.1288788956968384
prostate,full,40000,101,88,88,0.13650763810265387
prostate,full,40000,101,99,99,0.0038380814699070726
prostate,full,40000,101,86,86,0.029728859954235406
prostate,full,40000,101,82,82,0.14696165670639139
prostate,full,40000,101,99,99,0.060851062526185315
prostate,full,40000,101,35,35,0.3264507751549715
prostate,full,40000,101,98,98,0.07079958101166194
prostate,full,40000,101,36,36,0.22202994966028217
prostate,full,40000,101,100,100,0.24935759840683924
prostate,full,40000,101,100,100,0.29541191169957826
prostate,full,40000,101,100,100,0.20586441619957388
prostate,full,40000,101,97,97,0.1687790737508219
prostate,full,40000,101,91,91,0.21871085288705144
prostate,full,40000,101,100,100,0.019383365589177252
prostate,full,40000,101,99,99,0.0818315798269162
prostate,full,40000,101,38,38,0.10803026983982965
prostate,full,40000,101,98,98,0.10358919662683341
prostate,full,40000,101,36,36,0.1888978075166464
prostate,full,40000,101,98,98,0.1085144650643149
prostate,full,40000,101,96,96,0.11826342084289047
prostate,full,40000,101,91,91,0.08694098091606375
prostate,full,40000,101,100,100,0.28857431281304213
prostate,full,40000,101,100,100,0.19419082681088715
prostate,full,40000,101,98,98,0.18191269409608807
prostate,full,40000,101,100,100,0.013293224610925462
prostate,full,40000,101,100,100,0.06265414260736925
prostate,full,40000,101,100,100,0.007399949485046626
prostate,full,40000,101,97,97,0.09263344499799504
prostate,full,40000,101,100,100,0.12132671581235949
prostate,full,40000,101,100,100,0.1480911059058295
prostate,full,40000,101,100,100,0.009701943279488402
prostate,full,40000,101,100,100,0.006678692189695237
prostate,full,40000,101,100,100,0.24500163943182435
prostate,full,40000,101,100,100,0.18480616880786196
prostate,full,40000,101,91,91,0.1952322274525807
prostate,full,40000,101,91,91,0.05361136397797634
prostate,full,40000,101,100,100,0.3267272231018851
prostate,full,40000,101,98,98,0.0862613313716094
prostate,full,40000,101,97,97,0.05672724847086322
prostate,full,40000,101,38,38,0.15186828118549364
prostate,full,40000,101,38,38,0.1416065200502778
prostate,full,40000,101,86,86,0.02974392974843607
prostate,full,40000,101,82,82,0.1491420701539646
prostate,full,40000,101,87,87,0.15770706445867974
prostate,full,40000,101,85,85,0.12962143081776908
prostate,full,40000,101,83,83,0.15271861192541908
prostate,full,40000,101,83,83,0.15567311036664844
prostate,full,40000,101,75,75,0.12443356815791434
prostate,full,40000,101,68,68,0.16890821588963242
prostate,full,40000,101,54,54,0.20388850341747275
prostate,full,40000,101,36,36,0.202071046607883
prostate,full,40000,101,99,99,0.22111712914599674
prostate,full,40000,101,99,99,0.28647372070278126
prostate,full,40000,101,97,97,0.27480192677527615
prostate,full,40000,101,88,88,0.22403988010144787
prostate,full,40000,101,79,79,0.2770350143575391
prostate,full,40000,101,78,78,0.27854782214590423
prostate,full,40000,101,49,49,0.33148617517926643
prostate,full,40000,101,100,100,0.3167368175179901
prostate,full,40000,101,99,99,0.12562121745882496
prostate,full,40000,101,98,98,0.19279143109225874
prostate,full,40000,101,98,98,0.05704515294151615
prostate,full,40000,101,89,89,0.02633081764746693
prostate,full,40000,101,98,98,0.08030064057066848
prostate,full,40000,101,98,98,0.029055403424515836
prostate,full,40000,101,100,100,0.2603900731207787
prostate,full,40000,101,100,100,0.2042182678316113
prostate,full,40000,101,100,100,0.1063394026812493
prostate,full,40000,101,91,91,0.2150519027780753
prostate,full,40000,101,100,100,0.20865109376488797
prostate,full,40000,101,100,100,0.29299007929144394
prostate,full,40000,101,100,100,0.16023599769209945
prostate,full,40000,101,91,91,0.22394794050568087
prostate,full,40000,101,100,100,0.228252437242433
prostate,full,40000,101,100,100,0.21281030480813098
prostate,full,40000,101,83,83,0.20931342308634143
prostate,full,40000,101,99,99,0.23556139185222785
prostate,full,40000,101,99,99,0.2564910955861976
prostate,full,40000,101,88,88,0.19099685616081985
prostate,full,40000,101,96,96,0.332965639637497
prostate,full,40000,101,93,93,0.2858910819106336
prostate,full,40000,101,88,88,0.26099899202237964
prostate,full,40000,101,36,36,0.3520443766598744
prostate,full,40000,101,89,89,0.03929710242041784
prostate,full,40000,101,87,87,0.15416782161317497
prostate,full,40000,101,86,86,0.12306976193368406
prostate,full,40000,101,83,83,0.14361078886971926
prostate,full,40000,101,82,82,0.13344400165476586
prostate,full,40000,101,81,81,0.15385394728545004
prostate,full,40000,101,80,80,0.13929823949783293
prostate,full,40000,101,75,75,0.10955172574205677
prostate,full,40000,101,100,100,0.3271943180776884
prostate,full,40000,101,100,100,0.23850874449806359
prostate,full,40000,101,99,99,0.2720781171960586
prostate,full,40000,101,97,97,0.09827316129068431
prostate,full,40000,101,91,91,0.17268402318778345
prostate,full,40000,101,100,100,0.03852659281403593
prostate,full,40000,101,99,99,0.04037538834400415
prostate,full,40000,101,38,38,0.09963776094800478
prostate,full,40000,101,100,100,0.04662199682543654
prostate,full,40000,101,100,100,0.04485333349305666
prostate,full,40000,101,100,100,0.009165242336665175
prostate,full,40000,101,100,100,0.06596775453042725
prostate,full,40000,101,99,99,0.02112574734904352
prostate,full,40000,101,98,98,0.022627529315880697
prostate,full,40000,101,97,97,0.07337617940506314
prostate,full,40000,101,94,94,0.030318855096379146
prostate,full,40000,101,55,55,0.20443743393112027
prostate,full,40000,101,49,49,0.15502556795093503
prostate,full,40000,101,45,45,0.16035275055860157
prostate,full,40000,101,42,42,0.17336780602297008
prostate,full,40000,101,96,96,0.11103765853683871
prostate,full,40000,101,96,96,0.1559118480715408
prostate,full,40000,101,96,96,0.029468775833617854
prostate,full,40000,101,96,96,0.13198611861497486
prostate,full,40000,101,95,95,0.12750003676833585
prostate,full,40000,101,94,94,0.11298250313271432
prostate,full,40000,101,82,82,0.06374705925437217
prostate,full,40000,101,100,100,0.034170045469794644
prostate,full,40000,101,100,100,0.011180234455356
prostate,full,40000,101,98,98,0.005347455589190076
prostate,full,40000,101,97,97,0.04246409570305285
prostate,full,40000,101,95,95,0.02981588018523527
prostate,full,40000,101,95,95,0.11948225357670665
prostate,full,40000,101,100,100,0.2870736894075041
prostate,full,40000,101,91,91,0.2341264205637604
prostate,full,40000,101,90,90,0.27640685595980596
prostate,full,40000,101,89,89,0.2897241677939469
prostate,full,40000,101,88,88,0.2547807031987014
prostate,full,40000,101,100,100,0.2005066319448015
prostate,full,40000,101,100,100,0.2687950807360441
prostate,full,40000,101,98,98,0.13422891277386448
prostate,full,40000,101,97,97,0.05485187156577245
prostate,full,40000,101,100,100,0.12347567244857274
prostate,full,40000,101,100,100,0.05405052061388213
prostate,full,40000,101,100,100,0.01799376987076404
prostate,full,40000,101,99,99,0.01929037401493661
prostate,full,40000,101,98,98,0.109547967186088
prostate,full,40000,101,98,98,0.037502022960614105
prostate,full,40000,101,97,97,0.08360353020865649
prostate,full,40000,101,95,95,0.0850817916658797
prostate,full,40000,101,80,80,0.1315303802754563
prostate,full,40000,101,39,39,0.17891340287084168
prostate,full,40000,101,100,100,0.2751377307542075
prostate,full,40000,101,100,100,0.1553004394099223
prostate,full,40000,101,100,100,0.0581133345019731
prostate,full,40000,101,100,100,0.20814878173348972
prostate,full,40000,101,98,98,0.05259532716529178
prostate,full,40000,101,98,98,0.06876371431159983
prostate,full,40000,101,95,95,0.10684011177659168
prostate,full,40000,101,39,39,0.20703138350254344
prostate,full,40000,101,100,100,0.0217696299876048
prostate,full,40000,101,100,100,0.17843617039872925
prostate,full,40000,101,98,98,0.07333519191451889
prostate,full,40000,101,98,98,0.09968106968311262
prostate,full,40000,101,99,99,0.280559189481104
prostate,full,40000,101,98,98,0.27558135247159266
prostate,full,40000,101,90,90,0.221743085894096
prostate,full,40000,101,89,89,0.2654328098807632
prostate,full,40000,101,87,87,0.24084095185085805
prostate,full,40000,101,87,87,0.2486065602515014
prostate,full,40000,101,84,84,0.21452606238587843
prostate,full,40000,101,100,100,0.057265567804417696
prostate,full,40000,101,98,98,0.10609468926260042
prostate,full,40000,101,100,100,0.31375363149564434
prostate,full,40000,101,98,98,0.11021286305124911
prostate,full,40000,101,97,97,0.18672808435926314
prostate,full,40000,101,90,90,0.2666446373950715
prostate,full,40000,101,85,85,0.2710501109647482
prostate,full,40000,101,85,85,0.0777411722277947
prostate,full,40000,101,83,83,0.20103649327436043
prostate,full,40000,101,80,80,0.29045507216875377
prostate,full,40000,101,99,99,0.20971161435953717
prostate,full,40000,101,97,97,0.19249073835919858
prostate,full,40000,101,97,97,0.10909588086975854
prostate,full,40000,101,88,88,0.14259324720211605
prostate,full,40000,101,100,100,0.025694539330969334
prostate,full,40000,101,100,100,0.2227242105359228
prostate,full,40000,101,98,98,0.04364771791474722
prostate,full,40000,101,98,98,0.08574890028997036
prostate,full,40000,101,87,87,0.2722652426282428
prostate,full,40000,101,85,85,0.3008501458996343
prostate,full,40000,101,84,84,0.2577539577872786
prostate,full,40000,101,82,82,0.28372788468328575
prostate,full,40000,101,81,81,0.25179245113634213
prostate,full,40000,101,80,80,0.26186228131451383
prostate,full,40000,101,78,78,0.24727565005511443
prostate,full,40000,101,78,78,0.2792148061411965
prostate,full,40000,101,74,74,0.25982864824134533
prostate,full,40000,101,100,100,0.0
prostate,full,40000,101,100,100,0.19397672991633816
prostate,full,40000,101,100,100,0.2950777637876262
prostate,full,40000,101,98,98,0.0737072207523369
prostate,full,40000,101,96,96,0.1611089987480393
prostate,full,40000,101,91,91,0.17044512655188088
prostate,full,40000,101,99,99,0.27160528641812826
prostate,full,40000,101,81,81,0.22153178440392504
prostate,full,40000,101,81,81,0.22432175537075721
prostate,full,40000,101,100,100,0.048999826998960744
prostate,full,40000,101,100,100,0.07343196596524794
prostate,full,40000,101,98,98,0.07859495426477756
prostate,full,40000,101,98,98,0.06723305409961007
prostate,full,40000,101,100,100,0.22797549142925871
prostate,full,40000,101,97,97,0.0668956792819033
prostate,full,40000,101,81,81,0.24608103654424937
prostate,full,40000,101,56,56,0.2694422895814153
prostate,full,40000,101,98,98,0.015973155904492952
prostate,full,40000,101,78,78,0.14975287485031044
prostate,full,40000,101,100,100,0.13959355720711247
prostate,full,40000,101,99,99,0.009859690523576015
prostate,full,40000,101,97,97,0.043064069504168995
prostate,full,40000,101,82,82,0.16991157168323878
prostate,full,40000,101,80,80,0.048185951021394835
prostate,full,40000,101,100,100,0.013522414447533982
prostate,full,40000,101,100,100,0.007499958610524107
prostate,full,40000,101,100,100,0.005264947564922775
prostate,full,40000,101,100,100,0.11377452929601717
prostate,full,40000,101,100,100,0.05783814223220409
prostate,full,40000,101,98,98,0.101806681454024
prostate,full,40000,101,98,98,0.01464781407878941
prostate,full,40000,101,89,89,0.027543299034555272
prostate,full,40000,101,100,100,0.009802865090459434
prostate,full,40000,101,100,100,0.2322631790012776
prostate,full,40000,101,97,97,0.07140160448210765
prostate,full,40000,101,82,82,0.23886461946335524
prostate,full,40000,101,98,98,0.10669428296819165
prostate,full,40000,101,39,39,0.19835276561663537
prostate,full,40000,101,95,95,0.21799794685473828
prostate,full,40000,101,59,59,0.2460813839808105
prostate,full,40000,101,94,94,0.10087173991327746
prostate,full,40000,101,90,90,0.1581229484501214
prostate,full,40000,101,82,82,0.14626044118368758
prostate,full,40000,101,82,82,0.1543011268095949
prostate,full,40000,101,82,82,0.14884982757781615
prostate,full,40000,101,38,38,0.2236778137501089
prostate,full,40000,101,69,69,0.20969803324761468
prostate,full,40000,101,63,63,0.18453812953691665
prostate,full,40000,101,49,49,0.21110524502545724
prostate,full,40000,101,98,98,0.10705647164554127
prostate,full,40000,101,96,96,0.11557875642437153
prostate,full,40000,101,38,38,0.15703785094308917
prostate,full,40000,101,100,100,0.23025132007714086
prostate,full,40000,101,97,97,0.06518152168856284
prostate,full,40000,101,97,97,0.10112656709549132
prostate,full,40000,101,92,92,0.17070167039435646
prostate,full,40000,101,100,100,0.19471901382382306
prostate,full,40000,101,100,100,0.2658771429334954
prostate,full,40000,101,97,97,0.19950849305407603
prostate,full,40000,101,91,91,0.23335978995461623
prostate,full,40000,101,92,92,0.01706878258902792
prostate,full,40000,101,63,63,0.14500956955567265
prostate,full,40000,101,100,100,0.029267406303487845
prostate,full,40000,101,49,49,0.17590110302978673
prostate,full,40000,101,100,100,0.2512085981759009
prostate,full,40000,101,99,99,0.01862528065008317
prostate,full,40000,101,82,82,0.1454891365818044
prostate,full,40000,101,82,82,0.1407725986581562
prostate,full,40000,101,81,81,0.13740220703945552
prostate,full,40000,101,54,54,0.1715916243629332
prostate,full,40000,101,49,49,0.03836509815267537
prostate,full,40000,101,100,100,0.13145021038445484
prostate,full,40000,101,96,96,0.12768514044180293
prostate,full,40000,101,94,94,0.13479315405254444
prostate,full,40000,101,80,80,0.1412490266868464
prostate,full,40000,101,78,78,0.13628227803809423
prostate,full,40000,101,90,90,0.2895009957216413
prostate,full,40000,101,78,78,0.23260975031103506
prostate,full,40000,101,72,72,0.25061542637714795
prostate,full,40000,101,100,100,0.23367954292487725
prostate,full,40000,101,100,100,0.14356147188020682
prostate,full,40000,101,100,100,0.27456001888725773
prostate,full,40000,101,98,98,0.01781154274174897
prostate,full,40000,101,91,91,0.21480223307074636
prostate,full,40000,101,83,83,0.25949827283474924
prostate,full,40000,101,82,82,0.2818056898251085
prostate,full,40000,101,82,82,0.3082553302509436
prostate,full,40000,101,81,81,0.32700329823894897
prostate,full,40000,101,80,80,0.3309676224051748
prostate,full,40000,101,39,39,0.35900547724485266
prostate,full,40000,101,81,81,0.12624954505399658
prostate,full,40000,101,49,49,0.11905405818006767
prostate,full,40000,101,98,98,0.19578067228783963
prostate,full,40000,101,95,95,0.12590101893266478
prostate,full,40000,101,94,94,0.17632210345985821
prostate,full,40000,101,100,100,0.12604509811840592
prostate,full,40000,101,100,100,0.00948684046534982
prostate,full,40000,101,100,100,0.06418758015823578
prostate,full,40000,101,100,100,0.0076279240464772295
prostate,full,40000,101,100,100,0.0054715493843634075
prostate,full,40000,101,98,98,0.04877463352705801
prostate,full,40000,101,98,98,0.04931062413761349
prostate,full,40000,101,98,98,0.008715558074416459
prostate,full,40000,101,98,98,0.08776335212903962
prostate,full,40000,101,100,100,0.06628839084781893
prostate,full,40000,101,100,100,0.12609810599444132
prostate,full,40000,101,97,97,0.10212549594161115
prostate,full,40000,101,95,95,0.01658807993697956
prostate,full,40000,101,91,91,0.13221390735377844
prostate,full,40000,101,82,82,0.16703421995654244
prostate,full,40000,101,99,99,0.2885527951532856
prostate,full,40000,101,99,99,0.27370402961324747
prostate,full,40000,101,98,98,0.13253551487993906
prostate,full,40000,101,96,96,0.2337269193115589
prostate,full,40000,101,99,99,0.06324314490482248
prostate,full,40000,101,96,96,0.10138263921002999
prostate,full,40000,101,100,100,0.13244722988130594
prostate,full,40000,101,98,98,0.07914314117647205
prostate,full,40000,101,97,97,0.09391600924583826
prostate,full,40000,101,100,100,0.2673898771962194
prostate,full,40000,101,95,95,0.17886399277102535
prostate,full,40000,101,100,100,0.1351745815434132
prostate,full,40000,101,100,100,0.28012775969938064
prostate,full,40000,101,100,100,0.1401237996909189
prostate,full,40000,101,88,88,0.20982035154578788
prostate,full,40000,101,100,100,0.18921748627370175
prostate,full,40000,101,98,98,0.1359791456385631
prostate,full,40000,101,86,86,0.3451869320345245
prostate,full,40000,101,100,100,0.24827383533133493
prostate,full,40000,101,98,98,0.0776339594072766
prostate,full,40000,101,100,100,0.30473187783764044
prostate,full,40000,101,100,100,0.19846191488166756
prostate,full,40000,101,97,97,0.12417935009217608
prostate,full,40000,101,87,87,0.1277184267890708
prostate,full,40000,101,87,87,0.15524972389340744
prostate,full,40000,101,67,67,0.13868144716973324
prostate,full,40000,101,54,54,0.19941580948450688
prostate,full,40000,101,36,36,0.19825464279986074
prostate,full,40000,101,100,100,0.08061564404959531
prostate,full,40000,101,98,98,0.06712246624483549
prostate,full,40000,101,99,99,0.20282693135433422
prostate,full,40000,101,99,99,0.33607018429489355
prostate,full,40000,101,98,98,0.12185907866666387
prostate,full,40000,101,36,36,0.2080845112938907
prostate,full,40000,101,94,94,0.28353051144550917
prostate,full,40000,101,88,88,0.2716785520521181
prostate,full,40000,101,82,82,0.34017310510958026
prostate,full,40000,101,49,49,0.2757455237958024
prostate,full,40000,101,42,42,0.26406073625111703
prostate,full,40000,101,41,41,0.2668016943371984
prostate,full,40000,101,100,100,0.32529856130349394
prostate,full,40000,101,100,100,0.1173775749199883
prostate,full,40000,101,98,98,0.1232197973853296
prostate,full,40000,101,98,98,0.15252419620746305
prostate,full,40000,101,100,100,0.277546075382365
prostate,full,40000,101,100,100,0.07685308611249793
prostate,full,40000,101,98,98,0.12912156552293028
prostate,full,40000,101,98,98,0.1609671454527765
prostate,full,40000,101,98,98,0.22011676084352333
prostate,full,40000,101,97,97,0.16400651053139598
prostate,full,40000,101,97,97,0.2096217019817075
prostate,full,40000,101,85,85,0.18403598569308338
prostate,full,40000,101,100,100,0.1293555702338105
prostate,full,40000,101,98,98,0.08205023626316946
prostate,full,40000,101,93,93,0.1427702751146119
prostate,full,40000,101,88,88,0.13464289956277478
prostate,full,40000,101,36,36,0.20196580447812867
prostate,full,40000,101,100,100,0.011007930660181181
prostate,full,40000,101,100,100,0.009271444428109071
prostate,full,40000,101,100,100,0.1214927158895881
prostate,full,40000,101,98,98,0.07153620289867585
prostate,full,40000,101,97,97,0.08584144977692881
prostate,full,40000,101,94,94,0.019016299696809354
prostate,full,40000,101,100,100,0.12456313742569955
prostate,full,40000,101,99,99,0.01027225724413866
prostate,full,40000,101,81,81,0.16875371019125607
prostate,full,40000,101,95,95,0.11737702643784821
prostate,full,40000,101,49,49,0.0992755852252764
prostate,full,40000,101,100,100,0.16679317048366124
prostate,full,40000,101,100,100,0.28846210480185774
prostate,full,40000,101,98,98,0.06152103479090999
prostate,full,40000,101,91,91,0.2286478252069923
prostate,full,40000,101,100,100,0.16091251704105605
prostate,full,40000,101,100,100,0.2430207674397384
prostate,full,40000,101,98,98,0.12108593749661893
prostate,full,40000,101,96,96,0.22662989763436028
prostate,full,40000,101,91,91,0.20478558790454257
prostate,full,40000,101,100,100,0.20272429331839487
prostate,full,40000,101,98,98,0.05332585408306965
prostate,full,40000,101,97,97,0.10318839361496512
prostate,full,40000,101,100,100,0.04899290269103715
prostate,full,40000,101,99,99,0.08766914829485568
prostate,full,40000,101,99,99,0.025139508918252274
prostate,full,40000,101,100,100,0.26120732052545736
prostate,full,40000,101,99,99,0.0481580460817842
prostate,full,40000,101,98,98,0.11685320640134654
prostate,full,40000,101,100,100,0.21159518267468086
prostate,full,40000,101,99,99,0.040395939490283875
prostate,full,40000,101,99,99,0.30669717580254363
prostate,full,40000,101,99,99,0.28792046616928296
prostate,full,40000,101,99,99,0.24887487570920722
prostate,full,40000,101,97,97,0.2881139313897748
prostate,full,40000,101,97,97,0.1702398754879885
prostate,full,40000,101,97,97,0.18424553103760186
prostate,full,40000,101,97,97,0.28864954010810795
prostate,full,40000,101,97,97,0.19539516305590396
prostate,full,40000,101,96,96,0.24458273545226072
prostate,full,40000,101,95,95,0.1923094088125071
prostate,full,40000,101,88,88,0.24076956101929436
prostate,full,40000,101,100,100,0.27961771567465854
prostate,full,40000,101,99,99,0.015553550555970345
prostate,full,40000,101,98,98,0.07236151847391895
prostate,full,40000,101,99,99,0.18912712077410193
prostate,full,40000,101,99,99,0.2596629027917579
prostate,full,40000,101,100,100,0.09143507098792052
prostate,full,40000,101,100,100,0.2024146130594531
prostate,full,40000,101,100,100,0.01541624830594326
prostate,full,40000,101,100,100,0.1439387906245621
prostate,full,40000,101,100,100,0.005274273246918915
prostate,full,40000,101,99,99,0.04057309503613772
prostate,full,40000,101,97,97,0.02303433547987687
prostate,full,40000,101,91,91,0.1779537449932656
prostate,full,40000,101,100,100,0.02348732189541282
prostate,full,40000,101,100,100,0.23037846753443714
prostate,full,40000,101,82,82,0.24173754029219452
prostate,full,40000,101,93,93,0.18236339160003018
prostate,full,40000,101,39,39,0.3136109761103021
prostate,full,40000,101,38,38,0.3311591698828953
prostate,full,40000,101,100,100,0.01978599307364431
prostate,full,40000,101,100,100,0.051988406609414506
prostate,full,40000,101,97,97,0.05793083003973316
prostate,full,40000,101,100,100,0.2062227296694329
prostate,full,40000,101,100,100,0.29338138549068643
prostate,full,40000,101,97,97,0.07273289453104526
prostate,full,40000,101,91,91,0.030570450291812806
prostate,full,40000,101,89,89,0.027334551360226295
prostate,full,40000,101,82,82,0.14590282599693002
prostate,full,40000,101,100,100,0.2256883385470772
prostate,full,40000,101,82,82,0.242287006310992
prostate,full,40000,101,100,100,0.22538920385482192
prostate,full,40000,101,100,100,0.07131129971561044
prostate,full,40000,101,100,100,0.21844512011844866
prostate,full,40000,101,99,99,0.08505607586809823
prostate,full,40000,101,96,96,0.20893159695733274
prostate,full,40000,101,91,91,0.23366830505099678
prostate,full,40000,101,84,84,0.2638596313973687
prostate,full,40000,101,82,82,0.31469827741532114
prostate,full,40000,101,82,82,0.23455880480416663
prostate,full,40000,101,81,81,0.32415831721120947
prostate,full,40000,101,80,80,0.33152653847227437
prostate,full,40000,101,74,74,0.2099000573751255
prostate,full,40000,101,73,73,0.2612294781963356
prostate,full,40000,101,73,73,0.2555786124483019
prostate,full,40000,101,39,39,0.39594550308583
prostate,full,40000,101,89,89,0.02653201633238661
prostate,full,40000,101,87,87,0.21935068890673728
prostate,full,40000,101,87,87,0.2635710728864065
prostate,full,40000,101,86,86,0.2693588682747386
prostate,full,40000,101,85,85,0.2695732150954489
prostate,full,40000,101,84,84,0.26925921204659115
prostate,full,40000,101,83,83,0.19667723950970614
prostate,full,40000,101,83,83,0.24279724901596253
prostate,full,40000,101,83,83,0.2605456410733225
prostate,full,40000,101,80,80,0.2768385853102209
prostate,full,40000,101,79,79,0.267206462739262
prostate,full,40000,101,76,76,0.2515601450050634
prostate,full,40000,101,63,63,0.25321004317818374
prostate,full,40000,101,100,100,0.2615095534422187
prostate,full,40000,101,100,100,0.05973347051987449
prostate,full,40000,101,98,98,0.12884961537049905
prostate,full,40000,101,99,99,0.027752827585535374
prostate,full,40000,101,91,91,0.08255448647569619
prostate,full,40000,101,89,89,0.12743308154603558
prostate,full,40000,101,78,78,0.11495112609650775
prostate,full,40000,101,75,75,0.15128144850314962
prostate,full,40000,101,66,66,0.058706055803974276
prostate,full,40000,101,59,59,0.19623058223346182
prostate,full,40000,101,55,55,0.19364577996824323
prostate,full,40000,101,100,100,0.25405962124265785
prostate,full,40000,101,100,100,0.16451855349766117
prostate,full,40000,101,99,99,0.033988276263863755
prostate,full,40000,101,88,88,0.24579654661264624
prostate,full,40000,101,63,63,0.1421747080387442
prostate,full,40000,101,54,54,0.2078300604044987
prostate,full,40000,101,49,49,0.09989781616934418
prostate,full,40000,101,97,97,0.16499219923370573
prostate,full,40000,101,97,97,0.24160403949993203
prostate,full,40000,101,95,95,0.21539020626045666
prostate,full,40000,101,94,94,0.28346372789489166
prostate,full,40000,101,91,91,0.24875999813651667
prostate,full,40000,101,84,84,0.2605077118508789
prostate,full,40000,101,78,78,0.25557702865013116
prostate,full,40000,101,76,76,0.2536344746023221
prostate,full,40000,101,100,100,0.13696332290874094
prostate,full,40000,101,99,99,0.2648864901078057
prostate,full,40000,101,96,96,0.24060368860802026
prostate,full,40000,101,90,90,0.2084145706214438
prostate,full,40000,101,90,90,0.23852806442164737
prostate,full,40000,101,84,84,0.21543395704518492
prostate,full,40000,101,96,96,0.23095154577715402
prostate,full,40000,101,94,94,0.15215548852315675
prostate,full,40000,101,78,78,0.23810936246398748
prostate,full,40000,101,55,55,0.3183699121241544
prostate,full,40000,101,48,48,0.28742712171184726
prostate,full,40000,101,42,42,0.28901959073366995
prostate,full,40000,101,100,100,0.29405195669582446
prostate,full,40000,101,95,95,0.17772369219061906
prostate,full,40000,101,100,100,0.1855484585851779
prostate,full,40000,101,95,95,0.133688547964943
prostate,full,40000,101,91,91,0.0420541272911428
prostate,full,40000,101,100,100,0.07517100644631648
prostate,full,40000,101,100,100,0.017624859548052183
prostate,full,40000,101,97,97,0.07089263180902108
prostate,full,40000,101,98,98,0.03682764605673939
prostate,full,40000,101,98,98,0.02159952554845709
prostate,full,40000,101,97,97,0.11485545037375357
prostate,full,40000,101,95,95,0.07086871403335
prostate,full,40000,101,94,94,0.232803663392734
prostate,full,40000,101,100,100,0.06328019805476365
prostate,full,40000,101,100,100,0.22533415588473926
prostate,full,40000,101,100,100,0.02805022120784133
prostate,full,40000,101,100,100,0.12469572250664247
prostate,full,40000,101,95,95,0.09927872854479565
prostate,full,40000,101,100,100,0.00661036760270027
prostate,full,40000,101,100,100,0.01969596027000234
prostate,full,40000,101,100,100,0.005058143722730764
prostate,full,40000,101,100,100,0.11982418406195844
prostate,full,40000,101,100,100,0.05877105417628913
prostate,full,40000,101,98,98,0.06054177188788199
prostate,full,40000,101,75,75,0.11148996022250922
prostate,full,40000,101,72,72,0.15702815437672177
prostate,full,40000,101,70,70,0.11089373288100253
prostate,full,40000,101,68,68,0.18176749825307195
prostate,full,40000,101,49,49,0.17108088036995925
prostate,full,40000,101,99,99,0.2906975277056657
prostate,full,40000,101,98,98,0.2795327029517392
prostate,full,40000,101,87,87,0.21538890290677234
prostate,full,40000,101,87,87,0.2110376497952071
prostate,full,40000,101,87,87,0.24851050961452814
prostate,full,40000,101,100,100,0.28282556391603275
prostate,full,40000,101,99,99,0.26420335333911893
prostate,full,40000,101,98,98,0.20132844838226852
prostate,full,40000,101,100,100,0.17668258389252997
prostate,full,40000,101,98,98,0.09413928527386516
prostate,full,40000,101,94,94,0.03020757259387163
prostate,full,40000,101,99,99,0.2104474606083044
prostate,full,40000,101,97,97,0.22904623528598922
prostate,full,40000,101,87,87,0.23371999637376834
prostate,full,40000,101,87,87,0.1835871910394421
prostate,full,40000,101,87,87,0.20185199029433112
prostate,full,40000,101,100,100,0.008417888884194822
prostate,full,40000,101,100,100,0.04830294705082557
prostate,full,40000,101,98,98,0.08592951290627575
prostate,full,40000,101,66,66,0.04886858333879282
prostate,full,40000,101,59,59,0.18451440115213089
prostate,full,40000,101,55,55,0.18117470890997012
prostate,full,40000,101,42,42,0.16249241105238438
prostate,full,40000,101,69,69,0.18617595246112192
prostate,full,40000,101,42,42,0.19873825597469133
prostate,full,40000,101,95,95,0.11756028296616967
prostate,full,40000,101,39,39,0.17432372084060457
prostate,full,40000,101,99,99,0.12066317329696513
prostate,full,40000,101,98,98,0.06669038649663744
prostate,full,40000,101,96,96,0.08903752814685344
prostate,full,40000,101,100,100,0.2725155385403374
prostate,full,40000,101,100,100,0.2667053261383293
prostate,full,40000,101,98,98,0.09459010101696465
prostate,full,40000,101,97,97,0.12150516759226046
prostate,full,40000,101,97,97,0.1375995518034307
prostate,full,40000,101,97,97,0.1587599236465616
prostate,full,40000,101,88,88,0.24100440949820356
prostate,full,40000,101,100,100,0.2613256974984676
prostate,full,40000,101,100,100,0.14651627873700257
prostate,full,40000,101,97,97,0.22505629322733253
prostate,full,40000,101,94,94,0.1033529904751369
prostate,full,40000,101,91,91,0.21866352626927438
prostate,full,40000,101,100,100,0.06100567846385294
prostate,full,40000,101,99,99,0.11004660084788795
prostate,full,40000,101,99,99,0.2517194875042002
prostate,full,40000,101,98,98,0.2555722709836808
prostate,full,40000,101,93,93,0.2902068234266675
prostate,full,40000,101,92,92,0.2964489405351842
prostate,full,40000,101,88,88,0.27705684830678995
prostate,full,40000,101,85,85,0.24288749229961232
prostate,full,40000,101,100,100,0.015763980904693883
prostate,full,40000,101,100,100,0.12669159502366267
prostate,full,40000,101,100,100,0.006380905913493734
prostate,full,40000,101,99,99,0.06466071184828633
prostate,full,40000,101,98,98,0.00878651776248489
prostate,full,40000,101,94,94,0.019746487082682326
prostate,full,40000,101,91,91,0.12150904490840071
prostate,full,40000,101,90,90,0.14095300265191285
prostate,full,40000,101,82,82,0.17834372135712698
prostate,full,40000,101,100,100,0.2674646742005066
prostate,full,40000,101,100,100,0.23724198834163177
prostate,full,40000,101,91,91,0.19532879153980084
prostate,full,40000,101,87,87,0.2849367145180359
prostate,full,40000,101,70,70,0.29409988025254225
prostate,full,40000,101,59,59,0.31746920363064446
prostate,full,40000,101,55,55,0.3053920665905644
prostate,full,40000,101,54,54,0.31433622395826527
prostate,full,40000,101,36,36,0.4317667304262546
prostate,full,40000,101,95,95,0.2358445084680161
prostate,full,40000,101,100,100,0.0882505296186205
prostate,full,40000,101,100,100,0.23981040194175
prostate,full,40000,101,100,100,0.21925250841507837
prostate,full,40000,101,91,91,0.19160886072617306
prostate,full,40000,101,88,88,0.05007967670914644
prostate,full,40000,101,100,100,0.05660458808201713
prostate,full,40000,101,100,100,0.02087672667903366
prostate,full,40000,101,100,100,0.01889554934537719
prostate,full,40000,101,100,100,0.20816737761040155
prostate,full,40000,101,98,98,0.11270397618256787
prostate,full,40000,101,98,98,0.03017361371394327
prostate,full,40000,101,98,98,0.034417883574531224
prostate,full,40000,101,94,94,0.0585504726504784
prostate,full,40000,101,49,49,0.04282427278296442
prostate,full,40000,101,100,100,0.23252910266671292
prostate,full,40000,101,100,100,0.013499505199500873
prostate,full,40000,101,100,100,0.08656516824013138
prostate,full,40000,101,99,99,0.03370695734386531
prostate,full,40000,101,98,98,0.05763492258953837
prostate,full,40000,101,98,98,0.09925936377300353
prostate,full,40000,101,100,100,0.33583289174654335
prostate,full,40000,101,100,100,0.15891022039133887
prostate,full,40000,101,100,100,0.04824912121648062
prostate,full,40000,101,98,98,0.028438836223828264
prostate,full,40000,101,98,98,0.2215280760014945
prostate,full,40000,101,100,100,0.24647106858970436
prostate,full,40000,101,100,100,0.06878939032916309
prostate,full,40000,101,98,98,0.15285536316186155
prostate,full,40000,101,98,98,0.039982216502817886
prostate,full,40000,101,100,100,0.057889434610611114
prostate,full,40000,101,100,100,0.007508362393250985
prostate,full,40000,101,98,98,0.07357782976843656
prostate,full,40000,101,98,98,0.016756534049782588
prostate,full,40000,101,96,96,0.11303009417478081
prostate,full,40000,101,95,95,0.06373016215264558
prostate,full,40000,102,100,100,0.08744692727307334
prostate,full,40000,102,101,101,0.2285651839429736
prostate,full,40000,102,100,100,0.06586310009371736
prostate,full,40000,102,83,83,0.24039175788661016
prostate,full,40000,102,101,101,0.22226825616662607
prostate,full,40000,102,101,101,0.11341854517441256
prostate,full,40000,102,99,99,0.024437304519874196
prostate,full,40000,102,99,99,0.14653934822490944
prostate,full,40000,102,99,99,0.1438878001915541
prostate,full,40000,102,100,100,0.3500178679219199
prostate,full,40000,102,94,94,0.2717429834550126
prostate,full,40000,102,80,80,0.31877909900013507
prostate,full,40000,102,79,79,0.3095382725741126
prostate,full,40000,102,77,77,0.3063292818166196
prostate,full,40000,102,76,76,0.3009365826401399
prostate,full,40000,102,101,101,0.18652428266176918
prostate,full,40000,102,101,101,0.06370215947166626
prostate,full,40000,102,99,99,0.05201636238368167
prostate,full,40000,102,99,99,0.0053834748553256385
prostate,full,40000,102,98,98,0.10176251764563404
prostate,full,40000,102,93,93,0.0232263453415786
prostate,full,40000,102,101,101,0.13321339742752025
prostate,full,40000,102,101,101,0.033873579638068516
prostate,full,40000,102,101,101,0.16221408284278857
prostate,full,40000,102,101,101,0.2794156812704081
prostate,full,40000,102,101,101,0.01651769943497628
prostate,full,40000,102,101,101,0.1505354439521216
prostate,full,40000,102,100,100,0.051911234801343256
prostate,full,40000,102,99,99,0.03011878103872846
prostate,full,40000,102,92,92,0.228671423888531
prostate,full,40000,102,98,98,0.06949106259438093
prostate,full,40000,102,95,95,0.020469680993054965
prostate,full,40000,102,83,83,0.1445635145361747
prostate,full,40000,102,91,91,0.25062614394499794
prostate,full,40000,102,84,84,0.20670272625119143
prostate,full,40000,102,82,82,0.23261280797929845
prostate,full,40000,102,81,81,0.20164397801890319
prostate,full,40000,102,48,48,0.21936651523195816
prostate,full,40000,102,44,44,0.22450090437411774
prostate,full,40000,102,39,39,0.3198596705952706
prostate,full,40000,102,101,101,0.22787819968227074
prostate,full,40000,102,101,101,0.24916233811509989
prostate,full,40000,102,96,96,0.23822319910979242
prostate,full,40000,102,101,101,0.29737850366267093
prostate,full,40000,102,101,101,0.25550527329322886
prostate,full,40000,102,86,86,0.2610380123975726
prostate,full,40000,102,100,100,0.0480936961934083
prostate,full,40000,102,100,100,0.002511892322213074
prostate,full,40000,102,98,98,0.039194546424246884
prostate,full,40000,102,83,83,0.13273730313918666
prostate,full,40000,102,101,101,0.2660538974314247
prostate,full,40000,102,101,101,0.015129661794788012
prostate,full,40000,102,101,101,0.26420300222385984
prostate,full,40000,102,99,99,0.149575392404069
prostate,full,40000,102,94,94,0.06281901128647377
prostate,full,40000,102,49,49,0.20121604489186434
prostate,full,40000,102,101,101,0.3477348639357788
prostate,full,40000,102,101,101,0.15918790325059726
prostate,full,40000,102,99,99,0.0875852172850239
prostate,full,40000,102,98,98,0.22633778241841343
prostate,full,40000,102,101,101,0.29703564333920296
prostate,full,40000,102,101,101,0.21573430372211136
prostate,full,40000,102,82,82,0.25999340053731035
prostate,full,40000,102,101,101,0.28722948749949834
prostate,full,40000,102,99,99,0.20381070163939702
prostate,full,40000,102,99,99,0.24326486687694032
prostate,full,40000,102,96,96,0.2209048540815206
prostate,full,40000,102,96,96,0.33556369890375076
prostate,full,40000,102,90,90,0.2373387409965534
prostate,full,40000,102,101,101,0.24404351565667742
prostate,full,40000,102,101,101,0.09393926289007362
prostate,full,40000,102,100,100,0.26717128200101453
prostate,full,40000,102,98,98,0.29502295615336444
prostate,full,40000,102,92,92,0.1662563678989451
prostate,full,40000,102,100,100,0.006248695895653145
prostate,full,40000,102,96,96,0.026153940062002945
prostate,full,40000,102,82,82,0.17220451775654166
prostate,full,40000,102,101,101,0.12910526730183153
prostate,full,40000,102,99,99,0.1147880304653458
prostate,full,40000,102,101,101,0.046296992815944286
prostate,full,40000,102,101,101,0.12366820818632851
prostate,full,40000,102,99,99,0.09845604917964397
prostate,full,40000,102,101,101,0.007645139431155308
prostate,full,40000,102,101,101,0.06610851366995828
prostate,full,40000,102,101,101,0.014385025221220768
prostate,full,40000,102,100,100,0.025663902216062965
prostate,full,40000,102,96,96,0.13504084862735563
prostate,full,40000,102,39,39,0.20331675424082515
prostate,full,40000,102,101,101,0.10900431883752161
prostate,full,40000,102,101,101,0.18948411480909264
prostate,full,40000,102,101,101,0.2561625099891904
prostate,full,40000,102,100,100,0.07224924448374372
prostate,full,40000,102,99,99,0.16595422868957194
prostate,full,40000,102,96,96,0.06481755967027453
prostate,full,40000,102,92,92,0.22391921239563684
prostate,full,40000,102,101,101,0.10401875584501082
prostate,full,40000,102,99,99,0.03874612081433755
prostate,full,40000,102,99,99,0.09143264512626023
prostate,full,40000,102,98,98,0.09740279576052747
prostate,full,40000,102,101,101,0.24612277133568744
prostate,full,40000,102,101,101,0.1832186984507134
prostate,full,40000,102,101,101,0.03786547830292727
prostate,full,40000,102,99,99,0.08623663508762837
prostate,full,40000,102,99,99,0.06436350849215029
prostate,full,40000,102,101,101,0.10306070752227471
prostate,full,40000,102,101,101,0.18973247640020455
prostate,full,40000,102,96,96,0.17379287171307267
prostate,full,40000,102,101,101,0.006973657015737887
prostate,full,40000,102,101,101,0.12360180902473517
prostate,full,40000,102,101,101,0.00894709056952798
prostate,full,40000,102,101,101,0.015302715987315025
prostate,full,40000,102,101,101,0.06340487550378199
prostate,full,40000,102,100,100,0.017673498483950296
prostate,full,40000,102,99,99,0.03553136682113242
prostate,full,40000,102,99,99,0.025679598585697717
prostate,full,40000,102,99,99,0.03746153496413062
prostate,full,40000,102,99,99,0.013743596613218381
prostate,full,40000,102,99,99,0.02634749364317062
prostate,full,40000,102,99,99,0.015729024885053598
prostate,full,40000,102,99,99,0.07899864130807055
prostate,full,40000,102,98,98,0.09320743815909166
prostate,full,40000,102,95,95,0.01738427445019373
prostate,full,40000,102,101,101,0.2696364527610582
prostate,full,40000,102,101,101,0.278979676519464
prostate,full,40000,102,96,96,0.17844751389088312
prostate,full,40000,102,82,82,0.12463473375478615
prostate,full,40000,102,77,77,0.13364085296569067
prostate,full,40000,102,74,74,0.11712339580839012
prostate,full,40000,102,49,49,0.11980557443831964
prostate,full,40000,102,100,100,0.29746210348524377
prostate,full,40000,102,98,98,0.20938914815023646
prostate,full,40000,102,98,98,0.2661068020977361
prostate,full,40000,102,89,89,0.2415934640028352
prostate,full,40000,102,101,101,0.12645027956805963
prostate,full,40000,102,101,101,0.23624325939871324
prostate,full,40000,102,101,101,0.16759033843209983
prostate,full,40000,102,101,101,0.26979274900147393
prostate,full,40000,102,100,100,0.005733791284937118
prostate,full,40000,102,99,99,0.011730365510988069
prostate,full,40000,102,92,92,0.22049592088442918
prostate,full,40000,102,101,101,0.2164391308170898
prostate,full,40000,102,101,101,0.24467815937879792
prostate,full,40000,102,83,83,0.2138126915554914
prostate,full,40000,102,89,89,0.11650621037285361
prostate,full,40000,102,89,89,0.13333038045469311
prostate,full,40000,102,89,89,0.08394255465273341
prostate,full,40000,102,101,101,0.24756593939932592
prostate,full,40000,102,82,82,0.20287349342217245
prostate,full,40000,102,101,101,0.08539328101269547
prostate,full,40000,102,101,101,0.08601760382153108
prostate,full,40000,102,101,101,0.15215479444924243
prostate,full,40000,102,99,99,0.0410921802413948
prostate,full,40000,102,99,99,0.021365938227648144
prostate,full,40000,102,90,90,0.15024551314090318
prostate,full,40000,102,101,101,0.024896009197105433
prostate,full,40000,102,101,101,0.027214169607990567
prostate,full,40000,102,101,101,0.04623923273256056
prostate,full,40000,102,97,97,0.06141474970781121
prostate,full,40000,102,83,83,0.13477547088716157
prostate,full,40000,102,101,101,0.048098636525813074
prostate,full,40000,102,100,100,0.005723587525851348
prostate,full,40000,102,100,100,0.007190568983806587
prostate,full,40000,102,100,100,0.007167889015775872
prostate,full,40000,102,99,99,0.027807917133135393
prostate,full,40000,102,95,95,0.017878865296774217
prostate,full,40000,102,100,100,0.12638858404595632
prostate,full,40000,102,91,91,0.1574254220575115
prostate,full,40000,102,91,91,0.14682984434383162
prostate,full,40000,102,83,83,0.16590871465501567
prostate,full,40000,102,101,101,0.29169490367600664
prostate,full,40000,102,99,99,0.16687029763499017
prostate,full,40000,102,97,97,0.2935166069292594
prostate,full,40000,102,75,75,0.2913207027490385
prostate,full,40000,102,72,72,0.31241751537410445
prostate,full,40000,102,70,70,0.2926014212181505
prostate,full,40000,102,68,68,0.29765186714157765
prostate,full,40000,102,49,49,0.3047618163985737
prostate,full,40000,102,81,81,0.26726241161926045
prostate,full,40000,102,39,39,0.3155933924814865
prostate,full,40000,102,38,38,0.28804264398183504
prostate,full,40000,102,99,99,0.2557599171481047
prostate,full,40000,102,97,97,0.286597053682372
prostate,full,40000,102,96,96,0.21982784444276304
prostate,full,40000,102,93,93,0.2450788903911428
prostate,full,40000,102,92,92,0.26067949756871583
prostate,full,40000,102,88,88,0.23309446463030312
prostate,full,40000,102,86,86,0.1996230071492018
prostate,full,40000,102,101,101,0.10359917688377382
prostate,full,40000,102,101,101,0.21534525887490474
prostate,full,40000,102,101,101,0.28508099417405997
prostate,full,40000,102,92,92,0.16505337446637483
prostate,full,40000,102,95,95,0.32733849358812195
prostate,full,40000,102,93,93,0.2168437485307258
prostate,full,40000,102,87,87,0.23614236293709798
prostate,full,40000,102,35,35,0.3545691494117339
prostate,full,40000,102,101,101,0.3034036402598841
prostate,full,40000,102,101,101,0.08655313829514508
prostate,full,40000,102,101,101,0.21370511528049227
prostate,full,40000,102,96,96,0.20508805957736378
prostate,full,40000,102,92,92,0.15607252474055516
prostate,full,40000,102,89,89,0.06784243598285693
prostate,full,40000,102,101,101,0.04840351420007182
prostate,full,40000,102,101,101,0.01838460991494719
prostate,full,40000,102,99,99,0.015456234150950545
prostate,full,40000,102,99,99,0.033173998006950166
prostate,full,40000,102,99,99,0.010871838219457145
prostate,full,40000,102,99,99,0.03180291649897405
prostate,full,40000,102,101,101,0.04884168873852977
prostate,full,40000,102,98,98,0.018774852737170257
prostate,full,40000,102,92,92,0.15549834004035193
prostate,full,40000,102,77,77,0.13495010520449235
prostate,full,40000,102,101,101,0.0
prostate,full,40000,102,101,101,0.24508237701601096
prostate,full,40000,102,101,101,0.053632437836853564
prostate,full,40000,102,101,101,0.18565214138667346
prostate,full,40000,102,92,92,0.03202607137048401
prostate,full,40000,102,100,100,0.08239291853302774
prostate,full,40000,102,101,101,0.2831459656241247
prostate,full,40000,102,99,99,0.11240238991344205
prostate,full,40000,102,98,98,0.15228956907521818
prostate,full,40000,102,98,98,0.20371128388114565
prostate,full,40000,102,93,93,0.08817485388128014
prostate,full,40000,102,97,97,0.22530112515218756
prostate,full,40000,102,49,49,0.2490358160739921
prostate,full,40000,102,90,90,0.028032400621255258
prostate,full,40000,102,82,82,0.14275547418447798
prostate,full,40000,102,99,99,0.08876912018223267
prostate,full,40000,102,98,98,0.01208726402084186
prostate,full,40000,102,86,86,0.07014265106703613
prostate,full,40000,102,101,101,0.009141978977054927
prostate,full,40000,102,101,101,0.009631903676316729
prostate,full,40000,102,101,101,0.002359117521742536
prostate,full,40000,102,100,100,0.012068969664772253
prostate,full,40000,102,100,100,0.05499884140318263
prostate,full,40000,102,96,96,0.11836043984449711
prostate,full,40000,102,91,91,0.0825576074765602
prostate,full,40000,102,91,91,0.10923331111504564
prostate,full,40000,102,101,101,0.15754110607429192
prostate,full,40000,102,101,101,0.3061818372154421
prostate,full,40000,102,99,99,0.10261589769896814
prostate,full,40000,102,96,96,0.27960306423361586
prostate,full,40000,102,96,96,0.20749648459263312
prostate,full,40000,102,88,88,0.23743679316104932
prostate,full,40000,102,100,100,0.04806766352686691
prostate,full,40000,102,96,96,0.13596692770673616
prostate,full,40000,102,101,101,0.03454789804748148
prostate,full,40000,102,99,99,0.03397582293209573
prostate,full,40000,102,93,93,0.14637983834791846
prostate,full,40000,102,101,101,0.10432392955773527
prostate,full,40000,102,101,101,0.06982639037369678
prostate,full,40000,102,99,99,0.08279346628173613
prostate,full,40000,102,97,97,0.11549185771200579
prostate,full,40000,102,101,101,0.08315671280225236
prostate,full,40000,102,101,101,0.26509740881065624
prostate,full,40000,102,101,101,0.007365492602324151
prostate,full,40000,102,101,101,0.19857296670416105
prostate,full,40000,102,99,99,0.12988256410617552
prostate,full,40000,102,92,92,0.07433211497210716
prostate,full,40000,102,92,92,0.03263593380315934
prostate,full,40000,102,101,101,0.2680015227393177
prostate,full,40000,102,101,101,0.2668843749692479
prostate,full,40000,102,76,76,0.2337924314139413
prostate,full,40000,102,101,101,0.253951591018418
prostate,full,40000,102,101,101,0.025143663667692707
prostate,full,40000,102,101,101,0.3029871806117523
prostate,full,40000,102,83,83,0.2495835601066683
prostate,full,40000,102,90,90,0.031089772514311272
prostate,full,40000,102,63,63,0.14170459752884323
prostate,full,40000,102,101,101,0.25995065395333894
prostate,full,40000,102,80,80,0.22458148540447195
prostate,full,40000,102,101,101,0.23506727179568593
prostate,full,40000,102,95,95,0.14272606415363878
prostate,full,40000,102,94,94,0.2592785441833719
prostate,full,40000,102,83,83,0.20745434349281405
prostate,full,40000,102,101,101,0.19949771413467995
prostate,full,40000,102,99,99,0.12520293763327134
prostate,full,40000,102,98,98,0.10808591552714165
prostate,full,40000,102,101,101,0.1926335501098928
prostate,full,40000,102,101,101,0.28975296864026995
prostate,full,40000,102,83,83,0.23773130904730497
prostate,full,40000,102,98,98,0.13019369423359708
prostate,full,40000,102,89,89,0.1449103265694903
prostate,full,40000,102,59,59,0.22771125486425647
prostate,full,40000,102,55,55,0.2157952349930117
prostate,full,40000,102,36,36,0.21806334162362806
prostate,full,40000,102,99,99,0.012778217950461277
prostate,full,40000,102,99,99,0.057186998575683726
prostate,full,40000,102,99,99,0.2017746084679968
prostate,full,40000,102,98,98,0.20886591536323254
prostate,full,40000,102,97,97,0.19613999467786847
prostate,full,40000,102,98,98,0.22999025097356443
prostate,full,40000,102,97,97,0.22831995848530415
prostate,full,40000,102,91,91,0.05127386257603866
prostate,full,40000,102,86,86,0.22779779405651251
prostate,full,40000,102,83,83,0.23694216264403137
prostate,full,40000,102,101,101,0.32300670172201656
prostate,full,40000,102,101,101,0.19169336566028242
prostate,full,40000,102,99,99,0.1577168909891137
prostate,full,40000,102,99,99,0.19516520881767985
prostate,full,40000,102,101,101,0.28439711283757557
prostate,full,40000,102,101,101,0.20479517440866774
prostate,full,40000,102,95,95,0.1688562041870924
prostate,full,40000,102,86,86,0.1613118054834309
prostate,full,40000,102,98,98,0.0266249670696227
prostate,full,40000,102,96,96,0.2739273431004913
prostate,full,40000,102,82,82,0.24589848969219086
prostate,full,40000,102,78,78,0.29116031163671896
prostate,full,40000,102,77,77,0.18420635925676287
prostate,full,40000,102,75,75,0.2455485591270251
prostate,full,40000,102,101,101,0.24847191303685112
prostate,full,40000,102,101,101,0.0
prostate,full,40000,102,101,101,0.1880928622118491
prostate,full,40000,102,97,97,0.06198306264363198
prostate,full,40000,102,92,92,0.1002479952218693
prostate,full,40000,102,101,101,0.290316172524842
prostate,full,40000,102,101,101,0.1812092941551657
prostate,full,40000,102,99,99,0.030597168345739972
prostate,full,40000,102,99,99,0.12853022593745878
prostate,full,40000,102,93,93,0.1930108468191445
prostate,full,40000,102,84,84,0.1397457903448023
prostate,full,40000,102,84,84,0.11453266743461417
prostate,full,40000,102,39,39,0.30673295950003876
prostate,full,40000,102,101,101,0.2905526662543644
prostate,full,40000,102,101,101,0.2331150094287589
prostate,full,40000,102,101,101,0.08969333041941292
prostate,full,40000,102,101,101,0.2675885885390571
prostate,full,40000,102,97,97,0.10224753970482658
prostate,full,40000,102,92,92,0.13286475644942095
prostate,full,40000,102,101,101,0.12127554381977139
prostate,full,40000,102,99,99,0.11237295651206472
prostate,full,40000,102,98,98,0.022206912828450134
prostate,full,40000,102,83,83,0.14156121910416505
prostate,full,40000,102,101,101,0.18711056217971977
prostate,full,40000,102,80,80,0.19278352669698676
prostate,full,40000,102,96,96,0.14194402753163152
prostate,full,40000,102,39,39,0.20250420533431193
prostate,full,40000,102,100,100,0.32111493806035696
prostate,full,40000,102,81,81,0.28727172764909303
prostate,full,40000,102,89,89,0.24621153319719788
prostate,full,40000,102,83,83,0.23737660106912478
prostate,full,40000,102,99,99,0.097584068972363
prostate,full,40000,102,98,98,0.095293652323467
prostate,full,40000,102,101,101,0.07004499633950492
prostate,full,40000,102,96,96,0.12913285526619098
prostate,full,40000,102,101,101,0.02877339549392658
prostate,full,40000,102,83,83,0.13281585608318308
prostate,full,40000,102,101,101,0.11929576248121436
prostate,full,40000,102,99,99,0.052033886602767254
prostate,full,40000,102,99,99,0.11946471839748601
prostate,full,40000,102,99,99,0.2565170982273147
prostate,full,40000,102,99,99,0.27118534486632695
prostate,full,40000,102,99,99,0.26284611394885665
prostate,full,40000,102,98,98,0.11872521948911868
prostate,full,40000,102,98,98,0.2771621527287984
prostate,full,40000,102,94,94,0.26025597474864604
prostate,full,40000,102,86,86,0.2567382528840819
prostate,full,40000,102,101,101,0.28412375747431134
prostate,full,40000,102,101,101,0.2526906159566407
prostate,full,40000,102,96,96,0.0884675995832298
prostate,full,40000,102,93,93,0.08894411288376362
prostate,full,40000,102,99,99,0.24570224465807863
prostate,full,40000,102,94,94,0.2409276588807304
prostate,full,40000,102,92,92,0.29294064026246064
prostate,full,40000,102,84,84,0.22234209182632578
prostate,full,40000,102,79,79,0.2221382276107436
prostate,full,40000,102,79,79,0.23648746886425392
prostate,full,40000,102,86,86,0.21080084292672202
prostate,full,40000,102,39,39,0.33041930552507204
prostate,full,40000,102,101,101,0.04038162456571515
prostate,full,40000,102,101,101,0.22140758180361286
prostate,full,40000,102,94,94,0.1369167689831575
prostate,full,40000,102,90,90,0.16772331323169049
prostate,full,40000,102,83,83,0.19918903541239477
prostate,full,40000,102,98,98,0.3186752787084679
prostate,full,40000,102,82,82,0.25412149203924045
prostate,full,40000,102,68,68,0.29286633873705936
prostate,full,40000,102,101,101,0.2696112346735143
prostate,full,40000,102,100,100,0.21674424543887572
prostate,full,40000,102,99,99,0.19266523357535587
prostate,full,40000,102,99,99,0.05791970796647324
prostate,full,40000,102,96,96,0.28761669481977337
prostate,full,40000,102,91,91,0.19853040107640849
prostate,full,40000,102,89,89,0.09660148789223719
prostate,full,40000,102,81,81,0.27052146717051667
prostate,full,40000,102,78,78,0.30022560551446237
prostate,full,40000,102,76,76,0.25960727107465587
prostate,full,40000,102,68,68,0.31277607687169723
prostate,full,40000,102,54,54,0.33131942101741135
prostate,full,40000,102,101,101,0.32864510664604557
prostate,full,40000,102,80,80,0.2361109634130132
prostate,full,40000,102,101,101,0.1939332735256959
prostate,full,40000,102,99,99,0.0267288747360338
prostate,full,40000,102,99,99,0.07647379204841853
prostate,full,40000,102,98,98,0.11800604294015755
prostate,full,40000,102,101,101,0.10931025852259336
prostate,full,40000,102,92,92,0.18068802910075496
prostate,full,40000,102,101,101,0.23983672264837053
prostate,full,40000,102,98,98,0.1602701556852759
prostate,full,40000,102,97,97,0.09895106134487514
prostate,full,40000,102,81,81,0.18817915407665786
prostate,full,40000,102,49,49,0.26712348863566654
prostate,full,40000,102,101,101,0.20364957441827633
prostate,full,40000,102,101,101,0.0956629859912162
prostate,full,40000,102,99,99,0.14112250843689855
prostate,full,40000,102,99,99,0.14739061901529815
prostate,full,40000,102,101,101,0.1285141157352647
prostate,full,40000,102,101,101,0.06327667620108582
prostate,full,40000,102,101,101,0.020891772856049567
prostate,full,40000,102,101,101,0.010708902570995379
prostate,full,40000,102,100,100,0.008432609262449476
prostate,full,40000,102,83,83,0.16946152997304614
prostate,full,40000,102,101,101,0.017830664461315822
prostate,full,40000,102,101,101,0.07085838553405055
prostate,full,40000,102,96,96,0.11509863270536125
prostate,full,40000,102,101,101,0.04929622327242163
prostate,full,40000,102,101,101,0.06048138377384183
prostate,full,40000,102,101,101,0.04900337510403113
prostate,full,40000,102,101,101,0.02033993623495703
prostate,full,40000,102,101,101,0.02135275069827444
prostate,full,40000,102,101,101,0.021438697545667927
prostate,full,40000,102,99,99,0.009495444414665776
prostate,full,40000,102,99,99,0.04280539525432567
prostate,full,40000,102,98,98,0.04410485784569688
prostate,full,40000,102,96,96,0.01341543906222511
prostate,full,40000,102,89,89,0.04031759656415589
prostate,full,40000,102,76,76,0.27130943506906074
prostate,full,40000,102,65,65,0.27899679916024217
prostate,full,40000,102,56,56,0.2703328091791847
prostate,full,40000,102,54,54,0.3062550247101081
prostate,full,40000,102,49,49,0.337360801735567
prostate,full,40000,102,99,99,0.26646325423154554
prostate,full,40000,102,99,99,0.26657153560382174
prostate,full,40000,102,96,96,0.33798365284450055
prostate,full,40000,102,96,96,0.1805857801442352
prostate,full,40000,102,101,101,0.01332427977877034
prostate,full,40000,102,101,101,0.011080929822115865
prostate,full,40000,102,101,101,0.008983761075734393
prostate,full,40000,102,101,101,0.009334492118706647
prostate,full,40000,102,101,101,0.01873412992559749
prostate,full,40000,102,101,101,0.026027357629511045
prostate,full,40000,102,101,101,0.019861623505838918
prostate,full,40000,102,101,101,0.005900053002679008
prostate,full,40000,102,101,101,0.0034984515817177656
prostate,full,40000,102,101,101,0.022362042824043867
prostate,full,40000,102,101,101,0.005909752147582407
prostate,full,40000,102,100,100,0.008414737050436818
prostate,full,40000,102,100,100,0.02140123272142429
prostate,full,40000,102,99,99,0.03235344837342199
prostate,full,40000,102,99,99,0.018881528719690076
prostate,full,40000,102,99,99,0.01705348299619359
prostate,full,40000,102,101,101,0.21772258413866424
prostate,full,40000,102,89,89,0.16733295320430824
prostate,full,40000,102,98,98,0.020065173300693
prostate,full,40000,102,82,82,0.14240682271365473
prostate,full,40000,102,100,100,0.007058380946434344
prostate,full,40000,102,82,82,0.15697752212885416
prostate,full,40000,102,80,80,0.17220368062262792
prostate,full,40000,102,54,54,0.2634975473828387
prostate,full,40000,102,101,101,0.1243901297622338
prostate,full,40000,102,99,99,0.03973206401769598
prostate,full,40000,102,99,99,0.10742494830392342
prostate,full,40000,102,98,98,0.08840737630535649
prostate,full,40000,102,99,99,0.07774434601215326
prostate,full,40000,102,99,99,0.12839684428117215
prostate,full,40000,102,98,98,0.14028365738778117
prostate,full,40000,102,97,97,0.11808884255305278
prostate,full,40000,102,96,96,0.1352638174325059
prostate,full,40000,102,101,101,0.2670103279233176
prostate,full,40000,102,95,95,0.17715018211018918
prostate,full,40000,102,94,94,0.18300796063353844
prostate,full,40000,102,82,82,0.26824397374366676
prostate,full,40000,102,77,77,0.2312189554842424
prostate,full,40000,102,101,101,0.22503754939935489
prostate,full,40000,102,101,101,0.2428333321570401
prostate,full,40000,102,99,99,0.21034214074732122
prostate,full,40000,102,101,101,0.0932468062085658
prostate,full,40000,102,101,101,0.005484191563017344
prostate,full,40000,102,101,101,0.18001366703840746
prostate,full,40000,102,100,100,0.028468909975185155
prostate,full,40000,102,99,99,0.07455072953267404
prostate,full,40000,102,99,99,0.12777270959687156
prostate,full,40000,102,101,101,0.22607457705400727
prostate,full,40000,102,83,83,0.2277156312062835
prostate,full,40000,102,77,77,0.15090473518332287
prostate,full,40000,102,72,72,0.1965082252337188
prostate,full,40000,102,67,67,0.17426866476562536
prostate,full,40000,102,67,67,0.16132441764821348
prostate,full,40000,102,63,63,0.18444443634512972
prostate,full,40000,102,59,59,0.2331866201030082
prostate,full,40000,102,55,55,0.22335679335342035
prostate,full,40000,102,54,54,0.22638482471076685
prostate,full,40000,102,39,39,0.21074723647764979
prostate,full,40000,102,101,101,0.3305050999174478
prostate,full,40000,102,99,99,0.1343137630592939
prostate,full,40000,102,101,101,0.02401917190156169
prostate,full,40000,102,97,97,0.12240492200676915
prostate,full,40000,102,66,66,0.15299613312444932
prostate,full,40000,102,50,50,0.1648534551048983
prostate,full,40000,102,48,48,0.1488556606886395
prostate,full,40000,102,94,94,0.0501110053001502
prostate,full,40000,102,101,101,0.06831523686041382
prostate,full,40000,102,99,99,0.08682061285627474
prostate,full,40000,102,100,100,0.013807458715232255
prostate,full,40000,102,96,96,0.10542817458590965
prostate,full,40000,102,101,101,0.27673467516403044
prostate,full,40000,102,101,101,0.18618972895806882
prostate,full,40000,102,95,95,0.15738877157680495
prostate,full,40000,102,89,89,0.2058505775970635
prostate,full,40000,102,98,98,0.3621906519560763
prostate,full,40000,102,78,78,0.3193914907264671
prostate,full,40000,102,73,73,0.23226794507350274
prostate,full,40000,102,63,63,0.2990797121607501
prostate,full,40000,102,101,101,0.29721252650103885
prostate,full,40000,102,101,101,0.2655685872224051
prostate,full,40000,102,86,86,0.20934154670289346
prostate,full,40000,102,66,66,0.10004235823694527
prostate,full,40000,102,59,59,0.23219320062738322
prostate,full,40000,102,55,55,0.225642628223344
prostate,full,40000,102,54,54,0.28351243909969814
prostate,full,40000,102,50,50,0.1770670180704478
prostate,full,40000,102,49,49,0.19211868188612571
prostate,full,40000,102,48,48,0.15549124880923196
prostate,full,40000,102,44,44,0.1999387595479315
prostate,full,40000,102,101,101,0.22722392308348197
prostate,full,40000,102,97,97,0.060828817851168324
prostate,full,40000,102,91,91,0.06594221540507215
prostate,full,40000,102,83,83,0.24544397279936003
prostate,full,40000,102,49,49,0.3081582810189913
prostate,full,40000,102,101,101,0.2586379258148286
prostate,full,40000,102,101,101,0.1657252899186912
prostate,full,40000,102,99,99,0.1433353785779708
prostate,full,40000,102,99,99,0.07941473678974798
prostate,full,40000,102,99,99,0.05192827292913882
prostate,full,40000,102,99,99,0.024072922769899058
prostate,full,40000,102,91,91,0.26606213984855515
prostate,full,40000,102,84,84,0.21496723038468638
prostate,full,40000,102,82,82,0.2265856071943816
prostate,full,40000,102,81,81,0.2089468672724006
prostate,full,40000,102,48,48,0.2276604885462744
prostate,full,40000,102,44,44,0.22845880430837087
prostate,full,40000,102,39,39,0.30274064724713373
prostate,full,40000,102,98,98,0.11083170832177672
prostate,full,40000,102,98,98,0.13829943185025947
prostate,full,40000,102,95,95,0.07570861308275562
prostate,full,40000,102,83,83,0.14423843408645834
prostate,full,40000,102,82,82,0.06646728728991876
prostate,full,40000,102,101,101,0.010319626843338816
prostate,full,40000,102,101,101,0.010316869003244819
prostate,full,40000,102,101,101,0.0994269930063697
prostate,full,40000,102,101,101,0.062478896400073654
prostate,full,40000,102,101,101,0.025476725255221516
prostate,full,40000,102,99,99,0.06983804485904735
prostate,full,40000,102,99,99,0.01886727082303952
prostate,full,40000,102,101,101,0.12620985974107785
prostate,full,40000,102,100,100,0.010484674507749918
prostate,full,40000,102,99,99,0.015180978471560599
prostate,full,40000,102,98,98,0.03483965845239241
prostate,full,40000,102,96,96,0.07048750305889402
prostate,full,40000,102,96,96,0.07289479043573055
prostate,full,40000,102,94,94,0.019948529427297333
prostate,full,40000,102,93,93,0.03847630190234708
prostate,full,40000,102,101,101,0.22491560331329943
prostate,full,40000,102,100,100,0.010714582739051935
prostate,full,40000,102,83,83,0.23509112211109884
prostate,full,40000,102,97,97,0.08805636792391919
prostate,full,40000,102,96,96,0.09132709764117612
prostate,full,40000,102,96,96,0.12695178756728143
prostate,full,40000,102,94,94,0.11002639964931994
prostate,full,40000,102,94,94,0.058769558133940594
prostate,full,40000,102,91,91,0.11713536100727705
prostate,full,40000,102,101,101,0.061123956183519824
prostate,full,40000,102,100,100,0.11433885656200753
prostate,full,40000,102,99,99,0.05524953364870249
prostate,full,40000,102,99,99,0.10155549751808401
prostate,full,40000,102,99,99,0.08476401529932194
prostate,full,40000,102,101,101,0.23396534548669742
prostate,full,40000,102,101,101,0.2521301195324659
prostate,full,40000,102,96,96,0.18491510516539708
prostate,full,40000,102,100,100,0.08234726597067606
prostate,full,40000,102,94,94,0.10466781230984605
prostate,full,40000,102,38,38,0.13310105668411656
prostate,full,40000,102,97,97,0.2397717471927528
prostate,full,40000,102,89,89,0.21051474759382663
prostate,full,40000,102,68,68,0.2714131716523743
prostate,full,40000,102,36,36,0.2834261830612838
prostate,full,40000,102,96,96,0.14166803634563305
prostate,full,40000,102,39,39,0.19139303552948092
prostate,full,40000,102,101,101,0.012683282021243216
prostate,full,40000,102,101,101,0.013008169477677724
prostate,full,40000,102,101,101,0.20044198438513314
prostate,full,40000,102,101,101,0.08524634770764147
prostate,full,40000,102,99,99,0.01789354697422754
prostate,full,40000,102,95,95,0.01279261156088416
prostate,full,40000,102,99,99,0.22966522963820657
prostate,full,40000,102,97,97,0.2988230394450702
prostate,full,40000,102,94,94,0.25030629434989043
prostate,full,40000,102,92,92,0.18547381471546232
prostate,full,40000,102,101,101,0.19880828633810088
prostate,full,40000,102,101,101,0.30481486506708
prostate,full,40000,102,92,92,0.13960627700362485
prostate,full,40000,102,89,89,0.20819960354369532
prostate,full,40000,102,67,67,0.2603186913003464
prostate,full,40000,102,101,101,0.24202473875415695
prostate,full,40000,102,101,101,0.2120027027753836
prostate,full,40000,102,90,90,0.08879240408866597
prostate,full,40000,102,83,83,0.2062212171482414
prostate,full,40000,102,98,98,0.1446086837531818
prostate,full,40000,102,97,97,0.14173754693983062
prostate,full,40000,102,96,96,0.15202341654220633
prostate,full,40000,102,96,96,0.02613138253665463
prostate,full,40000,102,101,101,0.3029747524775279
prostate,full,40000,102,101,101,0.21311736169173337
prostate,full,40000,102,99,99,0.16219602982926945
prostate,full,40000,102,101,101,0.12913343133689875
prostate,full,40000,102,99,99,0.007559418928638352
prostate,full,40000,102,89,89,0.08381902982291792
prostate,full,40000,102,82,82,0.17084221595883722
prostate,full,40000,102,80,80,0.18013939048147964
prostate,full,40000,102,100,100,0.20238894629014567
prostate,full,40000,102,100,100,0.10041305253954795
prostate,full,40000,102,97,97,0.2228173319863464
prostate,full,40000,102,95,95,0.06389930904511926
prostate,full,40000,102,101,101,0.28098345456834817
prostate,full,40000,102,101,101,0.28087880982166297
prostate,full,40000,102,99,99,0.20708565851788005
prostate,full,40000,102,91,91,0.14870129113293318
prostate,full,40000,102,91,91,0.07035661265211729
prostate,full,40000,102,90,90,0.15959248666323897
prostate,full,40000,102,85,85,0.18614238422579232
prostate,full,40000,102,85,85,0.15916080595338405
prostate,full,40000,102,80,80,0.14590447250629418
prostate,full,40000,102,78,78,0.17208620765099977
prostate,full,40000,102,73,73,0.175308886864071
prostate,full,40000,102,67,67,0.1614028022424289
prostate,full,40000,102,67,67,0.16029851205781953
prostate,full,40000,102,63,63,0.1513338122760303
prostate,full,40000,102,99,99,0.28327398904015805
prostate,full,40000,102,99,99,0.2787686513259575
prostate,full,40000,102,95,95,0.2905635557949577
prostate,full,40000,102,93,93,0.23953722211286593
prostate,full,40000,102,88,88,0.24901584558265466
prostate,full,40000,102,87,87,0.22909579966672286
prostate,full,40000,102,82,82,0.24514248807419903
prostate,full,40000,102,101,101,0.09961822317971587
prostate,full,40000,102,101,101,0.23052169515165294
prostate,full,40000,102,99,99,0.14255421769698212
prostate,full,40000,102,100,100,0.2656031168226081
prostate,full,40000,102,99,99,0.1251656965293164
prostate,full,40000,102,101,101,0.047231520431163965
prostate,full,40000,102,101,101,0.010579077522748002
prostate,full,40000,102,93,93,0.14859353700235314
prostate,full,40000,102,49,49,0.16796330489044933
prostate,full,40000,102,42,42,0.1511482507787137
prostate,full,40000,102,101,101,0.08284583447360168
prostate,full,40000,102,101,101,0.3007119952199047
prostate,full,40000,102,101,101,0.00688325486947665
prostate,full,40000,102,101,101,0.20402583627906565
prostate,full,40000,102,101,101,0.08233152025591975
prostate,full,40000,102,101,101,0.16184289829592668
prostate,full,40000,102,100,100,0.05512529671266767
prostate,full,40000,102,100,100,0.14877337168168037
prostate,full,40000,102,99,99,0.020859383377543086
prostate,full,40000,102,88,88,0.11022264953519358
prostate,full,40000,102,100,100,0.2977671271900341
prostate,full,40000,102,100,100,0.26846461084271167
prostate,full,40000,102,96,96,0.240982111811789
prostate,full,40000,102,101,101,0.22607422782270878
prostate,full,40000,102,99,99,0.16093816855423193
prostate,full,40000,102,98,98,0.1093786785627664
prostate,full,40000,102,89,89,0.1366123809849115
prostate,full,40000,102,80,80,0.047514099346112275
prostate,full,40000,102,73,73,0.19513491617864787
prostate,full,40000,102,99,99,0.014947124586541414
prostate,full,40000,102,92,92,0.01911871569625172
prostate,full,40000,102,92,92,0.15425895647869864
prostate,full,40000,102,90,90,0.02921448495511518
prostate,full,40000,102,83,83,0.1400077090511606
prostate,full,40000,102,101,101,0.26952494922257014
prostate,full,40000,102,96,96,0.23708116017033776
prostate,full,40000,102,83,83,0.18244370747358427
prostate,full,40000,102,101,101,0.0726758434279675
prostate,full,40000,102,101,101,0.1227087102712606
prostate,full,40000,102,99,99,0.0783783500935513
prostate,full,40000,102,98,98,0.10822278351730626
prostate,full,40000,102,89,89,0.12700556893475967
prostate,full,40000,102,101,101,0.2393861430071346
prostate,full,40000,102,101,101,0.12597136200520523
prostate,full,40000,102,101,101,0.13115408799078562
prostate,full,40000,102,92,92,0.14798724684984857
prostate,full,40000,102,101,101,0.27166984551998713
prostate,full,40000,102,100,100,0.24847225605173254
prostate,full,40000,102,96,96,0.10207605049254999
prostate,full,40000,102,97,97,0.25678237771993623
prostate,full,40000,102,49,49,0.2529044759915115
prostate,full,40000,102,101,101,0.2622016673286399
prostate,full,40000,102,101,101,0.2537186004318627
prostate,full,40000,102,86,86,0.24356191312578954
prostate,full,40000,102,101,101,0.25824949061290625
prostate,full,40000,102,83,83,0.24836852108912935
prostate,full,40000,102,99,99,0.31527553753510107
prostate,full,40000,102,99,99,0.09802973265480638
prostate,full,40000,102,96,96,0.3544776617680763
prostate,full,40000,102,91,91,0.32033291441682044
prostate,full,40000,102,101,101,0.021828344911598668
prostate,full,40000,102,100,100,0.12198132273523025
prostate,full,40000,102,100,100,0.12146164212069321
prostate,full,40000,102,99,99,0.10350333475980966
prostate,full,40000,102,99,99,0.11446582087222221
prostate,full,40000,102,96,96,0.10183181998533401
prostate,full,40000,102,101,101,0.005415414952536112
prostate,full,40000,102,83,83,0.14321599846769245
prostate,full,40000,102,101,101,0.055629638322308037
prostate,full,40000,102,101,101,0.017532213189345978
prostate,full,40000,102,101,101,0.06100166907889899
prostate,full,40000,102,101,101,0.0302381630657341
prostate,full,40000,102,99,99,0.009398255759857187
prostate,full,40000,102,95,95,0.021988747540117988
prostate,full,40000,102,101,101,0.02647510506033518
prostate,full,40000,102,101,101,0.25137226162971615
prostate,full,40000,102,101,101,0.1696140066355288
prostate,full,40000,102,100,100,0.020960253752606878
prostate,full,40000,102,99,99,0.1321013201119033
prostate,full,40000,102,99,99,0.04542558325075023
prostate,full,40000,102,99,99,0.05645933096419366
prostate,full,40000,102,101,101,0.12647994093889406
prostate,full,40000,102,101,101,0.0075473708309761285
prostate,full,40000,102,99,99,0.056477531303955796
prostate,full,40000,102,99,99,0.00969892452441961
prostate,full,40000,102,98,98,0.29669318940887657
prostate,full,40000,102,89,89,0.34995067730884377
prostate,full,40000,102,80,80,0.3226224323590633
prostate,full,40000,102,73,73,0.2790743465364329
prostate,full,40000,102,71,71,0.32402525776705937
prostate,full,40000,102,75,75,0.2734888339897167
prostate,full,40000,102,67,67,0.2550726451551136
prostate,full,40000,102,59,59,0.3073780626625485
prostate,full,40000,102,58,58,0.2723267868958538
prostate,full,40000,102,55,55,0.2797959357385914
prostate,full,40000,102,54,54,0.3042326623528949
prostate,full,40000,102,50,50,0.28112437596991985
prostate,full,40000,102,36,36,0.356877858909466
prostate,full,40000,102,101,101,0.2757710382619999
prostate,full,40000,102,95,95,0.06606951203102421
prostate,full,40000,102,95,95,0.29509963933348604
prostate,full,40000,102,92,92,0.22983897161414735
prostate,full,40000,102,83,83,0.24925940392299667
prostate,full,40000,102,101,101,0.12145937731603386
prostate,full,40000,102,101,101,0.05637623328428402
prostate,full,40000,102,101,101,0.2554532746975432
prostate,full,40000,102,99,99,0.1075336965597329
prostate,full,40000,102,98,98,0.0717238638147843
prostate,full,40000,102,101,101,0.023995241070036526
prostate,full,40000,102,100,100,0.041039724128817366
prostate,full,40000,102,49,49,0.3036251951797993
prostate,full,40000,102,101,101,0.12721971483184621
prostate,full,40000,102,99,99,0.09093336221733604
prostate,full,40000,102,99,99,0.05193770732072685
prostate,full,40000,102,101,101,0.2826083138578112
prostate,full,40000,102,101,101,0.28496134405704776
prostate,full,40000,102,96,96,0.22628328681320722
prostate,full,40000,102,101,101,0.300653267582097
prostate,full,40000,102,101,101,0.2003237579140076
prostate,full,40000,102,89,89,0.05412498936425757
prostate,full,40000,102,101,101,0.2357505896597073
prostate,full,40000,102,100,100,0.020452196743783197
prostate,full,40000,102,101,101,0.2776050026937249
prostate,full,40000,102,101,101,0.2531530773402626
prostate,full,40000,102,96,96,0.07257540560284215
prostate,full,40000,102,93,93,0.06909929187519791
prostate,full,40000,102,99,99,0.1103922739370375
prostate,full,40000,102,97,97,0.09813732777635305
prostate,full,40000,102,49,49,0.07058287417703124
prostate,full,40000,102,101,101,0.2013402026901585
prostate,full,40000,102,101,101,0.2628207340837503
prostate,full,40000,102,101,101,0.030210935470311517
prostate,full,40000,102,97,97,0.16502747440619278
prostate,full,40000,102,89,89,0.21055275251233058
prostate,full,40000,102,99,99,0.11182491380996686
prostate,full,40000,102,39,39,0.19408565804908998
prostate,full,40000,102,101,101,0.21396182084512314
prostate,full,40000,102,99,99,0.13601113597292888
prostate,full,40000,102,101,101,0.14638736391363052
prostate,full,40000,102,101,101,0.21171835538854022
prostate,full,40000,102,101,101,0.0430576394551827
prostate,full,40000,102,101,101,0.010041143029347912
prostate,full,40000,102,99,99,0.0555481266906615
prostate,full,40000,102,99,99,0.12069197481354463
prostate,full,40000,102,96,96,0.031102702602739996
prostate,full,40000,102,101,101,0.06564618852084461
prostate,full,40000,102,101,101,0.2033359945842071
prostate,full,40000,102,89,89,0.13983719091587293
prostate,full,40000,102,101,101,0.23006154346775698
prostate,full,40000,102,101,101,0.06432121076237785
prostate,full,40000,102,101,101,0.015844509333136858
prostate,full,40000,102,101,101,0.031240669102740124
prostate,full,40000,102,83,83,0.24062700446047042
prostate,full,40000,102,84,84,0.30320092912873664
prostate,full,40000,102,84,84,0.31534234570070896
prostate,full,40000,102,68,68,0.3135017497368162
prostate,full,40000,102,39,39,0.3428971547737173
prostate,full,40000,102,90,90,0.04424870764244299
prostate,full,40000,102,83,83,0.1334936115055564
prostate,full,40000,102,101,101,0.05587655866403776
prostate,full,40000,102,86,86,0.12023493751122781
prostate,full,40000,102,101,101,0.23249961988215231
prostate,full,40000,102,99,99,0.11314622336153543
prostate,full,40000,102,101,101,0.2512060698210819
prostate,full,40000,102,101,101,0.26973428497634905
prostate,full,40000,102,101,101,0.080309818673246
prostate,full,40000,102,99,99,0.19309048348232888
prostate,full,40000,103,100,100,0.14788185130229606
prostate,full,40000,103,39,39,0.3495927942860257
prostate,full,40000,103,98,98,0.293685904306524
prostate,full,40000,103,98,98,0.27331376285348735
prostate,full,40000,103,98,98,0.27635000431366624
prostate,full,40000,103,90,90,0.2444723030753671
prostate,full,40000,103,90,90,0.23827741794893142
prostate,full,40000,103,36,36,0.3810911071841309
prostate,full,40000,103,102,102,0.27802309013373616
prostate,full,40000,103,102,102,0.19446858770551717
prostate,full,40000,103,100,100,0.2122359847800373
prostate,full,40000,103,96,96,0.0823703077525732
prostate,full,40000,103,79,79,0.2188076008586528
prostate,full,40000,103,49,49,0.26356117822239145
prostate,full,40000,103,102,102,0.30755809461250383
prostate,full,40000,103,100,100,0.14945549934522828
prostate,full,40000,103,98,98,0.26996694753855077
prostate,full,40000,103,102,102,0.2710072760727559
prostate,full,40000,103,102,102,0.27789048294293406
prostate,full,40000,103,102,102,0.20413426689546613
prostate,full,40000,103,97,97,0.1949636036467234
prostate,full,40000,103,102,102,0.29765037641643405
prostate,full,40000,103,100,100,0.23833788255138827
prostate,full,40000,103,95,95,0.11869185302005703
prostate,full,40000,103,39,39,0.14581475638081043
prostate,full,40000,103,102,102,0.21631489106355975
prostate,full,40000,103,102,102,0.2667841677701884
prostate,full,40000,103,102,102,0.24785721161028604
prostate,full,40000,103,100,100,0.12811182905373542
prostate,full,40000,103,84,84,0.23077194105960042
prostate,full,40000,103,68,68,0.2887425258486775
prostate,full,40000,103,49,49,0.32878720054839355
prostate,full,40000,103,102,102,0.240831210220574
prostate,full,40000,103,101,101,0.2842149020492729
prostate,full,40000,103,83,83,0.1695700658222877
prostate,full,40000,103,102,102,0.11566813312355338
prostate,full,40000,103,102,102,0.2710720574131136
prostate,full,40000,103,96,96,0.24792038792908425
prostate,full,40000,103,87,87,0.28960652701186174
prostate,full,40000,103,85,85,0.14722170771644283
prostate,full,40000,103,54,54,0.2429265473202536
prostate,full,40000,103,39,39,0.20972754297798255
prostate,full,40000,103,102,102,0.017622669018313795
prostate,full,40000,103,98,98,0.11474500976918785
prostate,full,40000,103,93,93,0.08899770230356177
prostate,full,40000,103,77,77,0.15670859257132422
prostate,full,40000,103,74,74,0.1633783461407574
prostate,full,40000,103,102,102,0.1281961035819578
prostate,full,40000,103,102,102,0.06336279789623246
prostate,full,40000,103,100,100,0.03650659863520044
prostate,full,40000,103,99,99,0.012712166592412104
prostate,full,40000,103,93,93,0.03655021456335444
prostate,full,40000,103,102,102,0.22620231196096016
prostate,full,40000,103,91,91,0.03893856957339725
prostate,full,40000,103,84,84,0.23800971898679535
prostate,full,40000,103,102,102,0.019727002556768024
prostate,full,40000,103,102,102,0.2415654940951295
prostate,full,40000,103,102,102,0.25672502567549654
prostate,full,40000,103,99,99,0.20345940974104276
prostate,full,40000,103,102,102,0.19015662921584198
prostate,full,40000,103,102,102,0.12021230690792589
prostate,full,40000,103,102,102,0.2543080537377756
prostate,full,40000,103,100,100,0.07068848375614259
prostate,full,40000,103,100,100,0.21093073731682913
prostate,full,40000,103,102,102,0.18521837431054322
prostate,full,40000,103,79,79,0.18925537507565202
prostate,full,40000,103,102,102,0.05639149706933252
prostate,full,40000,103,102,102,0.2541050399192761
prostate,full,40000,103,102,102,0.03427672401711388
prostate,full,40000,103,100,100,0.0528857482129446
prostate,full,40000,103,100,100,0.14260957648937533
prostate,full,40000,103,102,102,0.2255046472796077
prostate,full,40000,103,102,102,0.07233380021532172
prostate,full,40000,103,94,94,0.16243649364440382
prostate,full,40000,103,101,101,0.0900012354290347
prostate,full,40000,103,100,100,0.07691657985404182
prostate,full,40000,103,99,99,0.06891157592879721
prostate,full,40000,103,102,102,0.043904022137097716
prostate,full,40000,103,100,100,0.06183501228612205
prostate,full,40000,103,99,99,0.06401613014234932
prostate,full,40000,103,78,78,0.03355635330250832
prostate,full,40000,103,102,102,0.13657325516896224
prostate,full,40000,103,98,98,0.06146071867310882
prostate,full,40000,103,94,94,0.03104005850291416
prostate,full,40000,103,93,93,0.1475586276056407
prostate,full,40000,103,83,83,0.16326573196440045
prostate,full,40000,103,80,80,0.17215929510292138
prostate,full,40000,103,102,102,0.16000218260062907
prostate,full,40000,103,102,102,0.3339357618469842
prostate,full,40000,103,101,101,0.0495188936799908
prostate,full,40000,103,100,100,0.17699446833987525
prostate,full,40000,103,84,84,0.24082939020962402
prostate,full,40000,103,80,80,0.26173513204149484
prostate,full,40000,103,70,70,0.2611807858922908
prostate,full,40000,103,68,68,0.29669756296480077
prostate,full,40000,103,54,54,0.2974660604686606
prostate,full,40000,103,36,36,0.3352144768163612
prostate,full,40000,103,66,66,0.2705152684448099
prostate,full,40000,103,55,55,0.3539574022052577
prostate,full,40000,103,54,54,0.34661187368094276
prostate,full,40000,103,50,50,0.26030323505182407
prostate,full,40000,103,49,49,0.308936850313686
prostate,full,40000,103,48,48,0.25688429667638984
prostate,full,40000,103,44,44,0.2455494541165063
prostate,full,40000,103,69,69,0.1272659376647513
prostate,full,40000,103,49,49,0.13440151638362952
prostate,full,40000,103,102,102,0.22679118998256792
prostate,full,40000,103,99,99,0.11662743279530725
prostate,full,40000,103,87,87,0.20061068514910924
prostate,full,40000,103,102,102,0.12464963926800134
prostate,full,40000,103,101,101,0.03854907578040519
prostate,full,40000,103,98,98,0.05715813072482617
prostate,full,40000,103,96,96,0.07058879455276451
prostate,full,40000,103,96,96,0.31694550087759804
prostate,full,40000,103,94,94,0.31921394448505475
prostate,full,40000,103,90,90,0.2841742496115612
prostate,full,40000,103,90,90,0.33031829251051364
prostate,full,40000,103,87,87,0.2813624601277939
prostate,full,40000,103,102,102,0.01569531660197089
prostate,full,40000,103,84,84,0.12484625861039084
prostate,full,40000,103,101,101,0.2849666482363067
prostate,full,40000,103,99,99,0.2682401835197628
prostate,full,40000,103,87,87,0.2574143047306309
prostate,full,40000,103,102,102,0.16066820902912718
prostate,full,40000,103,102,102,0.19297869975297552
prostate,full,40000,103,102,102,0.2550422718402623
prostate,full,40000,103,94,94,0.1576852042416444
prostate,full,40000,103,84,84,0.22505190663732544
prostate,full,40000,103,100,100,0.18004322527410643
prostate,full,40000,103,99,99,0.18382159097539777
prostate,full,40000,103,102,102,0.14623934196323427
prostate,full,40000,103,102,102,0.26800800384654316
prostate,full,40000,103,100,100,0.018935839764840798
prostate,full,40000,103,66,66,0.14275999251264476
prostate,full,40000,103,49,49,0.1205036630509412
prostate,full,40000,103,44,44,0.1538055586362
prostate,full,40000,103,42,42,0.1506356859533279
prostate,full,40000,103,102,102,0.09385014988016745
prostate,full,40000,103,101,101,0.2520510954739454
prostate,full,40000,103,101,101,0.09221297199396083
prostate,full,40000,103,102,102,0.15266916736906144
prostate,full,40000,103,102,102,0.2706474352010713
prostate,full,40000,103,100,100,0.15847622791666902
prostate,full,40000,103,94,94,0.10454146920313657
prostate,full,40000,103,102,102,0.22550087762596616
prostate,full,40000,103,102,102,0.08213143460273767
prostate,full,40000,103,100,100,0.09578920939796376
prostate,full,40000,103,100,100,0.028202363841474475
prostate,full,40000,103,99,99,0.02503565257458667
prostate,full,40000,103,102,102,0.25683305502456993
prostate,full,40000,103,100,100,0.044043907811379936
prostate,full,40000,103,95,95,0.023319203298246265
prostate,full,40000,103,84,84,0.23501794081987326
prostate,full,40000,103,102,102,0.2808579946667401
prostate,full,40000,103,102,102,0.23207450954181646
prostate,full,40000,103,101,101,0.09869775502083561
prostate,full,40000,103,98,98,0.2200747229698553
prostate,full,40000,103,96,96,0.18413652217308796
prostate,full,40000,103,95,95,0.23946691304500115
prostate,full,40000,103,94,94,0.23296224965834123
prostate,full,40000,103,91,91,0.2226316924905449
prostate,full,40000,103,84,84,0.2572131739084546
prostate,full,40000,103,102,102,0.09620152835971123
prostate,full,40000,103,102,102,0.157098746469501
prostate,full,40000,103,102,102,0.28565445018877056
prostate,full,40000,103,100,100,0.012067432866461145
prostate,full,40000,103,95,95,0.2825943401590693
prostate,full,40000,103,93,93,0.1761922498814947
prostate,full,40000,103,84,84,0.1601866311974868
prostate,full,40000,103,84,84,0.17656323754603914
prostate,full,40000,103,84,84,0.1610570720461459
prostate,full,40000,103,82,82,0.18364083861325775
prostate,full,40000,103,39,39,0.28152112146858943
prostate,full,40000,103,86,86,0.3025630819334545
prostate,full,40000,103,80,80,0.24531758086804487
prostate,full,40000,103,66,66,0.2917002247436953
prostate,full,40000,103,65,65,0.23500763256856824
prostate,full,40000,103,59,59,0.28955649701823777
prostate,full,40000,103,59,59,0.28380129989180847
prostate,full,40000,103,55,55,0.2777198739770295
prostate,full,40000,103,54,54,0.28278427367419706
prostate,full,40000,103,102,102,0.23646337045730856
prostate,full,40000,103,102,102,0.19052903808276714
prostate,full,40000,103,100,100,0.09012846504635144
prostate,full,40000,103,98,98,0.194496085266632
prostate,full,40000,103,84,84,0.23440644743961558
prostate,full,40000,103,102,102,0.3177704007717319
prostate,full,40000,103,102,102,0.2254154545071332
prostate,full,40000,103,100,100,0.17560146043192848
prostate,full,40000,103,97,97,0.21166107933116954
prostate,full,40000,103,92,92,0.17940853556016498
prostate,full,40000,103,102,102,0.28778578688271056
prostate,full,40000,103,89,89,0.24594694679000792
prostate,full,40000,103,78,78,0.29420705055178437
prostate,full,40000,103,102,102,0.18216371843295895
prostate,full,40000,103,101,101,0.0207741415210136
prostate,full,40000,103,101,101,0.03141593796390819
prostate,full,40000,103,100,100,0.2652684778516059
prostate,full,40000,103,91,91,0.2664018946444046
prostate,full,40000,103,91,91,0.24500682588571415
prostate,full,40000,103,83,83,0.21408603717348718
prostate,full,40000,103,77,77,0.23966255042492443
prostate,full,40000,103,68,68,0.2940764357763069
prostate,full,40000,103,59,59,0.2482031114880115
prostate,full,40000,103,49,49,0.2666253826968405
prostate,full,40000,103,85,85,0.24526312456710114
prostate,full,40000,103,82,82,0.2217943281018192
prostate,full,40000,103,82,82,0.2032259745999223
prostate,full,40000,103,82,82,0.25420679183949396
prostate,full,40000,103,80,80,0.26805442580264516
prostate,full,40000,103,76,76,0.23065729968066156
prostate,full,40000,103,39,39,0.3398110057327652
prostate,full,40000,103,102,102,0.23577742428197587
prostate,full,40000,103,102,102,0.006410740420609206
prostate,full,40000,103,102,102,0.010033694217587461
prostate,full,40000,103,101,101,0.038572414221036674
prostate,full,40000,103,102,102,0.16480947164241716
prostate,full,40000,103,99,99,0.22671150228921746
prostate,full,40000,103,99,99,0.13654727152935994
prostate,full,40000,103,90,90,0.21527535116531454
prostate,full,40000,103,102,102,0.30785756102945017
prostate,full,40000,103,100,100,0.0796506778573722
prostate,full,40000,103,98,98,0.22305208361959641
prostate,full,40000,103,102,102,0.2634292290969318
prostate,full,40000,103,102,102,0.02683048605006457
prostate,full,40000,103,99,99,0.27483151542815315
prostate,full,40000,103,97,97,0.15954520054363075
prostate,full,40000,103,97,97,0.21313405622016957
prostate,full,40000,103,72,72,0.1528956983744666
prostate,full,40000,103,49,49,0.16268531397067967
prostate,full,40000,103,101,101,0.2855653579803632
prostate,full,40000,103,101,101,0.30485170081413193
prostate,full,40000,103,101,101,0.29772963989742174
prostate,full,40000,103,101,101,0.11467636061931089
prostate,full,40000,103,99,99,0.3047987276264455
prostate,full,40000,103,82,82,0.25427411915306575
prostate,full,40000,103,82,82,0.2213906240279032
prostate,full,40000,103,73,73,0.2615179836359028
prostate,full,40000,103,73,73,0.260101842689401
prostate,full,40000,103,73,73,0.2510820520879013
prostate,full,40000,103,72,72,0.2552058086621509
prostate,full,40000,103,102,102,0.06387325216344418
prostate,full,40000,103,102,102,0.12716947929395683
prostate,full,40000,103,85,85,0.09528055923307345
prostate,full,40000,103,84,84,0.16794118602979008
prostate,full,40000,103,102,102,0.32727927981679783
prostate,full,40000,103,72,72,0.26097819882982315
prostate,full,40000,103,98,98,0.14236520084342408
prostate,full,40000,103,82,82,0.1663996322212815
prostate,full,40000,103,81,81,0.19070174975421766
prostate,full,40000,103,75,75,0.14239140555891022
prostate,full,40000,103,75,75,0.1857157514969232
prostate,full,40000,103,73,73,0.18822008145820954
prostate,full,40000,103,54,54,0.23654314679414995
prostate,full,40000,103,102,102,0.26663459372441994
prostate,full,40000,103,102,102,0.24441640755598334
prostate,full,40000,103,84,84,0.22026104843974958
prostate,full,40000,103,102,102,0.061263693872112446
prostate,full,40000,103,102,102,0.052803504683065515
prostate,full,40000,103,102,102,0.013444828988942715
prostate,full,40000,103,100,100,0.08127168107842053
prostate,full,40000,103,102,102,0.2723226408980598
prostate,full,40000,103,102,102,0.10375599089872788
prostate,full,40000,103,102,102,0.17560749483842603
prostate,full,40000,103,100,100,0.0
prostate,full,40000,103,102,102,0.214668577956485
prostate,full,40000,103,102,102,0.294576997200092
prostate,full,40000,103,89,89,0.04955982493723029
prostate,full,40000,103,102,102,0.0944399951298151
prostate,full,40000,103,102,102,0.10260249625949865
prostate,full,40000,103,93,93,0.17194656336333275
prostate,full,40000,103,88,88,0.16973514443589402
prostate,full,40000,103,84,84,0.22285428196515752
prostate,full,40000,103,102,102,0.19361263661709485
prostate,full,40000,103,100,100,0.13434234233144943
prostate,full,40000,103,94,94,0.10514383265683379
prostate,full,40000,103,101,101,0.12637984748422437
prostate,full,40000,103,101,101,0.06342234280249609
prostate,full,40000,103,100,100,0.08651094469606446
prostate,full,40000,103,94,94,0.03872231451195669
prostate,full,40000,103,97,97,0.3326427037547461
prostate,full,40000,103,95,95,0.3327594969012074
prostate,full,40000,103,86,86,0.2750157166665533
prostate,full,40000,103,84,84,0.21492747445464988
prostate,full,40000,103,84,84,0.22574845903465374
prostate,full,40000,103,83,83,0.24784415131016588
prostate,full,40000,103,80,80,0.3288738643217399
prostate,full,40000,103,39,39,0.387036415305685
prostate,full,40000,103,102,102,0.2649732995395537
prostate,full,40000,103,101,101,0.29550798814096446
prostate,full,40000,103,97,97,0.07410430600738184
prostate,full,40000,103,102,102,0.2940943718349148
prostate,full,40000,103,100,100,0.009409138595724625
prostate,full,40000,103,99,99,0.25156183955023764
prostate,full,40000,103,98,98,0.24131108934058684
prostate,full,40000,103,90,90,0.14217170948378474
prostate,full,40000,103,101,101,0.32067765489898786
prostate,full,40000,103,83,83,0.293147678028351
prostate,full,40000,103,49,49,0.19411573923389167
prostate,full,40000,103,102,102,0.21412461667187715
prostate,full,40000,103,102,102,0.2615661154147513
prostate,full,40000,103,102,102,0.2629183850176535
prostate,full,40000,103,94,94,0.20537758894736383
prostate,full,40000,103,101,101,0.14835945330632053
prostate,full,40000,103,97,97,0.13321078671393488
prostate,full,40000,103,102,102,0.07051803277210152
prostate,full,40000,103,102,102,0.015123957453678177
prostate,full,40000,103,102,102,0.031133768631033273
prostate,full,40000,103,102,102,0.11594394586203254
prostate,full,40000,103,102,102,0.02013789696583472
prostate,full,40000,103,102,102,0.0705972097484076
prostate,full,40000,103,102,102,0.010240466151231174
prostate,full,40000,103,100,100,0.037950426422971535
prostate,full,40000,103,100,100,0.08003498778680812
prostate,full,40000,103,99,99,0.018033884408147044
prostate,full,40000,103,90,90,0.01857860482268536
prostate,full,40000,103,102,102,0.21561227104044317
prostate,full,40000,103,102,102,0.2875322640260728
prostate,full,40000,103,97,97,0.17715613952691853
prostate,full,40000,103,102,102,0.29867673666654276
prostate,full,40000,103,102,102,0.20811139804663722
prostate,full,40000,103,102,102,0.26995785626784713
prostate,full,40000,103,100,100,0.18566952934222652
prostate,full,40000,103,102,102,0.2931862735050731
prostate,full,40000,103,100,100,0.03075376443134016
prostate,full,40000,103,102,102,0.22076937250081002
prostate,full,40000,103,100,100,0.20386478571253508
prostate,full,40000,103,99,99,0.12589288259591921
prostate,full,40000,103,97,97,0.04546676183978582
prostate,full,40000,103,98,98,0.3045171997843057
prostate,full,40000,103,98,98,0.281201148280616
prostate,full,40000,103,95,95,0.278207304323147
prostate,full,40000,103,87,87,0.2058352911566243
prostate,full,40000,103,102,102,0.020636787052470625
prostate,full,40000,103,102,102,0.07050155137592543
prostate,full,40000,103,102,102,0.07977798216178449
prostate,full,40000,103,102,102,0.1300706476196475
prostate,full,40000,103,100,100,0.017443904060848905
prostate,full,40000,103,100,100,0.10855795881441041
prostate,full,40000,103,101,101,0.07225519743270747
prostate,full,40000,103,38,38,0.20391155803422112
prostate,full,40000,103,102,102,0.19782894292774153
prostate,full,40000,103,102,102,0.23820206466991137
prostate,full,40000,103,102,102,0.007358706245326545
prostate,full,40000,103,100,100,0.1345735098096557
prostate,full,40000,103,99,99,0.10761367979515896
prostate,full,40000,103,97,97,0.1692015849746599
prostate,full,40000,103,97,97,0.18469271875920848
prostate,full,40000,103,97,97,0.2005863188061327
prostate,full,40000,103,95,95,0.18857739400414092
prostate,full,40000,103,95,95,0.1482348841795413
prostate,full,40000,103,93,93,0.18128122168894695
prostate,full,40000,103,102,102,0.2755610809903108
prostate,full,40000,103,102,102,0.022018498658749372
prostate,full,40000,103,102,102,0.27939825261087714
prostate,full,40000,103,102,102,0.016363886957215232
prostate,full,40000,103,102,102,0.27479609288260115
prostate,full,40000,103,102,102,0.24191394689278034
prostate,full,40000,103,100,100,0.1554206323124922
prostate,full,40000,103,100,100,0.2725466870313221
prostate,full,40000,103,100,100,0.29155326255357517
prostate,full,40000,103,94,94,0.270476329233247
prostate,full,40000,103,84,84,0.21901271413355677
prostate,full,40000,103,99,99,0.2953337548453176
prostate,full,40000,103,98,98,0.24305114992287924
prostate,full,40000,103,97,97,0.282340528368073
prostate,full,40000,103,95,95,0.32920888108324614
prostate,full,40000,103,91,91,0.30193936699895635
prostate,full,40000,103,89,89,0.25756500365144197
prostate,full,40000,103,88,88,0.21087193061568968
prostate,full,40000,103,60,60,0.2591210883118204
prostate,full,40000,103,59,59,0.35503288286397167
prostate,full,40000,103,55,55,0.3641640418025446
prostate,full,40000,103,94,94,0.031209183215811533
prostate,full,40000,103,101,101,0.16912029710695237
prostate,full,40000,103,100,100,0.007567304666075536
prostate,full,40000,103,96,96,0.1791158566479413
prostate,full,40000,103,94,94,0.18983504157697353
prostate,full,40000,103,91,91,0.1853244943813476
prostate,full,40000,103,84,84,0.15874208717182983
prostate,full,40000,103,102,102,0.12405797968531175
prostate,full,40000,103,94,94,0.03769669609784003
prostate,full,40000,103,83,83,0.1717991885965316
prostate,full,40000,103,79,79,0.1622656579667725
prostate,full,40000,103,102,102,0.2344132030559685
prostate,full,40000,103,102,102,0.31394102407641483
prostate,full,40000,103,102,102,0.013529220612577992
prostate,full,40000,103,100,100,0.05022327843982418
prostate,full,40000,103,100,100,0.09442380472108428
prostate,full,40000,103,99,99,0.17302095663889683
prostate,full,40000,103,99,99,0.27369703905469206
prostate,full,40000,103,99,99,0.2954364832941978
prostate,full,40000,103,95,95,0.28172834005600483
prostate,full,40000,103,90,90,0.2499309159842811
prostate,full,40000,103,36,36,0.4223103510767484
prostate,full,40000,103,102,102,0.12729814871968237
prostate,full,40000,103,96,96,0.08412404455542599
prostate,full,40000,103,85,85,0.09528478338407374
prostate,full,40000,103,80,80,0.07948231522434399
prostate,full,40000,103,80,80,0.17410871051312798
prostate,full,40000,103,79,79,0.2340163917032389
prostate,full,40000,103,76,76,0.23413194098004633
prostate,full,40000,103,68,68,0.30587397365745933
prostate,full,40000,103,66,66,0.2617092372648661
prostate,full,40000,103,59,59,0.2768619285944605
prostate,full,40000,103,49,49,0.2787753079230549
prostate,full,40000,103,102,102,0.004208021764902952
prostate,full,40000,103,101,101,0.23955285771477522
prostate,full,40000,103,101,101,0.2324190776946765
prostate,full,40000,103,101,101,0.09871116615083153
prostate,full,40000,103,99,99,0.23039148719809494
prostate,full,40000,103,99,99,0.29197417761406597
prostate,full,40000,103,93,93,0.29847819159664474
prostate,full,40000,103,102,102,0.2507413399058823
prostate,full,40000,103,102,102,0.2953119463396044
prostate,full,40000,103,100,100,0.10317053602659294
prostate,full,40000,103,100,100,0.06497912274315792
prostate,full,40000,103,99,99,0.1813482965353739
prostate,full,40000,103,102,102,0.22600039129152846
prostate,full,40000,103,101,101,0.31040098365328894
prostate,full,40000,103,83,83,0.2556849380349908
prostate,full,40000,103,101,101,0.25615696304181035
prostate,full,40000,103,96,96,0.22106086484270052
prostate,full,40000,103,96,96,0.2380617797753788
prostate,full,40000,103,90,90,0.0757817473834887
prostate,full,40000,103,82,82,0.19501978837918418
prostate,full,40000,103,102,102,0.2068638782707537
prostate,full,40000,103,97,97,0.21212208507854835
prostate,full,40000,103,97,97,0.14953622478901124
prostate,full,40000,103,90,90,0.1956793802696431
prostate,full,40000,103,102,102,0.014363068552340397
prostate,full,40000,103,100,100,0.23680307949087923
prostate,full,40000,103,99,99,0.2486937965907761
prostate,full,40000,103,99,99,0.22256368180957325
prostate,full,40000,103,91,91,0.22397892129579972
prostate,full,40000,103,87,87,0.2395484582086442
prostate,full,40000,103,102,102,0.17729507029050826
prostate,full,40000,103,95,95,0.033876367200556326
prostate,full,40000,103,72,72,0.19860028812620645
prostate,full,40000,103,99,99,0.11978997271855961
prostate,full,40000,103,98,98,0.09808186273476406
prostate,full,40000,103,97,97,0.12510986270410054
prostate,full,40000,103,95,95,0.07120901242681181
prostate,full,40000,103,101,101,0.2747879628684053
prostate,full,40000,103,86,86,0.3033599803484794
prostate,full,40000,103,83,83,0.27157901439672866
prostate,full,40000,103,80,80,0.28908487097139673
prostate,full,40000,103,99,99,0.2297104181109838
prostate,full,40000,103,97,97,0.21601821595401904
prostate,full,40000,103,94,94,0.3508958076134034
prostate,full,40000,103,102,102,0.023771993183134523
prostate,full,40000,103,101,101,0.11968460871820591
prostate,full,40000,103,99,99,0.07061434334012569
prostate,full,40000,103,102,102,0.32867290635179147
prostate,full,40000,103,102,102,0.023882025382473946
prostate,full,40000,103,100,100,0.16309272686709167
prostate,full,40000,103,100,100,0.051999246560734236
prostate,full,40000,103,96,96,0.045580546728141325
prostate,full,40000,103,102,102,0.03481197246201116
prostate,full,40000,103,102,102,0.04873820048713885
prostate,full,40000,103,102,102,0.013823192136189478
prostate,full,40000,103,102,102,0.22708303919981612
prostate,full,40000,103,102,102,0.04843377964986716
prostate,full,40000,103,102,102,0.02604704734308719
prostate,full,40000,103,101,101,0.014440286927643835
prostate,full,40000,103,100,100,0.09048683870855212
prostate,full,40000,103,100,100,0.014765778987244928
prostate,full,40000,103,100,100,0.032128494101122056
prostate,full,40000,103,100,100,0.03518602759582351
prostate,full,40000,103,97,97,0.022677397855389445
prostate,full,40000,103,97,97,0.01910827184626817
prostate,full,40000,103,102,102,0.15071129738990013
prostate,full,40000,103,102,102,0.2518709273220114
prostate,full,40000,103,102,102,0.16940133237450508
prostate,full,40000,103,100,100,0.09142752594846838
prostate,full,40000,103,102,102,0.25259473247416364
prostate,full,40000,103,97,97,0.2891619064825307
prostate,full,40000,103,95,95,0.10670641972519136
prostate,full,40000,103,102,102,0.009070311887769853
prostate,full,40000,103,99,99,0.0652124561388452
prostate,full,40000,103,97,97,0.10444080388121232
prostate,full,40000,103,102,102,0.11247575436281945
prostate,full,40000,103,102,102,0.20942254912665995
prostate,full,40000,103,100,100,0.13998354722058903
prostate,full,40000,103,102,102,0.2014900992850623
prostate,full,40000,103,84,84,0.2496346958203692
prostate,full,40000,103,102,102,0.005578270067048748
prostate,full,40000,103,102,102,0.011864358180266217
prostate,full,40000,103,102,102,0.01815557851653772
prostate,full,40000,103,102,102,0.12882753346208772
prostate,full,40000,103,102,102,0.006834451994663101
prostate,full,40000,103,102,102,0.008441862180565899
prostate,full,40000,103,102,102,0.006730671428150299
prostate,full,40000,103,102,102,0.018136228784013154
prostate,full,40000,103,101,101,0.0064779556698356285
prostate,full,40000,103,100,100,0.01210479964222406
prostate,full,40000,103,100,100,0.0584810168110384
prostate,full,40000,103,100,100,0.039074278085991926
prostate,full,40000,103,100,100,0.034465266625329526
prostate,full,40000,103,98,98,0.019118388476463192
prostate,full,40000,103,96,96,0.014454033646454164
prostate,full,40000,103,102,102,0.18739218380624323
prostate,full,40000,103,97,97,0.14029244090760698
prostate,full,40000,103,101,101,0.2332099442672269
prostate,full,40000,103,99,99,0.21210446537481714
prostate,full,40000,103,96,96,0.2514021216952023
prostate,full,40000,103,94,94,0.1654962878944801
prostate,full,40000,103,94,94,0.267444017099381
prostate,full,40000,103,80,80,0.19391249521750664
prostate,full,40000,103,73,73,0.2527912437178659
prostate,full,40000,103,101,101,0.11712469353251875
prostate,full,40000,103,102,102,0.2695011798800506
prostate,full,40000,103,102,102,0.21906423737341832
prostate,full,40000,103,100,100,0.11135617058688871
prostate,full,40000,103,100,100,0.08431099137020107
prostate,full,40000,103,98,98,0.19601957448159799
prostate,full,40000,103,95,95,0.03424525061165732
prostate,full,40000,103,102,102,0.005941986439838355
prostate,full,40000,103,102,102,0.26467024639699094
prostate,full,40000,103,102,102,0.12969713373290293
prostate,full,40000,103,101,101,0.12534875380215535
prostate,full,40000,103,98,98,0.10873184172230942
prostate,full,40000,103,98,98,0.1300567470284958
prostate,full,40000,103,93,93,0.159791168519437
prostate,full,40000,103,102,102,0.2373826852415709
prostate,full,40000,103,102,102,0.2315369677725601
prostate,full,40000,103,102,102,0.02266466552604451
prostate,full,40000,103,100,100,0.20585383626260337
prostate,full,40000,103,99,99,0.08098832514806001
prostate,full,40000,103,96,96,0.16917545506982734
prostate,full,40000,103,102,102,0.30242641184514674
prostate,full,40000,103,100,100,0.19588297314034897
prostate,full,40000,103,97,97,0.23247477052530924
prostate,full,40000,103,102,102,0.13520812306910532
prostate,full,40000,103,100,100,0.06121897399130482
prostate,full,40000,103,100,100,0.06090573690013711
prostate,full,40000,103,98,98,0.0641087917505936
prostate,full,40000,103,96,96,0.08452146866566845
prostate,full,40000,103,94,94,0.040667697140758685
prostate,full,40000,103,94,94,0.13967122012350244
prostate,full,40000,103,92,92,0.06692431151351043
prostate,full,40000,103,102,102,0.07908677035127586
prostate,full,40000,103,102,102,0.004871106107628709
prostate,full,40000,103,102,102,0.10984545646853612
prostate,full,40000,103,102,102,0.0711010420382769
prostate,full,40000,103,100,100,0.10466092739963344
prostate,full,40000,103,90,90,0.043584403780139946
prostate,full,40000,103,99,99,0.2943147917660433
prostate,full,40000,103,98,98,0.2732685451516484
prostate,full,40000,103,95,95,0.288298184894453
prostate,full,40000,103,95,95,0.05673322236747919
prostate,full,40000,103,94,94,0.2268391401710291
prostate,full,40000,103,85,85,0.24421589955993697
prostate,full,40000,103,38,38,0.32357572278787955
prostate,full,40000,103,101,101,0.32070083210165784
prostate,full,40000,103,101,101,0.14927314218130616
prostate,full,40000,103,101,101,0.3282470740527665
prostate,full,40000,103,101,101,0.3244092820549457
prostate,full,40000,103,99,99,0.324768179772639
prostate,full,40000,103,101,101,0.11818187679624202
prostate,full,40000,103,101,101,0.08520944398923097
prostate,full,40000,103,101,101,0.12333380914029335
prostate,full,40000,103,101,101,0.12739932175194826
prostate,full,40000,103,99,99,0.1348192448901884
prostate,full,40000,103,98,98,0.05660909010286273
prostate,full,40000,103,97,97,0.015122209569663607
prostate,full,40000,103,102,102,0.18935978231051354
prostate,full,40000,103,102,102,0.2935071424907617
prostate,full,40000,103,102,102,0.05537343536480751
prostate,full,40000,103,96,96,0.13368182753153857
prostate,full,40000,103,93,93,0.12987157552330492
prostate,full,40000,103,90,90,0.21667395423424973
prostate,full,40000,103,102,102,0.30099070989369575
prostate,full,40000,103,102,102,0.28814037312135937
prostate,full,40000,103,96,96,0.21982784444276304
prostate,full,40000,103,85,85,0.27861342045773685
prostate,full,40000,103,85,85,0.2854969457967649
prostate,full,40000,103,74,74,0.28937669457572895
prostate,full,40000,103,39,39,0.4067667580381276
prostate,full,40000,103,101,101,0.3530107614244699
prostate,full,40000,103,90,90,0.26615688479178956
prostate,full,40000,103,89,89,0.2998014954243583
prostate,full,40000,103,89,89,0.2730921720877909
prostate,full,40000,103,88,88,0.28746130023321703
prostate,full,40000,103,85,85,0.3233870628906039
prostate,full,40000,103,102,102,0.07786909184634185
prostate,full,40000,103,102,102,0.1299221298713193
prostate,full,40000,103,102,102,0.07498006170321725
prostate,full,40000,103,100,100,0.08850628053309009
prostate,full,40000,103,102,102,0.2795659287433193
prostate,full,40000,103,102,102,0.1787967278391551
prostate,full,40000,103,102,102,0.08546938557609565
prostate,full,40000,103,97,97,0.031501735167242945
prostate,full,40000,103,102,102,0.01079864394556583
prostate,full,40000,103,101,101,0.006001390190487332
prostate,full,40000,103,100,100,0.07186053103737539
prostate,full,40000,103,102,102,0.12546170220104164
prostate,full,40000,103,102,102,0.059506806428858715
prostate,full,40000,103,101,101,0.08414337434518145
prostate,full,40000,103,102,102,0.23083150440774966
prostate,full,40000,103,91,91,0.04243017029368234
prostate,full,40000,103,84,84,0.24870114805542734
prostate,full,40000,103,102,102,0.30188661821025464
prostate,full,40000,103,78,78,0.2697646631298276
prostate,full,40000,103,54,54,0.2561973400669863
prostate,full,40000,103,49,49,0.16317275735785744
prostate,full,40000,103,48,48,0.17592512908886693
prostate,full,40000,103,44,44,0.16270578890852855
prostate,full,40000,103,44,44,0.19754890790847074
prostate,full,40000,103,102,102,0.13687050661277006
prostate,full,40000,103,102,102,0.06025867922458789
prostate,full,40000,103,102,102,0.01387328605500446
prostate,full,40000,103,84,84,0.172558641477453
prostate,full,40000,103,101,101,0.052426001596188196
prostate,full,40000,103,100,100,0.12485615696734943
prostate,full,40000,103,102,102,0.2773729088516265
prostate,full,40000,103,102,102,0.07228215168462906
prostate,full,40000,103,102,102,0.11139073097347378
prostate,full,40000,103,102,102,0.1882688318420752
prostate,full,40000,103,100,100,0.0011966130666904676
prostate,full,40000,103,102,102,0.18590962035860534
prostate,full,40000,103,84,84,0.17726012110448813
prostate,full,40000,103,102,102,0.1880077675431638
prostate,full,40000,103,72,72,0.19779217281818287
prostate,full,40000,103,59,59,0.33265895012441143
prostate,full,40000,103,55,55,0.3263903030420855
prostate,full,40000,103,54,54,0.32417079861237064
prostate,full,40000,103,49,49,0.29751080200660684
prostate,full,40000,103,39,39,0.37659031900596607
prostate,full,40000,103,102,102,0.11511968563139743
prostate,full,40000,103,102,102,0.2605790733473621
prostate,full,40000,103,100,100,0.15927818042452785
prostate,full,40000,103,100,100,0.12111344246602769
prostate,full,40000,103,99,99,0.2155956261713881
prostate,full,40000,103,79,79,0.16245223708389533
prostate,full,40000,103,49,49,0.14672492189632047
prostate,full,40000,103,102,102,0.19313637147920254
prostate,full,40000,103,84,84,0.1839549711708359
prostate,full,40000,103,101,101,0.30041589284594417
prostate,full,40000,103,99,99,0.2988622880795466
prostate,full,40000,103,97,97,0.29908284697802456
prostate,full,40000,103,92,92,0.22957822638634906
prostate,full,40000,103,90,90,0.27652838152838827
prostate,full,40000,103,89,89,0.268829456393701
prostate,full,40000,103,102,102,0.264273630309398
prostate,full,40000,103,102,102,0.2483718531120191
prostate,full,40000,103,100,100,0.04144700450504096
prostate,full,40000,103,99,99,0.18672894175873767
prostate,full,40000,103,99,99,0.052939872151920205
prostate,full,40000,103,90,90,0.21983179111686624
prostate,full,40000,103,99,99,0.14822791475274372
prostate,full,40000,103,99,99,0.08923752962606364
prostate,full,40000,103,97,97,0.031045022411689743
prostate,full,40000,103,96,96,0.15501280903685624
prostate,full,40000,103,94,94,0.13551125582415996
prostate,full,40000,103,93,93,0.15444588146543875
prostate,full,40000,103,90,90,0.184441815489166
prostate,full,40000,103,87,87,0.16087448366180232
prostate,full,40000,103,102,102,0.20252644793397925
prostate,full,40000,103,101,101,0.04107122489315553
prostate,full,40000,103,98,98,0.31965714570973175
prostate,full,40000,103,97,97,0.15250117453957937
prostate,full,40000,103,102,102,0.2007908696273741
prostate,full,40000,103,100,100,0.14395598880826296
prostate,full,40000,103,102,102,0.006817045569519345
prostate,full,40000,103,102,102,0.2807825665600658
prostate,full,40000,103,102,102,0.2418157021754147
prostate,full,40000,103,97,97,0.18919586092884721
prostate,full,40000,103,101,101,0.32569231959424266
prostate,full,40000,103,101,101,0.12209571495166065
prostate,full,40000,103,102,102,0.255587476870417
prostate,full,40000,103,100,100,0.18490202406882422
prostate,full,40000,103,99,99,0.25826469816567343
prostate,full,40000,103,96,96,0.25516111417935816
prostate,full,40000,103,90,90,0.2152726510777218
prostate,full,40000,103,102,102,0.0071372386304603295
prostate,full,40000,103,102,102,0.12850329639707722
prostate,full,40000,103,99,99,0.0886396813240431
prostate,full,40000,103,99,99,0.0981056238026542
prostate,full,40000,103,96,96,0.1345692946471706
prostate,full,40000,103,95,95,0.08410416937237535
prostate,full,40000,103,94,94,0.15188458500758548
prostate,full,40000,103,94,94,0.10190320946992612
prostate,full,40000,103,90,90,0.0898813192659911
prostate,full,40000,103,87,87,0.12605993510971866
prostate,full,40000,103,101,101,0.1949159437306316
prostate,full,40000,103,100,100,0.3206456340336454
prostate,full,40000,103,97,97,0.30414888805579987
prostate,full,40000,103,97,97,0.25963845881626
prostate,full,40000,103,101,101,0.3235186731219575
prostate,full,40000,103,99,99,0.16694019670525403
prostate,full,40000,103,97,97,0.34943347612712194
prostate,full,40000,103,90,90,0.24340524911029848
prostate,full,40000,103,101,101,0.011660316070802824
prostate,full,40000,103,100,100,0.048710452120405326
prostate,full,40000,103,100,100,0.024601112523769397
prostate,full,40000,103,99,99,0.08031579407746768
prostate,full,40000,103,102,102,0.20724519099669902
prostate,full,40000,103,102,102,0.14410925263997867
prostate,full,40000,103,102,102,0.03250971858138372
prostate,full,40000,103,100,100,0.04740677963059832
prostate,full,40000,103,99,99,0.1415610203365594
prostate,full,40000,103,102,102,0.12616780686491247
prostate,full,40000,103,102,102,0.0593703738327783
prostate,full,40000,103,100,100,0.03839061488328501
prostate,full,40000,103,100,100,0.05196408272340076
prostate,full,40000,103,98,98,0.06432457073107399
prostate,full,40000,103,85,85,0.24885189939618935
prostate,full,40000,103,82,82,0.25755122008625925
prostate,full,40000,103,80,80,0.2713648135298744
prostate,full,40000,103,78,78,0.23401867624912648
prostate,full,40000,103,76,76,0.23767728556094136
prostate,full,40000,103,70,70,0.20818332775622952
prostate,full,40000,103,63,63,0.2032571829665787
prostate,full,40000,103,39,39,0.3445282422337763
prostate,full,40000,103,100,100,0.037781985257972474
prostate,full,40000,103,100,100,0.09752245801401681
prostate,full,40000,103,99,99,0.07601633016275514
prostate,full,40000,103,102,102,0.2625859105580247
prostate,full,40000,103,82,82,0.28287855266936335
prostate,full,40000,103,78,78,0.2254386263972418
prostate,full,40000,103,102,102,0.23763170065944247
prostate,full,40000,103,102,102,0.2409124698868586
prostate,full,40000,103,102,102,0.030031136590225545
prostate,full,40000,103,102,102,0.060361008217270785
prostate,full,40000,103,101,101,0.02230272606641954
prostate,full,40000,103,100,100,0.10943973737600271
prostate,full,40000,103,100,100,0.04321305556782173
prostate,full,40000,103,102,102,0.1351464699989088
prostate,full,40000,103,100,100,0.0354681848708774
prostate,full,40000,103,99,99,0.012806039736565198
prostate,full,40000,103,97,97,0.1288384551163685
prostate,full,40000,103,96,96,0.0728089816602415
prostate,full,40000,103,93,93,0.03827285371213985
prostate,full,40000,103,82,82,0.12174782641251783
prostate,full,40000,103,68,68,0.18751580351195643
prostate,full,40000,103,67,67,0.18246238478823734
prostate,full,40000,103,42,42,0.29779871822709864
prostate,full,40000,103,96,96,0.27593991943797774
prostate,full,40000,103,95,95,0.0336368196947127
prostate,full,40000,103,93,93,0.2577033472908726
prostate,full,40000,103,86,86,0.19814476187673444
prostate,full,40000,103,81,81,0.26691711021214454
prostate,full,40000,103,79,79,0.2683863226653202
prostate,full,40000,103,44,44,0.29500676429832223
prostate,full,40000,103,102,102,0.01026123297520278
prostate,full,40000,103,102,102,0.028613903271900946
prostate,full,40000,103,102,102,0.014481954209004954
prostate,full,40000,103,102,102,0.02557746949011017
prostate,full,40000,103,102,102,0.010545568986881535
prostate,full,40000,103,102,102,0.012475982825402765
prostate,full,40000,103,102,102,0.004638411805043513
prostate,full,40000,103,102,102,0.015203189556736918
prostate,full,40000,103,102,102,0.02383103401964126
prostate,full,40000,103,102,102,0.010994353741179465
prostate,full,40000,103,102,102,0.02996797002385134
prostate,full,40000,103,102,102,0.005561987283517187
prostate,full,40000,103,102,102,0.01694312291639157
prostate,full,40000,103,102,102,0.032955810155217174
prostate,full,40000,103,102,102,0.01418684233489635
prostate,full,40000,103,102,102,0.05003139582683112
prostate,full,40000,103,102,102,0.00317092291243523
prostate,full,40000,103,102,102,0.004448288526280734
prostate,full,40000,103,102,102,0.0020754540360764288
prostate,full,40000,103,102,102,0.0038919857965359016
prostate,full,40000,103,102,102,0.0062621319928631005
prostate,full,40000,103,102,102,0.025511869994939224
prostate,full,40000,103,102,102,0.0253762418112304
prostate,full,40000,103,101,101,0.00284237383811548
prostate,full,40000,103,101,101,0.010250945194748872
prostate,full,40000,103,101,101,0.01270989427797629
prostate,full,40000,103,100,100,0.02098586296817056
prostate,full,40000,103,100,100,0.02925059063897283
prostate,full,40000,103,100,100,0.009935245584092325
prostate,full,40000,103,96,96,0.03381818888312915
prostate,full,40000,103,102,102,0.1257919053458158
prostate,full,40000,103,102,102,0.2683937156694709
prostate,full,40000,103,100,100,0.17859148582415071
prostate,full,40000,103,102,102,0.013561213790894361
prostate,full,40000,103,102,102,0.2364227671173241
prostate,full,40000,103,99,99,0.20948739305989933
prostate,full,40000,103,102,102,0.3267142190843782
prostate,full,40000,103,102,102,0.10550533206350829
prostate,full,40000,103,84,84,0.234741677801416
prostate,full,40000,103,102,102,0.24315162682024244
prostate,full,40000,103,102,102,0.2599330039307564
prostate,full,40000,103,100,100,0.06451143860074589
prostate,full,40000,103,102,102,0.1805730664834983
prostate,full,40000,103,102,102,0.0199853518199451
prostate,full,40000,103,102,102,0.21596721970063124
prostate,full,40000,103,100,100,0.15875152169009196
prostate,full,40000,103,102,102,0.2521066894788775
prostate,full,40000,103,102,102,0.23735505838707796
prostate,full,40000,103,100,100,0.10580442932424912
prostate,full,40000,103,90,90,0.27616767756009436
prostate,full,40000,103,89,89,0.3201618021396659
prostate,full,40000,103,89,89,0.28059007005348224
prostate,full,40000,103,83,83,0.2592291629625499
prostate,full,40000,103,83,83,0.2763324723737177
prostate,full,40000,103,82,82,0.3265614209390034
prostate,full,40000,103,79,79,0.31091505608352893
prostate,full,40000,103,78,78,0.33685935779439796
prostate,full,40000,103,78,78,0.26152104104130564
prostate,full,40000,103,73,73,0.335679211158777
prostate,full,40000,103,63,63,0.2893672235545992
prostate,full,40000,103,39,39,0.3628775037158962
prostate,full,40000,103,98,98,0.09753177161788784
prostate,full,40000,103,83,83,0.13216486083845597
prostate,full,40000,103,68,68,0.1717964566722848
prostate,full,40000,103,102,102,0.153559766498753
prostate,full,40000,103,102,102,0.13854342929040192
prostate,full,40000,103,102,102,0.32289479174110275
prostate,full,40000,103,100,100,0.07756816580403127
prostate,full,40000,103,100,100,0.08464497112472301
prostate,full,40000,103,76,76,0.10828231751160548
prostate,full,40000,103,49,49,0.25994574224494205
prostate,full,40000,103,102,102,0.23352322406527948
prostate,full,40000,103,91,91,0.04169594113978081
prostate,full,40000,103,83,83,0.2465515280894846
prostate,full,40000,103,78,78,0.2401290454514411
prostate,full,40000,103,95,95,0.24351894126055063
prostate,full,40000,103,91,91,0.19639240101610606
prostate,full,40000,103,39,39,0.26492358091979834
prostate,full,40000,103,102,102,0.05971604047888464
prostate,full,40000,103,102,102,0.12783151576438048
prostate,full,40000,103,102,102,0.011835874099065086
prostate,full,40000,103,100,100,0.008343298770126765
prostate,full,40000,103,96,96,0.016689658077730037
prostate,full,40000,103,84,84,0.16508934537481076
prostate,full,40000,103,101,101,0.1869142274396667
prostate,full,40000,103,101,101,0.10678412976818709
prostate,full,40000,103,101,101,0.19604427034617167
prostate,full,40000,103,101,101,0.014759575893308001
prostate,full,40000,103,101,101,0.1881180362393994
prostate,full,40000,103,99,99,0.1923644256752714
prostate,full,40000,103,102,102,0.27393438926844477
prostate,full,40000,103,102,102,0.0786285602394417
prostate,full,40000,103,84,84,0.2370098191245839
prostate,full,40000,103,102,102,0.2197568711238878
prostate,full,40000,103,99,99,0.05997067361480507
prostate,full,40000,103,99,99,0.1102195896527847
prostate,full,40000,103,90,90,0.19866447312454144
prostate,full,40000,103,102,102,0.08327080489017516
prostate,full,40000,103,102,102,0.21480030264849834
prostate,full,40000,103,100,100,0.08073103684936055
prostate,full,40000,103,100,100,0.07605751067241626
prostate,full,40000,103,89,89,0.34569025077279414
prostate,full,40000,103,80,80,0.3180799633150779
prostate,full,40000,103,73,73,0.27313408975146036
prostate,full,40000,103,71,71,0.3187941311611668
prostate,full,40000,103,101,101,0.28346201555079087
prostate,full,40000,103,86,86,0.21681406848142987
prostate,full,40000,103,91,91,0.2980873415599847
prostate,full,40000,103,90,90,0.3087522110859984
prostate,full,40000,103,85,85,0.27591145645869325
prostate,full,40000,103,78,78,0.30664244728050244
prostate,full,40000,103,76,76,0.22472734660236618
prostate,full,40000,103,63,63,0.2674928386850478
prostate,full,40000,103,102,102,0.09485996793166855
prostate,full,40000,103,102,102,0.022221849311161997
prostate,full,40000,103,102,102,0.20839494795992677
prostate,full,40000,103,102,102,0.011870967294836925
prostate,full,40000,103,102,102,0.06635020835710623
prostate,full,40000,103,102,102,0.012668756453831859
prostate,full,40000,103,100,100,0.04611498968792744
prostate,full,40000,103,100,100,0.052254125529203235
prostate,full,40000,103,96,96,0.013556473305205164
prostate,full,40000,103,102,102,0.1282300422172573
prostate,full,40000,103,101,101,0.02095411303736644
prostate,full,40000,103,100,100,0.06104506124976863
prostate,full,40000,103,99,99,0.062473691631358685
prostate,full,40000,103,98,98,0.037072630280493735
prostate,full,40000,103,97,97,0.017335791562221013
prostate,full,40000,103,92,92,0.1436847850510127
prostate,full,40000,103,83,83,0.16907347131950884
prostate,full,40000,103,80,80,0.15876720502044547
prostate,full,40000,103,77,77,0.17010756648959235
prostate,full,40000,103,102,102,0.03775280214949743
prostate,full,40000,104,103,103,0.25290851909893214
prostate,full,40000,104,75,75,0.26924252072433025
prostate,full,40000,104,103,103,0.01593396104882386
prostate,full,40000,104,103,103,0.02173241499966386
prostate,full,40000,104,103,103,0.01878963147033201
prostate,full,40000,104,103,103,0.055821323527617255
prostate,full,40000,104,101,101,0.02233681963109498
prostate,full,40000,104,101,101,0.047331001598939965
prostate,full,40000,104,100,100,0.07143103617601962
prostate,full,40000,104,95,95,0.28301716418250034
prostate,full,40000,104,83,83,0.23425685498647647
prostate,full,40000,104,70,70,0.22996923907239192
prostate,full,40000,104,99,99,0.2417635878418117
prostate,full,40000,104,99,99,0.11156807109998561
prostate,full,40000,104,97,97,0.2464102801580501
prostate,full,40000,104,97,97,0.1827782853861049
prostate,full,40000,104,88,88,0.23815584693727726
prostate,full,40000,104,78,78,0.2645904779670776
prostate,full,40000,104,103,103,0.19343064113352673
prostate,full,40000,104,86,86,0.16485209470038956
prostate,full,40000,104,102,102,0.23329845323778153
prostate,full,40000,104,102,102,0.23266493331449822
prostate,full,40000,104,93,93,0.24714695095938644
prostate,full,40000,104,91,91,0.12330269763427198
prostate,full,40000,104,85,85,0.22405634169238067
prostate,full,40000,104,102,102,0.2723292462690945
prostate,full,40000,104,102,102,0.33709656930407095
prostate,full,40000,104,100,100,0.2736030122244943
prostate,full,40000,104,94,94,0.181398846103489
prostate,full,40000,104,84,84,0.2942536522684184
prostate,full,40000,104,84,84,0.24512565273934303
prostate,full,40000,104,83,83,0.31225835027469145
prostate,full,40000,104,101,101,0.32475140597784724
prostate,full,40000,104,93,93,0.1879492189545306
prostate,full,40000,104,38,38,0.366590587501464
prostate,full,40000,104,103,103,0.1852612733335855
prostate,full,40000,104,102,102,0.3217038315708792
prostate,full,40000,104,101,101,0.19933108831748395
prostate,full,40000,104,83,83,0.13505617871216263
prostate,full,40000,104,77,77,0.15024712303047952
prostate,full,40000,104,39,39,0.21874187697895578
prostate,full,40000,104,101,101,0.09011919876916787
prostate,full,40000,104,91,91,0.13803614490065266
prostate,full,40000,104,103,103,0.2926972407822572
prostate,full,40000,104,103,103,0.037720461395841814
prostate,full,40000,104,103,103,0.1489690517856358
prostate,full,40000,104,103,103,0.11902048226634387
prostate,full,40000,104,103,103,0.22306355656603455
prostate,full,40000,104,101,101,0.11242821420531264
prostate,full,40000,104,101,101,0.0330326566086678
prostate,full,40000,104,101,101,0.04209679782768231
prostate,full,40000,104,94,94,0.04650506873007499
prostate,full,40000,104,90,90,0.10009360717213733
prostate,full,40000,104,103,103,0.23021731725826436
prostate,full,40000,104,103,103,0.24503405087682967
prostate,full,40000,104,101,101,0.06717592580805978
prostate,full,40000,104,101,101,0.006507664216677419
prostate,full,40000,104,101,101,0.12490388849707997
prostate,full,40000,104,103,103,0.2802622787141297
prostate,full,40000,104,79,79,0.26924308101603756
prostate,full,40000,104,103,103,0.20141617493468134
prostate,full,40000,104,103,103,0.3094482318563849
prostate,full,40000,104,103,103,0.004768748058952653
prostate,full,40000,104,103,103,0.08285413566479526
prostate,full,40000,104,102,102,0.1346280622031935
prostate,full,40000,104,103,103,0.003524404258949361
prostate,full,40000,104,103,103,0.20738870392906616
prostate,full,40000,104,103,103,0.2232024265295544
prostate,full,40000,104,103,103,0.12582179073844557
prostate,full,40000,104,103,103,0.3171594358467072
prostate,full,40000,104,103,103,0.05288140072232384
prostate,full,40000,104,103,103,0.00970337333819221
prostate,full,40000,104,103,103,0.08286757754499907
prostate,full,40000,104,101,101,0.04398391153931003
prostate,full,40000,104,101,101,0.09646518846375424
prostate,full,40000,104,101,101,0.02313696303505349
prostate,full,40000,104,100,100,0.074931945797491
prostate,full,40000,104,103,103,0.19177395873433606
prostate,full,40000,104,103,103,0.28238757434315737
prostate,full,40000,104,101,101,0.11150842596848058
prostate,full,40000,104,100,100,0.21094702478830551
prostate,full,40000,104,103,103,0.2510298725658908
prostate,full,40000,104,103,103,0.2164389915105194
prostate,full,40000,104,85,85,0.25898902406808505
prostate,full,40000,104,98,98,0.14085674629533868
prostate,full,40000,104,91,91,0.13276646825804
prostate,full,40000,104,103,103,0.2184848070438116
prostate,full,40000,104,102,102,0.05967481160694812
prostate,full,40000,104,100,100,0.19888438853323773
prostate,full,40000,104,86,86,0.25801181069296125
prostate,full,40000,104,81,81,0.22841346289510472
prostate,full,40000,104,79,79,0.22305684588633448
prostate,full,40000,104,79,79,0.24943922957678796
prostate,full,40000,104,103,103,0.2806361721169334
prostate,full,40000,104,103,103,0.061367023585998264
prostate,full,40000,104,103,103,0.27204138703711234
prostate,full,40000,104,91,91,0.14770793497749551
prostate,full,40000,104,103,103,0.29844513695520136
prostate,full,40000,104,102,102,0.05367709952667784
prostate,full,40000,104,102,102,0.24232472681210393
prostate,full,40000,104,100,100,0.11962419832530605
prostate,full,40000,104,99,99,0.2590041438632351
prostate,full,40000,104,91,91,0.2386250519446566
prostate,full,40000,104,103,103,0.1598806955723822
prostate,full,40000,104,103,103,0.16204725861153177
prostate,full,40000,104,103,103,0.2442898548572515
prostate,full,40000,104,101,101,0.12163636909384626
prostate,full,40000,104,101,101,0.08643016942286245
prostate,full,40000,104,103,103,0.2791323215618468
prostate,full,40000,104,99,99,0.22162137514744018
prostate,full,40000,104,101,101,0.2733545428600629
prostate,full,40000,104,100,100,0.2570000796700642
prostate,full,40000,104,100,100,0.17951823959591362
prostate,full,40000,104,98,98,0.2756524542643634
prostate,full,40000,104,103,103,0.19730575944566212
prostate,full,40000,104,102,102,0.07134784492714194
prostate,full,40000,104,103,103,0.2739404401179355
prostate,full,40000,104,103,103,0.17679065993996387
prostate,full,40000,104,100,100,0.18392429740412214
prostate,full,40000,104,98,98,0.14250804445299428
prostate,full,40000,104,88,88,0.15014830445793168
prostate,full,40000,104,94,94,0.07535088102191888
prostate,full,40000,104,85,85,0.12395767811310078
prostate,full,40000,104,84,84,0.1885025106593148
prostate,full,40000,104,78,78,0.11182761545511252
prostate,full,40000,104,66,66,0.056948274055881924
prostate,full,40000,104,49,49,0.14199663100469373
prostate,full,40000,104,103,103,0.2780949120357904
prostate,full,40000,104,103,103,0.03434932208804872
prostate,full,40000,104,103,103,0.31583368321439537
prostate,full,40000,104,102,102,0.07169263416284652
prostate,full,40000,104,95,95,0.2643913499918974
prostate,full,40000,104,72,72,0.16916356973526755
prostate,full,40000,104,68,68,0.20779447540500978
prostate,full,40000,104,66,66,0.164637445456827
prostate,full,40000,104,54,54,0.2608914245266958
prostate,full,40000,104,49,49,0.21768565517609928
prostate,full,40000,104,48,48,0.20623738963971494
prostate,full,40000,104,44,44,0.198386435609895
prostate,full,40000,104,44,44,0.19072552191003148
prostate,full,40000,104,99,99,0.11355103759240148
prostate,full,40000,104,84,84,0.1606255877267221
prostate,full,40000,104,84,84,0.17358635314395027
prostate,full,40000,104,82,82,0.09232512617913395
prostate,full,40000,104,68,68,0.21591540454995278
prostate,full,40000,104,103,103,0.06870495566072618
prostate,full,40000,104,103,103,0.22876063915692893
prostate,full,40000,104,103,103,0.24500842840901346
prostate,full,40000,104,101,101,0.013903891626392547
prostate,full,40000,104,85,85,0.22080602072366112
prostate,full,40000,104,103,103,0.2700366337989761
prostate,full,40000,104,101,101,0.1550863247372632
prostate,full,40000,104,100,100,0.09000186803297022
prostate,full,40000,104,99,99,0.23375577717909132
prostate,full,40000,104,103,103,0.0041743364473676575
prostate,full,40000,104,103,103,0.015100636888326878
prostate,full,40000,104,103,103,0.05541400823694771
prostate,full,40000,104,102,102,0.009650883450874094
prostate,full,40000,104,101,101,0.03429272642391176
prostate,full,40000,104,101,101,0.01202829978290897
prostate,full,40000,104,95,95,0.013332817889311966
prostate,full,40000,104,102,102,0.2727119961397593
prostate,full,40000,104,101,101,0.02964611064180691
prostate,full,40000,104,94,94,0.18588003650815954
prostate,full,40000,104,88,88,0.1874100758890612
prostate,full,40000,104,102,102,0.23157398359706022
prostate,full,40000,104,82,82,0.21941873804731368
prostate,full,40000,104,103,103,0.007419699903525235
prostate,full,40000,104,100,100,0.06939091788292293
prostate,full,40000,104,98,98,0.01597092809131677
prostate,full,40000,104,95,95,0.12705443424307403
prostate,full,40000,104,103,103,0.25130956119175746
prostate,full,40000,104,103,103,0.25266585020705357
prostate,full,40000,104,101,101,0.11055147912404528
prostate,full,40000,104,100,100,0.09256529788376502
prostate,full,40000,104,103,103,0.00450501756164623
prostate,full,40000,104,103,103,0.10554925051116361
prostate,full,40000,104,103,103,0.01660979126541555
prostate,full,40000,104,103,103,0.32384340148958674
prostate,full,40000,104,103,103,0.022794976072355713
prostate,full,40000,104,102,102,0.020025134766646586
prostate,full,40000,104,101,101,0.07463200446640811
prostate,full,40000,104,101,101,0.01571123419557611
prostate,full,40000,104,101,101,0.02093123138551013
prostate,full,40000,104,101,101,0.018547488446978556
prostate,full,40000,104,101,101,0.11817736188955137
prostate,full,40000,104,97,97,0.271179536255845
prostate,full,40000,104,97,97,0.19442079868148776
prostate,full,40000,104,87,87,0.22593378040173726
prostate,full,40000,104,87,87,0.27061600210722214
prostate,full,40000,104,87,87,0.25568382601992357
prostate,full,40000,104,83,83,0.2619159867426282
prostate,full,40000,104,55,55,0.3624083126520886
prostate,full,40000,104,103,103,0.2712051024342869
prostate,full,40000,104,78,78,0.22914900155462986
prostate,full,40000,104,103,103,0.2593942752671096
prostate,full,40000,104,103,103,0.026898694040422978
prostate,full,40000,104,103,103,0.21872810774121218
prostate,full,40000,104,103,103,0.2890659750937325
prostate,full,40000,104,101,101,0.10547107468357769
prostate,full,40000,104,99,99,0.2278245948830439
prostate,full,40000,104,94,94,0.17586866446119134
prostate,full,40000,104,94,94,0.061430875425601016
prostate,full,40000,104,103,103,0.24640982087149382
prostate,full,40000,104,103,103,0.2655209669237781
prostate,full,40000,104,101,101,0.14639753785959617
prostate,full,40000,104,100,100,0.07237112584348869
prostate,full,40000,104,84,84,0.13395788012863527
prostate,full,40000,104,103,103,0.22488656921741934
prostate,full,40000,104,83,83,0.19613546264673862
prostate,full,40000,104,80,80,0.18008647873473552
prostate,full,40000,104,80,80,0.20491891040411003
prostate,full,40000,104,49,49,0.3098085679825675
prostate,full,40000,104,103,103,0.16120310241191727
prostate,full,40000,104,103,103,0.26182269285609305
prostate,full,40000,104,100,100,0.12806611228157283
prostate,full,40000,104,98,98,0.06962687627971823
prostate,full,40000,104,88,88,0.0790609825834052
prostate,full,40000,104,80,80,0.11493534936751867
prostate,full,40000,104,49,49,0.25994574224494205
prostate,full,40000,104,103,103,0.06043812631264824
prostate,full,40000,104,99,99,0.2266846404065589
prostate,full,40000,104,98,98,0.23205770356666358
prostate,full,40000,104,98,98,0.22638759855023324
prostate,full,40000,104,97,97,0.2072672513402358
prostate,full,40000,104,96,96,0.18205398767031036
prostate,full,40000,104,95,95,0.21215959138928023
prostate,full,40000,104,93,93,0.1920030539769285
prostate,full,40000,104,84,84,0.12157640808948367
prostate,full,40000,104,82,82,0.18158238862640835
prostate,full,40000,104,93,93,0.1685502603732801
prostate,full,40000,104,42,42,0.21990265868847161
prostate,full,40000,104,103,103,0.17328253833661367
prostate,full,40000,104,103,103,0.004598114420489798
prostate,full,40000,104,103,103,0.2668265105542871
prostate,full,40000,104,101,101,0.0857690261806506
prostate,full,40000,104,101,101,0.15648318373191172
prostate,full,40000,104,101,101,0.011396735288179565
prostate,full,40000,104,70,70,0.2732311162658189
prostate,full,40000,104,65,65,0.2643530007906976
prostate,full,40000,104,64,64,0.2723896785808027
prostate,full,40000,104,59,59,0.29945098670884307
prostate,full,40000,104,55,55,0.2886336700074529
prostate,full,40000,104,54,54,0.3140452118748151
prostate,full,40000,104,50,50,0.2912333168765215
prostate,full,40000,104,44,44,0.2848368589055878
prostate,full,40000,104,39,39,0.3088105200884748
prostate,full,40000,104,103,103,0.24782812208831057
prostate,full,40000,104,103,103,0.19763651937904783
prostate,full,40000,104,101,101,0.020486696395672903
prostate,full,40000,104,99,99,0.1561649052182105
prostate,full,40000,104,102,102,0.2690382467291258
prostate,full,40000,104,84,84,0.2441432254736756
prostate,full,40000,104,102,102,0.2786350368302735
prostate,full,40000,104,100,100,0.03406063377908901
prostate,full,40000,104,94,94,0.26854074216963936
prostate,full,40000,104,85,85,0.09620618249459668
prostate,full,40000,104,83,83,0.2063196609322437
prostate,full,40000,104,74,74,0.2667163916246169
prostate,full,40000,104,73,73,0.2764022008032097
prostate,full,40000,104,103,103,0.19310440866636938
prostate,full,40000,104,102,102,0.28761817993726213
prostate,full,40000,104,91,91,0.21692646354449166
prostate,full,40000,104,103,103,0.08872598022002018
prostate,full,40000,104,101,101,0.04303804028714991
prostate,full,40000,104,100,100,0.10559801753963212
prostate,full,40000,104,99,99,0.07477561984654063
prostate,full,40000,104,98,98,0.03709202484932853
prostate,full,40000,104,78,78,0.12465928386302494
prostate,full,40000,104,66,66,0.09161130508264208
prostate,full,40000,104,59,59,0.2317638298177986
prostate,full,40000,104,55,55,0.2265381536410736
prostate,full,40000,104,54,54,0.2933429048276026
prostate,full,40000,104,49,49,0.1910813273639255
prostate,full,40000,104,103,103,0.2890826686183789
prostate,full,40000,104,91,91,0.19637296492705758
prostate,full,40000,104,89,89,0.05124753093166815
prostate,full,40000,104,82,82,0.28378537024986245
prostate,full,40000,104,103,103,0.28778571934713476
prostate,full,40000,104,102,102,0.055302614697391055
prostate,full,40000,104,99,99,0.1921390977286294
prostate,full,40000,104,98,98,0.1806527062127567
prostate,full,40000,104,98,98,0.2554190307406922
prostate,full,40000,104,90,90,0.20571646217678144
prostate,full,40000,104,103,103,0.010433850451704316
prostate,full,40000,104,103,103,0.01818982067362153
prostate,full,40000,104,103,103,0.02808283036243527
prostate,full,40000,104,103,103,0.007096250837360003
prostate,full,40000,104,103,103,0.0071333805315256845
prostate,full,40000,104,103,103,0.007316652862031381
prostate,full,40000,104,103,103,0.006314680047182675
prostate,full,40000,104,103,103,0.06143026828342433
prostate,full,40000,104,103,103,0.006017191291077726
prostate,full,40000,104,103,103,0.02777940946620631
prostate,full,40000,104,103,103,0.020636044882279093
prostate,full,40000,104,103,103,0.013680760610094376
prostate,full,40000,104,103,103,0.021140931025466065
prostate,full,40000,104,103,103,0.004784276558323001
prostate,full,40000,104,103,103,0.12475390955105153
prostate,full,40000,104,103,103,0.007988405713949166
prostate,full,40000,104,103,103,0.006230008294039887
prostate,full,40000,104,102,102,0.00759559701324082
prostate,full,40000,104,102,102,0.006415719559210972
prostate,full,40000,104,101,101,0.03615961018779181
prostate,full,40000,104,101,101,0.020774580244936492
prostate,full,40000,104,101,101,0.039368442871009456
prostate,full,40000,104,101,101,0.009876660829628015
prostate,full,40000,104,103,103,0.051753510222997366
prostate,full,40000,104,101,101,0.09714962635303159
prostate,full,40000,104,102,102,0.2614597362968088
prostate,full,40000,104,99,99,0.32530519229418003
prostate,full,40000,104,99,99,0.3048118234065731
prostate,full,40000,104,88,88,0.27802287308209545
prostate,full,40000,104,97,97,0.1528044278710331
prostate,full,40000,104,96,96,0.16509685015047268
prostate,full,40000,104,95,95,0.1496559319481967
prostate,full,40000,104,88,88,0.13126497438366605
prostate,full,40000,104,39,39,0.20599271784481268
prostate,full,40000,104,95,95,0.15201300879563287
prostate,full,40000,104,85,85,0.22298964532779186
prostate,full,40000,104,78,78,0.24089660744006194
prostate,full,40000,104,67,67,0.24581884332641443
prostate,full,40000,104,103,103,0.011103108586933239
prostate,full,40000,104,102,102,0.14519557861991775
prostate,full,40000,104,102,102,0.13729777042436514
prostate,full,40000,104,95,95,0.12268312921715586
prostate,full,40000,104,96,96,0.2522511969836426
prostate,full,40000,104,85,85,0.29726696043121875
prostate,full,40000,104,78,78,0.2890349643459566
prostate,full,40000,104,103,103,0.2969983406662393
prostate,full,40000,104,103,103,0.20477137027315553
prostate,full,40000,104,103,103,0.0793996774381302
prostate,full,40000,104,95,95,0.204406799560942
prostate,full,40000,104,103,103,0.1797141488277762
prostate,full,40000,104,102,102,0.031105213741568133
prostate,full,40000,104,101,101,0.2549033635459599
prostate,full,40000,104,101,101,0.2570767758603762
prostate,full,40000,104,91,91,0.2721649843778816
prostate,full,40000,104,85,85,0.24670315984752667
prostate,full,40000,104,101,101,0.020572486779325425
prostate,full,40000,104,99,99,0.12206100480618419
prostate,full,40000,104,97,97,0.11041822189929756
prostate,full,40000,104,95,95,0.14188739556953944
prostate,full,40000,104,94,94,0.08002529503927405
prostate,full,40000,104,78,78,0.12197849724291594
prostate,full,40000,104,66,66,0.06508755507481857
prostate,full,40000,104,85,85,0.21400686927084858
prostate,full,40000,104,49,49,0.2575776974867407
prostate,full,40000,104,103,103,0.0331728127334057
prostate,full,40000,104,103,103,0.20464621647745393
prostate,full,40000,104,103,103,0.016104320476916567
prostate,full,40000,104,103,103,0.09521980089999128
prostate,full,40000,104,103,103,0.016275267354811922
prostate,full,40000,104,103,103,0.15456647137821344
prostate,full,40000,104,101,101,0.03182543729105986
prostate,full,40000,104,99,99,0.06289933037891617
prostate,full,40000,104,103,103,0.2705104151292787
prostate,full,40000,104,103,103,0.28316073572284095
prostate,full,40000,104,103,103,0.10330778625861994
prostate,full,40000,104,103,103,0.21399147490219061
prostate,full,40000,104,98,98,0.22874199186760208
prostate,full,40000,104,103,103,0.2634175307996565
prostate,full,40000,104,102,102,0.28518380044823366
prostate,full,40000,104,91,91,0.07558921753508752
prostate,full,40000,104,103,103,0.03184731466643661
prostate,full,40000,104,81,81,0.24240108333578092
prostate,full,40000,104,80,80,0.23468016935682953
prostate,full,40000,104,68,68,0.2997549940908564
prostate,full,40000,104,59,59,0.2521182900223937
prostate,full,40000,104,99,99,0.1120840591238907
prostate,full,40000,104,85,85,0.14201019880017968
prostate,full,40000,104,78,78,0.14122802016175956
prostate,full,40000,104,66,66,0.09245300833471397
prostate,full,40000,104,59,59,0.23121107217817044
prostate,full,40000,104,55,55,0.22705137384333385
prostate,full,40000,104,102,102,0.17872303848299048
prostate,full,40000,104,100,100,0.2613494365795018
prostate,full,40000,104,94,94,0.2530486013566819
prostate,full,40000,104,103,103,0.2698648020717661
prostate,full,40000,104,103,103,0.29169772366527547
prostate,full,40000,104,85,85,0.22085431736178984
prostate,full,40000,104,95,95,0.14649750317352714
prostate,full,40000,104,88,88,0.1309992805030601
prostate,full,40000,104,68,68,0.19256679428455323
prostate,full,40000,104,59,59,0.22339580464886014
prostate,full,40000,104,55,55,0.21490046561177603
prostate,full,40000,104,54,54,0.2786326274387728
prostate,full,40000,104,39,39,0.20338119938512209
prostate,full,40000,104,103,103,0.24314124523818367
prostate,full,40000,104,101,101,0.21290785682444494
prostate,full,40000,104,103,103,0.00828189154881081
prostate,full,40000,104,103,103,0.015541491723484452
prostate,full,40000,104,103,103,0.010375448075043509
prostate,full,40000,104,103,103,0.025824808725120316
prostate,full,40000,104,103,103,0.012757462569168678
prostate,full,40000,104,103,103,0.0037398363954696217
prostate,full,40000,104,103,103,0.006620741692543673
prostate,full,40000,104,103,103,0.18422800102857442
prostate,full,40000,104,103,103,0.027439113760954415
prostate,full,40000,104,103,103,0.018427888997073434
prostate,full,40000,104,102,102,0.0108670427136609
prostate,full,40000,104,101,101,0.02321963914967614
prostate,full,40000,104,101,101,0.033527382744305105
prostate,full,40000,104,101,101,0.07128629570287434
prostate,full,40000,104,100,100,0.019984379374635354
prostate,full,40000,104,94,94,0.04135859178926371
prostate,full,40000,104,85,85,0.24930177959252847
prostate,full,40000,104,84,84,0.2342872407777276
prostate,full,40000,104,82,82,0.256159517370715
prostate,full,40000,104,80,80,0.2682948358425274
prostate,full,40000,104,76,76,0.23428668574118822
prostate,full,40000,104,39,39,0.34194073269604736
prostate,full,40000,104,103,103,0.0
prostate,full,40000,104,103,103,0.08086305072052512
prostate,full,40000,104,103,103,0.2749915365126103
prostate,full,40000,104,103,103,0.18781046011401367
prostate,full,40000,104,101,101,0.0
prostate,full,40000,104,49,49,0.30930671404407417
prostate,full,40000,104,42,42,0.25210704301057485
prostate,full,40000,104,41,41,0.24331144317599768
prostate,full,40000,104,103,103,0.33130962162708866
prostate,full,40000,104,102,102,0.15737539528448458
prostate,full,40000,104,103,103,0.13125156713737768
prostate,full,40000,104,101,101,0.07855546691510341
prostate,full,40000,104,99,99,0.044449515712549355
prostate,full,40000,104,101,101,0.2790060878271042
prostate,full,40000,104,100,100,0.1286294348338986
prostate,full,40000,104,90,90,0.20870733862481528
prostate,full,40000,104,90,90,0.15128049104828897
prostate,full,40000,104,83,83,0.2215082406470631
prostate,full,40000,104,82,82,0.18689305548707166
prostate,full,40000,104,81,81,0.19115916077089581
prostate,full,40000,104,79,79,0.23029616472723968
prostate,full,40000,104,75,75,0.20308053119841377
prostate,full,40000,104,103,103,0.2791540904971838
prostate,full,40000,104,103,103,0.19821182923532749
prostate,full,40000,104,103,103,0.3105480681439328
prostate,full,40000,104,101,101,0.037037693218732196
prostate,full,40000,104,100,100,0.16690945137044227
prostate,full,40000,104,103,103,0.20010990244958735
prostate,full,40000,104,103,103,0.0882179794103648
prostate,full,40000,104,103,103,0.29257984577444623
prostate,full,40000,104,92,92,0.1455060624526463
prostate,full,40000,104,89,89,0.20448733194515495
prostate,full,40000,104,85,85,0.25174596803738236
prostate,full,40000,104,83,83,0.12406274130928235
prostate,full,40000,104,77,77,0.14102691362486372
prostate,full,40000,104,68,68,0.20355079277444788
prostate,full,40000,104,49,49,0.19235357208669193
prostate,full,40000,104,102,102,0.25277506400544036
prostate,full,40000,104,100,100,0.17470077461409503
prostate,full,40000,104,98,98,0.29682793140051
prostate,full,40000,104,98,98,0.26089209778897393
prostate,full,40000,104,97,97,0.24113529171739997
prostate,full,40000,104,87,87,0.23382296128588767
prostate,full,40000,104,101,101,0.17229608850346237
prostate,full,40000,104,101,101,0.26179093489345984
prostate,full,40000,104,100,100,0.27189730675340373
prostate,full,40000,104,98,98,0.26212392526747663
prostate,full,40000,104,95,95,0.16756969078218478
prostate,full,40000,104,94,94,0.26203977129379125
prostate,full,40000,104,94,94,0.1820417007464276
prostate,full,40000,104,85,85,0.0926686004218533
prostate,full,40000,104,83,83,0.19794959055412387
prostate,full,40000,104,79,79,0.23302597326925592
prostate,full,40000,104,96,96,0.10513253894921233
prostate,full,40000,104,92,92,0.18747982431180293
prostate,full,40000,104,87,87,0.1325997070617212
prostate,full,40000,104,85,85,0.14121266640622993
prostate,full,40000,104,85,85,0.1590218142707902
prostate,full,40000,104,85,85,0.13907645704220425
prostate,full,40000,104,85,85,0.14277343094123426
prostate,full,40000,104,84,84,0.138720681649762
prostate,full,40000,104,82,82,0.18986442051890307
prostate,full,40000,104,80,80,0.20523165709760724
prostate,full,40000,104,39,39,0.21420343320748372
prostate,full,40000,104,102,102,0.28190740494561267
prostate,full,40000,104,102,102,0.3219689145129407
prostate,full,40000,104,100,100,0.2676748236174848
prostate,full,40000,104,100,100,0.2773012775080306
prostate,full,40000,104,100,100,0.14722838371640817
prostate,full,40000,104,98,98,0.2091510791619838
prostate,full,40000,104,98,98,0.2991548918049352
prostate,full,40000,104,98,98,0.2446314915760305
prostate,full,40000,104,103,103,0.23436320694526097
prostate,full,40000,104,103,103,0.22107337048937548
prostate,full,40000,104,103,103,0.12285538100908544
prostate,full,40000,104,101,101,0.04856297905782109
prostate,full,40000,104,103,103,0.32510745518536066
prostate,full,40000,104,101,101,0.16940104942476178
prostate,full,40000,104,99,99,0.17962905116292852
prostate,full,40000,104,102,102,0.30510275497628225
prostate,full,40000,104,99,99,0.26659393332258974
prostate,full,40000,104,97,97,0.26898154835049504
prostate,full,40000,104,103,103,0.2893596507293137
prostate,full,40000,104,102,102,0.23063537935524947
prostate,full,40000,104,101,101,0.14705950416373845
prostate,full,40000,104,103,103,0.01718116437891524
prostate,full,40000,104,102,102,0.2726334265703407
prostate,full,40000,104,101,101,0.17491462953277434
prostate,full,40000,104,100,100,0.27281609292583203
prostate,full,40000,104,99,99,0.27681562196332987
prostate,full,40000,104,96,96,0.27977820501951006
prostate,full,40000,104,84,84,0.23788766931661245
prostate,full,40000,104,84,84,0.2729909476303914
prostate,full,40000,104,102,102,0.3582314432008054
prostate,full,40000,104,94,94,0.26063111176613535
prostate,full,40000,104,73,73,0.23507601259674285
prostate,full,40000,104,103,103,0.29449613923157025
prostate,full,40000,104,103,103,0.2446863407110028
prostate,full,40000,104,99,99,0.14429538230028607
prostate,full,40000,104,103,103,0.26301601172797096
prostate,full,40000,104,95,95,0.03158859356551866
prostate,full,40000,104,85,85,0.2387345778644117
prostate,full,40000,104,103,103,0.09677034529928767
prostate,full,40000,104,103,103,0.27760989817551024
prostate,full,40000,104,103,103,0.003605825862051615
prostate,full,40000,104,103,103,0.24670036875415777
prostate,full,40000,104,101,101,0.23087584167156844
prostate,full,40000,104,101,101,0.039502758082815066
prostate,full,40000,104,101,101,0.06961487427909527
prostate,full,40000,104,66,66,0.06585952049724225
prostate,full,40000,104,63,63,0.1717831878959896
prostate,full,40000,104,59,59,0.20259930999778927
prostate,full,40000,104,55,55,0.19825413284426593
prostate,full,40000,104,54,54,0.26723951556420406
prostate,full,40000,104,49,49,0.14979643153707944
prostate,full,40000,104,103,103,0.13624916961612454
prostate,full,40000,104,84,84,0.14088421585644845
prostate,full,40000,104,73,73,0.1267014451376119
prostate,full,40000,104,103,103,0.127175650268103
prostate,full,40000,104,102,102,0.11243293074391313
prostate,full,40000,104,103,103,0.26504012054786724
prostate,full,40000,104,102,102,0.25218244857865596
prostate,full,40000,104,102,102,0.10400133626137695
prostate,full,40000,104,101,101,0.08535795217219548
prostate,full,40000,104,102,102,0.3476864121864398
prostate,full,40000,104,101,101,0.07990189909636772
prostate,full,40000,104,101,101,0.15676214669699598
prostate,full,40000,104,99,99,0.23920611589363458
prostate,full,40000,104,90,90,0.16579732735675098
prostate,full,40000,104,99,99,0.11370397892527853
prostate,full,40000,104,85,85,0.13824082625663628
prostate,full,40000,104,102,102,0.2465894552696418
prostate,full,40000,104,100,100,0.2741068333392128
prostate,full,40000,104,84,84,0.17778777955593672
prostate,full,40000,104,103,103,0.30086462337309294
prostate,full,40000,104,85,85,0.25198776254178795
prostate,full,40000,104,103,103,0.021416542778150964
prostate,full,40000,104,103,103,0.12687137058797168
prostate,full,40000,104,101,101,0.12478131749424794
prostate,full,40000,104,100,100,0.09215242493390803
prostate,full,40000,104,103,103,0.18462646040260647
prostate,full,40000,104,103,103,0.2576826638148514
prostate,full,40000,104,103,103,0.1244831676454321
prostate,full,40000,104,102,102,0.058405726751748745
prostate,full,40000,104,101,101,0.07034833972776838
prostate,full,40000,104,103,103,0.2609258294563936
prostate,full,40000,104,103,103,0.2713994973021205
prostate,full,40000,104,97,97,0.14700520879229428
prostate,full,40000,104,97,97,0.18381764215593022
prostate,full,40000,104,91,91,0.2067118413772595
prostate,full,40000,104,103,103,0.2768115711239024
prostate,full,40000,104,91,91,0.265627294180386
prostate,full,40000,104,84,84,0.29505945673054973
prostate,full,40000,104,103,103,0.08333593374185866
prostate,full,40000,104,103,103,0.2701691489970138
prostate,full,40000,104,103,103,0.06288154439521267
prostate,full,40000,104,102,102,0.08052127007282353
prostate,full,40000,104,101,101,0.02527471563238985
prostate,full,40000,104,101,101,0.057149674151908345
prostate,full,40000,104,101,101,0.149428935674065
prostate,full,40000,104,97,97,0.04478475913813414
prostate,full,40000,104,99,99,0.15404172593682178
prostate,full,40000,104,99,99,0.09877637917533642
prostate,full,40000,104,97,97,0.1542877026749364
prostate,full,40000,104,95,95,0.1306083706248559
prostate,full,40000,104,94,94,0.12721949877070146
prostate,full,40000,104,92,92,0.10749039955179578
prostate,full,40000,104,78,78,0.1693234711947213
prostate,full,40000,104,102,102,0.25888248418421933
prostate,full,40000,104,101,101,0.013411003305561458
prostate,full,40000,104,100,100,0.23956654670316468
prostate,full,40000,104,100,100,0.1971557752979086
prostate,full,40000,104,96,96,0.2803502975346461
prostate,full,40000,104,95,95,0.15365536059828683
prostate,full,40000,104,94,94,0.25688750408245015
prostate,full,40000,104,94,94,0.17379281695802407
prostate,full,40000,104,83,83,0.2656279312582787
prostate,full,40000,104,79,79,0.2200903898027862
prostate,full,40000,104,77,77,0.2770694886982981
prostate,full,40000,104,73,73,0.2818279972920901
prostate,full,40000,104,103,103,0.01527048489166279
prostate,full,40000,104,103,103,0.004133625928468312
prostate,full,40000,104,103,103,0.030413680078746144
prostate,full,40000,104,103,103,0.2964309934304643
prostate,full,40000,104,101,101,0.03449495227734778
prostate,full,40000,104,97,97,0.04207036118814218
prostate,full,40000,104,103,103,0.2793006916286747
prostate,full,40000,104,102,102,0.20555402687763244
prostate,full,40000,104,97,97,0.25563744322277177
prostate,full,40000,104,91,91,0.2125939173462509
prostate,full,40000,104,89,89,0.24302781677722055
prostate,full,40000,104,98,98,0.2247166979595266
prostate,full,40000,104,96,96,0.22193115750391987
prostate,full,40000,104,91,91,0.2402378104757487
prostate,full,40000,104,89,89,0.303140199381398
prostate,full,40000,104,82,82,0.15575227509655332
prostate,full,40000,104,82,82,0.12959750273025894
prostate,full,40000,104,80,80,0.2393566260225958
prostate,full,40000,104,80,80,0.14390209006463722
prostate,full,40000,104,103,103,0.012228615184985851
prostate,full,40000,104,99,99,0.11052024228500291
prostate,full,40000,104,94,94,0.08182892069416708
prostate,full,40000,104,85,85,0.1399189315195245
prostate,full,40000,104,78,78,0.12312202899651743
prostate,full,40000,104,66,66,0.05894308420294394
prostate,full,40000,104,103,103,0.3034926757710674
prostate,full,40000,104,103,103,0.23196872410329789
prostate,full,40000,104,95,95,0.16144863704458737
prostate,full,40000,104,94,94,0.32381700292945487
prostate,full,40000,104,78,78,0.30897405939298284
prostate,full,40000,104,74,74,0.3126371465073012
prostate,full,40000,104,103,103,0.13717595460747192
prostate,full,40000,104,93,93,0.18882442797751914
prostate,full,40000,104,84,84,0.24726147699279705
prostate,full,40000,104,102,102,0.04270286542041512
prostate,full,40000,104,96,96,0.12879745285358316
prostate,full,40000,104,93,93,0.2901697345634134
prostate,full,40000,104,89,89,0.2330625404887716
prostate,full,40000,104,38,38,0.30929268513115
prostate,full,40000,104,103,103,0.0078491096079582
prostate,full,40000,104,103,103,0.17702919375080323
prostate,full,40000,104,103,103,0.04982866420318196
prostate,full,40000,104,103,103,0.30470842007824683
prostate,full,40000,104,101,101,0.11367946334812819
prostate,full,40000,104,101,101,0.17388261909628877
prostate,full,40000,104,49,49,0.3333983396877458
prostate,full,40000,104,103,103,0.2685107935306194
prostate,full,40000,104,101,101,0.25740648466721705
prostate,full,40000,104,101,101,0.29438084744383813
prostate,full,40000,104,100,100,0.18587001980309584
prostate,full,40000,104,103,103,0.060290039452744464
prostate,full,40000,104,102,102,0.11646441455638161
prostate,full,40000,104,101,101,0.04508537983065557
prostate,full,40000,104,95,95,0.03289314324440064
prostate,full,40000,104,73,73,0.1793149346407647
prostate,full,40000,104,103,103,0.05714503676889181
prostate,full,40000,104,98,98,0.1429385098574718
prostate,full,40000,104,97,97,0.11358944602953507
prostate,full,40000,104,100,100,0.07567189737661054
prostate,full,40000,104,98,98,0.017318739383498778
prostate,full,40000,104,97,97,0.10577476506948087
prostate,full,40000,104,94,94,0.12545606901543188
prostate,full,40000,104,91,91,0.1264931372669063
prostate,full,40000,104,85,85,0.13994682030392924
prostate,full,40000,104,103,103,0.14189741734256503
prostate,full,40000,104,100,100,0.09439031163318726
prostate,full,40000,104,98,98,0.11600215502985484
prostate,full,40000,104,101,101,0.027594485881147324
prostate,full,40000,104,100,100,0.08793229360082687
prostate,full,40000,104,84,84,0.13934342452026305
prostate,full,40000,104,48,48,0.16798322101595134
prostate,full,40000,104,44,44,0.15882683387157231
prostate,full,40000,104,103,103,0.22585649090207785
prostate,full,40000,104,83,83,0.19024148344454495
prostate,full,40000,104,103,103,0.2995074524905054
prostate,full,40000,104,103,103,0.19859790923405388
prostate,full,40000,104,101,101,0.11462585757778135
prostate,full,40000,104,100,100,0.2227965983635704
prostate,full,40000,104,94,94,0.17127162603994375
prostate,full,40000,104,101,101,0.22551035928167676
prostate,full,40000,104,100,100,0.2908655934051518
prostate,full,40000,104,100,100,0.14509938018017177
prostate,full,40000,104,100,100,0.25352675341835895
prostate,full,40000,104,99,99,0.27153510879060316
prostate,full,40000,104,99,99,0.26894727511051303
prostate,full,40000,104,94,94,0.21203913644732916
prostate,full,40000,104,89,89,0.2370889100153554
prostate,full,40000,104,102,102,0.26813504022269247
prostate,full,40000,104,101,101,0.2201304422469074
prostate,full,40000,104,101,101,0.23370725470068998
prostate,full,40000,104,85,85,0.2493234246653225
prostate,full,40000,104,103,103,0.019271334149897155
prostate,full,40000,104,103,103,0.007429996960600342
prostate,full,40000,104,103,103,0.26616957087086324
prostate,full,40000,104,103,103,0.24061286162226295
prostate,full,40000,104,101,101,0.12845906057662915
prostate,full,40000,104,103,103,0.09773066323426897
prostate,full,40000,104,102,102,0.07390363828052765
prostate,full,40000,104,101,101,0.33257138754451854
prostate,full,40000,104,85,85,0.26019210285777944
prostate,full,40000,104,103,103,0.22311125533307913
prostate,full,40000,104,95,95,0.01964833447094491
prostate,full,40000,104,91,91,0.09857992376750221
prostate,full,40000,104,85,85,0.2058330566724062
prostate,full,40000,104,103,103,0.13446846707971508
prostate,full,40000,104,103,103,0.2711319201257927
prostate,full,40000,104,103,103,0.23494568300385268
prostate,full,40000,104,101,101,0.04212284602767746
prostate,full,40000,104,100,100,0.2630618386801968
prostate,full,40000,104,89,89,0.3090379679558999
prostate,full,40000,104,96,96,0.2998042835869387
prostate,full,40000,104,88,88,0.2507841340395449
prostate,full,40000,104,68,68,0.3331421546585074
prostate,full,40000,104,39,39,0.40165851570585215
prostate,full,40000,104,98,98,0.14816692665185993
prostate,full,40000,104,83,83,0.16360294578060947
prostate,full,40000,104,74,74,0.15673926936906607
prostate,full,40000,104,103,103,0.17619242671556695
prostate,full,40000,104,103,103,0.26066657368249974
prostate,full,40000,104,85,85,0.2359450965742332
prostate,full,40000,104,103,103,0.23621788809578975
prostate,full,40000,104,103,103,0.08068802130070682
prostate,full,40000,104,103,103,0.21496545081376522
prostate,full,40000,104,101,101,0.0519030974649236
prostate,full,40000,104,103,103,0.042529282423447605
prostate,full,40000,104,103,103,0.05443383755327719
prostate,full,40000,104,102,102,0.016329579810750932
prostate,full,40000,104,101,101,0.06877965010633634
prostate,full,40000,104,101,101,0.041369227864864765
prostate,full,40000,104,72,72,0.22346254754405603
prostate,full,40000,104,67,67,0.19611128913587692
prostate,full,40000,104,67,67,0.18027312058499312
prostate,full,40000,104,63,63,0.17947135883335383
prostate,full,40000,104,63,63,0.20423711875403663
prostate,full,40000,104,59,59,0.2551151232824367
prostate,full,40000,104,55,55,0.25175834445212447
prostate,full,40000,104,54,54,0.26284785676434264
prostate,full,40000,104,39,39,0.2577963168298941
prostate,full,40000,104,38,38,0.24113498824664406
prostate,full,40000,104,103,103,0.3115561286217364
prostate,full,40000,104,101,101,0.2785994329068843
prostate,full,40000,104,99,99,0.26328799186959606
prostate,full,40000,104,103,103,0.04892624853171527
prostate,full,40000,104,103,103,0.0782795111596174
prostate,full,40000,104,103,103,0.012481010708175422
prostate,full,40000,104,101,101,0.06897966996816464
prostate,full,40000,104,100,100,0.07046698372300933
prostate,full,40000,104,101,101,0.1148455049845427
prostate,full,40000,104,101,101,0.044524904797666964
prostate,full,40000,104,99,99,0.09944740049264067
prostate,full,40000,104,103,103,0.265621231526709
prostate,full,40000,104,100,100,0.0476367020167613
prostate,full,40000,104,94,94,0.18842461385896123
prostate,full,40000,104,85,85,0.09423850280842246
prostate,full,40000,104,83,83,0.2094434438883756
prostate,full,40000,104,83,83,0.14489969423970284
prostate,full,40000,104,49,49,0.216526053690977
prostate,full,40000,104,103,103,0.1239820491666738
prostate,full,40000,104,101,101,0.10574822483209842
prostate,full,40000,104,101,101,0.02911378786488257
prostate,full,40000,104,100,100,0.08454823022012593
prostate,full,40000,104,103,103,0.2281891002957912
prostate,full,40000,104,102,102,0.01405373392705013
prostate,full,40000,104,101,101,0.10780765097875215
prostate,full,40000,104,100,100,0.11576707109265248
prostate,full,40000,104,103,103,0.23027529890371792
prostate,full,40000,104,91,91,0.09597969710761728
prostate,full,40000,104,85,85,0.21009505830721395
prostate,full,40000,104,103,103,0.029774565000223865
prostate,full,40000,104,103,103,0.027277095427119615
prostate,full,40000,104,103,103,0.19755142337115486
prostate,full,40000,104,103,103,0.004496272733797769
prostate,full,40000,104,103,103,0.29919710165655167
prostate,full,40000,104,103,103,0.006094676897481222
prostate,full,40000,104,103,103,0.01480529546736204
prostate,full,40000,104,102,102,0.006644646719061884
prostate,full,40000,104,102,102,0.015063786558645105
prostate,full,40000,104,101,101,0.04093081840406047
prostate,full,40000,104,101,101,0.016354782042282794
prostate,full,40000,104,103,103,0.11829189259408272
prostate,full,40000,104,101,101,0.035466577846273294
prostate,full,40000,104,101,101,0.08591498911145148
prostate,full,40000,104,98,98,0.2997084460139834
prostate,full,40000,104,97,97,0.2993399361259223
prostate,full,40000,104,88,88,0.25488362094578715
prostate,full,40000,104,102,102,0.26546314138573796
prostate,full,40000,104,102,102,0.2534820343767885
prostate,full,40000,104,101,101,0.2843212209677054
prostate,full,40000,104,101,101,0.26313379429047745
prostate,full,40000,104,86,86,0.2581594832653618
prostate,full,40000,104,103,103,0.02158911553838219
prostate,full,40000,104,103,103,0.052465510983029796
prostate,full,40000,104,101,101,0.03860310003406093
prostate,full,40000,104,101,101,0.018620406236793268
prostate,full,40000,104,101,101,0.07576720092091031
prostate,full,40000,104,101,101,0.021695638473953508
prostate,full,40000,104,100,100,0.06941170660836114
prostate,full,40000,104,103,103,0.2815439857135249
prostate,full,40000,104,103,103,0.15971723113791772
prostate,full,40000,104,102,102,0.15641641627092973
prostate,full,40000,104,98,98,0.11901226808176078
prostate,full,40000,104,103,103,0.2675265728194113
prostate,full,40000,104,103,103,0.2820216122762353
prostate,full,40000,104,100,100,0.21966087260127595
prostate,full,40000,104,100,100,0.24451158612383625
prostate,full,40000,104,99,99,0.20445454245572034
prostate,full,40000,104,99,99,0.1844284379763296
prostate,full,40000,104,99,99,0.18941641633408093
prostate,full,40000,104,88,88,0.25523355686329374
prostate,full,40000,104,103,103,0.17552607703286602
prostate,full,40000,104,103,103,0.006103083483921451
prostate,full,40000,104,84,84,0.24759535648522304
prostate,full,40000,104,78,78,0.2649031041543531
prostate,full,40000,104,77,77,0.26846568529492937
prostate,full,40000,104,103,103,0.013694331226994514
prostate,full,40000,104,103,103,0.0253577349792907
prostate,full,40000,104,103,103,0.02692584054400358
prostate,full,40000,104,103,103,0.006910208128312487
prostate,full,40000,104,103,103,0.007210981471694397
prostate,full,40000,104,103,103,0.06347407142650409
prostate,full,40000,104,103,103,0.00922025433735096
prostate,full,40000,104,103,103,0.22927400746067572
prostate,full,40000,104,103,103,0.006796567965490453
prostate,full,40000,104,102,102,0.012763529588187503
prostate,full,40000,104,102,102,0.01557410083239162
prostate,full,40000,104,102,102,0.01110460967268299
prostate,full,40000,104,101,101,0.030336391805149947
prostate,full,40000,104,101,101,0.02200338835249525
prostate,full,40000,104,101,101,0.016766741693293327
prostate,full,40000,104,101,101,0.009780238621573614
prostate,full,40000,104,101,101,0.026353793722533648
prostate,full,40000,104,97,97,0.027324247809809472
prostate,full,40000,104,103,103,0.31350005606132775
prostate,full,40000,104,101,101,0.1694057660766442
prostate,full,40000,104,100,100,0.20484553504959238
prostate,full,40000,104,86,86,0.13590291193770068
prostate,full,40000,104,79,79,0.15517977493970847
prostate,full,40000,104,79,79,0.1609557100513735
prostate,full,40000,104,65,65,0.15697736752829627
prostate,full,40000,104,59,59,0.23351023677768307
prostate,full,40000,104,55,55,0.22522301736715455
prostate,full,40000,104,54,54,0.23336057098822086
prostate,full,40000,104,39,39,0.22097722659987326
prostate,full,40000,104,85,85,0.03599498569291606
prostate,full,40000,104,82,82,0.13118053030140228
prostate,full,40000,104,78,78,0.13785942874645188
prostate,full,40000,104,67,67,0.1418898530291736
prostate,full,40000,104,63,63,0.1559301508465134
prostate,full,40000,104,103,103,0.22742348661415018
prostate,full,40000,104,102,102,0.026626154994949785
prostate,full,40000,104,101,101,0.14138459914754198
prostate,full,40000,104,100,100,0.10937300619303975
prostate,full,40000,104,103,103,0.22511620168482452
prostate,full,40000,104,84,84,0.21329600859819062
prostate,full,40000,104,72,72,0.19343707518590442
prostate,full,40000,104,103,103,0.06438560911928923
prostate,full,40000,104,89,89,0.03965805035693566
prostate,full,40000,104,85,85,0.1273319119407838
prostate,full,40000,104,103,103,0.26957099230758214
prostate,full,40000,104,103,103,0.050661884264113485
prostate,full,40000,104,85,85,0.235063303577262
prostate,full,40000,104,103,103,0.08757695662936887
prostate,full,40000,104,98,98,0.11297192252174179
prostate,full,40000,104,89,89,0.04084070685181586
prostate,full,40000,104,103,103,0.2585128393753018
prostate,full,40000,104,101,101,0.19657059825032924
prostate,full,40000,104,101,101,0.1967427767903109
prostate,full,40000,104,102,102,0.17756143972235594
prostate,full,40000,104,89,89,0.17747059408632454
prostate,full,40000,104,89,89,0.1833295716840527
prostate,full,40000,104,89,89,0.17445572380925992
prostate,full,40000,104,88,88,0.1526937858729115
prostate,full,40000,104,78,78,0.26329213939092316
prostate,full,40000,104,103,103,0.23551157253827298
prostate,full,40000,104,103,103,0.25928006700504935
prostate,full,40000,104,103,103,0.05745696633727939
prostate,full,40000,104,102,102,0.02178558039728132
prostate,full,40000,104,101,101,0.08308287367510712
prostate,full,40000,104,103,103,0.3155318111758761
prostate,full,40000,104,103,103,0.2701311135142286
prostate,full,40000,104,85,85,0.25052189143336034
prostate,full,40000,104,103,103,0.18402057268251654
prostate,full,40000,104,103,103,0.08486666038535218
prostate,full,40000,104,85,85,0.23118964725036664
prostate,full,40000,104,103,103,0.022011174055414185
prostate,full,40000,104,103,103,0.06743722311740437
prostate,full,40000,104,102,102,0.02676358240193487
prostate,full,40000,104,100,100,0.06897184843794739
prostate,full,40000,104,99,99,0.03900711755047734
prostate,full,40000,104,94,94,0.019285668589819494
prostate,full,40000,104,100,100,0.14011839398858988
prostate,full,40000,104,88,88,0.12853397521598164
prostate,full,40000,104,59,59,0.2234260660619783
prostate,full,40000,104,55,55,0.21469614648218022
prostate,full,40000,104,39,39,0.20339701855592934
prostate,full,40000,104,98,98,0.30471793358874466
prostate,full,40000,104,98,98,0.2809358959453953
prostate,full,40000,104,98,98,0.2840427350012829
prostate,full,40000,104,95,95,0.21201437791827446
prostate,full,40000,104,90,90,0.24459254208163017
prostate,full,40000,104,90,90,0.22846990352453345
prostate,full,40000,104,103,103,0.06007883862933402
prostate,full,40000,104,102,102,0.007004817515706845
prostate,full,40000,104,101,101,0.04230308352658571
prostate,full,40000,104,101,101,0.12143320431066304
prostate,full,40000,104,91,91,0.3359463071086535
prostate,full,40000,104,84,84,0.25468324414702864
prostate,full,40000,104,79,79,0.2896074426391793
prostate,full,40000,104,48,48,0.2849885840929555
prostate,full,40000,104,44,44,0.2859069957453292
prostate,full,40000,104,100,100,0.1546265951432806
prostate,full,40000,104,98,98,0.14690776069439784
prostate,full,40000,104,98,98,0.10920780114331004
prostate,full,40000,104,97,97,0.13847946257579213
prostate,full,40000,105,104,104,0.1311791419113373
prostate,full,40000,105,104,104,0.2834986915019483
prostate,full,40000,105,102,102,0.13965490014439463
prostate,full,40000,105,83,83,0.14099834430936387
prostate,full,40000,105,78,78,0.11292917105867264
prostate,full,40000,105,66,66,0.05313477340814279
prostate,full,40000,105,55,55,0.1869667543860077
prostate,full,40000,105,42,42,0.1649810318517756
prostate,full,40000,105,101,101,0.07781284146781345
prostate,full,40000,105,91,91,0.04009677919092044
prostate,full,40000,105,78,78,0.07988094056399209
prostate,full,40000,105,74,74,0.15301512894435634
prostate,full,40000,105,103,103,0.2883781859831817
prostate,full,40000,105,103,103,0.28732942119646837
prostate,full,40000,105,102,102,0.059948090255529676
prostate,full,40000,105,104,104,0.0014380265441137304
prostate,full,40000,105,104,104,0.0013016931915026926
prostate,full,40000,105,104,104,0.2866249512030305
prostate,full,40000,105,104,104,0.2420204374822623
prostate,full,40000,105,95,95,0.013875985567802031
prostate,full,40000,105,104,104,0.2955018065937871
prostate,full,40000,105,102,102,0.016445511487985207
prostate,full,40000,105,86,86,0.24245358221636196
prostate,full,40000,105,98,98,0.20326589531522501
prostate,full,40000,105,89,89,0.2913846610939552
prostate,full,40000,105,88,88,0.26278929337598317
prostate,full,40000,105,87,87,0.1983419331097863
prostate,full,40000,105,81,81,0.21822456874575605
prostate,full,40000,105,39,39,0.3746128389420491
prostate,full,40000,105,104,104,0.28893449494469803
prostate,full,40000,105,104,104,0.21948598449929074
prostate,full,40000,105,101,101,0.16963787749822304
prostate,full,40000,105,99,99,0.18794935032788432
prostate,full,40000,105,104,104,0.28340561927113267
prostate,full,40000,105,103,103,0.2711529712309052
prostate,full,40000,105,102,102,0.27323093121407127
prostate,full,40000,105,100,100,0.2660813112885608
prostate,full,40000,105,86,86,0.23699008477795003
prostate,full,40000,105,104,104,0.012519251027026326
prostate,full,40000,105,104,104,0.2938123132073489
prostate,full,40000,105,104,104,0.21428563700527767
prostate,full,40000,105,101,101,0.11151439301233093
prostate,full,40000,105,100,100,0.18645465103585793
prostate,full,40000,105,92,92,0.20911057818612927
prostate,full,40000,105,77,77,0.3202815340934876
prostate,full,40000,105,66,66,0.30984242229293985
prostate,full,40000,105,49,49,0.33666535504094053
prostate,full,40000,105,104,104,0.007394274340511273
prostate,full,40000,105,104,104,0.012437809676197906
prostate,full,40000,105,104,104,0.06453469495440514
prostate,full,40000,105,103,103,0.016896114422943895
prostate,full,40000,105,102,102,0.03811964486872812
prostate,full,40000,105,99,99,0.09266244796591007
prostate,full,40000,105,104,104,0.26856373473025646
prostate,full,40000,105,104,104,0.003666979519445072
prostate,full,40000,105,104,104,0.27056263005111103
prostate,full,40000,105,86,86,0.20957567211984787
prostate,full,40000,105,102,102,0.2247710794699386
prostate,full,40000,105,102,102,0.2188243809756314
prostate,full,40000,105,101,101,0.29446864351713875
prostate,full,40000,105,98,98,0.256738341874943
prostate,full,40000,105,89,89,0.21346077727436077
prostate,full,40000,105,80,80,0.1872616238602925
prostate,full,40000,105,49,49,0.2149072225109086
prostate,full,40000,105,42,42,0.21319512599884782
prostate,full,40000,105,104,104,0.05029375977079095
prostate,full,40000,105,104,104,0.06144850964773793
prostate,full,40000,105,102,102,0.08136184870230212
prostate,full,40000,105,101,101,0.028214369786569937
prostate,full,40000,105,99,99,0.014816084188910192
prostate,full,40000,105,99,99,0.07210675680133674
prostate,full,40000,105,86,86,0.08495811773641347
prostate,full,40000,105,86,86,0.13942240458237712
prostate,full,40000,105,54,54,0.22433908202925537
prostate,full,40000,105,104,104,0.010238026001470281
prostate,full,40000,105,104,104,0.007688869302609077
prostate,full,40000,105,104,104,0.054247506606368706
prostate,full,40000,105,104,104,0.1293145111715284
prostate,full,40000,105,104,104,0.017587253864900145
prostate,full,40000,105,102,102,0.03805278676121438
prostate,full,40000,105,102,102,0.05173217507578972
prostate,full,40000,105,102,102,0.0989607209642686
prostate,full,40000,105,102,102,0.044705046664804356
prostate,full,40000,105,101,101,0.10169601973091436
prostate,full,40000,105,95,95,0.025710017089630614
prostate,full,40000,105,104,104,0.1415869001599073
prostate,full,40000,105,103,103,0.02037731063980532
prostate,full,40000,105,97,97,0.14893385579319687
prostate,full,40000,105,94,94,0.13468467902109865
prostate,full,40000,105,92,92,0.13390658906617658
prostate,full,40000,105,85,85,0.14943411409328808
prostate,full,40000,105,82,82,0.14681809375170035
prostate,full,40000,105,81,81,0.15460888195131
prostate,full,40000,105,73,73,0.14706632540571551
prostate,full,40000,105,104,104,0.02798881938065815
prostate,full,40000,105,104,104,0.026077826652510485
prostate,full,40000,105,104,104,0.029082510231437323
prostate,full,40000,105,104,104,0.2607415268788287
prostate,full,40000,105,104,104,0.03748900121647756
prostate,full,40000,105,104,104,0.17701502882338832
prostate,full,40000,105,104,104,0.02341485951932722
prostate,full,40000,105,104,104,0.010211144072096359
prostate,full,40000,105,104,104,0.006046335727487634
prostate,full,40000,105,104,104,0.054345461302308405
prostate,full,40000,105,104,104,0.008757866428916987
prostate,full,40000,105,104,104,0.010924381672259474
prostate,full,40000,105,104,104,0.01109295725391992
prostate,full,40000,105,102,102,0.05123309664518806
prostate,full,40000,105,102,102,0.02952821094246758
prostate,full,40000,105,102,102,0.048029285645600626
prostate,full,40000,105,102,102,0.08376516756242398
prostate,full,40000,105,102,102,0.1481458591868919
prostate,full,40000,105,98,98,0.03799113054237171
prostate,full,40000,105,104,104,0.21124177552734816
prostate,full,40000,105,103,103,0.007715839596457324
prostate,full,40000,105,104,104,0.2640924057361405
prostate,full,40000,105,104,104,0.06166067579436813
prostate,full,40000,105,104,104,0.24225379684612552
prostate,full,40000,105,99,99,0.11938322822276833
prostate,full,40000,105,103,103,0.03873299432304553
prostate,full,40000,105,102,102,0.08549443117536747
prostate,full,40000,105,101,101,0.11966305995427028
prostate,full,40000,105,98,98,0.1515176040590416
prostate,full,40000,105,97,97,0.13273276557385566
prostate,full,40000,105,96,96,0.14544372804429
prostate,full,40000,105,91,91,0.12409164345567059
prostate,full,40000,105,39,39,0.1975344686981432
prostate,full,40000,105,38,38,0.20138625829304466
prostate,full,40000,105,104,104,0.25519665435878036
prostate,full,40000,105,103,103,0.01610522783080868
prostate,full,40000,105,102,102,0.00810171122752122
prostate,full,40000,105,97,97,0.1610529215485978
prostate,full,40000,105,86,86,0.19700788318739865
prostate,full,40000,105,98,98,0.2587147766185156
prostate,full,40000,105,93,93,0.057692029120369484
prostate,full,40000,105,92,92,0.2647948952434655
prostate,full,40000,105,88,88,0.21654537742925173
prostate,full,40000,105,104,104,0.22912714707094411
prostate,full,40000,105,104,104,0.08645971112204959
prostate,full,40000,105,104,104,0.2702678674636776
prostate,full,40000,105,102,102,0.10861493385916705
prostate,full,40000,105,100,100,0.1001476503576718
prostate,full,40000,105,92,92,0.18581668015637892
prostate,full,40000,105,86,86,0.13816833281127416
prostate,full,40000,105,66,66,0.06481612512280897
prostate,full,40000,105,59,59,0.20351768371301893
prostate,full,40000,105,55,55,0.19918410688955693
prostate,full,40000,105,54,54,0.26642252929211896
prostate,full,40000,105,49,49,0.1491636820219262
prostate,full,40000,105,104,104,0.09711776725426462
prostate,full,40000,105,104,104,0.30679387635305666
prostate,full,40000,105,102,102,0.1672833474177284
prostate,full,40000,105,101,101,0.17599258108165852
prostate,full,40000,105,104,104,0.07423807256186946
prostate,full,40000,105,104,104,0.006525310114910171
prostate,full,40000,105,104,104,0.269152456164593
prostate,full,40000,105,104,104,0.017836045843628336
prostate,full,40000,105,104,104,0.21094741553165516
prostate,full,40000,105,104,104,0.0161876743112118
prostate,full,40000,105,102,102,0.007952620701610943
prostate,full,40000,105,102,102,0.04091361107405239
prostate,full,40000,105,102,102,0.03888373331484135
prostate,full,40000,105,102,102,0.13154107924682995
prostate,full,40000,105,98,98,0.04791183618344764
prostate,full,40000,105,104,104,0.01591226569240938
prostate,full,40000,105,104,104,0.3134239793960281
prostate,full,40000,105,104,104,0.2570494184095608
prostate,full,40000,105,104,104,0.009831433619814188
prostate,full,40000,105,104,104,0.040322200180592085
prostate,full,40000,105,102,102,0.17759136723098096
prostate,full,40000,105,98,98,0.0198224293371924
prostate,full,40000,105,97,97,0.16590197644525714
prostate,full,40000,105,97,97,0.11631046696973543
prostate,full,40000,105,96,96,0.16686546250259215
prostate,full,40000,105,95,95,0.17858131761503918
prostate,full,40000,105,89,89,0.1397452417904705
prostate,full,40000,105,39,39,0.2142589017348251
prostate,full,40000,105,104,104,0.12533265556803203
prostate,full,40000,105,104,104,0.11789892248604653
prostate,full,40000,105,104,104,0.28679996252037204
prostate,full,40000,105,104,104,0.27858925450796695
prostate,full,40000,105,104,104,0.2820249978863882
prostate,full,40000,105,102,102,0.0032279742662215476
prostate,full,40000,105,102,102,0.006453460146803661
prostate,full,40000,105,104,104,0.2852952277198415
prostate,full,40000,105,104,104,0.005854157533431475
prostate,full,40000,105,104,104,0.24770203202007568
prostate,full,40000,105,103,103,0.022210687221150667
prostate,full,40000,105,102,102,0.012337693762274336
prostate,full,40000,105,102,102,0.11592071511896632
prostate,full,40000,105,102,102,0.1189676081046589
prostate,full,40000,105,104,104,0.28381586658329566
prostate,full,40000,105,91,91,0.23921393486322118
prostate,full,40000,105,89,89,0.27304993132861344
prostate,full,40000,105,85,85,0.2150027647162698
prostate,full,40000,105,79,79,0.21695054112896672
prostate,full,40000,105,96,96,0.27541756718465293
prostate,full,40000,105,95,95,0.2786862438386223
prostate,full,40000,105,94,94,0.29197076554722556
prostate,full,40000,105,94,94,0.26035312222259055
prostate,full,40000,105,93,93,0.1922234177280872
prostate,full,40000,105,87,87,0.2424679335346842
prostate,full,40000,105,38,38,0.3747173330137953
prostate,full,40000,105,104,104,0.01038323580716148
prostate,full,40000,105,104,104,0.0664918459671681
prostate,full,40000,105,104,104,0.23020837625933027
prostate,full,40000,105,103,103,0.02518370040915373
prostate,full,40000,105,103,103,0.01634788589268233
prostate,full,40000,105,102,102,0.11957842091843243
prostate,full,40000,105,102,102,0.04665867887081888
prostate,full,40000,105,102,102,0.015426605581458083
prostate,full,40000,105,101,101,0.12339337338457725
prostate,full,40000,105,103,103,0.30657389641500293
prostate,full,40000,105,102,102,0.2644045891754077
prostate,full,40000,105,102,102,0.19526965097513316
prostate,full,40000,105,101,101,0.2596903353064369
prostate,full,40000,105,95,95,0.2559309196177891
prostate,full,40000,105,94,94,0.2451311922263956
prostate,full,40000,105,86,86,0.2090427563511434
prostate,full,40000,105,85,85,0.25444722472204306
prostate,full,40000,105,83,83,0.26082013131813875
prostate,full,40000,105,104,104,0.09586034634017755
prostate,full,40000,105,104,104,0.03631526312172216
prostate,full,40000,105,104,104,0.27510367642014616
prostate,full,40000,105,104,104,0.16614015949473263
prostate,full,40000,105,102,102,0.10435879026546907
prostate,full,40000,105,102,102,0.014736102307851374
prostate,full,40000,105,99,99,0.16596295565186658
prostate,full,40000,105,104,104,0.07946806795059756
prostate,full,40000,105,104,104,0.13064163715641322
prostate,full,40000,105,103,103,0.11018503644002829
prostate,full,40000,105,104,104,0.1373706762412558
prostate,full,40000,105,103,103,0.2921320004534643
prostate,full,40000,105,103,103,0.25439833015234065
prostate,full,40000,105,102,102,0.1582959939636685
prostate,full,40000,105,99,99,0.25187206760163783
prostate,full,40000,105,95,95,0.34001741782312206
prostate,full,40000,105,93,93,0.30883354014400466
prostate,full,40000,105,91,91,0.2667974769454704
prostate,full,40000,105,89,89,0.20933686376885802
prostate,full,40000,105,84,84,0.2705431360787489
prostate,full,40000,105,67,67,0.2509088336824803
prostate,full,40000,105,103,103,0.0467362254001754
prostate,full,40000,105,103,103,0.2671367328462595
prostate,full,40000,105,103,103,0.222900546027052
prostate,full,40000,105,103,103,0.2131418896055118
prostate,full,40000,105,101,101,0.28620811441193944
prostate,full,40000,105,104,104,0.2583949963645479
prostate,full,40000,105,86,86,0.2501088788416028
prostate,full,40000,105,104,104,0.1934659274945446
prostate,full,40000,105,99,99,0.2684732344883168
prostate,full,40000,105,89,89,0.209399982694131
prostate,full,40000,105,96,96,0.13193960263617996
prostate,full,40000,105,91,91,0.15272699392426722
prostate,full,40000,105,89,89,0.16199041398260852
prostate,full,40000,105,81,81,0.17398931185946737
prostate,full,40000,105,80,80,0.12270871010528808
prostate,full,40000,105,78,78,0.17370210867740302
prostate,full,40000,105,73,73,0.17877386082713834
prostate,full,40000,105,104,104,0.2661517165465389
prostate,full,40000,105,104,104,0.12054889546595221
prostate,full,40000,105,103,103,0.1574427548819783
prostate,full,40000,105,102,102,0.04406758791423276
prostate,full,40000,105,101,101,0.1447531356893275
prostate,full,40000,105,100,100,0.08642179152116998
prostate,full,40000,105,104,104,0.1549446835034966
prostate,full,40000,105,104,104,0.2849146248663549
prostate,full,40000,105,102,102,0.15727709647122276
prostate,full,40000,105,104,104,0.26520517494479157
prostate,full,40000,105,104,104,0.27658007698716286
prostate,full,40000,105,104,104,0.11764584351149553
prostate,full,40000,105,104,104,0.0030678518589502806
prostate,full,40000,105,104,104,0.16359433297364387
prostate,full,40000,105,102,102,0.03232513221178324
prostate,full,40000,105,104,104,0.2784562333092474
prostate,full,40000,105,104,104,0.07481680155060683
prostate,full,40000,105,104,104,0.11961059673172512
prostate,full,40000,105,102,102,0.0412022706447727
prostate,full,40000,105,102,102,0.11860325901417575
prostate,full,40000,105,104,104,0.2941137880402672
prostate,full,40000,105,104,104,0.2118538502701538
prostate,full,40000,105,103,103,0.01830044236831099
prostate,full,40000,105,102,102,0.0882737525044624
prostate,full,40000,105,102,102,0.16135491221557158
prostate,full,40000,105,102,102,0.03393773467142684
prostate,full,40000,105,103,103,0.04844096108952083
prostate,full,40000,105,102,102,0.15477675344740677
prostate,full,40000,105,101,101,0.1500026341972857
prostate,full,40000,105,100,100,0.1386017317904249
prostate,full,40000,105,97,97,0.1678307985554637
prostate,full,40000,105,38,38,0.222833595512726
prostate,full,40000,105,104,104,0.14716583121781387
prostate,full,40000,105,97,97,0.2628932074102339
prostate,full,40000,105,88,88,0.24568946917674694
prostate,full,40000,105,88,88,0.2106820051074326
prostate,full,40000,105,103,103,0.06011587098409689
prostate,full,40000,105,102,102,0.2697087169270591
prostate,full,40000,105,101,101,0.18923412142036442
prostate,full,40000,105,101,101,0.2718346293986862
prostate,full,40000,105,38,38,0.3923933276730112
prostate,full,40000,105,102,102,0.13045556800290423
prostate,full,40000,105,100,100,0.22110794705097742
prostate,full,40000,105,99,99,0.24997216743568765
prostate,full,40000,105,104,104,0.01602534478633585
prostate,full,40000,105,104,104,0.13254644901599366
prostate,full,40000,105,100,100,0.12213887840638772
prostate,full,40000,105,99,99,0.07577457279564427
prostate,full,40000,105,95,95,0.13980789627708276
prostate,full,40000,105,86,86,0.14475141918257417
prostate,full,40000,105,104,104,0.14614324747303764
prostate,full,40000,105,104,104,0.2752282638024492
prostate,full,40000,105,104,104,0.2619889962179197
prostate,full,40000,105,102,102,0.07153936016469108
prostate,full,40000,105,104,104,0.21789742553001856
prostate,full,40000,105,104,104,0.0038195931192842305
prostate,full,40000,105,102,102,0.0467334409870279
prostate,full,40000,105,101,101,0.026485225817206838
prostate,full,40000,105,101,101,0.021985026044283294
prostate,full,40000,105,95,95,0.0575051354364158
prostate,full,40000,105,83,83,0.1334573261856782
prostate,full,40000,105,76,76,0.1322952577960804
prostate,full,40000,105,55,55,0.22426827363175886
prostate,full,40000,105,48,48,0.15154272745006997
prostate,full,40000,105,104,104,0.06270079138866988
prostate,full,40000,105,104,104,0.04396267000307763
prostate,full,40000,105,103,103,0.010832340249578536
prostate,full,40000,105,102,102,0.03971102207820482
prostate,full,40000,105,102,102,0.07379022380646515
prostate,full,40000,105,102,102,0.039127951670582695
prostate,full,40000,105,101,101,0.2323440077259497
prostate,full,40000,105,99,99,0.25552919125320245
prostate,full,40000,105,98,98,0.22909398431761996
prostate,full,40000,105,94,94,0.21708660489083156
prostate,full,40000,105,89,89,0.2094172073585771
prostate,full,40000,105,104,104,0.06026241606655126
prostate,full,40000,105,104,104,0.006701676025725855
prostate,full,40000,105,104,104,0.010645543744292493
prostate,full,40000,105,104,104,0.0246144465001489
prostate,full,40000,105,104,104,0.00959822972245097
prostate,full,40000,105,104,104,0.015236743820064078
prostate,full,40000,105,104,104,0.0027749968358086238
prostate,full,40000,105,104,104,0.05338359173774505
prostate,full,40000,105,102,102,0.022520821090034417
prostate,full,40000,105,102,102,0.04446203327436302
prostate,full,40000,105,102,102,0.037628193359307026
prostate,full,40000,105,102,102,0.02015617863636332
prostate,full,40000,105,96,96,0.33164350595153674
prostate,full,40000,105,87,87,0.3120351487524639
prostate,full,40000,105,79,79,0.3036073600614711
prostate,full,40000,105,79,79,0.31391014654422666
prostate,full,40000,105,39,39,0.34430023567075546
prostate,full,40000,105,104,104,0.2742377409755623
prostate,full,40000,105,99,99,0.2628507696613523
prostate,full,40000,105,86,86,0.21925100134819042
prostate,full,40000,105,104,104,0.12646788090859473
prostate,full,40000,105,104,104,0.06476126043915743
prostate,full,40000,105,104,104,0.0723867659300199
prostate,full,40000,105,102,102,0.0889673927731119
prostate,full,40000,105,104,104,0.2841061293422398
prostate,full,40000,105,102,102,0.25519840075982375
prostate,full,40000,105,100,100,0.2492272709713388
prostate,full,40000,105,94,94,0.2378158666075557
prostate,full,40000,105,89,89,0.27292247963688554
prostate,full,40000,105,85,85,0.20075008295684432
prostate,full,40000,105,85,85,0.23103196351706326
prostate,full,40000,105,79,79,0.2071587733482246
prostate,full,40000,105,104,104,0.26690481297833646
prostate,full,40000,105,104,104,0.16120691906627785
prostate,full,40000,105,101,101,0.07554895997724935
prostate,full,40000,105,101,101,0.08528774447713201
prostate,full,40000,105,101,101,0.10959635561047645
prostate,full,40000,105,92,92,0.16584137599158758
prostate,full,40000,105,104,104,0.06076518240330586
prostate,full,40000,105,104,104,0.013701217943136109
prostate,full,40000,105,104,104,0.05884936173762379
prostate,full,40000,105,103,103,0.026840001056473405
prostate,full,40000,105,102,102,0.04452712735272151
prostate,full,40000,105,102,102,0.1071943523718976
prostate,full,40000,105,102,102,0.04856928984874157
prostate,full,40000,105,104,104,0.06517769747967371
prostate,full,40000,105,104,104,0.05207121586373661
prostate,full,40000,105,99,99,0.09211213369406869
prostate,full,40000,105,104,104,0.29154695373869327
prostate,full,40000,105,104,104,0.1438935772696269
prostate,full,40000,105,102,102,0.19625618999797043
prostate,full,40000,105,101,101,0.19929954893733692
prostate,full,40000,105,91,91,0.15226953122630416
prostate,full,40000,105,89,89,0.16149583613320853
prostate,full,40000,105,80,80,0.12283677139740348
prostate,full,40000,105,78,78,0.17127933715283047
prostate,full,40000,105,74,74,0.1697240819618523
prostate,full,40000,105,73,73,0.178293673160472
prostate,full,40000,105,104,104,0.24187889187480194
prostate,full,40000,105,103,103,0.27185549480335514
prostate,full,40000,105,103,103,0.31473910160831653
prostate,full,40000,105,95,95,0.20013249019027185
prostate,full,40000,105,94,94,0.27559690740452175
prostate,full,40000,105,104,104,0.2516903509947878
prostate,full,40000,105,102,102,0.0707512198588947
prostate,full,40000,105,100,100,0.15072444672728216
prostate,full,40000,105,99,99,0.16969138095586728
prostate,full,40000,105,104,104,0.3077176124899201
prostate,full,40000,105,104,104,0.23103780161800344
prostate,full,40000,105,101,101,0.17860247578079425
prostate,full,40000,105,99,99,0.24481684471918833
prostate,full,40000,105,104,104,0.016751620135126953
prostate,full,40000,105,104,104,0.23899457580120373
prostate,full,40000,105,102,102,0.0968193793750319
prostate,full,40000,105,102,102,0.05665973588574997
prostate,full,40000,105,101,101,0.11299444649868426
prostate,full,40000,105,98,98,0.024869037019870862
prostate,full,40000,105,100,100,0.14447638816103045
prostate,full,40000,105,89,89,0.17173367451960111
prostate,full,40000,105,86,86,0.16174577258128908
prostate,full,40000,105,103,103,0.3113209620062839
prostate,full,40000,105,102,102,0.26997880310250333
prostate,full,40000,105,100,100,0.15615914762140207
prostate,full,40000,105,99,99,0.20974290856278013
prostate,full,40000,105,94,94,0.13203590165142703
prostate,full,40000,105,104,104,0.27810562802806604
prostate,full,40000,105,103,103,0.03239427400868083
prostate,full,40000,105,104,104,0.22154890777877684
prostate,full,40000,105,104,104,0.06039228459612316
prostate,full,40000,105,103,103,0.11132986473223971
prostate,full,40000,105,102,102,0.12485792721532935
prostate,full,40000,105,104,104,0.007471482604588526
prostate,full,40000,105,104,104,0.04222537520375942
prostate,full,40000,105,104,104,0.3023981646409648
prostate,full,40000,105,104,104,0.034311120242163845
prostate,full,40000,105,104,104,0.0247335513492101
prostate,full,40000,105,104,104,0.007585662811051668
prostate,full,40000,105,104,104,0.08373015619293125
prostate,full,40000,105,104,104,0.20273835885711672
prostate,full,40000,105,103,103,0.017938453286856625
prostate,full,40000,105,102,102,0.01733292772406065
prostate,full,40000,105,102,102,0.008687665662728513
prostate,full,40000,105,102,102,0.053406055070869214
prostate,full,40000,105,102,102,0.014341264142781432
prostate,full,40000,105,102,102,0.011680638226608602
prostate,full,40000,105,98,98,0.03682296007654274
prostate,full,40000,105,104,104,0.07051714773497213
prostate,full,40000,105,104,104,0.04111023011121266
prostate,full,40000,105,104,104,0.14933836182873342
prostate,full,40000,105,102,102,0.00860450298395698
prostate,full,40000,105,100,100,0.04803715478122432
prostate,full,40000,105,93,93,0.05088682515898883
prostate,full,40000,105,102,102,0.14699832802919335
prostate,full,40000,105,100,100,0.11975757596498392
prostate,full,40000,105,100,100,0.16053668322115938
prostate,full,40000,105,99,99,0.12413180583728264
prostate,full,40000,105,98,98,0.15919483115586736
prostate,full,40000,105,98,98,0.1294915880239051
prostate,full,40000,105,97,97,0.14684319348263897
prostate,full,40000,105,101,101,0.06501538239458725
prostate,full,40000,105,99,99,0.13208332015739202
prostate,full,40000,105,78,78,0.04350253914075024
prostate,full,40000,105,104,104,0.2823580219596933
prostate,full,40000,105,102,102,0.10600385790634545
prostate,full,40000,105,99,99,0.275829754126082
prostate,full,40000,105,85,85,0.22836627832252077
prostate,full,40000,105,104,104,0.23306832171164
prostate,full,40000,105,100,100,0.14376579904361358
prostate,full,40000,105,86,86,0.20215171565286927
prostate,full,40000,105,104,104,0.2699562942475249
prostate,full,40000,105,103,103,0.29690144517748995
prostate,full,40000,105,103,103,0.247975514217132
prostate,full,40000,105,102,102,0.09337447173320013
prostate,full,40000,105,99,99,0.24094582837067754
prostate,full,40000,105,99,99,0.19088376760046907
prostate,full,40000,105,90,90,0.21517261126866646
prostate,full,40000,105,104,104,0.02508900058824191
prostate,full,40000,105,103,103,0.17557004449089406
prostate,full,40000,105,100,100,0.28795702778331017
prostate,full,40000,105,98,98,0.30465854271646264
prostate,full,40000,105,94,94,0.22374178519988858
prostate,full,40000,105,104,104,0.2857998628560772
prostate,full,40000,105,104,104,0.18715893411854914
prostate,full,40000,105,103,103,0.3063780487151024
prostate,full,40000,105,95,95,0.2678881053400287
prostate,full,40000,105,85,85,0.24375543440526298
prostate,full,40000,105,78,78,0.23961733400768237
prostate,full,40000,105,104,104,0.010665478667055242
prostate,full,40000,105,104,104,0.23440201362574337
prostate,full,40000,105,104,104,0.03783547708187723
prostate,full,40000,105,104,104,0.06326019137786022
prostate,full,40000,105,102,102,0.03456698684352106
prostate,full,40000,105,102,102,0.09042656103340047
prostate,full,40000,105,90,90,0.09220579699584547
prostate,full,40000,105,90,90,0.060753955041581285
prostate,full,40000,105,89,89,0.14128107676137458
prostate,full,40000,105,89,89,0.12646855469473575
prostate,full,40000,105,87,87,0.1404084493401553
prostate,full,40000,105,87,87,0.15891354101090174
prostate,full,40000,105,86,86,0.1546440181967944
prostate,full,40000,105,85,85,0.15405829825806514
prostate,full,40000,105,82,82,0.15416324592370692
prostate,full,40000,105,39,39,0.21414669188456437
prostate,full,40000,105,49,49,0.3448512999847395
prostate,full,40000,105,104,104,0.3027083917510754
prostate,full,40000,105,104,104,0.22453744769764938
prostate,full,40000,105,89,89,0.1851245153559304
prostate,full,40000,105,42,42,0.35070783881496026
prostate,full,40000,105,104,104,0.25126474825171063
prostate,full,40000,105,70,70,0.3145607464701168
prostate,full,40000,105,104,104,0.021815767258884757
prostate,full,40000,105,104,104,0.0037398835781010335
prostate,full,40000,105,104,104,0.2811302046695779
prostate,full,40000,105,104,104,0.032371421024395136
prostate,full,40000,105,104,104,0.27422596159803153
prostate,full,40000,105,103,103,0.02766825512269442
prostate,full,40000,105,103,103,0.018478462548056174
prostate,full,40000,105,102,102,0.17213432830782424
prostate,full,40000,105,102,102,0.10134362290325742
prostate,full,40000,105,102,102,0.010387788793207925
prostate,full,40000,105,102,102,0.030479110788245063
prostate,full,40000,105,104,104,0.22057901436688324
prostate,full,40000,105,104,104,0.05099315935973556
prostate,full,40000,105,104,104,0.12186524818105278
prostate,full,40000,105,102,102,0.09224446550294756
prostate,full,40000,105,82,82,0.1579142939939729
prostate,full,40000,105,49,49,0.23313466200178373
prostate,full,40000,105,78,78,0.17018452991080174
prostate,full,40000,105,69,69,0.1543686422413818
prostate,full,40000,105,69,69,0.15257606998021317
prostate,full,40000,105,42,42,0.22075867338686403
prostate,full,40000,105,104,104,0.00946965196918622
prostate,full,40000,105,104,104,0.05972066599921193
prostate,full,40000,105,104,104,0.05435963320971915
prostate,full,40000,105,102,102,0.04197207769327984
prostate,full,40000,105,102,102,0.07726030154053942
prostate,full,40000,105,104,104,0.0
prostate,full,40000,105,104,104,0.17328890475306574
prostate,full,40000,105,104,104,0.08692322381449041
prostate,full,40000,105,103,103,0.0
prostate,full,40000,105,103,103,0.0
prostate,full,40000,105,100,100,0.1092273420765552
prostate,full,40000,105,96,96,0.10205061535135646
prostate,full,40000,105,104,104,0.0613305049425725
prostate,full,40000,105,104,104,0.005915204335732661
prostate,full,40000,105,104,104,0.015273125054984746
prostate,full,40000,105,104,104,0.05516223198315731
prostate,full,40000,105,104,104,0.01272748410169945
prostate,full,40000,105,101,101,0.022394541434521218
prostate,full,40000,105,99,99,0.016732724965630098
prostate,full,40000,105,98,98,0.11157260689442375
prostate,full,40000,105,96,96,0.15244005413205022
prostate,full,40000,105,102,102,0.10602081642141095
prostate,full,40000,105,102,102,0.1536356200328962
prostate,full,40000,105,38,38,0.27249232403367574
prostate,full,40000,105,104,104,0.2878415807660861
prostate,full,40000,105,101,101,0.15698183931385304
prostate,full,40000,105,99,99,0.15631578432917193
prostate,full,40000,105,104,104,0.231945875790457
prostate,full,40000,105,104,104,0.06337216712432368
prostate,full,40000,105,102,102,0.15266148753028552
prostate,full,40000,105,102,102,0.019757641097251668
prostate,full,40000,105,102,102,0.05426103066694704
prostate,full,40000,105,101,101,0.12217949870327353
prostate,full,40000,105,104,104,0.2924603109479846
prostate,full,40000,105,104,104,0.20230969595764492
prostate,full,40000,105,104,104,0.26791797826877767
prostate,full,40000,105,86,86,0.2302456279532581
prostate,full,40000,105,104,104,0.09792507482650589
prostate,full,40000,105,104,104,0.2214176941544025
prostate,full,40000,105,102,102,0.11869679371144078
prostate,full,40000,105,103,103,0.28034788906663566
prostate,full,40000,105,102,102,0.2744048817174527
prostate,full,40000,105,100,100,0.2013579447727839
prostate,full,40000,105,98,98,0.2255714068468492
prostate,full,40000,105,38,38,0.32956821530658753
prostate,full,40000,105,104,104,0.1378915098626911
prostate,full,40000,105,104,104,0.07087959983968953
prostate,full,40000,105,96,96,0.13862898492641715
prostate,full,40000,105,104,104,0.28177404838637804
prostate,full,40000,105,100,100,0.21109406425138702
prostate,full,40000,105,99,99,0.19918864405585288
prostate,full,40000,105,104,104,0.25592807624601166
prostate,full,40000,105,102,102,0.015373748280812087
prostate,full,40000,105,97,97,0.16662761265977788
prostate,full,40000,105,97,97,0.19154082894325086
prostate,full,40000,105,95,95,0.11372596976357383
prostate,full,40000,105,104,104,0.27003165522517697
prostate,full,40000,105,104,104,0.1016433920215746
prostate,full,40000,105,104,104,0.20950015807533398
prostate,full,40000,105,102,102,0.019522324863119733
prostate,full,40000,105,100,100,0.16039445565628122
prostate,full,40000,105,104,104,0.3372234171437856
prostate,full,40000,105,98,98,0.24208101593150919
prostate,full,40000,105,104,104,0.29426429728958514
prostate,full,40000,105,104,104,0.13695968578100443
prostate,full,40000,105,102,102,0.3157911628772048
prostate,full,40000,105,97,97,0.14944621618657317
prostate,full,40000,105,104,104,0.018542777433187052
prostate,full,40000,105,104,104,0.06821649439287816
prostate,full,40000,105,104,104,0.022742075154057958
prostate,full,40000,105,104,104,0.11574186481360942
prostate,full,40000,105,102,102,0.08820908288939593
prostate,full,40000,105,102,102,0.035108011595627264
prostate,full,40000,105,101,101,0.12386794730777786
prostate,full,40000,105,100,100,0.13651585613895503
prostate,full,40000,105,103,103,0.08176734985172147
prostate,full,40000,105,103,103,0.03139211993237358
prostate,full,40000,105,101,101,0.07201554698259081
prostate,full,40000,105,86,86,0.11752245385936631
prostate,full,40000,105,86,86,0.13684310191408203
prostate,full,40000,105,55,55,0.19622138232375863
prostate,full,40000,105,104,104,0.203358166599882
prostate,full,40000,105,103,103,0.24049755605041184
prostate,full,40000,105,103,103,0.24566054257967776
prostate,full,40000,105,101,101,0.2548682272741494
prostate,full,40000,105,100,100,0.1382893661582381
prostate,full,40000,105,97,97,0.18843282195179953
prostate,full,40000,105,92,92,0.19658047666297426
prostate,full,40000,105,104,104,0.2264626047459455
prostate,full,40000,105,101,101,0.11186954465399937
prostate,full,40000,105,86,86,0.2271413526526122
prostate,full,40000,105,104,104,0.017015976776905514
prostate,full,40000,105,93,93,0.32402120585646305
prostate,full,40000,105,89,89,0.2590844791114778
prostate,full,40000,105,104,104,0.061570785390778586
prostate,full,40000,105,104,104,0.1695501608797227
prostate,full,40000,105,104,104,0.27981241319544614
prostate,full,40000,105,102,102,0.07393471863446713
prostate,full,40000,105,91,91,0.15495519824243295
prostate,full,40000,105,89,89,0.16252754831843913
prostate,full,40000,105,80,80,0.1197218627044609
prostate,full,40000,105,78,78,0.17527379973439164
prostate,full,40000,105,74,74,0.16890199185227517
prostate,full,40000,105,73,73,0.17790404330515797
prostate,full,40000,105,104,104,0.018406282776515025
prostate,full,40000,105,104,104,0.017117945445500164
prostate,full,40000,105,104,104,0.24361574514900888
prostate,full,40000,105,104,104,0.007338878802153079
prostate,full,40000,105,104,104,0.22340407643083163
prostate,full,40000,105,104,104,0.003883743560811836
prostate,full,40000,105,104,104,0.06718546515697973
prostate,full,40000,105,104,104,0.0006424820739660571
prostate,full,40000,105,102,102,0.008738737020978316
prostate,full,40000,105,102,102,0.04991584129908639
prostate,full,40000,105,102,102,0.11879264509122572
prostate,full,40000,105,104,104,0.2357071188818269
prostate,full,40000,105,101,101,0.11766970310635082
prostate,full,40000,105,98,98,0.028727699762271304
prostate,full,40000,105,95,95,0.08185000100999035
prostate,full,40000,105,93,93,0.15354325610161337
prostate,full,40000,105,104,104,0.13429857349266736
prostate,full,40000,105,104,104,0.06204458470557488
prostate,full,40000,105,102,102,0.0792634194936111
prostate,full,40000,105,102,102,0.04986215151819307
prostate,full,40000,105,101,101,0.10664802987732748
prostate,full,40000,105,100,100,0.04057461635257949
prostate,full,40000,105,99,99,0.035952680668078
prostate,full,40000,105,91,91,0.05070313265554257
prostate,full,40000,105,99,99,0.24264806345763212
prostate,full,40000,105,89,89,0.2200898680530679
prostate,full,40000,105,39,39,0.35824974901085166
prostate,full,40000,105,67,67,0.16443428793149095
prostate,full,40000,105,55,55,0.19858737448959618
prostate,full,40000,105,49,49,0.15155895795522206
prostate,full,40000,105,48,48,0.15109025498341716
prostate,full,40000,105,44,44,0.20082712319199816
prostate,full,40000,105,102,102,0.13507871617627984
prostate,full,40000,105,99,99,0.12828842436928103
prostate,full,40000,105,87,87,0.15291973824396324
prostate,full,40000,105,38,38,0.2515164603941192
prostate,full,40000,105,104,104,0.30927914511009497
prostate,full,40000,105,101,101,0.1803577645209818
prostate,full,40000,105,98,98,0.19365442646737518
prostate,full,40000,105,86,86,0.266451435097191
prostate,full,40000,105,104,104,0.29061659046753185
prostate,full,40000,105,100,100,0.19010792350228217
prostate,full,40000,105,89,89,0.22640967777789595
prostate,full,40000,105,86,86,0.27125042439430935
prostate,full,40000,105,86,86,0.2554716803008705
prostate,full,40000,105,78,78,0.24227085140630303
prostate,full,40000,105,103,103,0.30629323933822694
prostate,full,40000,105,97,97,0.2784717959211395
prostate,full,40000,105,96,96,0.2434419639168274
prostate,full,40000,105,93,93,0.1096106936128605
prostate,full,40000,105,80,80,0.24382599646481262
prostate,full,40000,105,103,103,0.21425778336918203
prostate,full,40000,105,102,102,0.2508734889957718
prostate,full,40000,105,83,83,0.1540475621430398
prostate,full,40000,105,104,104,0.03573750159178499
prostate,full,40000,105,104,104,0.07619928653487196
prostate,full,40000,105,104,104,0.06399470124141875
prostate,full,40000,105,102,102,0.04593679036713619
prostate,full,40000,105,102,102,0.08256796629029665
prostate,full,40000,105,102,102,0.06347427408419075
prostate,full,40000,105,102,102,0.02712660684180089
prostate,full,40000,105,102,102,0.058094497868780536
prostate,full,40000,105,100,100,0.03109966856677486
prostate,full,40000,105,98,98,0.040904940675139057
prostate,full,40000,105,104,104,0.25241805134530526
prostate,full,40000,105,104,104,0.18285560887922508
prostate,full,40000,105,104,104,0.1352828260136939
prostate,full,40000,105,104,104,0.2834144656418035
prostate,full,40000,105,104,104,0.14954804093228236
prostate,full,40000,105,102,102,0.11060943089035084
prostate,full,40000,105,102,102,0.029727715606040893
prostate,full,40000,105,102,102,0.07567671854182592
prostate,full,40000,105,102,102,0.08506255147498808
prostate,full,40000,105,100,100,0.10348239369425469
prostate,full,40000,105,104,104,0.01967642273572944
prostate,full,40000,105,104,104,0.01703770335044892
prostate,full,40000,105,104,104,0.006004246673087527
prostate,full,40000,105,104,104,0.002375399101315767
prostate,full,40000,105,104,104,0.1982798820230956
prostate,full,40000,105,104,104,0.1010055226801667
prostate,full,40000,105,104,104,0.014297086218544652
prostate,full,40000,105,104,104,0.08046325009939653
prostate,full,40000,105,103,103,0.09351189815484993
prostate,full,40000,105,102,102,0.11946761943857333
prostate,full,40000,105,102,102,0.027798577163755698
prostate,full,40000,105,102,102,0.02038386045528493
prostate,full,40000,105,104,104,0.289037230635552
prostate,full,40000,105,104,104,0.29585546548348435
prostate,full,40000,105,102,102,0.0962590626144545
prostate,full,40000,105,104,104,0.19471234036841747
prostate,full,40000,105,102,102,0.11996010075811067
prostate,full,40000,105,101,101,0.14129409289306058
prostate,full,40000,105,94,94,0.06413151814529125
prostate,full,40000,105,104,104,0.09985050864804533
prostate,full,40000,105,104,104,0.24509114184410527
prostate,full,40000,105,102,102,0.16441638512374318
prostate,full,40000,105,104,104,0.0010809156625628705
prostate,full,40000,105,104,104,0.21350415422356195
prostate,full,40000,105,104,104,0.2452936835006019
prostate,full,40000,105,104,104,0.001512093299040989
prostate,full,40000,105,102,102,0.0635832735966621
prostate,full,40000,105,102,102,0.07276058769994415
prostate,full,40000,105,99,99,0.018018967684390944
prostate,full,40000,105,103,103,0.3331817480376472
prostate,full,40000,105,91,91,0.25191319177743
prostate,full,40000,105,89,89,0.17842398442899662
prostate,full,40000,105,98,98,0.12684858801365212
prostate,full,40000,105,97,97,0.09083643560084788
prostate,full,40000,105,86,86,0.08700859758218135
prostate,full,40000,105,77,77,0.14148158567109176
prostate,full,40000,105,48,48,0.1676339218259598
prostate,full,40000,105,44,44,0.15845723062341088
prostate,full,40000,105,103,103,0.1479625914962991
prostate,full,40000,105,103,103,0.08202035596259025
prostate,full,40000,105,102,102,0.142363439373153
prostate,full,40000,105,102,102,0.14875130913488618
prostate,full,40000,105,97,97,0.2443458091320954
prostate,full,40000,105,96,96,0.19995253346027297
prostate,full,40000,105,93,93,0.16857584354550256
prostate,full,40000,105,79,79,0.16097294076979923
prostate,full,40000,105,74,74,0.17568757274147187
prostate,full,40000,105,74,74,0.1616829725683923
prostate,full,40000,105,73,73,0.1499207173342044
prostate,full,40000,105,104,104,0.27776903267839465
prostate,full,40000,105,104,104,0.015391284542323217
prostate,full,40000,105,104,104,0.24162231739221113
prostate,full,40000,105,103,103,0.0022941881988795213
prostate,full,40000,105,102,102,0.003977481741848453
prostate,full,40000,105,102,102,0.06395314972973508
prostate,full,40000,105,102,102,0.08499742515614722
prostate,full,40000,105,104,104,0.13400799153901707
prostate,full,40000,105,104,104,0.01624811724031113
prostate,full,40000,105,104,104,0.024339676858321255
prostate,full,40000,105,104,104,0.06213232516653281
prostate,full,40000,105,104,104,0.011062678864829794
prostate,full,40000,105,102,102,0.07480529970358538
prostate,full,40000,105,102,102,0.042623800130995
prostate,full,40000,105,100,100,0.048021843198973
prostate,full,40000,105,99,99,0.04454011766301911
prostate,full,40000,105,96,96,0.015048914474850177
prostate,full,40000,105,91,91,0.06006738000215192
prostate,full,40000,105,103,103,0.062326058347527746
prostate,full,40000,105,103,103,0.25641509198654805
prostate,full,40000,105,101,101,0.2143321184213844
prostate,full,40000,105,85,85,0.16529047549485146
prostate,full,40000,105,104,104,0.02524806898237393
prostate,full,40000,105,104,104,0.13199265355460005
prostate,full,40000,105,102,102,0.07653163868909546
prostate,full,40000,105,101,101,0.10592397842344967
prostate,full,40000,105,99,99,0.07399153649209554
prostate,full,40000,105,82,82,0.05015159254464757
prostate,full,40000,105,104,104,0.017506341869853302
prostate,full,40000,105,104,104,0.0566472717695541
prostate,full,40000,105,102,102,0.008586306239523375
prostate,full,40000,105,101,101,0.07633391043099075
prostate,full,40000,105,86,86,0.13942353047451742
prostate,full,40000,105,86,86,0.15226821094809884
prostate,full,40000,105,104,104,0.1380208879547022
prostate,full,40000,105,99,99,0.13044530901423818
prostate,full,40000,105,104,104,0.23946932479077596
prostate,full,40000,105,101,101,0.11050226576482595
prostate,full,40000,105,98,98,0.025063794749155183
prostate,full,40000,105,93,93,0.1536546498309765
prostate,full,40000,105,86,86,0.23771889618719824
prostate,full,40000,105,99,99,0.06932466873751197
prostate,full,40000,105,59,59,0.14362198032027926
prostate,full,40000,105,102,102,0.215729800664512
prostate,full,40000,105,101,101,0.280149752071704
prostate,full,40000,105,100,100,0.28404696482006103
prostate,full,40000,105,98,98,0.18796627875630903
prostate,full,40000,105,98,98,0.2249655037727314
prostate,full,40000,105,96,96,0.21055002736780049
prostate,full,40000,105,88,88,0.1625492523406371
prostate,full,40000,105,88,88,0.24717428918123013
prostate,full,40000,105,88,88,0.2513200099237856
prostate,full,40000,105,104,104,0.12686230936290085
prostate,full,40000,105,104,104,0.0376230459081605
prostate,full,40000,105,104,104,0.061676101921465144
prostate,full,40000,105,102,102,0.0447422874766108
prostate,full,40000,105,102,102,0.035473207634112124
prostate,full,40000,105,102,102,0.05039372317198526
prostate,full,40000,105,101,101,0.10133698616957512
prostate,full,40000,105,102,102,0.23964145880792267
prostate,full,40000,105,101,101,0.22081137635775974
prostate,full,40000,105,100,100,0.2310111324731608
prostate,full,40000,105,99,99,0.15335850847568933
prostate,full,40000,105,99,99,0.24917788858560272
prostate,full,40000,105,94,94,0.11190713423085409
prostate,full,40000,105,104,104,0.1361432547814299
prostate,full,40000,105,104,104,0.06965141639763338
prostate,full,40000,105,103,103,0.009489409076827798
prostate,full,40000,105,102,102,0.046880634822777746
prostate,full,40000,105,102,102,0.09980314592742862
prostate,full,40000,105,68,68,0.252595811114563
prostate,full,40000,105,42,42,0.3585821784105101
prostate,full,40000,105,104,104,0.21164875352051807
prostate,full,40000,105,101,101,0.12909128971219389
prostate,full,40000,105,99,99,0.14430673661355964
prostate,full,40000,105,94,94,0.1034686072352531
prostate,full,40000,105,104,104,0.23194626495162962
prostate,full,40000,105,102,102,0.13288077899025305
prostate,full,40000,105,100,100,0.16267930232023375
prostate,full,40000,105,103,103,0.01894686463152141
prostate,full,40000,105,103,103,0.06388114344501611
prostate,full,40000,105,100,100,0.11277179017639734
prostate,full,40000,105,99,99,0.12875962417287487
prostate,full,40000,105,104,104,0.0011675240587812837
prostate,full,40000,105,104,104,0.2729819040385791
prostate,full,40000,105,104,104,0.28513392949226873
prostate,full,40000,105,103,103,0.12523677268961053
prostate,full,40000,105,102,102,0.09694091678255055
prostate,full,40000,105,101,101,0.1772840629878513
prostate,full,40000,105,104,104,0.06510852288542622
prostate,full,40000,105,104,104,0.2924029964537026
prostate,full,40000,105,103,103,0.17161545989267865
prostate,full,40000,105,101,101,0.17367004747734896
prostate,full,40000,105,101,101,0.1688456551970974
prostate,full,40000,105,100,100,0.0646119647436813
prostate,full,40000,105,92,92,0.06940473503896674
prostate,full,40000,105,104,104,0.0574388377199999
prostate,full,40000,105,101,101,0.06658972191249488
prostate,full,40000,105,100,100,0.11801807231102904
prostate,full,40000,105,99,99,0.011960597671587497
prostate,full,40000,105,96,96,0.12560536100204633
prostate,full,40000,105,95,95,0.14597616433062205
prostate,full,40000,105,86,86,0.12254812603899547
prostate,full,40000,105,89,89,0.2139644361877905
prostate,full,40000,105,87,87,0.20231129279575527
prostate,full,40000,105,85,85,0.18907472439588338
prostate,full,40000,105,82,82,0.20020434507814622
prostate,full,40000,105,81,81,0.2131207982051222
prostate,full,40000,105,75,75,0.1694929164992088
prostate,full,40000,105,74,74,0.18548935575536635
prostate,full,40000,105,73,73,0.20234320772529577
prostate,full,40000,105,39,39,0.29971715702053786
prostate,full,40000,106,105,105,0.05339587468840519
prostate,full,40000,106,104,104,0.22661071746540598
prostate,full,40000,106,104,104,0.25963751949918346
prostate,full,40000,106,99,99,0.2106324782383438
prostate,full,40000,106,99,99,0.22479037667830032
prostate,full,40000,106,98,98,0.2482532777761822
prostate,full,40000,106,90,90,0.21663759045880052
prostate,full,40000,106,105,105,0.006615948012766858
prostate,full,40000,106,105,105,0.002119239819436607
prostate,full,40000,106,105,105,0.0006858585568337923
prostate,full,40000,106,105,105,0.25411813807966754
prostate,full,40000,106,105,105,0.1451306613642293
prostate,full,40000,106,105,105,0.0011767815181911484
prostate,full,40000,106,100,100,0.06918375134826918
prostate,full,40000,106,93,93,0.044760604525924695
prostate,full,40000,106,105,105,0.231021556672361
prostate,full,40000,106,105,105,0.06669968685424016
prostate,full,40000,106,101,101,0.14807664622570973
prostate,full,40000,106,100,100,0.15951519744920753
prostate,full,40000,106,105,105,0.25645188083138704
prostate,full,40000,106,102,102,0.22577985493016708
prostate,full,40000,106,102,102,0.18512770662274747
prostate,full,40000,106,100,100,0.224475349715993
prostate,full,40000,106,104,104,0.2836594107552321
prostate,full,40000,106,104,104,0.043404156876252334
prostate,full,40000,106,104,104,0.3195957430119545
prostate,full,40000,106,103,103,0.24244996740095018
prostate,full,40000,106,103,103,0.22216442929754607
prostate,full,40000,106,86,86,0.21245886666767821
prostate,full,40000,106,85,85,0.21346689945990888
prostate,full,40000,106,84,84,0.2064410354243602
prostate,full,40000,106,84,84,0.21194450645398838
prostate,full,40000,106,83,83,0.22109721758406986
prostate,full,40000,106,71,71,0.17798884251655675
prostate,full,40000,106,68,68,0.27613830434444936
prostate,full,40000,106,49,49,0.32602145956872225
prostate,full,40000,106,105,105,0.09741320010656487
prostate,full,40000,106,105,105,0.05092513539419098
prostate,full,40000,106,105,105,0.2133880707000689
prostate,full,40000,106,102,102,0.06700558552447577
prostate,full,40000,106,98,98,0.1119072605731536
prostate,full,40000,106,93,93,0.12436539533420168
prostate,full,40000,106,88,88,0.12215778725202336
prostate,full,40000,106,102,102,0.01174518391837194
prostate,full,40000,106,100,100,0.11161109199120547
prostate,full,40000,106,89,89,0.0514073356031004
prostate,full,40000,106,87,87,0.13762319611493148
prostate,full,40000,106,105,105,0.07346932066769304
prostate,full,40000,106,105,105,0.14202064325127806
prostate,full,40000,106,105,105,0.006408871774997275
prostate,full,40000,106,105,105,0.07659317553755197
prostate,full,40000,106,104,104,0.013080126411857894
prostate,full,40000,106,103,103,0.09667783225250924
prostate,full,40000,106,102,102,0.02043933016004745
prostate,full,40000,106,100,100,0.06358312733656546
prostate,full,40000,106,105,105,0.26285635471008223
prostate,full,40000,106,105,105,0.16115247004707875
prostate,full,40000,106,105,105,0.059207223230792506
prostate,full,40000,106,103,103,0.0006215477300328055
prostate,full,40000,106,103,103,0.05529619864558667
prostate,full,40000,106,105,105,0.1853958806710731
prostate,full,40000,106,105,105,0.023008860811896518
prostate,full,40000,106,105,105,0.24917331326395717
prostate,full,40000,106,103,103,0.09225242553596268
prostate,full,40000,106,102,102,0.09669125805156323
prostate,full,40000,106,102,102,0.02898659962941853
prostate,full,40000,106,95,95,0.2366237141526268
prostate,full,40000,106,105,105,0.16475434163609037
prostate,full,40000,106,105,105,0.33102805379472505
prostate,full,40000,106,103,103,0.13834465179084723
prostate,full,40000,106,105,105,0.009979482826217969
prostate,full,40000,106,105,105,0.1597800059298179
prostate,full,40000,106,104,104,0.09180789736375558
prostate,full,40000,106,104,104,0.11866330383666143
prostate,full,40000,106,103,103,0.03857894458034366
prostate,full,40000,106,100,100,0.08078090183090421
prostate,full,40000,106,99,99,0.15549656658861968
prostate,full,40000,106,105,105,0.076484966867452
prostate,full,40000,106,105,105,0.31057022458676703
prostate,full,40000,106,105,105,0.24194368003848743
prostate,full,40000,106,100,100,0.15053847392775707
prostate,full,40000,106,105,105,0.0515662925219324
prostate,full,40000,106,101,101,0.10862401295057988
prostate,full,40000,106,91,91,0.14677264233987697
prostate,full,40000,106,62,62,0.14619449991900274
prostate,full,40000,106,105,105,0.023554380710720083
prostate,full,40000,106,102,102,0.07089987959828342
prostate,full,40000,106,101,101,0.1065691991949335
prostate,full,40000,106,104,104,0.041609469170151986
prostate,full,40000,106,38,38,0.19502661141010438
prostate,full,40000,106,105,105,0.266785136716871
prostate,full,40000,106,105,105,0.07284469381905215
prostate,full,40000,106,105,105,0.12983596805012315
prostate,full,40000,106,105,105,0.006424487850435393
prostate,full,40000,106,103,103,0.11595244573830486
prostate,full,40000,106,103,103,0.06881867884678451
prostate,full,40000,106,104,104,0.0829329726605942
prostate,full,40000,106,89,89,0.13941538002726828
prostate,full,40000,106,88,88,0.13643052393931832
prostate,full,40000,106,39,39,0.22169884925317065
prostate,full,40000,106,38,38,0.22805545415920064
prostate,full,40000,106,103,103,0.34542233793357385
prostate,full,40000,106,89,89,0.22754550729495587
prostate,full,40000,106,86,86,0.29442124338939585
prostate,full,40000,106,80,80,0.32142056012648057
prostate,full,40000,106,98,98,0.11277940025883093
prostate,full,40000,106,98,98,0.08208973526008442
prostate,full,40000,106,97,97,0.029303184485104595
prostate,full,40000,106,86,86,0.13806130203091227
prostate,full,40000,106,104,104,0.009544384240670455
prostate,full,40000,106,101,101,0.11308863182204582
prostate,full,40000,106,98,98,0.056749633095965514
prostate,full,40000,106,87,87,0.13565622420789397
prostate,full,40000,106,105,105,0.13719805191226714
prostate,full,40000,106,96,96,0.1016772502569417
prostate,full,40000,106,105,105,0.024096569709816173
prostate,full,40000,106,105,105,0.15281238547646656
prostate,full,40000,106,105,105,0.0511392786671837
prostate,full,40000,106,101,101,0.05320474179328776
prostate,full,40000,106,100,100,0.07330247390024507
prostate,full,40000,106,98,98,0.0701215360660545
prostate,full,40000,106,98,98,0.03397271760775461
prostate,full,40000,106,93,93,0.0987720763552158
prostate,full,40000,106,104,104,0.012736567850651961
prostate,full,40000,106,103,103,0.0183816047873062
prostate,full,40000,106,102,102,0.10541465452406457
prostate,full,40000,106,101,101,0.11439631626108843
prostate,full,40000,106,89,89,0.047470286199406325
prostate,full,40000,106,87,87,0.13802760468288292
prostate,full,40000,106,105,105,0.25988299562107275
prostate,full,40000,106,105,105,0.27435112889177227
prostate,full,40000,106,100,100,0.14848631566225032
prostate,full,40000,106,99,99,0.20029212916539518
prostate,full,40000,106,105,105,0.11074028848832748
prostate,full,40000,106,105,105,0.2789486687969842
prostate,full,40000,106,105,105,0.11617574413083784
prostate,full,40000,106,103,103,0.1544264245623618
prostate,full,40000,106,105,105,0.24809380110926899
prostate,full,40000,106,103,103,0.15065543352684588
prostate,full,40000,106,102,102,0.21305454397439497
prostate,full,40000,106,105,105,0.1092713626117837
prostate,full,40000,106,105,105,0.1422246145766872
prostate,full,40000,106,105,105,0.27892507678834466
prostate,full,40000,106,104,104,0.026159171648910847
prostate,full,40000,106,103,103,0.1381854880288067
prostate,full,40000,106,96,96,0.07604525860087716
prostate,full,40000,106,94,94,0.12297483695755057
prostate,full,40000,106,91,91,0.14825657137617848
prostate,full,40000,106,91,91,0.07300728807357657
prostate,full,40000,106,85,85,0.1906665922862974
prostate,full,40000,106,78,78,0.17369478220962076
prostate,full,40000,106,70,70,0.15691478693385358
prostate,full,40000,106,67,67,0.16157271312494545
prostate,full,40000,106,67,67,0.1657260972871869
prostate,full,40000,106,63,63,0.15597317988706455
prostate,full,40000,106,105,105,0.2562205077621116
prostate,full,40000,106,104,104,0.03046925956401751
prostate,full,40000,106,101,101,0.16133324149389752
prostate,full,40000,106,87,87,0.22165658890310447
prostate,full,40000,106,105,105,0.11559117352768304
prostate,full,40000,106,105,105,0.3191621904403769
prostate,full,40000,106,105,105,0.2306327096319843
prostate,full,40000,106,103,103,0.04814594698990663
prostate,full,40000,106,103,103,0.07382374342210658
prostate,full,40000,106,103,103,0.14862115191983358
prostate,full,40000,106,102,102,0.18087192859176063
prostate,full,40000,106,103,103,0.2649827266565554
prostate,full,40000,106,83,83,0.19904866929900408
prostate,full,40000,106,105,105,0.25043872540088274
prostate,full,40000,106,105,105,0.26786989825968927
prostate,full,40000,106,102,102,0.13940492584518235
prostate,full,40000,106,100,100,0.17811653582351678
prostate,full,40000,106,99,99,0.09314093259851172
prostate,full,40000,106,90,90,0.1268576031057347
prostate,full,40000,106,105,105,0.2274674493768884
prostate,full,40000,106,100,100,0.28842276847733284
prostate,full,40000,106,98,98,0.2587974512319865
prostate,full,40000,106,93,93,0.300342414633619
prostate,full,40000,106,90,90,0.24935860232440182
prostate,full,40000,106,105,105,0.25212326265875323
prostate,full,40000,106,105,105,0.1800106013027033
prostate,full,40000,106,103,103,0.028082985921856676
prostate,full,40000,106,103,103,0.1957381669730215
prostate,full,40000,106,102,102,0.19120090305222714
prostate,full,40000,106,102,102,0.12071917053689699
prostate,full,40000,106,97,97,0.16477650991258785
prostate,full,40000,106,95,95,0.22738989351292752
prostate,full,40000,106,105,105,0.22682455570057589
prostate,full,40000,106,103,103,0.08786612082318014
prostate,full,40000,106,103,103,0.20998473979533283
prostate,full,40000,106,103,103,0.16744066806776856
prostate,full,40000,106,102,102,0.15041126691738463
prostate,full,40000,106,102,102,0.17855989187806695
prostate,full,40000,106,105,105,0.2655339609558527
prostate,full,40000,106,105,105,0.19376880620027798
prostate,full,40000,106,105,105,0.006648397008309842
prostate,full,40000,106,105,105,0.1563010290437864
prostate,full,40000,106,105,105,0.013134982570850337
prostate,full,40000,106,105,105,0.021822016800630346
prostate,full,40000,106,103,103,0.05008896550922671
prostate,full,40000,106,103,103,0.08321747772137042
prostate,full,40000,106,103,103,0.164708407392317
prostate,full,40000,106,103,103,0.04518800284317439
prostate,full,40000,106,99,99,0.06316705115284896
prostate,full,40000,106,105,105,0.2643653863122451
prostate,full,40000,106,105,105,0.08905534295395526
prostate,full,40000,106,105,105,0.24562459836310843
prostate,full,40000,106,104,104,0.006903216182511185
prostate,full,40000,106,99,99,0.09690041869950865
prostate,full,40000,106,104,104,0.13962958650317547
prostate,full,40000,106,104,104,0.20756538579710146
prostate,full,40000,106,104,104,0.2726189170768751
prostate,full,40000,106,99,99,0.19254807477439095
prostate,full,40000,106,99,99,0.20492032970929572
prostate,full,40000,106,102,102,0.0977542138416394
prostate,full,40000,106,79,79,0.15182444018575647
prostate,full,40000,106,48,48,0.19452125429724623
prostate,full,40000,106,44,44,0.19037687472646517
prostate,full,40000,106,105,105,0.3011268428469558
prostate,full,40000,106,78,78,0.36747429181675634
prostate,full,40000,106,69,69,0.3299463706072782
prostate,full,40000,106,69,69,0.30936901873745926
prostate,full,40000,106,42,42,0.42742558460086116
prostate,full,40000,106,105,105,0.214985923375523
prostate,full,40000,106,87,87,0.19098837627551418
prostate,full,40000,106,105,105,0.21286765339551006
prostate,full,40000,106,100,100,0.2464814386168257
prostate,full,40000,106,98,98,0.26884288339907086
prostate,full,40000,106,93,93,0.3052766495758055
prostate,full,40000,106,90,90,0.22956267794312413
prostate,full,40000,106,105,105,0.13857620118619093
prostate,full,40000,106,102,102,0.11211339301926039
prostate,full,40000,106,100,100,0.06710106070370565
prostate,full,40000,106,99,99,0.08658952650017968
prostate,full,40000,106,96,96,0.13919167411508168
prostate,full,40000,106,90,90,0.1447514755949038
prostate,full,40000,106,87,87,0.15147825273221832
prostate,full,40000,106,82,82,0.06586673656084448
prostate,full,40000,106,105,105,0.1331716925344257
prostate,full,40000,106,105,105,0.325753241275863
prostate,full,40000,106,87,87,0.22219720541562166
prostate,full,40000,106,105,105,0.0035452144950531843
prostate,full,40000,106,105,105,0.012867369419272277
prostate,full,40000,106,105,105,0.05255572366901764
prostate,full,40000,106,105,105,0.006639977154230129
prostate,full,40000,106,104,104,0.0046860155831397
prostate,full,40000,106,103,103,0.054619074775407984
prostate,full,40000,106,103,103,0.025227281979010193
prostate,full,40000,106,103,103,0.019489279307293574
prostate,full,40000,106,103,103,0.059904727013018216
prostate,full,40000,106,103,103,0.02583165726583673
prostate,full,40000,106,103,103,0.08055647233313665
prostate,full,40000,106,103,103,0.033738940636124634
prostate,full,40000,106,102,102,0.07769580516375758
prostate,full,40000,106,102,102,0.08979606218663434
prostate,full,40000,106,91,91,0.07267046210353237
prostate,full,40000,106,85,85,0.16250322893770264
prostate,full,40000,106,85,85,0.1386541711718943
prostate,full,40000,106,82,82,0.1340419683029141
prostate,full,40000,106,80,80,0.13427229411165903
prostate,full,40000,106,78,78,0.11169313590089988
prostate,full,40000,106,66,66,0.14412284832922628
prostate,full,40000,106,105,105,0.19357531307731746
prostate,full,40000,106,105,105,0.18982041539178238
prostate,full,40000,106,103,103,0.04709339821759244
prostate,full,40000,106,105,105,0.31657746159765215
prostate,full,40000,106,105,105,0.00776748356518226
prostate,full,40000,106,105,105,0.15952352997906913
prostate,full,40000,106,87,87,0.13217882095830355
prostate,full,40000,106,105,105,0.15210106123551062
prostate,full,40000,106,105,105,0.07881681181921424
prostate,full,40000,106,101,101,0.14387254681678052
prostate,full,40000,106,87,87,0.16337134901894731
prostate,full,40000,106,104,104,0.13763836069224858
prostate,full,40000,106,104,104,0.21691979557359978
prostate,full,40000,106,104,104,0.2717489324693512
prostate,full,40000,106,99,99,0.19010024209721546
prostate,full,40000,106,99,99,0.20543383598341333
prostate,full,40000,106,105,105,0.06270723780592231
prostate,full,40000,106,103,103,0.011411754805010535
prostate,full,40000,106,87,87,0.13712427286821377
prostate,full,40000,106,105,105,0.21961653170840528
prostate,full,40000,106,103,103,0.048186997154057845
prostate,full,40000,106,103,103,0.08771487556480528
prostate,full,40000,106,103,103,0.14429791341221118
prostate,full,40000,106,102,102,0.08723333757671432
prostate,full,40000,106,101,101,0.15722427076610973
prostate,full,40000,106,105,105,0.3141428450925945
prostate,full,40000,106,104,104,0.057864824487754055
prostate,full,40000,106,101,101,0.2564314889973679
prostate,full,40000,106,99,99,0.2324545515342832
prostate,full,40000,106,90,90,0.24092439765920995
prostate,full,40000,106,104,104,0.03402770449411381
prostate,full,40000,106,103,103,0.0727519772767351
prostate,full,40000,106,101,101,0.0759174966820749
prostate,full,40000,106,101,101,0.11007579239690281
prostate,full,40000,106,99,99,0.1154703876048333
prostate,full,40000,106,105,105,0.23024949634688346
prostate,full,40000,106,82,82,0.21636110357984403
prostate,full,40000,106,80,80,0.1715493464621266
prostate,full,40000,106,105,105,0.246010507527386
prostate,full,40000,106,103,103,0.15801787675830836
prostate,full,40000,106,103,103,0.2761104914912712
prostate,full,40000,106,102,102,0.14318929308332404
prostate,full,40000,106,102,102,0.27097904045865334
prostate,full,40000,106,105,105,0.03408952194841106
prostate,full,40000,106,105,105,0.0
prostate,full,40000,106,104,104,0.26905499795912835
prostate,full,40000,106,86,86,0.2514332332303419
prostate,full,40000,106,86,86,0.26469141214007624
prostate,full,40000,106,104,104,0.3126008867224097
prostate,full,40000,106,103,103,0.1623065979177305
prostate,full,40000,106,103,103,0.026731006204723986
prostate,full,40000,106,105,105,0.011288826529399533
prostate,full,40000,106,105,105,0.25968375574279634
prostate,full,40000,106,101,101,0.17401544538016653
prostate,full,40000,106,98,98,0.12150093245878361
prostate,full,40000,106,98,98,0.07584808834246463
prostate,full,40000,106,95,95,0.1443338238560156
prostate,full,40000,106,105,105,0.14028435635463626
prostate,full,40000,106,105,105,0.012271094135642294
prostate,full,40000,106,105,105,0.011238331893766502
prostate,full,40000,106,101,101,0.127071550781301
prostate,full,40000,106,99,99,0.09230991100230165
prostate,full,40000,106,105,105,0.26789480404111043
prostate,full,40000,106,105,105,0.042900634919248344
prostate,full,40000,106,105,105,0.1944121565899387
prostate,full,40000,106,102,102,0.20603886331791077
prostate,full,40000,106,105,105,0.2558703617497128
prostate,full,40000,106,104,104,0.12603598393618534
prostate,full,40000,106,104,104,0.1369050167282318
prostate,full,40000,106,103,103,0.10936198154270181
prostate,full,40000,106,105,105,0.23186326925814324
prostate,full,40000,106,105,105,0.23790172756000436
prostate,full,40000,106,78,78,0.25312047039603275
prostate,full,40000,106,105,105,0.1584070080046113
prostate,full,40000,106,105,105,0.2429848218179763
prostate,full,40000,106,105,105,0.2957190560594922
prostate,full,40000,106,104,104,0.05806080924922396
prostate,full,40000,106,103,103,0.11993495890066465
prostate,full,40000,106,103,103,0.17167707152671913
prostate,full,40000,106,103,103,0.056425364252120185
prostate,full,40000,106,96,96,0.06704441468207757
prostate,full,40000,106,105,105,0.23043658928433325
prostate,full,40000,106,105,105,0.2628310319650552
prostate,full,40000,106,102,102,0.17762070292196577
prostate,full,40000,106,104,104,0.24224704607150135
prostate,full,40000,106,99,99,0.2745786602537873
prostate,full,40000,106,97,97,0.22998608880658594
prostate,full,40000,106,89,89,0.24955487999189235
prostate,full,40000,106,89,89,0.18465407568787892
prostate,full,40000,106,88,88,0.1683958674736161
prostate,full,40000,106,104,104,0.07891403472575866
prostate,full,40000,106,104,104,0.17406809127379502
prostate,full,40000,106,104,104,0.06750515019078056
prostate,full,40000,106,104,104,0.11649692226027672
prostate,full,40000,106,104,104,0.2793692847262992
prostate,full,40000,106,103,103,0.2858671206332623
prostate,full,40000,106,102,102,0.253656090767834
prostate,full,40000,106,102,102,0.1480455635822151
prostate,full,40000,106,102,102,0.10146806098894862
prostate,full,40000,106,102,102,0.10627381903134583
prostate,full,40000,106,98,98,0.14250804445299428
prostate,full,40000,106,97,97,0.2794044672874223
prostate,full,40000,106,93,93,0.16133702866810243
prostate,full,40000,106,105,105,0.2795114845599442
prostate,full,40000,106,105,105,0.0046564052445603596
prostate,full,40000,106,105,105,0.002538817272109864
prostate,full,40000,106,105,105,0.11299255211325857
prostate,full,40000,106,105,105,0.1247879813445009
prostate,full,40000,106,103,103,0.0026549289611166502
prostate,full,40000,106,105,105,0.253693737014152
prostate,full,40000,106,105,105,0.11245489950790251
prostate,full,40000,106,102,102,0.09219363570189319
prostate,full,40000,106,87,87,0.20705732603027205
prostate,full,40000,106,105,105,0.017875798628360695
prostate,full,40000,106,105,105,0.28204125520521406
prostate,full,40000,106,105,105,0.004152488276557262
prostate,full,40000,106,105,105,0.009801007796347001
prostate,full,40000,106,105,105,0.26757704017927786
prostate,full,40000,106,105,105,0.19946505466921413
prostate,full,40000,106,105,105,0.0029604928119331066
prostate,full,40000,106,104,104,0.012856312472901947
prostate,full,40000,106,103,103,0.007897309684055826
prostate,full,40000,106,103,103,0.14916418669592194
prostate,full,40000,106,103,103,0.07393847504988665
prostate,full,40000,106,103,103,0.015522922266317301
prostate,full,40000,106,105,105,0.2682273386748871
prostate,full,40000,106,101,101,0.18776599544541137
prostate,full,40000,106,100,100,0.17457728490551389
prostate,full,40000,106,102,102,0.22617317161853814
prostate,full,40000,106,87,87,0.19463875505850434
prostate,full,40000,106,86,86,0.16047023227356547
prostate,full,40000,106,38,38,0.30360935811599976
prostate,full,40000,106,105,105,0.08054448825355938
prostate,full,40000,106,103,103,0.03783676837536028
prostate,full,40000,106,102,102,0.07077292168898366
prostate,full,40000,106,100,100,0.10057872302217957
prostate,full,40000,106,105,105,0.013396653325790459
prostate,full,40000,106,105,105,0.08835235443308588
prostate,full,40000,106,104,104,0.16453970712018598
prostate,full,40000,106,105,105,0.26035256140290564
prostate,full,40000,106,86,86,0.17930361379881163
prostate,full,40000,106,97,97,0.2349555723990968
prostate,full,40000,106,97,97,0.2942577346581301
prostate,full,40000,106,97,97,0.12049465898557972
prostate,full,40000,106,95,95,0.234884335067508
prostate,full,40000,106,93,93,0.28021550364528336
prostate,full,40000,106,91,91,0.1868476567636903
prostate,full,40000,106,90,90,0.2996862679258755
prostate,full,40000,106,90,90,0.2725507335729801
prostate,full,40000,106,87,87,0.20926563353042255
prostate,full,40000,106,82,82,0.18176054014924362
prostate,full,40000,106,81,81,0.1242447876975986
prostate,full,40000,106,79,79,0.23299790366351025
prostate,full,40000,106,78,78,0.18351823662345734
prostate,full,40000,106,75,75,0.18274688476882606
prostate,full,40000,106,63,63,0.11618692205040944
prostate,full,40000,106,104,104,0.3192293623465204
prostate,full,40000,106,100,100,0.2792275220270923
prostate,full,40000,106,98,98,0.2778444367089591
prostate,full,40000,106,93,93,0.2856552238833504
prostate,full,40000,106,93,93,0.2692375471768667
prostate,full,40000,106,89,89,0.2650014883288739
prostate,full,40000,106,89,89,0.2757611353979699
prostate,full,40000,106,101,101,0.0167245568125184
prostate,full,40000,106,91,91,0.15411275081846498
prostate,full,40000,106,89,89,0.16525452647619238
prostate,full,40000,106,83,83,0.14726350964986876
prostate,full,40000,106,80,80,0.11951154705560078
prostate,full,40000,106,78,78,0.1731843122156227
prostate,full,40000,106,74,74,0.1700851587324904
prostate,full,40000,106,73,73,0.1806638060210987
prostate,full,40000,106,104,104,0.31215402451455027
prostate,full,40000,106,89,89,0.22173927200552748
prostate,full,40000,106,89,89,0.2067006423536191
prostate,full,40000,106,88,88,0.22887049787767486
prostate,full,40000,106,105,105,0.33037723896201593
prostate,full,40000,106,104,104,0.1643002118222331
prostate,full,40000,106,101,101,0.23906951702479126
prostate,full,40000,106,90,90,0.18303105104127257
prostate,full,40000,106,90,90,0.2639752226251183
prostate,full,40000,106,105,105,0.2642765829616484
prostate,full,40000,106,105,105,0.0700393701614624
prostate,full,40000,106,105,105,0.12349996547592038
prostate,full,40000,106,87,87,0.21903326953901098
prostate,full,40000,106,105,105,0.08814093753260675
prostate,full,40000,106,105,105,0.2509496023313424
prostate,full,40000,106,105,105,0.2957097888506112
prostate,full,40000,106,103,103,0.21455913564803217
prostate,full,40000,106,102,102,0.18483038557666898
prostate,full,40000,106,105,105,0.09717538615333904
prostate,full,40000,106,105,105,0.06395444234121539
prostate,full,40000,106,97,97,0.14780487087214325
prostate,full,40000,106,95,95,0.1396789447051409
prostate,full,40000,106,89,89,0.04918563286937309
prostate,full,40000,106,66,66,0.06303366062300907
prostate,full,40000,106,105,105,0.01377608379072374
prostate,full,40000,106,104,104,0.08062385684126287
prostate,full,40000,106,103,103,0.026427630486802356
prostate,full,40000,106,102,102,0.07218117363768445
prostate,full,40000,106,101,101,0.1038532405785458
prostate,full,40000,106,101,101,0.07214715950080064
prostate,full,40000,106,99,99,0.08775973897054674
prostate,full,40000,106,105,105,0.015398061843609541
prostate,full,40000,106,105,105,0.22630945212411033
prostate,full,40000,106,105,105,0.01169909487918906
prostate,full,40000,106,105,105,0.08378707572312998
prostate,full,40000,106,103,103,0.11227524974192618
prostate,full,40000,106,103,103,0.05375057129549584
prostate,full,40000,106,105,105,0.25690955219794837
prostate,full,40000,106,105,105,0.03903430637554842
prostate,full,40000,106,105,105,0.06004522732876341
prostate,full,40000,106,105,105,0.0012556419755832872
prostate,full,40000,106,105,105,0.008133151284090192
prostate,full,40000,106,105,105,0.016627897632217163
prostate,full,40000,106,105,105,0.2190958496410192
prostate,full,40000,106,104,104,0.05722362083187431
prostate,full,40000,106,104,104,0.0666008706232629
prostate,full,40000,106,103,103,0.1437425568695551
prostate,full,40000,106,103,103,0.01843842657858234
prostate,full,40000,106,105,105,0.14146352286847738
prostate,full,40000,106,105,105,0.021967940754710813
prostate,full,40000,106,102,102,0.0905309929377971
prostate,full,40000,106,94,94,0.1307302778883632
prostate,full,40000,106,87,87,0.14003947616690476
prostate,full,40000,106,105,105,0.007812649069564062
prostate,full,40000,106,103,103,0.08510465827404479
prostate,full,40000,106,101,101,0.05446784175944675
prostate,full,40000,106,91,91,0.15145235817379607
prostate,full,40000,106,86,86,0.12511505319897578
prostate,full,40000,106,105,105,0.009664249276473018
prostate,full,40000,106,105,105,0.2726947686361195
prostate,full,40000,106,105,105,0.008413116001830222
prostate,full,40000,106,105,105,0.10379122133808859
prostate,full,40000,106,101,101,0.19572455364314692
prostate,full,40000,106,103,103,0.015924151125496333
prostate,full,40000,106,99,99,0.14003941074235415
prostate,full,40000,106,87,87,0.13574964558957822
prostate,full,40000,106,86,86,0.13781570093124235
prostate,full,40000,106,105,105,0.18625035667227177
prostate,full,40000,106,105,105,0.19948795996264762
prostate,full,40000,106,105,105,0.06972785628056247
prostate,full,40000,106,103,103,0.259494292071015
prostate,full,40000,106,100,100,0.2843782253775038
prostate,full,40000,106,99,99,0.25026266356976806
prostate,full,40000,106,99,99,0.2591434188706075
prostate,full,40000,106,99,99,0.16796537206535825
prostate,full,40000,106,98,98,0.07825101316878876
prostate,full,40000,106,97,97,0.27324249980218174
prostate,full,40000,106,96,96,0.26482981858819993
prostate,full,40000,106,94,94,0.24522863822525623
prostate,full,40000,106,90,90,0.1883301989301513
prostate,full,40000,106,105,105,0.30454662094589097
prostate,full,40000,106,104,104,0.24089140157486327
prostate,full,40000,106,89,89,0.27045753744069395
prostate,full,40000,106,67,67,0.2006364366439351
prostate,full,40000,106,105,105,0.23832834563660843
prostate,full,40000,106,105,105,0.26928385218982803
prostate,full,40000,106,105,105,0.06226354208441389
prostate,full,40000,106,97,97,0.19307247874481415
prostate,full,40000,106,105,105,0.26936803812755183
prostate,full,40000,106,105,105,0.001655726949574302
prostate,full,40000,106,105,105,0.254884660704328
prostate,full,40000,106,105,105,0.01149694185751571
prostate,full,40000,106,104,104,0.0997234321391015
prostate,full,40000,106,103,103,0.09144242411691758
prostate,full,40000,106,103,103,0.007565491619667982
prostate,full,40000,106,104,104,0.011510605297932285
prostate,full,40000,106,103,103,0.042940709271536766
prostate,full,40000,106,102,102,0.0741173116501245
prostate,full,40000,106,102,102,0.09632114442673101
prostate,full,40000,106,87,87,0.13516798888775702
prostate,full,40000,106,100,100,0.16231114493235674
prostate,full,40000,106,99,99,0.12832435339412174
prostate,full,40000,106,98,98,0.1295227019264324
prostate,full,40000,106,96,96,0.19343767974025128
prostate,full,40000,106,91,91,0.16189173557060602
prostate,full,40000,106,91,91,0.1710433622593156
prostate,full,40000,106,89,89,0.14316231466139984
prostate,full,40000,106,38,38,0.249064616243066
prostate,full,40000,106,87,87,0.13964115145206707
prostate,full,40000,106,87,87,0.15508254606345076
prostate,full,40000,106,84,84,0.16463912529497807
prostate,full,40000,106,55,55,0.2564952228608856
prostate,full,40000,106,54,54,0.2281167492629426
prostate,full,40000,106,39,39,0.27264058718280826
prostate,full,40000,106,105,105,0.22769508067717886
prostate,full,40000,106,105,105,0.09315160328580038
prostate,full,40000,106,104,104,0.01431137329127979
prostate,full,40000,106,103,103,0.053747616280064414
prostate,full,40000,106,103,103,0.1316302757682428
prostate,full,40000,106,105,105,0.16665825156188713
prostate,full,40000,106,105,105,0.2496475000049934
prostate,full,40000,106,103,103,0.11860806488639154
prostate,full,40000,106,104,104,0.05056642128997753
prostate,full,40000,106,101,101,0.2741258021909225
prostate,full,40000,106,101,101,0.33210104516777944
prostate,full,40000,106,100,100,0.33253485018441836
prostate,full,40000,106,100,100,0.32136860638053405
prostate,full,40000,106,105,105,0.0835286667783585
prostate,full,40000,106,105,105,0.16105727702038636
prostate,full,40000,106,103,103,0.008907404025279293
prostate,full,40000,106,101,101,0.14974317014014102
prostate,full,40000,106,100,100,0.08103724656478552
prostate,full,40000,106,105,105,0.050532492348512335
prostate,full,40000,106,101,101,0.16489897627281772
prostate,full,40000,106,98,98,0.2251857512293282
prostate,full,40000,106,91,91,0.2230725817318475
prostate,full,40000,106,89,89,0.2420591915662481
prostate,full,40000,106,75,75,0.24770850355833895
prostate,full,40000,106,66,66,0.22551292252001678
prostate,full,40000,106,105,105,0.2163528935984433
prostate,full,40000,106,104,104,0.0029952684694081557
prostate,full,40000,106,105,105,0.008921315642487633
prostate,full,40000,106,105,105,0.06551215258287403
prostate,full,40000,106,105,105,0.13831161863150554
prostate,full,40000,106,104,104,0.03941560799853406
prostate,full,40000,106,78,78,0.2460235509675288
prostate,full,40000,106,77,77,0.2541601265912111
prostate,full,40000,106,74,74,0.2682133958648917
prostate,full,40000,106,55,55,0.3201095859829056
prostate,full,40000,106,49,49,0.2826249882744802
prostate,full,40000,106,48,48,0.28592310606985194
prostate,full,40000,106,105,105,0.05128500466073512
prostate,full,40000,106,105,105,0.07269639840790061
prostate,full,40000,106,105,105,0.00687491983750809
prostate,full,40000,106,105,105,0.1352987170145991
prostate,full,40000,106,105,105,0.08180864893028773
prostate,full,40000,106,100,100,0.0563835416186554
prostate,full,40000,106,96,96,0.023038762441376582
prostate,full,40000,106,105,105,0.006827314805723884
prostate,full,40000,106,100,100,0.11211016677335461
prostate,full,40000,106,97,97,0.13875171864873742
prostate,full,40000,106,91,91,0.13471374225561725
prostate,full,40000,106,91,91,0.1575654972933905
prostate,full,40000,106,105,105,0.08283960645279692
prostate,full,40000,106,105,105,0.22303540772567304
prostate,full,40000,106,103,103,0.02288296197932964
prostate,full,40000,106,87,87,0.22961813629949376
prostate,full,40000,106,105,105,0.2200621835227763
prostate,full,40000,106,92,92,0.2735207802334571
prostate,full,40000,106,87,87,0.24113963302497762
prostate,full,40000,106,103,103,0.025475761690605492
prostate,full,40000,106,102,102,0.07779996665032188
prostate,full,40000,106,91,91,0.08043738617930717
prostate,full,40000,106,85,85,0.1609865267327046
prostate,full,40000,106,78,78,0.11792325915117931
prostate,full,40000,106,89,89,0.29506247268064156
prostate,full,40000,106,88,88,0.229794454818531
prostate,full,40000,106,88,88,0.2203948405098455
prostate,full,40000,106,87,87,0.27204904574362593
prostate,full,40000,106,86,86,0.2786525220748902
prostate,full,40000,106,84,84,0.2651292446348124
prostate,full,40000,106,80,80,0.20616693972059513
prostate,full,40000,106,39,39,0.35377208409696304
prostate,full,40000,106,105,105,0.22732856158657302
prostate,full,40000,106,105,105,0.21971574025687884
prostate,full,40000,106,105,105,0.06107495277838703
prostate,full,40000,106,86,86,0.24437990767112838
prostate,full,40000,106,105,105,0.23531851739635823
prostate,full,40000,106,103,103,0.22204989866111607
prostate,full,40000,106,103,103,0.13854839404580102
prostate,full,40000,106,103,103,0.1754477593110899
prostate,full,40000,106,97,97,0.11588639536853829
prostate,full,40000,106,102,102,0.12870274379178595
prostate,full,40000,106,104,104,0.2069054151229614
prostate,full,40000,106,82,82,0.19687832865226734
prostate,full,40000,106,71,71,0.18055670028580356
prostate,full,40000,106,70,70,0.16369046654676905
prostate,full,40000,106,67,67,0.20081021894572465
prostate,full,40000,106,42,42,0.36654736086991674
prostate,full,40000,106,79,79,0.15535433877476532
prostate,full,40000,106,74,74,0.1596824202170395
prostate,full,40000,106,72,72,0.17872866385231853
prostate,full,40000,106,68,68,0.21103297557451295
prostate,full,40000,106,59,59,0.19357205365108687
prostate,full,40000,106,54,54,0.2368125129272661
prostate,full,40000,106,49,49,0.26702176719276727
prostate,full,40000,106,48,48,0.20483794162865052
prostate,full,40000,106,44,44,0.2064246952364387
prostate,full,40000,106,44,44,0.14950858615335585
prostate,full,40000,106,105,105,0.05704364575657978
prostate,full,40000,106,102,102,0.0752661306557204
prostate,full,40000,106,97,97,0.13228771656833438
prostate,full,40000,106,105,105,0.3327106728862423
prostate,full,40000,106,103,103,0.03825550058061922
prostate,full,40000,106,103,103,0.15342710208062757
prostate,full,40000,106,100,100,0.22618872854244482
prostate,full,40000,106,101,101,0.30660582020158755
prostate,full,40000,106,99,99,0.32867548312081174
prostate,full,40000,106,99,99,0.28630718945425404
prostate,full,40000,106,99,99,0.27055139052073574
prostate,full,40000,106,99,99,0.2816793581901793
prostate,full,40000,106,98,98,0.3242988883443972
prostate,full,40000,106,95,95,0.29481696498739823
prostate,full,40000,106,90,90,0.2486617708602511
prostate,full,40000,106,86,86,0.13734984225553074
prostate,full,40000,106,79,79,0.15935776915892183
prostate,full,40000,106,78,78,0.15631072486778522
prostate,full,40000,106,55,55,0.22512020380920506
prostate,full,40000,106,48,48,0.1563015216251574
prostate,full,40000,106,105,105,0.13540415611921156
prostate,full,40000,106,102,102,0.10048211126440372
prostate,full,40000,106,86,86,0.14533667330072933
prostate,full,40000,106,105,105,0.2401142102947583
prostate,full,40000,106,103,103,0.0520005134040541
prostate,full,40000,106,101,101,0.22904956586247174
prostate,full,40000,106,105,105,0.056986257537681426
prostate,full,40000,106,103,103,0.031819955616179924
prostate,full,40000,106,102,102,0.007427926948645029
prostate,full,40000,106,102,102,0.07087516225514574
prostate,full,40000,106,105,105,0.005290020645414906
prostate,full,40000,106,105,105,0.006457803732707547
prostate,full,40000,106,101,101,0.14864849855645587
prostate,full,40000,106,100,100,0.09778604718964591
prostate,full,40000,106,100,100,0.09973631813667641
prostate,full,40000,106,98,98,0.10274933682246862
prostate,full,40000,106,92,92,0.10397484666670877
prostate,full,40000,106,86,86,0.14305149374079026
prostate,full,40000,106,83,83,0.1562855648071559
prostate,full,40000,106,105,105,0.32669059494847674
prostate,full,40000,106,105,105,0.06829200642381339
prostate,full,40000,106,105,105,0.20026234603336152
prostate,full,40000,106,90,90,0.17410764605948398
prostate,full,40000,106,87,87,0.2768895626776628
prostate,full,40000,106,103,103,0.3196874959976788
prostate,full,40000,106,74,74,0.25659852218048423
prostate,full,40000,106,60,60,0.24027561051171037
prostate,full,40000,106,105,105,0.07158954463037177
prostate,full,40000,106,105,105,0.26336636608830793
prostate,full,40000,106,105,105,0.12000026584278196
prostate,full,40000,106,87,87,0.2221111093030514
prostate,full,40000,106,102,102,0.21757144734847564
prostate,full,40000,106,89,89,0.21221030839752011
prostate,full,40000,106,74,74,0.17475569037069
prostate,full,40000,106,105,105,0.34701067455277407
prostate,full,40000,106,103,103,0.04557103203481443
prostate,full,40000,106,101,101,0.22394668797125794
prostate,full,40000,106,105,105,0.0556309564983375
prostate,full,40000,106,102,102,0.07543057916360389
prostate,full,40000,106,87,87,0.134069394839707
prostate,full,40000,106,103,103,0.1646664630611811
prostate,full,40000,106,96,96,0.15653267994002432
prostate,full,40000,106,96,96,0.09634858955490977
prostate,full,40000,106,95,95,0.16132641988512736
prostate,full,40000,106,93,93,0.13577191819063963
prostate,full,40000,106,86,86,0.1821133570448015
prostate,full,40000,106,82,82,0.11621844514605537
prostate,full,40000,106,67,67,0.1795860722489278
prostate,full,40000,106,105,105,0.017321557003195213
prostate,full,40000,106,104,104,0.07833567584796362
prostate,full,40000,106,102,102,0.07640307657036559
prostate,full,40000,106,101,101,0.11165458872489363
prostate,full,40000,106,105,105,0.014051856804016266
prostate,full,40000,106,105,105,0.2353231128702239
prostate,full,40000,106,105,105,0.2541256107040288
prostate,full,40000,106,104,104,0.028450897940453086
prostate,full,40000,106,104,104,0.0036780788163249967
prostate,full,40000,106,103,103,0.01048688611885687
prostate,full,40000,106,103,103,0.09570256600552172
prostate,full,40000,106,103,103,0.007627244023604793
prostate,full,40000,106,105,105,0.026657939815444943
prostate,full,40000,106,105,105,0.22704862285032548
prostate,full,40000,106,105,105,0.08141165152161577
prostate,full,40000,106,105,105,0.29078025049587003
prostate,full,40000,106,103,103,0.06353435813185035
prostate,full,40000,106,97,97,0.2024553859971656
prostate,full,40000,106,105,105,0.2634628412096259
prostate,full,40000,106,99,99,0.23834532654121948
prostate,full,40000,106,97,97,0.12185604679732459
prostate,full,40000,106,86,86,0.29084981188269443
prostate,full,40000,106,102,102,0.18207698623071356
prostate,full,40000,106,100,100,0.2930433782516821
prostate,full,40000,106,99,99,0.2782647297058646
prostate,full,40000,106,99,99,0.24117738200738295
prostate,full,40000,106,99,99,0.29509573369536896
prostate,full,40000,106,99,99,0.2797197472860065
prostate,full,40000,106,99,99,0.2576375556441848
prostate,full,40000,106,99,99,0.26867174377388664
prostate,full,40000,106,98,98,0.2916751488575092
prostate,full,40000,106,97,97,0.2966749258193211
prostate,full,40000,106,96,96,0.2564421231600588
prostate,full,40000,106,95,95,0.26111165357915994
prostate,full,40000,106,92,92,0.26404429432257853
prostate,full,40000,106,90,90,0.25949601316595744
prostate,full,40000,106,90,90,0.2778480465244981
prostate,full,40000,106,89,89,0.22164692382759035
prostate,full,40000,106,89,89,0.21369562948173856
prostate,full,40000,106,88,88,0.23827323808778544
prostate,full,40000,106,86,86,0.20832588132260343
prostate,full,40000,106,84,84,0.23725288283162504
prostate,full,40000,106,83,83,0.24550158039665104
prostate,full,40000,106,105,105,0.2316723524866695
prostate,full,40000,106,102,102,0.12070593204594435
prostate,full,40000,106,97,97,0.16257183381140997
prostate,full,40000,106,105,105,0.2665164891884728
prostate,full,40000,106,105,105,0.2355640298050986
prostate,full,40000,106,103,103,0.009183107661717257
prostate,full,40000,106,102,102,0.091462196377301
prostate,full,40000,106,99,99,0.22252260223564874
prostate,full,40000,106,97,97,0.2048415890796065
prostate,full,40000,106,96,96,0.20271472762390222
prostate,full,40000,106,95,95,0.22003569758678443
prostate,full,40000,106,93,93,0.24134089068822484
prostate,full,40000,106,89,89,0.17274533183385
prostate,full,40000,106,87,87,0.18335630949211368
prostate,full,40000,106,84,84,0.19198850238724555
prostate,full,40000,106,84,84,0.16931982266769435
prostate,full,40000,106,55,55,0.27257676880235643
prostate,full,40000,106,39,39,0.2969041442321036
prostate,full,40000,106,105,105,0.2294588845494173
prostate,full,40000,106,105,105,0.17236895380046927
prostate,full,40000,106,104,104,0.051144305172132344
prostate,full,40000,106,103,103,0.08626867243941902
prostate,full,40000,106,103,103,0.05444611243296954
prostate,full,40000,106,102,102,0.15232467936098898
prostate,full,40000,106,105,105,0.2566633856788574
prostate,full,40000,106,105,105,0.22556373378060723
prostate,full,40000,106,104,104,0.31622389901318004
prostate,full,40000,106,103,103,0.25615707051045483
prostate,full,40000,106,103,103,0.28870685519271666
prostate,full,40000,106,101,101,0.2627689261972294
prostate,full,40000,106,100,100,0.26732055498835805
prostate,full,40000,106,94,94,0.2519685388822699
prostate,full,40000,106,89,89,0.15298886488765423
prostate,full,40000,106,89,89,0.19007264360993723
prostate,full,40000,106,99,99,0.27067832309125706
prostate,full,40000,106,88,88,0.24113681367609913
prostate,full,40000,106,39,39,0.34527547973982997
prostate,full,40000,106,38,38,0.3846351284313901
prostate,full,40000,106,105,105,0.07894902277629605
prostate,full,40000,106,105,105,0.013537606549222234
prostate,full,40000,106,105,105,0.028990567948725777
prostate,full,40000,106,105,105,0.013829612082639059
prostate,full,40000,106,105,105,0.06833224508326646
prostate,full,40000,106,105,105,0.11775870603408589
prostate,full,40000,106,105,105,0.026180420418911523
prostate,full,40000,106,104,104,0.019383332611113517
prostate,full,40000,106,103,103,0.04686821030199528
prostate,full,40000,106,103,103,0.04213319979856063
prostate,full,40000,106,103,103,0.020287908653056533
prostate,full,40000,106,104,104,0.22980987232415265
prostate,full,40000,106,98,98,0.31018335540316827
prostate,full,40000,106,97,97,0.29183152476362806
prostate,full,40000,106,96,96,0.3068549291860372
prostate,full,40000,106,90,90,0.2549177954169148
prostate,full,40000,106,105,105,0.15847713913035066
prostate,full,40000,106,103,103,0.2736537552864076
prostate,full,40000,106,103,103,0.2560215966565233
prostate,full,40000,106,85,85,0.16201121794302364
prostate,full,40000,106,105,105,0.13376629467251153
prostate,full,40000,106,103,103,0.031416727826027654
prostate,full,40000,106,103,103,0.05952359054393518
prostate,full,40000,106,102,102,0.05302916831989394
prostate,full,40000,106,102,102,0.1846366059284466
prostate,full,40000,106,103,103,0.14439511671763297
prostate,full,40000,106,101,101,0.14211584383038867
prostate,full,40000,106,96,96,0.12539727748489507
prostate,full,40000,106,87,87,0.13395418553204938
prostate,full,40000,106,105,105,0.00275968251560196
prostate,full,40000,106,105,105,0.0997344884770749
prostate,full,40000,106,105,105,0.23075735722439575
prostate,full,40000,106,105,105,0.1876453750729842
prostate,full,40000,106,103,103,0.059435182527567416
prostate,full,40000,106,101,101,0.1420525430420501
prostate,full,40000,106,49,49,0.32856611773780475
prostate,full,40000,106,101,101,0.11493910918498448
prostate,full,40000,106,98,98,0.13125011878592277
prostate,full,40000,106,87,87,0.13621183788760438
prostate,full,40000,106,66,66,0.10451506312431294
prostate,full,40000,106,59,59,0.23617994870265568
prostate,full,40000,106,55,55,0.2279745533966978
prostate,full,40000,106,103,103,0.2649923141851374
prostate,full,40000,106,99,99,0.25365284082810874
prostate,full,40000,106,93,93,0.29909544942149
prostate,full,40000,106,88,88,0.21268094533032142
prostate,full,40000,106,105,105,0.0051370916278429225
prostate,full,40000,106,105,105,0.09752767960330504
prostate,full,40000,106,103,103,0.0792107480048172
prostate,full,40000,106,101,101,0.014522319410808384
prostate,full,40000,106,98,98,0.05282577555022251
prostate,full,40000,106,93,93,0.22411545065874083
prostate,full,40000,106,81,81,0.1898222964009
prostate,full,40000,106,80,80,0.1809081561190365
prostate,full,40000,106,74,74,0.18497106382259842
prostate,full,40000,106,105,105,0.15399349418742475
prostate,full,40000,106,105,105,0.08300690663012536
prostate,full,40000,106,105,105,0.08051618427241494
prostate,full,40000,106,103,103,0.023335252674159264
prostate,full,40000,106,103,103,0.06128380669028263
prostate,full,40000,106,103,103,0.10298367167114614
prostate,full,40000,106,103,103,0.006045011121796086
prostate,full,40000,106,99,99,0.013291494090520767
prostate,full,40000,106,105,105,0.15622813915280853
prostate,full,40000,106,105,105,0.08541399980035264
prostate,full,40000,106,104,104,0.08409808841543495
prostate,full,40000,106,104,104,0.05581532044892616
prostate,full,40000,106,103,103,0.026760225251480106
prostate,full,40000,106,103,103,0.03878275277925945
prostate,full,40000,106,103,103,0.10036911705972054
prostate,full,40000,106,102,102,0.08949082419100965
prostate,full,40000,106,101,101,0.15233325785270727
prostate,full,40000,106,105,105,0.21054116276905613
prostate,full,40000,106,105,105,0.2350620668141827
prostate,full,40000,106,103,103,0.09751311249735842
prostate,full,40000,106,102,102,0.1029120335803497
prostate,full,40000,106,105,105,0.2710345993921785
prostate,full,40000,106,105,105,0.11642884823168688
prostate,full,40000,106,105,105,0.2868469322669865
prostate,full,40000,106,105,105,0.0025265851072854718
prostate,full,40000,106,104,104,0.000796279330419552
prostate,full,40000,106,100,100,0.13089355315416737
prostate,full,40000,106,104,104,0.3136228117440172
prostate,full,40000,106,94,94,0.2792510640670486
prostate,full,40000,106,87,87,0.2419020838795649
prostate,full,40000,106,105,105,0.012886522254911423
prostate,full,40000,106,102,102,0.07161775244867885
prostate,full,40000,106,100,100,0.08124388493218093
prostate,full,40000,106,105,105,0.02611421065147109
prostate,full,40000,106,104,104,0.035942277244340654
prostate,full,40000,106,101,101,0.12271312193047773
prostate,full,40000,106,104,104,0.041666304424852044
prostate,full,40000,106,102,102,0.04888205785921429
prostate,full,40000,106,102,102,0.07001342277395499
prostate,full,40000,106,105,105,0.23466811959898334
prostate,full,40000,106,105,105,0.004309837392898798
prostate,full,40000,106,105,105,0.2817068613619088
prostate,full,40000,106,103,103,0.13957394652150742
prostate,full,40000,106,103,103,0.026605050488000572
prostate,full,40000,106,102,102,0.17998031795015854
prostate,full,40000,106,97,97,0.2996581597541094
prostate,full,40000,106,93,93,0.3377103578962283
prostate,full,40000,106,89,89,0.2877907725553143
prostate,full,40000,106,89,89,0.25267445250996357
prostate,full,40000,106,83,83,0.2582282171915723
prostate,full,40000,106,59,59,0.32588466329635885
prostate,full,40000,106,55,55,0.32086681107613824
prostate,full,40000,106,39,39,0.37432127080441735
prostate,full,40000,106,102,102,0.07158723230162531
prostate,full,40000,106,99,99,0.1185608371941425
prostate,full,40000,106,99,99,0.1434600179798546
prostate,full,40000,106,105,105,0.003953819018775603
prostate,full,40000,106,100,100,0.11943351710503926
prostate,full,40000,106,91,91,0.0877780054858458
prostate,full,40000,106,89,89,0.13425482640969721
prostate,full,40000,106,78,78,0.12104511754019621
prostate,full,40000,106,66,66,0.06503053355641322
prostate,full,40000,106,103,103,0.18471388716555406
prostate,full,40000,106,99,99,0.28580221750043827
prostate,full,40000,106,98,98,0.3218880865193539
prostate,full,40000,106,97,97,0.24477439311583787
prostate,full,40000,106,96,96,0.2817813634070033
prostate,full,40000,106,96,96,0.2815847406215201
prostate,full,40000,106,96,96,0.2265201472434939
prostate,full,40000,106,94,94,0.26253845836925227
prostate,full,40000,106,93,93,0.19637200964112206
prostate,full,40000,106,92,92,0.23818072290693623
prostate,full,40000,106,92,92,0.2577655697043828
prostate,full,40000,106,92,92,0.21303922384782278
prostate,full,40000,106,91,91,0.2323696335125834
prostate,full,40000,106,90,90,0.16597712411580426
prostate,full,40000,106,89,89,0.23640494678891572
prostate,full,40000,106,87,87,0.2442088868992879
prostate,full,40000,106,105,105,0.22437874934144234
prostate,full,40000,106,105,105,0.23217546033417005
prostate,full,40000,106,100,100,0.0
prostate,full,40000,106,105,105,0.016072785017109185
prostate,full,40000,106,98,98,0.10262059185909785
prostate,full,40000,106,93,93,0.1463060225557452
prostate,full,40000,106,91,91,0.1448650037557529
prostate,full,40000,106,89,89,0.15720976796834388
prostate,full,40000,106,82,82,0.14676368181754434
prostate,full,40000,106,80,80,0.12132053700368464
prostate,full,40000,106,74,74,0.16847058997940226
prostate,full,40000,106,66,66,0.1607524570409889
prostate,full,40000,106,105,105,0.01806266720247205
prostate,full,40000,106,105,105,0.06380728161813691
prostate,full,40000,106,105,105,0.05957989476640373
prostate,full,40000,106,104,104,0.041046229307544584
prostate,full,40000,106,100,100,0.11005506366959084
prostate,full,40000,106,79,79,0.15227309798582905
prostate,full,40000,106,79,79,0.1402144267159467
prostate,full,40000,106,66,66,0.10137683996835889
prostate,full,40000,106,59,59,0.2335822899748943
prostate,full,40000,106,55,55,0.22608317150730387
prostate,full,40000,106,54,54,0.2860984859363231
prostate,full,40000,106,50,50,0.17830843976573052
prostate,full,40000,106,105,105,0.10814931902677113
prostate,full,40000,106,105,105,0.01967905645156333
prostate,full,40000,106,105,105,0.061281044625920295
prostate,full,40000,106,105,105,0.2254226707903011
prostate,full,40000,106,105,105,0.011248305388443307
prostate,full,40000,106,103,103,0.018559253311013983
prostate,full,40000,106,103,103,0.039484166592714684
prostate,full,40000,106,103,103,0.1333643474080731
prostate,full,40000,106,99,99,0.015456665317036718
prostate,full,40000,106,97,97,0.03138293025726261
prostate,full,40000,106,79,79,0.14452903299551156
prostate,full,40000,106,78,78,0.14768864197881199
prostate,full,40000,106,63,63,0.1544224254414268
prostate,full,40000,106,105,105,0.2719172942418645
prostate,full,40000,106,105,105,0.22001393941879577
prostate,full,40000,106,87,87,0.24143302423076726
prostate,full,40000,106,105,105,0.27140702770931513
prostate,full,40000,106,102,102,0.20928261849964733
prostate,full,40000,106,100,100,0.18906057724198885
prostate,full,40000,106,98,98,0.11287949365918223
prostate,full,40000,106,98,98,0.08417690071274198
prostate,full,40000,106,97,97,0.026577484530219273
prostate,full,40000,106,86,86,0.1339764398030189
prostate,full,40000,106,82,82,0.15048978968986038
prostate,full,40000,106,78,78,0.1464992961742798
prostate,full,40000,106,105,105,0.05828435121016756
prostate,full,40000,106,105,105,0.02004755683463232
prostate,full,40000,106,105,105,0.06317217526540647
prostate,full,40000,106,105,105,0.005272329774826937
prostate,full,40000,106,87,87,0.1379980239690244
prostate,full,40000,106,105,105,0.13597723445686474
prostate,full,40000,106,105,105,0.2980475927495188
prostate,full,40000,106,105,105,0.2947242889126781
prostate,full,40000,106,105,105,0.0
prostate,full,40000,106,103,103,0.0
prostate,full,40000,106,103,103,0.0
prostate,full,40000,106,102,102,0.0
prostate,full,40000,106,105,105,0.179960147972184
prostate,full,40000,106,105,105,0.009268787381924043
prostate,full,40000,106,100,100,0.07792533590929579
prostate,full,40000,106,98,98,0.05627326317025203
prostate,full,40000,106,90,90,0.1429478334960945
prostate,full,40000,106,84,84,0.16218075326862552
prostate,full,40000,106,77,77,0.16208025290522174
prostate,full,40000,106,74,74,0.1529999354347784
prostate,full,40000,106,73,73,0.1581215620164484
prostate,full,40000,106,73,73,0.16755307291593746
prostate,full,40000,106,72,72,0.16922049729067842
prostate,full,40000,106,68,68,0.19920448272657426
prostate,full,40000,106,54,54,0.24992523416920326
prostate,full,40000,106,48,48,0.19942186873906131
prostate,full,40000,106,44,44,0.1932964922856593
prostate,full,40000,106,39,39,0.2367438143271786
prostate,full,40000,106,38,38,0.25551839901527434
prostate,full,40000,106,105,105,0.2868463795470229
prostate,full,40000,106,105,105,0.011783231345128799
prostate,full,40000,106,105,105,0.14292908782463307
prostate,full,40000,106,105,105,0.05941647372880622
prostate,full,40000,106,103,103,0.0009399866099492005
prostate,full,40000,106,103,103,0.011977560437974917
prostate,full,40000,106,105,105,0.2137908484973813
prostate,full,40000,106,101,101,0.1504223524370844
prostate,full,40000,106,100,100,0.15914320566488405
prostate,full,40000,106,105,105,0.13597723445686474
prostate,full,40000,106,105,105,0.13479290397803767
prostate,full,40000,106,105,105,0.17804676958016977
prostate,full,40000,106,100,100,0.1092273420765552
prostate,full,40000,106,105,105,0.02980267856348163
prostate,full,40000,106,104,104,0.07684273685782063
prostate,full,40000,106,102,102,0.13611555425133356
prostate,full,40000,106,101,101,0.1400079901153427
prostate,full,40000,106,104,104,0.22906797081762673
prostate,full,40000,106,59,59,0.19971749047405854
prostate,full,40000,106,102,102,0.11298139760987251
prostate,full,40000,106,97,97,0.13599749491556873
prostate,full,40000,106,95,95,0.1480410663988391
prostate,full,40000,106,82,82,0.06558315901138985
prostate,full,40000,106,100,100,0.30428752018872385
prostate,full,40000,106,90,90,0.25037848793105993
prostate,full,40000,106,89,89,0.2803511285729521
prostate,full,40000,106,89,89,0.2376355278005088
prostate,full,40000,106,89,89,0.2548992640684643
prostate,full,40000,106,78,78,0.20059685237489497
prostate,full,40000,106,39,39,0.36132157363273615
prostate,full,40000,106,105,105,0.011843441654723692
prostate,full,40000,106,105,105,0.019325000953984477
prostate,full,40000,106,104,104,0.03584970010990286
prostate,full,40000,106,102,102,0.06933935094976815
prostate,full,40000,106,105,105,0.01594743089266051
prostate,full,40000,106,105,105,0.004938046623358832
prostate,full,40000,106,105,105,0.26822108131409345
prostate,full,40000,106,105,105,0.11953692267778908
prostate,full,40000,106,105,105,0.07053960193182109
prostate,full,40000,106,103,103,0.1809652337888633
prostate,full,40000,106,105,105,0.2515995260314913
prostate,full,40000,106,105,105,0.04400417339912848
prostate,full,40000,106,102,102,0.14001508294482484
prostate,full,40000,106,102,102,0.10903523932001888
prostate,full,40000,106,101,101,0.15905102511033148
prostate,full,40000,106,84,84,0.2343625039917465
prostate,full,40000,107,106,106,0.25061110643135964
prostate,full,40000,107,106,106,0.13228676701778827
prostate,full,40000,107,106,106,0.1468850838159639
prostate,full,40000,107,101,101,0.17610321122043215
prostate,full,40000,107,106,106,0.013772969413804872
prostate,full,40000,107,104,104,0.017712255507544815
prostate,full,40000,107,102,102,0.11153218061223627
prostate,full,40000,107,102,102,0.06370175965757646
prostate,full,40000,107,85,85,0.14895162587888425
prostate,full,40000,107,84,84,0.13804888500650433
prostate,full,40000,107,106,106,0.24445582051259762
prostate,full,40000,107,105,105,0.23184952725222888
prostate,full,40000,107,87,87,0.22275446170518257
prostate,full,40000,107,106,106,0.0315952448697418
prostate,full,40000,107,106,106,0.29495717910404884
prostate,full,40000,107,106,106,0.21933531225826544
prostate,full,40000,107,103,103,0.17758101652468586
prostate,full,40000,107,106,106,0.009328314486069708
prostate,full,40000,107,105,105,0.0657582624888418
prostate,full,40000,107,102,102,0.1218151520526582
prostate,full,40000,107,88,88,0.1284890084540353
prostate,full,40000,107,106,106,0.2533264502906945
prostate,full,40000,107,106,106,0.18544924832179366
prostate,full,40000,107,106,106,0.0
prostate,full,40000,107,101,101,0.0
prostate,full,40000,107,106,106,0.01111296788617
prostate,full,40000,107,106,106,0.05995993402126055
prostate,full,40000,107,106,106,0.010347881649021898
prostate,full,40000,107,106,106,0.06231714698790292
prostate,full,40000,107,106,106,0.16322848511782012
prostate,full,40000,107,106,106,0.2809342349041752
prostate,full,40000,107,106,106,0.24149975870154564
prostate,full,40000,107,104,104,0.22015871046907404
prostate,full,40000,107,104,104,0.02250272229032662
prostate,full,40000,107,104,104,0.02418619269902725
prostate,full,40000,107,106,106,0.25610202049931036
prostate,full,40000,107,103,103,0.018475654200627845
prostate,full,40000,107,83,83,0.24322483331105169
prostate,full,40000,107,77,77,0.18004649837833564
prostate,full,40000,107,106,106,0.2495179549886403
prostate,full,40000,107,106,106,0.023595566110223457
prostate,full,40000,107,106,106,0.19472674342006882
prostate,full,40000,107,104,104,0.04233358569683558
prostate,full,40000,107,104,104,0.03305577471342741
prostate,full,40000,107,104,104,0.14476551789714243
prostate,full,40000,107,103,103,0.11993527779572526
prostate,full,40000,107,102,102,0.1238598086803522
prostate,full,40000,107,102,102,0.18639180740266137
prostate,full,40000,107,106,106,0.08105948245426117
prostate,full,40000,107,106,106,0.01412185940590624
prostate,full,40000,107,106,106,0.0796258551779852
prostate,full,40000,107,106,106,0.15829244527976388
prostate,full,40000,107,104,104,0.04893664708317363
prostate,full,40000,107,99,99,0.01833404011515396
prostate,full,40000,107,95,95,0.1493388787131804
prostate,full,40000,107,92,92,0.1542853849786087
prostate,full,40000,107,90,90,0.15019231237271113
prostate,full,40000,107,88,88,0.16967384726692825
prostate,full,40000,107,106,106,0.06295140273744494
prostate,full,40000,107,104,104,0.06638361008729368
prostate,full,40000,107,97,97,0.038971063402063924
prostate,full,40000,107,88,88,0.13648496352614878
prostate,full,40000,107,106,106,0.05544609744372843
prostate,full,40000,107,106,106,0.024343238031525022
prostate,full,40000,107,106,106,0.2590311472805861
prostate,full,40000,107,106,106,0.07578108415562415
prostate,full,40000,107,102,102,0.17042667355360694
prostate,full,40000,107,88,88,0.25060052306406555
prostate,full,40000,107,106,106,0.23373165156491854
prostate,full,40000,107,106,106,0.06972779823657474
prostate,full,40000,107,104,104,0.03555260761951135
prostate,full,40000,107,103,103,0.12208856993987134
prostate,full,40000,107,105,105,0.10771062147256075
prostate,full,40000,107,101,101,0.2807577972936634
prostate,full,40000,107,106,106,0.31829134581413776
prostate,full,40000,107,106,106,0.07854889388630247
prostate,full,40000,107,106,106,0.158537192144891
prostate,full,40000,107,103,103,0.05860766022264652
prostate,full,40000,107,91,91,0.12480859102962126
prostate,full,40000,107,106,106,0.011072031534293817
prostate,full,40000,107,106,106,0.21713266846690885
prostate,full,40000,107,106,106,0.21990409522889
prostate,full,40000,107,106,106,0.009740936100782695
prostate,full,40000,107,106,106,0.06088817288720924
prostate,full,40000,107,106,106,0.034426972696620234
prostate,full,40000,107,106,106,0.004822606259796241
prostate,full,40000,107,106,106,0.002611774201728822
prostate,full,40000,107,105,105,0.023377302336797544
prostate,full,40000,107,105,105,0.021571349959030425
prostate,full,40000,107,104,104,0.0926777847053437
prostate,full,40000,107,106,106,0.015471692717296084
prostate,full,40000,107,106,106,0.19807367156890252
prostate,full,40000,107,106,106,0.12720045494596022
prostate,full,40000,107,106,106,0.24853977113857975
prostate,full,40000,107,106,106,0.03062193655151372
prostate,full,40000,107,101,101,0.24806226745986576
prostate,full,40000,107,101,101,0.03028188795950636
prostate,full,40000,107,97,97,0.13719157857985964
prostate,full,40000,107,106,106,0.12568723883322006
prostate,full,40000,107,105,105,0.26173644641327015
prostate,full,40000,107,104,104,0.03500012289729558
prostate,full,40000,107,106,106,0.13757081502858542
prostate,full,40000,107,105,105,0.00965100257402429
prostate,full,40000,107,103,103,0.02406193248487657
prostate,full,40000,107,88,88,0.15325117443732283
prostate,full,40000,107,106,106,0.15327635914549004
prostate,full,40000,107,102,102,0.14758797729348577
prostate,full,40000,107,99,99,0.15570544582152188
prostate,full,40000,107,97,97,0.1652627665405857
prostate,full,40000,107,88,88,0.17144603774266184
prostate,full,40000,107,82,82,0.11387238389462732
prostate,full,40000,107,96,96,0.1595260643536158
prostate,full,40000,107,95,95,0.15598147833288467
prostate,full,40000,107,93,93,0.12334004113946892
prostate,full,40000,107,84,84,0.16547667525385132
prostate,full,40000,107,82,82,0.18698165832745323
prostate,full,40000,107,67,67,0.20703816524412447
prostate,full,40000,107,55,55,0.24680826522910645
prostate,full,40000,107,48,48,0.20934657017139546
prostate,full,40000,107,102,102,0.10317578740215386
prostate,full,40000,107,97,97,0.03244819156219618
prostate,full,40000,107,88,88,0.13310219118633929
prostate,full,40000,107,106,106,0.04842813968329485
prostate,full,40000,107,102,102,0.18881080956447496
prostate,full,40000,107,106,106,0.25167081999354407
prostate,full,40000,107,106,106,0.24829514520914517
prostate,full,40000,107,100,100,0.09345300530444897
prostate,full,40000,107,96,96,0.2053859624803077
prostate,full,40000,107,88,88,0.2501935499915625
prostate,full,40000,107,95,95,0.25101051923324474
prostate,full,40000,107,89,89,0.2747530123614294
prostate,full,40000,107,80,80,0.20643538996488395
prostate,full,40000,107,73,73,0.20912574754650778
prostate,full,40000,107,71,71,0.17712275542579584
prostate,full,40000,107,68,68,0.27039834000642365
prostate,full,40000,107,83,83,0.18728987661034838
prostate,full,40000,107,70,70,0.20474696476697266
prostate,full,40000,107,66,66,0.1525338739717628
prostate,full,40000,107,59,59,0.25281007104283876
prostate,full,40000,107,55,55,0.24836621222502056
prostate,full,40000,107,54,54,0.2671599924015528
prostate,full,40000,107,49,49,0.21012894004875213
prostate,full,40000,107,106,106,0.015111298898877351
prostate,full,40000,107,106,106,0.015953856215536914
prostate,full,40000,107,106,106,0.13503470309256346
prostate,full,40000,107,106,106,0.013578654957725547
prostate,full,40000,107,106,106,0.01987115377394093
prostate,full,40000,107,106,106,0.007033254147492249
prostate,full,40000,107,106,106,0.009345928724073258
prostate,full,40000,107,106,106,0.017887132234185806
prostate,full,40000,107,106,106,0.03218922966463242
prostate,full,40000,107,105,105,0.007666161860639202
prostate,full,40000,107,104,104,0.03259634583650482
prostate,full,40000,107,104,104,0.018932546331589535
prostate,full,40000,107,104,104,0.056056607044562515
prostate,full,40000,107,104,104,0.01182137857266985
prostate,full,40000,107,104,104,0.03958619228602401
prostate,full,40000,107,103,103,0.099632034117407
prostate,full,40000,107,106,106,0.2643831763342633
prostate,full,40000,107,105,105,0.1819502102744196
prostate,full,40000,107,104,104,0.0648778951171593
prostate,full,40000,107,106,106,0.05197661693188908
prostate,full,40000,107,106,106,0.09672533916089396
prostate,full,40000,107,106,106,0.17647500904464697
prostate,full,40000,107,106,106,0.05165662709345744
prostate,full,40000,107,88,88,0.08596365732078345
prostate,full,40000,107,105,105,0.21423695619327174
prostate,full,40000,107,105,105,0.30004219504979635
prostate,full,40000,107,103,103,0.048463759811032146
prostate,full,40000,107,102,102,0.29626365310944364
prostate,full,40000,107,95,95,0.28027406824347795
prostate,full,40000,107,106,106,0.2622435439272825
prostate,full,40000,107,106,106,0.0672902404851463
prostate,full,40000,107,106,106,0.20237221422776355
prostate,full,40000,107,106,106,0.024304529214569253
prostate,full,40000,107,104,104,0.119706605981084
prostate,full,40000,107,104,104,0.04711911478839564
prostate,full,40000,107,103,103,0.09936939101309705
prostate,full,40000,107,106,106,0.2123515547222514
prostate,full,40000,107,106,106,0.28003411430478703
prostate,full,40000,107,104,104,0.05721254542524556
prostate,full,40000,107,106,106,0.17212020855560073
prostate,full,40000,107,106,106,0.2634472981326321
prostate,full,40000,107,105,105,0.07528335566855934
prostate,full,40000,107,104,104,0.14053117570144627
prostate,full,40000,107,102,102,0.2076120773489492
prostate,full,40000,107,106,106,0.1405615542122407
prostate,full,40000,107,96,96,0.13315357911689668
prostate,full,40000,107,88,88,0.15641026121352317
prostate,full,40000,107,105,105,0.32088452309705245
prostate,full,40000,107,104,104,0.24321578368317148
prostate,full,40000,107,103,103,0.2480667923018539
prostate,full,40000,107,101,101,0.16047958196737214
prostate,full,40000,107,87,87,0.21998055262006305
prostate,full,40000,107,87,87,0.2626228271877763
prostate,full,40000,107,82,82,0.2222132371375033
prostate,full,40000,107,106,106,0.23736369870161647
prostate,full,40000,107,105,105,0.08933951085301979
prostate,full,40000,107,103,103,0.1168095609148543
prostate,full,40000,107,102,102,0.2734211022006182
prostate,full,40000,107,101,101,0.3094985327234999
prostate,full,40000,107,100,100,0.3192027479590534
prostate,full,40000,107,99,99,0.3208523684090144
prostate,full,40000,107,98,98,0.340787358126224
prostate,full,40000,107,97,97,0.3010206298608857
prostate,full,40000,107,92,92,0.2947493312955236
prostate,full,40000,107,85,85,0.2516999117180901
prostate,full,40000,107,84,84,0.24726655348420257
prostate,full,40000,107,73,73,0.24640495923898517
prostate,full,40000,107,59,59,0.2938938484953252
prostate,full,40000,107,106,106,0.2645463952459218
prostate,full,40000,107,106,106,0.22790462988553056
prostate,full,40000,107,101,101,0.21095126005161918
prostate,full,40000,107,89,89,0.23034488612270118
prostate,full,40000,107,106,106,0.2378431823304915
prostate,full,40000,107,105,105,0.035669409067130856
prostate,full,40000,107,103,103,0.11736581687862413
prostate,full,40000,107,103,103,0.04236459881049232
prostate,full,40000,107,101,101,0.06298925519106992
prostate,full,40000,107,100,100,0.13643356977862295
prostate,full,40000,107,97,97,0.03406396569314565
prostate,full,40000,107,88,88,0.13753089323019216
prostate,full,40000,107,105,105,0.3050931563876573
prostate,full,40000,107,102,102,0.21456796294980418
prostate,full,40000,107,101,101,0.18948615049766132
prostate,full,40000,107,95,95,0.2960094662052131
prostate,full,40000,107,86,86,0.1248410567935604
prostate,full,40000,107,106,106,0.2547351350237234
prostate,full,40000,107,106,106,0.12913941012956554
prostate,full,40000,107,106,106,0.2157967494736806
prostate,full,40000,107,106,106,0.018726413637603277
prostate,full,40000,107,106,106,0.15313989198937236
prostate,full,40000,107,101,101,0.1914165501646335
prostate,full,40000,107,106,106,0.3094624602858468
prostate,full,40000,107,106,106,0.1695273113157523
prostate,full,40000,107,106,106,0.0024635355927453773
prostate,full,40000,107,106,106,0.0021285406777531027
prostate,full,40000,107,106,106,0.2733137379251152
prostate,full,40000,107,88,88,0.2120802739148828
prostate,full,40000,107,106,106,0.06408156034317262
prostate,full,40000,107,106,106,0.237281232693203
prostate,full,40000,107,103,103,0.1537467687175789
prostate,full,40000,107,103,103,0.2612661917340733
prostate,full,40000,107,102,102,0.028457108141707533
prostate,full,40000,107,102,102,0.2594381492549098
prostate,full,40000,107,100,100,0.29752343555872046
prostate,full,40000,107,106,106,0.1423743160418428
prostate,full,40000,107,105,105,0.03661644298348875
prostate,full,40000,107,99,99,0.12909223101694964
prostate,full,40000,107,99,99,0.12752656443048302
prostate,full,40000,107,106,106,0.04358455085323675
prostate,full,40000,107,106,106,0.2359908032625654
prostate,full,40000,107,103,103,0.0896311612517727
prostate,full,40000,107,102,102,0.16637830935975048
prostate,full,40000,107,101,101,0.0939567496033361
prostate,full,40000,107,87,87,0.23825787919501987
prostate,full,40000,107,83,83,0.24430908703306534
prostate,full,40000,107,106,106,0.039807061725730605
prostate,full,40000,107,106,106,0.1354354838228262
prostate,full,40000,107,105,105,0.0397520470961408
prostate,full,40000,107,104,104,0.04626182917464661
prostate,full,40000,107,103,103,0.10825847860468452
prostate,full,40000,107,106,106,0.1346675649715664
prostate,full,40000,107,106,106,0.25172595095988487
prostate,full,40000,107,103,103,0.11642688560902541
prostate,full,40000,107,101,101,0.1147237375959635
prostate,full,40000,107,101,101,0.10494062430276657
prostate,full,40000,107,106,106,0.054225980631750804
prostate,full,40000,107,106,106,0.01742135968888108
prostate,full,40000,107,106,106,0.061528827007479525
prostate,full,40000,107,104,104,0.02859206618259106
prostate,full,40000,107,104,104,0.04063571768657296
prostate,full,40000,107,106,106,0.10175395156498028
prostate,full,40000,107,106,106,0.1757613383442176
prostate,full,40000,107,106,106,0.12982687816200844
prostate,full,40000,107,106,106,0.0
prostate,full,40000,107,102,102,0.0
prostate,full,40000,107,100,100,0.0
prostate,full,40000,107,100,100,0.10030781414158714
prostate,full,40000,107,98,98,0.10312100725452918
prostate,full,40000,107,93,93,0.10325922700392981
prostate,full,40000,107,105,105,0.19122466854364475
prostate,full,40000,107,104,104,0.27866303132865866
prostate,full,40000,107,104,104,0.22194480010682274
prostate,full,40000,107,104,104,0.0
prostate,full,40000,107,104,104,0.16919165053506077
prostate,full,40000,107,103,103,0.30637558806872894
prostate,full,40000,107,102,102,0.0
prostate,full,40000,107,100,100,0.060113263452563084
prostate,full,40000,107,106,106,0.10517658776882595
prostate,full,40000,107,106,106,0.17137006240596098
prostate,full,40000,107,106,106,0.04450208697843757
prostate,full,40000,107,106,106,0.2698930230247633
prostate,full,40000,107,105,105,0.049411904127865114
prostate,full,40000,107,104,104,0.19343901898538937
prostate,full,40000,107,104,104,0.08413485205370927
prostate,full,40000,107,103,103,0.07233950051541053
prostate,full,40000,107,103,103,0.04129477376595308
prostate,full,40000,107,106,106,0.07701109979554639
prostate,full,40000,107,106,106,0.13956186952479235
prostate,full,40000,107,103,103,0.02442834326595388
prostate,full,40000,107,86,86,0.1492583668847362
prostate,full,40000,107,106,106,0.2535205235544036
prostate,full,40000,107,106,106,0.14124558591301145
prostate,full,40000,107,106,106,0.2585104759842314
prostate,full,40000,107,104,104,0.07863843822068858
prostate,full,40000,107,106,106,0.28065210458942835
prostate,full,40000,107,106,106,0.23578309873856876
prostate,full,40000,107,102,102,0.2233446581960241
prostate,full,40000,107,101,101,0.07566956175928866
prostate,full,40000,107,100,100,0.10272825717252107
prostate,full,40000,107,106,106,0.0619805052750686
prostate,full,40000,107,106,106,0.014224074979725295
prostate,full,40000,107,106,106,0.02087148281052365
prostate,full,40000,107,103,103,0.04313743948428452
prostate,full,40000,107,102,102,0.1210805699283037
prostate,full,40000,107,88,88,0.13710733860084448
prostate,full,40000,107,105,105,0.18607547073217515
prostate,full,40000,107,104,104,0.25587098362129396
prostate,full,40000,107,97,97,0.27737442886919217
prostate,full,40000,107,89,89,0.16855255052366172
prostate,full,40000,107,89,89,0.21578116972794464
prostate,full,40000,107,88,88,0.24728620159288467
prostate,full,40000,107,88,88,0.1478647394725198
prostate,full,40000,107,88,88,0.16955168620701747
prostate,full,40000,107,86,86,0.22131900849902655
prostate,full,40000,107,84,84,0.15677498589175598
prostate,full,40000,107,84,84,0.24780650963845904
prostate,full,40000,107,106,106,0.24728772330903426
prostate,full,40000,107,106,106,0.25428035656422204
prostate,full,40000,107,102,102,0.2013988331249564
prostate,full,40000,107,100,100,0.23438484493830994
prostate,full,40000,107,99,99,0.012846215352023129
prostate,full,40000,107,88,88,0.19182883502989964
prostate,full,40000,107,106,106,0.04460121420407781
prostate,full,40000,107,101,101,0.24909610978131386
prostate,full,40000,107,99,99,0.2524927546975075
prostate,full,40000,107,66,66,0.24151672317592365
prostate,full,40000,107,105,105,0.06878590816272903
prostate,full,40000,107,104,104,0.0638927575028193
prostate,full,40000,107,104,104,0.054857608989575146
prostate,full,40000,107,102,102,0.01462549957301884
prostate,full,40000,107,102,102,0.10899479998088886
prostate,full,40000,107,98,98,0.08601574110047552
prostate,full,40000,107,97,97,0.03219169736740087
prostate,full,40000,107,88,88,0.13580391202767397
prostate,full,40000,107,105,105,0.31836650612073253
prostate,full,40000,107,103,103,0.1582925544546582
prostate,full,40000,107,101,101,0.25204932609381736
prostate,full,40000,107,94,94,0.232962510853842
prostate,full,40000,107,106,106,0.10175395156498028
prostate,full,40000,107,106,106,0.26136899865927826
prostate,full,40000,107,106,106,0.17647500904464697
prostate,full,40000,107,106,106,0.0
prostate,full,40000,107,104,104,0.0
prostate,full,40000,107,104,104,0.10834983239433711
prostate,full,40000,107,106,106,0.24926707453659772
prostate,full,40000,107,95,95,0.055519018985708705
prostate,full,40000,107,106,106,0.10478739932353273
prostate,full,40000,107,106,106,0.2587014000260152
prostate,full,40000,107,101,101,0.1648650727787888
prostate,full,40000,107,106,106,0.017796825917962725
prostate,full,40000,107,106,106,0.2969058071265492
prostate,full,40000,107,104,104,0.1375662704412201
prostate,full,40000,107,104,104,0.1331958597051876
prostate,full,40000,107,103,103,0.19363971028234142
prostate,full,40000,107,86,86,0.19333757714557406
prostate,full,40000,107,80,80,0.24434576165036467
prostate,full,40000,107,78,78,0.19357764317986756
prostate,full,40000,107,70,70,0.20737342670463801
prostate,full,40000,107,67,67,0.2138301853264909
prostate,full,40000,107,66,66,0.21594830878550753
prostate,full,40000,107,59,59,0.26320399024309865
prostate,full,40000,107,55,55,0.2596478191832984
prostate,full,40000,107,50,50,0.2294533990772016
prostate,full,40000,107,49,49,0.2076250894574304
prostate,full,40000,107,106,106,0.11482080811483966
prostate,full,40000,107,106,106,0.2555904960883805
prostate,full,40000,107,106,106,0.16018258706677516
prostate,full,40000,107,104,104,0.04453413516831472
prostate,full,40000,107,104,104,0.09723223014574037
prostate,full,40000,107,106,106,0.2342915106986952
prostate,full,40000,107,105,105,0.01695698374922334
prostate,full,40000,107,102,102,0.02476287695429906
prostate,full,40000,107,102,102,0.14387371169131247
prostate,full,40000,107,88,88,0.1988240918605081
prostate,full,40000,107,103,103,0.11275927825352983
prostate,full,40000,107,102,102,0.017728262655815445
prostate,full,40000,107,88,88,0.15395508259938157
prostate,full,40000,107,106,106,0.11434107556923628
prostate,full,40000,107,106,106,0.1813499084715293
prostate,full,40000,107,106,106,0.2271221899562551
prostate,full,40000,107,105,105,0.023450745946626602
prostate,full,40000,107,105,105,0.05134510724519752
prostate,full,40000,107,104,104,0.0313156555147276
prostate,full,40000,107,104,104,0.1493670516185765
prostate,full,40000,107,106,106,0.0
prostate,full,40000,107,106,106,0.25348120089730236
prostate,full,40000,107,104,104,0.08800058349682181
prostate,full,40000,107,102,102,0.13730408702802785
prostate,full,40000,107,103,103,0.08740395108030634
prostate,full,40000,107,97,97,0.17523416797792865
prostate,full,40000,107,96,96,0.16207413859843722
prostate,full,40000,107,94,94,0.19566533730332072
prostate,full,40000,107,91,91,0.11894776907409836
prostate,full,40000,107,90,90,0.12812146059495544
prostate,full,40000,107,88,88,0.17980979123088206
prostate,full,40000,107,88,88,0.18944620265252368
prostate,full,40000,107,88,88,0.1742723019356009
prostate,full,40000,107,87,87,0.17309474652218912
prostate,full,40000,107,87,87,0.17232075702704505
prostate,full,40000,107,86,86,0.18429017250113014
prostate,full,40000,107,86,86,0.1755668333025483
prostate,full,40000,107,86,86,0.18571235021564075
prostate,full,40000,107,85,85,0.1898579209898084
prostate,full,40000,107,85,85,0.18587020592998799
prostate,full,40000,107,66,66,0.1573230107355383
prostate,full,40000,107,106,106,0.23654239177858127
prostate,full,40000,107,103,103,0.1213339476954799
prostate,full,40000,107,88,88,0.21863856162440073
prostate,full,40000,107,106,106,0.13882817016217905
prostate,full,40000,107,106,106,0.0679011797929191
prostate,full,40000,107,104,104,0.034710701310870645
prostate,full,40000,107,104,104,0.07730745952280271
prostate,full,40000,107,103,103,0.10635802932457053
prostate,full,40000,107,106,106,0.22969938545250201
prostate,full,40000,107,106,106,0.018900729282481297
prostate,full,40000,107,104,104,0.018272221625929213
prostate,full,40000,107,104,104,0.08909408483258334
prostate,full,40000,107,104,104,0.020066287639984373
prostate,full,40000,107,104,104,0.03282366850677458
prostate,full,40000,107,103,103,0.10362870092086339
prostate,full,40000,107,106,106,0.0035998673464148964
prostate,full,40000,107,106,106,0.01528980553021366
prostate,full,40000,107,106,106,0.016051000844847826
prostate,full,40000,107,106,106,0.013272824324439879
prostate,full,40000,107,106,106,0.014700439009547964
prostate,full,40000,107,106,106,0.06503460167908333
prostate,full,40000,107,106,106,0.008804246145608898
prostate,full,40000,107,106,106,0.010370106568054174
prostate,full,40000,107,106,106,0.0042536268301459285
prostate,full,40000,107,106,106,0.003327174885012259
prostate,full,40000,107,106,106,0.020039545782402395
prostate,full,40000,107,106,106,0.020979448249380153
prostate,full,40000,107,106,106,0.015182846959007611
prostate,full,40000,107,106,106,0.002589945514627363
prostate,full,40000,107,105,105,0.0062742428689432205
prostate,full,40000,107,105,105,0.009208155310742523
prostate,full,40000,107,104,104,0.013065435391666397
prostate,full,40000,107,104,104,0.020679204586649732
prostate,full,40000,107,104,104,0.004584953859242877
prostate,full,40000,107,104,104,0.009261471860842571
prostate,full,40000,107,104,104,0.02077008778357881
prostate,full,40000,107,104,104,0.03578616995275357
prostate,full,40000,107,100,100,0.028427000814675637
prostate,full,40000,107,106,106,0.03335767105452682
prostate,full,40000,107,105,105,0.045587884106399655
prostate,full,40000,107,102,102,0.10295791437763743
prostate,full,40000,107,101,101,0.1258657506726454
prostate,full,40000,107,97,97,0.17009305856729068
prostate,full,40000,107,104,104,0.15044715943991954
prostate,full,40000,107,100,100,0.1639964785870262
prostate,full,40000,107,92,92,0.19885801620123902
prostate,full,40000,107,89,89,0.17476762350745456
prostate,full,40000,107,38,38,0.26908516544893446
prostate,full,40000,107,106,106,0.22144267802221182
prostate,full,40000,107,106,106,0.07854889388630247
prostate,full,40000,107,106,106,0.22512181126449113
prostate,full,40000,107,104,104,0.0
prostate,full,40000,107,106,106,0.05384892506643505
prostate,full,40000,107,106,106,0.006864556207062843
prostate,full,40000,107,103,103,0.08100888054887491
prostate,full,40000,107,102,102,0.10889986233863919
prostate,full,40000,107,106,106,0.1754790068416941
prostate,full,40000,107,106,106,0.009264291874657419
prostate,full,40000,107,106,106,0.25470145764043156
prostate,full,40000,107,103,103,0.1267168494083737
prostate,full,40000,107,102,102,0.13667385565597892
prostate,full,40000,107,101,101,0.13157944862334264
prostate,full,40000,107,101,101,0.12116729497293288
prostate,full,40000,107,106,106,0.22115927802624957
prostate,full,40000,107,105,105,0.102306178357393
prostate,full,40000,107,105,105,0.004174942204710879
prostate,full,40000,107,103,103,0.13688516593516983
prostate,full,40000,107,106,106,0.2322454757390899
prostate,full,40000,107,106,106,0.011999055016102458
prostate,full,40000,107,106,106,0.27212121590213495
prostate,full,40000,107,104,104,0.1543679754449589
prostate,full,40000,107,104,104,0.06831036289241893
prostate,full,40000,107,104,104,0.18646051458600119
prostate,full,40000,107,103,103,0.19025374699903613
prostate,full,40000,107,102,102,0.22690630718647373
prostate,full,40000,107,106,106,0.1357023008997694
prostate,full,40000,107,104,104,0.0382572689553055
prostate,full,40000,107,101,101,0.10863614272792979
prostate,full,40000,107,101,101,0.10937163987498931
prostate,full,40000,107,99,99,0.1323438684642286
prostate,full,40000,107,91,91,0.15603166709945865
prostate,full,40000,107,106,106,0.16322780372970996
prostate,full,40000,107,106,106,0.2565633007851809
prostate,full,40000,107,103,103,0.16450012086740376
prostate,full,40000,107,102,102,0.21268726342618005
prostate,full,40000,107,101,101,0.1737865773590615
prostate,full,40000,107,106,106,0.16194571548170889
prostate,full,40000,107,102,102,0.04753163613409624
prostate,full,40000,107,96,96,0.044540038165403535
prostate,full,40000,107,85,85,0.1845762237715944
prostate,full,40000,107,84,84,0.17790781999110855
prostate,full,40000,107,106,106,0.28363819355022335
prostate,full,40000,107,104,104,0.1791929310250235
prostate,full,40000,107,103,103,0.17198780762722934
prostate,full,40000,107,103,103,0.1935590231473371
prostate,full,40000,107,103,103,0.21033599190891153
prostate,full,40000,107,106,106,0.05302727016894086
prostate,full,40000,107,102,102,0.11989212470540131
prostate,full,40000,107,95,95,0.039076569937783495
prostate,full,40000,107,88,88,0.13583478846969846
prostate,full,40000,107,106,106,0.13899388729799725
prostate,full,40000,107,105,105,0.04776100324718622
prostate,full,40000,107,105,105,0.04296799558012995
prostate,full,40000,107,100,100,0.13826749127801205
prostate,full,40000,107,106,106,0.015758037567690893
prostate,full,40000,107,92,92,0.11608638593533298
prostate,full,40000,107,87,87,0.14123337116614526
prostate,full,40000,107,87,87,0.13567464828560685
prostate,full,40000,107,87,87,0.14572351014517643
prostate,full,40000,107,106,106,0.23509599376120344
prostate,full,40000,107,91,91,0.11866724976305004
prostate,full,40000,107,82,82,0.24185240679739403
prostate,full,40000,107,76,76,0.2497806649559008
prostate,full,40000,107,106,106,0.006599942468656337
prostate,full,40000,107,104,104,0.04152748628892967
prostate,full,40000,107,102,102,0.10637191933700257
prostate,full,40000,107,106,106,0.18634699666884155
prostate,full,40000,107,106,106,0.24606233433663857
prostate,full,40000,107,106,106,0.04551489198258454
prostate,full,40000,107,102,102,0.12719239785539918
prostate,full,40000,107,106,106,0.28936472252749895
prostate,full,40000,107,102,102,0.21099362054115617
prostate,full,40000,107,88,88,0.19296221428743066
prostate,full,40000,107,106,106,0.26297328171874057
prostate,full,40000,107,105,105,0.10884993294552904
prostate,full,40000,107,106,106,0.2163698885391287
prostate,full,40000,107,105,105,0.015546887314759256
prostate,full,40000,107,105,105,0.04315365445903799
prostate,full,40000,107,101,101,0.13173863387837564
prostate,full,40000,107,106,106,0.2250144357333384
prostate,full,40000,107,106,106,0.2655685084301789
prostate,full,40000,107,106,106,0.0029061179167756885
prostate,full,40000,107,102,102,0.2236837918218937
prostate,full,40000,107,106,106,0.28822897973465417
prostate,full,40000,107,106,106,0.3075107642855609
prostate,full,40000,107,104,104,0.08224600704101226
prostate,full,40000,107,103,103,0.13790965866545582
prostate,full,40000,107,99,99,0.162660936823386
prostate,full,40000,107,90,90,0.19389096006754497
prostate,full,40000,107,106,106,0.18356367886637204
prostate,full,40000,107,106,106,0.13700511339788338
prostate,full,40000,107,106,106,0.26390440744203425
prostate,full,40000,107,106,106,0.05418998156425912
prostate,full,40000,107,104,104,0.04248014523537838
prostate,full,40000,107,104,104,0.11294896221814736
prostate,full,40000,107,104,104,0.03102675378632206
prostate,full,40000,107,105,105,0.22577059379830655
prostate,full,40000,107,105,105,0.11647029808124604
prostate,full,40000,107,101,101,0.28982358438540134
prostate,full,40000,107,101,101,0.2940593906291688
prostate,full,40000,107,106,106,0.1410999683206571
prostate,full,40000,107,103,103,0.19567411629566084
prostate,full,40000,107,95,95,0.14534165133693863
prostate,full,40000,107,87,87,0.24772140523806743
prostate,full,40000,107,106,106,0.25985110845300136
prostate,full,40000,107,106,106,0.1309098093647217
prostate,full,40000,107,106,106,0.25674186129277476
prostate,full,40000,107,104,104,0.0068499453653299005
prostate,full,40000,107,104,104,0.14575290557788811
prostate,full,40000,107,103,103,0.06377687154360855
prostate,full,40000,107,99,99,0.12179156547062925
prostate,full,40000,107,99,99,0.150403803804867
prostate,full,40000,107,91,91,0.11262571151255978
prostate,full,40000,107,89,89,0.08689730001382794
prostate,full,40000,107,88,88,0.1364861521212253
prostate,full,40000,107,66,66,0.10081501929086281
prostate,full,40000,107,59,59,0.23452592162833794
prostate,full,40000,107,106,106,0.24394805302363534
prostate,full,40000,107,103,103,0.1947993495165731
prostate,full,40000,107,103,103,0.20230234306404232
prostate,full,40000,107,101,101,0.06126917852514589
prostate,full,40000,107,100,100,0.2517781894906313
prostate,full,40000,107,100,100,0.09315341912473663
prostate,full,40000,107,99,99,0.20454496133097105
prostate,full,40000,107,97,97,0.25951708567349047
prostate,full,40000,107,96,96,0.24910681337988075
prostate,full,40000,107,87,87,0.23196730823758574
prostate,full,40000,107,87,87,0.2820322195993111
prostate,full,40000,107,97,97,0.14640715542189292
prostate,full,40000,107,96,96,0.16123921456150975
prostate,full,40000,107,95,95,0.202623625763036
prostate,full,40000,107,93,93,0.12594099621961952
prostate,full,40000,107,89,89,0.17160849453306298
prostate,full,40000,107,82,82,0.10215356328078386
prostate,full,40000,107,66,66,0.15511772605088656
prostate,full,40000,107,50,50,0.22795835925019658
prostate,full,40000,107,44,44,0.21221233483395843
prostate,full,40000,107,105,105,0.23888485256932662
prostate,full,40000,107,105,105,0.20173398385776506
prostate,full,40000,107,104,104,0.19975538032526122
prostate,full,40000,107,101,101,0.15503487549039807
prostate,full,40000,107,106,106,0.06667318914021146
prostate,full,40000,107,106,106,0.1508393283143559
prostate,full,40000,107,106,106,0.2466879428176008
prostate,full,40000,107,105,105,0.1544715427402097
prostate,full,40000,107,104,104,0.18658173533402111
prostate,full,40000,107,104,104,0.17701596259248015
prostate,full,40000,107,104,104,0.04733324011020872
prostate,full,40000,107,102,102,0.23833548908024052
prostate,full,40000,107,105,105,0.05633088017378082
prostate,full,40000,107,105,105,0.05368260207769101
prostate,full,40000,107,102,102,0.10854341900923223
prostate,full,40000,107,95,95,0.06225773055224501
prostate,full,40000,107,88,88,0.13380807102108438
prostate,full,40000,107,106,106,0.23900236664841687
prostate,full,40000,107,106,106,0.19289956306872968
prostate,full,40000,107,105,105,0.1390843320279368
prostate,full,40000,107,105,105,0.132783669838366
prostate,full,40000,107,104,104,0.10543621787764097
prostate,full,40000,107,103,103,0.2013522341979596
prostate,full,40000,107,101,101,0.24168895337598384
prostate,full,40000,107,101,101,0.1590878225508969
prostate,full,40000,107,86,86,0.17865434168553893
prostate,full,40000,107,86,86,0.17908852111102297
prostate,full,40000,107,82,82,0.17574397795680163
prostate,full,40000,107,68,68,0.2180053453593591
prostate,full,40000,107,105,105,0.0023644021596346872
prostate,full,40000,107,101,101,0.2574121503237455
prostate,full,40000,107,99,99,0.2539281739647024
prostate,full,40000,107,99,99,0.26444807041082313
prostate,full,40000,107,99,99,0.30083313931148903
prostate,full,40000,107,95,95,0.25383419437310256
prostate,full,40000,107,90,90,0.20372350463663685
prostate,full,40000,107,89,89,0.21789864238783416
prostate,full,40000,107,87,87,0.21221929936525483
prostate,full,40000,107,85,85,0.23408029660411664
prostate,full,40000,107,106,106,0.11697191730902541
prostate,full,40000,107,106,106,0.16995046306315453
prostate,full,40000,107,106,106,0.2367812526376068
prostate,full,40000,107,106,106,0.01323116271815435
prostate,full,40000,107,104,104,0.2194729471602926
prostate,full,40000,107,106,106,0.08169964260816653
prostate,full,40000,107,106,106,0.011575753246265466
prostate,full,40000,107,106,106,0.1519479223712083
prostate,full,40000,107,105,105,0.047485044043598476
prostate,full,40000,107,105,105,0.09429266192373459
prostate,full,40000,107,106,106,0.2023721894789844
prostate,full,40000,107,106,106,0.2617180212541854
prostate,full,40000,107,103,103,0.03139840832534745
prostate,full,40000,107,101,101,0.1184549363191601
prostate,full,40000,107,99,99,0.29371570376920986
prostate,full,40000,107,96,96,0.2184733648311252
prostate,full,40000,107,89,89,0.24546013422181676
prostate,full,40000,107,39,39,0.3593793204032776
prostate,full,40000,107,38,38,0.38014149562501154
prostate,full,40000,107,106,106,0.018339742461737463
prostate,full,40000,107,106,106,0.062256913554693795
prostate,full,40000,107,106,106,0.021983239539856012
prostate,full,40000,107,87,87,0.1411747697649097
prostate,full,40000,107,98,98,0.24211118349852023
prostate,full,40000,107,95,95,0.04631797649787205
prostate,full,40000,107,82,82,0.2401085135897988
prostate,full,40000,107,66,66,0.24601820235297295
prostate,full,40000,107,106,106,0.2870963441663691
prostate,full,40000,107,103,103,0.16753711733204227
prostate,full,40000,107,106,106,0.0014888430390292667
prostate,full,40000,107,106,106,0.26204159162459045
prostate,full,40000,107,105,105,0.21689732921077354
prostate,full,40000,107,103,103,0.22134803091073182
prostate,full,40000,107,103,103,0.016376142582079704
prostate,full,40000,107,103,103,0.08443005566944337
prostate,full,40000,107,88,88,0.2087040266832182
prostate,full,40000,107,106,106,0.24574096963601053
prostate,full,40000,107,106,106,0.2618791575733789
prostate,full,40000,107,98,98,0.17786942938417036
prostate,full,40000,107,106,106,0.3175657592146643
prostate,full,40000,107,106,106,0.11660586274974413
prostate,full,40000,107,103,103,0.026228225173534934
prostate,full,40000,107,103,103,0.14664323062925663
prostate,full,40000,107,91,91,0.19921054539026137
prostate,full,40000,107,106,106,0.08465730982921187
prostate,full,40000,107,106,106,0.05401163149388871
prostate,full,40000,107,106,106,0.23592729103600782
prostate,full,40000,107,105,105,0.035127678563420306
prostate,full,40000,107,102,102,0.12032216888492246
prostate,full,40000,107,106,106,0.047936140805722775
prostate,full,40000,107,106,106,0.2169966297505422
prostate,full,40000,107,101,101,0.11691758001056039
prostate,full,40000,107,85,85,0.1570001287047617
prostate,full,40000,107,83,83,0.20185721657438288
prostate,full,40000,107,106,106,0.12654439838854842
prostate,full,40000,107,106,106,0.23903206101620358
prostate,full,40000,107,106,106,0.1576011850814445
prostate,full,40000,107,106,106,0.028955965391225
prostate,full,40000,107,104,104,0.11700028803499683
prostate,full,40000,107,106,106,0.16337879927248689
prostate,full,40000,107,106,106,0.2792745537237348
prostate,full,40000,107,88,88,0.1944930955334872
prostate,full,40000,107,106,106,0.15874012659928743
prostate,full,40000,107,106,106,0.25291302308257063
prostate,full,40000,107,106,106,0.11204147521445525
prostate,full,40000,107,106,106,0.0022764803180968488
prostate,full,40000,107,106,106,0.004885772532213092
prostate,full,40000,107,104,104,0.0771677655810581
prostate,full,40000,107,104,104,0.06389022444197098
prostate,full,40000,107,105,105,0.14086320252100404
prostate,full,40000,107,103,103,0.11087157108567945
prostate,full,40000,107,99,99,0.1333983482313962
prostate,full,40000,107,97,97,0.13890021512428954
prostate,full,40000,107,95,95,0.08103836067209329
prostate,full,40000,107,91,91,0.16556731832282573
prostate,full,40000,107,87,87,0.15170519864373633
prostate,full,40000,107,85,85,0.17112188854827307
prostate,full,40000,107,82,82,0.06756239803704717
prostate,full,40000,107,102,102,0.25560607271139524
prostate,full,40000,107,101,101,0.23255067261420403
prostate,full,40000,107,100,100,0.24109978318474062
prostate,full,40000,107,99,99,0.24283940350350242
prostate,full,40000,107,98,98,0.22195132097578812
prostate,full,40000,107,97,97,0.23177684967460657
prostate,full,40000,107,92,92,0.18927372968910808
prostate,full,40000,107,83,83,0.16144990126135744
prostate,full,40000,107,82,82,0.16487056485825646
prostate,full,40000,107,73,73,0.1372708566811132
prostate,full,40000,107,59,59,0.18984643137965504
prostate,full,40000,107,106,106,0.054420304337748526
prostate,full,40000,107,106,106,0.012566036200974127
prostate,full,40000,107,106,106,0.023736114457528743
prostate,full,40000,107,106,106,0.014382653103970043
prostate,full,40000,107,106,106,0.016711833532857424
prostate,full,40000,107,106,106,0.010912230668005528
prostate,full,40000,107,106,106,0.006737783781560978
prostate,full,40000,107,106,106,0.005922391134972793
prostate,full,40000,107,106,106,0.00860146583840551
prostate,full,40000,107,106,106,0.005271528802621252
prostate,full,40000,107,106,106,0.007250888716000588
prostate,full,40000,107,106,106,0.009298158454551647
prostate,full,40000,107,106,106,0.011853314799027532
prostate,full,40000,107,105,105,0.005825329702638381
prostate,full,40000,107,105,105,0.01071128789327254
prostate,full,40000,107,104,104,0.025740830163882393
prostate,full,40000,107,104,104,0.016289592509999215
prostate,full,40000,107,104,104,0.013316153660894742
prostate,full,40000,107,104,104,0.024017880827248803
prostate,full,40000,107,104,104,0.038217278614496655
prostate,full,40000,107,103,103,0.07458374489904747
prostate,full,40000,107,103,103,0.2735744314088376
prostate,full,40000,107,103,103,0.18088625764358937
prostate,full,40000,107,102,102,0.274730117957086
prostate,full,40000,107,101,101,0.27817791081723037
prostate,full,40000,107,97,97,0.285201385373469
prostate,full,40000,107,104,104,0.30126358790478086
prostate,full,40000,107,60,60,0.1776167562685812
prostate,full,40000,107,106,106,0.07376637701970584
prostate,full,40000,107,106,106,0.14442495597970922
prostate,full,40000,107,104,104,0.045505319518680976
prostate,full,40000,107,104,104,0.09593126655172152
prostate,full,40000,107,106,106,0.1940500617213003
prostate,full,40000,107,106,106,0.1608704071860355
prostate,full,40000,107,102,102,0.11777801682241386
prostate,full,40000,107,100,100,0.16977217430703598
prostate,full,40000,107,88,88,0.21319384223202206
prostate,full,40000,107,106,106,0.28048356764575444
prostate,full,40000,107,106,106,0.22144267802221182
prostate,full,40000,107,104,104,0.06694125132885394
prostate,full,40000,107,102,102,0.05428076874922512
prostate,full,40000,107,106,106,0.055622116543290544
prostate,full,40000,107,106,106,0.06468130906489238
prostate,full,40000,107,106,106,0.011308929920406104
prostate,full,40000,107,104,104,0.04012747308402565
prostate,full,40000,107,106,106,0.1942570573923785
prostate,full,40000,107,106,106,0.15703042466114597
prostate,full,40000,107,104,104,0.0014272894751620063
prostate,full,40000,107,90,90,0.1652362463227507
prostate,full,40000,107,106,106,0.26646088438714716
prostate,full,40000,107,103,103,0.28027901511227
prostate,full,40000,107,103,103,0.11256850355971068
prostate,full,40000,107,102,102,0.2864514238885888
prostate,full,40000,107,100,100,0.2916320147331698
prostate,full,40000,107,100,100,0.24573657443546335
prostate,full,40000,107,88,88,0.19806076543159404
prostate,full,40000,107,106,106,0.2667811378583775
prostate,full,40000,107,106,106,0.1693908962888533
prostate,full,40000,107,88,88,0.2525822935850829
prostate,full,40000,107,106,106,0.04967382321997071
prostate,full,40000,107,106,106,0.062281516011944614
prostate,full,40000,107,105,105,0.006294611578966369
prostate,full,40000,107,101,101,0.12257735613821603
prostate,full,40000,107,105,105,0.06441615276784313
prostate,full,40000,107,105,105,0.06605330481448428
prostate,full,40000,107,105,105,0.13950000540839128
prostate,full,40000,107,104,104,0.07917538910834168
prostate,full,40000,107,103,103,0.11178138832266624
prostate,full,40000,107,102,102,0.017690867119480362
prostate,full,40000,107,89,89,0.17750891383826517
prostate,full,40000,107,83,83,0.1904937820756008
prostate,full,40000,107,75,75,0.20407603037862812
prostate,full,40000,107,70,70,0.21270558986598254
prostate,full,40000,107,64,64,0.21328172070896112
prostate,full,40000,107,59,59,0.2693537510538328
prostate,full,40000,107,55,55,0.2657967888094208
prostate,full,40000,107,54,54,0.2852939058127964
prostate,full,40000,107,49,49,0.23764062508935038
prostate,full,40000,107,106,106,0.13451572961023858
prostate,full,40000,107,106,106,0.23484126715000542
prostate,full,40000,107,88,88,0.25343976699564275
prostate,full,40000,107,106,106,0.010555742079402306
prostate,full,40000,107,106,106,0.05342179835145881
prostate,full,40000,107,106,106,0.0017413188498567453
prostate,full,40000,107,106,106,0.06425529833246149
prostate,full,40000,107,106,106,0.014818990151107266
prostate,full,40000,107,104,104,0.043344664425919804
prostate,full,40000,107,104,104,0.012164581042149606
prostate,full,40000,107,101,101,0.10986947201603288
prostate,full,40000,107,100,100,0.02434433672307853
prostate,full,40000,107,106,106,0.11057084952841938
prostate,full,40000,107,102,102,0.1732990373355679
prostate,full,40000,107,101,101,0.3039413145015455
prostate,full,40000,107,106,106,0.06227643180013771
prostate,full,40000,107,106,106,0.05579746913835315
prostate,full,40000,107,106,106,0.010407461415810042
prostate,full,40000,107,105,105,0.08510791862771619
prostate,full,40000,107,101,101,0.015733614768527516
prostate,full,40000,107,106,106,0.17871413460896443
prostate,full,40000,107,106,106,0.017284944373656134
prostate,full,40000,107,106,106,0.20870233641982713
prostate,full,40000,107,106,106,0.07647594818646893
prostate,full,40000,107,105,105,0.062012337594490596
prostate,full,40000,107,105,105,0.05602226511026473
prostate,full,40000,107,104,104,0.09612993937960652
prostate,full,40000,107,105,105,0.24615633953882984
prostate,full,40000,107,101,101,0.2272412400677075
prostate,full,40000,107,101,101,0.2949432171683742
prostate,full,40000,107,99,99,0.19876710189473956
prostate,full,40000,107,99,99,0.3106360900346959
prostate,full,40000,107,96,96,0.1441020970660382
prostate,full,40000,107,90,90,0.22729810447521603
prostate,full,40000,107,106,106,0.011254262634930273
prostate,full,40000,107,101,101,0.15208024780873944
prostate,full,40000,107,100,100,0.1977261118749934
prostate,full,40000,107,90,90,0.21588844079570393
prostate,full,40000,107,86,86,0.18484709744709443
prostate,full,40000,107,106,106,0.29362070795814316
prostate,full,40000,107,104,104,0.31533719068172955
prostate,full,40000,107,102,102,0.27751988736062555
prostate,full,40000,107,102,102,0.050311469378583704
prostate,full,40000,107,102,102,0.1362308543885791
prostate,full,40000,107,101,101,0.042089733526093125
prostate,full,40000,107,100,100,0.08427490461002676
prostate,full,40000,107,75,75,0.16096559297202176
prostate,full,40000,107,70,70,0.2063485929561805
prostate,full,40000,107,68,68,0.2305074694460072
prostate,full,40000,107,66,66,0.1557322250981882
prostate,full,40000,107,64,64,0.20603931610636417
prostate,full,40000,107,59,59,0.26272818255912816
prostate,full,40000,107,55,55,0.2559957429758066
prostate,full,40000,107,42,42,0.21728688904980287
prostate,full,40000,107,106,106,0.1373781100754799
prostate,full,40000,107,106,106,0.07339689306820653
prostate,full,40000,107,103,103,0.035364646615380003
prostate,full,40000,107,101,101,0.13023219000977487
prostate,full,40000,107,95,95,0.037558057917060086
prostate,full,40000,107,106,106,0.0652134071786268
prostate,full,40000,107,106,106,0.056806949888970865
prostate,full,40000,107,104,104,0.07944226101147403
prostate,full,40000,107,104,104,0.012986797301914052
prostate,full,40000,107,104,104,0.03931152936825896
prostate,full,40000,107,106,106,0.12909478151974454
prostate,full,40000,107,106,106,0.07442742149333216
prostate,full,40000,107,105,105,0.08373607945528866
prostate,full,40000,107,106,106,0.2624721131325033
prostate,full,40000,107,106,106,0.22197859716245916
prostate,full,40000,107,104,104,0.1509475454557802
prostate,full,40000,107,102,102,0.22807534603419777
prostate,full,40000,107,99,99,0.14753366683949468
prostate,full,40000,107,90,90,0.17496761048476717
prostate,full,40000,107,104,104,0.2220001315157529
prostate,full,40000,107,103,103,0.05162022678141819
prostate,full,40000,107,102,102,0.14756787096486734
prostate,full,40000,107,102,102,0.046660465877717015
prostate,full,40000,107,101,101,0.24351809902664628
prostate,full,40000,107,101,101,0.14413353232655257
prostate,full,40000,107,99,99,0.24321592197495193
prostate,full,40000,107,97,97,0.2471165861272732
prostate,full,40000,107,101,101,0.10752119205152331
prostate,full,40000,107,98,98,0.08986780197290264
prostate,full,40000,107,97,97,0.042674559910065295
prostate,full,40000,107,88,88,0.13793722653509544
prostate,full,40000,107,105,105,0.23354639595066395
prostate,full,40000,107,102,102,0.23879499842791316
prostate,full,40000,107,98,98,0.16316605728446987
prostate,full,40000,107,91,91,0.23906534970460247
prostate,full,40000,107,106,106,0.2491384771354526
prostate,full,40000,107,106,106,0.2110865964680073
prostate,full,40000,107,104,104,0.08201101073483547
prostate,full,40000,107,106,106,0.014741370734838305
prostate,full,40000,107,106,106,0.0119540621578254
prostate,full,40000,107,106,106,0.06040387206742711
prostate,full,40000,107,106,106,0.02497496539890458
prostate,full,40000,107,106,106,0.06364345291895364
prostate,full,40000,107,105,105,0.04034702968662358
prostate,full,40000,107,106,106,0.2569791839431658
prostate,full,40000,107,91,91,0.1555819185434012
prostate,full,40000,107,88,88,0.2330468788345659
prostate,full,40000,107,106,106,0.1993930883897998
prostate,full,40000,107,106,106,0.12554151814838171
prostate,full,40000,107,106,106,0.011592545862794283
prostate,full,40000,107,106,106,0.3166126244211833
prostate,full,40000,107,106,106,0.2317499768105862
prostate,full,40000,107,104,104,0.17911777367422324
prostate,full,40000,107,91,91,0.2886270640691617
prostate,full,40000,107,89,89,0.29902163198435683
prostate,full,40000,107,78,78,0.2876195163026702
prostate,full,40000,107,75,75,0.24074898885105886
prostate,full,40000,107,66,66,0.23579735856913767
prostate,full,40000,107,66,66,0.2924059384335713
prostate,full,40000,107,59,59,0.28688074104654454
prostate,full,40000,107,55,55,0.2916810410610836
prostate,full,40000,107,98,98,0.3463710761869485
prostate,full,40000,107,97,97,0.3431259628982681
prostate,full,40000,107,88,88,0.2456646130015561
prostate,full,40000,107,106,106,0.14722261685881777
prostate,full,40000,107,102,102,0.24375865461916
prostate,full,40000,107,95,95,0.19573831494931457
prostate,full,40000,107,86,86,0.2911007488054397
prostate,full,40000,107,106,106,0.25002324357659234
prostate,full,40000,107,106,106,0.002887723533861256
prostate,full,40000,107,106,106,0.1557317140748683
prostate,full,40000,107,104,104,0.14874091244025334
prostate,full,40000,107,103,103,0.16130556231307172
prostate,full,40000,107,103,103,0.19406020202081692
prostate,full,40000,107,102,102,0.21947582238949956
prostate,full,40000,107,106,106,0.25354181025299893
prostate,full,40000,107,103,103,0.2486058699273086
prostate,full,40000,107,103,103,0.2514954019515549
prostate,full,40000,107,100,100,0.22908345327647928
prostate,full,40000,107,100,100,0.018323148471492242
prostate,full,40000,107,94,94,0.24118458433542148
prostate,full,40000,107,87,87,0.2077029303586166
prostate,full,40000,107,83,83,0.2243623398561778
prostate,full,40000,107,105,105,0.29875510089574125
prostate,full,40000,107,71,71,0.32150944955109456
prostate,full,40000,107,105,105,0.059427051146287345
prostate,full,40000,107,89,89,0.08451179446180995
prostate,full,40000,107,88,88,0.13577507682175158
prostate,full,40000,107,54,54,0.2879324015668403
prostate,full,40000,107,106,106,0.056051194991089286
prostate,full,40000,107,106,106,0.011609375347948933
prostate,full,40000,107,102,102,0.12096806998489712
prostate,full,40000,107,100,100,0.13098974595100496
prostate,full,40000,107,88,88,0.13598375572096685
prostate,full,40000,108,107,107,0.2609532260693742
prostate,full,40000,108,105,105,0.04112916900726257
prostate,full,40000,108,84,84,0.2860812525225143
prostate,full,40000,108,106,106,0.31093463854682624
prostate,full,40000,108,99,99,0.301637233374189
prostate,full,40000,108,96,96,0.30409524502024393
prostate,full,40000,108,95,95,0.2874092573620209
prostate,full,40000,108,95,95,0.18277399746701212
prostate,full,40000,108,95,95,0.2843929813491392
prostate,full,40000,108,93,93,0.29151836569349426
prostate,full,40000,108,89,89,0.24038906885557484
prostate,full,40000,108,107,107,0.24130198827307417
prostate,full,40000,108,106,106,0.15975755307933528
prostate,full,40000,108,106,106,0.29477667192888735
prostate,full,40000,108,106,106,0.29923811059197236
prostate,full,40000,108,106,106,0.2923380757744944
prostate,full,40000,108,106,106,0.30979326819322456
prostate,full,40000,108,104,104,0.18683950618513173
prostate,full,40000,108,103,103,0.09902840883346525
prostate,full,40000,108,107,107,0.009898985174905789
prostate,full,40000,108,107,107,0.299733697863698
prostate,full,40000,108,107,107,0.2224421245915944
prostate,full,40000,108,107,107,0.006909904475139159
prostate,full,40000,108,105,105,0.14374388745715336
prostate,full,40000,108,105,105,0.04253345526240731
prostate,full,40000,108,105,105,0.026452235229031187
prostate,full,40000,108,105,105,0.025187613082490772
prostate,full,40000,108,104,104,0.1813414383131205
prostate,full,40000,108,104,104,0.03641963735506441
prostate,full,40000,108,103,103,0.027626156670570716
prostate,full,40000,108,107,107,0.008570456397960679
prostate,full,40000,108,107,107,0.011209522885159424
prostate,full,40000,108,107,107,0.009720711580010023
prostate,full,40000,108,107,107,0.0027060906094235515
prostate,full,40000,108,107,107,0.015661160057529006
prostate,full,40000,108,107,107,0.008164655990042995
prostate,full,40000,108,107,107,0.011807974205199369
prostate,full,40000,108,107,107,0.009112479073572892
prostate,full,40000,108,107,107,0.008524547613168086
prostate,full,40000,108,107,107,0.055744433880670304
prostate,full,40000,108,107,107,0.01688182131316266
prostate,full,40000,108,107,107,0.01834908812806513
prostate,full,40000,108,107,107,0.010253985552619685
prostate,full,40000,108,107,107,0.008280504613619313
prostate,full,40000,108,107,107,0.007267904957640864
prostate,full,40000,108,107,107,0.002536688501334713
prostate,full,40000,108,107,107,0.00583748098433197
prostate,full,40000,108,107,107,0.0035811669731165897
prostate,full,40000,108,107,107,0.06366843037702362
prostate,full,40000,108,107,107,0.0063847900806046545
prostate,full,40000,108,107,107,0.01582110950689956
prostate,full,40000,108,107,107,0.006389939873320817
prostate,full,40000,108,107,107,0.02483958360790152
prostate,full,40000,108,107,107,0.014007775908724642
prostate,full,40000,108,107,107,0.007205124360402423
prostate,full,40000,108,107,107,0.008064435503357842
prostate,full,40000,108,107,107,0.009910934342532714
prostate,full,40000,108,107,107,0.008984587219573011
prostate,full,40000,108,106,106,0.017783904838580427
prostate,full,40000,108,106,106,0.008430951636168839
prostate,full,40000,108,105,105,0.011170339969001103
prostate,full,40000,108,105,105,0.04543675449811752
prostate,full,40000,108,105,105,0.02362227751903833
prostate,full,40000,108,105,105,0.011578309570852933
prostate,full,40000,108,105,105,0.0132105102003826
prostate,full,40000,108,101,101,0.02297636172986111
prostate,full,40000,108,107,107,0.010197582016463558
prostate,full,40000,108,107,107,0.07126963817396145
prostate,full,40000,108,107,107,0.006339714611434677
prostate,full,40000,108,107,107,0.004960430516269438
prostate,full,40000,108,107,107,0.13897732893439907
prostate,full,40000,108,107,107,0.01870512721777576
prostate,full,40000,108,107,107,0.00886953109621196
prostate,full,40000,108,107,107,0.044465447258322334
prostate,full,40000,108,106,106,0.010062084955869362
prostate,full,40000,108,106,106,0.015761898438931714
prostate,full,40000,108,105,105,0.016238278105160216
prostate,full,40000,108,105,105,0.04958413703679253
prostate,full,40000,108,105,105,0.044097215732919116
prostate,full,40000,108,105,105,0.007965942108224686
prostate,full,40000,108,105,105,0.03283423403557864
prostate,full,40000,108,104,104,0.016819893871762026
prostate,full,40000,108,101,101,0.011575830879350992
prostate,full,40000,108,107,107,0.2645170140405222
prostate,full,40000,108,107,107,0.010987508503730543
prostate,full,40000,108,106,106,0.10937997743106656
prostate,full,40000,108,107,107,0.015555215182003269
prostate,full,40000,108,107,107,0.0034250667799483147
prostate,full,40000,108,107,107,0.21387447357399383
prostate,full,40000,108,107,107,0.012414836392361376
prostate,full,40000,108,105,105,0.01978124953787839
prostate,full,40000,108,105,105,0.019082361937678937
prostate,full,40000,108,104,104,0.1304727720119695
prostate,full,40000,108,107,107,0.2714591204914884
prostate,full,40000,108,103,103,0.11390900065256637
prostate,full,40000,108,96,96,0.12637205043345265
prostate,full,40000,108,93,93,0.060842351470277126
prostate,full,40000,108,88,88,0.1724657362026192
prostate,full,40000,108,88,88,0.17098959372815778
prostate,full,40000,108,104,104,0.180627137543187
prostate,full,40000,108,103,103,0.21250748057708863
prostate,full,40000,108,101,101,0.25733692439477734
prostate,full,40000,108,96,96,0.16810694272964077
prostate,full,40000,108,88,88,0.2500646835738995
prostate,full,40000,108,102,102,0.21426332966597472
prostate,full,40000,108,97,97,0.2327572581264231
prostate,full,40000,108,97,97,0.2539525001282624
prostate,full,40000,108,93,93,0.3124242140580904
prostate,full,40000,108,90,90,0.280951725755136
prostate,full,40000,108,90,90,0.22130907114491088
prostate,full,40000,108,89,89,0.25603681089684205
prostate,full,40000,108,89,89,0.21100784869622957
prostate,full,40000,108,89,89,0.1721981410142826
prostate,full,40000,108,88,88,0.19802865091397653
prostate,full,40000,108,88,88,0.2504082826632131
prostate,full,40000,108,87,87,0.2510671235867499
prostate,full,40000,108,87,87,0.19654980982529857
prostate,full,40000,108,83,83,0.18009213133791613
prostate,full,40000,108,80,80,0.1792597929801441
prostate,full,40000,108,78,78,0.1890080506903285
prostate,full,40000,108,64,64,0.17450055594005484
prostate,full,40000,108,107,107,0.09701827828255255
prostate,full,40000,108,107,107,0.12182224963784666
prostate,full,40000,108,107,107,0.27859260138032677
prostate,full,40000,108,107,107,0.13995655720078873
prostate,full,40000,108,106,106,0.24932454287900524
prostate,full,40000,108,103,103,0.27225340923599356
prostate,full,40000,108,103,103,0.28490084199320154
prostate,full,40000,108,103,103,0.0
prostate,full,40000,108,100,100,0.1284446712710911
prostate,full,40000,108,94,94,0.29978024079713333
prostate,full,40000,108,89,89,0.23222338376800875
prostate,full,40000,108,107,107,0.22265100690065895
prostate,full,40000,108,107,107,0.27364460320991046
prostate,full,40000,108,87,87,0.27075901399578456
prostate,full,40000,108,94,94,0.2922403405187659
prostate,full,40000,108,94,94,0.06537518432671657
prostate,full,40000,108,90,90,0.2698488349050128
prostate,full,40000,108,82,82,0.20634227841594147
prostate,full,40000,108,78,78,0.21792221543647478
prostate,full,40000,108,71,71,0.2547283484236979
prostate,full,40000,108,102,102,0.24866999015592198
prostate,full,40000,108,101,101,0.3299889509589289
prostate,full,40000,108,97,97,0.3316242167179734
prostate,full,40000,108,96,96,0.26604456025208156
prostate,full,40000,108,96,96,0.18393904666869507
prostate,full,40000,108,95,95,0.20919282713332696
prostate,full,40000,108,94,94,0.30351052004376267
prostate,full,40000,108,91,91,0.26189463460382734
prostate,full,40000,108,90,90,0.2203902017216905
prostate,full,40000,108,87,87,0.2654179026506529
prostate,full,40000,108,87,87,0.2648949461286687
prostate,full,40000,108,84,84,0.26463988124100674
prostate,full,40000,108,81,81,0.2570572385350842
prostate,full,40000,108,81,81,0.28393343471758403
prostate,full,40000,108,78,78,0.24443349809217638
prostate,full,40000,108,63,63,0.27459592300187224
prostate,full,40000,108,106,106,0.32117309669760036
prostate,full,40000,108,106,106,0.057136153849206894
prostate,full,40000,108,106,106,0.05836268260024951
prostate,full,40000,108,106,106,0.011715007917985064
prostate,full,40000,108,105,105,0.24757740097763856
prostate,full,40000,108,104,104,0.17127975646834018
prostate,full,40000,108,104,104,0.28314463047953586
prostate,full,40000,108,103,103,0.2692589007292397
prostate,full,40000,108,100,100,0.1679723688987805
prostate,full,40000,108,89,89,0.24492171341631566
prostate,full,40000,108,107,107,0.22596057864938404
prostate,full,40000,108,103,103,0.16450217718550775
prostate,full,40000,108,103,103,0.1021751286982822
prostate,full,40000,108,90,90,0.15996827452317633
prostate,full,40000,108,89,89,0.199805987473837
prostate,full,40000,108,107,107,0.2617441821796825
prostate,full,40000,108,103,103,0.1562812026423599
prostate,full,40000,108,95,95,0.09532444443902166
prostate,full,40000,108,91,91,0.18163103679015014
prostate,full,40000,108,88,88,0.2392360248195913
prostate,full,40000,108,87,87,0.20324834367199934
prostate,full,40000,108,87,87,0.2541500808340912
prostate,full,40000,108,106,106,0.29106582570132666
prostate,full,40000,108,105,105,0.2608382503779872
prostate,full,40000,108,103,103,0.28582907165947335
prostate,full,40000,108,102,102,0.2297612865347285
prostate,full,40000,108,100,100,0.15418441349110956
prostate,full,40000,108,94,94,0.22902474336717085
prostate,full,40000,108,85,85,0.1832778937974716
prostate,full,40000,108,85,85,0.2614216705656451
prostate,full,40000,108,83,83,0.24858590620644683
prostate,full,40000,108,74,74,0.24993130570655767
prostate,full,40000,108,104,104,0.09558372476926327
prostate,full,40000,108,99,99,0.29359783265713624
prostate,full,40000,108,107,107,0.30633710975276773
prostate,full,40000,108,107,107,0.25090069144825305
prostate,full,40000,108,107,107,0.11661266704929327
prostate,full,40000,108,107,107,0.0015766711918321725
prostate,full,40000,108,107,107,0.09445091749779769
prostate,full,40000,108,89,89,0.20005563251696545
prostate,full,40000,108,107,107,0.3084876043002521
prostate,full,40000,108,107,107,0.14072580459894127
prostate,full,40000,108,107,107,0.17679218430783045
prostate,full,40000,108,105,105,0.055543142778157695
prostate,full,40000,108,105,105,0.12156761246694037
prostate,full,40000,108,104,104,0.09455873090450677
prostate,full,40000,108,103,103,0.2386709693602684
prostate,full,40000,108,96,96,0.05848396622140297
prostate,full,40000,108,107,107,0.2317033006342817
prostate,full,40000,108,105,105,0.25138489331781066
prostate,full,40000,108,103,103,0.0
prostate,full,40000,108,107,107,0.006144577006349874
prostate,full,40000,108,107,107,0.014511180729816714
prostate,full,40000,108,107,107,0.012529991502794543
prostate,full,40000,108,107,107,0.04281285399361582
prostate,full,40000,108,107,107,0.1019637074822437
prostate,full,40000,108,107,107,0.25382082240959647
prostate,full,40000,108,107,107,0.005562121429220398
prostate,full,40000,108,107,107,0.03944665670086045
prostate,full,40000,108,107,107,0.008167895204016657
prostate,full,40000,108,106,106,0.015663149029343473
prostate,full,40000,108,105,105,0.01483630296768724
prostate,full,40000,108,105,105,0.04726992903980311
prostate,full,40000,108,105,105,0.009195467790026298
prostate,full,40000,108,105,105,0.04166781916633502
prostate,full,40000,108,107,107,0.12597503685874514
prostate,full,40000,108,107,107,0.26621686783053644
prostate,full,40000,108,106,106,0.04282001968754859
prostate,full,40000,108,107,107,0.18685446751036724
prostate,full,40000,108,105,105,0.24094754448604994
prostate,full,40000,108,102,102,0.26594167079419284
prostate,full,40000,108,102,102,0.18273335594353465
prostate,full,40000,108,100,100,0.1284446712710911
prostate,full,40000,108,100,100,0.2922967626950793
prostate,full,40000,108,100,100,0.1092273420765552
prostate,full,40000,108,88,88,0.25366671122822687
prostate,full,40000,108,85,85,0.23247333241313123
prostate,full,40000,108,106,106,0.24237673643281982
prostate,full,40000,108,106,106,0.21302463671529043
prostate,full,40000,108,106,106,0.28097772510286495
prostate,full,40000,108,106,106,0.2988646712236948
prostate,full,40000,108,104,104,0.11649692226027672
prostate,full,40000,108,104,104,0.2994445181397397
prostate,full,40000,108,103,103,0.178114455839833
prostate,full,40000,108,103,103,0.3233499042100573
prostate,full,40000,108,103,103,0.3096141556536835
prostate,full,40000,108,102,102,0.0
prostate,full,40000,108,101,101,0.29619196260008923
prostate,full,40000,108,100,100,0.1284446712710911
prostate,full,40000,108,100,100,0.17085380084509477
prostate,full,40000,108,98,98,0.14250804445299428
prostate,full,40000,108,95,95,0.14469577627809047
prostate,full,40000,108,92,92,0.18024518651757948
prostate,full,40000,108,87,87,0.22583416365553036
prostate,full,40000,108,86,86,0.2976486141722862
prostate,full,40000,108,107,107,0.2111057933730794
prostate,full,40000,108,107,107,0.0768245038247082
prostate,full,40000,108,107,107,0.29129040820926183
prostate,full,40000,108,106,106,0.013901706997928268
prostate,full,40000,108,104,104,0.060536213204589955
prostate,full,40000,108,102,102,0.011781992328589529
prostate,full,40000,108,107,107,0.23055783226974105
prostate,full,40000,108,104,104,0.10025316377874856
prostate,full,40000,108,104,104,0.08942132027349844
prostate,full,40000,108,103,103,0.1668185439334215
prostate,full,40000,108,102,102,0.07017630372991512
prostate,full,40000,108,107,107,0.0
prostate,full,40000,108,107,107,0.1331491661357787
prostate,full,40000,108,107,107,0.1657560179841008
prostate,full,40000,108,104,104,0.0
prostate,full,40000,108,103,103,0.07370721894840275
prostate,full,40000,108,102,102,0.0
prostate,full,40000,108,102,102,0.24221262396916374
prostate,full,40000,108,102,102,0.24858454070711086
prostate,full,40000,108,100,100,0.2325467378850866
prostate,full,40000,108,99,99,0.23657338473670136
prostate,full,40000,108,88,88,0.21578533100845912
prostate,full,40000,108,84,84,0.2839020810250371
prostate,full,40000,108,107,107,0.3034796659524799
prostate,full,40000,108,107,107,0.05869099284069509
prostate,full,40000,108,106,106,0.08680251438622899
prostate,full,40000,108,107,107,0.01068139349263084
prostate,full,40000,108,107,107,0.1539561233791377
prostate,full,40000,108,107,107,0.02355035080510055
prostate,full,40000,108,106,106,0.11066042330015897
prostate,full,40000,108,103,103,0.09357397617751767
prostate,full,40000,108,103,103,0.13886705592879448
prostate,full,40000,108,102,102,0.13708919681275122
prostate,full,40000,108,107,107,0.1865704389558519
prostate,full,40000,108,107,107,0.09643208897984842
prostate,full,40000,108,106,106,0.21263101064258905
prostate,full,40000,108,100,100,0.21140238764202748
prostate,full,40000,108,99,99,0.1152096201237093
prostate,full,40000,108,107,107,0.23001984286007604
prostate,full,40000,108,103,103,0.16560568960964162
prostate,full,40000,108,87,87,0.23786552227228297
prostate,full,40000,108,79,79,0.2382483964161197
prostate,full,40000,108,107,107,0.23341441676321756
prostate,full,40000,108,104,104,0.1619450941589138
prostate,full,40000,108,102,102,0.3001234239108531
prostate,full,40000,108,107,107,0.13875825975413505
prostate,full,40000,108,107,107,0.1691494671197076
prostate,full,40000,108,104,104,0.0
prostate,full,40000,108,104,104,0.0
prostate,full,40000,108,102,102,0.0
prostate,full,40000,108,102,102,0.1159077674694109
prostate,full,40000,108,107,107,0.2842154691967022
prostate,full,40000,108,84,84,0.17759141260330602
prostate,full,40000,108,83,83,0.1888667108058241
prostate,full,40000,108,107,107,0.22180630988819863
prostate,full,40000,108,103,103,0.15627944606289948
prostate,full,40000,108,88,88,0.2246684035607083
prostate,full,40000,108,88,88,0.22781925217947696
prostate,full,40000,108,107,107,0.24745799489192488
prostate,full,40000,108,107,107,0.21834468012542513
prostate,full,40000,108,104,104,0.0581412609003859
prostate,full,40000,108,102,102,0.0720398448125861
prostate,full,40000,108,107,107,0.013976669389533462
prostate,full,40000,108,107,107,0.08761011639504981
prostate,full,40000,108,107,107,0.008424982824613278
prostate,full,40000,108,107,107,0.05721080980613801
prostate,full,40000,108,107,107,0.15783247028662906
prostate,full,40000,108,105,105,0.022252989939074368
prostate,full,40000,108,105,105,0.08472154539583392
prostate,full,40000,108,107,107,0.24226773633608414
prostate,full,40000,108,107,107,0.14695235333060214
prostate,full,40000,108,107,107,0.08266711931736061
prostate,full,40000,108,105,105,0.07354077820711012
prostate,full,40000,108,105,105,0.017382743876496885
prostate,full,40000,108,107,107,0.2160390206656849
prostate,full,40000,108,107,107,0.05908965133520986
prostate,full,40000,108,107,107,0.27533915489119576
prostate,full,40000,108,102,102,0.06408908968432074
prostate,full,40000,108,107,107,0.2294543874217676
prostate,full,40000,108,106,106,0.04416027398121725
prostate,full,40000,108,103,103,0.15997644293126032
prostate,full,40000,108,94,94,0.13571616544196854
prostate,full,40000,108,107,107,0.014060507433975042
prostate,full,40000,108,107,107,0.15700082878365862
prostate,full,40000,108,104,104,0.1075210826998994
prostate,full,40000,108,103,103,0.14640709076214917
prostate,full,40000,108,107,107,0.008328680676595647
prostate,full,40000,108,107,107,0.12430119776147748
prostate,full,40000,108,107,107,0.07176236981655348
prostate,full,40000,108,107,107,0.268121218831029
prostate,full,40000,108,106,106,0.10668113202784872
prostate,full,40000,108,105,105,0.01580361379118122
prostate,full,40000,108,107,107,0.09535498358053125
prostate,full,40000,108,107,107,0.02773450165617803
prostate,full,40000,108,107,107,0.2856794333106591
prostate,full,40000,108,105,105,0.13675871934967468
prostate,full,40000,108,105,105,0.07675330366299848
prostate,full,40000,108,105,105,0.004328042177331941
prostate,full,40000,108,104,104,0.16909424580931726
prostate,full,40000,108,103,103,0.009380920685016754
prostate,full,40000,108,107,107,0.06462475233169734
prostate,full,40000,108,107,107,0.013681910598903184
prostate,full,40000,108,107,107,0.024948923221763675
prostate,full,40000,108,107,107,0.007137949144807866
prostate,full,40000,108,107,107,0.018432165772582495
prostate,full,40000,108,107,107,0.019414629176826015
prostate,full,40000,108,107,107,0.005032835262447135
prostate,full,40000,108,107,107,0.012552832148187873
prostate,full,40000,108,107,107,0.14027656335100244
prostate,full,40000,108,107,107,0.00846171856997286
prostate,full,40000,108,106,106,0.0105947936952687
prostate,full,40000,108,106,106,0.011464076715935127
prostate,full,40000,108,106,106,0.03574089462777865
prostate,full,40000,108,106,106,0.005618600948122414
prostate,full,40000,108,106,106,0.041880842729780536
prostate,full,40000,108,106,106,0.0058859738539230304
prostate,full,40000,108,105,105,0.0792129944099291
prostate,full,40000,108,105,105,0.0383484793687283
prostate,full,40000,108,105,105,0.04644473564053348
prostate,full,40000,108,104,104,0.01289170889898044
prostate,full,40000,108,104,104,0.11235001458844922
prostate,full,40000,108,102,102,0.011840989826602262
prostate,full,40000,108,101,101,0.018191043552400647
prostate,full,40000,108,107,107,0.2469205310271243
prostate,full,40000,108,107,107,0.11010329347855717
prostate,full,40000,108,104,104,0.08003019278862746
prostate,full,40000,108,103,103,0.15788136069813918
prostate,full,40000,108,103,103,0.0932200449382467
prostate,full,40000,108,100,100,0.20408294797163878
prostate,full,40000,108,100,100,0.06969065888763619
prostate,full,40000,108,99,99,0.2030254789691506
prostate,full,40000,108,96,96,0.23458766738434067
prostate,full,40000,108,107,107,0.26343357547367136
prostate,full,40000,108,107,107,0.07270213485477382
prostate,full,40000,108,89,89,0.24882827450347295
prostate,full,40000,108,107,107,0.25073026041709406
prostate,full,40000,108,107,107,0.05934966124770967
prostate,full,40000,108,107,107,0.06352758896407583
prostate,full,40000,108,107,107,0.17908360814445315
prostate,full,40000,108,106,106,0.03870338041270708
prostate,full,40000,108,106,106,0.014005694368558431
prostate,full,40000,108,106,106,0.03680378239491629
prostate,full,40000,108,105,105,0.007462903008031845
prostate,full,40000,108,106,106,0.20599684391229023
prostate,full,40000,108,106,106,0.30236519264505646
prostate,full,40000,108,106,106,0.2752709438057299
prostate,full,40000,108,104,104,0.09652991861382189
prostate,full,40000,108,104,104,0.2910378130459867
prostate,full,40000,108,103,103,0.1583271082104624
prostate,full,40000,108,103,103,0.30428774638838996
prostate,full,40000,108,103,103,0.30037324260423764
prostate,full,40000,108,103,103,0.21333935742939536
prostate,full,40000,108,103,103,0.11467253439602727
prostate,full,40000,108,101,101,0.09908510959201311
prostate,full,40000,108,101,101,0.2843566114649247
prostate,full,40000,108,101,101,0.1270427812611904
prostate,full,40000,108,100,100,0.2729771778094743
prostate,full,40000,108,100,100,0.2125575920081593
prostate,full,40000,108,99,99,0.2781008536341506
prostate,full,40000,108,98,98,0.13400483216895565
prostate,full,40000,108,96,96,0.2715598906774992
prostate,full,40000,108,92,92,0.1790205022542508
prostate,full,40000,108,87,87,0.26598665055257803
prostate,full,40000,108,86,86,0.3316196186408058
prostate,full,40000,108,84,84,0.24323268778702586
prostate,full,40000,108,81,81,0.30522899921100427
prostate,full,40000,108,81,81,0.24231440462478546
prostate,full,40000,108,66,66,0.31070772489548043
prostate,full,40000,108,59,59,0.3185415309054665
prostate,full,40000,108,55,55,0.33877667575752884
prostate,full,40000,108,54,54,0.3004800316237111
prostate,full,40000,108,107,107,0.08142424746079197
prostate,full,40000,108,107,107,0.09162020477460296
prostate,full,40000,108,107,107,0.1537113526870088
prostate,full,40000,108,106,106,0.013375997376804586
prostate,full,40000,108,99,99,0.13917997875507193
prostate,full,40000,108,95,95,0.14297536262068253
prostate,full,40000,108,89,89,0.1695036774067884
prostate,full,40000,108,107,107,0.15373998963250587
prostate,full,40000,108,107,107,0.26686531131453933
prostate,full,40000,108,106,106,0.16276447012618406
prostate,full,40000,108,105,105,0.06706230518492912
prostate,full,40000,108,98,98,0.29468618855356743
prostate,full,40000,108,97,97,0.3040552308645025
prostate,full,40000,108,90,90,0.21561434327531523
prostate,full,40000,108,82,82,0.2626714639077037
prostate,full,40000,108,79,79,0.24697924937294588
prostate,full,40000,108,78,78,0.21415696503632312
prostate,full,40000,108,78,78,0.25049504962117514
prostate,full,40000,108,107,107,0.15697300647372187
prostate,full,40000,108,107,107,0.08273652770435852
prostate,full,40000,108,106,106,0.03929693555143899
prostate,full,40000,108,105,105,0.05090603337070897
prostate,full,40000,108,107,107,0.0
prostate,full,40000,108,107,107,0.0
prostate,full,40000,108,107,107,0.0
prostate,full,40000,108,107,107,0.13190589133740677
prostate,full,40000,108,107,107,0.2986373222260002
prostate,full,40000,108,107,107,0.14912134957744166
prostate,full,40000,108,106,106,0.10394232746384433
prostate,full,40000,108,103,103,0.14744875825655657
prostate,full,40000,108,107,107,0.3148962256995359
prostate,full,40000,108,107,107,0.0012938577476329786
prostate,full,40000,108,107,107,0.09015503025975313
prostate,full,40000,108,107,107,0.044114494928849876
prostate,full,40000,108,107,107,0.09037975695685764
prostate,full,40000,108,105,105,0.06843091484388046
prostate,full,40000,108,107,107,0.2691155595730809
prostate,full,40000,108,107,107,0.23424833668358616
prostate,full,40000,108,107,107,0.0032097113715121263
prostate,full,40000,108,106,106,0.09451002443414826
prostate,full,40000,108,104,104,0.1934151649845964
prostate,full,40000,108,102,102,0.23627420613909458
prostate,full,40000,108,94,94,0.22712206405128998
prostate,full,40000,108,89,89,0.25611390381007987
prostate,full,40000,108,107,107,0.26297790314696295
prostate,full,40000,108,103,103,0.16519053565061673
prostate,full,40000,108,102,102,0.08619209053110251
prostate,full,40000,108,99,99,0.1880033773264349
prostate,full,40000,108,95,95,0.09552240922289527
prostate,full,40000,108,91,91,0.18285084439670723
prostate,full,40000,108,88,88,0.23328145555661212
prostate,full,40000,108,88,88,0.24171484527557519
prostate,full,40000,108,87,87,0.20319314170471928
prostate,full,40000,108,84,84,0.27128398730138065
prostate,full,40000,108,107,107,0.11679675654283334
prostate,full,40000,108,107,107,0.2813814281948355
prostate,full,40000,108,107,107,0.017506621967266777
prostate,full,40000,108,107,107,0.05041813746683343
prostate,full,40000,108,105,105,0.09509344819650208
prostate,full,40000,108,105,105,0.07726169359021537
prostate,full,40000,108,105,105,0.010913021513384673
prostate,full,40000,108,105,105,0.03907730667551022
prostate,full,40000,108,107,107,0.262124187404925
prostate,full,40000,108,102,102,0.17984641474276464
prostate,full,40000,108,89,89,0.24887365751940072
prostate,full,40000,108,107,107,0.2994975052959403
prostate,full,40000,108,105,105,0.024659619125666457
prostate,full,40000,108,105,105,0.11529484079269467
prostate,full,40000,108,105,105,0.10531501257507728
prostate,full,40000,108,104,104,0.15281182865535012
prostate,full,40000,108,102,102,0.05131962349499378
prostate,full,40000,108,107,107,0.2646170939659286
prostate,full,40000,108,102,102,0.19246558180980589
prostate,full,40000,108,99,99,0.18924422416873368
prostate,full,40000,108,95,95,0.09600006023244145
prostate,full,40000,108,91,91,0.18421153712093558
prostate,full,40000,108,88,88,0.25207136197103436
prostate,full,40000,108,87,87,0.20497921756550297
prostate,full,40000,108,84,84,0.2634932564216949
prostate,full,40000,108,81,81,0.22487672053605656
prostate,full,40000,108,107,107,0.22097440441955268
prostate,full,40000,108,106,106,0.03401693788308919
prostate,full,40000,108,89,89,0.22258801439140524
prostate,full,40000,108,107,107,0.23551375524523468
prostate,full,40000,108,107,107,0.10887216533571849
prostate,full,40000,108,104,104,0.01502096035805952
prostate,full,40000,108,107,107,0.11350201666653982
prostate,full,40000,108,105,105,0.27006442159204774
prostate,full,40000,108,104,104,0.2191856149125983
prostate,full,40000,108,88,88,0.18737749837357934
prostate,full,40000,108,88,88,0.22664177996174237
prostate,full,40000,108,87,87,0.27075901399578456
prostate,full,40000,108,107,107,0.1644307437397964
prostate,full,40000,108,106,106,0.33143065670370486
prostate,full,40000,108,88,88,0.2667107310660464
prostate,full,40000,108,88,88,0.2496396548815464
prostate,full,40000,108,88,88,0.2687621083387733
prostate,full,40000,108,107,107,0.27538172852359616
prostate,full,40000,108,102,102,0.14251792548563696
prostate,full,40000,108,101,101,0.29536844820599295
prostate,full,40000,108,93,93,0.16099940455775769
prostate,full,40000,108,88,88,0.23333656985978335
prostate,full,40000,108,82,82,0.18158238862640835
prostate,full,40000,108,107,107,0.09143840885128805
prostate,full,40000,108,107,107,0.2720156995842497
prostate,full,40000,108,107,107,0.1551901633754499
prostate,full,40000,108,105,105,0.13571786115862314
prostate,full,40000,108,107,107,0.15465290819328245
prostate,full,40000,108,107,107,0.2273855862221556
prostate,full,40000,108,107,107,0.2794994872685125
prostate,full,40000,108,89,89,0.2636918584419834
prostate,full,40000,108,107,107,0.25282625934448455
prostate,full,40000,108,88,88,0.2192299123971811
prostate,full,40000,108,87,87,0.22260833132248536
prostate,full,40000,108,79,79,0.2035347263943756
prostate,full,40000,108,107,107,0.1853402269125484
prostate,full,40000,108,105,105,0.08966476471432541
prostate,full,40000,108,105,105,0.008669355153134979
prostate,full,40000,108,104,104,0.250875904298672
prostate,full,40000,108,103,103,0.10049521166879215
prostate,full,40000,108,102,102,0.26888419312284306
prostate,full,40000,108,107,107,0.08026934532524611
prostate,full,40000,108,107,107,0.1589544869616996
prostate,full,40000,108,104,104,0.08373149031068329
prostate,full,40000,108,103,103,0.14708729732677772
prostate,full,40000,108,101,101,0.15733106889478957
prostate,full,40000,108,95,95,0.1498676619742726
prostate,full,40000,108,95,95,0.15305852219849228
prostate,full,40000,108,89,89,0.17504818907932546
prostate,full,40000,108,107,107,0.12708082354621264
prostate,full,40000,108,107,107,0.008550817558148944
prostate,full,40000,108,107,107,0.07489941103285178
prostate,full,40000,108,107,107,0.26400425539378747
prostate,full,40000,108,107,107,0.3078003859766565
prostate,full,40000,108,105,105,0.1893504347835875
prostate,full,40000,108,104,104,0.06433352632641537
prostate,full,40000,108,103,103,0.26407510539802126
prostate,full,40000,108,95,95,0.18587301142641194
prostate,full,40000,108,93,93,0.23398891685065268
prostate,full,40000,108,89,89,0.2578180025837696
prostate,full,40000,108,107,107,0.2745079525401893
prostate,full,40000,108,106,106,0.15504318109601498
prostate,full,40000,108,89,89,0.1780445729992135
prostate,full,40000,108,107,107,0.013242232490648626
prostate,full,40000,108,107,107,0.2653932980907441
prostate,full,40000,108,105,105,0.03313074096003742
prostate,full,40000,108,100,100,0.1912801675770033
prostate,full,40000,108,107,107,0.32987049238356997
prostate,full,40000,108,105,105,0.18141410328263616
prostate,full,40000,108,104,104,0.006590196594688558
prostate,full,40000,108,104,104,0.14491978157275442
prostate,full,40000,108,104,104,0.21505851021341643
prostate,full,40000,108,95,95,0.1351752567320648
prostate,full,40000,108,107,107,0.003791451311250405
prostate,full,40000,108,106,106,0.15862072808743655
prostate,full,40000,108,106,106,0.12000471155739993
prostate,full,40000,108,103,103,0.14995036003593337
prostate,full,40000,108,98,98,0.1693527496614594
prostate,full,40000,108,89,89,0.17176322751382192
prostate,full,40000,108,107,107,0.0030893193671708277
prostate,full,40000,108,107,107,0.23906331010902743
prostate,full,40000,108,107,107,0.16670690990465156
prostate,full,40000,108,107,107,0.015293269727004214
prostate,full,40000,108,107,107,0.03018535835551827
prostate,full,40000,108,105,105,0.08670462598701319
prostate,full,40000,108,104,104,0.027749480138034084
prostate,full,40000,108,94,94,0.03540854117736134
prostate,full,40000,108,107,107,0.254492407464694
prostate,full,40000,108,107,107,0.022713266425661332
prostate,full,40000,108,107,107,0.03472526031220477
prostate,full,40000,108,107,107,0.2608007780763831
prostate,full,40000,108,107,107,0.11391864294938109
prostate,full,40000,108,106,106,0.061783924341237605
prostate,full,40000,108,106,106,0.009402987391223893
prostate,full,40000,108,105,105,0.14752904256723942
prostate,full,40000,108,104,104,0.03474253151007449
prostate,full,40000,108,103,103,0.1911156141530732
prostate,full,40000,108,101,101,0.2764768203059171
prostate,full,40000,108,101,101,0.29336135353212034
prostate,full,40000,108,100,100,0.29325650621092364
prostate,full,40000,108,100,100,0.27003556918394184
prostate,full,40000,108,99,99,0.29024754117797114
prostate,full,40000,108,98,98,0.2678734117331856
prostate,full,40000,108,97,97,0.2741918988027548
prostate,full,40000,108,94,94,0.2467314861811451
prostate,full,40000,108,92,92,0.25002332353360296
prostate,full,40000,108,87,87,0.22577693960937686
prostate,full,40000,108,85,85,0.22334993886992824
prostate,full,40000,108,73,73,0.21079953533152984
prostate,full,40000,108,64,64,0.1956913836808346
prostate,full,40000,108,107,107,0.24229448466361625
prostate,full,40000,108,107,107,0.1866881711931949
prostate,full,40000,108,107,107,0.007792775984028255
prostate,full,40000,108,99,99,0.24564708261008317
prostate,full,40000,108,97,97,0.14026401180151984
prostate,full,40000,108,95,95,0.19172272044615973
prostate,full,40000,108,86,86,0.24117327057212162
prostate,full,40000,108,84,84,0.2990787686723563
prostate,full,40000,108,107,107,0.23890649112770065
prostate,full,40000,108,107,107,0.2281232999056042
prostate,full,40000,108,107,107,0.019057907098198462
prostate,full,40000,108,107,107,0.00666389574861923
prostate,full,40000,108,107,107,0.004158323819096325
prostate,full,40000,108,107,107,0.019363495173380398
prostate,full,40000,108,107,107,0.0680791846980121
prostate,full,40000,108,107,107,0.031224848685298002
prostate,full,40000,108,107,107,0.004334523049924775
prostate,full,40000,108,107,107,0.23526098300935888
prostate,full,40000,108,107,107,0.01904505076785589
prostate,full,40000,108,106,106,0.011888756617781328
prostate,full,40000,108,105,105,0.015383634617507736
prostate,full,40000,108,105,105,0.04102244971196363
prostate,full,40000,108,105,105,0.00842679762181604
prostate,full,40000,108,105,105,0.020411703831689595
prostate,full,40000,108,104,104,0.11617661284393585
prostate,full,40000,108,101,101,0.025357267830090704
prostate,full,40000,108,107,107,0.0039729514521112674
prostate,full,40000,108,106,106,0.26362521833358826
prostate,full,40000,108,105,105,0.25436969493099487
prostate,full,40000,108,102,102,0.27330278084112236
prostate,full,40000,108,100,100,0.17074924542839182
prostate,full,40000,108,89,89,0.22279120111042564
prostate,full,40000,108,103,103,0.26496012109353184
prostate,full,40000,108,103,103,0.2309509091858365
prostate,full,40000,108,102,102,0.27371425999577087
prostate,full,40000,108,98,98,0.2841395589662555
prostate,full,40000,108,91,91,0.21519307397632564
prostate,full,40000,108,106,106,0.25610773562014655
prostate,full,40000,108,104,104,0.22335721134217681
prostate,full,40000,108,102,102,0.24068230220915213
prostate,full,40000,108,101,101,0.2542358287590944
prostate,full,40000,108,100,100,0.24695302940951072
prostate,full,40000,108,99,99,0.27213220066008315
prostate,full,40000,108,88,88,0.2282204939152547
prostate,full,40000,108,106,106,0.20530406395364204
prostate,full,40000,108,98,98,0.185684822999207
prostate,full,40000,108,98,98,0.23376356360222333
prostate,full,40000,108,95,95,0.1986290950292068
prostate,full,40000,108,85,85,0.1806968568009576
prostate,full,40000,108,74,74,0.17073853016611343
prostate,full,40000,108,107,107,0.2742857456256569
prostate,full,40000,108,106,106,0.06586207482256265
prostate,full,40000,108,106,106,0.2934214920927573
prostate,full,40000,108,105,105,0.022374433719564105
prostate,full,40000,108,103,103,0.2511908238626951
prostate,full,40000,108,102,102,0.2747378641952777
prostate,full,40000,108,101,101,0.2806205778188714
prostate,full,40000,108,100,100,0.2783353093975734
prostate,full,40000,108,89,89,0.22217059822235477
prostate,full,40000,108,107,107,0.31285034136057527
prostate,full,40000,108,107,107,0.09744330619788645
prostate,full,40000,108,107,107,0.11198039396248657
prostate,full,40000,108,107,107,0.2721718908308014
prostate,full,40000,108,106,106,0.006114413170563989
prostate,full,40000,108,105,105,0.08063806371293974
prostate,full,40000,108,105,105,0.012080926944516922
prostate,full,40000,108,107,107,0.23761883310814993
prostate,full,40000,108,106,106,0.25485619822399624
prostate,full,40000,108,102,102,0.2762097533553442
prostate,full,40000,108,100,100,0.14993865490586777
prostate,full,40000,108,88,88,0.1794347211042493
prostate,full,40000,108,81,81,0.2726605179359771
prostate,full,40000,108,107,107,0.08258761025255153
prostate,full,40000,108,107,107,0.15771097010622095
prostate,full,40000,108,104,104,0.08422139238435832
prostate,full,40000,108,96,96,0.05444846055467386
prostate,full,40000,108,88,88,0.19124581750920724
prostate,full,40000,108,88,88,0.176800492083549
prostate,full,40000,108,87,87,0.17969691828974488
prostate,full,40000,108,86,86,0.181880201708859
prostate,full,40000,108,107,107,0.06553710424436182
prostate,full,40000,108,107,107,0.23389695924021026
prostate,full,40000,108,106,106,0.018830937301713296
prostate,full,40000,108,104,104,0.1109704219907173
prostate,full,40000,108,101,101,0.025652986579922675
prostate,full,40000,108,100,100,0.17776173849686924
prostate,full,40000,108,89,89,0.19780974485520647
prostate,full,40000,108,107,107,0.1517086461105186
prostate,full,40000,108,106,106,0.08041245282982741
prostate,full,40000,108,106,106,0.11961223897545843
prostate,full,40000,108,104,104,0.07639786083784934
prostate,full,40000,108,102,102,0.08438365908524328
prostate,full,40000,108,99,99,0.14132692386249673
prostate,full,40000,108,96,96,0.043749088950406606
prostate,full,40000,108,107,107,0.24344184683253023
prostate,full,40000,108,107,107,0.1466066242548927
prostate,full,40000,108,106,106,0.005019340342112414
prostate,full,40000,108,105,105,0.051489126779928514
prostate,full,40000,108,103,103,0.1477344688826122
prostate,full,40000,108,107,107,0.06943238338346674
prostate,full,40000,108,107,107,0.26302621553306943
prostate,full,40000,108,102,102,0.17604795378342608
prostate,full,40000,108,106,106,0.323810722950011
prostate,full,40000,108,106,106,0.22314842820681866
prostate,full,40000,108,106,106,0.24977715541813555
prostate,full,40000,108,105,105,0.26248511275616415
prostate,full,40000,108,104,104,0.23947859292080825
prostate,full,40000,108,104,104,0.31076719406018394
prostate,full,40000,108,104,104,0.1085800187653821
prostate,full,40000,108,104,104,0.22353855303982223
prostate,full,40000,108,104,104,0.0778482509292875
prostate,full,40000,108,95,95,0.1441228779942367
prostate,full,40000,108,92,92,0.23622292863030636
prostate,full,40000,108,107,107,0.2565226819669207
prostate,full,40000,108,105,105,0.04508291770849657
prostate,full,40000,108,103,103,0.1570781343043096
prostate,full,40000,108,95,95,0.09162337032452893
prostate,full,40000,108,91,91,0.17756331024139552
prostate,full,40000,108,106,106,0.2649964318008886
prostate,full,40000,108,106,106,0.2489858238268799
prostate,full,40000,108,106,106,0.29096157043128484
prostate,full,40000,108,104,104,0.15924189816067857
prostate,full,40000,108,103,103,0.19068855131684784
prostate,full,40000,108,95,95,0.23167077676647121
prostate,full,40000,108,85,85,0.2822265785773235
prostate,full,40000,108,82,82,0.2649058675990436
prostate,full,40000,108,107,107,0.012557585923580684
prostate,full,40000,108,106,106,0.09518521010607446
prostate,full,40000,108,97,97,0.17808604490745086
prostate,full,40000,108,95,95,0.1731169299881373
prostate,full,40000,108,89,89,0.17180554774959786
prostate,full,40000,108,107,107,0.1718761700281372
prostate,full,40000,108,107,107,0.18908643713840306
prostate,full,40000,108,102,102,0.1394319911936159
prostate,full,40000,108,101,101,0.16039050518047984
prostate,full,40000,108,99,99,0.1347679702092691
prostate,full,40000,108,97,97,0.1926891544561716
prostate,full,40000,108,92,92,0.20285462376042102
prostate,full,40000,108,107,107,0.23373286071735985
prostate,full,40000,108,105,105,0.04019380320810036
prostate,full,40000,108,103,103,0.16039059471438577
prostate,full,40000,108,106,106,0.32376501472835495
prostate,full,40000,108,104,104,0.21081056358124026
prostate,full,40000,108,88,88,0.27913743269688207
prostate,full,40000,108,107,107,0.31752497110315675
prostate,full,40000,108,95,95,0.1854900755489111
prostate,full,40000,108,89,89,0.24618264468925008
prostate,full,40000,108,107,107,0.2611629824103838
prostate,full,40000,108,107,107,0.1259850526473435
prostate,full,40000,108,106,106,0.032432342107205865
prostate,full,40000,108,105,105,0.04228466838708239
prostate,full,40000,108,107,107,0.12126302129050055
prostate,full,40000,108,107,107,0.2763641211291272
prostate,full,40000,108,106,106,0.010000503129276889
prostate,full,40000,108,105,105,0.06434034252786092
prostate,full,40000,108,102,102,0.1522053004597125
prostate,full,40000,108,107,107,0.2615014009740504
prostate,full,40000,108,102,102,0.180905896125343
prostate,full,40000,108,99,99,0.19304716168364763
prostate,full,40000,108,89,89,0.2288792852724288
prostate,full,40000,108,107,107,0.09641227334194503
prostate,full,40000,108,101,101,0.3177054301870841
prostate,full,40000,108,107,107,0.15764443272117434
prostate,full,40000,108,102,102,0.052453484324395554
prostate,full,40000,108,101,101,0.14702966829767078
prostate,full,40000,108,88,88,0.17995210110671736
prostate,full,40000,108,86,86,0.1758500311345377
prostate,full,40000,108,77,77,0.1616718554992358
prostate,full,40000,108,107,107,0.2631381242513515
prostate,full,40000,108,107,107,0.0014360142699265837
prostate,full,40000,108,107,107,0.14383936897789038
prostate,full,40000,108,107,107,0.30864310804449185
prostate,full,40000,108,104,104,0.0031500526073024167
prostate,full,40000,108,104,104,0.09387905498783945
prostate,full,40000,108,103,103,0.16031614912751666
prostate,full,40000,108,107,107,0.2911231179985142
prostate,full,40000,108,103,103,0.27089852577886503
prostate,full,40000,108,96,96,0.08081800510715179
prostate,full,40000,108,85,85,0.25278944781527685
prostate,full,40000,108,107,107,0.1691494671197076
prostate,full,40000,108,107,107,0.2429171465862505
prostate,full,40000,108,105,105,0.09505304985872036
prostate,full,40000,108,104,104,0.07891403472575866
prostate,full,40000,108,107,107,0.021916617744085896
prostate,full,40000,108,107,107,0.01669722436987653
prostate,full,40000,108,107,107,0.15558310396150346
prostate,full,40000,108,106,106,0.11950400548259367
prostate,full,40000,108,106,106,0.09173724703458849
prostate,full,40000,108,106,106,0.05759521088191951
prostate,full,40000,108,104,104,0.11755669298259007
prostate,full,40000,108,104,104,0.10437653583997906
prostate,full,40000,108,103,103,0.14769153588170272
prostate,full,40000,108,99,99,0.01875606989825172
prostate,full,40000,108,101,101,0.27516264857919964
prostate,full,40000,108,101,101,0.287660466606942
prostate,full,40000,108,100,100,0.22973840600262826
prostate,full,40000,108,89,89,0.2725220125392221
prostate,full,40000,108,88,88,0.2212902687564666
prostate,full,40000,108,87,87,0.21806740463407823
prostate,full,40000,108,85,85,0.20986635703951897
prostate,full,40000,108,78,78,0.29469795230815543
prostate,full,40000,108,59,59,0.2928069939997746
prostate,full,40000,108,107,107,0.29041202035726643
prostate,full,40000,108,102,102,0.26923393409009777
prostate,full,40000,108,96,96,0.08520040137115277
prostate,full,40000,108,88,88,0.2598400825351066
prostate,full,40000,108,84,84,0.29711010027668927
prostate,full,40000,108,107,107,0.023772907067676083
prostate,full,40000,108,107,107,0.15440321366752127
prostate,full,40000,108,107,107,0.08433415109736071
prostate,full,40000,108,106,106,0.08423678759105314
prostate,full,40000,108,106,106,0.09203682578042748
prostate,full,40000,108,106,106,0.08936146993337034
prostate,full,40000,108,104,104,0.018383387918612718
prostate,full,40000,108,103,103,0.14852810045085402
prostate,full,40000,108,107,107,0.23404835433810148
prostate,full,40000,108,94,94,0.1913244852077858
prostate,full,40000,108,88,88,0.21157735759410387
prostate,full,40000,108,103,103,0.28788041271951575
prostate,full,40000,108,102,102,0.27629909211452514
prostate,full,40000,108,97,97,0.3380520087381722
prostate,full,40000,108,91,91,0.3407476314373801
prostate,full,40000,108,89,89,0.32125941423081783
prostate,full,40000,108,84,84,0.25896738583528933
prostate,full,40000,108,66,66,0.3289583201838191
prostate,full,40000,108,107,107,0.31821394861465224
prostate,full,40000,108,104,104,0.06091384343338262
prostate,full,40000,108,103,103,0.26854342677226617
prostate,full,40000,108,89,89,0.24545145424505085
prostate,full,40000,108,107,107,0.2612874991129581
prostate,full,40000,108,107,107,0.119927457248745
prostate,full,40000,108,105,105,0.10577647902117854
prostate,full,40000,108,104,104,0.030086035275684583
prostate,full,40000,108,106,106,0.2947300365885958
prostate,full,40000,108,105,105,0.07906480038158623
prostate,full,40000,108,105,105,0.30445421384929
prostate,full,40000,108,104,104,0.21539492133049604
prostate,full,40000,108,104,104,0.26167035889188817
prostate,full,40000,108,103,103,0.009206776396842954
prostate,full,40000,108,101,101,0.2420150698426311
prostate,full,40000,108,100,100,0.2720911372534648
prostate,full,40000,108,100,100,0.15401463838150486
prostate,full,40000,108,99,99,0.298287120793205
prostate,full,40000,108,98,98,0.30274612976882326
prostate,full,40000,108,98,98,0.2870222768306622
prostate,full,40000,108,107,107,0.26946461849522896
prostate,full,40000,108,106,106,0.3024552906470109
prostate,full,40000,108,104,104,0.24387914097049193
prostate,full,40000,108,103,103,0.2943749908940158
prostate,full,40000,108,103,103,0.24506907935110628
prostate,full,40000,108,102,102,0.2943243795913756
prostate,full,40000,108,102,102,0.2609048451097275
prostate,full,40000,108,100,100,0.12104950054566073
prostate,full,40000,108,100,100,0.26923083962558786
prostate,full,40000,108,99,99,0.12725787832606675
prostate,full,40000,108,98,98,0.023473641813351848
prostate,full,40000,108,106,106,0.2498055560322071
prostate,full,40000,108,104,104,0.27024888883675563
prostate,full,40000,108,103,103,0.24770741736700602
prostate,full,40000,108,88,88,0.18316585180343817
prostate,full,40000,108,107,107,0.07544108569277805
prostate,full,40000,108,107,107,0.01799025523866028
prostate,full,40000,108,107,107,0.07573212728428318
prostate,full,40000,108,107,107,0.006466720424524134
prostate,full,40000,108,107,107,0.15464756749964537
prostate,full,40000,108,105,105,0.10098117985315243
prostate,full,40000,108,102,102,0.07698172340517288
prostate,full,40000,108,106,106,0.2658897354211237
prostate,full,40000,108,106,106,0.2903991875246527
prostate,full,40000,108,104,104,0.19210326537995792
prostate,full,40000,108,104,104,0.16011616914308124
prostate,full,40000,108,97,97,0.24652232024883147
prostate,full,40000,108,82,82,0.2656408613210133
prostate,full,40000,108,82,82,0.2611434294182551
prostate,full,40000,108,74,74,0.2994425253198577
prostate,full,40000,108,107,107,0.21950445310539904
prostate,full,40000,108,107,107,0.20069067643899946
prostate,full,40000,108,105,105,0.08057551996733643
prostate,full,40000,108,105,105,0.1164148071551562
prostate,full,40000,108,103,103,0.1204344853812134
prostate,full,40000,108,106,106,0.33685980079658623
prostate,full,40000,108,105,105,0.32730573446912525
prostate,full,40000,108,105,105,0.3234665047253191
prostate,full,40000,108,102,102,0.3350021423470427
prostate,full,40000,108,88,88,0.27862942417033243
prostate,full,40000,108,107,107,0.27805727374409905
prostate,full,40000,108,107,107,0.15596584393218085
prostate,full,40000,108,106,106,0.1677167071956771
prostate,full,40000,108,104,104,0.07792727596510875
prostate,full,40000,108,103,103,0.18913816974036848
prostate,full,40000,108,107,107,0.1364394297872805
prostate,full,40000,108,107,107,0.17774244240274986
prostate,full,40000,108,107,107,0.11097989110539076
prostate,full,40000,108,89,89,0.2497253907484061
prostate,full,40000,108,107,107,0.21176525499011653
prostate,full,40000,108,106,106,0.0074034985360372845
prostate,full,40000,108,103,103,0.0870361621712818
prostate,full,40000,108,103,103,0.15192195300968434
prostate,full,40000,108,89,89,0.2074796949766316
prostate,full,40000,108,94,94,0.22378879797556003
prostate,full,40000,108,94,94,0.19369458311334725
prostate,full,40000,108,90,90,0.2996862679258755
prostate,full,40000,108,82,82,0.1463271117967262
prostate,full,40000,108,78,78,0.13373681197553658
prostate,full,40000,108,60,60,0.1454897248455313
prostate,full,40000,108,107,107,0.15752651959528324
prostate,full,40000,108,107,107,0.01597556892609945
prostate,full,40000,108,107,107,0.08348193643234798
prostate,full,40000,108,103,103,0.1516498003453807
prostate,full,40000,108,102,102,0.05380484499584153
prostate,full,40000,108,102,102,0.09350540549025395
prostate,full,40000,108,96,96,0.053267363940987265
prostate,full,40000,108,107,107,0.2653711976331123
prostate,full,40000,108,103,103,0.06977861019264461
prostate,full,40000,108,89,89,0.22546128648754243
prostate,full,40000,108,107,107,0.27303651858120914
prostate,full,40000,108,103,103,0.11385422875496035
prostate,full,40000,108,96,96,0.12573784682311898
prostate,full,40000,108,93,93,0.0601494557180758
prostate,full,40000,108,107,107,0.2176083150033344
prostate,full,40000,108,107,107,0.22113464428773447
prostate,full,40000,108,104,104,0.0910867923249662
prostate,full,40000,108,102,102,0.0095320630169298
prostate,full,40000,108,89,89,0.1973839809864405
prostate,full,40000,108,107,107,0.28996409263542033
prostate,full,40000,108,107,107,0.22361127822742902
prostate,full,40000,108,103,103,0.22565940942236123
prostate,full,40000,108,101,101,0.03381249267741772
prostate,full,40000,108,89,89,0.27278598345656285
prostate,full,40000,108,107,107,0.26801481464405513
prostate,full,40000,108,107,107,0.03055473401691253
prostate,full,40000,108,103,103,0.036882351742150515
prostate,full,40000,108,101,101,0.1636844386647938
prostate,full,40000,108,89,89,0.18334879001326088
prostate,full,40000,108,102,102,0.08632140813059952
prostate,full,40000,108,101,101,0.2773362196656604
prostate,full,40000,108,101,101,0.2682285367531969
prostate,full,40000,108,97,97,0.2732852519035816
prostate,full,40000,108,95,95,0.09619548213346112
prostate,full,40000,108,91,91,0.1836147025041575
prostate,full,40000,108,89,89,0.22505173374176965
prostate,full,40000,108,87,87,0.20260028495937518
prostate,full,40000,108,107,107,0.08430827612123182
prostate,full,40000,108,107,107,0.23726014714485735
prostate,full,40000,108,106,106,0.10121375905905454
prostate,full,40000,108,107,107,0.3419420468209402
prostate,full,40000,108,107,107,0.08023299183072738
prostate,full,40000,108,107,107,0.024184992350430683
prostate,full,40000,108,107,107,0.15821045435168485
prostate,full,40000,108,105,105,0.10077878204412717
prostate,full,40000,109,108,108,0.2619053184744124
prostate,full,40000,109,108,108,0.009426445025438171
prostate,full,40000,109,108,108,0.012613026302645327
prostate,full,40000,109,108,108,0.07126328596660653
prostate,full,40000,109,108,108,0.008173149565740466
prostate,full,40000,109,108,108,0.006874989365156971
prostate,full,40000,109,108,108,0.008746082801646458
prostate,full,40000,109,108,108,0.00575080682704933
prostate,full,40000,109,108,108,0.016893177203134185
prostate,full,40000,109,108,108,0.006078326438471281
prostate,full,40000,109,108,108,0.00867731256785368
prostate,full,40000,109,108,108,0.009413450612907001
prostate,full,40000,109,108,108,0.12272824985294309
prostate,full,40000,109,108,108,0.015318191475048322
prostate,full,40000,109,108,108,0.05637672413392785
prostate,full,40000,109,108,108,0.009868109312039594
prostate,full,40000,109,108,108,0.015688382911299675
prostate,full,40000,109,108,108,0.006849369693688735
prostate,full,40000,109,108,108,0.019447751674021924
prostate,full,40000,109,108,108,0.027425100629965254
prostate,full,40000,109,108,108,0.010429617289076406
prostate,full,40000,109,108,108,0.006077443363261838
prostate,full,40000,109,107,107,0.022215516582672287
prostate,full,40000,109,106,106,0.012644451404016464
prostate,full,40000,109,106,106,0.023983217251034965
prostate,full,40000,109,106,106,0.04817357023651963
prostate,full,40000,109,106,106,0.006961428474216724
prostate,full,40000,109,106,106,0.01585101832093402
prostate,full,40000,109,102,102,0.02142936833958452
prostate,full,40000,109,103,103,0.252039334682264
prostate,full,40000,109,97,97,0.29256386570747317
prostate,full,40000,109,97,97,0.30893278883789727
prostate,full,40000,109,91,91,0.30167740385969205
prostate,full,40000,109,89,89,0.3036604239274849
prostate,full,40000,109,88,88,0.23989397312356295
prostate,full,40000,109,85,85,0.2606915746426039
prostate,full,40000,109,66,66,0.31445289519123487
prostate,full,40000,109,108,108,0.0
prostate,full,40000,109,108,108,0.18133172582255913
prostate,full,40000,109,107,107,0.14599738657272254
prostate,full,40000,109,107,107,0.2760590365105799
prostate,full,40000,109,106,106,0.0
prostate,full,40000,109,105,105,0.11006914961425565
prostate,full,40000,109,98,98,0.08024041098028258
prostate,full,40000,109,108,108,0.19919232725209568
prostate,full,40000,109,108,108,0.2058436929538399
prostate,full,40000,109,108,108,0.0471139547328889
prostate,full,40000,109,107,107,0.01940273207350625
prostate,full,40000,109,106,106,0.10325907377507414
prostate,full,40000,109,105,105,0.08317942962496484
prostate,full,40000,109,107,107,0.1958702090555253
prostate,full,40000,109,106,106,0.2545040541368358
prostate,full,40000,109,106,106,0.30541621317039336
prostate,full,40000,109,104,104,0.11335809216182212
prostate,full,40000,109,103,103,0.3001192215952874
prostate,full,40000,109,103,103,0.22201971243180404
prostate,full,40000,109,100,100,0.27677939870098117
prostate,full,40000,109,96,96,0.15651029342729053
prostate,full,40000,109,94,94,0.2797121140982804
prostate,full,40000,109,94,94,0.24544312930701084
prostate,full,40000,109,89,89,0.19960264178006074
prostate,full,40000,109,89,89,0.2746031509293502
prostate,full,40000,109,71,71,0.19659773753670956
prostate,full,40000,109,107,107,0.21303109424543284
prostate,full,40000,109,107,107,0.21181517540270217
prostate,full,40000,109,104,104,0.22997966657317861
prostate,full,40000,109,101,101,0.18848617737159634
prostate,full,40000,109,99,99,0.18066309353813928
prostate,full,40000,109,97,97,0.17998796250546625
prostate,full,40000,109,96,96,0.20941137556661327
prostate,full,40000,109,90,90,0.16499551405127655
prostate,full,40000,109,88,88,0.22825270229309852
prostate,full,40000,109,82,82,0.1584307437672292
prostate,full,40000,109,108,108,0.24506600551195493
prostate,full,40000,109,108,108,0.19171344741857155
prostate,full,40000,109,107,107,0.02988708728038554
prostate,full,40000,109,106,106,0.1562894357076017
prostate,full,40000,109,104,104,0.20846299858590894
prostate,full,40000,109,104,104,0.13892373384115586
prostate,full,40000,109,108,108,0.2731676215911953
prostate,full,40000,109,108,108,0.22889248568508427
prostate,full,40000,109,107,107,0.0074769864622478
prostate,full,40000,109,106,106,0.1461135638530265
prostate,full,40000,109,106,106,0.2832436018698832
prostate,full,40000,109,106,106,0.27305136383961814
prostate,full,40000,109,105,105,0.24266735460527644
prostate,full,40000,109,105,105,0.2991602813121201
prostate,full,40000,109,104,104,0.2709079588210463
prostate,full,40000,109,103,103,0.22854144315307706
prostate,full,40000,109,103,103,0.21915083449861977
prostate,full,40000,109,102,102,0.1693782603581522
prostate,full,40000,109,102,102,0.25817606938426235
prostate,full,40000,109,101,101,0.25348472206915396
prostate,full,40000,109,100,100,0.17519189154973652
prostate,full,40000,109,108,108,0.0003941289474307417
prostate,full,40000,109,108,108,0.2456992897073156
prostate,full,40000,109,92,92,0.2748154012114799
prostate,full,40000,109,83,83,0.23903867853952562
prostate,full,40000,109,108,108,0.2194387490227728
prostate,full,40000,109,101,101,0.3050187313357025
prostate,full,40000,109,101,101,0.30278603717906616
prostate,full,40000,109,89,89,0.28676101499128454
prostate,full,40000,109,88,88,0.2766910773876031
prostate,full,40000,109,88,88,0.2785451312116411
prostate,full,40000,109,87,87,0.244664147512746
prostate,full,40000,109,87,87,0.2590423404982479
prostate,full,40000,109,86,86,0.3123004166985158
prostate,full,40000,109,85,85,0.27401014138344626
prostate,full,40000,109,80,80,0.28379189405421124
prostate,full,40000,109,78,78,0.31863954682907225
prostate,full,40000,109,59,59,0.3148453631095327
prostate,full,40000,109,106,106,0.22371833270898184
prostate,full,40000,109,106,106,0.285192314898942
prostate,full,40000,109,106,106,0.22084854672628992
prostate,full,40000,109,104,104,0.28596151166512934
prostate,full,40000,109,103,103,0.25041460196421544
prostate,full,40000,109,102,102,0.22640643037355634
prostate,full,40000,109,101,101,0.2728786891580322
prostate,full,40000,109,98,98,0.19956951260020342
prostate,full,40000,109,97,97,0.019545793895337
prostate,full,40000,109,86,86,0.2239395740434524
prostate,full,40000,109,106,106,0.03984273725850248
prostate,full,40000,109,105,105,0.2537835122102603
prostate,full,40000,109,105,105,0.31725051206750376
prostate,full,40000,109,105,105,0.21330742696990435
prostate,full,40000,109,104,104,0.17820341853738902
prostate,full,40000,109,104,104,0.3141940767416103
prostate,full,40000,109,104,104,0.15624204765993094
prostate,full,40000,109,108,108,0.2544318816358181
prostate,full,40000,109,108,108,0.2524071707732374
prostate,full,40000,109,89,89,0.20762641739311058
prostate,full,40000,109,89,89,0.21256967858265405
prostate,full,40000,109,108,108,0.26858450229055136
prostate,full,40000,109,108,108,0.010334495507020603
prostate,full,40000,109,108,108,0.22524434994124629
prostate,full,40000,109,104,104,0.22819276379233028
prostate,full,40000,109,103,103,0.06615674518742659
prostate,full,40000,109,108,108,0.24873876185329832
prostate,full,40000,109,108,108,0.259896808257761
prostate,full,40000,109,104,104,0.2130409854860981
prostate,full,40000,109,90,90,0.2157663497298795
prostate,full,40000,109,108,108,0.2538039032243959
prostate,full,40000,109,87,87,0.2169881485898688
prostate,full,40000,109,78,78,0.21593964697086784
prostate,full,40000,109,106,106,0.2514744091383546
prostate,full,40000,109,105,105,0.22936001815494853
prostate,full,40000,109,101,101,0.28333098204560603
prostate,full,40000,109,101,101,0.27268071220136114
prostate,full,40000,109,100,100,0.29245143317777234
prostate,full,40000,109,98,98,0.28828597948844853
prostate,full,40000,109,97,97,0.2932713874098357
prostate,full,40000,109,96,96,0.2291857770711141
prostate,full,40000,109,96,96,0.2526291899726258
prostate,full,40000,109,90,90,0.23445520405666492
prostate,full,40000,109,89,89,0.22442171674769118
prostate,full,40000,109,106,106,0.2341047423963476
prostate,full,40000,109,101,101,0.27612781460311153
prostate,full,40000,109,86,86,0.1773137129817579
prostate,full,40000,109,85,85,0.19769919146803097
prostate,full,40000,109,79,79,0.18706805573687663
prostate,full,40000,109,108,108,0.023596514747672076
prostate,full,40000,109,108,108,0.16643678187948013
prostate,full,40000,109,108,108,0.09578556588265624
prostate,full,40000,109,108,108,0.12743668319792853
prostate,full,40000,109,107,107,0.008857756177623213
prostate,full,40000,109,105,105,0.03429725060975592
prostate,full,40000,109,104,104,0.0734506956173785
prostate,full,40000,109,95,95,0.15067668719218702
prostate,full,40000,109,90,90,0.2406611763852581
prostate,full,40000,109,107,107,0.20431835851005264
prostate,full,40000,109,104,104,0.27919882591812173
prostate,full,40000,109,104,104,0.27369599870766975
prostate,full,40000,109,103,103,0.23331301753602718
prostate,full,40000,109,102,102,0.3054156632940584
prostate,full,40000,109,88,88,0.1913645547567464
prostate,full,40000,109,108,108,0.24929077053242688
prostate,full,40000,109,107,107,0.13347673296658089
prostate,full,40000,109,107,107,0.06309421160993937
prostate,full,40000,109,103,103,0.2581269577289679
prostate,full,40000,109,108,108,0.2611084078965777
prostate,full,40000,109,107,107,0.24267126790246357
prostate,full,40000,109,107,107,0.22021386942966173
prostate,full,40000,109,104,104,0.21189971168868496
prostate,full,40000,109,101,101,0.07208126628977736
prostate,full,40000,109,96,96,0.16440878287026425
prostate,full,40000,109,90,90,0.22799230618868696
prostate,full,40000,109,87,87,0.27218741526438506
prostate,full,40000,109,108,108,0.2508398128813259
prostate,full,40000,109,90,90,0.2585772044979911
prostate,full,40000,109,108,108,0.15260210121892476
prostate,full,40000,109,108,108,0.20660079075991866
prostate,full,40000,109,105,105,0.1082565023836338
prostate,full,40000,109,104,104,0.11025024913552105
prostate,full,40000,109,90,90,0.21975471308381753
prostate,full,40000,109,108,108,0.18413641086193933
prostate,full,40000,109,108,108,0.24871444374985024
prostate,full,40000,109,106,106,0.05180541799025288
prostate,full,40000,109,104,104,0.19829785821917467
prostate,full,40000,109,103,103,0.24637085642139891
prostate,full,40000,109,108,108,0.24853877114052011
prostate,full,40000,109,107,107,0.03737718990023587
prostate,full,40000,109,103,103,0.2543025251990082
prostate,full,40000,109,108,108,0.007124678791718602
prostate,full,40000,109,108,108,0.046129402492212625
prostate,full,40000,109,108,108,0.2045212057465401
prostate,full,40000,109,107,107,0.039783778781485854
prostate,full,40000,109,104,104,0.09214257039216411
prostate,full,40000,109,100,100,0.11017973681793773
prostate,full,40000,109,108,108,0.2987949866962755
prostate,full,40000,109,108,108,0.05607306588442521
prostate,full,40000,109,108,108,0.13712270106478774
prostate,full,40000,109,105,105,0.053883117412580755
prostate,full,40000,109,108,108,0.0031413073160733757
prostate,full,40000,109,108,108,0.2279373521450573
prostate,full,40000,109,108,108,0.0015479182612383683
prostate,full,40000,109,108,108,0.24272621684740373
prostate,full,40000,109,107,107,0.0010936080441099401
prostate,full,40000,109,106,106,0.0019031227229315071
prostate,full,40000,109,106,106,0.03991579345702669
prostate,full,40000,109,105,105,0.054962467509790336
prostate,full,40000,109,108,108,0.3440068030425578
prostate,full,40000,109,108,108,0.15455747948484977
prostate,full,40000,109,108,108,0.04409870799313295
prostate,full,40000,109,108,108,0.0060250251020332385
prostate,full,40000,109,107,107,0.020964859360524536
prostate,full,40000,109,106,106,0.06292231665242623
prostate,full,40000,109,106,106,0.12334219573672638
prostate,full,40000,109,106,106,0.04248550198350977
prostate,full,40000,109,106,106,0.03257157346826378
prostate,full,40000,109,108,108,0.25784715160561805
prostate,full,40000,109,108,108,0.1906832661545246
prostate,full,40000,109,107,107,0.15076604393287915
prostate,full,40000,109,101,101,0.22028131055195665
prostate,full,40000,109,108,108,0.005090613084103641
prostate,full,40000,109,108,108,0.24482673417916262
prostate,full,40000,109,108,108,0.23263593777163497
prostate,full,40000,109,108,108,0.05931622696687923
prostate,full,40000,109,106,106,0.0023166049818117316
prostate,full,40000,109,105,105,0.03716811632757989
prostate,full,40000,109,100,100,0.011291301076916038
prostate,full,40000,109,100,100,0.12145910841020668
prostate,full,40000,109,107,107,0.23244614640424513
prostate,full,40000,109,107,107,0.22919906327401082
prostate,full,40000,109,105,105,0.23610664449566263
prostate,full,40000,109,102,102,0.2638405671917374
prostate,full,40000,109,102,102,0.1589408626507891
prostate,full,40000,109,101,101,0.3019567991491641
prostate,full,40000,109,101,101,0.30222469115131656
prostate,full,40000,109,100,100,0.27405375667315107
prostate,full,40000,109,99,99,0.24783334997842907
prostate,full,40000,109,97,97,0.1459095913292316
prostate,full,40000,109,88,88,0.2905468742444323
prostate,full,40000,109,85,85,0.29377031365558615
prostate,full,40000,109,108,108,0.25295336648748035
prostate,full,40000,109,106,106,0.20005106118197163
prostate,full,40000,109,105,105,0.1849845252024669
prostate,full,40000,109,104,104,0.22194480010682274
prostate,full,40000,109,104,104,0.0
prostate,full,40000,109,102,102,0.1159077674694109
prostate,full,40000,109,108,108,0.26659295138408257
prostate,full,40000,109,108,108,0.22017746405680272
prostate,full,40000,109,108,108,0.10066342020988396
prostate,full,40000,109,107,107,0.02370995069419657
prostate,full,40000,109,90,90,0.2528269899353678
prostate,full,40000,109,108,108,0.256186887454937
prostate,full,40000,109,101,101,0.24080981121926878
prostate,full,40000,109,99,99,0.2962700278008988
prostate,full,40000,109,90,90,0.2191084435971612
prostate,full,40000,109,78,78,0.21175231335673636
prostate,full,40000,109,108,108,0.2507351713163893
prostate,full,40000,109,99,99,0.24058885439632877
prostate,full,40000,109,90,90,0.18737173668707335
prostate,full,40000,109,108,108,0.029700973789957685
prostate,full,40000,109,108,108,0.15137479942147739
prostate,full,40000,109,108,108,0.2380884514711368
prostate,full,40000,109,104,104,0.17884298464322515
prostate,full,40000,109,88,88,0.2091346893734358
prostate,full,40000,109,108,108,0.03603943333177107
prostate,full,40000,109,108,108,0.13205254015557577
prostate,full,40000,109,108,108,0.16886882857979504
prostate,full,40000,109,108,108,0.0743421365735107
prostate,full,40000,109,108,108,0.010664066106581565
prostate,full,40000,109,108,108,0.05849320254711522
prostate,full,40000,109,106,106,0.03188320238920731
prostate,full,40000,109,108,108,0.15370408386491996
prostate,full,40000,109,108,108,0.28494051403507303
prostate,full,40000,109,108,108,0.22236019941173057
prostate,full,40000,109,108,108,0.007632276572432165
prostate,full,40000,109,108,108,0.04523684754351538
prostate,full,40000,109,108,108,0.007155868253909985
prostate,full,40000,109,106,106,0.016013658846102678
prostate,full,40000,109,106,106,0.11599553544419261
prostate,full,40000,109,106,106,0.15802631607394002
prostate,full,40000,109,103,103,0.06658502792886997
prostate,full,40000,109,100,100,0.039043501773898634
prostate,full,40000,109,108,108,0.179034186614474
prostate,full,40000,109,108,108,0.11753529045419542
prostate,full,40000,109,108,108,0.24672813351977244
prostate,full,40000,109,106,106,0.06585045962211068
prostate,full,40000,109,104,104,0.16623137809957822
prostate,full,40000,109,108,108,0.27053985742993175
prostate,full,40000,109,107,107,0.06570126719856721
prostate,full,40000,109,103,103,0.29680210851890515
prostate,full,40000,109,108,108,0.25565231746365114
prostate,full,40000,109,107,107,0.07696569057225167
prostate,full,40000,109,108,108,0.0029412558934363933
prostate,full,40000,109,108,108,0.20787995463710854
prostate,full,40000,109,108,108,0.07651953380719954
prostate,full,40000,109,108,108,0.012417411756085461
prostate,full,40000,109,108,108,0.0038730287060779367
prostate,full,40000,109,106,106,0.001639720492832979
prostate,full,40000,109,105,105,0.05564984841871513
prostate,full,40000,109,104,104,0.07345989954955796
prostate,full,40000,109,103,103,0.06966197633994013
prostate,full,40000,109,108,108,0.27264470428723137
prostate,full,40000,109,108,108,0.12412558612858006
prostate,full,40000,109,108,108,0.10184113688819119
prostate,full,40000,109,107,107,0.12353852315533156
prostate,full,40000,109,106,106,0.06034354233473897
prostate,full,40000,109,105,105,0.11280023037857288
prostate,full,40000,109,105,105,0.21255574595469195
prostate,full,40000,109,103,103,0.1561649276342948
prostate,full,40000,109,101,101,0.06167223645158463
prostate,full,40000,109,108,108,0.0
prostate,full,40000,109,108,108,0.0
prostate,full,40000,109,108,108,0.09874565189906112
prostate,full,40000,109,108,108,0.19626220169300948
prostate,full,40000,109,107,107,0.07883635611996098
prostate,full,40000,109,105,105,0.06804269079167787
prostate,full,40000,109,90,90,0.20404225010873359
prostate,full,40000,109,108,108,0.23113400065507708
prostate,full,40000,109,108,108,0.08276822034964054
prostate,full,40000,109,108,108,0.014797694602715114
prostate,full,40000,109,108,108,0.0031562654807555327
prostate,full,40000,109,108,108,0.010288824632790924
prostate,full,40000,109,108,108,0.01854972954579512
prostate,full,40000,109,108,108,0.01837703515214581
prostate,full,40000,109,108,108,0.022464772908672236
prostate,full,40000,109,108,108,0.014707956727456806
prostate,full,40000,109,108,108,0.00832190461880292
prostate,full,40000,109,108,108,0.043417408792662746
prostate,full,40000,109,108,108,0.017505288748829256
prostate,full,40000,109,107,107,0.0038989292499941788
prostate,full,40000,109,107,107,0.004505190056135935
prostate,full,40000,109,106,106,0.016154344337349816
prostate,full,40000,109,106,106,0.022277823797541015
prostate,full,40000,109,106,106,0.09025669584995055
prostate,full,40000,109,104,104,0.03752548448991695
prostate,full,40000,109,103,103,0.03426099164961628
prostate,full,40000,109,102,102,0.0304978038944796
prostate,full,40000,109,108,108,0.3161586001797197
prostate,full,40000,109,108,108,0.029743807697821693
prostate,full,40000,109,108,108,0.1591589372196536
prostate,full,40000,109,108,108,0.003585742581283342
prostate,full,40000,109,108,108,0.02835686440330716
prostate,full,40000,109,108,108,0.03628273112428756
prostate,full,40000,109,106,106,0.045523477528471745
prostate,full,40000,109,106,106,0.1378787671327335
prostate,full,40000,109,108,108,0.15868741085519195
prostate,full,40000,109,108,108,0.08159688528887336
prostate,full,40000,109,108,108,0.020834951525489438
prostate,full,40000,109,108,108,0.014272528640094954
prostate,full,40000,109,108,108,0.008912747187155847
prostate,full,40000,109,108,108,0.08311299604414024
prostate,full,40000,109,108,108,0.014344641145175661
prostate,full,40000,109,108,108,0.005252336899829979
prostate,full,40000,109,108,108,0.03040216394782063
prostate,full,40000,109,108,108,0.00951332604778206
prostate,full,40000,109,108,108,0.021206545581024135
prostate,full,40000,109,108,108,0.008553936669701973
prostate,full,40000,109,108,108,0.02228906495158635
prostate,full,40000,109,108,108,0.024146882556835256
prostate,full,40000,109,108,108,0.006355125718518964
prostate,full,40000,109,108,108,0.015473071099688585
prostate,full,40000,109,108,108,0.05081987561465726
prostate,full,40000,109,108,108,0.019990457973907486
prostate,full,40000,109,108,108,0.00497704198667557
prostate,full,40000,109,108,108,0.011696744929557381
prostate,full,40000,109,107,107,0.013477736050748517
prostate,full,40000,109,107,107,0.006673969499464457
prostate,full,40000,109,107,107,0.012433449163038826
prostate,full,40000,109,107,107,0.006556661605726792
prostate,full,40000,109,106,106,0.04928509530389445
prostate,full,40000,109,106,106,0.02419942071406246
prostate,full,40000,109,106,106,0.021354642704565503
prostate,full,40000,109,106,106,0.024913355900997344
prostate,full,40000,109,106,106,0.015503481068119072
prostate,full,40000,109,106,106,0.008623462708659511
prostate,full,40000,109,102,102,0.011205831449282104
prostate,full,40000,109,108,108,0.03814601062893409
prostate,full,40000,109,108,108,0.24755353301089086
prostate,full,40000,109,108,108,0.1932947223952393
prostate,full,40000,109,99,99,0.09823229212066792
prostate,full,40000,109,90,90,0.2437000985211311
prostate,full,40000,109,108,108,0.12186685518485368
prostate,full,40000,109,108,108,0.193511169981502
prostate,full,40000,109,107,107,0.24474470284848773
prostate,full,40000,109,105,105,0.26689282503580625
prostate,full,40000,109,104,104,0.23844923539671975
prostate,full,40000,109,103,103,0.25533301461518365
prostate,full,40000,109,103,103,0.14859801976817857
prostate,full,40000,109,97,97,0.0897829179142587
prostate,full,40000,109,90,90,0.24732477014971477
prostate,full,40000,109,108,108,0.27153532179644657
prostate,full,40000,109,108,108,0.2522556976273917
prostate,full,40000,109,108,108,0.08369489622038719
prostate,full,40000,109,106,106,0.026755703478246896
prostate,full,40000,109,106,106,0.014526282627713698
prostate,full,40000,109,106,106,0.07270230666429288
prostate,full,40000,109,105,105,0.14274498751337303
prostate,full,40000,109,102,102,0.037374203723458746
prostate,full,40000,109,108,108,0.2722295889068692
prostate,full,40000,109,108,108,0.0057308254199452645
prostate,full,40000,109,108,108,0.012969647760477458
prostate,full,40000,109,108,108,0.07613603911752521
prostate,full,40000,109,108,108,0.11683453908596741
prostate,full,40000,109,108,108,0.09291351856360584
prostate,full,40000,109,108,108,0.004144113455923923
prostate,full,40000,109,108,108,0.0023850436339499094
prostate,full,40000,109,108,108,0.012121140211304109
prostate,full,40000,109,106,106,0.09062684724539397
prostate,full,40000,109,106,106,0.05456883245373109
prostate,full,40000,109,106,106,0.027768250495907514
prostate,full,40000,109,106,106,0.013243336967164057
prostate,full,40000,109,102,102,0.020079020634742203
prostate,full,40000,109,107,107,0.2539384968864434
prostate,full,40000,109,103,103,0.25796031330502667
prostate,full,40000,109,95,95,0.23468736115308714
prostate,full,40000,109,90,90,0.19894534105025727
prostate,full,40000,109,89,89,0.21864090373556147
prostate,full,40000,109,87,87,0.21976903587245472
prostate,full,40000,109,84,84,0.20634046076900822
prostate,full,40000,109,81,81,0.2241004548658275
prostate,full,40000,109,78,78,0.21972932942340043
prostate,full,40000,109,108,108,0.2669928656685398
prostate,full,40000,109,108,108,0.16183723402463124
prostate,full,40000,109,108,108,0.004757135112118399
prostate,full,40000,109,105,105,0.05838224903605885
prostate,full,40000,109,103,103,0.10776442856191011
prostate,full,40000,109,108,108,0.007351686627886016
prostate,full,40000,109,108,108,0.09131497908174557
prostate,full,40000,109,108,108,0.28841762393632764
prostate,full,40000,109,108,108,0.23856579233284453
prostate,full,40000,109,108,108,0.01577370066000784
prostate,full,40000,109,108,108,0.004990596060238706
prostate,full,40000,109,107,107,0.031804573072886616
prostate,full,40000,109,106,106,0.04660814530278125
prostate,full,40000,109,106,106,0.03908087458804804
prostate,full,40000,109,106,106,0.07321752072221369
prostate,full,40000,109,105,105,0.18614582144506905
prostate,full,40000,109,108,108,0.21607242198283547
prostate,full,40000,109,107,107,0.0027132508321029126
prostate,full,40000,109,106,106,0.1756226118942506
prostate,full,40000,109,105,105,0.16003331172483193
prostate,full,40000,109,104,104,0.10860989089781312
prostate,full,40000,109,104,104,0.14013565727827745
prostate,full,40000,109,103,103,0.0755244218422856
prostate,full,40000,109,108,108,0.1929525401302728
prostate,full,40000,109,108,108,0.18464271176521047
prostate,full,40000,109,108,108,0.003450642258857764
prostate,full,40000,109,108,108,0.04679861949041198
prostate,full,40000,109,106,106,0.0016501557619102599
prostate,full,40000,109,106,106,0.003852464149554357
prostate,full,40000,109,105,105,0.09593738573445686
prostate,full,40000,109,105,105,0.09282501574542308
prostate,full,40000,109,108,108,0.0914302254807949
prostate,full,40000,109,108,108,0.2521810735824597
prostate,full,40000,109,107,107,0.0
prostate,full,40000,109,104,104,0.13662946925190123
prostate,full,40000,109,90,90,0.22696144633793885
prostate,full,40000,109,108,108,0.23957163320724395
prostate,full,40000,109,108,108,0.05383109149192867
prostate,full,40000,109,108,108,0.25027166375468424
prostate,full,40000,109,108,108,0.21025648460673094
prostate,full,40000,109,107,107,0.05488727535784358
prostate,full,40000,109,105,105,0.16448422805598148
prostate,full,40000,109,104,104,0.07639960962963589
prostate,full,40000,109,103,103,0.062032551764064976
prostate,full,40000,109,106,106,0.24637483813115685
prostate,full,40000,109,103,103,0.28223348411297156
prostate,full,40000,109,97,97,0.27300627887981355
prostate,full,40000,109,97,97,0.27509629284250287
prostate,full,40000,109,82,82,0.2268410329271154
prostate,full,40000,109,78,78,0.23588898992972965
prostate,full,40000,109,97,97,0.18841296807857089
prostate,full,40000,109,97,97,0.2045032668550501
prostate,full,40000,109,91,91,0.22846097708338742
prostate,full,40000,109,90,90,0.178815823844392
prostate,full,40000,109,89,89,0.20197078593212792
prostate,full,40000,109,66,66,0.2637266012087402
prostate,full,40000,109,108,108,0.10228887833641974
prostate,full,40000,109,108,108,0.22792878724706836
prostate,full,40000,109,108,108,0.2661428063467786
prostate,full,40000,109,104,104,0.22695751416528528
prostate,full,40000,109,103,103,0.17886503884691304
prostate,full,40000,109,108,108,0.25260464499558644
prostate,full,40000,109,108,108,0.0
prostate,full,40000,109,108,108,0.22983375569202308
prostate,full,40000,109,108,108,0.05607306588442521
prostate,full,40000,109,108,108,0.2191040651419785
prostate,full,40000,109,106,106,0.0
prostate,full,40000,109,108,108,0.07384999319297633
prostate,full,40000,109,101,101,0.2764431778915896
prostate,full,40000,109,89,89,0.221015808524858
prostate,full,40000,109,108,108,0.28712083464418986
prostate,full,40000,109,108,108,0.23230152098694762
prostate,full,40000,109,105,105,0.07426241220992313
prostate,full,40000,109,90,90,0.24556359873525413
prostate,full,40000,109,108,108,0.25446214111427756
prostate,full,40000,109,108,108,0.2484560971648637
prostate,full,40000,109,104,104,0.13125055795412954
prostate,full,40000,109,99,99,0.08245559148658005
prostate,full,40000,109,90,90,0.20550053978988103
prostate,full,40000,109,108,108,0.22849235328037493
prostate,full,40000,109,108,108,0.2736760572690858
prostate,full,40000,109,107,107,0.0578930783078066
prostate,full,40000,109,105,105,0.1711650061283746
prostate,full,40000,109,103,103,0.18969300804154768
prostate,full,40000,109,103,103,0.22926054744525445
prostate,full,40000,109,103,103,0.1582512310391877
prostate,full,40000,109,108,108,0.10505173606335472
prostate,full,40000,109,108,108,0.13963491282874171
prostate,full,40000,109,106,106,0.0882486319746826
prostate,full,40000,109,104,104,0.1690536172473568
prostate,full,40000,109,104,104,0.0883411599717365
prostate,full,40000,109,100,100,0.06324670968761771
prostate,full,40000,109,108,108,0.2507678734753619
prostate,full,40000,109,108,108,0.17923931459739886
prostate,full,40000,109,107,107,0.053462137823335455
prostate,full,40000,109,106,106,0.12365041895693622
prostate,full,40000,109,106,106,0.041113584322789005
prostate,full,40000,109,105,105,0.14532661811574196
prostate,full,40000,109,103,103,0.1316643376681045
prostate,full,40000,109,105,105,0.25924760309206557
prostate,full,40000,109,103,103,0.26066112521033125
prostate,full,40000,109,102,102,0.1380916014594922
prostate,full,40000,109,99,99,0.27835120410776665
prostate,full,40000,109,108,108,0.27895466532183816
prostate,full,40000,109,108,108,0.02251511260441372
prostate,full,40000,109,108,108,0.2278547166431802
prostate,full,40000,109,102,102,0.22150738059452948
prostate,full,40000,109,108,108,0.24288904646355908
prostate,full,40000,109,108,108,0.10723596139303883
prostate,full,40000,109,103,103,0.18226219359291415
prostate,full,40000,109,108,108,0.2371744514080348
prostate,full,40000,109,108,108,0.27758129469774534
prostate,full,40000,109,107,107,0.08457875041184877
prostate,full,40000,109,105,105,0.06952152796925318
prostate,full,40000,109,90,90,0.2240283976615601
prostate,full,40000,109,108,108,0.25817598115059404
prostate,full,40000,109,108,108,0.21509439309520761
prostate,full,40000,109,106,106,0.02997567643559514
prostate,full,40000,109,106,106,0.13439952094978982
prostate,full,40000,109,106,106,0.08110509749810559
prostate,full,40000,109,105,105,0.18334221195212863
prostate,full,40000,109,108,108,0.2084485634710815
prostate,full,40000,109,107,107,0.24049914920111995
prostate,full,40000,109,105,105,0.1631432918075878
prostate,full,40000,109,97,97,0.27485874215753076
prostate,full,40000,109,89,89,0.21410687548966262
prostate,full,40000,109,107,107,0.3144558718688259
prostate,full,40000,109,106,106,0.25377894220967234
prostate,full,40000,109,105,105,0.1726035567822103
prostate,full,40000,109,105,105,0.17824105330767903
prostate,full,40000,109,100,100,0.25832419511329585
prostate,full,40000,109,90,90,0.2527373827085258
prostate,full,40000,109,89,89,0.2546803551603411
prostate,full,40000,109,85,85,0.2580715504353479
prostate,full,40000,109,108,108,0.0
prostate,full,40000,109,108,108,0.17883988351957833
prostate,full,40000,109,108,108,0.0914302254807949
prostate,full,40000,109,108,108,0.0
prostate,full,40000,109,107,107,0.07883635611996098
prostate,full,40000,109,106,106,0.06393336122673228
prostate,full,40000,109,108,108,0.24223597893703028
prostate,full,40000,109,106,106,0.2004721657180063
prostate,full,40000,109,104,104,0.20290062431562697
prostate,full,40000,109,103,103,0.14660875728855105
prostate,full,40000,109,102,102,0.2154073372446603
prostate,full,40000,109,101,101,0.2659908922671138
prostate,full,40000,109,99,99,0.24724517186584075
prostate,full,40000,109,97,97,0.2631689042265476
prostate,full,40000,109,97,97,0.0855079832011539
prostate,full,40000,109,94,94,0.2588799214567889
prostate,full,40000,109,89,89,0.29723173788658996
prostate,full,40000,109,85,85,0.305683259128487
prostate,full,40000,109,108,108,0.007682602356204364
prostate,full,40000,109,108,108,0.27391330076249243
prostate,full,40000,109,107,107,0.22114295548376864
prostate,full,40000,109,103,103,0.15589332183784946
prostate,full,40000,109,103,103,0.2639094626722761
prostate,full,40000,109,103,103,0.28071527820507314
prostate,full,40000,109,101,101,0.10318534028981272
prostate,full,40000,109,107,107,0.28406588249783304
prostate,full,40000,109,106,106,0.24427232349182484
prostate,full,40000,109,106,106,0.25650179041747206
prostate,full,40000,109,103,103,0.28871086112528205
prostate,full,40000,109,102,102,0.1279903532710533
prostate,full,40000,109,101,101,0.14758610144281809
prostate,full,40000,109,91,91,0.20340000874200978
prostate,full,40000,109,107,107,0.10998884979686846
prostate,full,40000,109,107,107,0.18804920615742712
prostate,full,40000,109,107,107,0.259211523569331
prostate,full,40000,109,107,107,0.11012230227486587
prostate,full,40000,109,106,106,0.20556462454048385
prostate,full,40000,109,105,105,0.06369769775449104
prostate,full,40000,109,104,104,0.17826179712211748
prostate,full,40000,109,100,100,0.1625453267523504
prostate,full,40000,109,95,95,0.1678500849225631
prostate,full,40000,109,94,94,0.2660147103827798
prostate,full,40000,109,90,90,0.2493431606482248
prostate,full,40000,109,108,108,0.2275161637751362
prostate,full,40000,109,108,108,0.2725140387886978
prostate,full,40000,109,107,107,0.1451205050699405
prostate,full,40000,109,108,108,0.14981666521912645
prostate,full,40000,109,105,105,0.04013125503003612
prostate,full,40000,109,108,108,0.1146810307109709
prostate,full,40000,109,108,108,0.24566981950574118
prostate,full,40000,109,108,108,0.19212154793816527
prostate,full,40000,109,106,106,0.0881472444711551
prostate,full,40000,109,103,103,0.23486709372110937
prostate,full,40000,109,107,107,0.26555683921311773
prostate,full,40000,109,107,107,0.2668142216270395
prostate,full,40000,109,107,107,0.012669805954210656
prostate,full,40000,109,106,106,0.32799507036141223
prostate,full,40000,109,106,106,0.32528133480764576
prostate,full,40000,109,97,97,0.2797095803063714
prostate,full,40000,109,108,108,0.06382118734208421
prostate,full,40000,109,108,108,0.22477504123357986
prostate,full,40000,109,108,108,0.038336286329371486
prostate,full,40000,109,108,108,0.06436965923726817
prostate,full,40000,109,106,106,0.058487216418372255
prostate,full,40000,109,103,103,0.05880390688834568
prostate,full,40000,109,108,108,0.25763883765161183
prostate,full,40000,109,108,108,0.15518334680303453
prostate,full,40000,109,106,106,0.249765599464793
prostate,full,40000,109,101,101,0.2713493848823045
prostate,full,40000,109,89,89,0.20263414224827678
prostate,full,40000,109,78,78,0.20157154512130238
prostate,full,40000,109,108,108,0.2452636066214586
prostate,full,40000,109,104,104,0.10849300084525201
prostate,full,40000,109,103,103,0.14579014260345352
prostate,full,40000,109,97,97,0.2921863724787875
prostate,full,40000,109,97,97,0.08900302460301857
prostate,full,40000,109,90,90,0.25072737771459025
prostate,full,40000,109,108,108,0.1889247721662313
prostate,full,40000,109,108,108,0.11836498821562869
prostate,full,40000,109,108,108,0.24547757050641705
prostate,full,40000,109,103,103,0.07280801003151521
prostate,full,40000,109,88,88,0.24726607722529967
prostate,full,40000,109,108,108,0.17312317613499942
prostate,full,40000,109,108,108,0.006720289364138738
prostate,full,40000,109,108,108,0.05066478306192567
prostate,full,40000,109,108,108,0.07570846633446461
prostate,full,40000,109,106,106,0.049215465930644735
prostate,full,40000,109,104,104,0.09306557576259489
prostate,full,40000,109,108,108,0.23837408049622463
prostate,full,40000,109,108,108,0.02571401645359978
prostate,full,40000,109,108,108,0.15061925096015844
prostate,full,40000,109,108,108,0.020332808670681924
prostate,full,40000,109,106,106,0.12364295372346547
prostate,full,40000,109,104,104,0.17328121206814176
prostate,full,40000,109,100,100,0.20386217012440352
prostate,full,40000,109,108,108,0.237763781646241
prostate,full,40000,109,108,108,0.18693659281831512
prostate,full,40000,109,107,107,0.05969965528943432
prostate,full,40000,109,106,106,0.0294550140363492
prostate,full,40000,109,105,105,0.16200114736393534
prostate,full,40000,109,104,104,0.1354581784067748
prostate,full,40000,109,108,108,0.22983375569202308
prostate,full,40000,109,108,108,0.2606541378008434
prostate,full,40000,109,107,107,0.0
prostate,full,40000,109,106,106,0.0
prostate,full,40000,109,106,106,0.06246569306944982
prostate,full,40000,109,103,103,0.1444785035783859
prostate,full,40000,109,108,108,0.03144490278919506
prostate,full,40000,109,108,108,0.18923520297646756
prostate,full,40000,109,108,108,0.014052359442795662
prostate,full,40000,109,108,108,0.24256528630736301
prostate,full,40000,109,108,108,0.006904101745799184
prostate,full,40000,109,108,108,0.005298625563272802
prostate,full,40000,109,106,106,0.049769942637437586
prostate,full,40000,109,106,106,0.13761462915698158
prostate,full,40000,109,106,106,0.0878745677788349
prostate,full,40000,109,106,106,0.08473941207970917
prostate,full,40000,109,105,105,0.15899686575766317
prostate,full,40000,109,103,103,0.10635210695307643
prostate,full,40000,109,99,99,0.1165851635331071
prostate,full,40000,110,109,109,0.26981034014598737
prostate,full,40000,110,109,109,0.07692383549000789
prostate,full,40000,110,103,103,0.276259676842301
prostate,full,40000,110,109,109,0.24255148085518274
prostate,full,40000,110,109,109,0.230187045000305
prostate,full,40000,110,109,109,0.008236435237727976
prostate,full,40000,110,107,107,0.09008080719673167
prostate,full,40000,110,106,106,0.005245641848691139
prostate,full,40000,110,106,106,0.06754627815734973
prostate,full,40000,110,106,106,0.008851273839749266
prostate,full,40000,110,104,104,0.12405988296351991
prostate,full,40000,110,109,109,0.31198837647069844
prostate,full,40000,110,109,109,0.2616798618707372
prostate,full,40000,110,109,109,0.0022173156248734382
prostate,full,40000,110,108,108,0.21043480001959197
prostate,full,40000,110,105,105,0.156821556581942
prostate,full,40000,110,91,91,0.2370391568616302
prostate,full,40000,110,109,109,0.2679790602862412
prostate,full,40000,110,78,78,0.2141469944083525
prostate,full,40000,110,78,78,0.2853482075074285
prostate,full,40000,110,74,74,0.2868746125204433
prostate,full,40000,110,109,109,0.2502811082900266
prostate,full,40000,110,109,109,0.006018236435197562
prostate,full,40000,110,109,109,0.0027808413045864637
prostate,full,40000,110,109,109,0.25840013636320874
prostate,full,40000,110,109,109,0.13380045095569337
prostate,full,40000,110,109,109,0.0073802849317072755
prostate,full,40000,110,109,109,0.002984496806344036
prostate,full,40000,110,107,107,0.00832768391878348
prostate,full,40000,110,107,107,0.0827282652292787
prostate,full,40000,110,107,107,0.0784497881309299
prostate,full,40000,110,107,107,0.007307044242007179
prostate,full,40000,110,107,107,0.07517057576208136
prostate,full,40000,110,107,107,0.004318181647160467
prostate,full,40000,110,109,109,0.2503728479237207
prostate,full,40000,110,109,109,0.033106871718209537
prostate,full,40000,110,109,109,0.05400597397785612
prostate,full,40000,110,108,108,0.008631060281814925
prostate,full,40000,110,106,106,0.1126777271954005
prostate,full,40000,110,105,105,0.2088253375394783
prostate,full,40000,110,109,109,0.0
prostate,full,40000,110,109,109,0.28552868304736373
prostate,full,40000,110,109,109,0.11684544239613467
prostate,full,40000,110,109,109,0.0
prostate,full,40000,110,91,91,0.127170370931425
prostate,full,40000,110,109,109,0.2710686566476142
prostate,full,40000,110,106,106,0.26463327522756713
prostate,full,40000,110,104,104,0.13569044232770228
prostate,full,40000,110,103,103,0.2693185171462507
prostate,full,40000,110,103,103,0.2160448054441898
prostate,full,40000,110,102,102,0.059449084077495745
prostate,full,40000,110,98,98,0.300362587186939
prostate,full,40000,110,95,95,0.2960094662052131
prostate,full,40000,110,109,109,0.251023082281515
prostate,full,40000,110,109,109,0.25451813974335735
prostate,full,40000,110,109,109,0.0
prostate,full,40000,110,109,109,0.0905105970340826
prostate,full,40000,110,109,109,0.0
prostate,full,40000,110,107,107,0.0
prostate,full,40000,110,109,109,0.16450006346481583
prostate,full,40000,110,109,109,0.058894854542594695
prostate,full,40000,110,109,109,0.20881847700456765
prostate,full,40000,110,106,106,0.06027580237008428
prostate,full,40000,110,106,106,0.011916892388612047
prostate,full,40000,110,87,87,0.2530360520384905
prostate,full,40000,110,109,109,0.008848738565015191
prostate,full,40000,110,109,109,0.024601409361555956
prostate,full,40000,110,109,109,0.02019970393065133
prostate,full,40000,110,109,109,0.04566755700835533
prostate,full,40000,110,109,109,0.014566203312661332
prostate,full,40000,110,109,109,0.1905844933170192
prostate,full,40000,110,109,109,0.24394591253342648
prostate,full,40000,110,109,109,0.031171451173263174
prostate,full,40000,110,109,109,0.012567288676700952
prostate,full,40000,110,109,109,0.028625323912814554
prostate,full,40000,110,109,109,0.03757997809123721
prostate,full,40000,110,109,109,0.006801008123748294
prostate,full,40000,110,109,109,0.009740841632403727
prostate,full,40000,110,109,109,0.046158219223652465
prostate,full,40000,110,109,109,0.12084602388641025
prostate,full,40000,110,108,108,0.031018418749661665
prostate,full,40000,110,107,107,0.1012493782806741
prostate,full,40000,110,107,107,0.06551995049004607
prostate,full,40000,110,107,107,0.03260495449039038
prostate,full,40000,110,107,107,0.017985292919094568
prostate,full,40000,110,107,107,0.01028859168305048
prostate,full,40000,110,103,103,0.04316238822451023
prostate,full,40000,110,109,109,0.058350469492751626
prostate,full,40000,110,109,109,0.15080384665941773
prostate,full,40000,110,109,109,0.003480916766116994
prostate,full,40000,110,109,109,0.2516813498678696
prostate,full,40000,110,109,109,0.1339654712263653
prostate,full,40000,110,109,109,0.025825224693947033
prostate,full,40000,110,107,107,0.03953936820452709
prostate,full,40000,110,107,107,0.10066869803219639
prostate,full,40000,110,107,107,0.03691377460140665
prostate,full,40000,110,109,109,0.251023082281515
prostate,full,40000,110,109,109,0.0554946761078479
prostate,full,40000,110,109,109,0.0
prostate,full,40000,110,109,109,0.18293077502400143
prostate,full,40000,110,109,109,0.0
prostate,full,40000,110,107,107,0.0
prostate,full,40000,110,107,107,0.0
prostate,full,40000,110,104,104,0.0
prostate,full,40000,110,109,109,0.17671486440366063
prostate,full,40000,110,109,109,0.03634895575669323
prostate,full,40000,110,109,109,0.0230620513073715
prostate,full,40000,110,109,109,0.2591417589826807
prostate,full,40000,110,107,107,0.11463836636266747
prostate,full,40000,110,106,106,0.15774576291628803
prostate,full,40000,110,104,104,0.16033131007104773
prostate,full,40000,110,103,103,0.04019359553003215
prostate,full,40000,110,100,100,0.05416688808133546
prostate,full,40000,110,109,109,0.04424207740887216
prostate,full,40000,110,109,109,0.06634949562890348
prostate,full,40000,110,107,107,0.17015030925561944
prostate,full,40000,110,104,104,0.2273889603399507
prostate,full,40000,110,102,102,0.24038125955208073
prostate,full,40000,110,90,90,0.20654961862996665
prostate,full,40000,110,86,86,0.24100003829041408
prostate,full,40000,110,109,109,0.00694472036504058
prostate,full,40000,110,109,109,0.16664530662041976
prostate,full,40000,110,109,109,0.2856009812853291
prostate,full,40000,110,109,109,0.31149479234485705
prostate,full,40000,110,107,107,0.004720050674412228
prostate,full,40000,110,107,107,0.0889505787460503
prostate,full,40000,110,107,107,0.08441676825806449
prostate,full,40000,110,106,106,0.1216235943708231
prostate,full,40000,110,106,106,0.009503291639804234
prostate,full,40000,110,104,104,0.01078673816887883
prostate,full,40000,110,109,109,0.2747535331270158
prostate,full,40000,110,109,109,0.3037743550102982
prostate,full,40000,110,92,92,0.3056326409045237
prostate,full,40000,110,90,90,0.1862449749794954
prostate,full,40000,110,79,79,0.21394990151962717
prostate,full,40000,110,109,109,0.28552868304736373
prostate,full,40000,110,109,109,0.20420141880312875
prostate,full,40000,110,109,109,0.0
prostate,full,40000,110,105,105,0.05590648869885276
prostate,full,40000,110,91,91,0.1778442321286922
prostate,full,40000,110,108,108,0.11337512227498668
prostate,full,40000,110,108,108,0.2108896652883892
prostate,full,40000,110,108,108,0.23313489616550034
prostate,full,40000,110,108,108,0.2534128015078607
prostate,full,40000,110,104,104,0.31737024335240854
prostate,full,40000,110,87,87,0.17388489568680504
prostate,full,40000,110,84,84,0.19174923259029544
prostate,full,40000,110,109,109,0.2508990359867821
prostate,full,40000,110,109,109,0.0019213743587535113
prostate,full,40000,110,109,109,0.2515259097874978
prostate,full,40000,110,109,109,0.0855718930719687
prostate,full,40000,110,107,107,0.0029645421744492863
prostate,full,40000,110,107,107,0.06382771271882012
prostate,full,40000,110,104,104,0.006364120228562044
prostate,full,40000,110,103,103,0.008691935131575014
prostate,full,40000,110,109,109,0.17925115016885484
prostate,full,40000,110,109,109,0.0040187966938838166
prostate,full,40000,110,108,108,0.2540322865326617
prostate,full,40000,110,108,108,0.21871345356993396
prostate,full,40000,110,105,105,0.07177695935439869
prostate,full,40000,110,103,103,0.28315655280569124
prostate,full,40000,110,91,91,0.19983294245746844
prostate,full,40000,110,97,97,0.2942577346581301
prostate,full,40000,110,97,97,0.12049465898557972
prostate,full,40000,110,95,95,0.234884335067508
prostate,full,40000,110,94,94,0.21780415752290028
prostate,full,40000,110,94,94,0.2013293748611621
prostate,full,40000,110,93,93,0.28021550364528336
prostate,full,40000,110,91,91,0.1868476567636903
prostate,full,40000,110,90,90,0.2996862679258755
prostate,full,40000,110,90,90,0.2725507335729801
prostate,full,40000,110,87,87,0.20926563353042255
prostate,full,40000,110,79,79,0.11944062995953404
prostate,full,40000,110,79,79,0.23299790366351025
prostate,full,40000,110,78,78,0.18351823662345734
prostate,full,40000,110,73,73,0.1197999427152171
prostate,full,40000,110,109,109,0.07113732123258745
prostate,full,40000,110,109,109,0.18562820451565532
prostate,full,40000,110,109,109,0.26412953051029847
prostate,full,40000,110,106,106,0.02968690199730479
prostate,full,40000,110,91,91,0.2432639314868104
prostate,full,40000,110,109,109,0.26176827347828585
prostate,full,40000,110,107,107,0.3132315291940431
prostate,full,40000,110,107,107,0.12245332394537291
prostate,full,40000,110,107,107,0.2606720058336132
prostate,full,40000,110,106,106,0.3065910190832496
prostate,full,40000,110,105,105,0.08191500632279418
prostate,full,40000,110,105,105,0.30551719287756884
prostate,full,40000,110,104,104,0.007545213516305554
prostate,full,40000,110,104,104,0.09326183230021673
prostate,full,40000,110,103,103,0.1586833677357736
prostate,full,40000,110,103,103,0.2975766472892859
prostate,full,40000,110,102,102,0.27772069097694974
prostate,full,40000,110,101,101,0.24877202308756058
prostate,full,40000,110,98,98,0.02878703470923623
prostate,full,40000,110,98,98,0.2974953091831183
prostate,full,40000,110,109,109,0.006254077608555413
prostate,full,40000,110,109,109,0.22447344571393044
prostate,full,40000,110,109,109,0.21884570102927856
prostate,full,40000,110,109,109,0.011981693956746928
prostate,full,40000,110,109,109,0.01158569903503785
prostate,full,40000,110,107,107,0.08618641376942343
prostate,full,40000,110,108,108,0.25916843896107866
prostate,full,40000,110,108,108,0.0026711739933293647
prostate,full,40000,110,107,107,0.2348659052045458
prostate,full,40000,110,104,104,0.2801094543061699
prostate,full,40000,110,104,104,0.2549545021097815
prostate,full,40000,110,104,104,0.3056807349101197
prostate,full,40000,110,102,102,0.26758309396411195
prostate,full,40000,110,109,109,0.2283234772928621
prostate,full,40000,110,109,109,0.010507794659919596
prostate,full,40000,110,109,109,0.008508392213499045
prostate,full,40000,110,109,109,0.06005942041474718
prostate,full,40000,110,109,109,0.0038436321409781133
prostate,full,40000,110,109,109,0.10106242932636159
prostate,full,40000,110,109,109,0.2701626706302935
prostate,full,40000,110,109,109,0.16437742306323097
prostate,full,40000,110,109,109,0.007590011424829487
prostate,full,40000,110,109,109,0.010033109218278323
prostate,full,40000,110,109,109,0.03387370668731671
prostate,full,40000,110,109,109,0.0027211100597173445
prostate,full,40000,110,109,109,0.012346022833357175
prostate,full,40000,110,109,109,0.002859650752415872
prostate,full,40000,110,108,108,0.024497435619312804
prostate,full,40000,110,107,107,0.022463135520580598
prostate,full,40000,110,107,107,0.019977947304823582
prostate,full,40000,110,107,107,0.08168981464704514
prostate,full,40000,110,107,107,0.026729275369007766
prostate,full,40000,110,107,107,0.014232850751271607
prostate,full,40000,110,103,103,0.025814539344532966
prostate,full,40000,110,109,109,0.12256057740153217
prostate,full,40000,110,109,109,0.0
prostate,full,40000,110,109,109,0.0554946761078479
prostate,full,40000,110,109,109,0.2970927771353694
prostate,full,40000,110,107,107,0.0
prostate,full,40000,110,106,106,0.05165662709345744
prostate,full,40000,110,109,109,0.0688524825551162
prostate,full,40000,110,109,109,0.0033441971338168076
prostate,full,40000,110,109,109,0.11107673168025779
prostate,full,40000,110,109,109,0.30494557515633663
prostate,full,40000,110,107,107,0.04479910444339636
prostate,full,40000,110,106,106,0.02415102866482176
prostate,full,40000,110,105,105,0.006114242903791924
prostate,full,40000,110,109,109,0.03303951423558329
prostate,full,40000,110,109,109,0.1757538774168848
prostate,full,40000,110,109,109,0.1235710614036838
prostate,full,40000,110,109,109,0.28828467462393553
prostate,full,40000,110,108,108,0.01559256650514695
prostate,full,40000,110,107,107,0.050487594774320604
prostate,full,40000,110,106,106,0.16538078162868025
prostate,full,40000,110,104,104,0.0581269071780059
prostate,full,40000,110,107,107,0.2795712046417328
prostate,full,40000,110,104,104,0.25256897566850856
prostate,full,40000,110,104,104,0.26904969614373797
prostate,full,40000,110,94,94,0.09866314102608828
prostate,full,40000,110,90,90,0.27830361806081666
prostate,full,40000,110,88,88,0.18794966270423108
prostate,full,40000,110,80,80,0.19275235737715005
prostate,full,40000,110,78,78,0.21633739875091634
prostate,full,40000,110,71,71,0.24366027853148073
prostate,full,40000,110,109,109,0.004444556656219507
prostate,full,40000,110,109,109,0.016192380891825797
prostate,full,40000,110,109,109,0.19498372580032938
prostate,full,40000,110,109,109,0.017357735530843847
prostate,full,40000,110,109,109,0.254409862229387
prostate,full,40000,110,109,109,0.09178174636185953
prostate,full,40000,110,109,109,0.01806445877554578
prostate,full,40000,110,107,107,0.016175993358739968
prostate,full,40000,110,109,109,0.31626027879892155
prostate,full,40000,110,108,108,0.2909673418017564
prostate,full,40000,110,108,108,0.25250221261666084
prostate,full,40000,110,108,108,0.07860155209929687
prostate,full,40000,110,107,107,0.005963474063408032
prostate,full,40000,110,104,104,0.160627474069844
prostate,full,40000,110,109,109,0.10163673435420129
prostate,full,40000,110,109,109,0.019764802934214495
prostate,full,40000,110,109,109,0.15430360073403532
prostate,full,40000,110,109,109,0.2513893642320789
prostate,full,40000,110,109,109,0.10662731619738558
prostate,full,40000,110,109,109,0.0030547215397412546
prostate,full,40000,110,109,109,0.003265688034227819
prostate,full,40000,110,108,108,0.023495066080087404
prostate,full,40000,110,108,108,0.03191910908898302
prostate,full,40000,110,108,108,0.005778259954078948
prostate,full,40000,110,108,108,0.09843888597837046
prostate,full,40000,110,107,107,0.017498716402779252
prostate,full,40000,110,107,107,0.08733769066559383
prostate,full,40000,110,109,109,0.015950073366592366
prostate,full,40000,110,109,109,0.20031614810239914
prostate,full,40000,110,109,109,0.13738753105165055
prostate,full,40000,110,106,106,0.011652137341242921
prostate,full,40000,110,101,101,0.008110716258309048
prostate,full,40000,110,109,109,0.2644912135877727
prostate,full,40000,110,109,109,0.13196880221183052
prostate,full,40000,110,106,106,0.03364362304350264
prostate,full,40000,110,91,91,0.09408312006124334
prostate,full,40000,110,109,109,0.04432109863030599
prostate,full,40000,110,109,109,0.09370366430145605
prostate,full,40000,110,109,109,0.14433052435051463
prostate,full,40000,110,109,109,0.013936637878882694
prostate,full,40000,110,91,91,0.2126734488232047
prostate,full,40000,110,108,108,0.21512963011681527
prostate,full,40000,110,108,108,0.019481446235710374
prostate,full,40000,110,103,103,0.22129915879112017
prostate,full,40000,110,109,109,0.0
prostate,full,40000,110,109,109,0.19664026967550519
prostate,full,40000,110,109,109,0.06351088183943099
prostate,full,40000,110,106,106,0.10762457916623003
prostate,full,40000,110,96,96,0.15067023776919006
prostate,full,40000,110,91,91,0.18171733411562263
prostate,full,40000,110,109,109,0.00495929063381872
prostate,full,40000,110,109,109,0.2770815467657311
prostate,full,40000,110,108,108,0.010170463703838657
prostate,full,40000,110,107,107,0.19745655171959564
prostate,full,40000,110,105,105,0.2107525163116274
prostate,full,40000,110,104,104,0.09903106782736805
prostate,full,40000,110,109,109,0.3136389078108794
prostate,full,40000,110,108,108,0.25005221660245797
prostate,full,40000,110,107,107,0.28589898907324013
prostate,full,40000,110,106,106,0.26556964439873265
prostate,full,40000,110,101,101,0.27859138878359835
prostate,full,40000,110,97,97,0.09849593882457895
prostate,full,40000,110,90,90,0.26430565152682456
prostate,full,40000,110,86,86,0.20077265116270998
prostate,full,40000,110,85,85,0.2165754188024701
prostate,full,40000,110,82,82,0.1871722385469579
prostate,full,40000,110,79,79,0.23054034757206404
prostate,full,40000,110,109,109,0.26610890904448486
prostate,full,40000,110,109,109,0.1875559835108709
prostate,full,40000,110,109,109,0.007510351070506322
prostate,full,40000,110,106,106,0.07179062411343146
prostate,full,40000,110,106,106,0.010220165973146384
prostate,full,40000,110,101,101,0.10518223992457458
prostate,full,40000,110,109,109,0.24660468730891663
prostate,full,40000,110,109,109,0.16707653833093633
prostate,full,40000,110,107,107,0.051410284031678626
prostate,full,40000,110,107,107,0.063241254389523
prostate,full,40000,110,105,105,0.03426763068315077
prostate,full,40000,110,109,109,0.14686334592650055
prostate,full,40000,110,109,109,0.24854325901437035
prostate,full,40000,110,108,108,0.048618969913495354
prostate,full,40000,110,109,109,0.12174176107037436
prostate,full,40000,110,109,109,0.31085182189941696
prostate,full,40000,110,109,109,0.2630859867614812
prostate,full,40000,110,106,106,0.09111115905111508
prostate,full,40000,110,105,105,0.1586739062249317
prostate,full,40000,110,104,104,0.1191277762147632
prostate,full,40000,110,109,109,0.0
prostate,full,40000,110,90,90,0.23878820880050877
prostate,full,40000,110,109,109,0.2891311506381045
prostate,full,40000,110,109,109,0.20631691520610687
prostate,full,40000,110,109,109,0.07147171144779982
prostate,full,40000,110,107,107,0.08095543841273019
prostate,full,40000,110,106,106,0.008195844829054895
prostate,full,40000,110,109,109,0.2768271170718087
prostate,full,40000,110,109,109,0.14942337862131816
prostate,full,40000,110,105,105,0.18922300431437805
prostate,full,40000,110,91,91,0.2829187006608744
prostate,full,40000,110,109,109,0.0022829135094902466
prostate,full,40000,110,109,109,0.24919419820934519
prostate,full,40000,110,109,109,0.13526687668380508
prostate,full,40000,110,109,109,0.08022423796428876
prostate,full,40000,110,107,107,0.06524694487939407
prostate,full,40000,110,106,106,0.007181717038125701
prostate,full,40000,110,109,109,0.009452981658011972
prostate,full,40000,110,109,109,0.013988605747720161
prostate,full,40000,110,109,109,0.0197329639840872
prostate,full,40000,110,109,109,0.003429511026337845
prostate,full,40000,110,109,109,0.1456090631229059
prostate,full,40000,110,109,109,0.24158053667046103
prostate,full,40000,110,109,109,0.057636121404592996
prostate,full,40000,110,109,109,0.026651264981078168
prostate,full,40000,110,107,107,0.12545267481173406
prostate,full,40000,110,109,109,0.26933322879158095
prostate,full,40000,110,109,109,0.18293077502400143
prostate,full,40000,110,109,109,0.0
prostate,full,40000,110,107,107,0.0
prostate,full,40000,110,106,106,0.046938986930580004
prostate,full,40000,110,105,105,0.05225317996173648
prostate,full,40000,110,109,109,0.05077652080576732
prostate,full,40000,110,109,109,0.0027189263315949494
prostate,full,40000,110,109,109,0.01373973136806198
prostate,full,40000,110,109,109,0.20886326731534482
prostate,full,40000,110,109,109,0.1566414131805205
prostate,full,40000,110,109,109,0.0012617285208058949
prostate,full,40000,110,109,109,0.047285922041234704
prostate,full,40000,110,107,107,0.003687352978003505
prostate,full,40000,110,107,107,0.02561536579093733
prostate,full,40000,110,107,107,0.0025995797728722587
prostate,full,40000,110,107,107,0.08612794071212927
prostate,full,40000,110,105,105,0.005622977413658024
prostate,full,40000,111,110,110,0.1467485034373666
prostate,full,40000,111,110,110,0.0845725970653491
prostate,full,40000,111,110,110,0.08759594603825782
prostate,full,40000,111,108,108,0.0
prostate,full,40000,111,107,107,0.0
prostate,full,40000,111,101,101,0.09235816685864366
prostate,full,40000,111,92,92,0.14544348095921497
prostate,full,40000,111,110,110,0.06488326415584038
prostate,full,40000,111,110,110,0.06276189044447196
prostate,full,40000,111,91,91,0.3159921122573851
prostate,full,40000,111,110,110,0.14232769418003496
prostate,full,40000,111,110,110,0.23711097118219096
prostate,full,40000,111,110,110,0.06276189044447196
prostate,full,40000,111,110,110,0.07641992654487777
prostate,full,40000,111,110,110,0.0845725970653491
prostate,full,40000,111,108,108,0.05750818561842655
prostate,full,40000,111,108,108,0.0
prostate,full,40000,111,110,110,0.0
prostate,full,40000,111,110,110,0.0
prostate,full,40000,111,110,110,0.0
prostate,full,40000,111,110,110,0.2696497642777513
prostate,full,40000,111,110,110,0.0516680069042939
prostate,full,40000,111,110,110,0.19795780568368268
prostate,full,40000,111,108,108,0.054281245081297017
prostate,full,40000,111,110,110,0.14232769418003496
prostate,full,40000,111,110,110,0.0
prostate,full,40000,111,110,110,0.23171221196865488
prostate,full,40000,111,110,110,0.08759594603825782
prostate,full,40000,111,109,109,0.0
prostate,full,40000,111,108,108,0.0
prostate,full,40000,111,108,108,0.059842464780550345
prostate,full,40000,111,109,109,0.1757421567491623
prostate,full,40000,111,109,109,0.313594433555238
prostate,full,40000,111,106,106,0.18468492278105195
prostate,full,40000,111,105,105,0.2148202235355009
prostate,full,40000,111,101,101,0.2518457205233673
prostate,full,40000,111,94,94,0.12344446532534677
prostate,full,40000,111,93,93,0.25577318629822476
prostate,full,40000,111,93,93,0.3056459001320764
prostate,full,40000,111,90,90,0.2843209542433997
prostate,full,40000,111,88,88,0.18411351709174542
prostate,full,40000,111,88,88,0.19759387432912942
prostate,full,40000,111,88,88,0.24520308312812042
prostate,full,40000,111,86,86,0.2262875611823287
prostate,full,40000,111,85,85,0.22839694927465667
prostate,full,40000,111,83,83,0.22034976242628326
prostate,full,40000,111,83,83,0.24425125466165476
prostate,full,40000,111,110,110,0.0
prostate,full,40000,111,110,110,0.07641992654487777
prostate,full,40000,111,110,110,0.14480791880835203
prostate,full,40000,111,106,106,0.0
prostate,full,40000,111,101,101,0.09235816685864366
prostate,full,40000,111,98,98,0.0892060194288288
prostate,full,40000,111,92,92,0.1428243816934267
prostate,full,40000,111,110,110,0.14232769418003496
prostate,full,40000,111,110,110,0.0
prostate,full,40000,111,110,110,0.04848414598257339
prostate,full,40000,111,110,110,0.11895658873284208
prostate,full,40000,111,108,108,0.0
prostate,full,40000,111,108,108,0.0
prostate,full,40000,111,110,110,0.011665996435479163
prostate,full,40000,111,110,110,0.17725725268746556
prostate,full,40000,111,110,110,0.002796895595907599
prostate,full,40000,111,110,110,0.008122673228685724
prostate,full,40000,111,110,110,0.00180110477787563
prostate,full,40000,111,110,110,0.0023483802996986758
prostate,full,40000,111,110,110,0.18511679224194721
prostate,full,40000,111,109,109,0.07392972719175786
prostate,full,40000,111,109,109,0.029765605656161098
prostate,full,40000,111,108,108,0.02986502547634966
prostate,full,40000,111,108,108,0.30464955743827826
prostate,full,40000,111,108,108,0.24819056728885389
prostate,full,40000,111,106,106,0.11639154531720598
prostate,full,40000,111,105,105,0.22414920850833284
prostate,full,40000,111,103,103,0.17031100458430384
prostate,full,40000,111,103,103,0.15316173443266537
prostate,full,40000,111,102,102,0.19133467718791705
prostate,full,40000,111,96,96,0.15627506066941282
prostate,full,40000,111,90,90,0.2750970130542582
prostate,full,40000,111,90,90,0.3083380392972924
prostate,full,40000,111,90,90,0.17245246824591112
prostate,full,40000,111,86,86,0.2097500653777337
prostate,full,40000,111,85,85,0.22867849837912657
prostate,full,40000,111,84,84,0.2539612371781699
prostate,full,40000,111,84,84,0.24802974870166647
prostate,full,40000,111,80,80,0.21277168500016996
prostate,full,40000,111,79,79,0.18533091874112265
prostate,full,40000,111,110,110,0.2989608398881144
prostate,full,40000,111,110,110,0.04166626929294074
prostate,full,40000,111,110,110,0.034375553185382046
prostate,full,40000,111,110,110,0.08567597232962976
prostate,full,40000,111,110,110,0.05787426566006458
prostate,full,40000,111,108,108,0.001390783473932222
prostate,full,40000,111,110,110,0.014097530161533832
prostate,full,40000,111,110,110,0.05903403466994138
prostate,full,40000,111,110,110,0.17606626607114761
prostate,full,40000,111,110,110,0.15010166589825064
prostate,full,40000,111,108,108,0.059584670286098006
prostate,full,40000,111,108,108,0.03245238280645465
prostate,full,40000,111,110,110,0.0
prostate,full,40000,111,110,110,0.0
prostate,full,40000,111,110,110,0.2696497642777513
prostate,full,40000,111,110,110,0.0
prostate,full,40000,111,110,110,0.09539310760885293
prostate,full,40000,111,108,108,0.0
prostate,full,40000,111,108,108,0.0
prostate,full,40000,111,110,110,0.004247705592004579
prostate,full,40000,111,110,110,0.11919066238058412
prostate,full,40000,111,110,110,0.31157232545713553
prostate,full,40000,111,110,110,0.09019079468119535
prostate,full,40000,111,110,110,0.0018819929265249387
prostate,full,40000,111,110,110,0.0020849281906324454
prostate,full,40000,111,110,110,0.2616208139570581
prostate,full,40000,111,110,110,0.0012713573671424756
prostate,full,40000,111,110,110,0.002040155189375155
prostate,full,40000,111,110,110,0.001578491785339494
prostate,full,40000,111,108,108,0.0735464116491762
prostate,full,40000,111,108,108,0.00606538767848651
prostate,full,40000,111,108,108,0.01045942949162241
prostate,full,40000,111,110,110,0.19755248520428279
prostate,full,40000,111,110,110,0.0636977569515861
prostate,full,40000,111,92,92,0.1780985846013189
prostate,full,40000,111,108,108,0.18302730113554178
prostate,full,40000,111,108,108,0.06524467368745175
prostate,full,40000,111,108,108,0.0
prostate,full,40000,111,107,107,0.22632032391429674
prostate,full,40000,111,107,107,0.2256387954228308
prostate,full,40000,111,107,107,0.22307545678381152
prostate,full,40000,111,107,107,0.2523303270592838
prostate,full,40000,111,107,107,0.2617213956768383
prostate,full,40000,111,106,106,0.07716658915152215
prostate,full,40000,111,106,106,0.0
prostate,full,40000,111,104,104,0.0
prostate,full,40000,111,103,103,0.2667432438909748
prostate,full,40000,111,103,103,0.29635466940915284
prostate,full,40000,111,99,99,0.21499132332835916
prostate,full,40000,111,110,110,0.1119469005783144
prostate,full,40000,111,110,110,0.0845725970653491
prostate,full,40000,111,110,110,0.20895254476411815
prostate,full,40000,111,108,108,0.0
prostate,full,40000,111,108,108,0.0
prostate,full,40000,111,108,108,0.0
prostate,full,40000,111,107,107,0.0
prostate,full,40000,111,100,100,0.0
prostate,full,40000,111,110,110,0.0
prostate,full,40000,111,110,110,0.0
prostate,full,40000,111,110,110,0.07641992654487777
prostate,full,40000,111,110,110,0.2696497642777513
prostate,full,40000,111,110,110,0.2195375744146355
prostate,full,40000,111,108,108,0.0
prostate,full,40000,111,108,108,0.07970427883782195
prostate,full,40000,111,106,106,0.0
prostate,full,40000,111,100,100,0.0
prostate,full,40000,111,110,110,0.2013885933773661
prostate,full,40000,111,110,110,0.09387655063188141
prostate,full,40000,111,110,110,0.07025002536590474
prostate,full,40000,111,110,110,0.004927130191674024
prostate,full,40000,111,108,108,0.009142190518846025
prostate,full,40000,111,108,108,0.05973450867325461
prostate,full,40000,111,107,107,0.00807498794877533
prostate,full,40000,111,105,105,0.06075539284542733
prostate,full,40000,111,110,110,0.018551445040262796
prostate,full,40000,111,110,110,0.24888593294957356
prostate,full,40000,111,110,110,0.05210132797568758
prostate,full,40000,111,110,110,0.11039355087921149
prostate,full,40000,111,110,110,0.013836512437972038
prostate,full,40000,111,110,110,0.03330839302436979
prostate,full,40000,111,109,109,0.03924516928335388
prostate,full,40000,111,108,108,0.02669348342098576
prostate,full,40000,111,108,108,0.00828374433207554
prostate,full,40000,111,108,108,0.07586903494734999
prostate,full,40000,111,107,107,0.041978018243477494
prostate,full,40000,111,104,104,0.02224647741517362
prostate,full,40000,111,103,103,0.018056790134155776
prostate,full,40000,111,110,110,0.1485256075555984
prostate,full,40000,111,110,110,0.05919073292668104
prostate,full,40000,111,110,110,0.11953171671195499
prostate,full,40000,111,109,109,0.00531746917186397
prostate,full,40000,111,107,107,0.05383013090385002
prostate,full,40000,111,106,106,0.06404097666406276
prostate,full,40000,111,105,105,0.06839201336200249
prostate,full,40000,111,110,110,0.277172758159572
prostate,full,40000,111,110,110,0.14799911400949134
prostate,full,40000,111,110,110,0.08223431431805751
prostate,full,40000,111,110,110,0.1220938885505131
prostate,full,40000,111,110,110,0.03191833499769505
prostate,full,40000,111,110,110,0.004246621402708073
prostate,full,40000,111,108,108,0.05126492835020252
prostate,full,40000,111,108,108,0.035290312950966136
prostate,full,40000,111,108,108,0.07204805822827111
prostate,full,40000,111,110,110,0.05874825803229337
prostate,full,40000,111,110,110,0.008998585369168345
prostate,full,40000,111,110,110,0.1565676955042826
prostate,full,40000,111,110,110,0.152181882807526
prostate,full,40000,111,109,109,0.01620336836325893
prostate,full,40000,111,108,108,0.008794784165534388
prostate,full,40000,111,108,108,0.08351648276555441
prostate,full,40000,111,107,107,0.0604886993968973
prostate,full,40000,112,111,111,0.0
prostate,full,40000,112,111,111,0.0
prostate,full,40000,112,111,111,0.06366934521785775
prostate,full,40000,112,111,111,0.0
prostate,full,40000,112,111,111,0.04918079911830375
prostate,full,40000,112,111,111,0.19517037260898512
prostate,full,40000,112,110,110,0.0
prostate,full,40000,112,110,110,0.0
prostate,full,40000,112,109,109,0.052722650421653215
prostate,full,40000,112,106,106,0.0
prostate,full,40000,112,111,111,0.0
prostate,full,40000,112,111,111,0.0
prostate,full,40000,112,111,111,0.0
prostate,full,40000,112,111,111,0.0
prostate,full,40000,112,111,111,0.14303193644458068
prostate,full,40000,112,110,110,0.0
prostate,full,40000,112,107,107,0.05654228920850842
prostate,full,40000,112,106,106,0.07069430051301634
prostate,full,40000,112,99,99,0.0
prostate,full,40000,112,111,111,0.005637343268317219
prostate,full,40000,112,111,111,0.05940897622361795
prostate,full,40000,112,111,111,0.0017408862982953484
prostate,full,40000,112,111,111,0.008903141993953777
prostate,full,40000,112,111,111,0.14374914324882712
prostate,full,40000,112,111,111,0.004544585274996923
prostate,full,40000,112,111,111,0.11856182894774572
prostate,full,40000,112,111,111,0.01369937796848402
prostate,full,40000,112,110,110,0.020709555337641235
prostate,full,40000,112,110,110,0.016433573339022643
prostate,full,40000,112,109,109,0.014665910841117775
prostate,full,40000,112,109,109,0.015075959323295468
prostate,full,40000,112,109,109,0.017909697322102357
prostate,full,40000,112,109,109,0.031373253847805684
prostate,full,40000,112,111,111,0.0
prostate,full,40000,112,111,111,0.0
prostate,full,40000,112,111,111,0.06366934521785775
prostate,full,40000,112,111,111,0.0
prostate,full,40000,112,111,111,0.0
prostate,full,40000,112,111,111,0.0
prostate,full,40000,112,111,111,0.17784886778020323
prostate,full,40000,112,109,109,0.0
prostate,full,40000,112,109,109,0.0
prostate,full,40000,112,109,109,0.054714890196254994
